time,S_low,S_high
0.0,1.0,1.0
0.5,1.0,
1.8484227657318115,,1.0
1.8596594333648682,,1.0
2.0816659927368164,,0.9998092695021928
2.282177448272705,0.9998089415361089,
2.4748737812042236,,0.9996185390043859
2.5166115760803223,,0.9994278085065785
2.821051836013794,0.9996178830722188,
2.92973256111145,0.9996178830722188,
3.0550503730773926,0.9996178830722188,
3.214550256729126,0.9996178830722188,
3.221024751663208,,0.9990463475109663
3.3541018962860107,,0.9990463475109663
3.360307455062866,0.9996178830722188,
3.5118844509124756,0.9996178830722188,0.9990463475109663
3.5178117752075195,,0.9990463475109663
3.5648748874664307,0.9996178830722188,0.9990463475109663
3.570714235305786,0.9996178830722188,0.9990463475109663
3.5765440464019775,,0.9990463475109663
3.640054941177368,0.9996178830722188,0.998855288733474
3.6514837741851807,0.9996178830722188,
3.758324146270752,,0.9986642299559818
3.889087200164795,0.9996178830722188,
4.031128883361816,0.9996178830722188,
4.163331985473633,,0.9984731711784876
4.296316146850586,0.9996178830722188,
4.3011627197265625,,0.9984731711784876
4.3108391761779785,0.9996178830722188,0.9984731711784876
4.315669059753418,0.9996178830722188,0.9984731711784876
4.3827314376831055,,0.9984731711784876
4.387482166290283,,0.9984731711784876
4.392228126525879,,0.998281709400697
4.41588020324707,,0.9980902476229055
4.509249687194824,0.9996178830722188,0.9980902476229055
4.5230889320373535,,0.9978987491103147
4.536885738372803,,0.9978987491103147
4.56435489654541,0.9994257227717428,
4.605250835418701,,0.9977072138417719
4.636809349060059,,0.9977072138417719
4.645786762237549,0.9994257227717428,
4.663689613342285,,0.9975156417961017
4.685972213745117,0.9992335255173627,
4.932882785797119,0.9990413282629846,0.9973240697504332
4.949747562408447,,0.9973240697504332
4.9749369621276855,,0.9973240697504332
5.024937629699707,0.9990413282629846,
5.127540111541748,0.998849094026258,0.9973240697504332
5.212165355682373,,0.9973240697504332
5.220153331756592,,0.9973240697504332
5.224142551422119,,0.9973240697504332
5.228128910064697,,0.9973240697504332
5.236092567443848,0.998849094026258,0.9973240697504332
5.24006986618042,0.998849094026258,
5.244044303894043,,0.9973240697504332
5.248015403747559,0.998849094026258,
5.315073013305664,0.998849094026258,
5.435224533081055,,0.9973240697504332
5.590169906616211,,0.9973240697504332
5.593895435333252,,0.9973240697504332
5.597618579864502,,0.9973240697504332
5.601339340209961,,0.9973240697504332
5.612485885620117,0.998849094026258,
5.616196632385254,0.998849094026258,
5.682575702667236,0.998849094026258,0.9973240697504332
5.6862406730651855,,0.9973240697504332
5.689903259277344,,0.9973240697504332
5.780714988708496,,0.9973240697504332
5.784317970275879,0.998849094026258,
5.852349758148193,,0.9971301887104344
5.916079998016357,,0.9969363076704376
5.923118591308594,0.998849094026258,
5.95119047164917,,0.9967424266304394
5.954689979553223,,0.9967424266304394
6.075908660888672,,0.996548507870394
6.079336643218994,,0.996548507870394
6.254998207092285,,0.996548507870394
6.258327960968018,,0.996548507870394
6.261655807495117,,0.996548507870394
6.264982223510742,,0.996548507870394
6.268306732177734,,0.996548507870394
6.278269290924072,,0.9963537934296223
6.422616481781006,0.998849094026258,
6.585969924926758,,0.9961590789888501
6.63638973236084,0.998849094026258,
6.78233003616333,,0.9959643645480776
6.785400867462158,,0.9957696501073058
6.797670841217041,,0.9955749356665342
6.803798198699951,0.998849094026258,0.9955749356665342
6.8708319664001465,0.9986556685626599,
7.005949974060059,0.9986556685626599,
7.008923053741455,,0.9955749356665342
7.011894702911377,,0.9955749356665342
7.088723659515381,,0.9955749356665342
7.153088092803955,,0.9955749356665342
7.155999660491943,,0.9955749356665342
7.173446178436279,,0.9955749356665342
7.176350116729736,,0.9955749356665342
7.219764709472656,,0.9955749356665342
7.222649574279785,,0.9955749356665342
7.225533485412598,0.9986556685626599,0.9955749356665342
7.2284159660339355,,0.9955749356665342
7.231297969818115,,0.9955749356665342
7.234178066253662,,0.9955749356665342
7.237057209014893,,0.9955749356665342
7.239935398101807,0.9986556685626599,
7.242812633514404,,0.9955749356665342
7.245688438415527,,0.9955749356665342
7.2629194259643555,,0.995370882595072
7.29725980758667,0.9986556685626599,
7.300114154815674,,0.995370882595072
7.302967548370361,,0.995370882595072
7.36545991897583,0.9986556685626599,
7.368288040161133,0.9986556685626599,
7.371114730834961,0.9986556685626599,
7.5,0.9984616041109372,
7.502777576446533,,0.9951667458266968
7.563619136810303,,0.9951667458266968
7.585622310638428,,0.9949625671755213
7.626707553863525,,0.9949625671755213
7.629438400268555,,0.9949625671755213
7.694694995880127,,0.9947583046899584
7.702813148498535,,0.9945540422043959
7.762087345123291,,0.9945540422043959
7.764770984649658,,0.9945540422043959
7.836878776550293,,0.9945540422043959
7.892507076263428,0.9984616041109372,
7.958224296569824,,0.9945540422043959
8.059673309326172,,0.9943493593391549
8.082903861999512,,0.9943493593391549
8.085480690002441,0.9982675019328433,
8.090632438659668,,0.9943493593391549
8.093207359313965,,0.9943493593391549
8.095780372619629,,0.9943493593391549
8.14452838897705,,0.9943493593391549
8.147085189819336,,0.9943493593391549
8.15219783782959,,0.9943493593391549
8.164965629577637,,0.9943493593391549
8.195527076721191,,0.9943493593391549
8.200610160827637,,0.9941433619578955
8.208227157592773,0.9980733997547516,
8.25631046295166,,0.9941433619578955
8.258833885192871,,0.9941433619578955
8.26135540008545,,0.9941433619578955
8.263876914978027,,0.9939362918970832
8.273955345153809,,0.9939362918970832
8.276473045349121,,0.9939362918970832
8.278989791870117,,0.9939362918970832
8.319154739379883,,0.9939362918970832
8.32165813446045,,0.9939362918970832
8.339164733886719,,0.9939362918970832
8.359127044677734,0.9980733997547516,
8.381526947021484,,0.9939362918970832
8.443439483642578,,0.9939362918970832
8.445906639099121,,0.9939362918970832
8.480369567871094,,0.9939362918970832
8.482826232910156,,0.9939362918970832
8.490190505981445,,0.9937266006962606
8.502450942993164,,0.9937266006962606
8.504900932312012,,0.9937266006962606
8.507349967956543,,0.9937266006962606
8.509798049926758,,0.9937266006962606
8.512246131896973,,0.9937266006962606
8.563488960266113,0.9980733997547516,
8.56592082977295,,0.9937266006962606
8.585355758666992,,0.9937266006962606
8.60716724395752,0.9980733997547516,
8.609587669372559,0.9980733997547516,
8.616844177246094,,0.9937266006962606
8.619260787963867,,0.9937266006962606
8.667468070983887,0.9980733997547516,
8.66987133026123,0.9980733997547516,0.9937266006962606
8.674675941467285,,0.9937266006962606
8.732124328613281,0.9980733997547516,0.9937266006962606
8.73451042175293,0.9980733997547516,0.9937266006962606
8.748808860778809,,0.9937266006962606
8.76070785522461,,0.9937266006962606
8.76308536529541,,0.9937266006962606
8.777338027954102,,0.9937266006962606
8.784456253051758,,0.9937266006962606
8.786827087402344,,0.9937266006962606
8.796305656433105,,0.9937266006962606
8.798673629760742,,0.9935138112742712
8.801041603088379,,0.9935138112742712
8.876466751098633,0.9978785016099063,
8.878813743591309,,0.9933009762675715
8.904586791992188,,0.9933009762675715
8.906926155090332,,0.9933009762675715
8.965210914611816,,0.9930877300296437
9.006941795349121,0.9978785016099063,
9.009254455566406,0.9978785016099063,
9.011567115783691,0.9978785016099063,
9.016188621520996,0.9978785016099063,
9.020809173583984,,0.9930877300296437
9.023118019104004,,0.9930877300296437
9.115006446838379,,0.9928738407920741
9.183318138122559,,0.9928738407920741
9.2240629196167,,0.9928738407920741
9.284844398498535,0.9978785016099063,
9.385272026062012,,0.9928738407920741
9.55684757232666,0.9978785016099063,
9.596006393432617,0.9978785016099063,
9.602517127990723,,0.9928738407920741
9.604686737060547,,0.9928738407920741
9.723254203796387,0.9976833366379505,
9.848857879638672,,0.9928738407920741
9.850973129272461,,0.9928738407920741
9.855201721191406,,0.9928738407920741
9.857315063476562,,0.9928738407920741
9.859428405761719,,0.9928738407920741
9.861541748046875,,0.9928738407920741
9.886859893798828,,0.9928738407920741
9.912114143371582,,0.9926578108006048
9.922616958618164,0.9974881716659953,
9.956153869628906,0.9974881716659953,
9.958246231079102,0.9974881716659953,
9.974968910217285,,0.9924417808091354
10.066446304321289,0.9974881716659953,
10.070584297180176,,0.9920097208261972
10.1118745803833,0.9974881716659953,
10.163250923156738,,0.9917936908347289
10.208248138427734,,0.9915776608432595
10.257111549377441,,0.9913616308517894
10.25914192199707,0.9974881716659953,
10.267261505126953,,0.9913616308517894
10.440306663513184,,0.9911454595410935
10.458250045776367,,0.9911454595410935
10.46024227142334,,0.9911454595410935
10.52180290222168,,0.9911454595410935
10.537631034851074,,0.9911454595410935
10.543560028076172,,0.9911454595410935
10.545536041259766,,0.9911454595410935
10.547511100769043,,0.9911454595410935
10.54948616027832,,0.9911454595410935
10.551461219787598,,0.9911454595410935
10.55540943145752,,0.9911454595410935
10.63994026184082,,0.9911454595410935
10.641898155212402,,0.9911454595410935
10.643856048583984,,0.9911454595410935
10.647769927978516,,0.9911454595410935
10.649725914001465,,0.9911454595410935
10.68097972869873,0.9974881716659953,
10.72186279296875,0.9974881716659953,
10.72380542755127,0.9974881716659953,
10.725748062133789,0.9974881716659953,
10.727689743041992,0.9974881716659953,0.9911454595410935
10.729631423950195,0.9974881716659953,0.9911454595410935
10.731573104858398,0.9974881716659953,
10.733514785766602,,0.9909246160786289
10.739336013793945,,0.9907037726161633
10.778063774108887,,0.9907037726161633
10.779996871948242,,0.9907037726161633
10.78579330444336,0.9974881716659953,
10.787724494934082,,0.9907037726161633
10.832051277160645,,0.9907037726161633
10.839741706848145,,0.9907037726161633
10.866615295410156,0.9974881716659953,
10.87811279296875,0.9974881716659953,
10.922072410583496,,0.9907037726161633
10.933510780334473,0.9974881716659953,
10.939226150512695,,0.9904824357590097
11.009466171264648,,0.9904824357590097
11.013249397277832,0.9974881716659953,
11.03592586517334,,0.990261049430051
11.092414855957031,,0.990261049430051
11.267579078674316,0.9974881716659953,
11.332107543945312,0.9972910785674644,
11.337621688842773,,0.990261049430051
11.398099899291992,,0.9900395640689611
11.403581619262695,,0.9900395640689611
11.405407905578613,,0.9900395640689611
11.407234191894531,,0.9900395640689611
11.418187141418457,,0.9898175821039238
11.423659324645996,,0.9898175821039238
11.436418533325195,,0.9898175821039238
11.454620361328125,0.9970939854689336,
11.472793579101562,,0.9898175821039238
11.501811981201172,,0.9898175821039238
11.545201301574707,,0.9898175821039238
11.663690567016602,,0.9895953509449423
11.710038185119629,,0.9895953509449423
11.711817741394043,0.9970939854689336,0.9895953509449423
11.71359634399414,,0.9895953509449423
11.715374946594238,,0.9895953509449423
11.749114036560059,0.9970939854689336,
11.750885963439941,,0.9893715618560799
11.75443172454834,,0.9893715618560799
11.757975578308105,0.9970939854689336,0.9893715618560799
11.761519432067871,,0.9891476714822725
11.76860237121582,0.9968967364114714,
11.968708992004395,,0.9891476714822725
11.982625961303711,,0.9889233240857022
12.00867748260498,,0.9889233240857022
12.010412216186523,,0.9889233240857022
12.012146949768066,0.9968967364114714,0.9889233240857022
12.013880729675293,,0.9889233240857022
12.04332447052002,,0.9889233240857022
12.048513412475586,,0.9889233240857022
12.050241470336914,,0.9889233240857022
12.053699493408203,,0.9889233240857022
12.083045959472656,,0.9889233240857022
12.086493492126465,,0.9889233240857022
12.189476013183594,,0.9886940351165208
12.259350776672363,,0.9884647461473376
12.2949857711792,0.9966994483179794,
12.29837417602539,,0.9884647461473376
12.300067901611328,,0.9884647461473376
12.32713794708252,0.9966994483179794,
12.340651512145996,,0.9884647461473376
12.342338562011719,,0.9884647461473376
12.382783889770508,,0.9884647461473376
12.384466171264648,,0.9884647461473376
12.423096656799316,0.996502121165273,
12.428126335144043,,0.9884647461473376
12.48666000366211,,0.9884647461473376
12.539936065673828,,0.9884647461473376
12.543258666992188,,0.9884647461473376
12.54491901397705,,0.9884647461473376
12.54658031463623,,0.9884647461473376
12.568147659301758,,0.9884647461473376
12.569805145263672,,0.9884647461473376
12.576433181762695,,0.9884647461473376
12.578088760375977,,0.9884647461473376
12.581401824951172,,0.9884647461473376
12.583057403564453,,0.9884647461473376
12.584712982177734,,0.9884647461473376
12.58802318572998,0.996502121165273,
12.602909088134766,0.996502121165273,
12.604562759399414,0.996502121165273,
12.606215476989746,0.996502121165273,
12.616127014160156,,0.9884647461473376
12.617777824401855,,0.9884647461473376
12.62108039855957,0.996502121165273,
12.642520904541016,0.996502121165273,
12.680365562438965,,0.9882289482594201
12.84036636352539,,0.9879930940951581
12.884099006652832,,0.9879930940951581
12.88571548461914,,0.9879930940951581
12.892180442810059,,0.9879930940951581
12.893796920776367,,0.9877561084645287
12.89541244506836,,0.9877561084645287
12.897027969360352,,0.9877561084645287
12.919623374938965,,0.9877561084645287
12.922847747802734,0.996502121165273,0.9875168844130717
12.924460411071777,0.996502121165273,0.9875168844130717
12.92768383026123,,0.9875168844130717
12.929295539855957,,0.9875168844130717
12.930906295776367,,0.9875168844130717
12.932517051696777,,0.9875168844130717
12.934127807617188,,0.9875168844130717
12.945398330688477,,0.9875168844130717
12.96790885925293,,0.9875168844130717
12.969515800476074,,0.9875168844130717
12.971121788024902,,0.9875168844130717
13.065539360046387,,0.9875168844130717
13.078289985656738,,0.9875168844130717
13.083067893981934,,0.9872715386032788
13.201956748962402,0.996502121165273,
13.206690788269043,0.9963041668305157,
13.241349220275879,,0.9872715386032788
13.277487754821777,0.9963041668305157,
13.280625343322754,,0.9870257652553557
13.344786643981934,0.9963041668305157,
13.34634780883789,0.9963041668305157,
13.37441635131836,,0.9867799919074328
13.380645751953125,0.9963041668305157,
13.3822021484375,0.9963041668305157,
13.393095016479492,,0.9867799919074328
13.39465045928955,,0.9867799919074328
13.397761344909668,,0.9865339121089535
13.413302421569824,,0.9865339121089535
13.42261791229248,0.9963041668305157,
13.424169540405273,0.9963041668305157,
13.427273750305176,0.9963041668305157,
13.428824424743652,0.9963041668305157,0.9865339121089535
13.456720352172852,0.9963041668305157,
13.458269119262695,0.9963041668305157,
13.459816932678223,0.9963041668305157,
13.46136474609375,0.9963041668305157,0.9865339121089535
13.462911605834961,0.9963041668305157,
13.4660062789917,,0.9865339121089535
13.470646858215332,0.9963041668305157,
13.476832389831543,,0.9865339121089535
13.492281913757324,,0.9865339121089535
13.495369911193848,,0.9862874634674074
13.510798454284668,,0.9862874634674074
13.527749061584473,,0.9862874634674074
13.538525581359863,,0.9860408916015404
13.540063858032227,,0.9860408916015404
13.57233715057373,,0.9860408916015404
13.601470947265625,,0.9860408916015404
13.610657691955566,0.9963041668305157,
13.612188339233398,0.9963041668305157,
13.615248680114746,0.9963041668305157,
13.618309020996094,0.9963041668305157,
13.61983871459961,0.9963041668305157,
13.635126113891602,0.9963041668305157,
13.644290924072266,0.9963041668305157,
13.648870468139648,0.9963041668305157,
13.650396347045898,0.9963041668305157,
13.651923179626465,0.9963041668305157,
13.658025741577148,,0.9860408916015404
13.686976432800293,,0.9860408916015404
13.691542625427246,0.9963041668305157,
13.693063735961914,0.9963041668305157,
13.723459243774414,,0.9860408916015404
13.752272605895996,,0.9857939492294887
13.788581848144531,,0.9857939492294887
13.805191993713379,0.9963041668305157,
13.830822944641113,,0.9855469449826271
13.87143325805664,0.9963041668305157,
13.883443832397461,,0.9852999407357637
13.907432556152344,0.9963041668305157,
13.938855171203613,,0.9852999407357637
13.947819709777832,0.9963041668305157,
13.96125602722168,,0.9850528745520292
13.974679946899414,0.9963041668305157,
13.97616958618164,0.9963041668305157,
13.997023582458496,0.9963041668305157,
13.99851131439209,0.9963041668305157,
14.038637161254883,,0.9850528745520292
14.046055793762207,,0.9850528745520292
14.060879707336426,,0.9850528745520292
14.146553993225098,0.9963041668305157,
14.148027420043945,0.9963041668305157,
14.14949893951416,0.9963041668305157,
14.156859397888184,,0.9850528745520292
14.252192497253418,,0.9850528745520292
14.271183013916016,,0.9850528745520292
14.288690567016602,0.9963041668305157,
14.29306411743164,,0.9850528745520292
14.365757942199707,0.9963041668305157,
14.367208480834961,0.9963041668305157,
14.368658065795898,0.9963041668305157,
14.370107650756836,0.9963041668305157,
14.436643600463867,,0.9850528745520292
14.475554466247559,,0.9850528745520292
14.494251251220703,,0.9850528745520292
14.511489868164062,,0.9850528745520292
14.56737232208252,0.9963041668305157,
14.573091506958008,,0.9848051248350902
14.604508399963379,0.9963041668305157,
14.605935096740723,0.9963041668305157,
14.624465942382812,,0.9848051248350902
14.631587028503418,0.9963041668305157,
14.634434700012207,0.9963041668305157,
14.635857582092285,,0.9848051248350902
14.63728141784668,0.9963041668305157,
14.638704299926758,0.9963041668305157,
14.64439582824707,0.9963041668305157,
14.645818710327148,0.9963041668305157,
14.661457061767578,,0.9845572504014541
14.667140007019043,0.9963041668305157,
14.668560981750488,0.9963041668305157,
14.6699800491333,0.9963041668305157,
14.671401023864746,0.9963041668305157,0.9845572504014541
14.677080154418945,,0.9843092510940483
14.691267013549805,0.9963041668305157,
14.699772834777832,0.9963041668305157,
14.704024314880371,0.9963041668305157,
14.70544147491455,0.9963041668305157,
14.706857681274414,0.9963041668305157,
14.71110725402832,0.9963041668305157,
14.743642807006836,,0.9843092510940483
14.787382125854492,0.9963041668305157,
14.788790702819824,0.9963041668305157,
14.809906005859375,0.9963041668305157,
14.838014602661133,,0.9840611892868175
14.853450775146484,0.9963041668305157,
14.866068840026855,,0.9838131274795858
14.875875473022461,0.9963041668305157,
14.877275466918945,0.9963041668305157,
14.878676414489746,0.9963041668305157,
14.88007640838623,,0.9838131274795858
14.8828763961792,0.9963041668305157,
14.884276390075684,0.9963041668305157,
14.90665340423584,0.9963041668305157,
14.908051490783691,0.9963041668305157,
14.910845756530762,0.9963041668305157,
14.912242889404297,0.9963041668305157,
14.913640022277832,0.9963041668305157,
14.916434288024902,,0.9838131274795858
14.937369346618652,,0.9838131274795858
14.938763618469238,0.9963041668305157,
14.941553115844727,0.9963041668305157,
14.942947387695312,0.9963041668305157,
14.944340705871582,,0.9838131274795858
14.974979400634766,0.9963041668305157,
14.976370811462402,0.9963041668305157,
15.005555152893066,0.9963041668305157,
15.02220630645752,0.9963041668305157,
15.054069519042969,0.9963041668305157,
15.066518783569336,0.9963041668305157,
15.085865020751953,,0.9835648152313571
15.088626861572266,,0.9833165029831296
15.091388702392578,0.9963041668305157,
15.10380744934082,0.9963041668305157,
15.10932445526123,0.9963041668305157,
15.110702514648438,0.9963041668305157,
15.127238273620605,,0.9830681907349013
15.142379760742188,0.9963041668305157,
15.143754959106445,0.9963041668305157,
15.14925765991211,0.9963041668305157,
15.150632858276367,0.9963041668305157,
15.16712474822998,0.9963041668305157,
15.168498039245605,0.9963041668305157,
15.17261791229248,0.9963041668305157,
15.173991203308105,0.9963041668305157,
15.175363540649414,0.9963041668305157,
15.176736831665039,0.9963041668305157,
15.178109169006348,0.9963041668305157,
15.179481506347656,0.9963041668305157,
15.180853843688965,0.9963041668305157,
15.182226181030273,0.9963041668305157,
15.183598518371582,0.9963041668305157,
15.18497085571289,0.9963041668305157,
15.200055122375488,0.9963041668305157,
15.205535888671875,,0.9830681907349013
15.20690631866455,0.9963041668305157,
15.208276748657227,,0.9830681907349013
15.237016677856445,,0.9830681907349013
15.239750862121582,,0.9830681907349013
15.250682830810547,,0.9830681907349013
15.299781799316406,0.9963041668305157,
15.305228233337402,0.9963041668305157,
15.306589126586914,0.9963041668305157,
15.312031745910645,0.9963041668305157,
15.332427024841309,0.9963041668305157,
15.341936111450195,0.9963041668305157,
15.343294143676758,0.9963041668305157,
15.346009254455566,0.9963041668305157,
15.347367286682129,0.9963041668305157,
15.359579086303711,,0.9830681907349013
15.36093521118164,,0.9830681907349013
15.36500358581543,0.9963041668305157,
15.370426177978516,0.9963041668305157,
15.371781349182129,,0.9830681907349013
15.374491691589355,,0.9830681907349013
15.397510528564453,0.9963041668305157,
15.429948806762695,0.9963041668305157,
15.463666915893555,,0.9828188076322292
15.465014457702637,,0.9828188076322292
15.475787162780762,0.9960689675465617,
15.533565521240234,0.9960689675465617,
15.564382553100586,0.9960689675465617,
15.56572151184082,0.9960689675465617,0.9828188076322292
15.567059516906738,0.9960689675465617,
15.568397521972656,,0.9828188076322292
15.592466354370117,0.9960689675465617,
15.597809791564941,0.9960689675465617,
15.59914493560791,0.9960689675465617,
15.625833511352539,0.9960689675465617,
15.627166748046875,0.9960689675465617,
15.628499984741211,,0.9828188076322292
15.635163307189941,0.9960689675465617,
15.647150993347168,0.9960689675465617,
15.648482322692871,0.9960689675465617,
15.655137062072754,0.9960689675465617,
15.66312026977539,,0.9828188076322292
15.668439865112305,0.9960689675465617,0.9825691077319161
15.69102668762207,,0.9825691077319161
15.692355155944824,,0.9825691077319161
15.697664260864258,0.9960689675465617,
15.71225643157959,,0.9825691077319161
15.726834297180176,,0.9823192173179457
15.754629135131836,0.9960689675465617,
15.75859546661377,0.9960689675465617,
15.759917259216309,0.9960689675465617,
15.765204429626465,,0.9823192173179457
15.767847061157227,0.9960689675465617,
15.790291786193848,0.9960689675465617,
15.792930603027344,0.9960689675465617,
15.794249534606934,0.9960689675465617,
15.821925163269043,0.9960689675465617,
15.8232421875,0.9960689675465617,
15.824559211730957,0.9960689675465617,
15.852182388305664,0.9960689675465617,
15.854809761047363,,0.9820692633186283
15.857438087463379,0.9960689675465617,
15.85875129699707,0.9960689675465617,
15.871883392333984,,0.9820692633186283
15.883691787719727,0.9960689675465617,
15.885003089904785,0.9960689675465617,
15.980456352233887,0.9960689675465617,
15.98176097869873,0.9960689675465617,
15.983063697814941,0.9960689675465617,
16.00260353088379,0.9960689675465617,
16.019519805908203,0.9960689675465617,
16.022119522094727,0.9960689675465617,
16.03251838684082,0.9960689675465617,
16.044208526611328,,0.981819245685402
16.045509338378906,0.9960689675465617,
16.04680633544922,0.9960689675465617,
16.063674926757812,0.9958247132632,
16.11029624938965,,0.981819245685402
16.121931076049805,,0.9815691643696385
16.173538208007812,0.9958247132632,
16.191560745239258,0.9958247132632,
16.194135665893555,0.9958247132632,
16.19542121887207,0.9958247132632,
16.19670867919922,0.9958247132632,
16.197994232177734,0.9958247132632,
16.200565338134766,0.9958247132632,
16.20185089111328,0.9958247132632,
16.2249813079834,0.9958247132632,
16.22626495361328,0.9958247132632,
16.227548599243164,0.9958247132632,
16.228832244873047,0.9958247132632,
16.23011589050293,0.9958247132632,
16.24166488647461,0.9958247132632,
16.254486083984375,0.9958247132632,
16.255767822265625,0.9958247132632,
16.257049560546875,0.9958247132632,
16.258331298828125,,0.9815691643696385
16.280099868774414,0.9958247132632,
16.28137969970703,,0.9815691643696385
16.28265953063965,0.9958247132632,
16.2890567779541,0.9958247132632,
16.29161262512207,0.9958247132632,
16.294170379638672,0.9958247132632,
16.31078338623047,0.9958247132632,
16.350332260131836,,0.9815691643696385
16.388511657714844,,0.9813187640726063
16.430408477783203,0.9958247132632,
16.431676864624023,0.9958247132632,
16.43294334411621,0.9958247132632,
16.43421173095703,0.9958247132632,
16.43801498413086,0.9958247132632,
16.439281463623047,0.9958247132632,
16.460811614990234,0.9958247132632,
16.474727630615234,0.9958247132632,
16.47599220275879,0.9958247132632,
16.48610496520996,,0.9813187640726063
16.492422103881836,,0.9813187640726063
16.497474670410156,0.9958247132632,
16.506311416625977,0.9958247132632,
16.508834838867188,,0.9813187640726063
16.57809829711914,0.9958247132632,
16.69705581665039,0.9958247132632,
16.704540252685547,0.9958247132632,0.9813187640726063
16.712020874023438,0.9958247132632,
16.713268280029297,0.9958247132632,
16.71700668334961,0.9958247132632,
16.744401931762695,0.9958247132632,
16.770509719848633,0.9958247132632,
16.77547836303711,0.9958247132632,
16.828794479370117,0.9958247132632,
16.830032348632812,0.9955702218976856,
16.860950469970703,0.9955702218976856,
16.87824058532715,0.9955702218976856,
16.881942749023438,,0.9813187640726063
16.883176803588867,0.9955702218976856,
16.889345169067383,0.9955702218976856,
16.890579223632812,0.9955702218976856,
16.891813278198242,0.9955702218976856,
16.89304542541504,0.9955702218976856,
16.904142379760742,0.9955702218976856,
16.906606674194336,0.9955702218976856,
16.907838821411133,0.9955702218976856,
16.913997650146484,0.9955702218976856,
16.91522979736328,,0.9810680438978298
16.916461944580078,,0.9810680438978298
16.917694091796875,,0.9810680438978298
16.920154571533203,0.9955702218976856,0.9808168744037447
16.92138671875,0.9955702218976856,0.9808168744037447
16.922618865966797,0.9955702218976856,
16.92384910583496,0.9955702218976856,
16.927541732788086,0.9955702218976856,
16.94353485107422,0.9955702218976856,
16.950910568237305,0.9955702218976856,
16.968107223510742,,0.9808168744037447
16.986513137817383,,0.9808168744037447
17.0,,0.9808168744037447
17.01347541809082,0.9955702218976856,
17.014699935913086,0.9955702218976856,
17.03183364868164,0.9955702218976856,
17.033056259155273,0.9955702218976856,
17.03917121887207,0.9955702218976856,
17.04283905029297,0.9955702218976856,
17.04405975341797,0.9955702218976856,
17.0452823638916,0.9955702218976856,
17.0575008392334,0.9953018741289799,
17.0587215423584,0.9953018741289799,
17.06116485595703,0.9953018741289799,
17.06482696533203,,0.9808168744037447
17.06604766845703,0.9953018741289799,0.9808168744037447
17.06726837158203,0.9953018741289799,0.9808168744037447
17.06848907470703,,0.9808168744037447
17.06970977783203,0.9953018741289799,
17.07093048095703,0.9953018741289799,
17.0831298828125,,0.9808168744037447
17.091665267944336,0.9953018741289799,
17.092884063720703,0.9953018741289799,
17.11237335205078,,0.9808168744037447
17.118459701538086,0.9953018741289799,
17.11967658996582,0.9953018741289799,0.9808168744037447
17.120893478393555,0.9953018741289799,0.9808168744037447
17.12211036682129,0.9953018741289799,
17.123327255249023,0.9953018741289799,
17.124544143676758,0.9953018741289799,0.9808168744037447
17.12575912475586,0.9953018741289799,0.9808168744037447
17.126977920532227,0.9953018741289799,
17.143997192382812,,0.9808168744037447
17.16343116760254,0.9953018741289799,
17.169498443603516,0.9953018741289799,
17.17435073852539,,0.9808168744037447
17.21433448791504,0.9953018741289799,
17.216754913330078,0.9953018741289799,
17.232479095458984,0.9953018741289799,
17.234895706176758,0.9953018741289799,
17.24214744567871,0.9953018741289799,
17.243356704711914,0.9953018741289799,
17.244564056396484,0.9953018741289799,
17.245771408081055,0.9953018741289799,
17.269916534423828,0.9953018741289799,
17.271121978759766,0.9953018741289799,
17.278358459472656,0.9950152913837644,
17.291616439819336,,0.9808168744037447
17.322914123535156,0.9950152913837644,
17.326520919799805,0.9950152913837644,
17.327722549438477,0.9950152913837644,
17.345748901367188,0.9950152913837644,0.9808168744037447
17.39971351623535,,0.9808168744037447
17.400909423828125,,0.9808168744037447
17.423643112182617,,0.9808168744037447
17.42483901977539,,0.9808168744037447
17.476173400878906,,0.9808168744037447
17.478557586669922,0.9950152913837644,
17.485708236694336,,0.9808168744037447
17.492855072021484,0.9950152913837644,
17.501190185546875,0.9950152913837644,
17.50238037109375,0.9950152913837644,
17.503570556640625,0.9950152913837644,
17.505950927734375,0.9950152913837644,
17.50714111328125,0.9950152913837644,
17.508331298828125,0.9950152913837644,
17.529735565185547,0.9950152913837644,
17.530925750732422,0.9950152913837644,
17.532114028930664,0.9950152913837644,
17.63637351989746,,0.9808168744037447
17.639917373657227,,0.9808168744037447
17.64227867126465,0.9950152913837644,
17.64345932006836,0.9950152913837644,
17.64463996887207,0.9950152913837644,
17.649362564086914,,0.9808168744037447
17.66705894470215,0.9950152913837644,
17.668237686157227,0.9950152913837644,
17.670597076416016,0.9950152913837644,
17.671775817871094,0.9950152913837644,
17.756454467773438,,0.9805611870016585
17.789276123046875,,0.9805611870016585
17.816190719604492,0.9950152913837644,
17.822036743164062,,0.9803054329101102
17.854738235473633,0.9950152913837644,
17.862903594970703,0.9950152913837644,
17.895530700683594,,0.9803054329101102
17.901350021362305,,0.9803054329101102
17.942035675048828,,0.9803054329101102
17.953643798828125,,0.9803054329101102
17.954803466796875,,0.9803054329101102
17.955965042114258,,0.9803054329101102
17.957124710083008,,0.9803054329101102
17.98610496520996,,0.9800491439080429
18.033533096313477,0.9950152913837644,
18.040464401245117,0.9950152913837644,
18.04161834716797,0.9950152913837644,
18.04277229309082,0.9950152913837644,
18.071617126464844,,0.9800491439080429
18.072769165039062,,0.9800491439080429
18.083141326904297,0.9950152913837644,
18.093507766723633,,0.9800491439080429
18.09465789794922,,0.9800491439080429
18.11307144165039,0.9950152913837644,
18.125717163085938,0.9950152913837644,
18.202564239501953,,0.9800491439080429
18.20370864868164,,0.9800491439080429
18.225439071655273,0.9950152913837644,
18.22658348083496,0.9950152913837644,
18.22886848449707,0.9950152913837644,
18.230012893676758,0.9950152913837644,
18.231155395507812,0.9950152913837644,
18.234582901000977,0.9950152913837644,
18.23572540283203,0.9950152913837644,
18.251712799072266,0.9950152913837644,
18.256277084350586,0.9947062804237072,
18.272247314453125,0.9947062804237072,
18.273386001586914,0.9947062804237072,
18.275667190551758,0.9947062804237072,
18.2813663482666,0.9947062804237072,
18.28250503540039,0.9947062804237072,
18.28364372253418,0.9947062804237072,
18.2847843170166,0.9947062804237072,
18.28592300415039,0.9947062804237072,
18.323482513427734,,0.9800491439080429
18.326892852783203,,0.9800491439080429
18.329166412353516,,0.9800491439080429
18.330303192138672,,0.9800491439080429
18.331439971923828,,0.9800491439080429
18.3382568359375,,0.9797907602687314
18.376842498779297,0.9947062804237072,
18.38817596435547,0.9947062804237072,
18.42778778076172,0.9947062804237072,
18.461671829223633,,0.9795323766294186
18.466184616088867,,0.9795323766294186
18.467313766479492,,0.9795323766294186
18.46957015991211,,0.9795323766294186
18.4706974029541,,0.9795323766294186
18.476335525512695,0.9947062804237072,
18.485355377197266,,0.9792728290998407
18.5,,0.979013281570261
18.52363395690918,,0.9787537340406824
18.527008056640625,0.9947062804237072,
18.57866096496582,0.9947062804237072,
18.59995460510254,0.9947062804237072,
18.601076126098633,0.9947062804237072,
18.6077938079834,0.9947062804237072,
18.60891342163086,0.9947062804237072,
18.61003303527832,0.9947062804237072,
18.61115264892578,0.9947062804237072,
18.631290435791016,,0.9787537340406824
18.643587112426758,,0.978494048783574
18.659223556518555,,0.978494048783574
18.669269561767578,,0.978494048783574
18.68265724182129,,0.978494048783574
18.71385383605957,0.9947062804237072,
18.727209091186523,,0.9782340184756335
18.747222900390625,,0.9779739881676911
18.772764205932617,0.9947062804237072,
18.79827117919922,,0.9779739881676911
18.802703857421875,0.9947062804237072,0.9779739881676911
18.80381202697754,,0.9779739881676911
18.808242797851562,,0.9777122178282456
18.819316864013672,,0.9777122178282456
18.820423126220703,,0.9777122178282456
18.83148956298828,,0.9777122178282456
18.832595825195312,,0.9777122178282456
18.833702087402344,,0.9777122178282456
18.837020874023438,,0.9777122178282456
18.858022689819336,,0.9774491798358252
18.866857528686523,0.9947062804237072,
18.878999710083008,,0.9774491798358252
18.881208419799805,,0.9774491798358252
18.897750854492188,,0.9774491798358252
18.898853302001953,,0.9774491798358252
18.91648292541504,0.9947062804237072,
18.927494049072266,0.9947062804237072,
18.98244857788086,0.9947062804237072,
18.985740661621094,0.9947062804237072,
18.98683738708496,0.9947062804237072,
19.00986671447754,,0.9774491798358252
19.024106979370117,,0.9774491798358252
19.029582977294922,0.9947062804237072,
19.030675888061523,0.9947062804237072,
19.03177261352539,0.9947062804237072,
19.032865524291992,0.9947062804237072,
19.033960342407227,,0.9774491798358252
19.03505516052246,,0.9774491798358252
19.03724479675293,,0.9774491798358252
19.050371170043945,0.9947062804237072,
19.05255889892578,0.9947062804237072,
19.054746627807617,0.9947062804237072,
19.059118270874023,0.9947062804237072,
19.060211181640625,0.9947062804237072,
19.061304092407227,0.9947062804237072,
19.062397003173828,0.9947062804237072,
19.06458282470703,0.9947062804237072,
19.065675735473633,0.9947062804237072,
19.08533477783203,0.9947062804237072,
19.08642578125,0.9947062804237072,
19.108243942260742,,0.9771848615070448
19.146366119384766,0.9947062804237072,
19.14745330810547,0.9947062804237072,
19.151805877685547,,0.9771848615070448
19.162681579589844,0.9947062804237072,
19.181154251098633,0.9947062804237072,
19.182239532470703,0.9947062804237072,
19.183326721191406,0.9947062804237072,
19.184412002563477,0.9947062804237072,
19.18984031677246,,0.9771848615070448
19.192012786865234,0.9947062804237072,
19.193098068237305,0.9947062804237072,
19.194183349609375,0.9947062804237072,
19.195268630981445,0.9947062804237072,
19.205034255981445,,0.9771848615070448
19.206119537353516,,0.9771848615070448
19.207202911376953,0.9947062804237072,0.9771848615070448
19.208288192749023,0.9947062804237072,0.9771848615070448
19.21045684814453,0.9947062804237072,
19.2115421295166,0.9947062804237072,
19.21371078491211,,0.9771848615070448
19.214794158935547,,0.9771848615070448
19.215879440307617,,0.9771848615070448
19.216962814331055,,0.9771848615070448
19.22021484375,,0.9771848615070448
19.23430061340332,,0.9769169194007918
19.235383987426758,,0.9769169194007918
19.275415420532227,,0.9769169194007918
19.287302017211914,0.9947062804237072,
19.316444396972656,,0.9769169194007918
19.348772048950195,,0.9769169194007918
19.349849700927734,,0.9769169194007918
19.35200309753418,,0.9769169194007918
19.36491584777832,0.9947062804237072,
19.372446060180664,,0.9769169194007918
19.37352180480957,,0.9769169194007918
19.422924041748047,0.9947062804237072,
19.427213668823242,,0.9769169194007918
19.463642120361328,,0.9766461552878768
19.5,,0.9763753911749598
19.514951705932617,,0.9761046270620438
19.516019821166992,,0.9761046270620438
19.517086029052734,0.9947062804237072,
19.51922035217285,,0.9758331852858869
19.520288467407227,,0.9758331852858869
19.525623321533203,,0.9758331852858869
19.526691436767578,,0.9758331852858869
19.553346633911133,,0.9755610622559704
19.58102798461914,,0.9755610622559704
19.58209228515625,,0.9755610622559704
19.58953857421875,,0.9752880252948031
19.595918655395508,0.9947062804237072,
19.605484008789062,,0.9752880252948031
19.60654640197754,,0.9752880252948031
19.607608795166016,,0.9752880252948031
19.616107940673828,0.9947062804237072,
19.65430450439453,,0.9750133736402568
19.658544540405273,0.9947062804237072,
19.67972755432129,,0.9750133736402568
19.698772430419922,,0.9750133736402568
19.699831008911133,,0.9750133736402568
19.70088768005371,,0.9750133736402568
19.701946258544922,,0.9750133736402568
19.71146011352539,0.9947062804237072,
19.714630126953125,,0.9750133736402568
19.715686798095703,0.9947062804237072,0.9750133736402568
19.71674346923828,,0.9750133736402568
19.720970153808594,0.9947062804237072,
19.724138259887695,,0.9747364598732479
19.725194931030273,,0.9747364598732479
19.72625160217285,,0.9747364598732479
19.728363037109375,,0.9747364598732479
19.729419708251953,,0.9747364598732479
19.7304744720459,,0.9747364598732479
19.731531143188477,,0.9747364598732479
19.732587814331055,,0.9747364598732479
19.733642578125,,0.9747364598732479
19.735754013061523,0.9947062804237072,
19.74208641052246,,0.9744543364405786
19.76950454711914,0.9947062804237072,
19.770559310913086,,0.9744543364405786
19.780040740966797,,0.9744543364405786
19.78109359741211,,0.9744543364405786
19.797937393188477,,0.9744543364405786
19.816869735717773,,0.9744543364405786
19.84943389892578,,0.9744543364405786
19.873558044433594,,0.9744543364405786
19.87775230407715,,0.9744543364405786
19.890323638916016,,0.9744543364405786
19.902889251708984,,0.9741708175763245
19.9185848236084,,0.9741708175763245
19.91963005065918,,0.9741708175763245
19.920677185058594,,0.9741708175763245
19.930086135864258,,0.9741708175763245
19.93113136291504,,0.9741708175763245
19.93217658996582,,0.9741708175763245
19.9332218170166,,0.9741708175763245
19.94471549987793,,0.9741708175763245
19.94576072692871,,0.9741708175763245
19.94993782043457,,0.9741708175763245
19.95098114013672,0.9947062804237072,0.9741708175763245
19.955158233642578,,0.9741708175763245
19.956201553344727,,0.9741708175763245
19.957244873046875,,0.9741708175763245
19.969768524169922,0.9947062804237072,
19.97602653503418,,0.9741708175763245
20.012496948242188,0.9947062804237072,
20.04785919189453,0.9943601752461069,
20.059288024902344,,0.9741708175763245
20.062402725219727,,0.9741708175763245
20.06447982788086,,0.9741708175763245
20.06551742553711,,0.9741708175763245
20.06655502319336,,0.9741708175763245
20.10493278503418,,0.9741708175763245
20.107006072998047,,0.9738787123836475
20.169076919555664,,0.9735866071909722
20.174240112304688,0.9943601752461069,
20.1825008392334,0.9943601752461069,0.9735866071909722
20.1845645904541,,0.9735866071909722
20.185598373413086,,0.9735866071909722
20.186628341674805,,0.9735866071909722
20.19694709777832,,0.9735866071909722
20.197978973388672,,0.9735866071909722
20.19900894165039,,0.9735866071909722
20.200040817260742,,0.9735866071909722
20.203134536743164,,0.97329300447469
20.207260131835938,,0.9729994017584086
20.25051498413086,,0.9729994017584086
20.251543045043945,,0.9729994017584086
20.25257110595703,,0.9729994017584086
20.271080017089844,,0.9729994017584086
20.27210807800293,,0.9729994017584086
20.273134231567383,,0.9729994017584086
20.29265022277832,,0.972704195629233
20.29470443725586,,0.972704195629233
20.295730590820312,,0.972704195629233
20.302915573120117,0.9943601752461069,
20.379728317260742,0.9943601752461069,
20.415475845336914,,0.9724078201887599
20.419557571411133,,0.9724078201887599
20.4664363861084,,0.9724078201887599
20.47254180908203,,0.9724078201887599
20.473560333251953,,0.9724078201887599
20.474578857421875,,0.9724078201887599
20.475595474243164,,0.9724078201887599
20.476612091064453,,0.9724078201887599
20.514223098754883,,0.9724078201887599
20.520315170288086,,0.9724078201887599
20.523361206054688,,0.9724078201887599
20.539596557617188,0.9943601752461069,
20.567975997924805,,0.9724078201887599
20.56899070739746,,0.972099413014579
20.599353790283203,,0.972099413014579
20.600364685058594,,0.972099413014579
20.601375579833984,,0.972099413014579
20.602386474609375,,0.972099413014579
20.61249542236328,,0.972099413014579
20.613506317138672,,0.972099413014579
20.614517211914062,,0.972099413014579
20.615528106689453,,0.972099413014579
20.617549896240234,,0.972099413014579
20.618558883666992,,0.972099413014579
20.619569778442383,,0.972099413014579
20.622600555419922,,0.972099413014579
20.628660202026367,,0.972099413014579
20.634719848632812,,0.972099413014579
20.64279556274414,,0.972099413014579
20.656919479370117,,0.972099413014579
20.6629695892334,,0.9717879425201824
20.684133529663086,,0.9717879425201824
20.685138702392578,,0.9717879425201824
20.689167022705078,0.9943601752461069,
20.701248168945312,0.9943601752461069,
20.70326042175293,0.9943601752461069,
20.710302352905273,,0.9717879425201824
20.7113094329834,,0.9717879425201824
20.714326858520508,,0.9717879425201824
20.71533203125,,0.9714752694370041
20.751506805419922,,0.9711625963538261
20.7635498046875,0.9943601752461069,
20.767562866210938,,0.9711625963538261
20.778594970703125,,0.9711625963538261
20.78059959411621,0.9943601752461069,
20.783607482910156,0.9943601752461069,
20.79062271118164,,0.9711625963538261
20.791624069213867,0.9943601752461069,
20.792627334594727,0.9943601752461069,0.9711625963538261
20.793628692626953,,0.9711625963538261
20.79863739013672,,0.9711625963538261
20.799638748168945,,0.9711625963538261
20.815658569335938,,0.9711625963538261
20.816659927368164,,0.9708479988169458
20.843664169311523,,0.9708479988169458
20.870634078979492,,0.9705331972609086
20.871631622314453,,0.9705331972609086
20.872629165649414,,0.9705331972609086
20.873628616333008,,0.9705331972609086
20.87562370300293,,0.9705331972609086
20.880613327026367,,0.9705331972609086
20.88360595703125,,0.9705331972609086
20.901554107666016,,0.9702167534404769
20.908531188964844,,0.9702167534404769
20.909526824951172,,0.9702167534404769
20.910524368286133,,0.9702167534404769
20.91251564025879,,0.9702167534404769
20.916500091552734,,0.9702167534404769
20.921480178833008,,0.9702167534404769
20.922475814819336,,0.9702167534404769
20.929445266723633,,0.9698991702151278
20.937406539916992,,0.9698991702151278
20.959285736083984,,0.9695814829664491
20.965248107910156,,0.9695814829664491
20.987098693847656,,0.9695814829664491
20.995038986206055,0.9943601752461069,
20.998016357421875,,0.9695814829664491
20.999008178710938,,0.9695814829664491
21.0,0.9943601752461069,
21.000991821289062,,0.9692632744062372
21.008926391601562,,0.9689450658460249
21.032712936401367,,0.9689450658460249
21.068340301513672,0.9943601752461069,
21.07427406311035,0.9943601752461069,
21.080204010009766,,0.9689450658460249
21.08218002319336,0.9940118879693128,
21.1019344329834,0.9940118879693128,
21.10785675048828,,0.9689450658460249
21.115753173828125,0.9940118879693128,
21.121671676635742,,0.9689450658460249
21.122657775878906,,0.9689450658460249
21.12364387512207,,0.9689450658460249
21.127588272094727,,0.9689450658460249
21.12857437133789,,0.9689450658460249
21.14631462097168,,0.9689450658460249
21.147300720214844,,0.9689450658460249
21.148286819458008,,0.9689450658460249
21.14927101135254,,0.9689450658460249
21.159120559692383,,0.9689450658460249
21.160104751586914,,0.9689450658460249
21.161088943481445,,0.9689450658460249
21.162073135375977,,0.9689450658460249
21.177818298339844,,0.9686234777060159
21.24460792541504,,0.968301889566008
21.260292053222656,,0.968301889566008
21.26127052307129,,0.968301889566008
21.262250900268555,,0.968301889566008
21.271068572998047,,0.968301889566008
21.2886905670166,,0.9679786913385153
21.296518325805664,,0.9679786913385153
21.297496795654297,,0.9679786913385153
21.308252334594727,0.9940118879693128,
21.33365821838379,,0.9679786913385153
21.33463478088379,,0.9679786913385153
21.33561134338379,,0.9679786913385153
21.33658790588379,,0.9679786913385153
21.33756446838379,,0.9679786913385153
21.354156494140625,,0.9679786913385153
21.355131149291992,,0.9679786913385153
21.36781120300293,,0.9679786913385153
21.368785858154297,,0.9679786913385153
21.369760513305664,0.9940118879693128,
21.37073516845703,,0.9679786913385153
21.3717098236084,,0.9679786913385153
21.372684478759766,,0.9679786913385153
21.399961471557617,,0.9676466231768212
21.406774520874023,,0.9676466231768212
21.407747268676758,,0.9676466231768212
21.408721923828125,,0.9676466231768212
21.411640167236328,,0.9673135262325264
21.412612915039062,,0.9669804292882319
21.41650390625,,0.9669804292882319
21.440811157226562,0.9940118879693128,
21.48740005493164,0.9940118879693128,
21.576414108276367,,0.9666472175620816
21.58220672607422,0.9940118879693128,
21.59185791015625,,0.9666472175620816
21.592823028564453,,0.9666472175620816
21.593788146972656,0.9940118879693128,0.9666472175620816
21.59475326538086,,0.9666472175620816
21.59571647644043,0.9940118879693128,0.9666472175620816
21.596681594848633,,0.9666472175620816
21.605361938476562,0.9940118879693128,
21.618858337402344,,0.9663133152416807
21.63523292541504,,0.9659792975039546
21.63812255859375,0.9940118879693128,
21.641010284423828,,0.9659792975039546
21.6419734954834,,0.9659792975039546
21.642934799194336,0.9940118879693128,
21.653522491455078,,0.965645048612084
21.676599502563477,,0.965645048612084
21.681406021118164,,0.965645048612084
21.68236541748047,,0.965645048612084
21.683326721191406,,0.965645048612084
21.684288024902344,,0.965645048612084
21.68524932861328,,0.965645048612084
21.69293212890625,,0.965645048612084
21.693893432617188,,0.965645048612084
21.694852828979492,,0.9653079997294975
21.69965362548828,,0.9653079997294975
21.70061492919922,,0.9653079997294975
21.701574325561523,,0.9653079997294975
21.711172103881836,,0.9653079997294975
21.71405029296875,,0.9653079997294975
21.715009689331055,,0.9653079997294975
21.71596908569336,,0.9653079997294975
21.71788787841797,,0.9653079997294975
21.718847274780273,,0.9653079997294975
21.719806671142578,,0.9653079997294975
21.720766067504883,,0.9653079997294975
21.721725463867188,,0.9653079997294975
21.722684860229492,,0.9653079997294975
21.72460174560547,,0.9653079997294975
21.725561141967773,,0.9653079997294975
21.726520538330078,,0.9653079997294975
21.74089813232422,,0.964963492948724
21.742815017700195,,0.964963492948724
21.743772506713867,,0.964963492948724
21.745689392089844,,0.964963492948724
21.746646881103516,,0.964963492948724
21.74760627746582,,0.964963492948724
21.748563766479492,,0.964963492948724
21.749521255493164,,0.964963492948724
21.750478744506836,,0.964963492948724
21.751436233520508,,0.964963492948724
21.760055541992188,,0.9646160087957
21.76771354675293,,0.9646160087957
21.76962661743164,,0.9646160087957
21.789714813232422,,0.9646160087957
21.810739517211914,,0.9646160087957
21.8136043548584,,0.9646160087957
21.814559936523438,,0.9646160087957
21.83365249633789,,0.9646160087957
21.877500534057617,0.9940118879693128,
21.885116577148438,,0.9646160087957
21.88606834411621,,0.9646160087957
21.889875411987305,,0.9646160087957
21.890827178955078,,0.9646160087957
21.89177894592285,,0.9646160087957
21.894634246826172,,0.9646160087957
21.89748764038086,,0.9642648562624655
21.90129280090332,,0.9642648562624655
21.904146194458008,0.9940118879693128,
21.908903121948242,,0.9642648562624655
21.932661056518555,,0.9642648562624655
21.933612823486328,0.9940118879693128,0.9642648562624655
21.93456268310547,,0.9642648562624655
21.937410354614258,,0.9642648562624655
21.949752807617188,,0.9642648562624655
21.958293914794922,0.9940118879693128,
21.96019172668457,,0.9642648562624655
21.961139678955078,,0.9642648562624655
21.96683120727539,,0.9642648562624655
21.970624923706055,,0.963911386740375
21.990528106689453,,0.963911386740375
22.01136016845703,,0.9635577875522828
22.057689666748047,0.9940118879693128,
22.08600616455078,,0.9635577875522828
22.086950302124023,,0.9635577875522828
22.088834762573242,,0.9635577875522828
22.090721130371094,,0.9635577875522828
22.091665267944336,,0.9635577875522828
22.110517501831055,,0.9635577875522828
22.112401962280273,,0.9635577875522828
22.114286422729492,,0.9635577875522828
22.17167854309082,,0.9632027552060949
22.211109161376953,0.9940118879693128,
22.253276824951172,0.9940118879693128,0.9628477228599078
22.267314910888672,,0.9628477228599078
22.28227996826172,0.9940118879693128,
22.296300888061523,,0.9624925595537995
22.354156494140625,,0.9621373962476911
22.35508918762207,,0.9621373962476911
22.35974884033203,,0.9617821017882195
22.360679626464844,,0.9617821017882195
22.361610412597656,,0.9617821017882195
22.3625431060791,,0.9617821017882195
22.373720169067383,,0.9617821017882195
22.374650955200195,,0.9617821017882195
22.375581741333008,,0.9617821017882195
22.37651252746582,,0.9617821017882195
22.377443313598633,,0.9617821017882195
22.401636123657227,0.9940118879693128,
22.409074783325195,,0.9617821017882195
22.411863327026367,0.9940118879693128,
22.446231842041016,,0.9617821017882195
22.46014976501465,,0.9614237627040951
22.49536895751953,,0.9610654236199715
22.49814796447754,,0.9610654236199715
22.51758575439453,,0.9610654236199715
22.518510818481445,,0.9610654236199715
22.51943588256836,,0.9610654236199715
22.53423309326172,,0.9610654236199715
22.542552947998047,,0.9610654236199715
22.543476104736328,,0.9610654236199715
22.544401168823242,,0.9610654236199715
22.557334899902344,,0.960704663325819
22.558258056640625,,0.960704663325819
22.559181213378906,,0.960704663325819
22.560104370117188,0.9940118879693128,
22.56195068359375,,0.960704663325819
22.562875747680664,,0.960704663325819
22.56749153137207,0.9940118879693128,0.960704663325819
22.57579803466797,,0.960704663325819
22.57948875427246,,0.960704663325819
22.580411911010742,,0.960704663325819
22.581335067749023,,0.960704663325819
22.583179473876953,,0.9603400695256948
22.597013473510742,,0.9603400695256948
22.622812271118164,,0.9603400695256948
22.623733520507812,,0.9603400695256948
22.62465476989746,,0.9603400695256948
22.63662338256836,,0.9603400695256948
22.637542724609375,0.9940118879693128,
22.643983840942383,,0.9603400695256948
22.64490509033203,,0.9603400695256948
22.645822525024414,,0.9603400695256948
22.653182983398438,,0.9603400695256948
22.654102325439453,,0.9603400695256948
22.65502166748047,,0.9603400695256948
22.655941009521484,,0.9603400695256948
22.6568603515625,,0.9603400695256948
22.657779693603516,,0.9603400695256948
22.658700942993164,,0.9603400695256948
22.67799949645996,,0.9603400695256948
22.678916931152344,,0.9603400695256948
22.680755615234375,,0.9603400695256948
22.681673049926758,,0.9603400695256948
22.689022064208984,,0.9603400695256948
22.689939498901367,,0.9603400695256948
22.7147159576416,0.9940118879693128,
22.748626708984375,0.9940118879693128,
22.777912139892578,,0.9603400695256948
22.780656814575195,,0.9603400695256948
22.809904098510742,,0.9603400695256948
22.811729431152344,,0.9603400695256948
22.81264305114746,,0.9603400695256948
22.813554763793945,,0.9603400695256948
22.828163146972656,,0.9603400695256948
22.82907485961914,,0.9603400695256948
22.829986572265625,,0.9603400695256948
22.836374282836914,,0.9603400695256948
22.83728790283203,,0.9603400695256948
22.838197708129883,,0.9603400695256948
22.840023040771484,,0.9603400695256948
22.84093475341797,,0.9603400695256948
22.850053787231445,0.9940118879693128,
22.85552406311035,,0.9603400695256948
22.856435775756836,,0.9603400695256948
22.85734748840332,,0.9603400695256948
22.867372512817383,,0.9599539255492069
22.86919403076172,,0.9599539255492069
22.89923667907715,,0.9595676261827886
22.90742301940918,,0.9595676261827886
22.91924285888672,,0.9595676261827886
22.920150756835938,,0.9595676261827886
22.92197036743164,,0.9595676261827886
22.931055068969727,,0.9595676261827886
22.931964874267578,,0.9595676261827886
22.932872772216797,,0.9595676261827886
22.933780670166016,,0.9595676261827886
22.934690475463867,,0.9595676261827886
22.935598373413086,,0.9595676261827886
22.936506271362305,,0.9595676261827886
22.937414169311523,,0.9595676261827886
22.938323974609375,,0.9595676261827886
22.93922996520996,,0.9595676261827886
22.940139770507812,,0.9595676261827886
22.961925506591797,0.9940118879693128,0.9595676261827886
22.9827823638916,,0.9595676261827886
22.98369026184082,,0.9595676261827886
22.990034103393555,,0.9595676261827886
22.99094009399414,,0.9595676261827886
22.991846084594727,,0.9595676261827886
22.994564056396484,0.9940118879693128,
22.996376037597656,,0.9595676261827886
23.007244110107422,0.9940118879693128,
23.02353858947754,,0.9595676261827886
23.024442672729492,,0.9595676261827886
23.042531967163086,0.9940118879693128,
23.13096809387207,,0.9595676261827886
23.131868362426758,,0.9595676261827886
23.133670806884766,,0.9595676261827886
23.136371612548828,,0.9595676261827886
23.137271881103516,,0.9595676261827886
23.138172149658203,,0.9595676261827886
23.150774002075195,,0.9595676261827886
23.151674270629883,,0.9595676261827886
23.15257453918457,,0.9595676261827886
23.1624698638916,,0.9591618893429648
23.17416000366211,,0.9591618893429648
23.176856994628906,,0.9587559807990196
23.1921329498291,,0.9587559807990196
23.202011108398438,,0.9587559807990196
23.248655319213867,,0.9583495560509067
23.31487274169922,,0.9583495560509067
23.315767288208008,,0.9583495560509067
23.316661834716797,,0.9583495560509067
23.317554473876953,,0.9583495560509067
23.31844711303711,,0.9583495560509067
23.329166412353516,0.9940118879693128,
23.350589752197266,0.9940118879693128,
23.361291885375977,,0.9583495560509067
23.362184524536133,,0.9583495560509067
23.402278900146484,,0.9579410524038265
23.42630386352539,,0.9575325487567458
23.45563316345215,,0.9571240451096651
23.484037399291992,,0.9571240451096651
23.491132736206055,,0.9571240451096651
23.492019653320312,,0.9571240451096651
23.49290657043457,,0.9571240451096651
23.50265884399414,,0.9571240451096651
23.512407302856445,,0.9571240451096651
23.513294219970703,,0.9571240451096651
23.561975479125977,,0.9567139662557194
23.566394805908203,,0.9563038874017734
23.607908248901367,,0.9558938085478278
23.61055564880371,,0.9554837296938815
23.6352481842041,,0.955073650839936
23.646705627441406,0.9940118879693128,
23.65815544128418,,0.955073650839936
23.661678314208984,,0.955073650839936
23.668720245361328,,0.9546632195331717
23.70302391052246,,0.9542527882264072
23.733766555786133,,0.9538423569196433
23.749561309814453,,0.9538423569196433
23.770605087280273,,0.9538423569196433
23.774986267089844,,0.9534315720975424
23.779367446899414,,0.9534315720975424
23.780244827270508,,0.9534315720975424
23.789878845214844,,0.9530200781087212
23.81088638305664,0.9940118879693128,
23.81613540649414,,0.9530200781087212
23.8170108795166,,0.9530200781087212
23.817886352539062,,0.9530200781087212
23.81875991821289,,0.9530200781087212
23.81963539123535,,0.9530200781087212
23.82050895690918,,0.9530200781087212
23.82138442993164,,0.9530200781087212
23.82225799560547,,0.9530200781087212
23.82313346862793,,0.9530200781087212
23.829254150390625,,0.9530200781087212
23.831003189086914,,0.9530200781087212
23.831876754760742,0.9940118879693128,0.9530200781087212
23.83275032043457,,0.9530200781087212
23.83362579345703,,0.9530200781087212
23.834497451782227,,0.9530200781087212
23.835372924804688,,0.9530200781087212
23.836246490478516,,0.9530200781087212
23.837120056152344,,0.9530200781087212
23.837995529174805,,0.9530200781087212
23.838869094848633,,0.9530200781087212
23.83974266052246,,0.9530200781087212
23.84061622619629,,0.9530200781087212
23.84149169921875,,0.9530200781087212
23.842363357543945,,0.9530200781087212
23.843238830566406,,0.9530200781087212
23.844112396240234,,0.9530200781087212
23.844985961914062,,0.9530200781087212
23.84585952758789,,0.9530200781087212
23.849353790283203,0.9940118879693128,
23.854595184326172,,0.9530200781087212
23.856340408325195,,0.9530200781087212
23.857213973999023,0.9940118879693128,0.9530200781087212
23.865943908691406,,0.9530200781087212
23.895606994628906,,0.9530200781087212
23.913036346435547,,0.9530200781087212
23.916521072387695,,0.9530200781087212
23.920005798339844,,0.9530200781087212
23.929584503173828,,0.9525823105027915
23.935678482055664,,0.9525823105027915
23.936548233032227,,0.9525823105027915
23.962644577026367,,0.9525823105027915
23.96351432800293,,0.9525823105027915
23.964384078979492,,0.9525823105027915
23.97394371032715,,0.9525823105027915
23.991317749023438,0.9940118879693128,
24.005207061767578,,0.9521415042508237
24.01909065246582,0.9940118879693128,
24.033830642700195,,0.9521415042508237
24.052026748657227,,0.9521415042508237
24.055492401123047,,0.9521415042508237
24.06501579284668,,0.9521415042508237
24.106534957885742,,0.9516996752465313
24.110855102539062,,0.9512578462422381
24.117767333984375,,0.9512578462422381
24.159194946289062,,0.9512578462422381
24.160057067871094,,0.9512578462422381
24.160919189453125,,0.9512578462422381
24.17212677001953,0.9940118879693128,
24.19280242919922,,0.9512578462422381
24.19452476501465,,0.9512578462422381
24.201412200927734,,0.9508141625452967
24.208297729492188,,0.9503704788483553
24.215181350708008,0.9940118879693128,
24.2186222076416,,0.9503704788483553
24.219482421875,,0.9503704788483553
24.221202850341797,,0.9503704788483553
24.224641799926758,,0.9499257570519829
24.22808265686035,0.9940118879693128,
24.23324203491211,,0.9494810352556102
24.235820770263672,,0.9494810352556102
24.307920455932617,,0.9494810352556102
24.355012893676758,,0.9494810352556102
24.35672378540039,,0.9494810352556102
24.360145568847656,,0.9494810352556102
24.361000061035156,,0.9494810352556102
24.369550704956055,,0.9494810352556102
24.370405197143555,,0.9494810352556102
24.371259689331055,,0.9494810352556102
24.375534057617188,0.9940118879693128,
24.377243041992188,0.9940118879693128,
24.381515502929688,,0.949031257408498
24.382369995117188,,0.949031257408498
24.384078979492188,,0.949031257408498
24.384933471679688,,0.949031257408498
24.385787963867188,,0.949031257408498
24.388351440429688,,0.949031257408498
24.389204025268555,,0.948576304744352
24.390058517456055,,0.948576304744352
24.39774513244629,,0.948576304744352
24.39859962463379,,0.948576304744352
24.399452209472656,,0.948576304744352
24.401161193847656,,0.948576304744352
24.402013778686523,,0.948576304744352
24.40542984008789,,0.948576304744352
24.40628433227539,,0.948576304744352
24.407136917114258,,0.948576304744352
24.407991409301758,,0.948576304744352
24.408843994140625,,0.948576304744352
24.419937133789062,0.9936563758491521,
24.422496795654297,,0.948576304744352
24.423349380493164,,0.948576304744352
24.42420196533203,,0.948576304744352
24.44892692565918,,0.948576304744352
24.458297729492188,,0.9481104028265008
24.467666625976562,,0.9476445009086504
24.472774505615234,0.9936563758491521,
24.47362518310547,0.9936563758491521,
24.481285095214844,,0.9476445009086504
24.484689712524414,0.9936563758491521,
24.517850875854492,0.9936563758491521,
24.518701553344727,,0.9476445009086504
24.551816940307617,,0.9476445009086504
24.562843322753906,,0.9476445009086504
24.573867797851562,,0.9476445009086504
24.579801559448242,,0.9476445009086504
24.58488655090332,,0.9476445009086504
24.600135803222656,,0.9476445009086504
24.601829528808594,,0.9471762971038535
24.612834930419922,,0.9467080932990567
24.619606018066406,,0.9467080932990567
24.62299156188965,,0.9462396578248854
24.641597747802734,,0.9462396578248854
24.653430938720703,,0.9457709903371061
24.664413452148438,,0.9453023228493277
24.671171188354492,,0.9453023228493277
24.689741134643555,0.9936563758491521,0.9453023228493277
24.69058609008789,,0.9453023228493277
24.691429138183594,,0.9453023228493277
24.715885162353516,,0.9453023228493277
24.718414306640625,,0.9453023228493277
24.719257354736328,,0.9453023228493277
24.74452781677246,0.9936563758491521,
24.747055053710938,,0.9448299078953799
24.75041961669922,,0.944357492941432
24.76136016845703,0.9936563758491521,
24.766408920288086,,0.944357492941432
24.767250061035156,,0.944357492941432
24.780704498291016,,0.944357492941432
24.781545639038086,,0.944357492941432
24.78995132446289,,0.9438831797857612
24.793312072753906,,0.9438831797857612
24.794153213500977,,0.9438831797857612
24.794992446899414,,0.9438831797857612
24.800033569335938,,0.9434074322153049
24.86714744567871,,0.9429316846448488
24.877199172973633,,0.9424559370743921
24.888919830322266,,0.9424559370743921
24.916526794433594,,0.9419799492273844
24.92154312133789,,0.9419799492273844
24.94577407836914,,0.9415037207394036
24.946609497070312,,0.9410274922514215
24.966644287109375,0.9936563758491521,
24.979158401489258,,0.9410274922514215
24.979991912841797,,0.9410274922514215
24.98082733154297,,0.9410274922514215
24.981658935546875,,0.9410274922514215
24.982494354248047,,0.9410274922514215
24.983327865600586,,0.9410274922514215
24.984161376953125,,0.9410274922514215
24.984994888305664,,0.9410274922514215
24.986661911010742,,0.9410274922514215
24.987497329711914,,0.9410274922514215
24.988330841064453,,0.9410274922514215
25.00083351135254,,0.9410274922514215
25.001667022705078,,0.9410274922514215
25.002500534057617,,0.9410274922514215
25.0049991607666,,0.9410274922514215
25.00583267211914,,0.9410274922514215
25.00666618347168,,0.9410274922514215
25.014162063598633,,0.9410274922514215
25.01582908630371,,0.9410274922514215
25.018327713012695,,0.9410274922514215
25.0191593170166,,0.9410274922514215
25.01999282836914,,0.9410274922514215
25.020824432373047,0.9936563758491521,0.9410274922514215
25.021656036376953,0.9936563758491521,
25.02332305908203,0.9936563758491521,0.9410274922514215
25.024154663085938,,0.9410274922514215
25.024988174438477,,0.9410274922514215
25.02665138244629,,0.9405121431318976
25.03331184387207,,0.9399967940123728
25.040800094604492,0.9936563758491521,0.9399967940123728
25.0416316986084,,0.9399967940123728
25.042463302612305,,0.9399967940123728
25.05992889404297,,0.9394800283202278
25.071563720703125,,0.9394800283202278
25.07904052734375,,0.9389629782220875
25.08734703063965,,0.9389629782220875
25.11888313293457,,0.9384456432478604
25.126346588134766,,0.9379283082736334
25.13132095336914,,0.9374109732994061
25.154521942138672,,0.9368936383251794
25.158662796020508,,0.9368936383251794
25.160320281982422,,0.9363760175305246
25.19011116027832,,0.9363760175305246
25.193418502807617,,0.9358581104411829
25.19920539855957,,0.9358581104411829
25.207473754882812,,0.9358581104411829
25.210777282714844,,0.9358581104411829
25.211605072021484,,0.9358581104411829
25.212430953979492,,0.9353379002630604
25.264434814453125,,0.934817690084939
25.2751522064209,,0.934817690084939
25.28009796142578,,0.934297190257497
25.28504180908203,,0.934297190257497
25.285865783691406,,0.934297190257497
25.287513732910156,,0.934297190257497
25.289161682128906,,0.934297190257497
25.28998374938965,,0.934297190257497
25.290807723999023,0.9936563758491521,0.934297190257497
25.315509796142578,,0.9337737744646362
25.317977905273438,,0.9332503586717742
25.33278465270996,,0.9327269428789129
25.355802536010742,0.9936563758491521,0.9322035270860516
25.36237335205078,,0.9322035270860516
25.363195419311523,,0.9322035270860516
25.364015579223633,,0.9322035270860516
25.365659713745117,,0.9322035270860516
25.366479873657227,,0.9322035270860516
25.36730194091797,,0.9322035270860516
25.36812400817871,,0.9322035270860516
25.36894416809082,,0.9322035270860516
25.374692916870117,,0.9316738659911163
25.382902145385742,,0.9311442048961811
25.385364532470703,,0.9311442048961811
25.38618278503418,,0.9311442048961811
25.38782501220703,,0.9311442048961811
25.39356803894043,,0.9311442048961811
25.412431716918945,,0.9306133359082128
25.42144775390625,,0.9300824669202451
25.428821563720703,,0.9300824669202451
25.439470291137695,,0.9300824669202451
25.440288543701172,,0.9300824669202451
25.44110870361328,,0.9295463963341234
25.441926956176758,,0.9295463963341234
25.442745208740234,,0.9295463963341234
25.443565368652344,,0.9295463963341234
25.44438362121582,0.9936563758491521,0.9295463963341234
25.445201873779297,,0.9295463963341234
25.44765853881836,,0.9295463963341234
25.448476791381836,,0.9295463963341234
25.453388214111328,,0.9295463963341234
25.454208374023438,,0.9295463963341234
25.459936141967773,,0.9295463963341234
25.46075439453125,,0.9295463963341234
25.461572647094727,,0.9295463963341234
25.46320915222168,,0.9295463963341234
25.46484375,,0.9295463963341234
25.46566390991211,,0.9295463963341234
25.466482162475586,,0.9295463963341234
25.46729850769043,0.9936563758491521,0.9295463963341234
25.468116760253906,,0.9295463963341234
25.470571517944336,0.9936563758491521,
25.478750228881836,,0.9295463963341234
25.47956657409668,,0.9295463963341234
25.480384826660156,,0.9295463963341234
25.481203079223633,,0.9295463963341234
25.482019424438477,,0.9295463963341234
25.482837677001953,,0.9295463963341234
25.48365592956543,,0.9295463963341234
25.484472274780273,,0.9295463963341234
25.5,,0.9289816658381732
25.50408363342285,,0.9284169353422226
25.522048950195312,0.9936563758491521,
25.565275192260742,,0.9284169353422226
25.566091537475586,,0.9284169353422226
25.566905975341797,,0.9284169353422226
25.572608947753906,,0.9278490962380378
25.586454391479492,,0.9272812571338528
25.588083267211914,,0.9272812571338528
25.593782424926758,,0.9272812571338528
25.595409393310547,,0.9272812571338528
25.596223831176758,,0.9272812571338528
25.59947967529297,,0.9272812571338528
25.600292205810547,,0.9272812571338528
25.602733612060547,,0.9272812571338528
25.603548049926758,,0.9272812571338528
25.609243392944336,,0.9272812571338528
25.610870361328125,,0.9272812571338528
25.613309860229492,,0.9272812571338528
25.61737632751465,,0.9272812571338528
25.61819076538086,,0.9272812571338528
25.619003295898438,,0.9272812571338528
25.62550926208496,,0.9267053060424653
25.6612548828125,,0.9261293549510776
25.764963150024414,0.9936563758491521,
25.806976318359375,,0.9255534038596898
25.812625885009766,,0.9249774527683025
25.84650230407715,,0.924401501676915
25.856172561645508,0.9936563758491521,
25.856977462768555,,0.924401501676915
25.857784271240234,,0.924401501676915
25.880334854125977,,0.9238248319940224
25.887577056884766,,0.9232481623111299
25.888381958007812,,0.9232481623111299
25.9189453125,,0.9226711322096856
25.92376708984375,,0.9226711322096856
25.925373077392578,0.9936563758491521,
25.947864532470703,,0.9220937410130589
25.997596740722656,,0.9215163498164323
26.02402687072754,,0.9215163498164323
26.03763198852539,,0.9209385966190555
26.038433074951172,0.9936563758491521,
26.044832229614258,,0.9203608434216785
26.050432205200195,,0.9197830902243013
26.094379425048828,,0.919205337026924
26.099170684814453,,0.9186275838295472
26.09996795654297,,0.9180498306321703
26.132675170898438,,0.9174720774347925
26.151002883911133,,0.9174720774347925
26.16056251525879,0.9936563758491521,
26.165340423583984,0.9936563758491521,
26.166135787963867,0.9936563758491521,
26.16693115234375,0.9936563758491521,
26.167728424072266,0.9936563758491521,0.9174720774347925
26.16852378845215,0.9936563758491521,0.9174720774347925
26.16931915283203,,0.9174720774347925
26.170913696289062,0.9936563758491521,
26.174097061157227,,0.9174720774347925
26.17728042602539,0.9936563758491521,
26.178075790405273,0.9936563758491521,
26.179668426513672,0.9936563758491521,
26.180463790893555,0.9936563758491521,
26.18205451965332,0.9936563758491521,
26.182851791381836,0.9936563758491521,
26.183645248413086,0.9936563758491521,0.9168917661903682
26.1844425201416,0.9936563758491521,
26.18682861328125,0.9936563758491521,
26.1892147064209,0.9936563758491521,
26.190011978149414,0.9936563758491521,
26.190805435180664,0.9936563758491521,
26.191600799560547,0.9936563758491521,
26.192398071289062,0.9936563758491521,
26.193191528320312,0.9936563758491521,
26.193988800048828,0.9936563758491521,
26.19478416442871,0.9936563758491521,
26.19557762145996,0.9936563758491521,
26.19717025756836,0.9936563758491521,
26.19796371459961,0.9936563758491521,
26.198759078979492,0.9936563758491521,
26.199554443359375,0.9936563758491521,0.9163114549459435
26.200349807739258,0.9936563758491521,
26.20114517211914,0.9936563758491521,
26.209095001220703,,0.915731143701519
26.209890365600586,,0.915731143701519
26.21147918701172,,0.9151504644727927
26.236902236938477,0.9936563758491521,0.9151504644727927
26.247222900390625,0.9936563758491521,
26.248016357421875,0.9936563758491521,
26.248809814453125,0.9936563758491521,
26.283708572387695,0.9936563758491521,
26.284502029418945,0.9936563758491521,
26.288463592529297,0.9936563758491521,
26.33359718322754,,0.9145690474051478
26.363643646240234,,0.9139876303375034
26.373125076293945,,0.9134062132698586
26.37786293029785,0.9936563758491521,
26.378652572631836,0.9936563758491521,
26.37944221496582,0.9936563758491521,
26.38812828063965,0.9936563758491521,
26.399179458618164,,0.9134062132698586
26.399967193603516,0.9936563758491521,
26.40233612060547,,0.9134062132698586
26.40470314025879,,0.9134062132698586
26.405492782592773,,0.9134062132698586
26.406280517578125,,0.9134062132698586
26.40707015991211,,0.9134062132698586
26.40785789489746,,0.9134062132698586
26.408647537231445,,0.9134062132698586
26.434667587280273,0.9936563758491521,
26.435455322265625,0.9936563758491521,0.9134062132698586
26.43624496459961,0.9936563758491521,
26.43703269958496,,0.9128203208944449
26.44727325439453,,0.91223405222335
26.448850631713867,,0.91223405222335
26.466960906982422,,0.91223405222335
26.467748641967773,,0.91223405222335
26.468534469604492,,0.91223405222335
26.474830627441406,0.9936563758491521,
26.475616455078125,0.9936563758491521,
26.476404190063477,0.9936563758491521,
26.493709564208984,,0.91223405222335
26.53299903869629,0.9936563758491521,
26.548696517944336,,0.9116451341780156
26.570659637451172,0.9936563758491521,
26.606704711914062,,0.9110562161326805
26.616880416870117,,0.9104672980873457
26.61766242980957,,0.9098776171948016
26.618446350097656,,0.9098776171948016
26.61922836303711,,0.9098776171948016
26.6215763092041,,0.9092864036683588
26.635658264160156,,0.9092864036683588
26.648170471191406,0.9936563758491521,
26.650516510009766,,0.9092864036683588
26.6544246673584,,0.9086944203326368
26.656768798828125,,0.9081024369969154
26.664583206176758,0.9936563758491521,
26.66536521911621,0.9936563758491521,
26.66614532470703,0.9936563758491521,
26.698158264160156,,0.9081024369969154
26.70050048828125,,0.9081024369969154
26.701278686523438,,0.9075096808369961
26.70206069946289,,0.9075096808369961
26.70284080505371,,0.9075096808369961
26.706741333007812,,0.9075096808369961
26.719219207763672,,0.9069142020437958
26.72467613220215,,0.9069142020437958
26.795522689819336,,0.9069142020437958
26.79629898071289,,0.9069142020437958
26.797077178955078,,0.9069142020437958
26.79863166809082,,0.9069142020437958
26.799407958984375,,0.9069142020437958
26.833593368530273,,0.9063155788081233
26.851442337036133,0.9936563758491521,
26.86075210571289,,0.905716955572451
26.861528396606445,0.9936563758491521,0.905716955572451
26.862302780151367,0.9936563758491521,
26.863855361938477,0.9936563758491521,
26.8646297454834,0.9936563758491521,0.9051179364219407
26.869281768798828,0.9936563758491521,0.9051179364219407
26.870058059692383,0.9936563758491521,0.9045185205700058
26.870832443237305,0.9936563758491521,
26.876258850097656,0.9936563758491521,
26.880908966064453,,0.9039191047180707
26.88245964050293,0.9936563758491521,
26.88323402404785,0.9936563758491521,0.9039191047180707
26.884010314941406,0.9936563758491521,
26.88555908203125,0.9936563758491521,
26.890209197998047,0.9936563758491521,
26.89098358154297,0.9936563758491521,
26.89175796508789,0.9936563758491521,
26.892532348632812,0.9936563758491521,0.9039191047180707
26.893308639526367,0.9936563758491521,
26.904924392700195,,0.9039191047180707
26.914215087890625,,0.9039191047180707
26.914989471435547,,0.9039191047180707
26.91576385498047,,0.9039191047180707
26.91653823852539,,0.9039191047180707
26.917312622070312,,0.9033160899717609
26.918859481811523,,0.9027126724099888
26.919633865356445,,0.9021092548482175
26.921955108642578,,0.9015058372864465
26.925823211669922,0.9936563758491521,
26.940521240234375,,0.900902419724675
26.943613052368164,,0.900902419724675
26.945159912109375,,0.900902419724675
26.946706771850586,,0.900902419724675
26.947479248046875,,0.900902419724675
26.949026107788086,,0.900902419724675
26.949798583984375,,0.900902419724675
26.952117919921875,,0.900902419724675
26.953664779663086,,0.900902419724675
26.956756591796875,,0.900902419724675
26.958301544189453,,0.900902419724675
26.975297927856445,,0.9002937018735099
26.97684097290039,0.9936563758491521,
26.977615356445312,0.9936563758491521,
26.97838592529297,0.9936563758491521,
26.979930877685547,0.9936563758491521,0.9002937018735099
26.980703353881836,0.9936563758491521,
26.990739822387695,,0.8996845721699424
26.99305534362793,0.9936563758491521,
27.003856658935547,,0.8996845721699424
27.005401611328125,,0.8996845721699424
27.015426635742188,,0.8996845721699424
27.02467918395996,,0.8990737883463371
27.02776336669922,,0.8990737883463371
27.02930450439453,,0.8990737883463371
27.030075073242188,,0.8990737883463371
27.030847549438477,,0.8990737883463371
27.0316162109375,,0.8990737883463371
27.03238868713379,,0.8990737883463371
27.0439453125,,0.898458826794801
27.050107955932617,,0.8978438652432645
27.05318832397461,,0.8972289036917275
27.061656951904297,,0.8966139421401916
27.062427520751953,,0.8959989805886548
27.06319808959961,,0.8953840190371185
27.070125579833984,0.9936563758491521,
27.075511932373047,,0.8947690574855823
27.08628273010254,,0.8941540959340455
27.087051391601562,,0.8941540959340455
27.087820053100586,,0.8941540959340455
27.08858871459961,,0.8941540959340455
27.10550308227539,,0.8941540959340455
27.12548065185547,,0.8935361594475674
27.13239097595215,,0.8929182229610891
27.14006805419922,,0.8923002864746105
27.163854598999023,,0.8916823499881326
27.168455123901367,,0.8910644135016544
27.171524047851562,,0.8904464770151757
27.181488037109375,,0.8898285405286979
27.182254791259766,0.9936563758491521,
27.192983627319336,,0.8892106040422193
27.193748474121094,,0.8885926675557414
27.194515228271484,,0.8885926675557414
27.195281982421875,,0.8879734392159808
27.196046829223633,,0.8873542108762209
27.198345184326172,0.9936563758491521,
27.204471588134766,,0.8867349825364609
27.213661193847656,,0.8861157541967004
27.226673126220703,,0.8861157541967004
27.257261276245117,,0.8854960928301293
27.276363372802734,,0.8848759975270272
27.277128219604492,,0.8848759975270272
27.28476333618164,,0.8848759975270272
27.30994987487793,,0.8848759975270272
27.320627212524414,,0.8842545958433703
27.32139015197754,,0.8836331941597136
27.358728408813477,0.9936563758491521,
27.35948944091797,0.9936563758491521,
27.36025047302246,0.9936563758491521,
27.361011505126953,0.9936563758491521,
27.361774444580078,0.9936563758491521,
27.36253547668457,,0.8836331941597136
27.363296508789062,,0.8836331941597136
27.364057540893555,,0.8830082767663906
27.364818572998047,,0.8830082767663906
27.365581512451172,,0.8830082767663906
27.367103576660156,,0.8830082767663906
27.36786460876465,,0.8830082767663906
27.369386672973633,,0.8830082767663906
27.383085250854492,,0.8830082767663906
27.385366439819336,,0.8830082767663906
27.38688850402832,0.9936563758491521,
27.389171600341797,0.9936563758491521,0.8830082767663906
27.39145278930664,0.9936563758491521,
27.393733978271484,0.9936563758491521,
27.394495010375977,0.9936563758491521,
27.396015167236328,0.9936563758491521,
27.39677619934082,0.9936563758491521,
27.398296356201172,0.9936563758491521,
27.399818420410156,0.9936563758491521,
27.401338577270508,,0.8823775565687009
27.405139923095703,,0.8823775565687009
27.406660079956055,0.9936563758491521,
27.408939361572266,,0.8823775565687009
27.4119815826416,,0.8817459334072344
27.414260864257812,0.9936563758491521,
27.415019989013672,0.9936563758491521,
27.415781021118164,0.9936563758491521,
27.416540145874023,0.9936563758491521,
27.418819427490234,0.9936563758491521,
27.419578552246094,0.9936563758491521,
27.420339584350586,0.9936563758491521,
27.421098709106445,0.9936563758491521,
27.421857833862305,,0.8817459334072344
27.422618865966797,0.9936563758491521,
27.423377990722656,0.9936563758491521,
27.424137115478516,0.9936563758491521,
27.424898147583008,0.9936563758491521,
27.427175521850586,,0.8811138574693084
27.431734085083008,,0.8811138574693084
27.432493209838867,0.9936563758491521,
27.434770584106445,,0.8804808733762985
27.437808990478516,,0.8798478892832889
27.44388198852539,,0.8798478892832889
27.447677612304688,0.9936563758491521,
27.479537963867188,,0.8792139931094531
27.490907669067383,0.9936563758491521,
27.492422103881836,,0.8785796395790713
27.553735733032227,,0.8779452860486888
27.55449104309082,,0.8773109325183074
27.55600357055664,,0.8773109325183074
27.556758880615234,,0.8773109325183074
27.558271408081055,,0.8773109325183074
27.559783935546875,0.9936563758491521,
27.571874618530273,,0.8766738149202552
27.5726318359375,,0.8760366973222025
27.57489776611328,,0.8760366973222025
27.587738037109375,,0.8760366973222025
27.58849334716797,,0.8760366973222025
27.59528923034668,,0.8760366973222025
27.596044540405273,,0.8760366973222025
27.60811996459961,,0.8753967873898999
27.618682861328125,,0.8753967873898999
27.630748748779297,,0.8747564093449919
27.633010864257812,,0.8741160313000834
27.64130401611328,,0.8741160313000834
27.645071029663086,0.9936563758491521,
27.656373977661133,,0.8741160313000834
27.658634185791016,,0.8741160313000834
27.659387588500977,,0.8734737711742198
27.660139083862305,,0.8734737711742198
27.67896270751953,0.9936563758491521,
27.679716110229492,0.9936563758491521,0.8734737711742198
27.687240600585938,0.9936563758491521,
27.689498901367188,0.9936563758491521,0.8728272324834915
27.712060928344727,,0.8728272324834915
27.713565826416016,,0.8728272324834915
27.732351303100586,,0.872179734536545
27.73760986328125,0.9936563758491521,
27.74061393737793,,0.872179734536545
27.741365432739258,,0.872179734536545
27.74286651611328,,0.8708828129982007
27.759382247924805,,0.8708828129982007
27.772138595581055,,0.8708828129982007
27.773637771606445,,0.8708828129982007
27.774389266967773,,0.8702319289825075
27.783388137817383,0.9936563758491521,
27.784137725830078,0.9936563758491521,0.8695810449668133
27.784887313842773,0.9936563758491521,
27.79088592529297,,0.8689301609511201
27.793134689331055,,0.8682792769354258
27.799131393432617,0.9936563758491521,
27.806623458862305,,0.8682792769354258
27.823101043701172,,0.867627904634649
27.823850631713867,,0.867627904634649
27.82459831237793,,0.867627904634649
27.827594757080078,,0.8669706107675015
27.832834243774414,,0.8663133169003541
27.834331512451172,,0.8656560230332062
27.835081100463867,,0.8649987291660594
27.836576461791992,,0.8643414352989119
27.83807373046875,,0.863684141431764
27.839570999145508,,0.8630263469599956
27.84031867980957,,0.8630263469599956
27.84406089782715,,0.8623680507380579
27.84480857849121,,0.8623680507380579
27.85677719116211,0.9936563758491521,
27.863506317138672,,0.8617092516160272
27.864253997802734,,0.8617092516160272
27.865001678466797,,0.8617092516160272
27.866497039794922,,0.8617092516160272
27.901613235473633,,0.8617092516160272
27.90907859802246,,0.861047416553342
27.918781280517578,,0.8603855814906572
27.92251205444336,,0.8603855814906572
27.92848014831543,0.9936563758491521,
27.92922592163086,,0.8603855814906572
27.93146324157715,,0.8603855814906572
27.932954788208008,,0.8603855814906572
27.93370246887207,,0.8603855814906572
27.934446334838867,,0.8603855814906572
27.935192108154297,,0.8603855814906572
27.940412521362305,,0.859718098494932
27.942649841308594,,0.859718098494932
27.943395614624023,,0.8583820952338677
27.944141387939453,,0.8577135733528444
27.95383071899414,,0.8577135733528444
27.96202850341797,0.9936563758491521,
27.967987060546875,0.9936563758491521,
27.968732833862305,0.9936563758491521,0.857044530003895
27.969478607177734,0.9936563758491521,0.857044530003895
27.97022247314453,0.9936563758491521,0.857044530003895
27.970966339111328,,0.857044530003895
27.973947525024414,0.9936563758491521,
27.97469139099121,0.9936563758491521,
27.975435256958008,0.9936563758491521,
27.976181030273438,0.9932333633434688,
27.985858917236328,0.9932333633434688,
27.986604690551758,0.9932333633434688,
27.987348556518555,0.9932333633434688,
27.98809242248535,0.9932333633434688,
27.98883628845215,0.9932333633434688,
27.993303298950195,0.9932333633434688,
27.994047164916992,0.9932333633434688,
27.99479103088379,0.9932333633434688,
27.995534896850586,0.9932333633434688,
27.996280670166016,0.9932333633434688,
27.99702262878418,0.9932333633434688,
27.99776840209961,0.9932333633434688,
27.999256134033203,0.9932333633434688,
28.01190185546875,0.9932333633434688,
28.012645721435547,0.9932333633434688,
28.013389587402344,0.9932333633434688,
28.023799896240234,0.9932333633434688,
28.02454376220703,0.9932333633434688,0.857044530003895
28.027517318725586,0.9932333633434688,
28.02825927734375,0.9932333633434688,0.857044530003895
28.029003143310547,0.9932333633434688,0.857044530003895
28.029747009277344,,0.857044530003895
28.030488967895508,0.9932333633434688,0.857044530003895
28.031232833862305,0.9932333633434688,0.857044530003895
28.0319766998291,0.9932333633434688,0.857044530003895
28.039405822753906,,0.8563632545428429
28.040149688720703,,0.8563632545428429
28.072080612182617,0.9932333633434688,
28.07282066345215,0.9932333633434688,
28.083209991455078,,0.8563632545428429
28.08543586730957,0.9932333633434688,
28.096559524536133,,0.8563632545428429
28.098783493041992,,0.8563632545428429
28.103973388671875,0.9932333633434688,0.8563632545428429
28.106197357177734,,0.8556792583331445
28.127685546875,,0.8549952621234452
28.140274047851562,0.9932333633434688,0.8549952621234452
28.141014099121094,0.9932333633434688,
28.144716262817383,0.9932333633434688,
28.146936416625977,0.9932333633434688,
28.150636672973633,,0.8543101697659743
28.15433692932129,,0.8536250774085036
28.15507698059082,,0.8529399850510327
28.15581703186035,,0.8529399850510327
28.156557083129883,,0.8522537903727936
28.15729522705078,,0.8508814010163159
28.166173934936523,,0.8508814010163159
28.169872283935547,0.9932333633434688,
28.170610427856445,,0.8508814010163159
28.172828674316406,,0.8508814010163159
28.183181762695312,,0.8508814010163159
28.195743560791016,,0.8508814010163159
28.198699951171875,0.9932333633434688,
28.204608917236328,0.9932333633434688,
28.20534896850586,0.9932333633434688,
28.206087112426758,0.9932333633434688,0.8508814010163159
28.225284576416016,,0.8508814010163159
28.233402252197266,0.9932333633434688,
28.234878540039062,,0.8508814010163159
28.237091064453125,,0.8508814010163159
28.240041732788086,,0.8508814010163159
28.249631881713867,0.9932333633434688,
28.250368118286133,0.9932333633434688,
28.25110626220703,0.9932333633434688,
28.25184440612793,0.9932333633434688,
28.282798767089844,0.9932333633434688,
28.28500747680664,,0.8508814010163159
28.285743713378906,,0.8508814010163159
28.286479949951172,,0.8508814010163159
28.28721809387207,,0.8508814010163159
28.287954330444336,,0.8508814010163159
28.298263549804688,,0.8508814010163159
28.301206588745117,,0.8501850987241582
28.301942825317383,0.9932333633434688,
28.312246322631836,,0.8501850987241582
28.313718795776367,,0.8501850987241582
28.314455032348633,,0.8501850987241582
28.315189361572266,,0.8501850987241582
28.318134307861328,,0.8501850987241582
28.31886863708496,,0.8501850987241582
28.321075439453125,,0.8501850987241582
28.329166412353516,,0.8501850987241582
28.33137321472168,,0.8501850987241582
28.33357810974121,,0.8501850987241582
28.3460750579834,,0.8501850987241582
28.347545623779297,,0.8501850987241582
28.34827995300293,,0.8501850987241582
28.349016189575195,,0.8501850987241582
28.35048484802246,,0.8501850987241582
28.351953506469727,,0.8501850987241582
28.352689743041992,,0.8501850987241582
28.354158401489258,,0.8501850987241582
28.354894638061523,,0.8501850987241582
28.35636329650879,,0.8487633845122453
28.358566284179688,,0.8487633845122453
28.36591339111328,,0.8480519315495364
28.366647720336914,,0.8480519315495364
28.36811637878418,,0.8473398812291756
28.37105369567871,,0.8473398812291756
28.378395080566406,,0.8459133831126282
28.37912940979004,,0.8452001340543538
28.38206672668457,,0.8452001340543538
28.383533477783203,0.9932333633434688,
28.384267807006836,0.9932333633434688,
28.387203216552734,,0.8452001340543538
28.390138626098633,,0.8452001340543538
28.390872955322266,,0.8452001340543538
28.3916072845459,,0.8452001340543538
28.394540786743164,,0.8452001340543538
28.39600944519043,,0.8452001340543538
28.39674186706543,,0.8452001340543538
28.40114402770996,0.9932333633434688,
28.401878356933594,,0.8444789735304168
28.407745361328125,0.9932333633434688,
28.409212112426758,0.9932333633434688,
28.409944534301758,0.9932333633434688,
28.41067886352539,0.9932333633434688,
28.41581153869629,0.9932333633434688,
28.41654396057129,0.9932333633434688,
28.420209884643555,0.9932333633434688,
28.420942306518555,,0.8444789735304168
28.42534065246582,,0.8444789735304168
28.428272247314453,,0.8444789735304168
28.429004669189453,,0.8444789735304168
28.429737091064453,,0.8444789735304168
28.430471420288086,,0.8444789735304168
28.431203842163086,,0.8444789735304168
28.44219207763672,,0.8444789735304168
28.44292449951172,,0.8444789735304168
28.44365882873535,,0.8444789735304168
28.44512176513672,,0.8444789735304168
28.45464324951172,,0.8444789735304168
28.456106185913086,,0.8444789735304168
28.456838607788086,,0.8444789735304168
28.460498809814453,,0.8437440048850462
28.461231231689453,,0.8437440048850462
28.470014572143555,0.9932333633434688,
28.472209930419922,,0.8437440048850462
28.474403381347656,,0.8437440048850462
28.475135803222656,,0.8437440048850462
28.475866317749023,,0.8437440048850462
28.483182907104492,,0.8437440048850462
28.48464584350586,,0.8437440048850462
28.485376358032227,,0.8437440048850462
28.486839294433594,,0.8437440048850462
28.48756980895996,,0.8437440048850462
28.490495681762695,,0.8429999625526965
28.49561309814453,0.9932333633434688,
28.49634552001953,0.9932333633434688,
28.500730514526367,,0.8429999625526965
28.501461029052734,,0.8429999625526965
28.505117416381836,,0.8429999625526965
28.50657844543457,,0.8429999625526965
28.526304244995117,,0.8422532841093378
28.53214454650879,0.9932333633434688,
28.532875061035156,0.9932333633434688,
28.54674530029297,,0.8422532841093378
28.549663543701172,,0.8422532841093378
28.552583694458008,,0.8422532841093378
28.553312301635742,,0.8422532841093378
28.55404281616211,,0.8422532841093378
28.556230545043945,,0.8422532841093378
28.55914878845215,,0.8422532841093378
28.56060791015625,,0.8422532841093378
28.561338424682617,,0.8422532841093378
28.563526153564453,,0.8422532841093378
28.564254760742188,,0.8422532841093378
28.564983367919922,,0.8422532841093378
28.56571388244629,,0.8422532841093378
28.566442489624023,,0.8422532841093378
28.567171096801758,,0.8422532841093378
28.567901611328125,,0.8422532841093378
28.578838348388672,,0.8422532841093378
28.582483291625977,0.9932333633434688,
28.58321189880371,0.9932333633434688,
28.583940505981445,0.9932333633434688,
28.585397720336914,0.9932333633434688,
28.58612823486328,0.9932333633434688,
28.591957092285156,,0.8422532841093378
28.59268569946289,,0.8422532841093378
28.59414291381836,,0.8422532841093378
28.597057342529297,,0.8422532841093378
28.617446899414062,0.9932333633434688,
28.623271942138672,,0.8422532841093378
28.623998641967773,,0.8422532841093378
28.624727249145508,,0.8422532841093378
28.626182556152344,,0.8422532841093378
28.626911163330078,,0.8422532841093378
28.62763786315918,,0.8422532841093378
28.636369705200195,,0.8422532841093378
28.637096405029297,,0.8422532841093378
28.639278411865234,,0.8422532841093378
28.643644332885742,0.9932333633434688,
28.64582633972168,,0.8422532841093378
28.64946174621582,,0.8414805746743751
28.65309715270996,,0.8407078652394121
28.669815063476562,,0.8407078652394121
28.674901962280273,,0.8407078652394121
28.675628662109375,,0.8407078652394121
28.676355361938477,,0.8407078652394121
28.677082061767578,,0.8399294320308567
28.67780876159668,,0.8399294320308567
28.67853355407715,,0.8399294320308567
28.690881729125977,,0.8399294320308567
28.693784713745117,,0.8399294320308567
28.69451141357422,,0.8399294320308567
28.72063636779785,,0.8399294320308567
28.731515884399414,,0.8399294320308567
28.732240676879883,,0.8399294320308567
28.73296546936035,,0.8399294320308567
28.73369026184082,,0.8399294320308567
28.735139846801758,,0.8391385380270608
28.738040924072266,,0.8383468978968467
28.74311637878418,,0.8383468978968467
28.748912811279297,,0.8375545095245435
28.766300201416016,,0.8367621211522401
28.767024993896484,,0.8367621211522401
28.76774787902832,,0.8351758422495815
28.76847267150879,,0.8351758422495815
28.769920349121094,,0.8343819488634128
28.788742065429688,0.9932333633434688,
28.789464950561523,0.9932333633434688,
28.794530868530273,,0.8335880554772436
28.79525375366211,0.9932333633434688,
28.795976638793945,0.9932333633434688,
28.798871994018555,0.9932333633434688,
28.825626373291016,0.9932333633434688,
28.82634735107422,0.9932333633434688,
28.827070236206055,0.9932333633434688,
28.82779312133789,0.9932333633434688,
28.837186813354492,,0.8327941620910748
28.868234634399414,0.9932333633434688,
28.873287200927734,0.9932333633434688,
28.874008178710938,0.9932333633434688,
28.87472915649414,0.9932333633434688,
28.876171112060547,0.9932333633434688,
28.877614974975586,0.9932333633434688,
28.87833595275879,0.9932333633434688,
28.879058837890625,0.9932333633434688,
28.879779815673828,0.9932333633434688,
28.893482208251953,0.9932333633434688,
28.894203186035156,0.9932333633434688,
28.89492416381836,0.9932333633434688,
28.900691986083984,,0.8327941620910748
28.906457901000977,0.9932333633434688,0.8327941620910748
28.90717887878418,0.9932333633434688,
28.908620834350586,0.9932333633434688,0.8327941620910748
28.90934181213379,,0.8327941620910748
28.910062789916992,,0.8327941620910748
28.910781860351562,0.9932333633434688,0.8327941620910748
28.911502838134766,0.9932333633434688,
28.91294288635254,,0.8327941620910748
28.913663864135742,,0.8327941620910748
28.914384841918945,,0.8327941620910748
28.91510581970215,,0.8327941620910748
28.92591094970703,,0.8319879721955366
28.938871383666992,,0.8319879721955366
28.94103240966797,,0.8319879721955366
28.944631576538086,0.9932333633434688,
28.956865310668945,,0.8319879721955366
28.977720260620117,0.9932333633434688,
29.00071907043457,0.9932333633434688,
29.016517639160156,,0.8319879721955366
29.0186710357666,,0.8319879721955366
29.02872085571289,0.9932333633434688,
29.029438018798828,0.9932333633434688,0.8319879721955366
29.0301570892334,0.9932333633434688,
29.030874252319336,,0.8319879721955366
29.031591415405273,,0.8319879721955366
29.038766860961914,,0.8319879721955366
29.04092025756836,,0.8319879721955366
29.041637420654297,,0.8319879721955366
29.043071746826172,,0.8319879721955366
29.06028175354004,0.9932333633434688,
29.060998916625977,,0.8319879721955366
29.061716079711914,0.9932333633434688,
29.06243324279785,0.9932333633434688,
29.06960105895996,0.9932333633434688,
29.0760498046875,,0.8319879721955366
29.076765060424805,,0.8319879721955366
29.077482223510742,,0.8319879721955366
29.088943481445312,,0.8319879721955366
29.090375900268555,,0.8319879721955366
29.101116180419922,,0.8311584727217619
29.15404510498047,,0.8311584727217619
29.154760360717773,,0.8303281445771847
29.155473709106445,,0.8294969852733035
29.15618896484375,,0.8294969852733035
29.157617568969727,,0.8294969852733035
29.172618865966797,,0.828660798796214
29.182615280151367,0.9932333633434688,
29.207590103149414,0.9932333633434688,
29.236106872558594,,0.8278246123191239
29.23895835876465,,0.826988425842034
29.244657516479492,0.9932333633434688,
29.245370864868164,0.9932333633434688,
29.246793746948242,0.9932333633434688,
29.251068115234375,,0.8261522393649441
29.252492904663086,,0.8261522393649441
29.253917694091797,0.9932333633434688,
29.254629135131836,0.9932333633434688,
29.255340576171875,0.9932333633434688,
29.256053924560547,0.9932333633434688,
29.256765365600586,0.9932333633434688,
29.268869400024414,0.9932333633434688,
29.284523010253906,,0.8261522393649441
29.285234451293945,,0.8253135061270099
29.286657333374023,0.9932333633434688,0.823636039651142
29.287368774414062,0.9932333633434688,
29.28950309753418,,0.823636039651142
29.29021453857422,,0.823636039651142
29.292348861694336,,0.823636039651142
29.293058395385742,,0.823636039651142
29.29376983642578,,0.822792150266254
29.32504653930664,0.9932333633434688,
29.33357048034668,,0.822792150266254
29.339252471923828,,0.822792150266254
29.34564208984375,0.9932333633434688,
29.34777069091797,0.9932333633434688,
29.348480224609375,0.9932333633434688,
29.355579376220703,,0.822792150266254
29.356998443603516,,0.822792150266254
29.358417510986328,,0.822792150266254
29.37473487854004,0.9932333633434688,0.82194127937663
29.376861572265625,0.9932333633434688,
29.37757110595703,0.9932333633434688,
29.40450668334961,,0.82194127937663
29.43708038330078,0.9932333633434688,
29.437788009643555,0.9932333633434688,
29.438495635986328,0.9932333633434688,
29.4392032623291,,0.8210895267555142
29.44486427307129,,0.8202377741343987
29.457595825195312,0.9927279010720471,
29.468910217285156,,0.8202377741343987
29.485872268676758,0.9927279010720471,
29.4865779876709,0.9927279010720471,0.8202377741343987
29.4901123046875,0.9927279010720471,
29.49081802368164,0.9927279010720471,
29.49152374267578,0.9927279010720471,
29.49576187133789,0.9927279010720471,
29.496469497680664,0.9927279010720471,
29.524002075195312,0.9927279010720471,
29.52470588684082,0.9927279010720471,
29.525413513183594,0.9927279010720471,
29.538110733032227,,0.8202377741343987
29.543752670288086,0.9927279010720471,
29.580398559570312,,0.8202377741343987
29.583919525146484,,0.8202377741343987
29.6036319732666,,0.8202377741343987
29.60433578491211,,0.8202377741343987
29.605037689208984,,0.8202377741343987
29.605743408203125,,0.8202377741343987
29.628252029418945,0.9927279010720471,
29.628955841064453,0.9927279010720471,
29.62965965270996,,0.8202377741343987
29.630361557006836,,0.8202377741343987
29.63176727294922,,0.8202377741343987
29.635282516479492,0.9927279010720471,0.8202377741343987
29.635986328125,,0.8202377741343987
29.650745391845703,,0.8202377741343987
29.651447296142578,,0.8202377741343987
29.652149200439453,,0.8202377741343987
29.65285301208496,,0.8202377741343987
29.655662536621094,,0.8193670333975253
29.65636444091797,,0.8184944380477941
29.657068252563477,,0.817620911433015
29.65777015686035,,0.817620911433015
29.661983489990234,0.9927279010720471,
29.662687301635742,0.9927279010720471,
29.664091110229492,0.9927279010720471,
29.673219680786133,,0.817620911433015
29.67392349243164,,0.8167455143115662
29.674623489379883,,0.8167455143115662
29.67532730102539,,0.8167455143115662
29.68375015258789,,0.8167455143115662
29.68515396118164,,0.8167455143115662
29.68655776977539,,0.8167455143115662
29.698484420776367,0.9927279010720471,
29.699186325073242,0.9927279010720471,
29.70549964904785,0.9927279010720471,
29.70690155029297,,0.8167455143115662
29.71251106262207,0.9927279010720471,
29.71391487121582,0.9927279010720471,
29.747549057006836,,0.8167455143115662
29.749650955200195,,0.8167455143115662
29.750349044799805,0.9927279010720471,
29.75105094909668,,0.8167455143115662
29.751750946044922,,0.8167455143115662
29.75945281982422,,0.8167455143115662
29.76295280456543,,0.8158567814341873
29.767850875854492,,0.8158567814341873
29.7790470123291,0.9927279010720471,
29.78814125061035,0.9927279010720471,
29.789539337158203,0.9927279010720471,
29.790239334106445,0.9927279010720471,
29.79233741760254,0.9927279010720471,0.8158567814341873
29.79373550415039,0.9927279010720471,
29.798629760742188,0.9927279010720471,
29.79932975769043,,0.8158567814341873
29.80002784729004,,0.8158567814341873
29.80142593383789,,0.8149631814545222
29.802125930786133,,0.8149631814545222
29.802824020385742,,0.8149631814545222
29.815404891967773,0.9927279010720471,
29.816102981567383,0.9927279010720471,
29.816802978515625,0.9927279010720471,
29.8174991607666,0.9927279010720471,
29.827978134155273,0.9927279010720471,0.8149631814545222
29.828678131103516,0.9927279010720471,
29.829376220703125,0.9927279010720471,
29.83705711364746,0.9927279010720471,
29.83775520324707,0.9927279010720471,
29.83845329284668,0.9927279010720471,
29.83915138244629,0.9927279010720471,
29.83985137939453,0.9927279010720471,
29.840547561645508,0.9927279010720471,
29.84892463684082,0.9927279010720471,
29.84962272644043,0.9927279010720471,
29.85101890563965,0.9927279010720471,
29.851716995239258,0.9927279010720471,
29.85660171508789,0.9927279010720471,
29.8572998046875,0.9927279010720471,
29.864276885986328,,0.8149631814545222
29.92281723022461,0.9927279010720471,
29.923513412475586,,0.8149631814545222
29.924209594726562,,0.8149631814545222
29.940914154052734,,0.8149631814545222
29.947175979614258,,0.8149631814545222
29.947872161865234,,0.8149631814545222
29.948566436767578,,0.8149631814545222
29.94995880126953,,0.8149631814545222
29.95134925842285,,0.8149631814545222
29.958303451538086,,0.8149631814545222
29.958999633789062,,0.8149631814545222
29.959693908691406,,0.8149631814545222
29.960390090942383,,0.8149631814545222
29.981245040893555,0.9927279010720471,
29.993749618530273,,0.8149631814545222
29.999305725097656,0.9927279010720471,
30.021520614624023,,0.8140433584506229
30.022907257080078,,0.8140433584506229
30.024295806884766,,0.8140433584506229
30.025684356689453,,0.8140433584506229
30.027070999145508,,0.813120406797051
30.02984619140625,,0.8121953551397169
30.032621383666992,,0.811270303482382
30.034008026123047,,0.811270303482382
30.04787826538086,,0.8103441958300044
30.056198120117188,0.9927279010720471,
30.06174087524414,,0.8094180881776275
30.063819885253906,,0.8084919805252502
30.06451416015625,,0.8084919805252502
30.065898895263672,,0.8084919805252502
30.066593170166016,,0.8084919805252502
30.067285537719727,,0.8084919805252502
30.09014320373535,,0.8084919805252502
30.09083366394043,,0.8075594638233758
30.092910766601562,,0.8075594638233758
30.094297409057617,,0.8075594638233758
30.095680236816406,,0.8075594638233758
30.096372604370117,,0.8075594638233758
30.09844970703125,,0.8075594638233758
30.09914207458496,,0.8075594638233758
30.100526809692383,0.9927279010720471,
30.10121726989746,,0.8075594638233758
30.11298179626465,,0.8075594638233758
30.113672256469727,,0.8066149498306006
30.11505699157715,,0.8066149498306006
30.116439819335938,,0.8066149498306006
30.11713218688965,,0.8066149498306006
30.126123428344727,,0.8066149498306006
30.130964279174805,,0.8066149498306006
30.133037567138672,,0.8066149498306006
30.141334533691406,,0.8056592449137393
30.143407821655273,,0.8056592449137393
30.14478874206543,,0.8056592449137393
30.160680770874023,,0.8056592449137393
30.163442611694336,,0.8047001267650323
30.188987731933594,0.9921720623816372,
30.189678192138672,,0.8037410086163256
30.191059112548828,,0.8037410086163256
30.20071792602539,0.9921720623816372,
30.215200424194336,0.9921720623816372,
30.24070167541504,,0.8037410086163256
30.241390228271484,,0.8037410086163256
30.24207878112793,,0.8037410086163256
30.242767333984375,,0.8037410086163256
30.243457794189453,,0.8037410086163256
30.24552345275879,,0.8027738112533691
30.259296417236328,,0.8027738112533691
30.261362075805664,,0.8027738112533691
30.26205062866211,,0.8027738112533691
30.270309448242188,,0.8027738112533691
30.270998001098633,,0.8027738112533691
30.273061752319336,,0.8027738112533691
30.28131866455078,,0.8027738112533691
30.308826446533203,,0.8027738112533691
30.310888290405273,,0.8027738112533691
30.31226348876953,,0.8027738112533691
30.31363868713379,,0.8027738112533691
30.338369369506836,0.9921720623816372,
30.33974266052246,,0.8027738112533691
30.340429306030273,,0.8027738112533691
30.341115951538086,,0.8027738112533691
30.343175888061523,,0.8027738112533691
30.38434410095215,0.9921720623816372,
30.385028839111328,0.9921720623816372,0.8017815074075677
30.403535842895508,,0.8017815074075677
30.404905319213867,,0.8017815074075677
30.411758422851562,,0.8007867412693453
30.441200256347656,,0.8007867412693453
30.44598960876465,,0.8007867412693453
30.450096130371094,,0.8007867412693453
30.487703323364258,,0.8007867412693453
30.57708740234375,,0.7997870075099575
30.580495834350586,,0.7997870075099575
30.602968215942383,,0.7987860225193321
30.62202262878418,,0.7987860225193321
30.622703552246094,,0.7987860225193321
30.623384475708008,,0.7987860225193321
30.624744415283203,,0.7987860225193321
30.625425338745117,,0.7987860225193321
30.627466201782227,,0.7987860225193321
30.633586883544922,,0.7987860225193321
30.634267807006836,,0.7987860225193321
30.634946823120117,,0.7987860225193321
30.656021118164062,,0.7987860225193321
30.67368507385254,,0.7977671627967308
30.682514190673828,,0.7977671627967308
30.685230255126953,,0.7977671627967308
30.686588287353516,,0.7977671627967308
30.68862533569336,,0.7977671627967308
30.735429763793945,,0.7977671627967308
30.736106872558594,,0.7977671627967308
30.736785888671875,,0.7977671627967308
30.738819122314453,,0.7977671627967308
30.743562698364258,,0.7967377858124769
30.784194946289062,,0.7967377858124769
30.78487205505371,,0.7967377858124769
30.803138732910156,,0.7967377858124769
30.803813934326172,,0.7967377858124769
30.80449104309082,,0.7967377858124769
30.805166244506836,,0.7967377858124769
30.805843353271484,0.9921720623816372,
30.806520462036133,0.9921720623816372,
30.80719566345215,,0.7967377858124769
30.833559036254883,,0.7956976581547585
30.8342342376709,,0.7956976581547585
30.83558464050293,,0.7956976581547585
30.92531394958496,,0.7956976581547585
30.925987243652344,,0.7956976581547585
30.926660537719727,,0.7956976581547585
30.928009033203125,,0.7956976581547585
30.949556350708008,0.9921720623816372,
30.952247619628906,,0.7946479250965065
30.957632064819336,0.9921720623816372,
30.970417022705078,,0.7946479250965065
31.012765884399414,,0.7946479250965065
31.014110565185547,,0.7946479250965065
31.026199340820312,,0.7946479250965065
31.027542114257812,,0.7946479250965065
31.028213500976562,,0.7946479250965065
31.028884887695312,,0.7946479250965065
31.032913208007812,,0.7946479250965065
31.03358268737793,,0.7946479250965065
31.034255981445312,0.9921720623816372,
31.03559684753418,,0.7946479250965065
31.063108444213867,,0.793578412411316
31.063777923583984,0.9921720623816372,
31.112028121948242,,0.793578412411316
31.11336898803711,,0.793578412411316
31.12407875061035,,0.793578412411316
31.147499084472656,,0.793578412411316
31.154855728149414,,0.793578412411316
31.159536361694336,,0.793578412411316
31.16956329345703,,0.793578412411316
31.196287155151367,,0.793578412411316
31.214981079101562,,0.793578412411316
31.223655700683594,,0.793578412411316
31.240331649780273,,0.793578412411316
31.244333267211914,,0.793578412411316
31.244998931884766,,0.793578412411316
31.246999740600586,,0.793578412411316
31.249666213989258,,0.793578412411316
31.334218978881836,,0.793578412411316
31.334884643554688,,0.793578412411316
31.33555030822754,,0.793578412411316
31.33687973022461,,0.793578412411316
31.337543487548828,,0.793578412411316
31.33820915222168,,0.793578412411316
31.39798355102539,0.9921720623816372,
31.44373321533203,,0.793578412411316
31.445720672607422,,0.793578412411316
31.446382522583008,,0.793578412411316
31.447708129882812,,0.793578412411316
31.449033737182617,,0.793578412411316
31.453006744384766,,0.7924591198691279
31.45433235168457,,0.7913398273269403
31.468900680541992,,0.7913398273269403
31.543621063232422,,0.7913398273269403
31.596412658691406,0.9921720623816372,
31.599050521850586,0.9921720623816372,
31.660306930541992,0.9921720623816372,
31.695819854736328,0.9921720623816372,
31.79819107055664,,0.7913398273269403
31.813257217407227,0.9921720623816372,
31.857757568359375,,0.7913398273269403
31.878023147583008,0.9921720623816372,
31.87867546081543,0.9921720623816372,
31.879329681396484,0.9921720623816372,
31.90219497680664,,0.7913398273269403
31.938091278076172,0.9921720623816372,
31.938743591308594,0.9921720623816372,
32.047489166259766,,0.7913398273269403
32.07283401489258,,0.7902093418593306
32.07413101196289,0.9921720623816372,
32.088417053222656,,0.7890788563917206
32.10789108276367,,0.7890788563917206
32.10853958129883,,0.7890788563917206
32.10983657836914,,0.7890788563917206
32.124107360839844,,0.7890788563917206
32.1837158203125,0.9921720623816372,
32.18824768066406,0.9921720623816372,
32.2354621887207,,0.7879385690269932
32.30131530761719,,0.7879385690269932
32.47691345214844,,0.7879385690269932
32.54035949707031,,0.7867949716844285
32.60112380981445,,0.7867949716844285
32.627315521240234,,0.7856497097169111
32.64008331298828,0.9921720623816372,
32.70894241333008,,0.7856497097169111
32.710853576660156,,0.7856497097169111
32.713401794433594,0.9921720623816372,
32.71403884887695,0.9921720623816372,
32.71467590332031,0.9921720623816372,
32.71595001220703,0.9921720623816372,
32.725502014160156,0.9921720623816372,
32.72677230834961,0.9921720623816372,
32.72740936279297,0.9921720623816372,
32.72804641723633,0.9921720623816372,
32.72868347167969,0.9921720623816372,0.7856497097169111
32.74077606201172,0.9921720623816372,
32.74140930175781,0.9921720623816372,0.7856497097169111
32.74650192260742,0.9915894598787711,
32.792274475097656,0.9910068573759041,
32.85955047607422,0.9910068573759041,
32.895668029785156,0.9910068573759041,
32.89630126953125,0.9910068573759041,
32.896934509277344,0.9910068573759041,
32.90833282470703,0.9910068573759041,0.7856497097169111
32.908966064453125,0.9910068573759041,
32.90959930419922,0.9910068573759041,
32.91023254394531,0.9910068573759041,
32.910865783691406,0.9910068573759041,
32.912132263183594,0.9910068573759041,
32.91276168823242,0.9910068573759041,
32.913394927978516,0.9910068573759041,
32.91402816772461,,0.784496039071218
32.92478561401367,0.9910068573759041,
32.92542266845703,0.9910068573759041,
32.92605209350586,0.9910068573759041,
32.92668533325195,0.9910068573759041,
32.92731857299805,0.9910068573759041,
32.92795181274414,0.9910068573759041,
32.93743896484375,,0.784496039071218
32.962730407714844,0.9910068573759041,
32.96336364746094,0.9910068573759041,
32.96399688720703,0.9910068573759041,0.784496039071218
32.96525955200195,0.9910068573759041,
32.96589279174805,0.9910068573759041,
32.98674011230469,,0.7833389652672783
32.99494934082031,0.9910068573759041,
32.995582580566406,0.9910068573759041,
32.996212005615234,0.9910068573759041,
33.01451873779297,,0.7833389652672783
33.017669677734375,,0.7833389652672783
33.01830291748047,,0.7833389652672783
33.0189323425293,,0.7833389652672783
33.126651763916016,,0.7833389652672783
33.13105392456055,,0.7833389652672783
33.13671112060547,0.9903800345692146,
33.14990997314453,,0.7833389652672783
33.152427673339844,,0.7833389652672783
33.2202262878418,,0.782161011936049
33.30039978027344,0.9903800345692146,
33.31791305541992,,0.782161011936049
33.43090057373047,0.9903800345692146,
33.50559616088867,,0.7809812819029631
33.52238082885742,,0.7798015518698767
33.53667068481445,,0.7786218218367909
33.53791427612305,,0.7786218218367909
33.538536071777344,,0.7786218218367909
33.53915786743164,,0.7786218218367909
33.55467987060547,0.9903800345692146,
33.57454299926758,,0.7774239421108884
33.6086540222168,,0.7774239421108884
33.62042999267578,0.9903800345692146,
33.62724685668945,0.9903800345692146,
33.63034439086914,,0.7774239421108884
33.63282012939453,,0.7774239421108884
33.63529968261719,0.9903800345692146,
33.643348693847656,,0.7774239421108884
33.716339111328125,,0.7762186336735075
33.726844787597656,,0.7762186336735075
33.74290084838867,,0.7750038940276961
33.746604919433594,,0.7737891543818847
33.80582046508789,0.9903800345692146,
33.81998825073242,0.9897500218245776,
33.83353805541992,0.9897500218245776,
33.83415603637695,0.9897500218245776,
33.83477020263672,0.9897500218245776,0.7737891543818847
33.83538818359375,0.9897500218245776,
33.84831237792969,0.9897500218245776,
33.868003845214844,,0.7737891543818847
33.92516326904297,,0.7737891543818847
33.93805694580078,,0.7737891543818847
33.966896057128906,,0.7737891543818847
33.96812438964844,,0.7737891543818847
34.05449295043945,,0.772562864121375
34.076507568359375,,0.7713365738608651
34.09423065185547,0.9897500218245776,
34.13148498535156,0.9897500218245776,
34.1491813659668,,0.7701102836003545
34.1504020690918,0.9897500218245776,
34.190643310546875,0.9897500218245776,0.7701102836003545
34.19124984741211,0.9897500218245776,0.7701102836003545
34.19186019897461,0.9897500218245776,
34.194908142089844,,0.768880075479587
34.19856262207031,0.9897500218245776,
34.20221710205078,0.9897500218245776,
34.20282745361328,0.9897500218245776,
34.203433990478516,0.9897500218245776,
34.204654693603516,0.9897500218245776,
34.20526123046875,0.9897500218245776,
34.216224670410156,,0.768880075479587
34.22352981567383,,0.768880075479587
34.22840118408203,,0.768880075479587
34.23387908935547,,0.768880075479587
34.23631286621094,0.9897500218245776,
34.23691940307617,0.9897500218245776,0.768880075479587
34.243614196777344,,0.768880075479587
34.24848175048828,0.9897500218245776,
34.26307678222656,,0.768880075479587
34.27766418457031,0.9897500218245776,
34.27827453613281,0.9897500218245776,0.768880075479587
34.27888107299805,0.9897500218245776,
34.27948760986328,0.9897500218245776,
34.28009796142578,0.9897500218245776,
34.31229019165039,,0.768880075479587
34.3383903503418,,0.768880075479587
34.3402099609375,0.9897500218245776,
34.3614387512207,0.9897500218245776,
34.363861083984375,,0.768880075479587
34.36871337890625,,0.768880075479587
34.380226135253906,,0.7676257849812514
34.38931655883789,,0.7676257849812514
34.390525817871094,0.9897500218245776,
34.40324783325195,0.9897500218245776,
34.40385055541992,0.9897500218245776,
34.404457092285156,0.9897500218245776,
34.40808868408203,0.9897500218245776,
34.408695220947266,0.9897500218245776,
34.412933349609375,,0.76636944163431
34.414146423339844,0.9897500218245776,
34.41474914550781,0.9897500218245776,
34.41596221923828,0.9897500218245776,
34.41656494140625,0.9897500218245776,0.7651130982873684
34.41898727416992,0.9897500218245776,
34.419593811035156,0.9897500218245776,0.7651130982873684
34.420196533203125,0.9897500218245776,
34.42564392089844,,0.7651130982873684
34.42625045776367,,0.7651130982873684
34.496978759765625,,0.7638379097902227
34.516902923583984,0.9897500218245776,
34.5338020324707,,0.7638379097902227
34.53500747680664,,0.7638379097902227
34.53561019897461,,0.7638379097902227
34.53621292114258,0.9897500218245776,
34.5428466796875,0.9897500218245776,
34.55189514160156,,0.7638379097902227
34.56756591796875,0.9890707150148149,
34.569976806640625,,0.7625498188799521
34.60070037841797,,0.7625498188799521
34.60190200805664,,0.7625498188799521
34.610931396484375,0.9890707150148149,
34.611534118652344,0.9890707150148149,
34.61213684082031,0.9890707150148149,
34.61273956298828,0.9890707150148149,0.7625498188799521
34.61334228515625,0.9890707150148149,
34.61394119262695,0.9890707150148149,
34.65484619140625,,0.7625498188799521
34.65544509887695,,0.7625498188799521
34.65604782104492,,0.7625498188799521
34.65665054321289,,0.7625498188799521
34.68429183959961,,0.7625498188799521
34.739505767822266,0.9883824264170313,
34.755096435546875,0.9876941378192484,
34.77127456665039,0.9876941378192484,
34.7802619934082,,0.7612305285358691
34.81079864501953,0.9870053692433637,
34.8407096862793,,0.7612305285358691
34.841304779052734,,0.7612305285358691
34.84190368652344,,0.7612305285358691
34.84250259399414,,0.7612305285358691
34.85087203979492,0.9870053692433637,
34.851470947265625,0.9870053692433637,
34.85206604003906,0.9870053692433637,
34.85505676269531,0.9870053692433637,
34.855655670166016,0.9870053692433637,
34.912986755371094,0.9870053692433637,
34.930885314941406,0.9870053692433637,
34.98511505126953,,0.7612305285358691
34.986305236816406,0.9870053692433637,
34.99583435058594,,0.7612305285358691
35.02201461791992,0.9870053692433637,
35.0232048034668,0.9870053692433637,
35.02677536010742,0.9870053692433637,
35.02737045288086,0.9870053692433637,
35.03272247314453,0.9870053692433637,
35.03331756591797,0.9870053692433637,
35.03510284423828,0.9870053692433637,0.7612305285358691
35.03569793701172,0.9870053692433637,
35.03628921508789,0.9870053692433637,
35.03688430786133,0.9870053692433637,
35.037479400634766,0.9870053692433637,
35.0380744934082,0.9870053692433637,
35.03866958618164,0.9870053692433637,0.7612305285358691
35.03926467895508,0.9870053692433637,
35.041046142578125,,0.7612305285358691
35.04164123535156,,0.7612305285358691
35.042236328125,,0.7612305285358691
35.04283142089844,,0.7612305285358691
35.050559997558594,0.9870053692433637,0.7612305285358691
35.05115509033203,0.9870053692433637,0.7612305285358691
35.099266052246094,,0.7612305285358691
35.1170654296875,0.9870053692433637,
35.11766052246094,0.9870053692433637,
35.11825180053711,0.9870053692433637,
35.11884689331055,0.9870053692433637,
35.11943817138672,0.9870053692433637,
35.18404006958008,0.9862854528544194,
35.185813903808594,0.9862854528544194,
35.18640899658203,0.9862854528544194,
35.20475769042969,,0.7612305285358691
35.208309173583984,0.9862854528544194,
35.213043212890625,0.9862854528544194,
35.2136344909668,0.9862854528544194,
35.224281311035156,,0.7612305285358691
35.2254638671875,,0.7612305285358691
35.226646423339844,0.9862854528544194,0.7612305285358691
35.227237701416016,0.9862854528544194,0.7612305285358691
35.22782897949219,0.9862854528544194,
35.234336853027344,,0.758437022009132
35.23847198486328,0.9862854528544194,
35.23906326293945,0.9862854528544194,
35.239654541015625,0.9862854528544194,
35.245567321777344,0.9862854528544194,
35.26979446411133,,0.7570402687457637
35.290462493896484,0.9862854528544194,
35.34885787963867,0.9862854528544194,
35.34944534301758,0.9862854528544194,
35.35003662109375,0.9862854528544194,
35.35121536254883,0.9862854528544194,
35.361820220947266,,0.7556435154823947
35.378902435302734,,0.7556435154823947
35.3824348449707,,0.7556435154823947
35.41304016113281,,0.7556435154823947
35.444793701171875,0.9862854528544194,
35.4471435546875,,0.7542389736320558
35.449493408203125,,0.7542389736320558
35.451847076416016,,0.7528318113678167
35.458309173583984,,0.7528318113678167
35.46535873413086,0.9862854528544194,
35.467708587646484,,0.7528318113678167
35.480628967285156,0.9855416478371837,
35.546329498291016,0.9855416478371837,
35.54691696166992,0.9855416478371837,
35.55219268798828,0.9855416478371837,
35.55277633666992,0.9855416478371837,
35.55336380004883,0.9855416478371837,
35.553951263427734,0.9855416478371837,0.7528318113678167
35.554534912109375,0.9855416478371837,0.7528318113678167
35.557464599609375,0.9855416478371837,
35.55805206298828,0.9855416478371837,
35.55863571166992,0.9855416478371837,
35.55922317504883,0.9855416478371837,
35.62653350830078,,0.7514140490111918
35.65108871459961,0.9855416478371837,
35.65225601196289,0.9855416478371837,
35.70188903808594,,0.7514140490111918
35.70597457885742,,0.7514140490111918
35.730472564697266,,0.7499909163426102
35.735137939453125,0.9855416478371837,
35.7357177734375,0.9855416478371837,
35.73630142211914,0.9855416478371837,
35.73688507080078,0.9855416478371837,
35.73746871948242,0.9855416478371837,
35.752620697021484,,0.7499909163426102
35.754371643066406,,0.7485650780986125
35.76951599121094,0.9855416478371837,0.7485650780986125
35.77009963989258,0.9855416478371837,
35.77592086791992,,0.7471365187892643
35.7770881652832,0.9855416478371837,
35.77766799926758,0.9855416478371837,
35.77883529663086,0.9855416478371837,
35.80561065673828,0.9855416478371837,
35.806190490722656,0.9855416478371837,
35.85154724121094,,0.745707959479916
35.85212707519531,,0.745707959479916
35.860843658447266,,0.745707959479916
35.86142349243164,,0.745707959479916
35.864906311035156,,0.745707959479916
35.89800262451172,,0.7442683688245495
35.922950744628906,,0.7442683688245495
35.92700958251953,0.9855416478371837,
35.927589416503906,0.9855416478371837,
35.92816925048828,0.9855416478371837,
35.928749084472656,0.9855416478371837,
35.929908752441406,0.9855416478371837,
35.93048858642578,0.9855416478371837,
35.931068420410156,0.9855416478371837,
35.93164825439453,0.9855416478371837,
35.946720123291016,0.9855416478371837,
35.94845962524414,0.9855416478371837,
35.949039459228516,0.9855416478371837,
35.95367431640625,0.9855416478371837,
35.954254150390625,0.9855416478371837,
35.954833984375,0.9855416478371837,
35.95599365234375,0.9855416478371837,
36.010414123535156,0.9855416478371837,
36.01099395751953,0.9855416478371837,
36.01272964477539,0.9855416478371837,
36.013309478759766,0.9855416478371837,
36.02140426635742,0.9855416478371837,
36.0219841003418,0.9855416478371837,
36.023719787597656,0.9855416478371837,
36.03065872192383,0.9855416478371837,
36.03123474121094,0.9855416478371837,
36.03239440917969,0.9855416478371837,
36.0329704284668,0.9855416478371837,
36.03412628173828,0.9855416478371837,
36.034706115722656,0.9855416478371837,
36.03643798828125,0.9855416478371837,
36.03817367553711,0.9855416478371837,
36.05146789550781,,0.7442683688245495
36.05320358276367,0.9855416478371837,
36.05377960205078,0.9855416478371837,
36.05435562133789,0.9855416478371837,
36.054935455322266,0.9855416478371837,
36.055511474609375,0.9855416478371837,
36.05666732788086,,0.7442683688245495
36.071685791015625,,0.7442683688245495
36.09651565551758,,0.7428175532907785
36.10517120361328,0.9855416478371837,
36.13285827636719,0.9855416478371837,
36.139774322509766,,0.7428175532907785
36.204280853271484,,0.7428175532907785
36.208309173583984,0.9855416478371837,
36.208885192871094,0.9855416478371837,
36.21003341674805,,0.7428175532907785
36.211185455322266,,0.7428175532907785
36.214637756347656,0.9855416478371837,
36.215213775634766,0.9855416478371837,
36.240516662597656,,0.7428175532907785
36.27901077270508,,0.7428175532907785
36.346710205078125,0.9855416478371837,
36.3713493347168,,0.7413495344107572
36.443450927734375,0.9855416478371837,
36.44401931762695,0.9855416478371837,
36.45487976074219,0.9855416478371837,
36.45545196533203,0.9855416478371837,
36.45659637451172,0.9855416478371837,
36.4571647644043,0.9855416478371837,
36.45773696899414,0.9855416478371837,
36.45945358276367,0.9855416478371837,
36.460025787353516,0.9855416478371837,
36.46116638183594,0.9855416478371837,
36.46173858642578,0.9855416478371837,
36.462310791015625,0.9855416478371837,
36.4628791809082,0.9855416478371837,
36.46630859375,,0.7413495344107572
36.466880798339844,0.9846432507106235,
36.489723205566406,,0.7413495344107572
36.501712799072266,,0.7398756784775349
36.541072845458984,0.9846432507106235,
36.553043365478516,,0.7384018225443127
36.56216049194336,0.9846432507106235,
36.56557846069336,,0.7384018225443127
36.587223052978516,0.9846432507106235,
36.58779525756836,0.9846432507106235,
36.58836364746094,0.9846432507106235,
36.588932037353516,0.9846432507106235,0.7384018225443127
36.589500427246094,0.9846432507106235,
36.60601043701172,0.9846432507106235,
36.6929817199707,0.9837230233735109,
36.797306060791016,0.9837230233735109,
36.82051086425781,,0.7384018225443127
36.885520935058594,,0.7369190879608907
36.925601959228516,0.9837230233735109,
36.9588737487793,,0.7369190879608907
36.96902084350586,,0.7354333639932272
36.99605941772461,0.9837230233735109,
36.99774932861328,0.9837230233735109,
36.99831008911133,0.9837230233735109,
36.99887466430664,0.9837230233735109,
36.99943923950195,0.9837230233735109,0.7354333639932272
37.0,0.9837230233735109,
37.00168991088867,0.9837230233735109,
37.00225067138672,0.9837230233735109,
37.00281524658203,0.9837230233735109,
37.008445739746094,0.9837230233735109,
37.00900650024414,,0.7354333639932272
37.00957107543945,0.9837230233735109,
37.010135650634766,0.9837230233735109,0.7354333639932272
37.01069641113281,0.9837230233735109,
37.02138900756836,,0.7354333639932272
37.03826904296875,,0.7339355363679864
37.039955139160156,0.9837230233735109,
37.06132125854492,,0.7339355363679864
37.082115173339844,,0.7339355363679864
37.09054183959961,,0.7339355363679864
37.1640510559082,,0.7339355363679864
37.18758773803711,0.9837230233735109,
37.188148498535156,0.9837230233735109,0.7339355363679864
37.1887092590332,0.9837230233735109,
37.1898307800293,0.9837230233735109,
37.19038772583008,0.9837230233735109,
37.19150924682617,0.9837230233735109,
37.23237991333008,,0.7339355363679864
37.31509780883789,0.9837230233735109,
37.33686828613281,,0.7324191406316882
37.390953063964844,0.9837230233735109,
37.39318084716797,,0.7324191406316882
37.39373779296875,,0.7308995988461453
37.40543746948242,0.9837230233735109,
37.422698974609375,0.9837230233735109,
37.466094970703125,,0.7308995988461453
37.468875885009766,0.9837230233735109,
37.46998977661133,0.9837230233735109,
37.470542907714844,0.9837230233735109,
37.47943878173828,,0.7308995988461453
37.49611282348633,0.9837230233735109,
37.496665954589844,0.9837230233735109,
37.53276443481445,0.9827253326804346,
37.53387451171875,0.9827253326804346,
37.534427642822266,0.9827253326804346,
37.53720474243164,0.9817215274376562,
37.55551528930664,,0.7293737124184921
37.56050491333008,,0.7278478259908383
37.61870193481445,,0.7263219395631846
37.649147033691406,,0.7263219395631846
37.64970016479492,,0.7263219395631846
37.65025329589844,,0.7263219395631846
37.68399429321289,,0.7247765737343266
37.684547424316406,0.9817215274376562,
37.685096740722656,0.9817215274376562,0.7247765737343266
37.6867561340332,0.9817215274376562,
37.68730926513672,0.9817215274376562,
37.68952178955078,0.9817215274376562,
37.6900749206543,0.9817215274376562,
37.69062805175781,0.9817215274376562,
37.69118118286133,0.9817215274376562,
37.69173049926758,0.9817215274376562,0.7247765737343266
37.693389892578125,0.9817215274376562,
37.69394302368164,0.9817215274376562,
37.694496154785156,0.9817215274376562,0.7247765737343266
37.69504928588867,0.9817215274376562,
37.725433349609375,,0.723214555256451
37.77565383911133,,0.723214555256451
37.781166076660156,0.9817215274376562,
37.78171920776367,0.9817215274376562,
37.78227233886719,0.9817215274376562,
37.78502655029297,0.9817215274376562,
37.81534194946289,,0.723214555256451
37.83076477050781,0.9817215274376562,
37.83131408691406,0.9817215274376562,0.723214555256451
37.83186340332031,0.9817215274376562,
37.86599349975586,0.9806532776798355,
37.870391845703125,,0.723214555256451
37.874794006347656,,0.723214555256451
37.88029479980469,,0.723214555256451
37.89788818359375,0.9806532776798355,
37.8984375,0.9806532776798355,
37.898990631103516,0.9806532776798355,
37.91162872314453,0.9806532776798355,0.723214555256451
37.91217803955078,0.9806532776798355,0.723214555256451
37.91272735595703,0.9806532776798355,0.723214555256451
37.91547775268555,0.9806532776798355,
37.9160270690918,0.9806532776798355,
37.91657638549805,0.9806532776798355,
37.9171257019043,0.9806532776798355,
37.9248161315918,0.9806532776798355,
37.9259147644043,0.9806532776798355,
37.92646408081055,0.9806532776798355,
37.9270133972168,0.9806532776798355,
37.9281120300293,,0.7216109753113145
37.9292106628418,,0.7200073953661784
37.94239044189453,,0.7200073953661784
38.02192306518555,0.9806532776798355,
38.027950286865234,0.9806532776798355,
38.03178405761719,0.9806532776798355,
38.03233337402344,0.9806532776798355,
38.03342819213867,0.9806532776798355,
38.03397750854492,0.9806532776798355,0.7200073953661784
38.035072326660156,0.9806532776798355,
38.05259704589844,,0.7183966405667014
38.065185546875,0.9806532776798355,
38.08488464355469,,0.7167858857672242
38.12370300292969,0.9806532776798355,
38.12424850463867,0.9806532776798355,
38.124794006347656,0.9806532776798355,
38.12533950805664,0.9806532776798355,
38.12588882446289,0.9806532776798355,
38.13845443725586,0.9806532776798355,
38.138999938964844,0.9806532776798355,
38.13954544067383,0.9806532776798355,
38.15592956542969,0.9806532776798355,
38.15647506713867,0.9806532776798355,
38.169578552246094,,0.7151751309677473
38.17066955566406,,0.7151751309677473
38.172306060791016,0.9806532776798355,
38.1728515625,0.9806532776798355,
38.17558288574219,0.9806532776798355,
38.176124572753906,0.9806532776798355,
38.176673889160156,0.9806532776798355,
38.17721939086914,0.9806532776798355,
38.17940139770508,0.9806532776798355,
38.17994689941406,0.9806532776798355,0.7151751309677473
38.20613098144531,0.9806532776798355,
38.2066764831543,0.9806532776798355,
38.22248458862305,0.9806532776798355,
38.23392868041992,,0.7151751309677473
38.24536895751953,0.9806532776798355,
38.245914459228516,0.9806532776798355,
38.2464599609375,0.9806532776798355,0.7151751309677473
38.247005462646484,0.9806532776798355,
38.25136184692383,0.9806532776798355,
38.25190734863281,0.9806532776798355,
38.26606369018555,0.9806532776798355,
38.29164505004883,,0.7151751309677473
38.3057861328125,0.9806532776798355,
38.306331634521484,0.9806532776798355,
38.3068733215332,0.9806532776798355,0.7151751309677473
38.30741882324219,0.9806532776798355,
38.30796432495117,0.9806532776798355,0.7151751309677473
38.3106803894043,0.9806532776798355,
38.31122589111328,0.9806532776798355,
38.311767578125,0.9806532776798355,
38.33949279785156,,0.7151751309677473
38.34492492675781,,0.7135272620023836
38.37425231933594,0.9806532776798355,
38.37479782104492,0.9806532776798355,
38.37533950805664,,0.7135272620023836
38.37588119506836,0.9806532776798355,0.7135272620023836
38.39107894897461,,0.7135272620023836
38.39759063720703,0.9806532776798355,
38.39813232421875,,0.7135272620023836
38.398677825927734,0.9806532776798355,
38.39921951293945,0.9806532776798355,
38.39976119995117,0.9806532776798355,
38.40030288696289,0.9806532776798355,
38.42470932006836,,0.7135272620023836
38.42525100708008,,0.7135272620023836
38.4257926940918,,0.7135272620023836
38.42633819580078,,0.7135272620023836
38.429588317871094,,0.7135272620023836
38.43067169189453,,0.7135272620023836
38.43230056762695,,0.7135272620023836
38.457767486572266,0.9806532776798355,
38.458309173583984,0.9806532776798355,
38.46210479736328,0.9806532776798355,
38.462642669677734,0.9806532776798355,
38.46480941772461,0.9806532776798355,
38.519474029541016,0.9806532776798355,0.7135272620023836
38.520015716552734,0.9806532776798355,
38.52055740356445,0.9806532776798355,
38.56001663208008,,0.7118324229002403
38.56488037109375,0.9806532776798355,
38.56650161743164,,0.7118324229002403
38.567039489746094,0.9806532776798355,
38.56758117675781,0.9806532776798355,
38.57352066040039,,0.7118324229002403
38.586483001708984,0.9806532776798355,
38.610233306884766,0.9806532776798355,
38.61562728881836,0.9806532776798355,
38.61940383911133,0.9806532776798355,
38.61994171142578,0.9806532776798355,
38.6204833984375,,0.7118324229002403
38.63180923461914,0.9806532776798355,
38.632347106933594,0.9806532776798355,
38.633968353271484,0.9806532776798355,0.7118324229002403
38.63450622558594,0.9806532776798355,
38.63558578491211,0.9806532776798355,
38.63612365722656,0.9806532776798355,
38.636661529541016,0.9806532776798355,0.7118324229002403
38.637203216552734,0.9806532776798355,
38.63774108886719,0.9806532776798355,
38.63882064819336,0.9806532776798355,
38.64529037475586,0.9806532776798355,
38.646907806396484,0.9806532776798355,
38.651756286621094,0.9806532776798355,
38.65229797363281,0.9806532776798355,
38.669002532958984,0.9806532776798355,
38.66954040527344,0.9806532776798355,
38.67007827758789,0.9806532776798355,
38.670616149902344,0.9806532776798355,
38.67115783691406,0.9806532776798355,
38.671695709228516,0.9806532776798355,
38.67223358154297,0.9806532776798355,
38.67277145385742,0.9806532776798355,
38.688392639160156,,0.7118324229002403
38.69539260864258,0.9806532776798355,
38.69593048095703,0.9806532776798355,
38.696468353271484,0.9806532776798355,
38.699161529541016,,0.7118324229002403
38.70023727416992,,0.7118324229002403
38.700775146484375,,0.7118324229002403
38.70131301879883,,0.7118324229002403
38.71315383911133,,0.7100704614574173
38.73413848876953,,0.7083085000145952
38.741127014160156,0.9806532776798355,
38.74166488647461,0.9806532776798355,
38.74381637573242,0.9806532776798355,
38.744354248046875,0.9806532776798355,
38.74489212036133,0.9806532776798355,0.7083085000145952
38.761558532714844,0.9806532776798355,
38.7620964050293,0.9806532776798355,
38.762630462646484,0.9806532776798355,
38.77015686035156,,0.7083085000145952
38.87104797363281,,0.7065377287645591
38.876407623291016,,0.7047669575145225
38.88337326049805,,0.7029961862644862
38.89515686035156,0.9806532776798355,
38.895694732666016,0.9806532776798355,0.7029961862644862
38.8962287902832,0.9806532776798355,
38.896766662597656,0.9806532776798355,0.7029961862644862
38.91604232788086,,0.7012164490840698
38.9267463684082,0.9806532776798355,
38.927284240722656,0.9806532776798355,
38.933170318603516,0.9806532776798355,
38.9337043762207,0.9806532776798355,
38.95029067993164,,0.6994367119036533
38.99305725097656,,0.6976569747232366
39.00640869140625,0.9806532776798355,
39.00694274902344,0.9806532776798355,
39.007476806640625,0.9806532776798355,
39.00801086425781,0.9806532776798355,
39.008544921875,0.9806532776798355,
39.00907897949219,0.9806532776798355,0.6976569747232366
39.009613037109375,0.9806532776798355,0.6976569747232366
39.01121520996094,0.9806532776798355,
39.06245040893555,,0.6976569747232366
39.22743606567383,0.9806532776798355,
39.22796630859375,0.9806532776798355,
39.22849655151367,0.9806532776798355,
39.230621337890625,0.9806532776798355,
39.23115158081055,0.9806532776798355,
39.2332763671875,,0.6958635120632801
39.2407112121582,,0.6940700494033232
39.25185775756836,0.9806532776798355,
39.25238800048828,0.9806532776798355,
39.2529182434082,0.9806532776798355,
39.25345230102539,0.9806532776798355,
39.25398254394531,0.9806532776798355,
39.26671600341797,,0.6922765867433663
39.29482650756836,0.9806532776798355,0.6922765867433663
39.29535675048828,0.9806532776798355,
39.29800796508789,0.9806532776798355,
39.29853820800781,0.9806532776798355,
39.39543151855469,,0.6922765867433663
39.469398498535156,0.9806532776798355,
39.47045135498047,0.9806532776798355,
39.475730895996094,0.9806532776798355,
39.47625732421875,0.9806532776798355,
39.47889709472656,0.9806532776798355,0.6922765867433663
39.47942352294922,0.9806532776798355,
39.47995376586914,0.9806532776798355,
39.48100662231445,,0.6922765867433663
39.486812591552734,0.9806532776798355,
39.48733901977539,0.9806532776798355,
39.48786544799805,0.9806532776798355,
39.48839569091797,0.9806532776798355,
39.488922119140625,0.9806532776798355,
39.4899787902832,,0.6922765867433663
39.511600494384766,,0.6922765867433663
39.55007553100586,0.9806532776798355,0.6922765867433663
39.550601959228516,0.9806532776798355,
39.55112838745117,,0.6922765867433663
39.57166290283203,,0.6904451672017171
39.60271453857422,,0.688613747660068
39.64687728881836,0.9806532776798355,
39.647403717041016,0.9806532776798355,
39.66579055786133,,0.6867823281184187
39.70883560180664,0.9806532776798355,
39.71250915527344,0.9806532776798355,
39.72090148925781,0.9806532776798355,0.6867823281184187
39.7214241027832,0.9806532776798355,0.6867823281184187
39.72562026977539,0.9806532776798355,
39.72614669799805,0.9806532776798355,
39.72824478149414,,0.6867823281184187
39.73296356201172,0.9806532776798355,
39.73348617553711,0.9806532776798355,0.6867823281184187
39.734012603759766,0.9806532776798355,
39.748165130615234,0.9806532776798355,
39.775936126708984,0.9806532776798355,
39.78116989135742,,0.6867823281184187
39.84082794189453,0.9806532776798355,
39.848670959472656,,0.6867823281184187
39.851806640625,,0.6867823281184187
39.86330795288086,0.9806532776798355,
39.87428283691406,0.9806532776798355,
39.87480545043945,0.9806532776798355,
39.87532424926758,0.9806532776798355,0.6867823281184187
39.876373291015625,0.9806532776798355,0.6867823281184187
39.87793731689453,,0.6867823281184187
39.912925720214844,0.9806532776798355,
39.913448333740234,0.9806532776798355,0.6867823281184187
39.913970947265625,0.9806532776798355,
39.923885345458984,0.9806532776798355,
39.924407958984375,0.9806532776798355,
39.924930572509766,0.9806532776798355,
39.92858123779297,,0.6867823281184187
39.94788360595703,0.9806532776798355,
39.96039581298828,0.9806532776798355,
39.96300506591797,,0.6848851393667097
39.985416412353516,,0.6848851393667097
40.02238845825195,0.9806532776798355,
40.07596969604492,0.9806532776798355,
40.07648849487305,,0.6848851393667097
40.08064651489258,0.9806532776798355,
40.08116912841797,0.9806532776798355,
40.081687927246094,0.9806532776798355,0.6848851393667097
40.0853271484375,0.9806532776798355,
40.085845947265625,0.9806532776798355,
40.08636474609375,0.9806532776798355,
40.107666015625,,0.6848851393667097
40.108184814453125,0.9806532776798355,0.6829666935981757
40.108707427978516,0.9806532776798355,0.6829666935981757
40.11286163330078,0.9806532776798355,
40.113380432128906,0.9806532776798355,0.6829666935981757
40.11389923095703,0.9806532776798355,
40.18498992919922,,0.6810209195423405
40.20572280883789,,0.6810209195423405
40.20882797241211,,0.6810209195423405
40.25025939941406,0.9806532776798355,
40.25129318237305,0.9806532776798355,0.6810209195423405
40.25181198120117,0.9806532776798355,
40.26526641845703,,0.6810209195423405
40.275611877441406,0.9806532776798355,
40.27613067626953,0.9806532776798355,
40.277164459228516,0.9806532776798355,0.6810209195423405
40.27768325805664,0.9806532776798355,
40.2781982421875,0.9806532776798355,
40.3355712890625,,0.6790469458625071
40.37532043457031,0.9806532776798355,0.6790469458625071
40.376869201660156,0.9806532776798355,
40.37738800048828,0.9806532776798355,0.6790469458625071
40.37841796875,0.9806532776798355,
40.37893295288086,0.9806532776798355,
40.382545471191406,,0.6790469458625071
40.39492416381836,0.9806532776798355,
40.43461990356445,0.9806532776798355,
40.435646057128906,0.9806532776798355,0.6790469458625071
40.43616485595703,0.9806532776798355,
40.44389343261719,0.9806532776798355,
40.44440460205078,0.9806532776798355,
40.44852828979492,0.9806532776798355,
40.44904327392578,0.9806532776798355,
40.4526481628418,,0.6790469458625071
40.45728302001953,,0.6790469458625071
40.47581481933594,,0.6790469458625071
40.53702163696289,,0.6770319697620251
40.54164505004883,0.9806532776798355,
40.594539642333984,0.9806532776798355,
40.595054626464844,0.9806532776798355,0.6750169936615427
40.59556579589844,0.9806532776798355,
40.60018539428711,,0.6730020175610609
40.60429000854492,,0.6709870414605785
40.64223861694336,0.9806532776798355,
40.64326477050781,0.9806532776798355,
40.676055908203125,,0.6689720653600959
40.79317855834961,0.9806532776798355,
40.812068939208984,,0.6689720653600959
40.8651237487793,0.9806532776798355,
40.874298095703125,,0.6669510017185245
40.89468002319336,0.9806532776798355,
40.89570236206055,0.9806532776798355,
40.896209716796875,0.9806532776798355,
40.92167282104492,0.9806532776798355,
40.92981719970703,0.9806532776798355,
40.930328369140625,0.9806532776798355,
40.93898010253906,,0.6649299380769534
40.94966506958008,0.9806532776798355,
40.950172424316406,0.9806532776798355,
40.95068359375,0.9806532776798355,
40.95119094848633,0.9806532776798355,
40.973060607910156,,0.6649299380769534
40.97712707519531,0.9806532776798355,
40.97865295410156,0.9806532776798355,
40.98221206665039,0.9806532776798355,
40.98271942138672,0.9806532776798355,
41.01117706298828,0.9806532776798355,
41.01219177246094,0.9806532776798355,
41.014732360839844,,0.6629027126559869
41.016258239746094,,0.6629027126559869
41.022857666015625,,0.6629027126559869
41.03403091430664,0.9806532776798355,
41.03453826904297,0.9806532776798355,
41.1065673828125,,0.6629027126559869
41.1334228515625,0.9806532776798355,0.6629027126559869
41.13392639160156,0.9806532776798355,
41.13443374633789,0.9806532776798355,
41.218421936035156,,0.6629027126559869
41.23560333251953,0.9806532776798355,
41.27701187133789,,0.6629027126559869
41.298709869384766,0.9754919446394155,
41.31283187866211,,0.6608311416789369
41.35718536376953,0.9754919446394155,0.6608311416789369
41.357688903808594,0.9754919446394155,
41.36322784423828,0.9754919446394155,0.6608311416789369
41.363731384277344,0.9754919446394155,
41.364234924316406,0.9754919446394155,0.6608311416789369
41.36473846435547,0.9754919446394155,
41.48493576049805,0.9754919446394155,0.6608311416789369
41.48543930053711,0.9754919446394155,0.6608311416789369
41.48644256591797,0.9754919446394155,
41.48694610595703,0.9754919446394155,0.6608311416789369
41.491966247558594,,0.6608311416789369
41.55418014526367,0.9754919446394155,
41.562705993652344,0.9754919446394155,
41.565208435058594,0.9754919446394155,
41.61229705810547,0.9754919446394155,
41.612796783447266,0.9754919446394155,
41.613800048828125,0.9754919446394155,
41.61429977416992,0.9754919446394155,
41.61479949951172,0.9754919446394155,0.6608311416789369
41.61530303955078,0.9754919446394155,
41.641326904296875,0.9754919446394155,
41.65733337402344,0.9754919446394155,0.6608311416789369
41.657833099365234,0.9754919446394155,
41.65833282470703,0.9754919446394155,
41.65883255004883,0.9754919446394155,
41.659332275390625,0.9754919446394155,0.6608311416789369
41.65983200073242,0.9754919446394155,0.6608311416789369
41.67683410644531,,0.6608311416789369
41.690826416015625,,0.6608311416789369
41.69182586669922,0.9754919446394155,
41.77918243408203,0.9754919446394155,
41.77967834472656,0.9754919446394155,
41.78017807006836,0.9754919446394155,
41.780677795410156,0.9754919446394155,0.6608311416789369
41.78815460205078,,0.6608311416789369
41.80061721801758,0.9754919446394155,
41.822540283203125,,0.6608311416789369
41.84694290161133,,0.6586356893810004
41.86784744262695,0.9754919446394155,
41.941925048828125,,0.6586356893810004
41.96725082397461,,0.6586356893810004
41.97568893432617,,0.6586356893810004
41.988094329833984,,0.6586356893810004
42.01487731933594,0.9754919446394155,
42.017356872558594,0.9754919446394155,
42.01934051513672,0.9754919446394155,
42.02082824707031,0.9754919446394155,
42.021324157714844,0.9754919446394155,
42.02479553222656,,0.6586356893810004
42.04511260986328,0.9754919446394155,
42.18313217163086,0.9754919446394155,
42.21275329589844,,0.6586356893810004
42.22311782836914,,0.6563954319341265
42.24383544921875,,0.6541551744872521
42.33940124511719,,0.6519149170403782
42.4047966003418,,0.6496746595935038
42.48970413208008,,0.6474344021466298
42.52989196777344,,0.6474344021466298
42.54703140258789,0.9754919446394155,
42.583251953125,,0.6474344021466298
42.61112976074219,,0.6474344021466298
42.69465255737305,,0.6451706454957677
42.69562911987305,0.9672945333399247,
42.726844787597656,,0.6451706454957677
42.731719970703125,,0.6451706454957677
42.749755859375,,0.6451706454957677
42.76242446899414,0.9672945333399247,
42.808197021484375,0.9672945333399247,
42.82084655761719,,0.6428828063273427
42.854888916015625,0.9672945333399247,
42.88599395751953,,0.6428828063273427
42.886478424072266,,0.6428828063273427
42.89619445800781,,0.6428828063273427
42.89862060546875,,0.6428828063273427
42.90687561035156,,0.6405535207971716
42.95588684082031,0.9672945333399247,
42.95637512207031,,0.6405535207971716
42.988853454589844,,0.6405535207971716
43.00339126586914,,0.6381985446177701
43.0150146484375,,0.6381985446177701
43.07551574707031,,0.6381985446177701
43.11660385131836,0.9672945333399247,
43.12385177612305,0.9672945333399247,
43.12626647949219,,0.6381985446177701
43.13737869262695,,0.6381985446177701
43.15910720825195,,0.6381985446177701
43.160552978515625,,0.6381985446177701
43.17406463623047,0.9672945333399247,
43.18709182739258,0.9672945333399247,
43.19577407836914,,0.6381985446177701
43.196739196777344,,0.6381985446177701
43.19722366333008,,0.6381985446177701
43.19770431518555,,0.6381985446177701
43.20879364013672,0.9672945333399247,
43.248313903808594,0.9672945333399247,
43.258426666259766,,0.6381985446177701
43.27479934692383,,0.6381985446177701
43.282981872558594,,0.635724906847934
43.28972244262695,0.9672945333399247,
43.30030822753906,,0.635724906847934
43.33830261230469,,0.635724906847934
43.338783264160156,,0.635724906847934
43.35752487182617,0.9672945333399247,
43.36137008666992,,0.635724906847934
43.42906188964844,,0.6332121601805508
43.43050003051758,,0.6332121601805508
43.43769454956055,,0.6332121601805508
43.440093994140625,,0.6332121601805508
43.444889068603516,,0.6306691394569345
43.48994064331055,,0.6281261187333178
43.51197052001953,0.9672945333399247,
43.5426025390625,,0.6255830980097008
43.554561614990234,,0.6255830980097008
43.555999755859375,,0.6255830980097008
43.55839157104492,,0.6255830980097008
43.57321548461914,0.9672945333399247,
43.574649810791016,0.9672945333399247,
43.594722747802734,,0.6229980438856935
43.5952033996582,,0.6229980438856935
43.60380172729492,,0.6204022187028366
43.62386703491211,,0.6204022187028366
43.626731872558594,,0.6204022187028366
43.634849548339844,,0.617784487822234
43.63580322265625,,0.617784487822234
43.64726257324219,,0.617784487822234
43.64773941040039,,0.617784487822234
43.69639587402344,,0.617784487822234
43.699256896972656,,0.617784487822234
43.72737503051758,,0.6150984683099635
43.72928237915039,,0.6150984683099635
43.75404739379883,,0.6124006680103584
43.849647521972656,0.9672945333399247,0.6124006680103584
43.85012435913086,,0.6124006680103584
43.85249710083008,,0.6124006680103584
43.85297393798828,,0.6124006680103584
43.853450775146484,0.9672945333399247,
43.85392379760742,,0.6124006680103584
43.854400634765625,,0.6124006680103584
43.85487365722656,,0.6124006680103584
43.86247253417969,0.9672945333399247,
43.87434768676758,,0.6124006680103584
43.98011016845703,,0.6124006680103584
43.98058319091797,,0.6124006680103584
43.981056213378906,,0.6124006680103584
43.984371185302734,,0.6124006680103584
43.99763107299805,,0.6124006680103584
44.00141906738281,0.9672945333399247,
44.02272033691406,,0.6124006680103584
44.04779815673828,,0.6124006680103584
44.049686431884766,,0.6094982951761858
44.06623840332031,,0.6094982951761858
44.06671142578125,0.9672945333399247,
44.06813049316406,0.9672945333399247,
44.077110290527344,0.9672945333399247,
44.07758331298828,0.9672945333399247,
44.078529357910156,0.9672945333399247,0.6094982951761858
44.08089065551758,0.9672945333399247,0.6094982951761858
44.157859802246094,0.9672945333399247,0.6094982951761858
44.17720031738281,0.9672945333399247,
44.180030822753906,,0.6094982951761858
44.18050003051758,0.9672945333399247,0.6094982951761858
44.18144226074219,0.9672945333399247,0.6094982951761858
44.181915283203125,0.9672945333399247,
44.18474578857422,0.9672945333399247,
44.204071044921875,,0.6094982951761858
44.21019744873047,,0.6094982951761858
44.21208572387695,,0.6094982951761858
44.213497161865234,,0.6094982951761858
44.21397018432617,,0.6094982951761858
44.229515075683594,,0.6094982951761858
44.259178161621094,,0.6094982951761858
44.32221221923828,,0.6094982951761858
44.32455825805664,0.9672945333399247,
44.32503128051758,,0.6094982951761858
44.32878875732422,,0.6094982951761858
44.329261779785156,,0.6094982951761858
44.32973098754883,,0.6094982951761858
44.3302001953125,,0.6094982951761858
44.33208084106445,0.9672945333399247,
44.337249755859375,,0.6094982951761858
44.339599609375,,0.6094982951761858
44.366371154785156,,0.6094982951761858
44.37529373168945,,0.6094982951761858
44.4681510925293,,0.6094982951761858
44.46908950805664,,0.6061494034444489
44.46955871582031,,0.6061494034444489
44.470027923583984,,0.6061494034444489
44.470497131347656,,0.6061494034444489
44.471900939941406,,0.6061494034444489
44.47283935546875,0.9672945333399247,0.6061494034444489
44.47377395629883,,0.6061494034444489
44.4742431640625,,0.6061494034444489
44.475181579589844,,0.6061494034444489
44.475650787353516,,0.6061494034444489
44.47611618041992,,0.6061494034444489
44.476585388183594,,0.6061494034444489
44.61548614501953,0.9672945333399247,
44.6182861328125,0.9672945333399247,
44.61922073364258,,0.6061494034444489
44.61968994140625,,0.6061494034444489
44.620155334472656,0.9672945333399247,0.6061494034444489
44.621089935302734,,0.6061494034444489
44.621559143066406,0.9672945333399247,
44.62202453613281,0.9672945333399247,
44.62295913696289,,0.6061494034444489
44.6234245300293,,0.6061494034444489
44.6313591003418,,0.6061494034444489
44.638362884521484,,0.6061494034444489
44.6392936706543,,0.6061494034444489
44.640228271484375,0.9672945333399247,0.6061494034444489
44.64256286621094,,0.6061494034444489
44.64629364013672,,0.6061494034444489
44.64862823486328,0.9672945333399247,
44.64956283569336,,0.6061494034444489
44.650028228759766,,0.6061494034444489
44.65049362182617,,0.6061494034444489
44.65329360961914,,0.6061494034444489
44.65376281738281,0.9672945333399247,
44.65422821044922,,0.6061494034444489
44.6556282043457,,0.6061494034444489
44.65609359741211,,0.6061494034444489
44.68407440185547,0.9672945333399247,
44.69340133666992,,0.6061494034444489
44.70598220825195,,0.6061494034444489
44.70831298828125,,0.6061494034444489
44.732540130615234,,0.6061494034444489
44.73300552368164,,0.6061494034444489
44.73347091674805,,0.6061494034444489
44.740455627441406,0.9672945333399247,
44.74092102050781,0.9672945333399247,
44.74231719970703,,0.6061494034444489
44.74278259277344,0.9672945333399247,0.6061494034444489
44.743247985839844,,0.6061494034444489
44.74371337890625,,0.6061494034444489
44.744178771972656,,0.6061494034444489
44.74464797973633,,0.6061494034444489
44.76280212402344,,0.6061494034444489
44.788856506347656,,0.6014138612300393
44.815826416015625,,0.6014138612300393
44.84649658203125,,0.6014138612300393
44.8669319152832,,0.6014138612300393
44.867862701416016,0.9672945333399247,
44.868324279785156,,0.6014138612300393
44.86878967285156,0.9672945333399247,
44.87064743041992,0.9672945333399247,
44.87111282348633,0.9672945333399247,
44.879005432128906,0.9672945333399247,
44.87946701049805,0.9672945333399247,
44.87993240356445,0.9672945333399247,
44.88039779663086,0.9672945333399247,
44.881324768066406,0.9672945333399247,
44.88179016113281,0.9672945333399247,
44.88225173950195,0.9672945333399247,
44.88271713256836,0.9672945333399247,
44.88642883300781,0.9672945333399247,
44.88828659057617,0.9672945333399247,
44.88875198364258,0.9672945333399247,
44.889678955078125,,0.6014138612300393
44.89014434814453,0.9672945333399247,0.6014138612300393
44.89060592651367,0.9672945333399247,0.6014138612300393
44.89107131958008,0.9672945333399247,
44.89664077758789,,0.6014138612300393
44.93189239501953,0.9672945333399247,
44.935604095458984,0.9672945333399247,0.6014138612300393
44.936065673828125,0.9672945333399247,0.6014138612300393
44.936527252197266,0.9672945333399247,0.6014138612300393
44.93977355957031,0.9672945333399247,0.6014138612300393
44.94023895263672,,0.6014138612300393
44.94209289550781,,0.6014138612300393
44.96989822387695,0.9672945333399247,
44.973140716552734,0.9672945333399247,
44.97499465942383,0.9672945333399247,
44.975921630859375,0.9672945333399247,
44.98194122314453,,0.6014138612300393
44.98379135131836,,0.6014138612300393
44.98749923706055,,0.6014138612300393
44.98796081542969,,0.6014138612300393
44.988887786865234,,0.6014138612300393
44.989349365234375,,0.6014138612300393
45.01527404785156,,0.5954592685445934
45.03841018676758,,0.5954592685445934
45.03933334350586,,0.5954592685445934
45.041648864746094,,0.5954592685445934
45.042110443115234,0.9672945333399247,
45.042572021484375,,0.5954592685445934
45.043033599853516,,0.5954592685445934
45.108665466308594,,0.5954592685445934
45.110511779785156,0.9672945333399247,0.5954592685445934
45.11189651489258,,0.5954592685445934
45.11235809326172,,0.5954592685445934
45.11281967163086,,0.5954592685445934
45.113285064697266,,0.5954592685445934
45.113746643066406,,0.5954592685445934
45.3564567565918,0.9672945333399247,
45.371612548828125,,0.5954592685445934
45.38033676147461,0.9672945333399247,0.5954592685445934
45.40007400512695,,0.5954592685445934
45.40053176879883,,0.5954592685445934
45.4009895324707,,0.5954592685445934
45.402366638183594,0.9672945333399247,
45.404659271240234,,0.5954592685445934
45.406036376953125,,0.5954592685445934
45.42622375488281,0.9672945333399247,
45.44502258300781,,0.5875198116306659
45.455108642578125,,0.5875198116306659
45.46289825439453,,0.5875198116306659
45.492218017578125,,0.5875198116306659
45.58554458618164,,0.5875198116306659
45.58599853515625,,0.5875198116306659
45.589656829833984,,0.5875198116306659
45.590110778808594,,0.5875198116306659
45.591026306152344,,0.5875198116306659
45.62345886230469,0.9672945333399247,
45.64582824707031,,0.5875198116306659
45.66362762451172,,0.5875198116306659
45.6645393371582,0.9672945333399247,
45.668643951416016,,0.5875198116306659
45.67274856567383,,0.5875198116306659
45.71332550048828,0.9672945333399247,
45.72699737548828,,0.5778883393088515
45.73246383666992,0.9672945333399247,
45.733829498291016,,0.5778883393088515
45.74885940551758,,0.5778883393088515
45.752506256103516,,0.5778883393088515
45.75432586669922,0.9672945333399247,
45.76844024658203,,0.5778883393088515
45.77117156982422,,0.5778883393088515
45.78482437133789,,0.5778883393088515
45.86211013793945,,0.5778883393088515
45.865745544433594,,0.5778883393088515
45.86892318725586,,0.5667751020144505
45.87255859375,,0.5667751020144505
46.040740966796875,,0.5667751020144505
46.30694580078125,,0.5667751020144505
46.31099319458008,,0.5667751020144505
46.380672454833984,,0.5667751020144505
46.38381576538086,,0.5667751020144505
46.3842658996582,,0.5667751020144505
46.44710159301758,0.9163842947430865,
46.455623626708984,0.9163842947430865,
46.45697021484375,,0.5667751020144505
46.494625091552734,0.9163842947430865,
46.5161247253418,0.9163842947430865,
46.523738861083984,0.9163842947430865,
46.52956008911133,,0.5667751020144505
46.53314208984375,,0.5667751020144505
46.54209518432617,0.9163842947430865,
46.54925537109375,,0.5667751020144505
46.551048278808594,,0.5667751020144505
46.555076599121094,,0.5667751020144505
46.55775833129883,0.9163842947430865,
46.55910110473633,0.9163842947430865,
46.56223678588867,,0.5667751020144505
46.566707611083984,0.9163842947430865,
46.567604064941406,,0.5667751020144505
46.568050384521484,,0.5667751020144505
46.568946838378906,,0.5667751020144505
46.569393157958984,,0.5667751020144505
46.57341766357422,,0.5667751020144505
46.57386779785156,,0.5667751020144505
46.5899658203125,,0.5667751020144505
46.60337829589844,,0.5667751020144505
46.63689422607422,,0.5667751020144505
46.64627456665039,,0.5667751020144505
46.64850616455078,,0.5667751020144505
46.651634216308594,,0.5667751020144505
46.65654754638672,,0.5667751020144505
46.65788650512695,,0.5667751020144505
46.673065185546875,,0.5667751020144505
46.67842102050781,,0.5667751020144505
46.682437896728516,0.9163842947430865,
46.68824005126953,,0.5667751020144505
46.750221252441406,,0.5667751020144505
46.76537322998047,,0.5667751020144505
46.767154693603516,0.9163842947430865,
46.78096008300781,,0.5667751020144505
46.93967819213867,,0.5667751020144505
46.96718978881836,,0.5667751020144505
46.984039306640625,,0.5667751020144505
47.05537414550781,,0.5667751020144505
47.18315505981445,0.9163842947430865,
47.193748474121094,0.9163842947430865,
47.197723388671875,,0.5667751020144505
47.19816589355469,0.9163842947430865,
47.254188537597656,,0.5667751020144505
47.256832122802734,,0.5667751020144505
47.26168441772461,,0.5667751020144505
47.262123107910156,,0.5667751020144505
47.263885498046875,,0.5667751020144505
47.267852783203125,,0.5667751020144505
56.43617248535156,0.9163842947430865,
57.208683013916016,0.9163842947430865,
58.47292709350586,0.9163842947430865,
68.33678436279297,,0.5667751020144505
82.59590148925781,0.9163842947430865,
