dataset,method,run_id,seed,sample_id,observed_time,event,horizon_t25,pred_survival_t25,pred_risk_t25,horizon_t50,pred_survival_t50,pred_risk_t50,horizon_t75,pred_survival_t75,pred_risk_t75
survset:support2,RDSurv,3,44,2678,2.6457512378692627,1,3.7416574954986572,0.6991002559661865,0.3008997440338135,7.681145668029785,0.23060694336891174,0.7693930566310883,16.309507369995117,0.04288744926452637,0.9571125507354736
survset:support2,RDSurv,3,44,1307,14.177447319030762,1,3.7416574954986572,0.9995410442352295,0.0004589557647705078,7.681145668029785,0.9801042079925537,0.01989579200744629,16.309507369995117,0.8587314486503601,0.1412685513496399
survset:support2,RDSurv,3,44,6303,40.66939926147461,0,3.7416574954986572,0.9998209476470947,0.00017905235290527344,7.681145668029785,0.9895693063735962,0.010430693626403809,16.309507369995117,0.908111572265625,0.091888427734375
survset:support2,RDSurv,3,44,136,43.96589660644531,0,3.7416574954986572,0.99996018409729,3.981590270996094e-05,7.681145668029785,0.9963957071304321,0.003604292869567871,16.309507369995117,0.9559754133224487,0.04402458667755127
survset:support2,RDSurv,3,44,5548,4.898979663848877,1,3.7416574954986572,0.30248382687568665,0.6975161731243134,7.681145668029785,0.03787189722061157,0.9621281027793884,16.309507369995117,0.002914905548095703,0.9970850944519043
survset:support2,RDSurv,3,44,7740,18.6279354095459,0,3.7416574954986572,0.9996189475059509,0.00038105249404907227,7.681145668029785,0.9824650287628174,0.017534971237182617,16.309507369995117,0.8699763417243958,0.13002365827560425
survset:support2,RDSurv,3,44,6999,29.933259963989258,0,3.7416574954986572,0.9998813271522522,0.00011867284774780273,7.681145668029785,0.9921730756759644,0.007826924324035645,16.309507369995117,0.9244442582130432,0.07555574178695679
survset:support2,RDSurv,3,44,7180,27.513633728027344,0,3.7416574954986572,0.9999645948410034,3.540515899658203e-05,7.681145668029785,0.9966835975646973,0.0033164024353027344,16.309507369995117,0.9584941267967224,0.04150587320327759
survset:support2,RDSurv,3,44,5813,2.8284270763397217,1,3.7416574954986572,0.5048196315765381,0.4951803684234619,7.681145668029785,0.10627526044845581,0.8937247395515442,16.309507369995117,0.012945175170898438,0.9870548248291016
survset:support2,RDSurv,3,44,3817,5.291502475738525,1,3.7416574954986572,0.559605598449707,0.44039440155029297,7.681145668029785,0.13378092646598816,0.8662190735340118,16.309507369995117,0.018310487270355225,0.9816895127296448
survset:support2,RDSurv,3,44,83,6.244997978210449,1,3.7416574954986572,0.7218745350837708,0.27812546491622925,7.681145668029785,0.25135087966918945,0.7486491203308105,16.309507369995117,0.04931679368019104,0.950683206319809
survset:support2,RDSurv,3,44,40,44.79955291748047,0,3.7416574954986572,0.9915286302566528,0.008471369743347168,7.681145668029785,0.8706110715866089,0.1293889284133911,16.309507369995117,0.558834433555603,0.441165566444397
survset:support2,RDSurv,3,44,3133,14.764822959899902,1,3.7416574954986572,0.9998587369918823,0.00014126300811767578,7.681145668029785,0.9911589026451111,0.008841097354888916,16.309507369995117,0.9178776741027832,0.0821223258972168
survset:support2,RDSurv,3,44,516,35.22782897949219,1,3.7416574954986572,0.9996978044509888,0.00030219554901123047,7.681145668029785,0.985032320022583,0.014967679977416992,16.309507369995117,0.8829131126403809,0.11708688735961914
survset:support2,RDSurv,3,44,1721,44.05678176879883,0,3.7416574954986572,0.9999866485595703,1.33514404296875e-05,7.681145668029785,0.9983617067337036,0.0016382932662963867,16.309507369995117,0.974958062171936,0.025041937828063965
survset:support2,RDSurv,3,44,7563,7.0,1,3.7416574954986572,0.42429107427597046,0.5757089257240295,7.681145668029785,0.07358616590499878,0.9264138340950012,16.309507369995117,0.007531493902206421,0.9924685060977936
survset:support2,RDSurv,3,44,3427,9.219544410705566,1,3.7416574954986572,0.9807126522064209,0.0192873477935791,7.681145668029785,0.791038990020752,0.20896100997924805,16.309507369995117,0.43201833963394165,0.5679816603660583
survset:support2,RDSurv,3,44,3396,9.0,1,3.7416574954986572,0.9857653379440308,0.014234662055969238,7.681145668029785,0.8243563175201416,0.1756436824798584,16.309507369995117,0.4803900718688965,0.5196099281311035
survset:support2,RDSurv,3,44,728,8.124038696289062,1,3.7416574954986572,0.9551957845687866,0.04480421543121338,7.681145668029785,0.669597864151001,0.330402135848999,16.309507369995117,0.29374852776527405,0.706251472234726
survset:support2,RDSurv,3,44,4518,1.7320507764816284,1,3.7416574954986572,0.011764168739318848,0.9882358312606812,7.681145668029785,0.0002130270004272461,0.9997869729995728,16.309507369995117,3.337860107421875e-06,0.9999966621398926
survset:support2,RDSurv,3,44,175,5.830951690673828,1,3.7416574954986572,0.5233690738677979,0.47663092613220215,7.681145668029785,0.11505937576293945,0.8849406242370605,16.309507369995117,0.01457977294921875,0.9854202270507812
survset:support2,RDSurv,3,44,6331,40.43513488769531,0,3.7416574954986572,0.999887228012085,0.00011277198791503906,7.681145668029785,0.9924479126930237,0.007552087306976318,16.309507369995117,0.9262757301330566,0.07372426986694336
survset:support2,RDSurv,3,44,8441,27.85677719116211,1,3.7416574954986572,0.9992519021034241,0.0007480978965759277,7.681145668029785,0.9723654985427856,0.027634501457214355,16.309507369995117,0.8252310156822205,0.17476898431777954
survset:support2,RDSurv,3,44,1825,5.291502475738525,1,3.7416574954986572,0.3884650468826294,0.6115349531173706,7.681145668029785,0.061538517475128174,0.9384614825248718,16.309507369995117,0.005813688039779663,0.9941863119602203
survset:support2,RDSurv,3,44,134,9.797959327697754,1,3.7416574954986572,0.9991233348846436,0.0008766651153564453,7.681145668029785,0.9692893624305725,0.03071063756942749,16.309507369995117,0.8130470514297485,0.18695294857025146
survset:support2,RDSurv,3,44,8368,5.74456262588501,1,3.7416574954986572,0.6626696586608887,0.33733034133911133,7.681145668029785,0.20076164603233337,0.7992383539676666,16.309507369995117,0.03436630964279175,0.9656336903572083
survset:support2,RDSurv,3,44,1495,21.283796310424805,0,3.7416574954986572,0.9997689127922058,0.00023108720779418945,7.681145668029785,0.9875552654266357,0.012444734573364258,16.309507369995117,0.896497368812561,0.10350263118743896
survset:support2,RDSurv,3,44,3641,2.8284270763397217,1,3.7416574954986572,0.7581167221069336,0.2418832778930664,7.681145668029785,0.28828340768814087,0.7117165923118591,16.309507369995117,0.06181967258453369,0.9381803274154663
survset:support2,RDSurv,3,44,90,2.0,1,3.7416574954986572,0.30045244097709656,0.6995475590229034,7.681145668029785,0.03739386796951294,0.9626061320304871,16.309507369995117,0.0028633475303649902,0.997136652469635
survset:support2,RDSurv,3,44,4571,30.659420013427734,0,3.7416574954986572,0.9982669949531555,0.0017330050468444824,7.681145668029785,0.9519838094711304,0.04801619052886963,16.309507369995117,0.7527381777763367,0.24726182222366333
survset:support2,RDSurv,3,44,5203,2.2360680103302,1,3.7416574954986572,0.2666792869567871,0.7333207130432129,7.681145668029785,0.02994847297668457,0.9700515270233154,16.309507369995117,0.0020994246006011963,0.9979005753993988
survset:support2,RDSurv,3,44,1357,19.51922035217285,1,3.7416574954986572,0.9957598447799683,0.004240155220031738,7.681145668029785,0.9152265191078186,0.0847734808921814,16.309507369995117,0.652615487575531,0.347384512424469
survset:support2,RDSurv,3,44,8810,23.409399032592773,1,3.7416574954986572,0.9986733794212341,0.0013266205787658691,7.681145668029785,0.9596493244171143,0.04035067558288574,16.309507369995117,0.7779718637466431,0.22202813625335693
survset:support2,RDSurv,3,44,7552,22.113344192504883,0,3.7416574954986572,0.9997903108596802,0.00020968914031982422,7.681145668029785,0.9883617162704468,0.011638283729553223,16.309507369995117,0.9010565280914307,0.09894347190856934
survset:support2,RDSurv,3,44,4537,30.93541717529297,0,3.7416574954986572,0.999070405960083,0.0009295940399169922,7.681145668029785,0.9680714011192322,0.03192859888076782,16.309507369995117,0.8083702325820923,0.19162976741790771
survset:support2,RDSurv,3,44,3469,8.062257766723633,1,3.7416574954986572,0.9951316118240356,0.0048683881759643555,7.681145668029785,0.9076427221298218,0.09235727787017822,16.309507369995117,0.6349934339523315,0.36500656604766846
survset:support2,RDSurv,3,44,539,4.123105525970459,1,3.7416574954986572,0.4421178996562958,0.5578821003437042,7.681145668029785,0.08011984825134277,0.9198801517486572,16.309507369995117,0.008527129888534546,0.9914728701114655
survset:support2,RDSurv,3,44,3206,19.595918655395508,0,3.7416574954986572,0.997016429901123,0.002983570098876953,7.681145668029785,0.9320089817047119,0.06799101829528809,16.309507369995117,0.6948524117469788,0.30514758825302124
survset:support2,RDSurv,3,44,4255,24.392621994018555,1,3.7416574954986572,0.9780848026275635,0.021915197372436523,7.681145668029785,0.7754887342453003,0.2245112657546997,16.309507369995117,0.41129153966903687,0.5887084603309631
survset:support2,RDSurv,3,44,242,3.464101552963257,1,3.7416574954986572,0.7588378190994263,0.24116218090057373,7.681145668029785,0.2890728712081909,0.7109271287918091,16.309507369995117,0.06210198998451233,0.9378980100154877
survset:support2,RDSurv,3,44,1413,23.108440399169922,0,3.7416574954986572,0.9999971389770508,2.86102294921875e-06,7.681145668029785,0.9994739890098572,0.0005260109901428223,16.309507369995117,0.9891321659088135,0.010867834091186523
survset:support2,RDSurv,3,44,4726,6.4031243324279785,1,3.7416574954986572,0.5646536946296692,0.4353463053703308,7.681145668029785,0.1365644931793213,0.8634355068206787,16.309507369995117,0.01889362931251526,0.9811063706874847
survset:support2,RDSurv,3,44,9018,7.681145668029785,1,3.7416574954986572,0.5373169183731079,0.4626830816268921,7.681145668029785,0.12201198935508728,0.8779880106449127,16.309507369995117,0.015926241874694824,0.9840737581253052
survset:support2,RDSurv,3,44,2900,14.071247100830078,1,3.7416574954986572,0.999326765537262,0.0006732344627380371,7.681145668029785,0.9742456674575806,0.025754332542419434,16.309507369995117,0.8329646587371826,0.16703534126281738
survset:support2,RDSurv,3,44,4024,38.57460403442383,0,3.7416574954986572,0.9978561401367188,0.00214385986328125,7.681145668029785,0.9449241757392883,0.05507582426071167,16.309507369995117,0.7311327457427979,0.26886725425720215
survset:support2,RDSurv,3,44,4531,2.8284270763397217,1,3.7416574954986572,0.6466858386993408,0.3533141613006592,7.681145668029785,0.18881380558013916,0.8111861944198608,16.309507369995117,0.031192779541015625,0.9688072204589844
survset:support2,RDSurv,3,44,8370,1.7320507764816284,1,3.7416574954986572,0.19077906012535095,0.809220939874649,7.681145668029785,0.0164339542388916,0.9835660457611084,16.309507369995117,0.0009198486804962158,0.9990801513195038
survset:support2,RDSurv,3,44,5731,2.8284270763397217,1,3.7416574954986572,0.4479391276836395,0.5520608723163605,7.681145668029785,0.08233523368835449,0.9176647663116455,16.309507369995117,0.008874744176864624,0.9911252558231354
survset:support2,RDSurv,3,44,6633,5.656854152679443,1,3.7416574954986572,0.6267901062965393,0.3732098937034607,7.681145668029785,0.1748167872428894,0.8251832127571106,16.309507369995117,0.027646303176879883,0.9723536968231201
survset:support2,RDSurv,3,44,7641,20.760540008544922,0,3.7416574954986572,0.9994177222251892,0.000582277774810791,7.681145668029785,0.9766360521316528,0.023363947868347168,16.309507369995117,0.8431501388549805,0.15684986114501953
survset:support2,RDSurv,3,44,6339,2.4494898319244385,1,3.7416574954986572,0.48605960607528687,0.5139403939247131,7.681145668029785,0.09789928793907166,0.9021007120609283,16.309507369995117,0.011456429958343506,0.9885435700416565
survset:support2,RDSurv,3,44,6134,1.7320507764816284,1,3.7416574954986572,0.15485408902168274,0.8451459109783173,7.681145668029785,0.01146802306175232,0.9885319769382477,16.309507369995117,0.0005654394626617432,0.9994345605373383
survset:support2,RDSurv,3,44,1999,3.7416574954986572,1,3.7416574954986572,0.47258588671684265,0.5274141132831573,7.681145668029785,0.09218236804008484,0.9078176319599152,16.309507369995117,0.010479986667633057,0.9895200133323669
survset:support2,RDSurv,3,44,7057,24.535688400268555,1,3.7416574954986572,0.9997423887252808,0.0002576112747192383,7.681145668029785,0.986588180065155,0.01341181993484497,16.309507369995117,0.8911756873130798,0.10882431268692017
survset:support2,RDSurv,3,44,1665,5.74456262588501,1,3.7416574954986572,0.3713989853858948,0.6286010146141052,7.681145668029785,0.056277334690093994,0.943722665309906,16.309507369995117,0.005113124847412109,0.9948868751525879
survset:support2,RDSurv,3,44,554,2.6457512378692627,1,3.7416574954986572,0.4288071393966675,0.5711928606033325,7.681145668029785,0.0752062201499939,0.9247937798500061,16.309507369995117,0.007774233818054199,0.9922257661819458
survset:support2,RDSurv,3,44,3826,2.6457512378692627,1,3.7416574954986572,0.1396653950214386,0.8603346049785614,7.681145668029785,0.009629279375076294,0.9903707206249237,16.309507369995117,0.00044727325439453125,0.9995527267456055
survset:support2,RDSurv,3,44,3938,4.358899116516113,1,3.7416574954986572,0.31133607029914856,0.6886639297008514,7.681145668029785,0.03999614715576172,0.9600038528442383,16.309507369995117,0.0031475424766540527,0.996852457523346
survset:support2,RDSurv,3,44,3141,6.557438373565674,1,3.7416574954986572,0.7467876672744751,0.2532123327255249,7.681145668029785,0.27617281675338745,0.7238271832466125,16.309507369995117,0.05756840109825134,0.9424315989017487
survset:support2,RDSurv,3,44,2450,3.1622776985168457,1,3.7416574954986572,0.6050415635108948,0.3949584364891052,7.681145668029785,0.16053888201713562,0.8394611179828644,16.309507369995117,0.024218469858169556,0.9757815301418304
survset:support2,RDSurv,3,44,4206,2.6457512378692627,1,3.7416574954986572,0.21709859371185303,0.782901406288147,7.681145668029785,0.020640641450881958,0.979359358549118,16.309507369995117,0.0012556910514831543,0.9987443089485168
survset:support2,RDSurv,3,44,6826,5.656854152679443,1,3.7416574954986572,0.37204599380493164,0.6279540061950684,7.681145668029785,0.056471437215805054,0.943528562784195,16.309507369995117,0.005138427019119263,0.9948615729808807
survset:support2,RDSurv,3,44,6137,20.856653213500977,1,3.7416574954986572,0.9946842193603516,0.0053157806396484375,7.681145668029785,0.9024978876113892,0.09750211238861084,16.309507369995117,0.6234850287437439,0.3765149712562561
survset:support2,RDSurv,3,44,4366,7.4833149909973145,1,3.7416574954986572,0.5823267102241516,0.4176732897758484,7.681145668029785,0.146671861410141,0.853328138589859,16.309507369995117,0.021072566509246826,0.9789274334907532
survset:support2,RDSurv,3,44,2295,37.656341552734375,0,3.7416574954986572,0.9999732971191406,2.6702880859375e-05,7.681145668029785,0.9972931146621704,0.00270688533782959,16.309507369995117,0.9640735983848572,0.03592640161514282
survset:support2,RDSurv,3,44,4324,32.69556427001953,0,3.7416574954986572,0.9996793866157532,0.00032061338424682617,7.681145668029785,0.9844143986701965,0.015585601329803467,16.309507369995117,0.8797245621681213,0.12027543783187866
survset:support2,RDSurv,3,44,4042,38.18376541137695,0,3.7416574954986572,0.9997053146362305,0.00029468536376953125,7.681145668029785,0.9852889776229858,0.01471102237701416,16.309507369995117,0.8842524290084839,0.11574757099151611
survset:support2,RDSurv,3,44,5148,25.475479125976562,0,3.7416574954986572,0.9995802640914917,0.0004197359085083008,7.681145668029785,0.9812716245651245,0.01872837543487549,16.309507369995117,0.8642208576202393,0.13577914237976074
survset:support2,RDSurv,3,44,373,22.86919403076172,1,3.7416574954986572,0.9872704148292542,0.01272958517074585,7.681145668029785,0.8353933691978455,0.16460663080215454,16.309507369995117,0.4977779686450958,0.5022220313549042
survset:support2,RDSurv,3,44,1459,21.908903121948242,0,3.7416574954986572,0.9999892711639404,1.0728836059570312e-05,7.681145668029785,0.9986069202423096,0.0013930797576904297,16.309507369995117,0.9777376651763916,0.0222623348236084
survset:support2,RDSurv,3,44,163,11.832159996032715,1,3.7416574954986572,0.9975483417510986,0.002451658248901367,7.681145668029785,0.9399853348731995,0.06001466512680054,16.309507369995117,0.7168065309524536,0.2831934690475464
survset:support2,RDSurv,3,44,8618,30.232433319091797,0,3.7416574954986572,0.9999513030052185,4.869699478149414e-05,7.681145668029785,0.9958335757255554,0.00416642427444458,16.309507369995117,0.951241135597229,0.048758864402770996
survset:support2,RDSurv,3,44,639,2.0,1,3.7416574954986572,0.28383535146713257,0.7161646485328674,7.681145668029785,0.03361380100250244,0.9663861989974976,16.309507369995117,0.002466171979904175,0.9975338280200958
survset:support2,RDSurv,3,44,4020,8.83176040649414,1,3.7416574954986572,0.9811029434204102,0.018897056579589844,7.681145668029785,0.7934401035308838,0.2065598964691162,16.309507369995117,0.4353168308734894,0.5646831691265106
survset:support2,RDSurv,3,44,577,39.306488037109375,0,3.7416574954986572,0.9989965558052063,0.0010034441947937012,7.681145668029785,0.9664161205291748,0.033583879470825195,16.309507369995117,0.8021374940872192,0.19786250591278076
survset:support2,RDSurv,3,44,3167,20.51828384399414,0,3.7416574954986572,0.9998744130134583,0.00012558698654174805,7.681145668029785,0.9918561577796936,0.008143842220306396,16.309507369995117,0.9223612546920776,0.07763874530792236
survset:support2,RDSurv,3,44,5622,4.4721360206604,1,3.7416574954986572,0.6309705972671509,0.3690294027328491,7.681145668029785,0.17768093943595886,0.8223190605640411,16.309507369995117,0.028356999158859253,0.9716430008411407
survset:support2,RDSurv,3,44,6818,2.4494898319244385,1,3.7416574954986572,0.026800602674484253,0.9731993973255157,7.681145668029785,0.0007145404815673828,0.9992854595184326,16.309507369995117,1.5228986740112305e-05,0.9999847710132599
survset:support2,RDSurv,3,44,4612,4.795831680297852,1,3.7416574954986572,0.5205219388008118,0.47947806119918823,7.681145668029785,0.11367747187614441,0.8863225281238556,16.309507369995117,0.014317691326141357,0.9856823086738586
survset:support2,RDSurv,3,44,7871,2.4494898319244385,1,3.7416574954986572,0.5664877891540527,0.43351221084594727,7.681145668029785,0.13758698105812073,0.8624130189418793,16.309507369995117,0.01910969614982605,0.980890303850174
survset:support2,RDSurv,3,44,7703,4.898979663848877,1,3.7416574954986572,0.5056473016738892,0.49435269832611084,7.681145668029785,0.10665634274482727,0.8933436572551727,16.309507369995117,0.013014554977416992,0.986985445022583
survset:support2,RDSurv,3,44,4997,26.795522689819336,0,3.7416574954986572,0.9930517673492432,0.006948232650756836,7.681145668029785,0.8851755857467651,0.11482441425323486,16.309507369995117,0.5870622396469116,0.4129377603530884
survset:support2,RDSurv,3,44,5575,16.370704650878906,1,3.7416574954986572,0.9995139241218567,0.00048607587814331055,7.681145668029785,0.9793151617050171,0.02068483829498291,16.309507369995117,0.8550943732261658,0.14490562677383423
survset:support2,RDSurv,3,44,6634,7.4833149909973145,1,3.7416574954986572,0.47454604506492615,0.5254539549350739,7.681145668029785,0.09299904108047485,0.9070009589195251,16.309507369995117,0.010617494583129883,0.9893825054168701
survset:support2,RDSurv,3,44,7624,20.928449630737305,0,3.7416574954986572,0.9999111294746399,8.887052536010742e-05,7.681145668029785,0.9936131238937378,0.006386876106262207,16.309507369995117,0.9343181848526001,0.0656818151473999
survset:support2,RDSurv,3,44,7013,6.324555397033691,1,3.7416574954986572,0.6352887153625488,0.36471128463745117,7.681145668029785,0.18068170547485352,0.8193182945251465,16.309507369995117,0.029109865427017212,0.9708901345729828
survset:support2,RDSurv,3,44,2572,3.316624879837036,1,3.7416574954986572,0.18399372696876526,0.8160062730312347,7.681145668029785,0.015428423881530762,0.9845715761184692,16.309507369995117,0.0008442103862762451,0.9991557896137238
survset:support2,RDSurv,3,44,1458,2.4494898319244385,1,3.7416574954986572,0.00657084584236145,0.9934291541576385,7.681145668029785,9.253621101379395e-05,0.9999074637889862,16.309507369995117,1.1920928955078125e-06,0.9999988079071045
survset:support2,RDSurv,3,44,1437,12.767145156860352,1,3.7416574954986572,0.9819880723953247,0.018011927604675293,7.681145668029785,0.7989829778671265,0.20101702213287354,16.309507369995117,0.4430362284183502,0.5569637715816498
survset:support2,RDSurv,3,44,6616,3.0,1,3.7416574954986572,0.4890452027320862,0.5109547972679138,7.681145668029785,0.09919935464859009,0.9008006453514099,16.309507369995117,0.011682987213134766,0.9883170127868652
survset:support2,RDSurv,3,44,6696,3.0,1,3.7416574954986572,0.376991331577301,0.623008668422699,7.681145668029785,0.057968735694885254,0.9420312643051147,16.309507369995117,0.005334973335266113,0.9946650266647339
survset:support2,RDSurv,3,44,8843,4.123105525970459,1,3.7416574954986572,0.3683827519416809,0.6316172480583191,7.681145668029785,0.05537804961204529,0.9446219503879547,16.309507369995117,0.00499647855758667,0.9950035214424133
survset:support2,RDSurv,3,44,2145,17.291616439819336,1,3.7416574954986572,0.9995745420455933,0.0004254579544067383,7.681145668029785,0.9810996651649475,0.01890033483505249,16.309507369995117,0.8634036779403687,0.13659632205963135
survset:support2,RDSurv,3,44,7162,27.73084831237793,0,3.7416574954986572,0.9998260736465454,0.00017392635345458984,7.681145668029785,0.9897769689559937,0.010223031044006348,16.309507369995117,0.9093542098999023,0.09064579010009766
survset:support2,RDSurv,3,44,1636,44.777225494384766,0,3.7416574954986572,0.999742865562439,0.00025713443756103516,7.681145668029785,0.9866035580635071,0.01339644193649292,16.309507369995117,0.8912592530250549,0.10874074697494507
survset:support2,RDSurv,3,44,2048,40.62019348144531,0,3.7416574954986572,0.9918538928031921,0.008146107196807861,7.681145668029785,0.8736132383346558,0.12638676166534424,16.309507369995117,0.5644922852516174,0.43550771474838257
survset:support2,RDSurv,3,44,6179,2.0,1,3.7416574954986572,0.07360509037971497,0.926394909620285,7.681145668029785,0.0033832788467407227,0.9966167211532593,16.309507369995117,0.00011238455772399902,0.999887615442276
survset:support2,RDSurv,3,44,1442,3.1622776985168457,1,3.7416574954986572,0.2805953323841095,0.7194046676158905,7.681145668029785,0.03290337324142456,0.9670966267585754,16.309507369995117,0.002393662929534912,0.9976063370704651
survset:support2,RDSurv,3,44,4893,5.4772257804870605,1,3.7416574954986572,0.5226696133613586,0.47733038663864136,7.681145668029785,0.1147187352180481,0.8852812647819519,16.309507369995117,0.014515012502670288,0.9854849874973297
survset:support2,RDSurv,3,44,4822,1.7320507764816284,1,3.7416574954986572,0.0364784300327301,0.9635215699672699,7.681145668029785,0.0011374950408935547,0.9988625049591064,16.309507369995117,2.753734588623047e-05,0.9999724626541138
survset:support2,RDSurv,3,44,3825,4.582575798034668,1,3.7416574954986572,0.7518314123153687,0.24816858768463135,7.681145668029785,0.28149712085723877,0.7185028791427612,16.309507369995117,0.05941900610923767,0.9405809938907623
survset:support2,RDSurv,3,44,4651,12.649110794067383,1,3.7416574954986572,0.9984358549118042,0.0015641450881958008,7.681145668029785,0.9550736546516418,0.044926345348358154,16.309507369995117,0.7626663446426392,0.23733365535736084
survset:support2,RDSurv,3,44,1126,17.14642906188965,1,3.7416574954986572,0.9968196153640747,0.003180384635925293,7.681145668029785,0.9292081594467163,0.07079184055328369,16.309507369995117,0.6874550580978394,0.31254494190216064
survset:support2,RDSurv,3,44,7157,27.80287742614746,0,3.7416574954986572,0.9997154474258423,0.00028455257415771484,7.681145668029785,0.9856388568878174,0.014361143112182617,16.309507369995117,0.8860929012298584,0.1139070987701416
survset:support2,RDSurv,3,44,2528,11.045360565185547,1,3.7416574954986572,0.9542160034179688,0.04578399658203125,7.681145668029785,0.6658636331558228,0.33413636684417725,16.309507369995117,0.29021739959716797,0.709782600402832
survset:support2,RDSurv,3,44,5307,3.464101552963257,1,3.7416574954986572,0.2515209913253784,0.7484790086746216,7.681145668029785,0.026904255151748657,0.9730957448482513,16.309507369995117,0.0018092095851898193,0.9981907904148102
survset:support2,RDSurv,3,44,1820,7.211102485656738,1,3.7416574954986572,0.723884105682373,0.27611589431762695,7.681145668029785,0.2532668113708496,0.7467331886291504,16.309507369995117,0.049931883811950684,0.9500681161880493
survset:support2,RDSurv,3,44,5879,9.69536018371582,1,3.7416574954986572,0.9947941303253174,0.005205869674682617,7.681145668029785,0.9037441611289978,0.0962558388710022,16.309507369995117,0.6262415647506714,0.3737584352493286
survset:support2,RDSurv,3,44,374,30.430248260498047,1,3.7416574954986572,0.9970600605010986,0.002939939498901367,7.681145668029785,0.9326394200325012,0.06736057996749878,16.309507369995117,0.6965388059616089,0.3034611940383911
survset:support2,RDSurv,3,44,1523,6.324555397033691,1,3.7416574954986572,0.3730832040309906,0.6269167959690094,7.681145668029785,0.056783437728881836,0.9432165622711182,16.309507369995117,0.005179166793823242,0.9948208332061768
survset:support2,RDSurv,3,44,3989,38.94868469238281,0,3.7416574954986572,0.9997891187667847,0.00021088123321533203,7.681145668029785,0.9883160591125488,0.011683940887451172,16.309507369995117,0.9007954001426697,0.09920459985733032
survset:support2,RDSurv,3,44,1419,22.97825050354004,0,3.7416574954986572,0.9999968409538269,3.159046173095703e-06,7.681145668029785,0.9994369149208069,0.0005630850791931152,16.309507369995117,0.9885675311088562,0.011432468891143799
survset:support2,RDSurv,3,44,7567,21.908903121948242,0,3.7416574954986572,0.9931867718696594,0.006813228130340576,7.681145668029785,0.8865337371826172,0.11346626281738281,16.309507369995117,0.5897992849349976,0.41020071506500244
survset:support2,RDSurv,3,44,925,8.0,1,3.7416574954986572,0.9996621608734131,0.00033783912658691406,7.681145668029785,0.9838463068008423,0.016153693199157715,16.309507369995117,0.8768364191055298,0.12316358089447021
survset:support2,RDSurv,3,44,2578,4.690415859222412,1,3.7416574954986572,0.6323457956314087,0.3676542043685913,7.681145668029785,0.17863193154335022,0.8213680684566498,16.309507369995117,0.028594672679901123,0.9714053273200989
survset:support2,RDSurv,3,44,2848,3.464101552963257,1,3.7416574954986572,0.5366218686103821,0.4633781313896179,7.681145668029785,0.12165820598602295,0.878341794013977,16.309507369995117,0.01585659384727478,0.9841434061527252
survset:support2,RDSurv,3,44,5794,2.8284270763397217,1,3.7416574954986572,0.4579985737800598,0.5420014262199402,7.681145668029785,0.0862615704536438,0.9137384295463562,16.309507369995117,0.009503066539764404,0.9904969334602356
survset:support2,RDSurv,3,44,5300,11.661903381347656,1,3.7416574954986572,0.9673819541931152,0.032618045806884766,7.681145668029785,0.7207169532775879,0.2792830467224121,16.309507369995117,0.34594297409057617,0.6540570259094238
survset:support2,RDSurv,3,44,8278,20.952327728271484,1,3.7416574954986572,0.9983378052711487,0.0016621947288513184,7.681145668029785,0.9532646536827087,0.04673534631729126,16.309507369995117,0.7568160891532898,0.2431839108467102
survset:support2,RDSurv,3,44,7945,2.2360680103302,1,3.7416574954986572,0.5294784903526306,0.4705215096473694,7.681145668029785,0.11806702613830566,0.8819329738616943,16.309507369995117,0.015156567096710205,0.9848434329032898
survset:support2,RDSurv,3,44,3237,8.366600036621094,1,3.7416574954986572,0.9518759250640869,0.048124074935913086,7.681145668029785,0.6571351885795593,0.3428648114204407,16.309507369995117,0.2821005880832672,0.7178994119167328
survset:support2,RDSurv,3,44,3377,37.960506439208984,1,3.7416574954986572,0.9972682595252991,0.0027317404747009277,7.681145668029785,0.9357056617736816,0.06429433822631836,16.309507369995117,0.7048567533493042,0.2951432466506958
survset:support2,RDSurv,3,44,4129,37.53664779663086,0,3.7416574954986572,0.9985920190811157,0.0014079809188842773,7.681145668029785,0.9580495357513428,0.04195046424865723,16.309507369995117,0.7725340127944946,0.22746598720550537
survset:support2,RDSurv,3,44,4578,12.961481094360352,1,3.7416574954986572,0.9873216152191162,0.012678384780883789,7.681145668029785,0.8357794880867004,0.16422051191329956,16.309507369995117,0.498399943113327,0.501600056886673
survset:support2,RDSurv,3,44,7625,20.976177215576172,0,3.7416574954986572,0.9994373917579651,0.0005626082420349121,7.681145668029785,0.9771703481674194,0.022829651832580566,16.309507369995117,0.8454848527908325,0.15451514720916748
survset:support2,RDSurv,3,44,2066,40.360870361328125,0,3.7416574954986572,0.9936082363128662,0.006391763687133789,7.681145668029785,0.8908537030220032,0.10914629697799683,16.309507369995117,0.598633348941803,0.401366651058197
survset:support2,RDSurv,3,44,5016,6.164413928985596,1,3.7416574954986572,0.6044832468032837,0.3955167531967163,7.681145668029785,0.16018563508987427,0.8398143649101257,16.309507369995117,0.024136066436767578,0.9758639335632324
survset:support2,RDSurv,3,44,2308,35.46829605102539,1,3.7416574954986572,0.9975627064704895,0.002437293529510498,7.681145668029785,0.9402106404304504,0.05978935956954956,16.309507369995117,0.7174472212791443,0.2825527787208557
survset:support2,RDSurv,3,44,5190,16.217275619506836,1,3.7416574954986572,0.998477041721344,0.0015229582786560059,7.681145668029785,0.955846905708313,0.04415309429168701,16.309507369995117,0.7652003765106201,0.23479962348937988
survset:support2,RDSurv,3,44,5877,8.66025447845459,1,3.7416574954986572,0.950127124786377,0.04987287521362305,7.681145668029785,0.6507787108421326,0.34922128915786743,16.309507369995117,0.2763075828552246,0.7236924171447754
survset:support2,RDSurv,3,44,8601,30.495901107788086,0,3.7416574954986572,0.9997568130493164,0.00024318695068359375,7.681145668029785,0.987110435962677,0.012889564037322998,16.309507369995117,0.8940308094024658,0.10596919059753418
survset:support2,RDSurv,3,44,1167,27.85677719116211,0,3.7416574954986572,0.9999216794967651,7.832050323486328e-05,7.681145668029785,0.9941586256027222,0.005841374397277832,16.309507369995117,0.9382580518722534,0.06174194812774658
survset:support2,RDSurv,3,44,8319,37.6961555480957,0,3.7416574954986572,0.9999524354934692,4.756450653076172e-05,7.681145668029785,0.995903730392456,0.004096269607543945,16.309507369995117,0.9518200159072876,0.0481799840927124
survset:support2,RDSurv,3,44,6307,40.63249969482422,0,3.7416574954986572,0.9999434947967529,5.650520324707031e-05,7.681145668029785,0.9953688979148865,0.004631102085113525,16.309507369995117,0.9474860429763794,0.052513957023620605
survset:support2,RDSurv,3,44,3634,34.32200622558594,1,3.7416574954986572,0.994476854801178,0.0055231451988220215,7.681145668029785,0.9001781940460205,0.09982180595397949,16.309507369995117,0.6184064149856567,0.38159358501434326
survset:support2,RDSurv,3,44,411,2.6457512378692627,1,3.7416574954986572,0.5017291307449341,0.4982708692550659,7.681145668029785,0.10486108064651489,0.8951389193534851,16.309507369995117,0.012689024209976196,0.9873109757900238
survset:support2,RDSurv,3,44,8280,19.72308349609375,1,3.7416574954986572,0.9919049143791199,0.008095085620880127,7.681145668029785,0.874089241027832,0.12591075897216797,16.309507369995117,0.5653969049453735,0.43460309505462646
survset:support2,RDSurv,3,44,2507,19.67231559753418,1,3.7416574954986572,0.9982727766036987,0.0017272233963012695,7.681145668029785,0.9520876407623291,0.0479123592376709,16.309507369995117,0.7530666589736938,0.24693334102630615
survset:support2,RDSurv,3,44,2898,11.357816696166992,1,3.7416574954986572,0.9989126920700073,0.0010873079299926758,7.681145668029785,0.9645901918411255,0.03540980815887451,16.309507369995117,0.7954171895980835,0.2045828104019165
survset:support2,RDSurv,3,44,6605,7.6157732009887695,1,3.7416574954986572,0.10313490033149719,0.8968650996685028,7.681145668029785,0.005825310945510864,0.9941746890544891,16.309507369995117,0.00022932887077331543,0.9997706711292267
survset:support2,RDSurv,3,44,6467,38.87158203125,0,3.7416574954986572,0.9996703863143921,0.00032961368560791016,7.681145668029785,0.984117865562439,0.015882134437561035,16.309507369995117,0.8782118558883667,0.1217881441116333
survset:support2,RDSurv,3,44,2177,4.0,1,3.7416574954986572,0.6687966585159302,0.3312033414840698,7.681145668029785,0.20551815629005432,0.7944818437099457,16.309507369995117,0.035667359828948975,0.964332640171051
survset:support2,RDSurv,3,44,1015,14.422204971313477,1,3.7416574954986572,0.9776976108551025,0.02230238914489746,7.681145668029785,0.7732819318771362,0.22671806812286377,16.309507369995117,0.40843573212623596,0.591564267873764
survset:support2,RDSurv,3,44,2694,9.746794700622559,1,3.7416574954986572,0.9965656995773315,0.003434300422668457,7.681145668029785,0.9256987571716309,0.07430124282836914,16.309507369995117,0.6783952116966248,0.32160478830337524
survset:support2,RDSurv,3,44,4885,27.94637680053711,0,3.7416574954986572,0.999207615852356,0.000792384147644043,7.681145668029785,0.9712855815887451,0.028714418411254883,16.309507369995117,0.8208901882171631,0.17910981178283691
survset:support2,RDSurv,3,44,8520,3.0,1,3.7416574954986572,0.6960015296936035,0.3039984703063965,7.681145668029785,0.22791549563407898,0.772084504365921,16.309507369995117,0.042083948850631714,0.9579160511493683
survset:support2,RDSurv,3,44,4744,3.316624879837036,1,3.7416574954986572,0.4728632867336273,0.5271367132663727,7.681145668029785,0.09229764342308044,0.9077023565769196,16.309507369995117,0.010499358177185059,0.9895006418228149
survset:support2,RDSurv,3,44,3041,9.69536018371582,1,3.7416574954986572,0.9991578459739685,0.0008421540260314941,7.681145668029785,0.9700976610183716,0.029902338981628418,16.309507369995117,0.8161957263946533,0.18380427360534668
survset:support2,RDSurv,3,44,4948,2.0,1,3.7416574954986572,0.0010553300380706787,0.9989446699619293,7.681145668029785,7.361173629760742e-06,0.9999926388263702,16.309507369995117,5.960464477539063e-08,0.9999999403953552
survset:support2,RDSurv,3,44,7325,10.198039054870605,1,3.7416574954986572,0.9895971417427063,0.010402858257293701,7.681145668029785,0.8537899255752563,0.14621007442474365,16.309507369995117,0.5285229682922363,0.47147703170776367
survset:support2,RDSurv,3,44,2830,3.316624879837036,1,3.7416574954986572,0.5149650573730469,0.4850349426269531,7.681145668029785,0.11101585626602173,0.8889841437339783,16.309507369995117,0.013818085193634033,0.986181914806366
survset:support2,RDSurv,3,44,1892,3.316624879837036,1,3.7416574954986572,0.5634218454360962,0.4365781545639038,7.681145668029785,0.13588109612464905,0.864118903875351,16.309507369995117,0.018749773502349854,0.9812502264976501
survset:support2,RDSurv,3,44,5612,3.872983455657959,1,3.7416574954986572,0.760553240776062,0.239446759223938,7.681145668029785,0.2909606099128723,0.7090393900871277,16.309507369995117,0.06277969479560852,0.9372203052043915
survset:support2,RDSurv,3,44,5179,4.242640495300293,1,3.7416574954986572,0.5087527632713318,0.4912472367286682,7.681145668029785,0.10809507966041565,0.8919049203395844,16.309507369995117,0.013277679681777954,0.986722320318222
survset:support2,RDSurv,3,44,2286,37.735923767089844,0,3.7416574954986572,0.9997495412826538,0.0002504587173461914,7.681145668029785,0.9868450164794922,0.013154983520507812,16.309507369995117,0.8925743103027344,0.10742568969726562
survset:support2,RDSurv,3,44,5123,6.4031243324279785,1,3.7416574954986572,0.44373366236686707,0.5562663376331329,7.681145668029785,0.08073064684867859,0.9192693531513214,16.309507369995117,0.008622467517852783,0.9913775324821472
survset:support2,RDSurv,3,44,4898,11.045360565185547,1,3.7416574954986572,0.9999158382415771,8.416175842285156e-05,7.681145668029785,0.9938567876815796,0.00614321231842041,16.309507369995117,0.9360629320144653,0.06393706798553467
survset:support2,RDSurv,3,44,6048,22.89104652404785,1,3.7416574954986572,0.9989702701568604,0.0010297298431396484,7.681145668029785,0.9658370018005371,0.03416299819946289,16.309507369995117,0.799988865852356,0.20001113414764404
survset:support2,RDSurv,3,44,6269,1.7320507764816284,1,3.7416574954986572,0.026225566864013672,0.9737744331359863,7.681145668029785,0.0006917417049407959,0.9993082582950592,16.309507369995117,1.4603137969970703e-05,0.99998539686203
survset:support2,RDSurv,3,44,8539,22.494443893432617,1,3.7416574954986572,0.9882620573043823,0.011737942695617676,7.681145668029785,0.8430175185203552,0.15698248147964478,16.309507369995117,0.510238766670227,0.48976123332977295
survset:support2,RDSurv,3,44,180,31.984371185302734,1,3.7416574954986572,0.9911115765571594,0.008888423442840576,7.681145668029785,0.8668385148048401,0.1331614851951599,16.309507369995117,0.5518357157707214,0.44816428422927856
survset:support2,RDSurv,3,44,6407,15.81138801574707,1,3.7416574954986572,0.990919828414917,0.009080171585083008,7.681145668029785,0.8651317358016968,0.13486826419830322,16.309507369995117,0.5487087965011597,0.45129120349884033
survset:support2,RDSurv,3,44,7132,28.1069393157959,0,3.7416574954986572,0.9988952875137329,0.0011047124862670898,7.681145668029785,0.9642171263694763,0.03578287363052368,16.309507369995117,0.7940633296966553,0.20593667030334473
survset:support2,RDSurv,3,44,5957,20.760540008544922,1,3.7416574954986572,0.9992766380310059,0.0007233619689941406,7.681145668029785,0.9729785919189453,0.027021408081054688,16.309507369995117,0.827727735042572,0.17227226495742798
survset:support2,RDSurv,3,44,8166,2.2360680103302,1,3.7416574954986572,0.2657936215400696,0.7342063784599304,7.681145668029785,0.02976563572883606,0.9702343642711639,16.309507369995117,0.002081632614135742,0.9979183673858643
survset:support2,RDSurv,3,44,3042,23.494680404663086,0,3.7416574954986572,0.996992826461792,0.003007173538208008,7.681145668029785,0.9316688776016235,0.06833112239837646,16.309507369995117,0.6939460039138794,0.3060539960861206
survset:support2,RDSurv,3,44,6719,3.872983455657959,1,3.7416574954986572,0.4672447741031647,0.5327552258968353,7.681145668029785,0.08998268842697144,0.9100173115730286,16.309507369995117,0.010112941265106201,0.9898870587348938
survset:support2,RDSurv,3,44,168,23.30236053466797,1,3.7416574954986572,0.999922513961792,7.748603820800781e-05,7.681145668029785,0.9942038059234619,0.005796194076538086,16.309507369995117,0.9385901689529419,0.061409831047058105
survset:support2,RDSurv,3,44,33,4.4721360206604,1,3.7416574954986572,0.2925395965576172,0.7074604034423828,7.681145668029785,0.03556513786315918,0.9644348621368408,16.309507369995117,0.0026688575744628906,0.9973311424255371
survset:support2,RDSurv,3,44,6988,30.049959182739258,0,3.7416574954986572,0.9963443875312805,0.0036556124687194824,7.681145668029785,0.9227279424667358,0.07727205753326416,16.309507369995117,0.6708976626396179,0.3291023373603821
survset:support2,RDSurv,3,44,6408,3.1622776985168457,1,3.7416574954986572,0.4004520773887634,0.5995479226112366,7.681145668029785,0.06541445851325989,0.9345855414867401,16.309507369995117,0.006349325180053711,0.9936506748199463
survset:support2,RDSurv,3,44,1695,3.7416574954986572,1,3.7416574954986572,0.4450904130935669,0.5549095869064331,7.681145668029785,0.08124595880508423,0.9187540411949158,16.309507369995117,0.00870320200920105,0.991296797990799
survset:support2,RDSurv,3,44,7474,12.449899673461914,1,3.7416574954986572,0.9992748498916626,0.0007251501083374023,7.681145668029785,0.9729339480400085,0.027066051959991455,16.309507369995117,0.8275450468063354,0.17245495319366455
survset:support2,RDSurv,3,44,8841,14.03566837310791,1,3.7416574954986572,0.9939032793045044,0.0060967206954956055,7.681145668029785,0.8939540386199951,0.10604596138000488,16.309507369995117,0.6050977110862732,0.3949022889137268
survset:support2,RDSurv,3,44,2410,2.8284270763397217,1,3.7416574954986572,0.5691140294075012,0.4308859705924988,7.681145668029785,0.1390615999698639,0.8609384000301361,16.309507369995117,0.01942300796508789,0.9805769920349121
survset:support2,RDSurv,3,44,2162,7.280109882354736,1,3.7416574954986572,0.45119380950927734,0.5488061904907227,7.681145668029785,0.08359184861183167,0.9164081513881683,16.309507369995117,0.009074121713638306,0.9909258782863617
survset:support2,RDSurv,3,44,8619,3.316624879837036,1,3.7416574954986572,0.15977635979652405,0.840223640203476,7.681145668029785,0.012096792459487915,0.9879032075405121,16.309507369995117,0.0006075501441955566,0.9993924498558044
survset:support2,RDSurv,3,44,7192,5.099019527435303,1,3.7416574954986572,0.24660897254943848,0.7533910274505615,7.681145668029785,0.025955945253372192,0.9740440547466278,16.309507369995117,0.0017215311527252197,0.9982784688472748
survset:support2,RDSurv,3,44,1812,17.944358825683594,1,3.7416574954986572,0.9997442960739136,0.0002557039260864258,7.681145668029785,0.9866563081741333,0.0133436918258667,16.309507369995117,0.8915455937385559,0.10845440626144409
survset:support2,RDSurv,3,44,2782,13.784049034118652,1,3.7416574954986572,0.9997237324714661,0.00027626752853393555,7.681145668029785,0.985926628112793,0.014073371887207031,16.309507369995117,0.8876193761825562,0.11238062381744385
survset:support2,RDSurv,3,44,4004,3.0,1,3.7416574954986572,0.5640761256217957,0.43592387437820435,7.681145668029785,0.13624373078346252,0.8637562692165375,16.309507369995117,0.018826067447662354,0.9811739325523376
survset:support2,RDSurv,3,44,7982,42.154476165771484,0,3.7416574954986572,0.9930334091186523,0.006966590881347656,7.681145668029785,0.8849923610687256,0.11500763893127441,16.309507369995117,0.5866943597793579,0.4133056402206421
survset:support2,RDSurv,3,44,6785,32.48076248168945,0,3.7416574954986572,0.9999655485153198,3.445148468017578e-05,7.681145668029785,0.9967489242553711,0.0032510757446289062,16.309507369995117,0.959074854850769,0.04092514514923096
survset:support2,RDSurv,3,44,6835,2.8284270763397217,1,3.7416574954986572,0.2759435474872589,0.7240564525127411,7.681145668029785,0.031898289918899536,0.9681017100811005,16.309507369995117,0.0022922158241271973,0.9977077841758728
survset:support2,RDSurv,3,44,1502,21.0,0,3.7416574954986572,0.9966779947280884,0.003322005271911621,7.681145668029785,0.9272372722625732,0.07276272773742676,16.309507369995117,0.6823391318321228,0.3176608681678772
survset:support2,RDSurv,3,44,8687,18.574174880981445,1,3.7416574954986572,0.9950724840164185,0.004927515983581543,7.681145668029785,0.9069505929946899,0.09304940700531006,16.309507369995117,0.633425235748291,0.366574764251709
survset:support2,RDSurv,3,44,225,5.196152210235596,1,3.7416574954986572,0.7473123073577881,0.2526876926422119,7.681145668029785,0.276721715927124,0.723278284072876,16.309507369995117,0.05775785446166992,0.9422421455383301
survset:support2,RDSurv,3,44,5465,6.164413928985596,1,3.7416574954986572,0.43758106231689453,0.5624189376831055,7.681145668029785,0.07842156291007996,0.92157843708992,16.309507369995117,0.008264094591140747,0.9917359054088593
survset:support2,RDSurv,3,44,6163,42.095130920410156,0,3.7416574954986572,0.9975876808166504,0.0024123191833496094,7.681145668029785,0.9406017661094666,0.05939823389053345,16.309507369995117,0.7185621857643127,0.28143781423568726
survset:support2,RDSurv,3,44,221,35.84689712524414,1,3.7416574954986572,0.9996352791786194,0.00036472082138061523,7.681145668029785,0.9829801917076111,0.017019808292388916,16.309507369995117,0.8725091814994812,0.1274908185005188
survset:support2,RDSurv,3,44,7712,18.574174880981445,1,3.7416574954986572,0.993708074092865,0.00629192590713501,7.681145668029785,0.891895055770874,0.10810494422912598,16.309507369995117,0.6007928252220154,0.3992071747779846
survset:support2,RDSurv,3,44,2277,7.8102498054504395,1,3.7416574954986572,0.9991356134414673,0.0008643865585327148,7.681145668029785,0.9695764780044556,0.030423521995544434,16.309507369995117,0.8141612410545349,0.1858387589454651
survset:support2,RDSurv,3,44,5427,23.0867919921875,0,3.7416574954986572,0.9979324340820312,0.00206756591796875,7.681145668029785,0.9461919069290161,0.05380809307098389,16.309507369995117,0.7349098324775696,0.2650901675224304
survset:support2,RDSurv,3,44,7456,23.916521072387695,0,3.7416574954986572,0.9999867677688599,1.3232231140136719e-05,7.681145668029785,0.9983738660812378,0.001626133918762207,16.309507369995117,0.9750929474830627,0.024907052516937256
survset:support2,RDSurv,3,44,5478,22.56102752685547,0,3.7416574954986572,0.9993086457252502,0.0006913542747497559,7.681145668029785,0.973784327507019,0.026215672492980957,16.309507369995117,0.8310455083847046,0.1689544916152954
survset:support2,RDSurv,3,44,3615,5.0,1,3.7416574954986572,0.4585738778114319,0.5414261221885681,7.681145668029785,0.08648991584777832,0.9135100841522217,16.309507369995117,0.009540081024169922,0.9904599189758301
survset:support2,RDSurv,3,44,4195,14.177447319030762,1,3.7416574954986572,0.992933988571167,0.007066011428833008,7.681145668029785,0.8840007781982422,0.11599922180175781,16.309507369995117,0.5847097635269165,0.4152902364730835
survset:support2,RDSurv,3,44,4275,10.0,1,3.7416574954986572,0.9960618019104004,0.003938198089599609,7.681145668029785,0.9190418720245361,0.08095812797546387,16.309507369995117,0.6618018746376038,0.33819812536239624
survset:support2,RDSurv,3,44,3302,9.380831718444824,1,3.7416574954986572,0.9652276039123535,0.034772396087646484,7.681145668029785,0.7109628915786743,0.2890371084213257,16.309507369995117,0.33539295196533203,0.664607048034668
survset:support2,RDSurv,3,44,5291,24.289915084838867,0,3.7416574954986572,0.9950035810470581,0.0049964189529418945,7.681145668029785,0.906149685382843,0.09385031461715698,16.309507369995117,0.6316182017326355,0.3683817982673645
survset:support2,RDSurv,3,44,7652,6.480740547180176,1,3.7416574954986572,0.4177039861679077,0.5822960138320923,7.681145668029785,0.07126492261886597,0.928735077381134,16.309507369995117,0.007188469171524048,0.992811530828476
survset:support2,RDSurv,3,44,2109,39.74921417236328,0,3.7416574954986572,0.999970018863678,2.9981136322021484e-05,7.681145668029785,0.99705970287323,0.0029402971267700195,16.309507369995117,0.9618933200836182,0.038106679916381836
survset:support2,RDSurv,3,44,4339,15.033296585083008,1,3.7416574954986572,0.9994610548019409,0.000538945198059082,7.681145668029785,0.9778212308883667,0.0221787691116333,16.309507369995117,0.8483603596687317,0.1516396403312683
survset:support2,RDSurv,3,44,5100,25.884357452392578,0,3.7416574954986572,0.9994621276855469,0.000537872314453125,7.681145668029785,0.9778502583503723,0.022149741649627686,16.309507369995117,0.8484894037246704,0.1515105962753296
survset:support2,RDSurv,3,44,6259,41.19466018676758,0,3.7416574954986572,0.9999995231628418,4.76837158203125e-07,7.681145668029785,0.9998588562011719,0.000141143798828125,16.309507369995117,0.9959732294082642,0.00402677059173584
survset:support2,RDSurv,3,44,3423,4.123105525970459,1,3.7416574954986572,0.4942244291305542,0.5057755708694458,7.681145668029785,0.10148388147354126,0.8985161185264587,16.309507369995117,0.012085139751434326,0.9879148602485657
survset:support2,RDSurv,3,44,6767,5.291502475738525,1,3.7416574954986572,0.5992461442947388,0.40075385570526123,7.681145668029785,0.15690308809280396,0.843096911907196,16.309507369995117,0.023376166820526123,0.9766238331794739
survset:support2,RDSurv,3,44,2128,2.0,1,3.7416574954986572,0.10716915130615234,0.8928308486938477,7.681145668029785,0.006202876567840576,0.9937971234321594,16.309507369995117,0.0002491474151611328,0.9997508525848389
survset:support2,RDSurv,3,44,5323,24.020824432373047,0,3.7416574954986572,0.9928665161132812,0.00713348388671875,7.681145668029785,0.883331835269928,0.11666816473007202,16.309507369995117,0.5833764672279358,0.4166235327720642
survset:support2,RDSurv,3,44,5101,2.6457512378692627,1,3.7416574954986572,0.7213281989097595,0.2786718010902405,7.681145668029785,0.2508324980735779,0.7491675019264221,16.309507369995117,0.04915100336074829,0.9508489966392517
survset:support2,RDSurv,3,44,8500,1.7320507764816284,1,3.7416574954986572,0.08579012751579285,0.9142098724842072,7.681145668029785,0.004322171211242676,0.9956778287887573,16.309507369995117,0.00015482306480407715,0.9998451769351959
survset:support2,RDSurv,3,44,2110,39.73663330078125,0,3.7416574954986572,0.9999954104423523,4.589557647705078e-06,7.681145668029785,0.9992543458938599,0.0007456541061401367,16.309507369995117,0.9859220385551453,0.014077961444854736
survset:support2,RDSurv,3,44,4668,16.94107437133789,1,3.7416574954986572,0.9999104738235474,8.952617645263672e-05,7.681145668029785,0.9935822486877441,0.006417751312255859,16.309507369995117,0.9340987801551819,0.06590121984481812
survset:support2,RDSurv,3,44,4264,11.575837135314941,1,3.7416574954986572,0.9975833296775818,0.002416670322418213,7.681145668029785,0.9405338764190674,0.05946612358093262,16.309507369995117,0.7183684706687927,0.2816315293312073
survset:support2,RDSurv,3,44,3921,39.57271957397461,0,3.7416574954986572,0.9992710947990417,0.000728905200958252,7.681145668029785,0.9728410840034485,0.027158915996551514,16.309507369995117,0.8271656036376953,0.1728343963623047
survset:support2,RDSurv,3,44,6879,15.29705810546875,1,3.7416574954986572,0.9968788027763367,0.00312119722366333,7.681145668029785,0.930042028427124,0.06995797157287598,16.309507369995117,0.689641535282135,0.310358464717865
survset:support2,RDSurv,3,44,1207,26.925823211669922,0,3.7416574954986572,0.9966924786567688,0.003307521343231201,7.681145668029785,0.9274364709854126,0.0725635290145874,16.309507369995117,0.6828529834747314,0.31714701652526855
survset:support2,RDSurv,3,44,7661,4.795831680297852,1,3.7416574954986572,0.6789422035217285,0.3210577964782715,7.681145668029785,0.21362069249153137,0.7863793075084686,16.309507369995117,0.03793320059776306,0.9620667994022369
survset:support2,RDSurv,3,44,5055,8.774964332580566,1,3.7416574954986572,0.9877594709396362,0.01224052906036377,7.681145668029785,0.8391156196594238,0.16088438034057617,16.309507369995117,0.5038138031959534,0.49618619680404663
survset:support2,RDSurv,3,44,2915,26.019224166870117,0,3.7416574954986572,0.9934060573577881,0.006593942642211914,7.681145668029785,0.8887659907341003,0.11123400926589966,16.309507369995117,0.5943394899368286,0.4056605100631714
survset:support2,RDSurv,3,44,6041,19.79899024963379,1,3.7416574954986572,0.9939691424369812,0.006030857563018799,7.681145668029785,0.8946547508239746,0.10534524917602539,16.309507369995117,0.6065735816955566,0.39342641830444336
survset:support2,RDSurv,3,44,3902,9.433980941772461,1,3.7416574954986572,0.9890497922897339,0.010950207710266113,7.681145668029785,0.8492975234985352,0.15070247650146484,16.309507369995117,0.5207976698875427,0.4792023301124573
survset:support2,RDSurv,3,44,1136,4.582575798034668,1,3.7416574954986572,0.7676225900650024,0.23237740993499756,7.681145668029785,0.29888004064559937,0.7011199593544006,16.309507369995117,0.06566295027732849,0.9343370497226715
survset:support2,RDSurv,3,44,3539,4.358899116516113,1,3.7416574954986572,0.533004105091095,0.46699589490890503,7.681145668029785,0.11982932686805725,0.8801706731319427,16.309507369995117,0.015498548746109009,0.984501451253891
survset:support2,RDSurv,3,44,1515,20.736440658569336,0,3.7416574954986572,0.999872624874115,0.00012737512588500977,7.681145668029785,0.9917752742767334,0.008224725723266602,16.309507369995117,0.9218339323997498,0.07816606760025024
survset:support2,RDSurv,3,44,2544,2.0,1,3.7416574954986572,0.01903665065765381,0.9809633493423462,7.681145668029785,0.00042998790740966797,0.9995700120925903,16.309507369995117,8.016824722290039e-06,0.9999919831752777
survset:support2,RDSurv,3,44,353,4.582575798034668,1,3.7416574954986572,0.3528316617012024,0.6471683382987976,7.681145668029785,0.05088311433792114,0.9491168856620789,16.309507369995117,0.0044272541999816895,0.9955727458000183
survset:support2,RDSurv,3,44,2620,3.872983455657959,1,3.7416574954986572,0.3436513841152191,0.6563486158847809,7.681145668029785,0.04833844304084778,0.9516615569591522,16.309507369995117,0.004115402698516846,0.9958845973014832
survset:support2,RDSurv,3,44,7602,7.549834251403809,1,3.7416574954986572,0.28431472182273865,0.7156852781772614,7.681145668029785,0.03371962904930115,0.9662803709506989,16.309507369995117,0.0024770498275756836,0.9975229501724243
survset:support2,RDSurv,3,44,5883,28.319604873657227,1,3.7416574954986572,0.9996603727340698,0.0003396272659301758,7.681145668029785,0.9837888479232788,0.01621115207672119,16.309507369995117,0.8765468597412109,0.12345314025878906
survset:support2,RDSurv,3,44,2413,18.65475845336914,1,3.7416574954986572,0.9998704195022583,0.00012958049774169922,7.681145668029785,0.9916760921478271,0.008323907852172852,16.309507369995117,0.9211905002593994,0.07880949974060059
survset:support2,RDSurv,3,44,3889,24.879711151123047,1,3.7416574954986572,0.9999245405197144,7.545948028564453e-05,7.681145668029785,0.9943099021911621,0.005690097808837891,16.309507369995117,0.9393730163574219,0.060626983642578125
survset:support2,RDSurv,3,44,2374,36.701499938964844,0,3.7416574954986572,0.998654842376709,0.0013451576232910156,7.681145668029785,0.9592816233634949,0.04071837663650513,16.309507369995117,0.7767133712768555,0.22328662872314453
survset:support2,RDSurv,3,44,7463,22.135944366455078,1,3.7416574954986572,0.9988865256309509,0.0011134743690490723,7.681145668029785,0.9640302658081055,0.03596973419189453,16.309507369995117,0.7933874726295471,0.20661252737045288
survset:support2,RDSurv,3,44,4804,28.530685424804688,0,3.7416574954986572,0.9998215436935425,0.00017845630645751953,7.681145668029785,0.9895954728126526,0.010404527187347412,16.309507369995117,0.9082675576210022,0.0917324423789978
survset:support2,RDSurv,3,44,6638,3.316624879837036,1,3.7416574954986572,0.27201253175735474,0.7279874682426453,7.681145668029785,0.031062573194503784,0.9689374268054962,16.309507369995117,0.0022089481353759766,0.997791051864624
survset:support2,RDSurv,3,44,697,37.74917221069336,0,3.7416574954986572,0.9999299049377441,7.009506225585938e-05,7.681145668029785,0.9946008324623108,0.005399167537689209,16.309507369995117,0.9415464401245117,0.05845355987548828
survset:support2,RDSurv,3,44,7254,2.2360680103302,1,3.7416574954986572,0.7032065391540527,0.29679346084594727,7.681145668029785,0.23422026634216309,0.7657797336578369,16.309507369995117,0.043977200984954834,0.9560227990150452
survset:support2,RDSurv,3,44,7526,22.516660690307617,0,3.7416574954986572,0.992188572883606,0.007811427116394043,7.681145668029785,0.8767604231834412,0.12323957681655884,16.309507369995117,0.5705105662345886,0.4294894337654114
survset:support2,RDSurv,3,44,4113,9.165151596069336,1,3.7416574954986572,0.9892454147338867,0.010754585266113281,7.681145668029785,0.8508908748626709,0.1491091251373291,16.309507369995117,0.5235209465026855,0.47647905349731445
survset:support2,RDSurv,3,44,5740,2.4494898319244385,1,3.7416574954986572,0.33971136808395386,0.6602886319160461,7.681145668029785,0.04727053642272949,0.9527294635772705,16.309507369995117,0.00398680567741394,0.9960131943225861
survset:support2,RDSurv,3,44,883,26.758176803588867,1,3.7416574954986572,0.9995957612991333,0.0004042387008666992,7.681145668029785,0.9817465543746948,0.018253445625305176,16.309507369995117,0.8664934635162354,0.13350653648376465
survset:support2,RDSurv,3,44,8007,4.4721360206604,1,3.7416574954986572,0.635572612285614,0.364427387714386,7.681145668029785,0.18088048696517944,0.8191195130348206,16.309507369995117,0.029160022735595703,0.9708399772644043
survset:support2,RDSurv,3,44,1867,5.196152210235596,1,3.7416574954986572,0.7802680730819702,0.21973192691802979,7.681145668029785,0.31363773345947266,0.6863622665405273,16.309507369995117,0.07121050357818604,0.928789496421814
survset:support2,RDSurv,3,44,2529,4.795831680297852,1,3.7416574954986572,0.7985559105873108,0.2014440894126892,7.681145668029785,0.3364431858062744,0.6635568141937256,16.309507369995117,0.0802399218082428,0.9197600781917572
survset:support2,RDSurv,3,44,6088,4.242640495300293,1,3.7416574954986572,0.3241255283355713,0.6758744716644287,7.681145668029785,0.043185681104660034,0.95681431889534,16.309507369995117,0.003507554531097412,0.9964924454689026
survset:support2,RDSurv,3,44,2791,24.979991912841797,1,3.7416574954986572,0.9994477033615112,0.0005522966384887695,7.681145668029785,0.9774515628814697,0.022548437118530273,16.309507369995117,0.8467229604721069,0.15327703952789307
survset:support2,RDSurv,3,44,2946,7.4833149909973145,1,3.7416574954986572,0.8764142990112305,0.12358570098876953,7.681145668029785,0.4596096873283386,0.5403903126716614,16.309507369995117,0.13947376608848572,0.8605262339115143
survset:support2,RDSurv,3,44,5729,8.124038696289062,1,3.7416574954986572,0.999213695526123,0.0007863044738769531,7.681145668029785,0.9714332222938538,0.02856677770614624,16.309507369995117,0.8214794993400574,0.17852050065994263
survset:support2,RDSurv,3,44,1042,29.866369247436523,0,3.7416574954986572,0.9954924583435059,0.004507541656494141,7.681145668029785,0.911942720413208,0.08805727958679199,16.309507369995117,0.6448845267295837,0.35511547327041626
survset:support2,RDSurv,3,44,8818,8.774964332580566,1,3.7416574954986572,0.9964537024497986,0.003546297550201416,7.681145668029785,0.9241854548454285,0.07581454515457153,16.309507369995117,0.6745568513870239,0.3254431486129761
survset:support2,RDSurv,3,44,3976,3.605551242828369,1,3.7416574954986572,0.4687425494194031,0.5312574505805969,7.681145668029785,0.0905957818031311,0.9094042181968689,16.309507369995117,0.010214745998382568,0.9897852540016174
survset:support2,RDSurv,3,44,3344,37.175262451171875,1,3.7416574954986572,0.9994274973869324,0.000572502613067627,7.681145668029785,0.9769003391265869,0.023099660873413086,16.309507369995117,0.8443022966384888,0.15569770336151123
survset:support2,RDSurv,3,44,5094,5.5677642822265625,1,3.7416574954986572,0.23039981722831726,0.7696001827716827,7.681145668029785,0.02295634150505066,0.9770436584949493,16.309507369995117,0.0014532208442687988,0.9985467791557312
survset:support2,RDSurv,3,44,4418,3.1622776985168457,1,3.7416574954986572,0.4667757749557495,0.5332242250442505,7.681145668029785,0.08979129791259766,0.9102087020874023,16.309507369995117,0.010081231594085693,0.9899187684059143
survset:support2,RDSurv,3,44,1002,27.495454788208008,1,3.7416574954986572,0.9982572793960571,0.001742720603942871,7.681145668029785,0.9518107175827026,0.04818928241729736,16.309507369995117,0.7521908283233643,0.24780917167663574
survset:support2,RDSurv,3,44,2832,7.141428470611572,1,3.7416574954986572,0.3583775758743286,0.6416224241256714,7.681145668029785,0.05245921015739441,0.9475407898426056,16.309507369995117,0.004624217748641968,0.995375782251358
survset:support2,RDSurv,3,44,2341,6.633249759674072,1,3.7416574954986572,0.34074774384498596,0.659252256155014,7.681145668029785,0.0475500226020813,0.9524499773979187,16.309507369995117,0.004020333290100098,0.9959796667098999
survset:support2,RDSurv,3,44,1397,2.8284270763397217,1,3.7416574954986572,0.11085215210914612,0.8891478478908539,7.681145668029785,0.006556719541549683,0.9934432804584503,16.309507369995117,0.0002681314945220947,0.9997318685054779
survset:support2,RDSurv,3,44,5530,4.4721360206604,1,3.7416574954986572,0.42765673995018005,0.57234326004982,7.681145668029785,0.07479134202003479,0.9252086579799652,16.309507369995117,0.0077117979526519775,0.992288202047348
survset:support2,RDSurv,3,44,439,40.8166618347168,0,3.7416574954986572,0.9999386072158813,6.139278411865234e-05,7.681145668029785,0.9950878620147705,0.004912137985229492,16.309507369995117,0.9452768564224243,0.054723143577575684
survset:support2,RDSurv,3,44,1296,25.612497329711914,0,3.7416574954986572,0.9997442960739136,0.0002557039260864258,7.681145668029785,0.986656665802002,0.013343334197998047,16.309507369995117,0.891547679901123,0.10845232009887695
survset:support2,RDSurv,3,44,8775,26.68332862854004,0,3.7416574954986572,0.9988020658493042,0.0011979341506958008,7.681145668029785,0.9622597694396973,0.037740230560302734,16.309507369995117,0.7870606780052185,0.2129393219947815
survset:support2,RDSurv,3,44,6971,5.916079998016357,1,3.7416574954986572,0.5487874746322632,0.4512125253677368,7.681145668029785,0.127964586019516,0.872035413980484,16.309507369995117,0.01711571216583252,0.9828842878341675
survset:support2,RDSurv,3,44,4816,6.557438373565674,1,3.7416574954986572,0.3683844804763794,0.6316155195236206,7.681145668029785,0.05537858605384827,0.9446214139461517,16.309507369995117,0.004996538162231445,0.9950034618377686
survset:support2,RDSurv,3,44,6661,10.770329475402832,1,3.7416574954986572,0.9988409876823425,0.0011590123176574707,7.681145668029785,0.9630692005157471,0.03693079948425293,16.309507369995117,0.7899361252784729,0.2100638747215271
survset:support2,RDSurv,3,44,1293,6.082762718200684,1,3.7416574954986572,0.3298835754394531,0.6701164245605469,7.681145668029785,0.044669151306152344,0.9553308486938477,16.309507369995117,0.003679245710372925,0.9963207542896271
survset:support2,RDSurv,3,44,707,35.25620651245117,1,3.7416574954986572,0.9869277477264404,0.01307225227355957,7.681145668029785,0.8328262567520142,0.16717374324798584,16.309507369995117,0.49366676807403564,0.5063332319259644
survset:support2,RDSurv,3,44,6975,30.29851531982422,0,3.7416574954986572,0.9999397397041321,6.026029586791992e-05,7.681145668029785,0.9951503276824951,0.004849672317504883,16.309507369995117,0.9457635879516602,0.054236412048339844
survset:support2,RDSurv,3,44,6397,39.71146011352539,0,3.7416574954986572,0.9999239444732666,7.605552673339844e-05,7.681145668029785,0.9942806959152222,0.005719304084777832,16.309507369995117,0.9391571283340454,0.06084287166595459
survset:support2,RDSurv,3,44,3848,3.0,1,3.7416574954986572,0.29645705223083496,0.703542947769165,7.681145668029785,0.036463916301727295,0.9635360836982727,16.309507369995117,0.002763897180557251,0.9972361028194427
survset:support2,RDSurv,3,44,5863,9.539392471313477,1,3.7416574954986572,0.998203456401825,0.0017965435981750488,7.681145668029785,0.9508523941040039,0.049147605895996094,16.309507369995117,0.7491781711578369,0.2508218288421631
survset:support2,RDSurv,3,44,50,44.732540130615234,0,3.7416574954986572,0.9994086027145386,0.0005913972854614258,7.681145668029785,0.9763899445533752,0.023610055446624756,16.309507369995117,0.8420819640159607,0.1579180359840393
survset:support2,RDSurv,3,44,2281,19.36491584777832,1,3.7416574954986572,0.9940049648284912,0.005995035171508789,7.681145668029785,0.8950380086898804,0.10496199131011963,16.309507369995117,0.6073830723762512,0.3926169276237488
survset:support2,RDSurv,3,44,8104,4.358899116516113,1,3.7416574954986572,0.22203636169433594,0.7779636383056641,7.681145668029785,0.021485179662704468,0.9785148203372955,16.309507369995117,0.00132673978805542,0.9986732602119446
survset:support2,RDSurv,3,44,3019,23.979158401489258,0,3.7416574954986572,0.9998457431793213,0.00015425682067871094,7.681145668029785,0.9905979633331299,0.009402036666870117,16.309507369995117,0.9143632650375366,0.08563673496246338
survset:support2,RDSurv,3,44,8485,30.430248260498047,1,3.7416574954986572,0.998599648475647,0.0014003515243530273,7.681145668029785,0.9581981897354126,0.0418018102645874,16.309507369995117,0.7730352878570557,0.22696471214294434
survset:support2,RDSurv,3,44,4276,2.6457512378692627,1,3.7416574954986572,0.13918179273605347,0.8608182072639465,7.681145668029785,0.009573251008987427,0.9904267489910126,16.309507369995117,0.0004437863826751709,0.9995562136173248
survset:support2,RDSurv,3,44,7599,10.677078247070312,1,3.7416574954986572,0.9976853132247925,0.0023146867752075195,7.681145668029785,0.9421507120132446,0.05784928798675537,16.309507369995117,0.723013699054718,0.276986300945282
survset:support2,RDSurv,3,44,6477,38.7685432434082,0,3.7416574954986572,0.9999988079071045,1.1920928955078125e-06,7.681145668029785,0.9997307658195496,0.00026923418045043945,16.309507369995117,0.9934229850769043,0.006577014923095703
survset:support2,RDSurv,3,44,1306,25.475479125976562,0,3.7416574954986572,0.9988270998001099,0.0011729001998901367,7.681145668029785,0.9627796411514282,0.03722035884857178,16.309507369995117,0.7889041900634766,0.21109580993652344
survset:support2,RDSurv,3,44,5251,24.657655715942383,0,3.7416574954986572,0.9994912147521973,0.0005087852478027344,7.681145668029785,0.9786657094955444,0.021334290504455566,16.309507369995117,0.852143406867981,0.14785659313201904
survset:support2,RDSurv,3,44,5212,3.0,1,3.7416574954986572,0.2263377606868744,0.7736622393131256,7.681145668029785,0.022235393524169922,0.9777646064758301,16.309507369995117,0.0013908147811889648,0.998609185218811
survset:support2,RDSurv,3,44,7342,25.298221588134766,0,3.7416574954986572,0.9987421035766602,0.0012578964233398438,7.681145668029785,0.9610302448272705,0.03896975517272949,16.309507369995117,0.7827454805374146,0.21725451946258545
survset:support2,RDSurv,3,44,4428,4.690415859222412,1,3.7416574954986572,0.634465217590332,0.36553478240966797,7.681145668029785,0.18010610342025757,0.8198938965797424,16.309507369995117,0.02896478772163391,0.9710352122783661
survset:support2,RDSurv,3,44,8333,37.53664779663086,0,3.7416574954986572,0.9993351697921753,0.000664830207824707,7.681145668029785,0.9744607210159302,0.025539278984069824,16.309507369995117,0.8338642716407776,0.1661357283592224
survset:support2,RDSurv,3,44,2263,5.5677642822265625,1,3.7416574954986572,0.6815770864486694,0.31842291355133057,7.681145668029785,0.21577250957489014,0.7842274904251099,16.309507369995117,0.03854548931121826,0.9614545106887817
survset:support2,RDSurv,3,44,2654,29.96664810180664,0,3.7416574954986572,0.9996835589408875,0.00031644105911254883,7.681145668029785,0.9845533967018127,0.015446603298187256,16.309507369995117,0.880437433719635,0.11956256628036499
survset:support2,RDSurv,3,44,4349,2.4494898319244385,1,3.7416574954986572,0.4184803068637848,0.5815196931362152,7.681145668029785,0.07153594493865967,0.9284640550613403,16.309507369995117,0.007228225469589233,0.9927717745304108
survset:support2,RDSurv,3,44,3081,2.6457512378692627,1,3.7416574954986572,0.37427884340286255,0.6257211565971375,7.681145668029785,0.05714443325996399,0.942855566740036,16.309507369995117,0.005226463079452515,0.9947735369205475
survset:support2,RDSurv,3,44,246,3.7416574954986572,1,3.7416574954986572,0.18372952938079834,0.8162704706192017,7.681145668029785,0.01538991928100586,0.9846100807189941,16.309507369995117,0.0008413493633270264,0.999158650636673
survset:support2,RDSurv,3,44,8620,22.44994354248047,1,3.7416574954986572,0.9998025894165039,0.00019741058349609375,7.681145668029785,0.9888393878936768,0.011160612106323242,16.309507369995117,0.9038127660751343,0.09618723392486572
survset:support2,RDSurv,3,44,1261,9.746794700622559,1,3.7416574954986572,0.9998289346694946,0.0001710653305053711,7.681145668029785,0.9898954033851624,0.010104596614837646,16.309507369995117,0.9100675582885742,0.08993244171142578
survset:support2,RDSurv,3,44,1298,25.573423385620117,0,3.7416574954986572,0.9973315596580505,0.002668440341949463,7.681145668029785,0.9366565942764282,0.06334340572357178,16.309507369995117,0.7074769735336304,0.29252302646636963
survset:support2,RDSurv,3,44,7927,2.6457512378692627,1,3.7416574954986572,0.48502489924430847,0.5149751007556915,7.681145668029785,0.0974515974521637,0.9025484025478363,16.309507369995117,0.01137879490852356,0.9886212050914764
survset:support2,RDSurv,3,44,4650,3.872983455657959,1,3.7416574954986572,0.042289167642593384,0.9577108323574066,7.681145668029785,0.001425415277481079,0.9985745847225189,16.309507369995117,3.674626350402832e-05,0.999963253736496
survset:support2,RDSurv,3,44,1906,34.856849670410156,1,3.7416574954986572,0.9998540282249451,0.00014597177505493164,7.681145668029785,0.9909529089927673,0.009047091007232666,16.309507369995117,0.916577935218811,0.08342206478118896
survset:support2,RDSurv,3,44,6042,43.20879364013672,0,3.7416574954986572,0.9999539256095886,4.607439041137695e-05,7.681145668029785,0.9959958791732788,0.004004120826721191,16.309507369995117,0.9525853991508484,0.04741460084915161
survset:support2,RDSurv,3,44,3516,21.470911026000977,1,3.7416574954986572,0.9986699223518372,0.0013300776481628418,7.681145668029785,0.9595804214477539,0.040419578552246094,16.309507369995117,0.7777355909347534,0.22226440906524658
survset:support2,RDSurv,3,44,3702,2.2360680103302,1,3.7416574954986572,0.5273599028587341,0.47264009714126587,7.681145668029785,0.1170174777507782,0.8829825222492218,16.309507369995117,0.014954298734664917,0.9850457012653351
survset:support2,RDSurv,3,44,202,43.28972244262695,0,3.7416574954986572,0.999957799911499,4.220008850097656e-05,7.681145668029785,0.9962382316589355,0.003761768341064453,16.309507369995117,0.9546260833740234,0.04537391662597656
survset:support2,RDSurv,3,44,8448,32.72613525390625,0,3.7416574954986572,0.9999716281890869,2.8371810913085938e-05,7.681145668029785,0.997173547744751,0.0028264522552490234,16.309507369995117,0.9629499316215515,0.037050068378448486
survset:support2,RDSurv,3,44,8826,4.123105525970459,1,3.7416574954986572,0.4451746940612793,0.5548253059387207,7.681145668029785,0.08127805590629578,0.9187219440937042,16.309507369995117,0.00870823860168457,0.9912917613983154
survset:support2,RDSurv,3,44,5412,6.480740547180176,1,3.7416574954986572,0.704072117805481,0.29592788219451904,7.681145668029785,0.23498883843421936,0.7650111615657806,16.309507369995117,0.04421064257621765,0.9557893574237823
survset:support2,RDSurv,3,44,3082,22.494443893432617,0,3.7416574954986572,0.999628484249115,0.00037151575088500977,7.681145668029785,0.9827651977539062,0.01723480224609375,16.309507369995117,0.8714485764503479,0.1285514235496521
survset:support2,RDSurv,3,44,3747,31.4483699798584,1,3.7416574954986572,0.9999303221702576,6.967782974243164e-05,7.681145668029785,0.9946232438087463,0.005376756191253662,16.309507369995117,0.9417154788970947,0.05828452110290527
survset:support2,RDSurv,3,44,2288,5.099019527435303,1,3.7416574954986572,0.29483622312545776,0.7051637768745422,7.681145668029785,0.03609049320220947,0.9639095067977905,16.309507369995117,0.002724289894104004,0.997275710105896
survset:support2,RDSurv,3,44,100,3.1622776985168457,1,3.7416574954986572,0.28817880153656006,0.7118211984634399,7.681145668029785,0.034579694271087646,0.9654203057289124,16.309507369995117,0.0025658607482910156,0.997434139251709
survset:support2,RDSurv,3,44,1945,18.6279354095459,1,3.7416574954986572,0.9999783039093018,2.1696090698242188e-05,7.681145668029785,0.9976694583892822,0.0023305416107177734,16.309507369995117,0.9677202701568604,0.03227972984313965
survset:support2,RDSurv,3,44,435,6.7082037925720215,1,3.7416574954986572,0.5285691618919373,0.47143083810806274,7.681145668029785,0.1176156997680664,0.8823843002319336,16.309507369995117,0.015069454908370972,0.984930545091629
survset:support2,RDSurv,3,44,6215,12.961481094360352,1,3.7416574954986572,0.9996652603149414,0.00033473968505859375,7.681145668029785,0.9839487075805664,0.016051292419433594,16.309507369995117,0.8773542642593384,0.12264573574066162
survset:support2,RDSurv,3,44,982,15.779733657836914,1,3.7416574954986572,0.952612042427063,0.04738795757293701,7.681145668029785,0.659852921962738,0.34014707803726196,16.309507369995117,0.28460752964019775,0.7153924703598022
survset:support2,RDSurv,3,44,2058,40.45985794067383,0,3.7416574954986572,0.9995115995407104,0.0004884004592895508,7.681145668029785,0.979247510433197,0.02075248956680298,16.309507369995117,0.8547853231430054,0.14521467685699463
survset:support2,RDSurv,3,44,8446,32.787193298339844,0,3.7416574954986572,0.995648980140686,0.004351019859313965,7.681145668029785,0.9138541221618652,0.08614587783813477,16.309507369995117,0.6493651270866394,0.3506348729133606
survset:support2,RDSurv,3,44,703,8.062257766723633,1,3.7416574954986572,0.9799649715423584,0.0200350284576416,7.681145668029785,0.7865077257156372,0.2134922742843628,16.309507369995117,0.42586666345596313,0.5741333365440369
survset:support2,RDSurv,3,44,538,13.527749061584473,1,3.7416574954986572,0.9973421096801758,0.0026578903198242188,7.681145668029785,0.9368158578872681,0.06318414211273193,16.309507369995117,0.7079177498817444,0.2920822501182556
survset:support2,RDSurv,3,44,6012,43.4281005859375,0,3.7416574954986572,0.99998939037323,1.0609626770019531e-05,7.681145668029785,0.9986177086830139,0.001382291316986084,16.309507369995117,0.9778635501861572,0.022136449813842773
survset:support2,RDSurv,3,44,4718,4.242640495300293,1,3.7416574954986572,0.24336522817611694,0.7566347718238831,7.681145668029785,0.02533981204032898,0.974660187959671,16.309507369995117,0.0016653239727020264,0.998334676027298
survset:support2,RDSurv,3,44,8748,17.029386520385742,1,3.7416574954986572,0.9995167255401611,0.0004832744598388672,7.681145668029785,0.9793962240219116,0.02060377597808838,16.309507369995117,0.8554654717445374,0.14453452825546265
survset:support2,RDSurv,3,44,2836,18.520259857177734,1,3.7416574954986572,0.9920464158058167,0.00795358419418335,7.681145668029785,0.8754163980484009,0.12458360195159912,16.309507369995117,0.5679293274879456,0.43207067251205444
survset:support2,RDSurv,3,44,3545,39.11521530151367,1,3.7416574954986572,0.9990631937980652,0.0009368062019348145,7.681145668029785,0.9679081439971924,0.03209185600280762,16.309507369995117,0.8077492713928223,0.19225072860717773
survset:support2,RDSurv,3,44,2783,28.17800521850586,0,3.7416574954986572,0.9994215369224548,0.000578463077545166,7.681145668029785,0.9767391681671143,0.023260831832885742,16.309507369995117,0.8435989618301392,0.15640103816986084
survset:support2,RDSurv,3,44,2023,2.8284270763397217,1,3.7416574954986572,0.314898282289505,0.685101717710495,7.681145668029785,0.040870070457458496,0.9591299295425415,16.309507369995117,0.003244936466217041,0.996755063533783
survset:support2,RDSurv,3,44,5004,26.758176803588867,0,3.7416574954986572,0.9994372129440308,0.0005627870559692383,7.681145668029785,0.9771648049354553,0.022835195064544678,16.309507369995117,0.8454606533050537,0.1545393466949463
survset:support2,RDSurv,3,44,946,22.226110458374023,1,3.7416574954986572,0.9998658895492554,0.0001341104507446289,7.681145668029785,0.9914722442626953,0.008527755737304688,16.309507369995117,0.9198764562606812,0.08012354373931885
survset:support2,RDSurv,3,44,3515,1.7320507764816284,1,3.7416574954986572,1.7881393432617188e-06,0.9999982118606567,7.681145668029785,0.0,1.0,16.309507369995117,0.0,1.0
survset:support2,RDSurv,3,44,2256,38.065731048583984,0,3.7416574954986572,0.980900764465332,0.01909923553466797,7.681145668029785,0.7921930551528931,0.20780694484710693,16.309507369995117,0.43360021710395813,0.5663997828960419
survset:support2,RDSurv,3,44,58,2.0,1,3.7416574954986572,0.5678356289863586,0.43216437101364136,7.681145668029785,0.1383422613143921,0.8616577386856079,16.309507369995117,0.0192699134349823,0.9807300865650177
survset:support2,RDSurv,3,44,1188,2.0,1,3.7416574954986572,0.28232353925704956,0.7176764607429504,7.681145668029785,0.03328123688697815,0.9667187631130219,16.309507369995117,0.0024321377277374268,0.9975678622722626
survset:support2,RDSurv,3,44,405,41.24318313598633,0,3.7416574954986572,0.9966467618942261,0.0033532381057739258,7.681145668029785,0.9268063306808472,0.07319366931915283,16.309507369995117,0.6812300682067871,0.3187699317932129
survset:support2,RDSurv,3,44,7812,16.552946090698242,1,3.7416574954986572,0.9951754808425903,0.004824519157409668,7.681145668029785,0.9081576466560364,0.09184235334396362,16.309507369995117,0.6361646056175232,0.3638353943824768
survset:support2,RDSurv,3,44,8180,10.049875259399414,1,3.7416574954986572,0.9889712333679199,0.011028766632080078,7.681145668029785,0.8486619591712952,0.15133804082870483,16.309507369995117,0.5197164416313171,0.48028355836868286
survset:support2,RDSurv,3,44,6622,2.2360680103302,1,3.7416574954986572,0.1984093189239502,0.8015906810760498,7.681145668029785,0.017603009939193726,0.9823969900608063,16.309507369995117,0.0010100901126861572,0.9989899098873138
survset:support2,RDSurv,3,44,1575,18.84144401550293,0,3.7416574954986572,0.9998424649238586,0.00015753507614135742,7.681145668029785,0.9904583692550659,0.009541630744934082,16.309507369995117,0.9135007858276367,0.08649921417236328
survset:support2,RDSurv,3,44,243,43.0,0,3.7416574954986572,0.9996826648712158,0.0003173351287841797,7.681145668029785,0.9845230579376221,0.01547694206237793,16.309507369995117,0.8802816271781921,0.11971837282180786
survset:support2,RDSurv,3,44,8476,32.38827133178711,0,3.7416574954986572,0.9984532594680786,0.0015467405319213867,7.681145668029785,0.9554001092910767,0.04459989070892334,16.309507369995117,0.7637337446212769,0.23626625537872314
survset:support2,RDSurv,3,44,2424,32.95451354980469,0,3.7416574954986572,0.9997096061706543,0.0002903938293457031,7.681145668029785,0.9854375123977661,0.014562487602233887,16.309507369995117,0.8850314617156982,0.11496853828430176
survset:support2,RDSurv,3,44,3037,23.64318084716797,0,3.7416574954986572,0.9995076656341553,0.0004923343658447266,7.681145668029785,0.9791364669799805,0.02086353302001953,16.309507369995117,0.854278564453125,0.145721435546875
survset:support2,RDSurv,3,44,1338,3.0,1,3.7416574954986572,0.2646966576576233,0.7353033423423767,7.681145668029785,0.02954009175300598,0.970459908246994,16.309507369995117,0.002059727907180786,0.9979402720928192
survset:support2,RDSurv,3,44,2680,29.614185333251953,0,3.7416574954986572,0.9999844431877136,1.5556812286376953e-05,7.681145668029785,0.998171865940094,0.0018281340599060059,16.309507369995117,0.972892701625824,0.027107298374176025
survset:support2,RDSurv,3,44,6575,37.496665954589844,0,3.7416574954986572,0.997687816619873,0.002312183380126953,7.681145668029785,0.9421913623809814,0.057808637619018555,16.309507369995117,0.7231312990188599,0.27686870098114014
survset:support2,RDSurv,3,44,2944,2.2360680103302,1,3.7416574954986572,0.5597606301307678,0.4402393698692322,7.681145668029785,0.13386577367782593,0.8661342263221741,16.309507369995117,0.018328160047531128,0.9816718399524689
survset:support2,RDSurv,3,44,5476,4.242640495300293,1,3.7416574954986572,0.4103674590587616,0.5896325409412384,7.681145668029785,0.06873694062232971,0.9312630593776703,16.309507369995117,0.006821393966674805,0.9931786060333252
survset:support2,RDSurv,3,44,7471,11.135528564453125,1,3.7416574954986572,0.9911972880363464,0.008802711963653564,7.681145668029785,0.8676067590713501,0.1323932409286499,16.309507369995117,0.5532511472702026,0.44674885272979736
survset:support2,RDSurv,3,44,6970,9.165151596069336,1,3.7416574954986572,0.9997026324272156,0.00029736757278442383,7.681145668029785,0.9851973056793213,0.014802694320678711,16.309507369995117,0.883772611618042,0.11622738838195801
survset:support2,RDSurv,3,44,553,39.64845657348633,0,3.7416574954986572,0.9940791130065918,0.005920886993408203,7.681145668029785,0.8958330750465393,0.1041669249534607,16.309507369995117,0.6090678572654724,0.3909321427345276
survset:support2,RDSurv,3,44,5452,22.781572341918945,0,3.7416574954986572,0.9918091893196106,0.008190810680389404,7.681145668029785,0.8731974959373474,0.1268025040626526,16.309507369995117,0.5637040734291077,0.43629592657089233
survset:support2,RDSurv,3,44,2248,3.316624879837036,1,3.7416574954986572,0.3762959837913513,0.6237040162086487,7.681145668029785,0.05775672197341919,0.9422432780265808,16.309507369995117,0.005306988954544067,0.9946930110454559
survset:support2,RDSurv,3,44,1655,3.7416574954986572,1,3.7416574954986572,0.5624939203262329,0.4375060796737671,7.681145668029785,0.13536807894706726,0.8646319210529327,16.309507369995117,0.01864209771156311,0.9813579022884369
survset:support2,RDSurv,3,44,2902,26.172504425048828,0,3.7416574954986572,0.9996354579925537,0.00036454200744628906,7.681145668029785,0.9829857349395752,0.017014265060424805,16.309507369995117,0.8725367188453674,0.12746328115463257
survset:support2,RDSurv,3,44,3324,3.1622776985168457,1,3.7416574954986572,0.7614642381668091,0.23853576183319092,7.681145668029785,0.29196834564208984,0.7080316543579102,16.309507369995117,0.06314301490783691,0.9368569850921631
survset:support2,RDSurv,3,44,2753,28.65309715270996,0,3.7416574954986572,0.9995230436325073,0.0004769563674926758,7.681145668029785,0.9795787930488586,0.020421206951141357,16.309507369995117,0.8563031554222107,0.1436968445777893
survset:support2,RDSurv,3,44,1614,7.211102485656738,1,3.7416574954986572,0.37353742122650146,0.6264625787734985,7.681145668029785,0.056920409202575684,0.9430795907974243,16.309507369995117,0.005197077989578247,0.9948029220104218
survset:support2,RDSurv,3,44,3928,16.94107437133789,1,3.7416574954986572,0.9999643564224243,3.5643577575683594e-05,7.681145668029785,0.9966669082641602,0.0033330917358398438,16.309507369995117,0.9583456516265869,0.041654348373413086
survset:support2,RDSurv,3,44,8127,2.2360680103302,1,3.7416574954986572,0.6730339527130127,0.3269660472869873,7.681145668029785,0.20886728167533875,0.7911327183246613,16.309507369995117,0.03659635782241821,0.9634036421775818
survset:support2,RDSurv,3,44,8979,22.158519744873047,0,3.7416574954986572,0.9996243715286255,0.0003756284713745117,7.681145668029785,0.9826351404190063,0.017364859580993652,16.309507369995117,0.8708097338676453,0.12919026613235474
survset:support2,RDSurv,3,44,1583,5.385164737701416,1,3.7416574954986572,0.7050788998603821,0.2949211001396179,7.681145668029785,0.235885888338089,0.764114111661911,16.309507369995117,0.04448381066322327,0.9555161893367767
survset:support2,RDSurv,3,44,1833,42.96510314941406,0,3.7416574954986572,0.9993890523910522,0.0006109476089477539,7.681145668029785,0.9758686423301697,0.024131357669830322,16.309507369995117,0.8398345112800598,0.16016548871994019
survset:support2,RDSurv,3,44,2595,7.211102485656738,1,3.7416574954986572,0.49338772892951965,0.5066122710704803,7.681145668029785,0.10111227631568909,0.8988877236843109,16.309507369995117,0.01201939582824707,0.9879806041717529
survset:support2,RDSurv,3,44,5859,7.874007701873779,1,3.7416574954986572,0.9990591406822205,0.000940859317779541,7.681145668029785,0.967816174030304,0.032183825969696045,16.309507369995117,0.807400107383728,0.19259989261627197
survset:support2,RDSurv,3,44,932,2.6457512378692627,1,3.7416574954986572,0.3013696074485779,0.6986303925514221,7.681145668029785,0.037609249353408813,0.9623907506465912,16.309507369995117,0.002886533737182617,0.9971134662628174
survset:support2,RDSurv,3,44,87,11.180339813232422,1,3.7416574954986572,0.999532163143158,0.000467836856842041,7.681145668029785,0.9798431396484375,0.0201568603515625,16.309507369995117,0.857521653175354,0.142478346824646
survset:support2,RDSurv,3,44,5365,6.324555397033691,1,3.7416574954986572,0.7414268851280212,0.25857311487197876,7.681145668029785,0.2706284523010254,0.7293715476989746,16.309507369995117,0.05567178130149841,0.9443282186985016
survset:support2,RDSurv,3,44,2222,28.142494201660156,1,3.7416574954986572,0.9999663829803467,3.361701965332031e-05,7.681145668029785,0.9968058466911316,0.003194153308868408,16.309507369995117,0.9595845341682434,0.04041546583175659
survset:support2,RDSurv,3,44,7455,23.93741798400879,0,3.7416574954986572,0.9959055781364441,0.004094421863555908,7.681145668029785,0.9170528650283813,0.08294713497161865,16.309507369995117,0.6569847464561462,0.34301525354385376
survset:support2,RDSurv,3,44,6544,37.88139343261719,0,3.7416574954986572,0.9999884366989136,1.1563301086425781e-05,7.681145668029785,0.9985300302505493,0.0014699697494506836,16.309507369995117,0.976851224899292,0.023148775100708008
survset:support2,RDSurv,3,44,403,25.19920539855957,1,3.7416574954986572,0.9999548196792603,4.5180320739746094e-05,7.681145668029785,0.9960541725158691,0.003945827484130859,16.309507369995117,0.953072190284729,0.046927809715270996
survset:support2,RDSurv,3,44,5841,12.041594505310059,1,3.7416574954986572,0.9995286464691162,0.00047135353088378906,7.681145668029785,0.9797420501708984,0.020257949829101562,16.309507369995117,0.8570550680160522,0.14294493198394775
survset:support2,RDSurv,3,44,5991,14.106736183166504,1,3.7416574954986572,0.9995930194854736,0.0004069805145263672,7.681145668029785,0.9816619157791138,0.01833808422088623,16.309507369995117,0.8660866022109985,0.13391339778900146
survset:support2,RDSurv,3,44,1135,9.899495124816895,1,3.7416574954986572,0.9996439814567566,0.0003560185432434082,7.681145668029785,0.9832586050033569,0.016741394996643066,16.309507369995117,0.8738904595375061,0.1261095404624939
survset:support2,RDSurv,3,44,3542,2.6457512378692627,1,3.7416574954986572,0.06936788558959961,0.9306321144104004,7.681145668029785,0.003079622983932495,0.9969203770160675,16.309507369995117,9.942054748535156e-05,0.9999005794525146
survset:support2,RDSurv,3,44,2812,6.557438373565674,1,3.7416574954986572,0.5445364713668823,0.4554635286331177,7.681145668029785,0.12573325634002686,0.8742667436599731,16.309507369995117,0.016665875911712646,0.9833341240882874
survset:support2,RDSurv,3,44,2156,10.29563045501709,1,3.7416574954986572,0.9985628128051758,0.0014371871948242188,7.681145668029785,0.9574828147888184,0.04251718521118164,16.309507369995117,0.7706302404403687,0.22936975955963135
survset:support2,RDSurv,3,44,5789,18.81488800048828,0,3.7416574954986572,0.9994146227836609,0.0005853772163391113,7.681145668029785,0.9765526056289673,0.023447394371032715,16.309507369995117,0.842787504196167,0.157212495803833
survset:support2,RDSurv,3,44,7204,27.258026123046875,0,3.7416574954986572,0.9992783069610596,0.0007216930389404297,7.681145668029785,0.973021388053894,0.026978611946105957,16.309507369995117,0.8279029726982117,0.17209702730178833
survset:support2,RDSurv,3,44,8115,28.861740112304688,1,3.7416574954986572,0.9988682270050049,0.0011317729949951172,7.681145668029785,0.9636434316635132,0.036356568336486816,16.309507369995117,0.7919933795928955,0.2080066204071045
survset:support2,RDSurv,3,44,4981,26.944387435913086,0,3.7416574954986572,0.9323590993881226,0.06764090061187744,7.681145668029785,0.592868447303772,0.407131552696228,16.309507369995117,0.2277311384677887,0.7722688615322113
survset:support2,RDSurv,3,44,8858,25.05992889404297,0,3.7416574954986572,0.9869428873062134,0.013057112693786621,7.681145668029785,0.8329388499259949,0.16706115007400513,16.309507369995117,0.49384626746177673,0.5061537325382233
survset:support2,RDSurv,3,44,8454,25.806976318359375,1,3.7416574954986572,0.9975916147232056,0.0024083852767944336,7.681145668029785,0.9406636953353882,0.059336304664611816,16.309507369995117,0.7187392711639404,0.28126072883605957
survset:support2,RDSurv,3,44,3588,9.591663360595703,1,3.7416574954986572,0.9999598264694214,4.017353057861328e-05,7.681145668029785,0.9963726997375488,0.003627300262451172,16.309507369995117,0.9557772278785706,0.04422277212142944
survset:support2,RDSurv,3,44,6972,4.795831680297852,1,3.7416574954986572,0.4131828248500824,0.5868171751499176,7.681145668029785,0.06970000267028809,0.9302999973297119,16.309507369995117,0.006960451602935791,0.9930395483970642
survset:support2,RDSurv,3,44,2105,2.4494898319244385,1,3.7416574954986572,0.32248759269714355,0.6775124073028564,7.681145668029785,0.04276913404464722,0.9572308659553528,16.309507369995117,0.0034598112106323242,0.9965401887893677
survset:support2,RDSurv,3,44,4497,6.0,1,3.7416574954986572,0.7423578500747681,0.25764214992523193,7.681145668029785,0.27158302068710327,0.7284169793128967,16.309507369995117,0.0559961199760437,0.9440038800239563
survset:support2,RDSurv,3,44,79,44.46346664428711,0,3.7416574954986572,0.999985933303833,1.4066696166992188e-05,7.681145668029785,0.9983051419258118,0.0016948580741882324,16.309507369995117,0.974335789680481,0.025664210319519043
survset:support2,RDSurv,3,44,7544,22.27105712890625,0,3.7416574954986572,0.995542049407959,0.004457950592041016,7.681145668029785,0.9125454425811768,0.08745455741882324,16.309507369995117,0.6462916135787964,0.3537083864212036
survset:support2,RDSurv,3,44,3726,28.47806167602539,1,3.7416574954986572,0.9998068809509277,0.00019311904907226562,7.681145668029785,0.9890070557594299,0.010992944240570068,16.309507369995117,0.9047906398773193,0.09520936012268066
survset:support2,RDSurv,3,44,3700,41.7971305847168,0,3.7416574954986572,0.9999985694885254,1.430511474609375e-06,7.681145668029785,0.9996821880340576,0.0003178119659423828,16.309507369995117,0.9925469160079956,0.0074530839920043945
survset:support2,RDSurv,3,44,3950,3.464101552963257,1,3.7416574954986572,0.09345448017120361,0.9065455198287964,7.681145668029785,0.004962354898452759,0.9950376451015472,16.309507369995117,0.0001856386661529541,0.999814361333847
survset:support2,RDSurv,3,44,6043,43.185646057128906,0,3.7416574954986572,0.9962496757507324,0.003750324249267578,7.681145668029785,0.9214795827865601,0.07852041721343994,16.309507369995117,0.6677922606468201,0.33220773935317993
survset:support2,RDSurv,3,44,1741,20.2237491607666,1,3.7416574954986572,0.9975168704986572,0.0024831295013427734,7.681145668029785,0.9394947290420532,0.06050527095794678,16.309507369995117,0.7154155969619751,0.2845844030380249
survset:support2,RDSurv,3,44,5217,3.7416574954986572,1,3.7416574954986572,0.6099203824996948,0.3900796175003052,7.681145668029785,0.16365352272987366,0.8363464772701263,16.309507369995117,0.024949878454208374,0.9750501215457916
survset:support2,RDSurv,3,44,1921,6.480740547180176,1,3.7416574954986572,0.4813176989555359,0.5186823010444641,7.681145668029785,0.09585949778556824,0.9041405022144318,16.309507369995117,0.011104315519332886,0.9888956844806671
survset:support2,RDSurv,3,44,3120,21.51743507385254,0,3.7416574954986572,0.9998000860214233,0.00019991397857666016,7.681145668029785,0.9887403249740601,0.011259675025939941,16.309507369995117,0.9032375812530518,0.09676241874694824
survset:support2,RDSurv,3,44,4859,9.797959327697754,1,3.7416574954986572,0.9996201992034912,0.00037980079650878906,7.681145668029785,0.9825029373168945,0.01749706268310547,16.309507369995117,0.8701620101928711,0.1298379898071289
survset:support2,RDSurv,3,44,841,18.81488800048828,1,3.7416574954986572,0.9980549812316895,0.0019450187683105469,7.681145668029785,0.9482673406600952,0.051732659339904785,16.309507369995117,0.7411876320838928,0.2588123679161072
survset:support2,RDSurv,3,44,5230,13.190905570983887,1,3.7416574954986572,0.9996406435966492,0.0003593564033508301,7.681145668029785,0.9831517338752747,0.016848266124725342,16.309507369995117,0.8733592629432678,0.12664073705673218
survset:support2,RDSurv,3,44,8342,9.643651008605957,1,3.7416574954986572,0.9850118160247803,0.014988183975219727,7.681145668029785,0.8190466165542603,0.18095338344573975,16.309507369995117,0.47228315472602844,0.5277168452739716
survset:support2,RDSurv,3,44,1099,9.165151596069336,1,3.7416574954986572,0.9932229518890381,0.006777048110961914,7.681145668029785,0.8868994116783142,0.11310058832168579,16.309507369995117,0.5905394554138184,0.40946054458618164
survset:support2,RDSurv,3,44,5296,24.24871063232422,0,3.7416574954986572,0.9999992847442627,7.152557373046875e-07,7.681145668029785,0.9998233318328857,0.0001766681671142578,16.309507369995117,0.995220422744751,0.0047795772552490234
survset:support2,RDSurv,3,44,5248,24.657655715942383,0,3.7416574954986572,0.9999994039535522,5.960464477539062e-07,7.681145668029785,0.9998475313186646,0.00015246868133544922,16.309507369995117,0.9957274198532104,0.004272580146789551
survset:support2,RDSurv,3,44,1334,24.85960578918457,0,3.7416574954986572,0.9999955892562866,4.410743713378906e-06,7.681145668029785,0.9992760419845581,0.0007239580154418945,16.309507369995117,0.9862254858016968,0.013774514198303223
survset:support2,RDSurv,3,44,8122,5.385164737701416,1,3.7416574954986572,0.478169709444046,0.521830290555954,7.681145668029785,0.09452208876609802,0.905477911233902,16.309507369995117,0.010875701904296875,0.9891242980957031
survset:support2,RDSurv,3,44,5536,12.328827857971191,1,3.7416574954986572,0.99603271484375,0.00396728515625,7.681145668029785,0.9186693429946899,0.08133065700531006,16.309507369995117,0.6608951091766357,0.33910489082336426
survset:support2,RDSurv,3,44,3646,9.32737922668457,1,3.7416574954986572,0.9382515549659729,0.0617484450340271,7.681145668029785,0.6108734607696533,0.3891265392303467,16.309507369995117,0.2420656383037567,0.7579343616962433
survset:support2,RDSurv,3,44,2917,16.093477249145508,1,3.7416574954986572,0.9945188164710999,0.0054811835289001465,7.681145668029785,0.9006444215774536,0.09935557842254639,16.309507369995117,0.6194217205047607,0.38057827949523926
survset:support2,RDSurv,3,44,5280,15.36229133605957,1,3.7416574954986572,0.9995697736740112,0.00043022632598876953,7.681145668029785,0.9809554219245911,0.019044578075408936,16.309507369995117,0.8627206087112427,0.13727939128875732
survset:support2,RDSurv,3,44,2879,26.551836013793945,0,3.7416574954986572,0.9986617565155029,0.0013382434844970703,7.681145668029785,0.9594187140464783,0.04058128595352173,16.309507369995117,0.7771819829940796,0.2228180170059204
survset:support2,RDSurv,3,44,5137,4.4721360206604,1,3.7416574954986572,0.4480074644088745,0.5519925355911255,7.681145668029785,0.08236148953437805,0.917638510465622,16.309507369995117,0.008878886699676514,0.9911211133003235
survset:support2,RDSurv,3,44,414,2.6457512378692627,1,3.7416574954986572,0.6174827814102173,0.3825172185897827,7.681145668029785,0.1685810089111328,0.8314189910888672,16.309507369995117,0.026125669479370117,0.9738743305206299
survset:support2,RDSurv,3,44,8077,7.4833149909973145,1,3.7416574954986572,0.9979041814804077,0.002095818519592285,7.681145668029785,0.945720911026001,0.05427908897399902,16.309507369995117,0.7335014939308167,0.26649850606918335
survset:support2,RDSurv,3,44,3955,6.324555397033691,1,3.7416574954986572,0.5531638860702515,0.44683611392974854,7.681145668029785,0.13029345870018005,0.86970654129982,16.309507369995117,0.017590254545211792,0.9824097454547882
survset:support2,RDSurv,3,44,7006,19.39072036743164,1,3.7416574954986572,0.9993947148323059,0.0006052851676940918,7.681145668029785,0.9760196208953857,0.023980379104614258,16.309507369995117,0.8404831886291504,0.1595168113708496
survset:support2,RDSurv,3,44,1417,3.605551242828369,1,3.7416574954986572,0.6645205616950989,0.3354794383049011,7.681145668029785,0.2021879255771637,0.7978120744228363,16.309507369995117,0.0347541868686676,0.9652458131313324
survset:support2,RDSurv,3,44,5968,29.35983657836914,1,3.7416574954986572,0.9986903667449951,0.0013096332550048828,7.681145668029785,0.9599884748458862,0.04001152515411377,16.309507369995117,0.779137372970581,0.22086262702941895
survset:support2,RDSurv,3,44,6792,27.110883712768555,1,3.7416574954986572,0.9986401200294495,0.0013598799705505371,7.681145668029785,0.9589904546737671,0.04100954532623291,16.309507369995117,0.7757203578948975,0.22427964210510254
survset:support2,RDSurv,3,44,7909,43.0,0,3.7416574954986572,0.999662458896637,0.0003375411033630371,7.681145668029785,0.9838564991950989,0.016143500804901123,16.309507369995117,0.8768880367279053,0.12311196327209473
survset:support2,RDSurv,3,44,2787,28.142494201660156,0,3.7416574954986572,0.9998569488525391,0.0001430511474609375,7.681145668029785,0.9910802841186523,0.008919715881347656,16.309507369995117,0.9173804521560669,0.0826195478439331
survset:support2,RDSurv,3,44,6721,3.7416574954986572,1,3.7416574954986572,0.6587939262390137,0.34120607376098633,7.681145668029785,0.19780424237251282,0.8021957576274872,16.309507369995117,0.03356820344924927,0.9664317965507507
survset:support2,RDSurv,3,44,7869,43.46262741088867,0,3.7416574954986572,0.9999699592590332,3.0040740966796875e-05,7.681145668029785,0.9970556497573853,0.002944350242614746,16.309507369995117,0.9618562459945679,0.03814375400543213
survset:support2,RDSurv,3,44,473,40.47221374511719,0,3.7416574954986572,0.9993877410888672,0.0006122589111328125,7.681145668029785,0.9758337736129761,0.024166226387023926,16.309507369995117,0.8396849632263184,0.16031503677368164
survset:support2,RDSurv,3,44,7658,15.165750503540039,1,3.7416574954986572,0.9954040050506592,0.00459599494934082,7.681145668029785,0.910875678062439,0.08912432193756104,16.309507369995117,0.6424060463905334,0.35759395360946655
survset:support2,RDSurv,3,44,3263,3.872983455657959,1,3.7416574954986572,0.4765833914279938,0.5234166085720062,7.681145668029785,0.09385320544242859,0.9061467945575714,16.309507369995117,0.010762006044387817,0.9892379939556122
survset:support2,RDSurv,3,44,9048,20.51828384399414,0,3.7416574954986572,0.9999284744262695,7.152557373046875e-05,7.681145668029785,0.9945228099822998,0.005477190017700195,16.309507369995117,0.9409596920013428,0.05904030799865723
survset:support2,RDSurv,3,44,2505,8.246211051940918,1,3.7416574954986572,0.9956823587417603,0.004317641258239746,7.681145668029785,0.9142656922340393,0.0857343077659607,16.309507369995117,0.6503369808197021,0.34966301918029785
survset:support2,RDSurv,3,44,8075,24.657655715942383,1,3.7416574954986572,0.9999983310699463,1.6689300537109375e-06,7.681145668029785,0.9996460676193237,0.00035393238067626953,16.309507369995117,0.991919755935669,0.008080244064331055
survset:support2,RDSurv,3,44,7309,25.70992088317871,0,3.7416574954986572,0.9996930360794067,0.0003069639205932617,7.681145668029785,0.9848711490631104,0.015128850936889648,16.309507369995117,0.8820766806602478,0.1179233193397522
survset:support2,RDSurv,3,44,8205,3.1622776985168457,1,3.7416574954986572,0.43235713243484497,0.567642867565155,7.681145668029785,0.07649633288383484,0.9235036671161652,16.309507369995117,0.007969498634338379,0.9920305013656616
survset:support2,RDSurv,3,44,6336,40.410396575927734,0,3.7416574954986572,0.9995889067649841,0.00041109323501586914,7.681145668029785,0.9815358519554138,0.01846414804458618,16.309507369995117,0.8654821515083313,0.1345178484916687
survset:support2,RDSurv,3,44,2151,12.369317054748535,1,3.7416574954986572,0.9998759031295776,0.00012409687042236328,7.681145668029785,0.9919240474700928,0.008075952529907227,16.309507369995117,0.9228053092956543,0.0771946907043457
survset:support2,RDSurv,3,44,5750,3.316624879837036,1,3.7416574954986572,0.4969242215156555,0.5030757784843445,7.681145668029785,0.10268959403038025,0.8973104059696198,16.309507369995117,0.01229947805404663,0.9877005219459534
survset:support2,RDSurv,3,44,263,42.67317581176758,0,3.7416574954986572,0.9997639060020447,0.00023609399795532227,7.681145668029785,0.9873701333999634,0.012629866600036621,16.309507369995117,0.8954669237136841,0.10453307628631592
survset:support2,RDSurv,3,44,2079,2.6457512378692627,1,3.7416574954986572,0.22989365458488464,0.7701063454151154,7.681145668029785,0.022865861654281616,0.9771341383457184,16.309507369995117,0.0014453232288360596,0.9985546767711639
survset:support2,RDSurv,3,44,8877,2.4494898319244385,1,3.7416574954986572,0.09579825401306152,0.9042017459869385,7.681145668029785,0.005165725946426392,0.9948342740535736,16.309507369995117,0.00019571185111999512,0.99980428814888
survset:support2,RDSurv,3,44,3279,2.0,1,3.7416574954986572,0.07382741570472717,0.9261725842952728,7.681145668029785,0.0033995211124420166,0.996600478887558,16.309507369995117,0.00011309981346130371,0.9998869001865387
survset:support2,RDSurv,3,44,681,5.916079998016357,1,3.7416574954986572,0.1626909375190735,0.8373090624809265,7.681145668029785,0.012476742267608643,0.9875232577323914,16.309507369995117,0.0006334185600280762,0.9993665814399719
survset:support2,RDSurv,3,44,856,1.7320507764816284,1,3.7416574954986572,0.2702297568321228,0.7297702431678772,7.681145668029785,0.03068763017654419,0.9693123698234558,16.309507369995117,0.0021719038486480713,0.9978280961513519
survset:support2,RDSurv,3,44,988,12.369317054748535,1,3.7416574954986572,0.9884191155433655,0.011580884456634521,7.681145668029785,0.8442529439926147,0.15574705600738525,16.309507369995117,0.5122944116592407,0.4877055883407593
survset:support2,RDSurv,3,44,3179,20.248456954956055,0,3.7416574954986572,0.9989532232284546,0.0010467767715454102,7.681145668029785,0.9654643535614014,0.03453564643859863,16.309507369995117,0.7986147403717041,0.2013852596282959
survset:support2,RDSurv,3,44,1410,4.582575798034668,1,3.7416574954986572,0.5625578165054321,0.43744218349456787,7.681145668029785,0.13540339469909668,0.8645966053009033,16.309507369995117,0.01864948868751526,0.9813505113124847
survset:support2,RDSurv,3,44,7437,24.20743751525879,0,3.7416574954986572,0.9995743036270142,0.00042569637298583984,7.681145668029785,0.9810916185379028,0.018908381462097168,16.309507369995117,0.8633655309677124,0.1366344690322876
survset:support2,RDSurv,3,44,4795,23.409399032592773,1,3.7416574954986572,0.9889671206474304,0.01103287935256958,7.681145668029785,0.8486288189888,0.15137118101119995,16.309507369995117,0.5196601748466492,0.48033982515335083
survset:support2,RDSurv,3,44,8707,6.480740547180176,1,3.7416574954986572,0.5188750624656677,0.4811249375343323,7.681145668029785,0.11288377642631531,0.8871162235736847,16.309507369995117,0.014167994260787964,0.985832005739212
survset:support2,RDSurv,3,44,4625,16.093477249145508,1,3.7416574954986572,0.9958356618881226,0.004164338111877441,7.681145668029785,0.9161728024482727,0.0838271975517273,16.309507369995117,0.6548729538917542,0.34512704610824585
survset:support2,RDSurv,3,44,1776,10.392304420471191,1,3.7416574954986572,0.9964375495910645,0.003562450408935547,7.681145668029785,0.9239683747291565,0.0760316252708435,16.309507369995117,0.6740095615386963,0.3259904384613037
survset:support2,RDSurv,3,44,3733,41.569217681884766,0,3.7416574954986572,0.9997403621673584,0.00025963783264160156,7.681145668029785,0.9865145683288574,0.013485431671142578,16.309507369995117,0.8907766342163086,0.1092233657836914
survset:support2,RDSurv,3,44,7451,24.0,0,3.7416574954986572,0.9999598860740662,4.011392593383789e-05,7.681145668029785,0.9963741302490234,0.0036258697509765625,16.309507369995117,0.95578932762146,0.04421067237854004
survset:support2,RDSurv,3,44,1403,17.32050895690918,1,3.7416574954986572,0.9981238842010498,0.0018761157989501953,7.681145668029785,0.9494565725326538,0.05054342746734619,16.309507369995117,0.7448394298553467,0.2551605701446533
survset:support2,RDSurv,3,44,7780,41.218929290771484,1,3.7416574954986572,0.9992963671684265,0.0007036328315734863,7.681145668029785,0.9734734892845154,0.02652651071548462,16.309507369995117,0.8297605514526367,0.17023944854736328
survset:support2,RDSurv,3,44,4056,24.454038619995117,1,3.7416574954986572,0.9870644807815552,0.012935519218444824,7.681145668029785,0.8338462710380554,0.16615372896194458,16.309507369995117,0.4952954053878784,0.5047045946121216
survset:support2,RDSurv,3,44,5013,26.645824432373047,0,3.7416574954986572,0.9991967678070068,0.0008032321929931641,7.681145668029785,0.9710246324539185,0.028975367546081543,16.309507369995117,0.8198517560958862,0.18014824390411377
survset:support2,RDSurv,3,44,6417,3.0,1,3.7416574954986572,0.5422868132591248,0.45771318674087524,7.681145668029785,0.124564528465271,0.875435471534729,16.309507369995117,0.01643216609954834,0.9835678339004517
survset:support2,RDSurv,3,44,4407,7.8102498054504395,1,3.7416574954986572,0.999678909778595,0.0003210902214050293,7.681145668029785,0.9843986630439758,0.01560133695602417,16.309507369995117,0.879643976688385,0.12035602331161499
survset:support2,RDSurv,3,44,7989,10.816654205322266,1,3.7416574954986572,0.9900013208389282,0.009998679161071777,7.681145668029785,0.8571796417236328,0.1428203582763672,16.309507369995117,0.5344511270523071,0.46554887294769287
survset:support2,RDSurv,3,44,3994,19.02629852294922,1,3.7416574954986572,0.9990350008010864,0.0009649991989135742,7.681145668029785,0.9672731161117554,0.03272688388824463,16.309507369995117,0.8053470849990845,0.19465291500091553
survset:support2,RDSurv,3,44,3196,3.1622776985168457,1,3.7416574954986572,0.4311930537223816,0.5688069462776184,7.681145668029785,0.07607167959213257,0.9239283204078674,16.309507369995117,0.007905036211013794,0.9920949637889862
survset:support2,RDSurv,3,44,3374,3.7416574954986572,1,3.7416574954986572,0.3946543037891388,0.6053456962108612,7.681145668029785,0.06352081894874573,0.9364791810512543,16.309507369995117,0.006085604429244995,0.993914395570755
survset:support2,RDSurv,3,44,95,11.224971771240234,1,3.7416574954986572,0.9999477863311768,5.221366882324219e-05,7.681145668029785,0.9956211447715759,0.004378855228424072,16.309507369995117,0.9495078325271606,0.050492167472839355
survset:support2,RDSurv,3,44,7518,6.7082037925720215,1,3.7416574954986572,0.23506009578704834,0.7649399042129517,7.681145668029785,0.023798584938049316,0.9762014150619507,16.309507369995117,0.001527160406112671,0.9984728395938873
survset:support2,RDSurv,3,44,4351,32.46536636352539,0,3.7416574954986572,0.9998860359191895,0.00011396408081054688,7.681145668029785,0.9923932552337646,0.0076067447662353516,16.309507369995117,0.9259096384048462,0.07409036159515381
survset:support2,RDSurv,3,44,176,39.11521530151367,1,3.7416574954986572,0.9989163875579834,0.0010836124420166016,7.681145668029785,0.9646694660186768,0.03533053398132324,16.309507369995117,0.7957054376602173,0.20429456233978271
survset:support2,RDSurv,3,44,3972,2.8284270763397217,1,3.7416574954986572,0.19654488563537598,0.803455114364624,7.681145668029785,0.01731356978416443,0.9826864302158356,16.309507369995117,0.0009875297546386719,0.9990124702453613
survset:support2,RDSurv,3,44,6592,19.824228286743164,1,3.7416574954986572,0.9988794922828674,0.0011205077171325684,7.681145668029785,0.9638808965682983,0.03611910343170166,16.309507369995117,0.7928483486175537,0.2071516513824463
survset:support2,RDSurv,3,44,2676,29.647933959960938,0,3.7416574954986572,0.9999995231628418,4.76837158203125e-07,7.681145668029785,0.9998594522476196,0.0001405477523803711,16.309507369995117,0.9959847927093506,0.004015207290649414
survset:support2,RDSurv,3,44,1013,6.082762718200684,1,3.7416574954986572,0.5960765480995178,0.4039234519004822,7.681145668029785,0.15494343638420105,0.845056563615799,16.309507369995117,0.022927314043045044,0.977072685956955
survset:support2,RDSurv,3,44,3930,2.4494898319244385,1,3.7416574954986572,0.33056724071502686,0.6694327592849731,7.681145668029785,0.04484724998474121,0.9551527500152588,16.309507369995117,0.003700047731399536,0.9962999522686005
survset:support2,RDSurv,3,44,1128,4.358899116516113,1,3.7416574954986572,0.3343260884284973,0.6656739115715027,7.681145668029785,0.045834124088287354,0.9541658759117126,16.309507369995117,0.003815978765487671,0.9961840212345123
survset:support2,RDSurv,3,44,638,38.4837646484375,0,3.7416574954986572,0.9993501901626587,0.0006498098373413086,7.681145668029785,0.9748488664627075,0.02515113353729248,16.309507369995117,0.8354964256286621,0.1645035743713379
survset:support2,RDSurv,3,44,6870,9.591663360595703,1,3.7416574954986572,0.9148366451263428,0.08516335487365723,7.681145668029785,0.5447829365730286,0.45521706342697144,16.309507369995117,0.1924840807914734,0.8075159192085266
survset:support2,RDSurv,3,44,2003,17.972200393676758,1,3.7416574954986572,0.9984596371650696,0.00154036283493042,7.681145668029785,0.955519437789917,0.04448056221008301,16.309507369995117,0.7641247510910034,0.23587524890899658
survset:support2,RDSurv,3,44,8277,5.291502475738525,1,3.7416574954986572,0.09359118342399597,0.906408816576004,7.681145668029785,0.004974097013473511,0.9950259029865265,16.309507369995117,0.0001862049102783203,0.9998137950897217
survset:support2,RDSurv,3,44,1370,24.041629791259766,0,3.7416574954986572,0.999347448348999,0.0006525516510009766,7.681145668029785,0.9747794270515442,0.02522057294845581,16.309507369995117,0.8352035284042358,0.16479647159576416
survset:support2,RDSurv,3,44,8611,2.8284270763397217,1,3.7416574954986572,0.29815083742141724,0.7018491625785828,7.681145668029785,0.03685653209686279,0.9631434679031372,16.309507369995117,0.002805739641189575,0.9971942603588104
survset:support2,RDSurv,3,44,2258,5.5677642822265625,1,3.7416574954986572,0.37755894660949707,0.6224410533905029,7.681145668029785,0.05814215540885925,0.9418578445911407,16.309507369995117,0.005357921123504639,0.9946420788764954
survset:support2,RDSurv,3,44,6301,40.68169021606445,0,3.7416574954986572,0.9998328685760498,0.0001671314239501953,7.681145668029785,0.9900573492050171,0.00994265079498291,16.309507369995117,0.9110477566719055,0.08895224332809448
survset:support2,RDSurv,3,44,1965,41.569217681884766,0,3.7416574954986572,0.9997034072875977,0.00029659271240234375,7.681145668029785,0.9852245450019836,0.014775454998016357,16.309507369995117,0.8839151859283447,0.11608481407165527
survset:support2,RDSurv,3,44,1755,6.4031243324279785,1,3.7416574954986572,0.6008789539337158,0.3991210460662842,7.681145668029785,0.1579204797744751,0.8420795202255249,16.309507369995117,0.023610591888427734,0.9763894081115723
survset:support2,RDSurv,3,44,8943,23.173259735107422,0,3.7416574954986572,0.9992549419403076,0.0007450580596923828,7.681145668029785,0.972441554069519,0.027558445930480957,16.309507369995117,0.8255394101142883,0.17446058988571167
survset:support2,RDSurv,3,44,7694,19.79899024963379,0,3.7416574954986572,0.9999885559082031,1.1444091796875e-05,7.681145668029785,0.9985384941101074,0.0014615058898925781,16.309507369995117,0.976948082447052,0.023051917552947998
survset:support2,RDSurv,3,44,7973,42.36743927001953,0,3.7416574954986572,0.9991024732589722,0.000897526741027832,7.681145668029785,0.9688069820404053,0.031193017959594727,16.309507369995117,0.8111851215362549,0.18881487846374512
survset:support2,RDSurv,3,44,1150,3.7416574954986572,1,3.7416574954986572,0.3981035351753235,0.6018964648246765,7.681145668029785,0.06464308500289917,0.9353569149971008,16.309507369995117,0.006241410970687866,0.9937585890293121
survset:support2,RDSurv,3,44,1471,3.872983455657959,1,3.7416574954986572,0.252646803855896,0.747353196144104,7.681145668029785,0.02712419629096985,0.9728758037090302,16.309507369995117,0.0018297135829925537,0.9981702864170074
survset:support2,RDSurv,3,44,4043,10.630146026611328,1,3.7416574954986572,0.9998877048492432,0.00011229515075683594,7.681145668029785,0.9924696683883667,0.007530331611633301,16.309507369995117,0.9264214634895325,0.07357853651046753
survset:support2,RDSurv,3,44,8990,11.48912525177002,1,3.7416574954986572,0.9985699653625488,0.0014300346374511719,7.681145668029785,0.9576219320297241,0.04237806797027588,16.309507369995117,0.7710967063903809,0.22890329360961914
survset:support2,RDSurv,3,44,7540,2.6457512378692627,1,3.7416574954986572,0.20218023657798767,0.7978197634220123,7.681145668029785,0.01819586753845215,0.9818041324615479,16.309507369995117,0.0010567903518676758,0.9989432096481323
survset:support2,RDSurv,3,44,8891,3.316624879837036,1,3.7416574954986572,0.022465407848358154,0.9775345921516418,7.681145668029785,0.00054931640625,0.99945068359375,16.309507369995117,1.0907649993896484e-05,0.9999890923500061
survset:support2,RDSurv,3,44,2046,40.64480209350586,0,3.7416574954986572,0.9998161196708679,0.00018388032913208008,7.681145668029785,0.9893753528594971,0.01062464714050293,16.309507369995117,0.9069587588310242,0.09304124116897583
survset:support2,RDSurv,3,44,5598,21.23676109313965,0,3.7416574954986572,0.9999147653579712,8.52346420288086e-05,7.681145668029785,0.9937983751296997,0.006201624870300293,16.309507369995117,0.9356427788734436,0.0643572211265564
survset:support2,RDSurv,3,44,5353,22.181072235107422,1,3.7416574954986572,0.9972745180130005,0.0027254819869995117,7.681145668029785,0.9357998371124268,0.06420016288757324,16.309507369995117,0.705115556716919,0.29488444328308105
survset:support2,RDSurv,3,44,372,12.649110794067383,1,3.7416574954986572,0.9987812042236328,0.0012187957763671875,7.681145668029785,0.9618292450904846,0.03817075490951538,16.309507369995117,0.7855426073074341,0.21445739269256592
survset:support2,RDSurv,3,44,1185,3.464101552963257,1,3.7416574954986572,0.2850102186203003,0.7149897813796997,7.681145668029785,0.033873558044433594,0.9661264419555664,16.309507369995117,0.002492845058441162,0.9975071549415588
survset:support2,RDSurv,3,44,4704,29.017236709594727,1,3.7416574954986572,0.9999948740005493,5.125999450683594e-06,7.681145668029785,0.9991915225982666,0.0008084774017333984,16.309507369995117,0.9850559234619141,0.014944076538085938
survset:support2,RDSurv,3,44,7114,2.4494898319244385,1,3.7416574954986572,0.23450857400894165,0.7654914259910583,7.681145668029785,0.02369806170463562,0.9763019382953644,16.309507369995117,0.0015182793140411377,0.9984817206859589
survset:support2,RDSurv,3,44,2870,6.480740547180176,1,3.7416574954986572,0.7038798332214355,0.29612016677856445,7.681145668029785,0.23481792211532593,0.7651820778846741,16.309507369995117,0.0441586971282959,0.9558413028717041
survset:support2,RDSurv,3,44,6086,8.88819408416748,1,3.7416574954986572,0.9832499027252197,0.016750097274780273,7.681145668029785,0.8071309328079224,0.19286906719207764,16.309507369995117,0.45465952157974243,0.5453404784202576
survset:support2,RDSurv,3,44,3851,40.28647232055664,0,3.7416574954986572,0.9997868537902832,0.00021314620971679688,7.681145668029785,0.9882304072380066,0.011769592761993408,16.309507369995117,0.900306224822998,0.09969377517700195
survset:support2,RDSurv,3,44,1973,7.141428470611572,1,3.7416574954986572,0.5981466174125671,0.40185338258743286,7.681145668029785,0.15622100234031677,0.8437789976596832,16.309507369995117,0.023219525814056396,0.9767804741859436
survset:support2,RDSurv,3,44,5371,3.872983455657959,1,3.7416574954986572,0.6282527446746826,0.3717472553253174,7.681145668029785,0.17581436038017273,0.8241856396198273,16.309507369995117,0.02789294719696045,0.9721070528030396
survset:support2,RDSurv,3,44,6781,3.872983455657959,1,3.7416574954986572,0.5527702569961548,0.4472297430038452,7.681145668029785,0.1300826370716095,0.8699173629283905,16.309507369995117,0.01754710078239441,0.9824528992176056
survset:support2,RDSurv,3,44,6451,39.0384407043457,0,3.7416574954986572,0.9966260194778442,0.0033739805221557617,7.681145668029785,0.9265221357345581,0.0734778642654419,16.309507369995117,0.6805005669593811,0.3194994330406189
survset:support2,RDSurv,3,44,5808,18.574174880981445,0,3.7416574954986572,0.9978790283203125,0.0021209716796875,7.681145668029785,0.9453024864196777,0.054697513580322266,16.309507369995117,0.7322552800178528,0.2677447199821472
survset:support2,RDSurv,3,44,890,2.0,1,3.7416574954986572,0.06980502605438232,0.9301949739456177,7.681145668029785,0.0031104087829589844,0.996889591217041,16.309507369995117,0.00010073184967041016,0.9998992681503296
survset:support2,RDSurv,3,44,751,37.09447479248047,0,3.7416574954986572,0.9971005916595459,0.0028994083404541016,7.681145668029785,0.9332288503646851,0.06677114963531494,16.309507369995117,0.6981226801872253,0.30187731981277466
survset:support2,RDSurv,3,44,7040,29.44486427307129,0,3.7416574954986572,0.9999644756317139,3.552436828613281e-05,7.681145668029785,0.9966773986816406,0.003322601318359375,16.309507369995117,0.9584385752677917,0.04156142473220825
survset:support2,RDSurv,3,44,2937,15.198683738708496,1,3.7416574954986572,0.9795162677764893,0.020483732223510742,7.681145668029785,0.7838304042816162,0.2161695957183838,16.309507369995117,0.42227596044540405,0.577724039554596
survset:support2,RDSurv,3,44,6849,31.74901580810547,0,3.7416574954986572,0.9999353885650635,6.461143493652344e-05,7.681145668029785,0.9949039220809937,0.005096077919006348,16.309507369995117,0.9438534379005432,0.05614656209945679
survset:support2,RDSurv,3,44,2629,30.315011978149414,0,3.7416574954986572,0.9999220967292786,7.790327072143555e-05,7.681145668029785,0.9941816926002502,0.005818307399749756,16.309507369995117,0.9384275674819946,0.06157243251800537
survset:support2,RDSurv,3,44,6841,22.38302993774414,1,3.7416574954986572,0.9990460872650146,0.0009539127349853516,7.681145668029785,0.9675222635269165,0.032477736473083496,16.309507369995117,0.8062870502471924,0.19371294975280762
survset:support2,RDSurv,3,44,8182,39.57271957397461,0,3.7416574954986572,0.9998617172241211,0.00013828277587890625,7.681145668029785,0.9912867546081543,0.008713245391845703,16.309507369995117,0.9186898469924927,0.08131015300750732
survset:support2,RDSurv,3,44,8248,6.0,1,3.7416574954986572,0.29877185821533203,0.701228141784668,7.681145668029785,0.037001073360443115,0.9629989266395569,16.309507369995117,0.002821207046508789,0.9971787929534912
survset:support2,RDSurv,3,44,4739,4.242640495300293,1,3.7416574954986572,0.5655612945556641,0.43443870544433594,7.681145668029785,0.1370697319507599,0.8629302680492401,16.309507369995117,0.019000262022018433,0.9809997379779816
survset:support2,RDSurv,3,44,7732,18.84144401550293,0,3.7416574954986572,0.997249960899353,0.0027500391006469727,7.681145668029785,0.9354318380355835,0.0645681619644165,16.309507369995117,0.7041061520576477,0.2958938479423523
survset:support2,RDSurv,3,44,1263,26.095975875854492,0,3.7416574954986572,0.9985241293907166,0.0014758706092834473,7.681145668029785,0.9567407369613647,0.043259263038635254,16.309507369995117,0.768155574798584,0.23184442520141602
survset:support2,RDSurv,3,44,3422,3.316624879837036,1,3.7416574954986572,0.580491840839386,0.419508159160614,7.681145668029785,0.14559558033943176,0.8544044196605682,16.309507369995117,0.020835965871810913,0.9791640341281891
survset:support2,RDSurv,3,44,4851,2.0,1,3.7416574954986572,0.4288160502910614,0.5711839497089386,7.681145668029785,0.07520946860313416,0.9247905313968658,16.309507369995117,0.007774710655212402,0.9922252893447876
survset:support2,RDSurv,3,44,6736,20.832666397094727,1,3.7416574954986572,0.99930739402771,0.0006926059722900391,7.681145668029785,0.9737533926963806,0.026246607303619385,16.309507369995117,0.830917477607727,0.16908252239227295
survset:support2,RDSurv,3,44,3954,39.217342376708984,0,3.7416574954986572,0.9999936819076538,6.318092346191406e-06,7.681145668029785,0.9990611672401428,0.0009388327598571777,16.309507369995117,0.9833173751831055,0.01668262481689453
survset:support2,RDSurv,3,44,1942,1.7320507764816284,1,3.7416574954986572,0.27854540944099426,0.7214545905590057,7.681145668029785,0.03245827555656433,0.9675417244434357,16.309507369995117,0.002348572015762329,0.9976514279842377
survset:support2,RDSurv,3,44,3338,44.41846466064453,0,3.7416574954986572,0.9997285604476929,0.0002714395523071289,7.681145668029785,0.986095130443573,0.013904869556427002,16.309507369995117,0.8885192275047302,0.11148077249526978
survset:support2,RDSurv,3,44,2141,15.68438720703125,1,3.7416574954986572,0.9831230640411377,0.016876935958862305,7.681145668029785,0.806298017501831,0.19370198249816895,16.309507369995117,0.4534558653831482,0.5465441346168518
survset:support2,RDSurv,3,44,7832,44.07947540283203,0,3.7416574954986572,0.999377965927124,0.0006220340728759766,7.681145668029785,0.9755762815475464,0.024423718452453613,16.309507369995117,0.8385831117630005,0.1614168882369995
survset:support2,RDSurv,3,44,8112,8.246211051940918,1,3.7416574954986572,0.9906572103500366,0.009342789649963379,7.681145668029785,0.8628211617469788,0.13717883825302124,16.309507369995117,0.5445140600204468,0.4554859399795532
survset:support2,RDSurv,3,44,3298,44.65422821044922,0,3.7416574954986572,0.9999998807907104,1.1920928955078125e-07,7.681145668029785,0.9999510049819946,4.8995018005371094e-05,16.309507369995117,0.9982180595397949,0.0017819404602050781
survset:support2,RDSurv,3,44,6581,2.2360680103302,1,3.7416574954986572,0.2879524230957031,0.7120475769042969,7.681145668029785,0.03452897071838379,0.9654710292816162,16.309507369995117,0.0025605857372283936,0.9974394142627716
survset:support2,RDSurv,3,44,522,39.8873405456543,0,3.7416574954986572,0.9995067119598389,0.0004932880401611328,7.681145668029785,0.9791066646575928,0.020893335342407227,16.309507369995117,0.8541430830955505,0.14585691690444946
survset:support2,RDSurv,3,44,68,17.11724281311035,1,3.7416574954986572,0.9997378587722778,0.00026214122772216797,7.681145668029785,0.9864252805709839,0.013574719429016113,16.309507369995117,0.8902938961982727,0.1097061038017273
survset:support2,RDSurv,3,44,1236,5.291502475738525,1,3.7416574954986572,0.3695107102394104,0.6304892897605896,7.681145668029785,0.05571329593658447,0.9442867040634155,16.309507369995117,0.005039840936660767,0.9949601590633392
survset:support2,RDSurv,3,44,6340,38.587562561035156,1,3.7416574954986572,0.9992414712905884,0.0007585287094116211,7.681145668029785,0.9721084833145142,0.02789151668548584,16.309507369995117,0.8241915702819824,0.17580842971801758
survset:support2,RDSurv,3,44,2380,17.40689468383789,1,3.7416574954986572,0.994232177734375,0.005767822265625,7.681145668029785,0.8974892497062683,0.10251075029373169,16.309507369995117,0.6126009821891785,0.38739901781082153
survset:support2,RDSurv,3,44,4978,8.0,1,3.7416574954986572,0.9933648109436035,0.006635189056396484,7.681145668029785,0.8883430361747742,0.11165696382522583,16.309507369995117,0.5934751629829407,0.4065248370170593
survset:support2,RDSurv,3,44,3468,33.511192321777344,1,3.7416574954986572,0.9999973773956299,2.6226043701171875e-06,7.681145668029785,0.9995062947273254,0.0004937052726745605,16.309507369995117,0.9896339178085327,0.010366082191467285
survset:support2,RDSurv,3,44,6083,5.291502475738525,1,3.7416574954986572,0.7516547441482544,0.2483452558517456,7.681145668029785,0.2813088297843933,0.7186911702156067,16.309507369995117,0.05935308337211609,0.9406469166278839
survset:support2,RDSurv,3,44,4405,14.560219764709473,1,3.7416574954986572,0.9985393285751343,0.0014606714248657227,7.681145668029785,0.9570313692092896,0.04296863079071045,16.309507369995117,0.7691223621368408,0.23087763786315918
survset:support2,RDSurv,3,44,2387,15.588457107543945,1,3.7416574954986572,0.9993343353271484,0.0006656646728515625,7.681145668029785,0.9744400382041931,0.025559961795806885,16.309507369995117,0.8337777853012085,0.1662222146987915
survset:support2,RDSurv,3,44,8787,20.784608840942383,1,3.7416574954986572,0.9951151609420776,0.004884839057922363,7.681145668029785,0.9074500203132629,0.09254997968673706,16.309507369995117,0.634556233882904,0.36544376611709595
survset:support2,RDSurv,3,44,7411,24.535688400268555,0,3.7416574954986572,0.9998574256896973,0.00014257431030273438,7.681145668029785,0.9911007881164551,0.008899211883544922,16.309507369995117,0.9175097942352295,0.08249020576477051
survset:support2,RDSurv,3,44,272,5.291502475738525,1,3.7416574954986572,0.7276644706726074,0.2723355293273926,7.681145668029785,0.2569105625152588,0.7430894374847412,16.309507369995117,0.05111166834831238,0.9488883316516876
survset:support2,RDSurv,3,44,819,36.30426788330078,0,3.7416574954986572,0.9989675283432007,0.0010324716567993164,7.681145668029785,0.9657772779464722,0.03422272205352783,16.309507369995117,0.7997682094573975,0.20023179054260254
survset:support2,RDSurv,3,44,359,23.706539154052734,1,3.7416574954986572,0.9998973608016968,0.00010263919830322266,7.681145668029785,0.9929333329200745,0.007066667079925537,16.309507369995117,0.9295687675476074,0.07043123245239258
survset:support2,RDSurv,3,44,7313,25.690465927124023,0,3.7416574954986572,0.9994063377380371,0.0005936622619628906,7.681145668029785,0.9763301610946655,0.023669838905334473,16.309507369995117,0.8418231010437012,0.15817689895629883
survset:support2,RDSurv,3,44,3656,19.697715759277344,1,3.7416574954986572,0.9897942543029785,0.010205745697021484,7.681145668029785,0.8554351329803467,0.14456486701965332,16.309507369995117,0.5313894748687744,0.4686105251312256
survset:support2,RDSurv,3,44,2152,21.494184494018555,1,3.7416574954986572,0.9982020854949951,0.0017979145050048828,7.681145668029785,0.9508275985717773,0.049172401428222656,16.309507369995117,0.749100387096405,0.25089961290359497
survset:support2,RDSurv,3,44,4194,14.387495040893555,1,3.7416574954986572,0.997309684753418,0.0026903152465820312,7.681145668029785,0.9363263845443726,0.06367361545562744,16.309507369995117,0.7065650224685669,0.2934349775314331
survset:support2,RDSurv,3,44,4906,27.74887466430664,0,3.7416574954986572,0.9998428225517273,0.00015717744827270508,7.681145668029785,0.9904743432998657,0.009525656700134277,16.309507369995117,0.9135993123054504,0.08640068769454956
survset:support2,RDSurv,3,44,4011,38.69108581542969,0,3.7416574954986572,0.9999996423721313,3.5762786865234375e-07,7.681145668029785,0.999889612197876,0.00011038780212402344,16.309507369995117,0.9966627359390259,0.003337264060974121
survset:support2,RDSurv,3,44,8875,24.85960578918457,0,3.7416574954986572,0.9987548589706421,0.0012451410293579102,7.681145668029785,0.9612900018692017,0.03870999813079834,16.309507369995117,0.7836520671844482,0.21634793281555176
survset:support2,RDSurv,3,44,2245,9.486832618713379,1,3.7416574954986572,0.9975099563598633,0.0024900436401367188,7.681145668029785,0.9393881559371948,0.060611844062805176,16.309507369995117,0.7151142358779907,0.2848857641220093
survset:support2,RDSurv,3,44,3977,39.051246643066406,0,3.7416574954986572,0.9999969005584717,3.0994415283203125e-06,7.681145668029785,0.9994414448738098,0.0005585551261901855,16.309507369995117,0.988635778427124,0.011364221572875977
survset:support2,RDSurv,3,44,4639,26.095975875854492,1,3.7416574954986572,0.9997103810310364,0.00028961896896362305,7.681145668029785,0.9854637384414673,0.014536261558532715,16.309507369995117,0.885169506072998,0.11483049392700195
survset:support2,RDSurv,3,44,1577,18.76166343688965,0,3.7416574954986572,0.9990030527114868,0.0009969472885131836,7.681145668029785,0.9665598273277283,0.03344017267227173,16.309507369995117,0.8026730418205261,0.19732695817947388
survset:support2,RDSurv,3,44,5931,5.74456262588501,1,3.7416574954986572,0.4927779734134674,0.5072220265865326,7.681145668029785,0.10084208846092224,0.8991579115390778,16.309507369995117,0.011971652507781982,0.988028347492218
survset:support2,RDSurv,3,44,1158,28.0,0,3.7416574954986572,0.9976702332496643,0.0023297667503356934,7.681145668029785,0.9419100284576416,0.0580899715423584,16.309507369995117,0.722318172454834,0.277681827545166
survset:support2,RDSurv,3,44,8264,31.811946868896484,1,3.7416574954986572,0.9894106984138489,0.010589301586151123,7.681145668029785,0.8522475957870483,0.14775240421295166,16.309507369995117,0.5258541107177734,0.47414588928222656
survset:support2,RDSurv,3,44,39,29.0,1,3.7416574954986572,0.9998149871826172,0.0001850128173828125,7.681145668029785,0.9893310070037842,0.01066899299621582,16.309507369995117,0.9066959023475647,0.0933040976524353
survset:support2,RDSurv,3,44,4716,7.0,1,3.7416574954986572,0.3948880136013031,0.6051119863986969,7.681145668029785,0.0635964572429657,0.9364035427570343,16.309507369995117,0.0060960352420806885,0.9939039647579193
survset:support2,RDSurv,3,44,5603,21.189620971679688,0,3.7416574954986572,0.9999477863311768,5.221366882324219e-05,7.681145668029785,0.9956227540969849,0.004377245903015137,16.309507369995117,0.9495205283164978,0.0504794716835022
survset:support2,RDSurv,3,44,3330,2.8284270763397217,1,3.7416574954986572,0.4185693860054016,0.5814306139945984,7.681145668029785,0.07156708836555481,0.9284329116344452,16.309507369995117,0.0072328150272369385,0.9927671849727631
survset:support2,RDSurv,3,44,6094,6.557438373565674,1,3.7416574954986572,0.6676125526428223,0.33238744735717773,7.681145668029785,0.2045910656452179,0.7954089343547821,16.309507369995117,0.03541207313537598,0.964587926864624
survset:support2,RDSurv,3,44,3562,3.605551242828369,1,3.7416574954986572,0.6754087209701538,0.3245912790298462,7.681145668029785,0.21076607704162598,0.789233922958374,16.309507369995117,0.03712776303291321,0.9628722369670868
survset:support2,RDSurv,3,44,2204,38.72983169555664,0,3.7416574954986572,0.9999990463256836,9.5367431640625e-07,7.681145668029785,0.9997634887695312,0.00023651123046875,16.309507369995117,0.994037389755249,0.0059626102447509766
survset:support2,RDSurv,3,44,3059,17.0587215423584,1,3.7416574954986572,0.9994732141494751,0.0005267858505249023,7.681145668029785,0.9781592488288879,0.02184075117111206,16.309507369995117,0.8498672842979431,0.15013271570205688
survset:support2,RDSurv,3,44,1,2.0,1,3.7416574954986572,0.04407137632369995,0.9559286236763,7.681145668029785,0.00151863694190979,0.9984813630580902,16.309507369995117,3.987550735473633e-05,0.9999601244926453
survset:support2,RDSurv,3,44,4408,7.6157732009887695,1,3.7416574954986572,0.41037648916244507,0.5896235108375549,7.681145668029785,0.06874004006385803,0.931259959936142,16.309507369995117,0.00682184100151062,0.9931781589984894
survset:support2,RDSurv,3,44,8192,7.681145668029785,1,3.7416574954986572,0.9679453372955322,0.03205466270446777,7.681145668029785,0.7233275175094604,0.27667248249053955,16.309507369995117,0.34881770610809326,0.6511822938919067
survset:support2,RDSurv,3,44,3226,18.734994888305664,0,3.7416574954986572,0.9999837279319763,1.627206802368164e-05,7.681145668029785,0.998111367225647,0.0018886327743530273,16.309507369995117,0.9722481369972229,0.0277518630027771
survset:support2,RDSurv,3,44,7239,26.645824432373047,0,3.7416574954986572,0.9999247789382935,7.522106170654297e-05,7.681145668029785,0.9943222999572754,0.005677700042724609,16.309507369995117,0.9394649267196655,0.06053507328033447
survset:support2,RDSurv,3,44,1659,44.58699417114258,0,3.7416574954986572,0.995818018913269,0.004181981086730957,7.681145668029785,0.915952205657959,0.08404779434204102,16.309507369995117,0.6543455123901367,0.3456544876098633
survset:support2,RDSurv,3,44,5725,7.071067810058594,1,3.7416574954986572,0.6959540843963623,0.3040459156036377,7.681145668029785,0.2278745174407959,0.7721254825592041,16.309507369995117,0.042071759700775146,0.9579282402992249
survset:support2,RDSurv,3,44,7430,2.0,1,3.7416574954986572,0.13097074627876282,0.8690292537212372,7.681145668029785,0.008645087480545044,0.991354912519455,16.309507369995117,0.0003872513771057129,0.9996127486228943
survset:support2,RDSurv,3,44,2182,24.979991912841797,1,3.7416574954986572,0.9978214502334595,0.0021785497665405273,7.681145668029785,0.9443546533584595,0.05564534664154053,16.309507369995117,0.7294495701789856,0.2705504298210144
survset:support2,RDSurv,3,44,7281,26.057628631591797,0,3.7416574954986572,0.9893439412117004,0.01065605878829956,7.681145668029785,0.8516983985900879,0.1483016014099121,16.309507369995117,0.5249080061912537,0.47509199380874634
survset:support2,RDSurv,3,44,989,30.692018508911133,0,3.7416574954986572,0.9998630881309509,0.00013691186904907227,7.681145668029785,0.9913491010665894,0.008650898933410645,16.309507369995117,0.9190874099731445,0.08091259002685547
survset:support2,RDSurv,3,44,1521,15.459625244140625,1,3.7416574954986572,0.9915467500686646,0.00845324993133545,7.681145668029785,0.8707766532897949,0.12922334671020508,16.309507369995117,0.5591444373130798,0.44085556268692017
survset:support2,RDSurv,3,44,5026,26.551836013793945,0,3.7416574954986572,0.9998328685760498,0.0001671314239501953,7.681145668029785,0.9900578260421753,0.009942173957824707,16.309507369995117,0.9110506772994995,0.08894932270050049
survset:support2,RDSurv,3,44,542,2.8284270763397217,1,3.7416574954986572,0.6376744508743286,0.3623255491256714,7.681145668029785,0.1823582649230957,0.8176417350769043,16.309507369995117,0.029534190893173218,0.9704658091068268
survset:support2,RDSurv,3,44,7153,2.0,1,3.7416574954986572,0.6869825720787048,0.31301742792129517,7.681145668029785,0.22025012969970703,0.779749870300293,16.309507369995117,0.039833784103393555,0.9601662158966064
survset:support2,RDSurv,3,44,7003,3.464101552963257,1,3.7416574954986572,0.45501407980918884,0.5449859201908112,7.681145668029785,0.08508354425430298,0.914916455745697,16.309507369995117,0.00931289792060852,0.9906871020793915
survset:support2,RDSurv,3,44,6613,1.7320507764816284,1,3.7416574954986572,0.002235710620880127,0.9977642893791199,7.681145668029785,2.053380012512207e-05,0.9999794661998749,16.309507369995117,1.7881393432617188e-07,0.9999998211860657
survset:support2,RDSurv,3,44,3020,5.4772257804870605,1,3.7416574954986572,0.5952039361000061,0.4047960638999939,7.681145668029785,0.15440744161605835,0.8455925583839417,16.309507369995117,0.02280518412590027,0.9771948158740997
survset:support2,RDSurv,3,44,3350,2.4494898319244385,1,3.7416574954986572,0.4344334006309509,0.5655665993690491,7.681145668029785,0.0772576630115509,0.9227423369884491,16.309507369995117,0.008085519075393677,0.9919144809246063
survset:support2,RDSurv,3,44,3264,8.062257766723633,1,3.7416574954986572,0.9640058279037476,0.03599417209625244,7.681145668029785,0.7055835127830505,0.29441648721694946,16.309507369995117,0.3296999931335449,0.6703000068664551
survset:support2,RDSurv,3,44,4482,17.0880069732666,1,3.7416574954986572,0.9971681833267212,0.0028318166732788086,7.681145668029785,0.9342206120491028,0.06577938795089722,16.309507369995117,0.700803816318512,0.29919618368148804
survset:support2,RDSurv,3,44,7843,3.0,1,3.7416574954986572,0.7777231931686401,0.22227680683135986,7.681145668029785,0.3106045126914978,0.6893954873085022,16.309507369995117,0.07005158066749573,0.9299484193325043
survset:support2,RDSurv,3,44,4896,27.838821411132812,0,3.7416574954986572,0.996544361114502,0.003455638885498047,7.681145668029785,0.9254086017608643,0.07459139823913574,16.309507369995117,0.6776560544967651,0.32234394550323486
survset:support2,RDSurv,3,44,7431,12.083045959472656,1,3.7416574954986572,0.9995478391647339,0.0004521608352661133,7.681145668029785,0.9803023338317871,0.01969766616821289,16.309507369995117,0.8596534729003906,0.14034652709960938
survset:support2,RDSurv,3,44,6720,30.610456466674805,1,3.7416574954986572,0.9997705221176147,0.0002294778823852539,7.681145668029785,0.9876155853271484,0.012384414672851562,16.309507369995117,0.8968348503112793,0.1031651496887207
survset:support2,RDSurv,3,44,2324,29.866369247436523,1,3.7416574954986572,0.99538254737854,0.004617452621459961,7.681145668029785,0.9106177091598511,0.08938229084014893,16.309507369995117,0.6418091654777527,0.3581908345222473
survset:support2,RDSurv,3,44,8982,22.113344192504883,0,3.7416574954986572,0.9997149705886841,0.00028502941131591797,7.681145668029785,0.9856221675872803,0.014377832412719727,16.309507369995117,0.886004626750946,0.11399537324905396
survset:support2,RDSurv,3,44,6159,42.11888122558594,0,3.7416574954986572,0.9996079206466675,0.00039207935333251953,7.681145668029785,0.9821211099624634,0.01787889003753662,16.309507369995117,0.8683024644851685,0.13169753551483154
survset:support2,RDSurv,3,44,2720,29.171903610229492,0,3.7416574954986572,0.9994844198226929,0.0005155801773071289,7.681145668029785,0.9784739017486572,0.021526098251342773,16.309507369995117,0.8512789607048035,0.14872103929519653
survset:support2,RDSurv,3,44,7347,25.27845001220703,0,3.7416574954986572,0.9997698068618774,0.0002301931381225586,7.681145668029785,0.9875876307487488,0.01241236925125122,16.309507369995117,0.8966782689094543,0.10332173109054565
survset:support2,RDSurv,3,44,8076,36.33180236816406,1,3.7416574954986572,0.9956010580062866,0.004398941993713379,7.681145668029785,0.9132659435272217,0.08673405647277832,16.309507369995117,0.647980809211731,0.35201919078826904
survset:support2,RDSurv,3,44,1399,23.30236053466797,0,3.7416574954986572,0.9992688298225403,0.0007311701774597168,7.681145668029785,0.9727842807769775,0.02721571922302246,16.309507369995117,0.8269338607788086,0.1730661392211914
survset:support2,RDSurv,3,44,2738,13.304134368896484,1,3.7416574954986572,0.9971909523010254,0.0028090476989746094,7.681145668029785,0.9345566034317017,0.06544339656829834,16.309507369995117,0.7017167806625366,0.2982832193374634
survset:support2,RDSurv,3,44,8149,13.03840446472168,1,3.7416574954986572,0.9997541904449463,0.00024580955505371094,7.681145668029785,0.9870123863220215,0.012987613677978516,16.309507369995117,0.8934913277626038,0.10650867223739624
survset:support2,RDSurv,3,44,398,10.862780570983887,1,3.7416574954986572,0.9974275827407837,0.0025724172592163086,7.681145668029785,0.9381169080734253,0.06188309192657471,16.309507369995117,0.7115390300750732,0.28846096992492676
survset:support2,RDSurv,3,44,1457,5.74456262588501,1,3.7416574954986572,0.3865523338317871,0.6134476661682129,7.681145668029785,0.06093400716781616,0.9390659928321838,16.309507369995117,0.005731642246246338,0.9942683577537537
survset:support2,RDSurv,3,44,2106,4.582575798034668,1,3.7416574954986572,0.18714210391044617,0.8128578960895538,7.681145668029785,0.01589101552963257,0.9841089844703674,16.309507369995117,0.0008787810802459717,0.999121218919754
survset:support2,RDSurv,3,44,3756,3.464101552963257,1,3.7416574954986572,0.540688157081604,0.459311842918396,7.681145668029785,0.12373906373977661,0.8762609362602234,16.309507369995117,0.016267865896224976,0.983732134103775
survset:support2,RDSurv,3,44,2729,29.051677703857422,0,3.7416574954986572,0.999165415763855,0.0008345842361450195,7.681145668029785,0.9702759981155396,0.02972400188446045,16.309507369995117,0.8168951272964478,0.18310487270355225
survset:support2,RDSurv,3,44,1326,2.0,1,3.7416574954986572,0.2562653422355652,0.7437346577644348,7.681145668029785,0.027837783098220825,0.9721622169017792,16.309507369995117,0.0018967688083648682,0.9981032311916351
survset:support2,RDSurv,3,44,4033,21.725561141967773,1,3.7416574954986572,0.9961122274398804,0.003887772560119629,7.681145668029785,0.9196920394897461,0.0803079605102539,16.309507369995117,0.6633903980255127,0.3366096019744873
survset:support2,RDSurv,3,44,8966,5.916079998016357,1,3.7416574954986572,0.2239360511302948,0.7760639488697052,7.681145668029785,0.021814823150634766,0.9781851768493652,16.309507369995117,0.0013547837734222412,0.9986452162265778
survset:support2,RDSurv,3,44,844,4.4721360206604,1,3.7416574954986572,0.6938300132751465,0.3061699867248535,7.681145668029785,0.22604718804359436,0.7739528119564056,16.309507369995117,0.04153028130531311,0.9584697186946869
survset:support2,RDSurv,3,44,6392,4.4721360206604,1,3.7416574954986572,0.6343392729759216,0.36566072702407837,7.681145668029785,0.18001815676689148,0.8199818432331085,16.309507369995117,0.028942644596099854,0.9710573554039001
survset:support2,RDSurv,3,44,8157,4.690415859222412,1,3.7416574954986572,0.7199535369873047,0.2800464630126953,7.681145668029785,0.24953284859657288,0.7504671514034271,16.309507369995117,0.04873648285865784,0.9512635171413422
survset:support2,RDSurv,3,44,793,5.291502475738525,1,3.7416574954986572,0.32718297839164734,0.6728170216083527,7.681145668029785,0.04396966099739075,0.9560303390026093,16.309507369995117,0.003597944974899292,0.9964020550251007
survset:support2,RDSurv,3,44,6287,40.86563491821289,0,3.7416574954986572,0.9796129465103149,0.02038705348968506,7.681145668029785,0.7844045162200928,0.21559548377990723,16.309507369995117,0.42304322123527527,0.5769567787647247
survset:support2,RDSurv,3,44,8009,6.633249759674072,1,3.7416574954986572,0.7385722398757935,0.26142776012420654,7.681145668029785,0.2677229642868042,0.7322770357131958,16.309507369995117,0.05469024181365967,0.9453097581863403
survset:support2,RDSurv,3,44,1029,20.904544830322266,1,3.7416574954986572,0.9958900213241577,0.004109978675842285,7.681145668029785,0.9168561697006226,0.08314383029937744,16.309507369995117,0.6565117835998535,0.3434882164001465
survset:support2,RDSurv,3,44,9043,2.4494898319244385,1,3.7416574954986572,0.10589665174484253,0.8941033482551575,7.681145668029785,0.006082624197006226,0.9939173758029938,16.309507369995117,0.0002427995204925537,0.9997572004795074
survset:support2,RDSurv,3,44,2824,9.69536018371582,1,3.7416574954986572,0.9961144328117371,0.0038855671882629395,7.681145668029785,0.9197201132774353,0.0802798867225647,16.309507369995117,0.6634590029716492,0.33654099702835083
survset:support2,RDSurv,3,44,7328,5.0,1,3.7416574954986572,0.6796064376831055,0.32039356231689453,7.681145668029785,0.2141612470149994,0.7858387529850006,16.309507369995117,0.03808659315109253,0.9619134068489075
survset:support2,RDSurv,3,44,3794,37.336307525634766,1,3.7416574954986572,0.9996881484985352,0.00031185150146484375,7.681145668029785,0.9847069978713989,0.015293002128601074,16.309507369995117,0.8812280297279358,0.11877197027206421
survset:support2,RDSurv,3,44,9034,20.880613327026367,0,3.7416574954986572,0.9997282028198242,0.00027179718017578125,7.681145668029785,0.9860837459564209,0.013916254043579102,16.309507369995117,0.8884581327438354,0.11154186725616455
survset:support2,RDSurv,3,44,6330,39.585350036621094,1,3.7416574954986572,0.9995930194854736,0.0004069805145263672,7.681145668029785,0.981661856174469,0.018338143825531006,16.309507369995117,0.8660863041877747,0.13391369581222534
survset:support2,RDSurv,3,44,7136,1.7320507764816284,1,3.7416574954986572,0.04941496253013611,0.9505850374698639,7.681145668029785,0.001811683177947998,0.998188316822052,16.309507369995117,5.0008296966552734e-05,0.9999499917030334
survset:support2,RDSurv,3,44,5580,21.44761085510254,0,3.7416574954986572,0.9999926090240479,7.3909759521484375e-06,7.681145668029785,0.9989367723464966,0.001063227653503418,16.309507369995117,0.9817224740982056,0.018277525901794434
survset:support2,RDSurv,3,44,3546,7.745966911315918,1,3.7416574954986572,0.9815980792045593,0.018401920795440674,7.681145668029785,0.7965240478515625,0.2034759521484375,16.309507369995117,0.4395933747291565,0.5604066252708435
survset:support2,RDSurv,3,44,2555,31.400636672973633,0,3.7416574954986572,0.9997074604034424,0.0002925395965576172,7.681145668029785,0.9853644371032715,0.014635562896728516,16.309507369995117,0.8846477270126343,0.11535227298736572
survset:support2,RDSurv,3,44,1954,41.6533317565918,0,3.7416574954986572,0.9996721744537354,0.00032782554626464844,7.681145668029785,0.9841745495796204,0.01582545042037964,16.309507369995117,0.8785002827644348,0.12149971723556519
survset:support2,RDSurv,3,44,304,16.5831241607666,1,3.7416574954986572,0.9970747232437134,0.002925276756286621,7.681145668029785,0.9328519701957703,0.06714802980422974,16.309507369995117,0.6971091628074646,0.3028908371925354
survset:support2,RDSurv,3,44,1440,2.2360680103302,1,3.7416574954986572,0.6800793409347534,0.3199206590652466,7.681145668029785,0.21454685926437378,0.7854531407356262,16.309507369995117,0.038196176290512085,0.9618038237094879
survset:support2,RDSurv,3,44,9,19.235383987426758,1,3.7416574954986572,0.9991311430931091,0.0008688569068908691,7.681145668029785,0.9694710969924927,0.030528903007507324,16.309507369995117,0.8137516975402832,0.1862483024597168
survset:support2,RDSurv,3,44,4219,16.093477249145508,1,3.7416574954986572,0.9850587844848633,0.014941215515136719,7.681145668029785,0.8193740248680115,0.18062597513198853,16.309507369995117,0.4727783501148224,0.5272216498851776
survset:support2,RDSurv,3,44,5303,7.280109882354736,1,3.7416574954986572,0.5042173266410828,0.49578267335891724,7.681145668029785,0.10599854588508606,0.8940014541149139,16.309507369995117,0.012894898653030396,0.9871051013469696
survset:support2,RDSurv,3,44,6056,43.06970977783203,0,3.7416574954986572,0.9975941777229309,0.002405822277069092,7.681145668029785,0.9407045245170593,0.059295475482940674,16.309507369995117,0.7188557386398315,0.28114426136016846
survset:support2,RDSurv,3,44,4768,6.928203105926514,1,3.7416574954986572,0.8331982493400574,0.16680175065994263,7.681145668029785,0.3852262496948242,0.6147737503051758,16.309507369995117,0.10149970650672913,0.8985002934932709
survset:support2,RDSurv,3,44,8889,3.0,1,3.7416574954986572,0.42295998334884644,0.5770400166511536,7.681145668029785,0.07311314344406128,0.9268868565559387,16.309507369995117,0.007461130619049072,0.9925388693809509
survset:support2,RDSurv,3,44,6260,41.19466018676758,0,3.7416574954986572,0.9999511241912842,4.887580871582031e-05,7.681145668029785,0.9958257675170898,0.004174232482910156,16.309507369995117,0.9511768817901611,0.04882311820983887
survset:support2,RDSurv,3,44,5888,5.916079998016357,1,3.7416574954986572,0.6657594442367554,0.33424055576324463,7.681145668029785,0.20314770936965942,0.7968522906303406,16.309507369995117,0.035016268491744995,0.964983731508255
survset:support2,RDSurv,3,44,8774,11.0,1,3.7416574954986572,0.9732351899147034,0.02676481008529663,7.681145668029785,0.7491952180862427,0.2508047819137573,16.309507369995117,0.37854281067848206,0.6214571893215179
survset:support2,RDSurv,3,44,6294,22.56102752685547,1,3.7416574954986572,0.9953708648681641,0.0046291351318359375,7.681145668029785,0.9104782342910767,0.08952176570892334,16.309507369995117,0.6414869427680969,0.3585130572319031
survset:support2,RDSurv,3,44,6668,3.7416574954986572,1,3.7416574954986572,0.46128588914871216,0.5387141108512878,7.681145668029785,0.08757203817367554,0.9124279618263245,16.309507369995117,0.009716242551803589,0.9902837574481964
survset:support2,RDSurv,3,44,4908,27.73084831237793,0,3.7416574954986572,0.9999512434005737,4.875659942626953e-05,7.681145668029785,0.9958282709121704,0.00417172908782959,16.309507369995117,0.9511975646018982,0.04880243539810181
survset:support2,RDSurv,3,44,4838,10.440306663513184,1,3.7416574954986572,0.9954999685287476,0.004500031471252441,7.681145668029785,0.9120345115661621,0.08796548843383789,16.309507369995117,0.6450984477996826,0.3549015522003174
survset:support2,RDSurv,3,44,6685,13.892443656921387,1,3.7416574954986572,0.999424934387207,0.0005750656127929688,7.681145668029785,0.9768308401107788,0.02316915988922119,16.309507369995117,0.8439987897872925,0.15600121021270752
survset:support2,RDSurv,3,44,124,12.247448921203613,1,3.7416574954986572,0.99957275390625,0.00042724609375,7.681145668029785,0.9810466766357422,0.018953323364257812,16.309507369995117,0.8631525039672852,0.13684749603271484
survset:support2,RDSurv,3,44,6619,37.09447479248047,0,3.7416574954986572,0.9999971985816956,2.8014183044433594e-06,7.681145668029785,0.9994844198226929,0.0005155801773071289,16.309507369995117,0.9892927408218384,0.010707259178161621
survset:support2,RDSurv,3,44,4956,5.74456262588501,1,3.7416574954986572,0.6714414358139038,0.3285585641860962,7.681145668029785,0.20760279893875122,0.7923972010612488,16.309507369995117,0.036244332790374756,0.9637556672096252
survset:support2,RDSurv,3,44,1081,7.0,1,3.7416574954986572,0.37213170528411865,0.6278682947158813,7.681145668029785,0.056497156620025635,0.9435028433799744,16.309507369995117,0.005141764879226685,0.9948582351207733
survset:support2,RDSurv,3,44,7644,20.663978576660156,0,3.7416574954986572,0.9995498657226562,0.00045013427734375,7.681145668029785,0.9803632497787476,0.01963675022125244,16.309507369995117,0.859937846660614,0.140062153339386
survset:support2,RDSurv,3,44,3285,2.6457512378692627,1,3.7416574954986572,0.48065415024757385,0.5193458497524261,7.681145668029785,0.09557649493217468,0.9044235050678253,16.309507369995117,0.011055797338485718,0.9889442026615143
survset:support2,RDSurv,3,44,2,6.855654716491699,1,3.7416574954986572,0.7419131994247437,0.25808680057525635,7.681145668029785,0.2711266875267029,0.7288733124732971,16.309507369995117,0.05584096908569336,0.9441590309143066
survset:support2,RDSurv,3,44,6081,7.348469257354736,1,3.7416574954986572,0.997451663017273,0.0025483369827270508,7.681145668029785,0.9384868144989014,0.06151318550109863,16.309507369995117,0.7125755548477173,0.2874244451522827
survset:support2,RDSurv,3,44,4303,32.77193832397461,0,3.7416574954986572,0.9999748468399048,2.5153160095214844e-05,7.681145668029785,0.9974080324172974,0.0025919675827026367,16.309507369995117,0.9651691317558289,0.03483086824417114
survset:support2,RDSurv,3,44,5610,21.118711471557617,0,3.7416574954986572,0.9992769360542297,0.0007230639457702637,7.681145668029785,0.9729867577552795,0.02701324224472046,16.309507369995117,0.8277609944343567,0.1722390055656433
survset:support2,RDSurv,3,44,8789,26.057628631591797,1,3.7416574954986572,0.9986511468887329,0.0013488531112670898,7.681145668029785,0.9592081308364868,0.040791869163513184,16.309507369995117,0.7764624357223511,0.22353756427764893
survset:support2,RDSurv,3,44,1506,15.491933822631836,1,3.7416574954986572,0.9996533393859863,0.0003466606140136719,7.681145668029785,0.98356032371521,0.01643967628479004,16.309507369995117,0.8753976821899414,0.1246023178100586
survset:support2,RDSurv,3,44,1112,28.600698471069336,0,3.7416574954986572,0.9991613626480103,0.0008386373519897461,7.681145668029785,0.9701802730560303,0.029819726943969727,16.309507369995117,0.8165194988250732,0.18348050117492676
survset:support2,RDSurv,3,44,4674,4.898979663848877,1,3.7416574954986572,0.5545781850814819,0.44542181491851807,7.681145668029785,0.13105300068855286,0.8689469993114471,16.309507369995117,0.01774612069129944,0.9822538793087006
survset:support2,RDSurv,3,44,2854,4.123105525970459,1,3.7416574954986572,0.7808690667152405,0.21913093328475952,7.681145668029785,0.3143588900566101,0.6856411099433899,16.309507369995117,0.07148748636245728,0.9285125136375427
survset:support2,RDSurv,3,44,1557,15.55634880065918,1,3.7416574954986572,0.998310387134552,0.001689612865447998,7.681145668029785,0.9527661800384521,0.04723381996154785,16.309507369995117,0.7552227973937988,0.24477720260620117
survset:support2,RDSurv,3,44,6684,2.0,1,3.7416574954986572,0.0036698877811431885,0.9963301122188568,7.681145668029785,4.079937934875488e-05,0.9999592006206512,16.309507369995117,4.172325134277344e-07,0.9999995827674866
survset:support2,RDSurv,3,44,3268,3.7416574954986572,1,3.7416574954986572,0.6456347703933716,0.3543652296066284,7.681145668029785,0.18805068731307983,0.8119493126869202,16.309507369995117,0.030994653701782227,0.9690053462982178
survset:support2,RDSurv,3,44,7731,1.7320507764816284,1,3.7416574954986572,0.271226167678833,0.728773832321167,7.681145668029785,0.030896872282028198,0.9691031277179718,16.309507369995117,0.002192556858062744,0.9978074431419373
survset:support2,RDSurv,3,44,6456,2.2360680103302,1,3.7416574954986572,0.2509089708328247,0.7490910291671753,7.681145668029785,0.026785075664520264,0.9732149243354797,16.309507369995117,0.0017981231212615967,0.9982018768787384
survset:support2,RDSurv,3,44,420,9.591663360595703,1,3.7416574954986572,0.9822341203689575,0.01776587963104248,7.681145668029785,0.8005484342575073,0.19945156574249268,16.309507369995117,0.44524362683296204,0.554756373167038
survset:support2,RDSurv,3,44,8682,20.273134231567383,1,3.7416574954986572,0.9978396892547607,0.002160310745239258,7.681145668029785,0.9446531534194946,0.05534684658050537,16.309507369995117,0.7303306460380554,0.2696693539619446
survset:support2,RDSurv,3,44,3347,28.827070236206055,1,3.7416574954986572,0.993224561214447,0.0067754387855529785,7.681145668029785,0.8869159817695618,0.11308401823043823,16.309507369995117,0.5905730724334717,0.4094269275665283
survset:support2,RDSurv,3,44,1335,3.1622776985168457,1,3.7416574954986572,0.21250644326210022,0.7874935567378998,7.681145668029785,0.01987108588218689,0.9801289141178131,16.309507369995117,0.0011920034885406494,0.9988079965114594
survset:support2,RDSurv,3,44,1318,23.916521072387695,1,3.7416574954986572,0.9997880458831787,0.00021195411682128906,7.681145668029785,0.9882765412330627,0.011723458766937256,16.309507369995117,0.9005695581436157,0.09943044185638428
survset:support2,RDSurv,3,44,3431,2.0,1,3.7416574954986572,0.29224956035614014,0.7077504396438599,7.681145668029785,0.03549909591674805,0.964500904083252,16.309507369995117,0.0026619136333465576,0.9973380863666534
survset:support2,RDSurv,3,44,1228,26.551836013793945,0,3.7416574954986572,0.995932400226593,0.004067599773406982,7.681145668029785,0.9173921346664429,0.08260786533355713,16.309507369995117,0.6578020453453064,0.3421979546546936
survset:support2,RDSurv,3,44,8312,4.690415859222412,1,3.7416574954986572,0.5316747426986694,0.46832525730133057,7.681145668029785,0.11916252970695496,0.880837470293045,16.309507369995117,0.015368789434432983,0.984631210565567
survset:support2,RDSurv,3,44,8099,26.134267807006836,1,3.7416574954986572,0.9997543692588806,0.00024563074111938477,7.681145668029785,0.9870200157165527,0.012979984283447266,16.309507369995117,0.89353346824646,0.10646653175354004
survset:support2,RDSurv,3,44,6261,41.19466018676758,0,3.7416574954986572,0.999998152256012,1.8477439880371094e-06,7.681145668029785,0.9996234774589539,0.0003765225410461426,16.309507369995117,0.9915353059768677,0.008464694023132324
survset:support2,RDSurv,3,44,1191,27.36786460876465,0,3.7416574954986572,0.9995980262756348,0.0004019737243652344,7.681145668029785,0.981814444065094,0.018185555934906006,16.309507369995117,0.8668199777603149,0.13318002223968506
survset:support2,RDSurv,3,44,8750,16.61324691772461,1,3.7416574954986572,0.9995501637458801,0.00044983625411987305,7.681145668029785,0.9803723096847534,0.019627690315246582,16.309507369995117,0.8599802851676941,0.1400197148323059
survset:support2,RDSurv,3,44,7668,20.32240104675293,0,3.7416574954986572,0.999849796295166,0.00015020370483398438,7.681145668029785,0.9907717704772949,0.009228229522705078,16.309507369995117,0.915444016456604,0.084555983543396
survset:support2,RDSurv,3,44,2987,2.8284270763397217,1,3.7416574954986572,0.4026610553264618,0.5973389446735382,7.681145668029785,0.06614542007446289,0.9338545799255371,16.309507369995117,0.0064521729946136475,0.9935478270053864
survset:support2,RDSurv,3,44,4785,12.727922439575195,1,3.7416574954986572,0.9999097585678101,9.02414321899414e-05,7.681145668029785,0.9935444593429565,0.006455540657043457,16.309507369995117,0.9338306188583374,0.0661693811416626
survset:support2,RDSurv,3,44,7776,4.242640495300293,1,3.7416574954986572,0.064358651638031,0.935641348361969,7.681145668029785,0.0027360618114471436,0.9972639381885529,16.309507369995117,8.526444435119629e-05,0.9999147355556488
survset:support2,RDSurv,3,44,8156,7.0,1,3.7416574954986572,0.5517894625663757,0.44821053743362427,7.681145668029785,0.12955856323242188,0.8704414367675781,16.309507369995117,0.017439961433410645,0.9825600385665894
survset:support2,RDSurv,3,44,6478,8.366600036621094,1,3.7416574954986572,0.9908511638641357,0.009148836135864258,7.681145668029785,0.8645244836807251,0.1354755163192749,16.309507369995117,0.5476020574569702,0.4523979425430298
survset:support2,RDSurv,3,44,6799,11.401754379272461,1,3.7416574954986572,0.9940193891525269,0.0059806108474731445,7.681145668029785,0.8951915502548218,0.10480844974517822,16.309507369995117,0.6077079772949219,0.3922920227050781
survset:support2,RDSurv,3,44,2194,2.2360680103302,1,3.7416574954986572,0.14213159680366516,0.8578684031963348,7.681145668029785,0.009917467832565308,0.9900825321674347,16.309507369995117,0.0004652738571166992,0.9995347261428833
survset:support2,RDSurv,3,44,3738,3.316624879837036,1,3.7416574954986572,0.33420395851135254,0.6657960414886475,7.681145668029785,0.04580184817314148,0.9541981518268585,16.309507369995117,0.003812164068222046,0.996187835931778
survset:support2,RDSurv,3,44,1062,10.24695110321045,1,3.7416574954986572,0.9999494552612305,5.054473876953125e-05,7.681145668029785,0.995722770690918,0.004277229309082031,16.309507369995117,0.9503333568572998,0.049666643142700195
survset:support2,RDSurv,3,44,5964,14.73091983795166,1,3.7416574954986572,0.9995054602622986,0.000494539737701416,7.681145668029785,0.9790724515914917,0.0209275484085083,16.309507369995117,0.8539872169494629,0.1460127830505371
survset:support2,RDSurv,3,44,3818,40.55860137939453,0,3.7416574954986572,0.9998058080673218,0.00019419193267822266,7.681145668029785,0.9889668226242065,0.011033177375793457,16.309507369995117,0.9045557975769043,0.0954442024230957
survset:support2,RDSurv,3,44,274,1.7320507764816284,1,3.7416574954986572,0.015771836042404175,0.9842281639575958,7.681145668029785,0.0003262460231781006,0.9996737539768219,16.309507369995117,5.662441253662109e-06,0.9999943375587463
survset:support2,RDSurv,3,44,1979,30.21588897705078,1,3.7416574954986572,0.9997680187225342,0.0002319812774658203,7.681145668029785,0.987520694732666,0.012479305267333984,16.309507369995117,0.8963046073913574,0.10369539260864258
survset:support2,RDSurv,3,44,2850,17.291616439819336,1,3.7416574954986572,0.9981943964958191,0.0018056035041809082,7.681145668029785,0.9506921768188477,0.049307823181152344,16.309507369995117,0.7486772537231445,0.25132274627685547
survset:support2,RDSurv,3,44,9000,5.099019527435303,1,3.7416574954986572,0.2590315341949463,0.7409684658050537,7.681145668029785,0.028390169143676758,0.9716098308563232,16.309507369995117,0.0019491910934448242,0.9980508089065552
survset:support2,RDSurv,3,44,2852,11.045360565185547,1,3.7416574954986572,0.9996379613876343,0.00036203861236572266,7.681145668029785,0.9830647706985474,0.016935229301452637,16.309507369995117,0.8729279041290283,0.12707209587097168
survset:support2,RDSurv,3,44,1890,42.30839157104492,0,3.7416574954986572,0.9999822378158569,1.7762184143066406e-05,7.681145668029785,0.9979866743087769,0.0020133256912231445,16.309507369995117,0.970940113067627,0.029059886932373047
survset:support2,RDSurv,3,44,3428,43.89760971069336,0,3.7416574954986572,0.9992722272872925,0.0007277727127075195,7.681145668029785,0.9728686809539795,0.027131319046020508,16.309507369995117,0.8272783756256104,0.17272162437438965
survset:support2,RDSurv,3,44,7590,21.470911026000977,0,3.7416574954986572,0.9998161792755127,0.0001838207244873047,7.681145668029785,0.989378809928894,0.010621190071105957,16.309507369995117,0.906978964805603,0.09302103519439697
survset:support2,RDSurv,3,44,6795,32.295509338378906,0,3.7416574954986572,0.9987784028053284,0.0012215971946716309,7.681145668029785,0.9617717266082764,0.03822827339172363,16.309507369995117,0.7853403091430664,0.2146596908569336
survset:support2,RDSurv,3,44,1427,20.976177215576172,1,3.7416574954986572,0.9967247247695923,0.003275275230407715,7.681145668029785,0.9278836250305176,0.07211637496948242,16.309507369995117,0.6840090155601501,0.31599098443984985
survset:support2,RDSurv,3,44,7197,27.34958839416504,0,3.7416574954986572,0.9995677471160889,0.0004322528839111328,7.681145668029785,0.9808944463729858,0.01910555362701416,16.309507369995117,0.8624324798583984,0.13756752014160156
survset:support2,RDSurv,3,44,1312,25.27845001220703,0,3.7416574954986572,0.9999027848243713,9.721517562866211e-05,7.681145668029785,0.9931961894035339,0.0068038105964660645,16.309507369995117,0.9313853979110718,0.06861460208892822
survset:support2,RDSurv,3,44,2563,7.416198253631592,1,3.7416574954986572,0.5912702679634094,0.4087297320365906,7.681145668029785,0.15201014280319214,0.8479898571968079,16.309507369995117,0.022262215614318848,0.9777377843856812
survset:support2,RDSurv,3,44,7806,4.123105525970459,1,3.7416574954986572,0.622004508972168,0.37799549102783203,7.681145668029785,0.17158648371696472,0.8284135162830353,16.309507369995117,0.026854008436203003,0.973145991563797
survset:support2,RDSurv,3,44,2674,29.698484420776367,0,3.7416574954986572,0.9999707341194153,2.9265880584716797e-05,7.681145668029785,0.9971088171005249,0.0028911828994750977,16.309507369995117,0.9623472690582275,0.03765273094177246
survset:support2,RDSurv,3,44,2100,31.064449310302734,1,3.7416574954986572,0.999192476272583,0.0008075237274169922,7.681145668029785,0.9709219336509705,0.02907806634902954,16.309507369995117,0.8194442987442017,0.18055570125579834
survset:support2,RDSurv,3,44,2736,8.124038696289062,1,3.7416574954986572,0.9927452802658081,0.0072547197341918945,7.681145668029785,0.8821358680725098,0.11786413192749023,16.309507369995117,0.5810038447380066,0.4189961552619934
survset:support2,RDSurv,3,44,1276,4.690415859222412,1,3.7416574954986572,0.4253275692462921,0.5746724307537079,7.681145668029785,0.07395592331886292,0.9260440766811371,16.309507369995117,0.007586658000946045,0.992413341999054
survset:support2,RDSurv,3,44,8465,7.549834251403809,1,3.7416574954986572,0.6104416251182556,0.3895583748817444,7.681145668029785,0.16398924589157104,0.836010754108429,16.309507369995117,0.025029271841049194,0.9749707281589508
survset:support2,RDSurv,3,44,7423,24.372116088867188,0,3.7416574954986572,0.999984622001648,1.537799835205078e-05,7.681145668029785,0.998184859752655,0.0018151402473449707,16.309507369995117,0.9730318784713745,0.02696812152862549
survset:support2,RDSurv,3,44,5903,6.082762718200684,1,3.7416574954986572,0.6703246235847473,0.3296753764152527,7.681145668029785,0.20672017335891724,0.7932798266410828,16.309507369995117,0.03599953651428223,0.9640004634857178
survset:support2,RDSurv,3,44,8139,8.0,1,3.7416574954986572,0.9949502944946289,0.005049705505371094,7.681145668029785,0.9055337309837341,0.09446626901626587,16.309507369995117,0.6302343010902405,0.3697656989097595
survset:support2,RDSurv,3,44,4170,37.1348876953125,0,3.7416574954986572,0.9997775554656982,0.0002224445343017578,7.681145668029785,0.9878796339035034,0.012120366096496582,16.309507369995117,0.8983175754547119,0.10168242454528809
survset:support2,RDSurv,3,44,8240,38.97434997558594,0,3.7416574954986572,0.9989253878593445,0.0010746121406555176,7.681145668029785,0.9648624658584595,0.03513753414154053,16.309507369995117,0.7964094877243042,0.2035905122756958
survset:support2,RDSurv,3,44,7043,18.193405151367188,1,3.7416574954986572,0.9994463920593262,0.0005536079406738281,7.681145668029785,0.9774160981178284,0.02258390188217163,16.309507369995117,0.8465666770935059,0.15343332290649414
survset:support2,RDSurv,3,44,8470,1.7320507764816284,1,3.7416574954986572,0.281008243560791,0.718991756439209,7.681145668029785,0.032993435859680176,0.9670065641403198,16.309507369995117,0.0024028122425079346,0.9975971877574921
survset:support2,RDSurv,3,44,1566,15.066518783569336,1,3.7416574954986572,0.9989796876907349,0.0010203123092651367,7.681145668029785,0.9660437107086182,0.033956289291381836,16.309507369995117,0.8007537126541138,0.19924628734588623
survset:support2,RDSurv,3,44,7944,42.63801193237305,0,3.7416574954986572,0.9974173307418823,0.0025826692581176758,7.681145668029785,0.937959611415863,0.06204038858413696,16.309507369995117,0.7110992074012756,0.28890079259872437
survset:support2,RDSurv,3,44,7841,43.943145751953125,0,3.7416574954986572,0.9995298385620117,0.00047016143798828125,7.681145668029785,0.97977614402771,0.02022385597229004,16.309507369995117,0.8572120666503906,0.14278793334960938
survset:support2,RDSurv,3,44,4984,13.152946472167969,1,3.7416574954986572,0.9942706227302551,0.005729377269744873,7.681145668029785,0.897908627986908,0.10209137201309204,16.309507369995117,0.6135007739067078,0.38649922609329224
survset:support2,RDSurv,3,44,4646,30.01666259765625,0,3.7416574954986572,0.9970479607582092,0.0029520392417907715,7.681145668029785,0.9324641227722168,0.0675358772277832,16.309507369995117,0.6960689425468445,0.3039310574531555
survset:support2,RDSurv,3,44,2020,41.0,0,3.7416574954986572,0.9998652935028076,0.0001347064971923828,7.681145668029785,0.9914461374282837,0.008553862571716309,16.309507369995117,0.9197089672088623,0.0802910327911377
survset:support2,RDSurv,3,44,5880,39.39543151855469,1,3.7416574954986572,0.9990469217300415,0.0009530782699584961,7.681145668029785,0.9675400257110596,0.03245997428894043,16.309507369995117,0.8063542246818542,0.19364577531814575
survset:support2,RDSurv,3,44,8595,30.610456466674805,0,3.7416574954986572,0.9878613352775574,0.012138664722442627,7.681145668029785,0.8399001359939575,0.16009986400604248,16.309507369995117,0.5050975680351257,0.49490243196487427
survset:support2,RDSurv,3,44,8730,9.486832618713379,1,3.7416574954986572,0.98154616355896,0.01845383644104004,7.681145668029785,0.7961987853050232,0.2038012146949768,16.309507369995117,0.4391401708126068,0.5608598291873932
survset:support2,RDSurv,3,44,8647,3.872983455657959,1,3.7416574954986572,0.1594652235507965,0.8405347764492035,7.681145668029785,0.012056559324264526,0.9879434406757355,16.309507369995117,0.0006048381328582764,0.9993951618671417
survset:support2,RDSurv,3,44,5406,5.4772257804870605,1,3.7416574954986572,0.14059630036354065,0.8594036996364594,7.681145668029785,0.009737610816955566,0.9902623891830444,16.309507369995117,0.0004540085792541504,0.9995459914207458
survset:support2,RDSurv,3,44,3980,22.203603744506836,1,3.7416574954986572,0.9991699457168579,0.0008300542831420898,7.681145668029785,0.9703845977783203,0.029615402221679688,16.309507369995117,0.8173220753669739,0.18267792463302612
survset:support2,RDSurv,3,44,4320,14.247806549072266,1,3.7416574954986572,0.9990350008010864,0.0009649991989135742,7.681145668029785,0.9672719240188599,0.03272807598114014,16.309507369995117,0.8053423166275024,0.19465768337249756
survset:support2,RDSurv,3,44,7887,43.26661682128906,0,3.7416574954986572,0.9951239824295044,0.0048760175704956055,7.681145668029785,0.9075530767440796,0.09244692325592041,16.309507369995117,0.6347899436950684,0.36521005630493164
survset:support2,RDSurv,3,44,2187,5.196152210235596,1,3.7416574954986572,0.6564538478851318,0.34354615211486816,7.681145668029785,0.19603762030601501,0.803962379693985,16.309507369995117,0.03309538960456848,0.9669046103954315
survset:support2,RDSurv,3,44,5067,12.688577651977539,1,3.7416574954986572,0.9806764125823975,0.01932358741760254,7.681145668029785,0.7908172607421875,0.2091827392578125,16.309507369995117,0.4317150413990021,0.5682849586009979
survset:support2,RDSurv,3,44,2911,26.07680892944336,0,3.7416574954986572,0.9995033740997314,0.0004966259002685547,7.681145668029785,0.979013204574585,0.02098679542541504,16.309507369995117,0.853717565536499,0.14628243446350098
survset:support2,RDSurv,3,44,2135,2.0,1,3.7416574954986572,0.581039547920227,0.41896045207977295,7.681145668029785,0.1459161639213562,0.8540838360786438,16.309507369995117,0.02090632915496826,0.9790936708450317
survset:support2,RDSurv,3,44,8232,9.273618698120117,1,3.7416574954986572,0.9992449879646301,0.000755012035369873,7.681145668029785,0.9721952676773071,0.02780473232269287,16.309507369995117,0.8245421051979065,0.1754578948020935
survset:support2,RDSurv,3,44,1978,3.1622776985168457,1,3.7416574954986572,0.24007803201675415,0.7599219679832458,7.681145668029785,0.024723589420318604,0.9752764105796814,16.309507369995117,0.0016096234321594238,0.9983903765678406
survset:support2,RDSurv,3,44,6380,3.605551242828369,1,3.7416574954986572,0.30823206901550293,0.6917679309844971,7.681145668029785,0.039243608713150024,0.96075639128685,16.309507369995117,0.003064483404159546,0.9969355165958405
survset:support2,RDSurv,3,44,3006,24.454038619995117,0,3.7416574954986572,0.9993265867233276,0.0006734132766723633,7.681145668029785,0.9742423892021179,0.02575761079788208,16.309507369995117,0.8329511880874634,0.16704881191253662
survset:support2,RDSurv,3,44,4256,26.4007568359375,1,3.7416574954986572,0.998030424118042,0.001969575881958008,7.681145668029785,0.9478466510772705,0.05215334892272949,16.309507369995117,0.739905595779419,0.26009440422058105
survset:support2,RDSurv,3,44,4227,7.937253952026367,1,3.7416574954986572,0.9993987083435059,0.0006012916564941406,7.681145668029785,0.9761254191398621,0.02387458086013794,16.309507369995117,0.8409390449523926,0.15906095504760742
survset:support2,RDSurv,3,44,6457,20.928449630737305,1,3.7416574954986572,0.9992877244949341,0.000712275505065918,7.681145668029785,0.9732556939125061,0.026744306087493896,16.309507369995117,0.8288639187812805,0.17113608121871948
survset:support2,RDSurv,3,44,931,29.614185333251953,1,3.7416574954986572,0.9999083280563354,9.167194366455078e-05,7.681145668029785,0.9934746623039246,0.0065253376960754395,16.309507369995117,0.9333368539810181,0.06666314601898193
survset:support2,RDSurv,3,44,5388,6.4031243324279785,1,3.7416574954986572,0.31843429803848267,0.6815657019615173,7.681145668029785,0.04174855351448059,0.9582514464855194,16.309507369995117,0.0033437907695770264,0.996656209230423
survset:support2,RDSurv,3,44,8910,4.123105525970459,1,3.7416574954986572,0.31333979964256287,0.6866602003574371,7.681145668029785,0.04048636555671692,0.9595136344432831,16.309507369995117,0.0032020509243011475,0.9967979490756989
survset:support2,RDSurv,3,44,2975,25.079872131347656,0,3.7416574954986572,0.9999536275863647,4.6372413635253906e-05,7.681145668029785,0.9959783554077148,0.004021644592285156,16.309507369995117,0.9524389505386353,0.047561049461364746
survset:support2,RDSurv,3,44,1742,10.198039054870605,1,3.7416574954986572,0.9998191595077515,0.00018084049224853516,7.681145668029785,0.9894962310791016,0.010503768920898438,16.309507369995117,0.9076762199401855,0.09232378005981445
survset:support2,RDSurv,3,44,5253,6.244997978210449,1,3.7416574954986572,0.6624325513839722,0.33756744861602783,7.681145668029785,0.20057955384254456,0.7994204461574554,16.309507369995117,0.03431692719459534,0.9656830728054047
survset:support2,RDSurv,3,44,4601,30.364452362060547,0,3.7416574954986572,0.9999619722366333,3.802776336669922e-05,7.681145668029785,0.9965085983276367,0.0034914016723632812,16.309507369995117,0.9569553732872009,0.04304462671279907
survset:support2,RDSurv,3,44,5168,9.380831718444824,1,3.7416574954986572,0.9812893867492676,0.018710613250732422,7.681145668029785,0.7945965528488159,0.20540344715118408,16.309507369995117,0.43691515922546387,0.5630848407745361
survset:support2,RDSurv,3,44,6208,8.0,1,3.7416574954986572,0.9800951480865479,0.01990485191345215,7.681145668029785,0.7872903943061829,0.21270960569381714,16.309507369995117,0.426922470331192,0.573077529668808
survset:support2,RDSurv,3,44,2582,30.91925048828125,0,3.7416574954986572,0.9999640583992004,3.594160079956055e-05,7.681145668029785,0.9966488480567932,0.003351151943206787,16.309507369995117,0.958186149597168,0.04181385040283203
survset:support2,RDSurv,3,44,4381,7.280109882354736,1,3.7416574954986572,0.4914992153644562,0.5085007846355438,7.681145668029785,0.1002771258354187,0.8997228741645813,16.309507369995117,0.011872082948684692,0.9881279170513153
survset:support2,RDSurv,3,44,4444,31.71750259399414,0,3.7416574954986572,0.9999856948852539,1.430511474609375e-05,7.681145668029785,0.998284101486206,0.0017158985137939453,16.309507369995117,0.9741051197052002,0.025894880294799805
survset:support2,RDSurv,3,44,1718,41.07310485839844,1,3.7416574954986572,0.9997252225875854,0.0002747774124145508,7.681145668029785,0.9859797954559326,0.014020204544067383,16.309507369995117,0.8879029750823975,0.11209702491760254
survset:support2,RDSurv,3,44,2011,2.0,1,3.7416574954986572,0.102061927318573,0.897938072681427,7.681145668029785,0.005726665258407593,0.9942733347415924,16.309507369995117,0.00022420287132263184,0.9997757971286774
survset:support2,RDSurv,3,44,1975,7.141428470611572,1,3.7416574954986572,0.5149804353713989,0.4850195646286011,7.681145668029785,0.11102315783500671,0.8889768421649933,16.309507369995117,0.01381942629814148,0.9861805737018585
survset:support2,RDSurv,3,44,4525,31.064449310302734,0,3.7416574954986572,0.9969480037689209,0.0030519962310791016,7.681145668029785,0.931026816368103,0.06897318363189697,16.309507369995117,0.692240834236145,0.307759165763855
survset:support2,RDSurv,3,44,1828,42.98836898803711,0,3.7416574954986572,0.9851213693618774,0.014878630638122559,7.681145668029785,0.8198104500770569,0.18018954992294312,16.309507369995117,0.47343942523002625,0.5265605747699738
survset:support2,RDSurv,3,44,5480,13.114876747131348,1,3.7416574954986572,0.9799908995628357,0.020009100437164307,7.681145668029785,0.786663293838501,0.21333670616149902,16.309507369995117,0.42607635259628296,0.573923647403717
survset:support2,RDSurv,3,44,132,3.464101552963257,1,3.7416574954986572,0.572299599647522,0.427700400352478,7.681145668029785,0.14086699485778809,0.8591330051422119,16.309507369995117,0.01980939507484436,0.9801906049251556
survset:support2,RDSurv,3,44,1164,27.910572052001953,0,3.7416574954986572,0.9442808628082275,0.05571913719177246,7.681145668029785,0.630469560623169,0.36953043937683105,16.309507369995117,0.25843673944473267,0.7415632605552673
survset:support2,RDSurv,3,44,104,44.24929428100586,0,3.7416574954986572,0.9997318983078003,0.00026810169219970703,7.681145668029785,0.9862135052680969,0.013786494731903076,16.309507369995117,0.8891535997390747,0.11084640026092529
survset:support2,RDSurv,3,44,1014,23.83275032043457,1,3.7416574954986572,0.9971363544464111,0.002863645553588867,7.681145668029785,0.9337522387504578,0.06624776124954224,16.309507369995117,0.6995351314544678,0.3004648685455322
survset:support2,RDSurv,3,44,3246,41.86884307861328,1,3.7416574954986572,0.9999316930770874,6.830692291259766e-05,7.681145668029785,0.9946990013122559,0.005300998687744141,16.309507369995117,0.942288875579834,0.057711124420166016
survset:support2,RDSurv,3,44,5241,24.698177337646484,0,3.7416574954986572,0.998857855796814,0.0011421442031860352,7.681145668029785,0.9634230136871338,0.03657698631286621,16.309507369995117,0.7912021279335022,0.2087978720664978
survset:support2,RDSurv,3,44,5315,24.124675750732422,0,3.7416574954986572,0.999098539352417,0.0009014606475830078,7.681145668029785,0.9687167406082153,0.03128325939178467,16.309507369995117,0.8108384609222412,0.1891615390777588
survset:support2,RDSurv,3,44,6286,11.045360565185547,1,3.7416574954986572,0.9985864162445068,0.001413583755493164,7.681145668029785,0.9579393267631531,0.042060673236846924,16.309507369995117,0.7721627950668335,0.2278372049331665
survset:support2,RDSurv,3,44,3975,17.233688354492188,1,3.7416574954986572,0.9999966621398926,3.337860107421875e-06,7.681145668029785,0.999415397644043,0.0005846023559570312,16.309507369995117,0.9882441759109497,0.011755824089050293
survset:support2,RDSurv,3,44,5171,25.238859176635742,0,3.7416574954986572,0.9982360601425171,0.0017639398574829102,7.681145668029785,0.9514303207397461,0.048569679260253906,16.309507369995117,0.750991702079773,0.24900829792022705
survset:support2,RDSurv,3,44,1060,3.605551242828369,1,3.7416574954986572,0.6250637769699097,0.37493622303009033,7.681145668029785,0.17364555597305298,0.826354444026947,16.309507369995117,0.027357906103134155,0.9726420938968658
survset:support2,RDSurv,3,44,1732,2.2360680103302,1,3.7416574954986572,0.4736505150794983,0.5263494849205017,7.681145668029785,0.09262529015541077,0.9073747098445892,16.309507369995117,0.010554462671279907,0.9894455373287201
survset:support2,RDSurv,3,44,4563,10.049875259399414,1,3.7416574954986572,0.9998224973678589,0.00017750263214111328,7.681145668029785,0.9896326661109924,0.010367333889007568,16.309507369995117,0.9084895849227905,0.09151041507720947
survset:support2,RDSurv,3,44,6262,2.0,1,3.7416574954986572,0.1438705027103424,0.8561294972896576,7.681145668029785,0.010123074054718018,0.989876925945282,16.309507369995117,0.0004782378673553467,0.9995217621326447
survset:support2,RDSurv,3,44,2519,2.6457512378692627,1,3.7416574954986572,0.30168670415878296,0.698313295841217,7.681145668029785,0.03768390417098999,0.96231609582901,16.309507369995117,0.002894580364227295,0.9971054196357727
survset:support2,RDSurv,3,44,1620,44.89988708496094,0,3.7416574954986572,0.9999964237213135,3.5762786865234375e-06,7.681145668029785,0.9993796944618225,0.0006203055381774902,16.309507369995117,0.9877153635025024,0.012284636497497559
survset:support2,RDSurv,3,44,3292,7.6157732009887695,1,3.7416574954986572,0.6662956476211548,0.3337043523788452,7.681145668029785,0.2035643458366394,0.7964356541633606,16.309507369995117,0.035130321979522705,0.9648696780204773
survset:support2,RDSurv,3,44,5010,12.845232963562012,1,3.7416574954986572,0.9905369281768799,0.009463071823120117,7.681145668029785,0.8617727756500244,0.13822722434997559,16.309507369995117,0.5426250100135803,0.4573749899864197
survset:support2,RDSurv,3,44,1574,2.0,1,3.7416574954986572,0.2158583104610443,0.7841416895389557,7.681145668029785,0.0204312801361084,0.9795687198638916,16.309507369995117,0.0012382864952087402,0.9987617135047913
survset:support2,RDSurv,3,44,6897,5.099019527435303,1,3.7416574954986572,0.22727850079536438,0.7727214992046356,7.681145668029785,0.022401273250579834,0.9775987267494202,16.309507369995117,0.001405090093612671,0.9985949099063873
survset:support2,RDSurv,3,44,7746,2.0,1,3.7416574954986572,0.18367603421211243,0.8163239657878876,7.681145668029785,0.015382140874862671,0.9846178591251373,16.309507369995117,0.0008407831192016602,0.9991592168807983
survset:support2,RDSurv,3,44,790,36.68787384033203,0,3.7416574954986572,0.9995584487915039,0.00044155120849609375,7.681145668029785,0.9806187152862549,0.019381284713745117,16.309507369995117,0.8611339330673218,0.13886606693267822
survset:support2,RDSurv,3,44,4925,27.568098068237305,0,3.7416574954986572,0.9991562366485596,0.0008437633514404297,7.681145668029785,0.9700607061386108,0.02993929386138916,16.309507369995117,0.8160507678985596,0.18394923210144043
survset:support2,RDSurv,3,44,3444,4.242640495300293,1,3.7416574954986572,0.828827977180481,0.17117202281951904,7.681145668029785,0.37861505150794983,0.6213849484920502,16.309507369995117,0.09845766425132751,0.9015423357486725
survset:support2,RDSurv,3,44,7441,24.166091918945312,0,3.7416574954986572,0.9997676610946655,0.00023233890533447266,7.681145668029785,0.9875099658966064,0.012490034103393555,16.309507369995117,0.8962451219558716,0.10375487804412842
survset:support2,RDSurv,3,44,2543,31.559467315673828,0,3.7416574954986572,0.9998671412467957,0.0001328587532043457,7.681145668029785,0.9915292263031006,0.008470773696899414,16.309507369995117,0.920242190361023,0.07975780963897705
survset:support2,RDSurv,3,44,1940,41.80908966064453,0,3.7416574954986572,0.9999969005584717,3.0994415283203125e-06,7.681145668029785,0.999441385269165,0.0005586147308349609,16.309507369995117,0.9886354804039001,0.011364519596099854
survset:support2,RDSurv,3,44,141,5.099019527435303,1,3.7416574954986572,0.7186634540557861,0.28133654594421387,7.681145668029785,0.24831920862197876,0.7516807913780212,16.309507369995117,0.048350900411605835,0.9516490995883942
survset:support2,RDSurv,3,44,8785,1.7320507764816284,1,3.7416574954986572,0.10362184047698975,0.8963781595230103,7.681145668029785,0.005870312452316284,0.9941296875476837,16.309507369995117,0.00023165345191955566,0.9997683465480804
survset:support2,RDSurv,3,44,371,3.0,1,3.7416574954986572,0.4000265598297119,0.5999734401702881,7.681145668029785,0.06527423858642578,0.9347257614135742,16.309507369995117,0.006329655647277832,0.9936703443527222
survset:support2,RDSurv,3,44,3934,4.123105525970459,1,3.7416574954986572,0.505837619304657,0.494162380695343,7.681145668029785,0.10674411058425903,0.893255889415741,16.309507369995117,0.013030529022216797,0.9869694709777832
survset:support2,RDSurv,3,44,1832,15.65247631072998,1,3.7416574954986572,0.9998607039451599,0.0001392960548400879,7.681145668029785,0.9912433624267578,0.008756637573242188,16.309507369995117,0.9184139966964722,0.08158600330352783
survset:support2,RDSurv,3,44,7302,25.84569549560547,0,3.7416574954986572,0.9998905658721924,0.00010943412780761719,7.681145668029785,0.9926069974899292,0.007393002510070801,16.309507369995117,0.9273465871810913,0.07265341281890869
survset:support2,RDSurv,3,44,643,38.431758880615234,0,3.7416574954986572,0.9999995231628418,4.76837158203125e-07,7.681145668029785,0.9998575448989868,0.0001424551010131836,16.309507369995117,0.9959441423416138,0.0040558576583862305
survset:support2,RDSurv,3,44,2376,16.401220321655273,1,3.7416574954986572,0.9999362230300903,6.377696990966797e-05,7.681145668029785,0.994952380657196,0.005047619342803955,16.309507369995117,0.9442268013954163,0.05577319860458374
survset:support2,RDSurv,3,44,818,16.34013557434082,1,3.7416574954986572,0.9959063529968262,0.004093647003173828,7.681145668029785,0.9170633554458618,0.08293664455413818,16.309507369995117,0.6570101380348206,0.34298986196517944
survset:support2,RDSurv,3,44,7714,12.409673690795898,1,3.7416574954986572,0.9971151351928711,0.0028848648071289062,7.681145668029785,0.9334419965744019,0.06655800342559814,16.309507369995117,0.6986971497535706,0.30130285024642944
survset:support2,RDSurv,3,44,4260,23.74868392944336,1,3.7416574954986572,0.9985069036483765,0.0014930963516235352,7.681145668029785,0.9564120769500732,0.04358792304992676,16.309507369995117,0.7670656442642212,0.2329343557357788
survset:support2,RDSurv,3,44,7280,19.51922035217285,1,3.7416574954986572,0.9995114207267761,0.000488579273223877,7.681145668029785,0.9792432188987732,0.020756781101226807,16.309507369995117,0.8547656536102295,0.1452343463897705
survset:support2,RDSurv,3,44,4409,2.2360680103302,1,3.7416574954986572,0.26342010498046875,0.7365798950195312,7.681145668029785,0.02927875518798828,0.9707212448120117,16.309507369995117,0.0020344555377960205,0.997965544462204
survset:support2,RDSurv,3,44,9004,21.63330841064453,0,3.7416574954986572,0.9999322891235352,6.771087646484375e-05,7.681145668029785,0.9947298765182495,0.005270123481750488,16.309507369995117,0.9425229430198669,0.05747705698013306
survset:support2,RDSurv,3,44,2682,9.433980941772461,1,3.7416574954986572,0.9948071241378784,0.005192875862121582,7.681145668029785,0.9038921594619751,0.0961078405380249,16.309507369995117,0.6265701055526733,0.37342989444732666
survset:support2,RDSurv,3,44,4580,30.561412811279297,0,3.7416574954986572,0.9967666864395142,0.00323331356048584,7.681145668029785,0.9284665584564209,0.0715334415435791,16.309507369995117,0.6855214238166809,0.3144785761833191
survset:support2,RDSurv,3,44,6481,32.98484420776367,1,3.7416574954986572,0.9995497465133667,0.0004502534866333008,7.681145668029785,0.9803586006164551,0.019641399383544922,16.309507369995117,0.859916090965271,0.140083909034729
survset:support2,RDSurv,3,44,1751,3.1622776985168457,1,3.7416574954986572,0.748510479927063,0.251489520072937,7.681145668029785,0.2779794931411743,0.7220205068588257,16.309507369995117,0.0581931471824646,0.9418068528175354
survset:support2,RDSurv,3,44,3697,25.377155303955078,1,3.7416574954986572,0.9991359710693359,0.0008640289306640625,7.681145668029785,0.9695847034454346,0.03041529655456543,16.309507369995117,0.8141933679580688,0.18580663204193115
survset:support2,RDSurv,3,44,6521,6.324555397033691,1,3.7416574954986572,0.6485355496406555,0.3514644503593445,7.681145668029785,0.19016343355178833,0.8098365664482117,16.309507369995117,0.031544506549835205,0.9684554934501648
survset:support2,RDSurv,3,44,1905,15.0,1,3.7416574954986572,0.9934898018836975,0.00651019811630249,7.681145668029785,0.8896269798278809,0.11037302017211914,16.309507369995117,0.5961045622825623,0.40389543771743774
survset:support2,RDSurv,3,44,8680,4.0,1,3.7416574954986572,0.2978067994117737,0.7021932005882263,7.681145668029785,0.036776572465896606,0.9632234275341034,16.309507369995117,0.0027972161769866943,0.9972027838230133
survset:support2,RDSurv,3,44,1623,44.88875198364258,0,3.7416574954986572,0.9997961521148682,0.00020384788513183594,7.681145668029785,0.9885871410369873,0.011412858963012695,16.309507369995117,0.9023520946502686,0.09764790534973145
survset:support2,RDSurv,3,44,3432,19.313207626342773,1,3.7416574954986572,0.9993675947189331,0.0006324052810668945,7.681145668029785,0.9753034114837646,0.02469658851623535,16.309507369995117,0.8374208211898804,0.16257917881011963
survset:support2,RDSurv,3,44,8091,26.038433074951172,1,3.7416574954986572,0.9992682337760925,0.0007317662239074707,7.681145668029785,0.9727696180343628,0.027230381965637207,16.309507369995117,0.8268741369247437,0.17312586307525635
survset:support2,RDSurv,3,44,912,7.4833149909973145,1,3.7416574954986572,0.5327084064483643,0.46729159355163574,7.681145668029785,0.11968076229095459,0.8803192377090454,16.309507369995117,0.015469610691070557,0.9845303893089294
survset:support2,RDSurv,3,44,5447,2.4494898319244385,1,3.7416574954986572,0.03519204258918762,0.9648079574108124,7.681145668029785,0.0010771453380584717,0.9989228546619415,16.309507369995117,2.568960189819336e-05,0.9999743103981018
survset:support2,RDSurv,3,44,7346,4.123105525970459,1,3.7416574954986572,0.5700106620788574,0.4299893379211426,7.681145668029785,0.13956788182258606,0.8604321181774139,16.309507369995117,0.019531041383743286,0.9804689586162567
survset:support2,RDSurv,3,44,663,7.549834251403809,1,3.7416574954986572,0.5149238705635071,0.4850761294364929,7.681145668029785,0.1109963059425354,0.8890036940574646,16.309507369995117,0.013814419507980347,0.9861855804920197
survset:support2,RDSurv,3,44,7700,19.646883010864258,0,3.7416574954986572,0.9997984766960144,0.0002015233039855957,7.681145668029785,0.9886789917945862,0.011321008205413818,16.309507369995117,0.9028825163841248,0.09711748361587524
survset:support2,RDSurv,3,44,7490,15.329710006713867,1,3.7416574954986572,0.9973220825195312,0.00267791748046875,7.681145668029785,0.9365132451057434,0.06348675489425659,16.309507369995117,0.7070807218551636,0.2929192781448364
survset:support2,RDSurv,3,44,7011,29.7657527923584,0,3.7416574954986572,0.9994919300079346,0.0005080699920654297,7.681145668029785,0.978686511516571,0.021313488483428955,16.309507369995117,0.852237343788147,0.14776265621185303
survset:support2,RDSurv,3,44,5189,25.05992889404297,0,3.7416574954986572,0.9996579885482788,0.0003420114517211914,7.681145668029785,0.983711838722229,0.016288161277770996,16.309507369995117,0.8761587142944336,0.1238412857055664
survset:support2,RDSurv,3,44,4325,3.0,1,3.7416574954986572,0.4964292645454407,0.5035707354545593,7.681145668029785,0.10246780514717102,0.897532194852829,16.309507369995117,0.01225993037223816,0.9877400696277618
survset:support2,RDSurv,3,44,8912,23.895606994628906,0,3.7416574954986572,0.9997334480285645,0.0002665519714355469,7.681145668029785,0.986268162727356,0.013731837272644043,16.309507369995117,0.8894472122192383,0.11055278778076172
survset:support2,RDSurv,3,44,5958,43.88621520996094,0,3.7416574954986572,0.999102771282196,0.0008972287178039551,7.681145668029785,0.9688130617141724,0.031186938285827637,16.309507369995117,0.8112086653709412,0.18879133462905884
survset:support2,RDSurv,3,44,4599,2.6457512378692627,1,3.7416574954986572,0.4461376965045929,0.5538623034954071,7.681145668029785,0.08164528012275696,0.918354719877243,16.309507369995117,0.008765935897827148,0.9912340641021729
survset:support2,RDSurv,3,44,3549,36.851051330566406,1,3.7416574954986572,0.999704122543335,0.00029587745666503906,7.681145668029785,0.9852475523948669,0.014752447605133057,16.309507369995117,0.884035587310791,0.11596441268920898
survset:support2,RDSurv,3,44,3121,7.211102485656738,1,3.7416574954986572,0.7198151350021362,0.28018486499786377,7.681145668029785,0.24940231442451477,0.7505976855754852,16.309507369995117,0.04869493842124939,0.9513050615787506
survset:support2,RDSurv,3,44,5363,23.74868392944336,0,3.7416574954986572,0.9988951683044434,0.0011048316955566406,7.681145668029785,0.9642145037651062,0.0357854962348938,16.309507369995117,0.7940536737442017,0.20594632625579834
survset:support2,RDSurv,3,44,4358,25.219039916992188,1,3.7416574954986572,0.9997329711914062,0.00026702880859375,7.681145668029785,0.9862520098686218,0.013747990131378174,16.309507369995117,0.8893603682518005,0.11063963174819946
survset:support2,RDSurv,3,44,341,3.1622776985168457,1,3.7416574954986572,0.6127182841300964,0.38728171586990356,7.681145668029785,0.16546231508255005,0.83453768491745,16.309507369995117,0.02537885308265686,0.9746211469173431
survset:support2,RDSurv,3,44,805,2.8284270763397217,1,3.7416574954986572,0.5826421976089478,0.41735780239105225,7.681145668029785,0.14685755968093872,0.8531424403190613,16.309507369995117,0.02111351490020752,0.9788864850997925
survset:support2,RDSurv,3,44,4555,4.795831680297852,1,3.7416574954986572,0.5962190628051758,0.4037809371948242,7.681145668029785,0.15503108501434326,0.8449689149856567,16.309507369995117,0.022947311401367188,0.9770526885986328
survset:support2,RDSurv,3,44,3122,4.4721360206604,1,3.7416574954986572,0.429421067237854,0.570578932762146,7.681145668029785,0.07542827725410461,0.9245717227458954,16.309507369995117,0.007807701826095581,0.9921922981739044
survset:support2,RDSurv,3,44,3323,44.519657135009766,0,3.7416574954986572,0.9999997615814209,2.384185791015625e-07,7.681145668029785,0.9999277591705322,7.224082946777344e-05,16.309507369995117,0.9975916147232056,0.0024083852767944336
survset:support2,RDSurv,3,44,5930,44.13615417480469,0,3.7416574954986572,0.999401330947876,0.0005986690521240234,7.681145668029785,0.9761968851089478,0.023803114891052246,16.309507369995117,0.841247022151947,0.15875297784805298
survset:support2,RDSurv,3,44,5402,4.0,1,3.7416574954986572,0.631060779094696,0.36893922090530396,7.681145668029785,0.17774319648742676,0.8222568035125732,16.309507369995117,0.028372526168823242,0.9716274738311768
survset:support2,RDSurv,3,44,6391,5.4772257804870605,1,3.7416574954986572,0.6291382312774658,0.3708617687225342,7.681145668029785,0.176420658826828,0.823579341173172,16.309507369995117,0.02804332971572876,0.9719566702842712
survset:support2,RDSurv,3,44,3200,19.646883010864258,0,3.7416574954986572,0.9993146061897278,0.0006853938102722168,7.681145668029785,0.9739356637001038,0.02606433629989624,16.309507369995117,0.8316736221313477,0.16832637786865234
survset:support2,RDSurv,3,44,6458,3.605551242828369,1,3.7416574954986572,0.4919869899749756,0.5080130100250244,7.681145668029785,0.10049235820770264,0.8995076417922974,16.309507369995117,0.01190999150276184,0.9880900084972382
survset:support2,RDSurv,3,44,4536,3.0,1,3.7416574954986572,0.601780116558075,0.39821988344192505,7.681145668029785,0.1584843099117279,0.8415156900882721,16.309507369995117,0.023740947246551514,0.9762590527534485
survset:support2,RDSurv,3,44,8320,37.709415435791016,0,3.7416574954986572,0.9999520778656006,4.792213439941406e-05,7.681145668029785,0.9958840012550354,0.0041159987449646,16.309507369995117,0.9516565799713135,0.04834342002868652
survset:support2,RDSurv,3,44,5756,2.6457512378692627,1,3.7416574954986572,0.32371100783348083,0.6762889921665192,7.681145668029785,0.04308006167411804,0.956919938325882,16.309507369995117,0.00349542498588562,0.9965045750141144
survset:support2,RDSurv,3,44,1798,43.35896682739258,0,3.7416574954986572,0.9999421834945679,5.7816505432128906e-05,7.681145668029785,0.9952941536903381,0.004705846309661865,16.309507369995117,0.9468939900398254,0.05310600996017456
survset:support2,RDSurv,3,44,5012,24.515300750732422,1,3.7416574954986572,0.9998579025268555,0.00014209747314453125,7.681145668029785,0.9911224842071533,0.00887751579284668,16.309507369995117,0.9176470041275024,0.08235299587249756
survset:support2,RDSurv,3,44,502,40.04996871948242,0,3.7416574954986572,0.9986644983291626,0.0013355016708374023,7.681145668029785,0.959472119808197,0.04052788019180298,16.309507369995117,0.7773646116256714,0.2226353883743286
survset:support2,RDSurv,3,44,1210,26.851442337036133,0,3.7416574954986572,0.9994684457778931,0.0005315542221069336,7.681145668029785,0.9780275821685791,0.0219724178314209,16.309507369995117,0.8492793440818787,0.15072065591812134
survset:support2,RDSurv,3,44,4690,9.69536018371582,1,3.7416574954986572,0.9934788942337036,0.006521105766296387,7.681145668029785,0.8895143866539001,0.11048561334609985,16.309507369995117,0.5958733558654785,0.4041266441345215
survset:support2,RDSurv,3,44,6877,1.7320507764816284,1,3.7416574954986572,0.6011406183242798,0.3988593816757202,7.681145668029785,0.15808403491973877,0.8419159650802612,16.309507369995117,0.023648381233215332,0.9763516187667847
survset:support2,RDSurv,3,44,2863,26.77685546875,0,3.7416574954986572,0.9994959831237793,0.0005040168762207031,7.681145668029785,0.9788024425506592,0.02119755744934082,16.309507369995117,0.8527615070343018,0.14723849296569824
survset:support2,RDSurv,3,44,2637,1.7320507764816284,1,3.7416574954986572,0.07592028379440308,0.9240797162055969,7.681145668029785,0.0035541951656341553,0.9964458048343658,16.309507369995117,0.00011986494064331055,0.9998801350593567
survset:support2,RDSurv,3,44,5328,4.123105525970459,1,3.7416574954986572,0.2834444046020508,0.7165555953979492,7.681145668029785,0.033527642488479614,0.9664723575115204,16.309507369995117,0.002457350492477417,0.9975426495075226
survset:support2,RDSurv,3,44,832,32.924156188964844,0,3.7416574954986572,0.9999442100524902,5.5789947509765625e-05,7.681145668029785,0.9954100847244263,0.0045899152755737305,16.309507369995117,0.9478136301040649,0.05218636989593506
survset:support2,RDSurv,3,44,149,14.73091983795166,1,3.7416574954986572,0.990058422088623,0.009941577911376953,7.681145668029785,0.8576633930206299,0.14233660697937012,16.309507369995117,0.5353043675422668,0.46469563245773315
survset:support2,RDSurv,3,44,1313,25.238859176635742,0,3.7416574954986572,0.9998025894165039,0.00019741058349609375,7.681145668029785,0.9888391494750977,0.011160850524902344,16.309507369995117,0.9038114547729492,0.09618854522705078
survset:support2,RDSurv,3,44,2722,5.099019527435303,1,3.7416574954986572,0.4785991311073303,0.5214008688926697,7.681145668029785,0.09470376372337341,0.9052962362766266,16.309507369995117,0.010906636714935303,0.9890933632850647
survset:support2,RDSurv,3,44,7889,31.764760971069336,1,3.7416574954986572,0.9994021654129028,0.000597834587097168,7.681145668029785,0.9762182235717773,0.023781776428222656,16.309507369995117,0.8413392305374146,0.15866076946258545
survset:support2,RDSurv,3,44,624,38.57460403442383,0,3.7416574954986572,0.9960938096046448,0.0039061903953552246,7.681145668029785,0.9194539785385132,0.08054602146148682,16.309507369995117,0.6628078818321228,0.3371921181678772
survset:support2,RDSurv,3,44,7386,7.141428470611572,1,3.7416574954986572,0.5319508910179138,0.4680491089820862,7.681145668029785,0.11930078268051147,0.8806992173194885,16.309507369995117,0.015395671129226685,0.9846043288707733
survset:support2,RDSurv,3,44,8899,9.643651008605957,1,3.7416574954986572,0.9921340942382812,0.00786590576171875,7.681145668029785,0.8762438893318176,0.12375611066818237,16.309507369995117,0.5695165991783142,0.4304834008216858
survset:support2,RDSurv,3,44,230,20.542638778686523,1,3.7416574954986572,0.9952149987220764,0.004785001277923584,7.681145668029785,0.908623456954956,0.09137654304504395,16.309507369995117,0.6372270584106445,0.36277294158935547
survset:support2,RDSurv,3,44,4514,29.393877029418945,1,3.7416574954986572,0.9997265338897705,0.0002734661102294922,7.681145668029785,0.9860261678695679,0.013973832130432129,16.309507369995117,0.8881502151489258,0.11184978485107422
survset:support2,RDSurv,3,44,2116,3.0,1,3.7416574954986572,0.5114983320236206,0.4885016679763794,7.681145668029785,0.10937890410423279,0.8906210958957672,16.309507369995117,0.013514190912246704,0.9864858090877533
survset:support2,RDSurv,3,44,1474,3.1622776985168457,1,3.7416574954986572,0.4015761613845825,0.5984238386154175,7.681145668029785,0.06578576564788818,0.9342142343521118,16.309507369995117,0.006401479244232178,0.9935985207557678
survset:support2,RDSurv,3,44,3784,8.83176040649414,1,3.7416574954986572,0.9626155495643616,0.03738445043563843,7.681145668029785,0.6995878219604492,0.3004121780395508,16.309507369995117,0.3234567642211914,0.6765432357788086
survset:support2,RDSurv,3,44,592,2.2360680103302,1,3.7416574954986572,0.27132487297058105,0.728675127029419,7.681145668029785,0.030917644500732422,0.9690823554992676,16.309507369995117,0.002194613218307495,0.9978053867816925
survset:support2,RDSurv,3,44,2190,38.88444519042969,0,3.7416574954986572,0.9999984502792358,1.5497207641601562e-06,7.681145668029785,0.999671995639801,0.0003280043601989746,16.309507369995117,0.992368221282959,0.007631778717041016
survset:support2,RDSurv,3,44,8940,21.424285888671875,1,3.7416574954986572,0.9997109174728394,0.00028908252716064453,7.681145668029785,0.9854826927185059,0.01451730728149414,16.309507369995117,0.8852689862251282,0.11473101377487183
survset:support2,RDSurv,3,44,110,44.18144226074219,0,3.7416574954986572,0.9992668032646179,0.0007331967353820801,7.681145668029785,0.9727339744567871,0.02726602554321289,16.309507369995117,0.8267284631729126,0.1732715368270874
survset:support2,RDSurv,3,44,5065,26.191600799560547,0,3.7416574954986572,0.9999926090240479,7.3909759521484375e-06,7.681145668029785,0.9989421367645264,0.0010578632354736328,16.309507369995117,0.9817907810211182,0.018209218978881836
survset:support2,RDSurv,3,44,1939,41.80908966064453,0,3.7416574954986572,0.9994903802871704,0.0005096197128295898,7.681145668029785,0.9786430597305298,0.021356940269470215,16.309507369995117,0.8520408868789673,0.14795911312103271
survset:support2,RDSurv,3,44,7870,3.0,1,3.7416574954986572,0.5800434350967407,0.4199565649032593,7.681145668029785,0.14533349871635437,0.8546665012836456,16.309507369995117,0.020778506994247437,0.9792214930057526
survset:support2,RDSurv,3,44,2745,28.792360305786133,0,3.7416574954986572,0.9998608231544495,0.0001391768455505371,7.681145668029785,0.991249680519104,0.008750319480895996,16.309507369995117,0.9184538125991821,0.08154618740081787
survset:support2,RDSurv,3,44,5211,1.7320507764816284,1,3.7416574954986572,1.1324882507324219e-06,0.9999988675117493,7.681145668029785,0.0,1.0,16.309507369995117,0.0,1.0
survset:support2,RDSurv,3,44,6980,15.29705810546875,1,3.7416574954986572,0.9992535710334778,0.0007464289665222168,7.681145668029785,0.9724063873291016,0.027593612670898438,16.309507369995117,0.8253967761993408,0.17460322380065918
survset:support2,RDSurv,3,44,1204,26.96293830871582,0,3.7416574954986572,0.9999918341636658,8.165836334228516e-06,7.681145668029785,0.998859167098999,0.0011408329010009766,16.309507369995117,0.980756402015686,0.019243597984313965
survset:support2,RDSurv,3,44,8206,10.770329475402832,1,3.7416574954986572,0.9993274211883545,0.0006725788116455078,7.681145668029785,0.9742628335952759,0.02573716640472412,16.309507369995117,0.8330366611480713,0.1669633388519287
survset:support2,RDSurv,3,44,5159,25.357444763183594,0,3.7416574954986572,0.9999248385429382,7.516145706176758e-05,7.681145668029785,0.9943274259567261,0.005672574043273926,16.309507369995117,0.939503014087677,0.060496985912323
survset:support2,RDSurv,3,44,1729,9.539392471313477,1,3.7416574954986572,0.9708287715911865,0.029171228408813477,7.681145668029785,0.7371071577072144,0.26289284229278564,16.309507369995117,0.3643643260002136,0.6356356739997864
survset:support2,RDSurv,3,44,4560,30.72458267211914,0,3.7416574954986572,0.9997004270553589,0.0002995729446411133,7.681145668029785,0.985121488571167,0.014878511428833008,16.309507369995117,0.883377194404602,0.11662280559539795
survset:support2,RDSurv,3,44,1487,20.049938201904297,1,3.7416574954986572,0.9997521638870239,0.0002478361129760742,7.681145668029785,0.986939549446106,0.013060450553894043,16.309507369995117,0.8930919170379639,0.10690808296203613
survset:support2,RDSurv,3,44,6931,30.838287353515625,0,3.7416574954986572,0.9962522983551025,0.003747701644897461,7.681145668029785,0.9215134382247925,0.07848656177520752,16.309507369995117,0.6678760647773743,0.33212393522262573
survset:support2,RDSurv,3,44,56,4.582575798034668,1,3.7416574954986572,0.4232040047645569,0.5767959952354431,7.681145668029785,0.07319968938827515,0.9268003106117249,16.309507369995117,0.007473975419998169,0.9925260245800018
survset:support2,RDSurv,3,44,5103,15.905973434448242,1,3.7416574954986572,0.998906135559082,0.0010938644409179688,7.681145668029785,0.9644485712051392,0.03555142879486084,16.309507369995117,0.7949023842811584,0.20509761571884155
survset:support2,RDSurv,3,44,1177,27.58622932434082,0,3.7416574954986572,0.9997921586036682,0.0002078413963317871,7.681145668029785,0.9884341955184937,0.011565804481506348,16.309507369995117,0.9014719724655151,0.09852802753448486
survset:support2,RDSurv,3,44,591,7.348469257354736,1,3.7416574954986572,0.5025924444198608,0.49740755558013916,7.681145668029785,0.10525470972061157,0.8947452902793884,16.309507369995117,0.012760132551193237,0.9872398674488068
survset:support2,RDSurv,3,44,4345,16.0623779296875,1,3.7416574954986572,0.9958980083465576,0.004101991653442383,7.681145668029785,0.9169570207595825,0.08304297924041748,16.309507369995117,0.656754195690155,0.34324580430984497
survset:support2,RDSurv,3,44,7252,13.784049034118652,1,3.7416574954986572,0.9985274076461792,0.0014725923538208008,7.681145668029785,0.9568028450012207,0.0431971549987793,16.309507369995117,0.7683618068695068,0.23163819313049316
survset:support2,RDSurv,3,44,5699,20.248456954956055,0,3.7416574954986572,0.991661548614502,0.008338451385498047,7.681145668029785,0.8718315362930298,0.12816846370697021,16.309507369995117,0.5611249804496765,0.4388750195503235
survset:support2,RDSurv,3,44,3251,44.94440841674805,0,3.7416574954986572,0.999925971031189,7.402896881103516e-05,7.681145668029785,0.9943873882293701,0.005612611770629883,16.309507369995117,0.9399480223655701,0.06005197763442993
survset:support2,RDSurv,3,44,1330,20.14944076538086,1,3.7416574954986572,0.9951349496841431,0.004865050315856934,7.681145668029785,0.9076815843582153,0.09231841564178467,16.309507369995117,0.6350816488265991,0.3649183511734009
survset:support2,RDSurv,3,44,2101,4.690415859222412,1,3.7416574954986572,0.759138822555542,0.240861177444458,7.681145668029785,0.2894032597541809,0.7105967402458191,16.309507369995117,0.06222033500671387,0.9377796649932861
survset:support2,RDSurv,3,44,5674,7.937253952026367,1,3.7416574954986572,0.9900702834129333,0.00992971658706665,7.681145668029785,0.8577643632888794,0.1422356367111206,16.309507369995117,0.5354825854301453,0.46451741456985474
survset:support2,RDSurv,3,44,5457,18.16590118408203,1,3.7416574954986572,0.999968409538269,3.159046173095703e-05,7.681145668029785,0.9969476461410522,0.003052353858947754,16.309507369995117,0.960867166519165,0.03913283348083496
survset:support2,RDSurv,3,44,5492,22.315914154052734,0,3.7416574954986572,0.9520125985145569,0.047987401485443115,7.681145668029785,0.657637894153595,0.34236210584640503,16.309507369995117,0.28256291151046753,0.7174370884895325
survset:support2,RDSurv,3,44,3017,2.0,1,3.7416574954986572,0.6072939038276672,0.39270609617233276,7.681145668029785,0.1619706153869629,0.8380293846130371,16.309507369995117,0.024553537368774414,0.9754464626312256
survset:support2,RDSurv,3,44,4476,1.7320507764816284,1,3.7416574954986572,3.93986701965332e-05,0.9999606013298035,7.681145668029785,8.940696716308594e-08,0.9999999105930328,16.309507369995117,0.0,1.0
survset:support2,RDSurv,3,44,13,43.19722366333008,1,3.7416574954986572,0.9999716281890869,2.8371810913085938e-05,7.681145668029785,0.9971761703491211,0.0028238296508789062,16.309507369995117,0.9629740715026855,0.03702592849731445
survset:support2,RDSurv,3,44,5002,17.748239517211914,1,3.7416574954986572,0.9991263151168823,0.0008736848831176758,7.681145668029785,0.9693578481674194,0.030642151832580566,16.309507369995117,0.8133125901222229,0.1866874098777771
survset:support2,RDSurv,3,44,3219,13.379088401794434,1,3.7416574954986572,0.9968821406364441,0.003117859363555908,7.681145668029785,0.9300892949104309,0.06991070508956909,16.309507369995117,0.6897658705711365,0.3102341294288635
survset:support2,RDSurv,3,44,5233,24.73863410949707,0,3.7416574954986572,0.9999980926513672,1.9073486328125e-06,7.681145668029785,0.9996131658554077,0.00038683414459228516,16.309507369995117,0.9913622140884399,0.008637785911560059
survset:support2,RDSurv,3,44,53,23.151674270629883,1,3.7416574954986572,0.9916706085205078,0.008329391479492188,7.681145668029785,0.8719152212142944,0.12808477878570557,16.309507369995117,0.5612823963165283,0.4387176036834717
survset:support2,RDSurv,3,44,8812,2.6457512378692627,1,3.7416574954986572,0.15617990493774414,0.8438200950622559,7.681145668029785,0.011635780334472656,0.9883642196655273,16.309507369995117,0.0005765855312347412,0.9994234144687653
survset:support2,RDSurv,3,44,2298,12.247448921203613,1,3.7416574954986572,0.9994813799858093,0.0005186200141906738,7.681145668029785,0.9783890247344971,0.02161097526550293,16.309507369995117,0.8508973121643066,0.14910268783569336
survset:support2,RDSurv,3,44,505,4.123105525970459,1,3.7416574954986572,0.5246332883834839,0.4753667116165161,7.681145668029785,0.11567699909210205,0.884323000907898,16.309507369995117,0.014697521924972534,0.9853024780750275
survset:support2,RDSurv,3,44,6690,2.6457512378692627,1,3.7416574954986572,0.4866417646408081,0.5133582353591919,7.681145668029785,0.09815183281898499,0.901848167181015,16.309507369995117,0.011500328779220581,0.9884996712207794
survset:support2,RDSurv,3,44,1033,30.08321762084961,0,3.7416574954986572,0.9997348785400391,0.0002651214599609375,7.681145668029785,0.9863200187683105,0.013679981231689453,16.309507369995117,0.8897262811660767,0.11027371883392334
survset:support2,RDSurv,3,44,2859,2.6457512378692627,1,3.7416574954986572,0.24131307005882263,0.7586869299411774,7.681145668029785,0.024954140186309814,0.9750458598136902,16.309507369995117,0.0016303956508636475,0.9983696043491364
survset:support2,RDSurv,3,44,8627,30.066593170166016,0,3.7416574954986572,0.9775020480155945,0.022497951984405518,7.681145668029785,0.7721750140190125,0.22782498598098755,16.309507369995117,0.407010942697525,0.592989057302475
survset:support2,RDSurv,3,44,1491,1.7320507764816284,1,3.7416574954986572,0.000159531831741333,0.9998404681682587,7.681145668029785,5.960464477539062e-07,0.9999994039535522,16.309507369995117,0.0,1.0
survset:support2,RDSurv,3,44,2649,23.06512451171875,1,3.7416574954986572,0.999708890914917,0.0002911090850830078,7.681145668029785,0.9854130744934082,0.014586925506591797,16.309507369995117,0.8849033117294312,0.11509668827056885
survset:support2,RDSurv,3,44,3844,3.605551242828369,1,3.7416574954986572,0.6756597757339478,0.32434022426605225,7.681145668029785,0.2109677493572235,0.7890322506427765,16.309507369995117,0.03718441724777222,0.9628155827522278
survset:support2,RDSurv,3,44,3314,2.4494898319244385,1,3.7416574954986572,0.720771074295044,0.27922892570495605,7.681145668029785,0.2503049373626709,0.7496950626373291,16.309507369995117,0.04898253083229065,0.9510174691677094
survset:support2,RDSurv,3,44,3732,7.8102498054504395,1,3.7416574954986572,0.9902611374855042,0.00973886251449585,7.681145668029785,0.8593928813934326,0.14060711860656738,16.309507369995117,0.5383691787719727,0.46163082122802734
survset:support2,RDSurv,3,44,2033,2.0,1,3.7416574954986572,0.3949085772037506,0.6050914227962494,7.681145668029785,0.06360310316085815,0.9363968968391418,16.309507369995117,0.006096959114074707,0.9939030408859253
survset:support2,RDSurv,3,44,1017,2.8284270763397217,1,3.7416574954986572,0.09187310934066772,0.9081268906593323,7.681145668029785,0.004827141761779785,0.9951728582382202,16.309507369995117,0.00017899274826049805,0.9998210072517395
survset:support2,RDSurv,3,44,5095,18.41195297241211,1,3.7416574954986572,0.9930760860443115,0.0069239139556884766,7.681145668029785,0.8854197263717651,0.11458027362823486,16.309507369995117,0.5875529050827026,0.41244709491729736
survset:support2,RDSurv,3,44,4512,29.933259963989258,1,3.7416574954986572,0.9991068840026855,0.0008931159973144531,7.681145668029785,0.9689088463783264,0.031091153621673584,16.309507369995117,0.811577320098877,0.18842267990112305
survset:support2,RDSurv,3,44,1754,43.69210433959961,0,3.7416574954986572,0.9999582767486572,4.172325134277344e-05,7.681145668029785,0.99627286195755,0.003727138042449951,16.309507369995117,0.9549212455749512,0.04507875442504883
survset:support2,RDSurv,3,44,3643,2.4494898319244385,1,3.7416574954986572,0.47222915291786194,0.5277708470821381,7.681145668029785,0.09203428030014038,0.9079657196998596,16.309507369995117,0.010455131530761719,0.9895448684692383
survset:support2,RDSurv,3,44,5423,5.291502475738525,1,3.7416574954986572,0.09479999542236328,0.9052000045776367,7.681145668029785,0.005078673362731934,0.9949213266372681,16.309507369995117,0.0001913905143737793,0.9998086094856262
survset:support2,RDSurv,3,44,3676,7.745966911315918,1,3.7416574954986572,0.973382294178009,0.026617705821990967,7.681145668029785,0.7499532103538513,0.2500467896461487,16.309507369995117,0.37944942712783813,0.6205505728721619
survset:support2,RDSurv,3,44,2992,3.7416574954986572,1,3.7416574954986572,0.25275009870529175,0.7472499012947083,7.681145668029785,0.027144432067871094,0.9728555679321289,16.309507369995117,0.0018316209316253662,0.9981683790683746
survset:support2,RDSurv,3,44,7781,33.941123962402344,1,3.7416574954986572,0.9999065399169922,9.34600830078125e-05,7.681145668029785,0.9933815002441406,0.006618499755859375,16.309507369995117,0.9326807260513306,0.06731927394866943
survset:support2,RDSurv,3,44,6324,40.43513488769531,0,3.7416574954986572,0.9959614276885986,0.004038572311401367,7.681145668029785,0.9177608489990234,0.08223915100097656,16.309507369995117,0.6586923599243164,0.3413076400756836
survset:support2,RDSurv,3,44,6663,5.099019527435303,1,3.7416574954986572,0.33704590797424316,0.6629540920257568,7.681145668029785,0.04655623435974121,0.9534437656402588,16.309507369995117,0.003901541233062744,0.9960984587669373
survset:support2,RDSurv,3,44,1292,25.70992088317871,0,3.7416574954986572,0.9999954700469971,4.5299530029296875e-06,7.681145668029785,0.9992622137069702,0.0007377862930297852,16.309507369995117,0.9860314130783081,0.013968586921691895
survset:support2,RDSurv,3,44,1023,30.182777404785156,0,3.7416574954986572,0.995270848274231,0.004729151725769043,7.681145668029785,0.9092850685119629,0.09071493148803711,16.309507369995117,0.638741135597229,0.361258864402771
survset:support2,RDSurv,3,44,8931,23.51595115661621,0,3.7416574954986572,0.9999995231628418,4.76837158203125e-07,7.681145668029785,0.9998602271080017,0.00013977289199829102,16.309507369995117,0.9960023164749146,0.003997683525085449
survset:support2,RDSurv,3,44,8306,4.123105525970459,1,3.7416574954986572,0.5125264525413513,0.4874735474586487,7.681145668029785,0.10986247658729553,0.8901375234127045,16.309507369995117,0.013603687286376953,0.986396312713623
survset:support2,RDSurv,3,44,5910,36.110939025878906,1,3.7416574954986572,0.9997811317443848,0.00021886825561523438,7.681145668029785,0.9880149960517883,0.01198500394821167,16.309507369995117,0.8990823030471802,0.10091769695281982
survset:support2,RDSurv,3,44,5034,26.495283126831055,0,3.7416574954986572,0.9998114705085754,0.00018852949142456055,7.681145668029785,0.9891904592514038,0.010809540748596191,16.309507369995117,0.9058666825294495,0.09413331747055054
survset:support2,RDSurv,3,44,900,3.0,1,3.7416574954986572,0.5556169748306274,0.44438302516937256,7.681145668029785,0.1316131055355072,0.8683868944644928,16.309507369995117,0.01786142587661743,0.9821385741233826
survset:support2,RDSurv,3,44,8882,24.617067337036133,0,3.7416574954986572,0.9999644756317139,3.552436828613281e-05,7.681145668029785,0.9966787099838257,0.0033212900161743164,16.309507369995117,0.958450198173523,0.04154980182647705
survset:support2,RDSurv,3,44,2366,9.486832618713379,1,3.7416574954986572,0.9903252720832825,0.00967472791671753,7.681145668029785,0.8599433898925781,0.14005661010742188,16.309507369995117,0.5393496751785278,0.46065032482147217
survset:support2,RDSurv,3,44,7959,32.60367965698242,1,3.7416574954986572,0.9989457130432129,0.0010542869567871094,7.681145668029785,0.9653025269508362,0.03469747304916382,16.309507369995117,0.7980201244354248,0.2019798755645752
survset:support2,RDSurv,3,44,1231,12.449899673461914,1,3.7416574954986572,0.9997771978378296,0.00022280216217041016,7.681145668029785,0.987863302230835,0.012136697769165039,16.309507369995117,0.8982254266738892,0.10177457332611084
survset:support2,RDSurv,3,44,7767,1.7320507764816284,1,3.7416574954986572,0.05009225010871887,0.9499077498912811,7.681145668029785,0.0018502473831176758,0.9981497526168823,16.309507369995117,5.1409006118774414e-05,0.9999485909938812
survset:support2,RDSurv,3,44,206,2.0,1,3.7416574954986572,0.24379906058311462,0.7562009394168854,7.681145668029785,0.02542176842689514,0.9745782315731049,16.309507369995117,0.0016727447509765625,0.9983272552490234
survset:support2,RDSurv,3,44,6703,2.0,1,3.7416574954986572,0.12217321991920471,0.8778267800807953,7.681145668029785,0.007699519395828247,0.9923004806041718,16.309507369995117,0.000331878662109375,0.9996681213378906
survset:support2,RDSurv,3,44,426,19.10497283935547,1,3.7416574954986572,0.9999526739120483,4.7326087951660156e-05,7.681145668029785,0.9959197044372559,0.004080295562744141,16.309507369995117,0.9519520998001099,0.04804790019989014
survset:support2,RDSurv,3,44,7549,22.158519744873047,0,3.7416574954986572,0.9999914169311523,8.58306884765625e-06,7.681145668029785,0.9988214373588562,0.0011785626411437988,16.309507369995117,0.9802926778793335,0.019707322120666504
survset:support2,RDSurv,3,44,5923,44.18144226074219,0,3.7416574954986572,0.9991503953933716,0.000849604606628418,7.681145668029785,0.9699224829673767,0.03007751703262329,16.309507369995117,0.8155100345611572,0.18448996543884277
survset:support2,RDSurv,3,44,3572,13.928388595581055,1,3.7416574954986572,0.9918588399887085,0.008141160011291504,7.681145668029785,0.8736588954925537,0.1263411045074463,16.309507369995117,0.5645791292190552,0.4354208707809448
survset:support2,RDSurv,3,44,266,8.83176040649414,1,3.7416574954986572,0.9932571649551392,0.00674283504486084,7.681145668029785,0.88724684715271,0.11275315284729004,16.309507369995117,0.5912439823150635,0.4087560176849365
survset:support2,RDSurv,3,44,7054,5.74456262588501,1,3.7416574954986572,0.5665292143821716,0.43347078561782837,7.681145668029785,0.13761013746261597,0.862389862537384,16.309507369995117,0.019114583730697632,0.9808854162693024
survset:support2,RDSurv,3,44,1027,6.78233003616333,1,3.7416574954986572,0.3675112724304199,0.6324887275695801,7.681145668029785,0.05511990189552307,0.9448800981044769,16.309507369995117,0.0049631595611572266,0.9950368404388428
survset:support2,RDSurv,3,44,1837,2.0,1,3.7416574954986572,0.4712055027484894,0.5287944972515106,7.681145668029785,0.09161031246185303,0.908389687538147,16.309507369995117,0.010384052991867065,0.9896159470081329
survset:support2,RDSurv,3,44,6170,41.988094329833984,0,3.7416574954986572,0.9981904625892639,0.001809537410736084,7.681145668029785,0.9506226778030396,0.04937732219696045,16.309507369995117,0.748460054397583,0.251539945602417
survset:support2,RDSurv,3,44,8372,36.9052848815918,0,3.7416574954986572,0.99970543384552,0.00029456615447998047,7.681145668029785,0.9852938652038574,0.014706134796142578,16.309507369995117,0.8842776417732239,0.11572235822677612
survset:support2,RDSurv,3,44,3684,41.91658401489258,0,3.7416574954986572,0.9996578097343445,0.0003421902656555176,7.681145668029785,0.9837048053741455,0.016295194625854492,16.309507369995117,0.8761234879493713,0.12387651205062866
survset:support2,RDSurv,3,44,5460,22.69361114501953,0,3.7416574954986572,0.997641384601593,0.0023586153984069824,7.681145668029785,0.9414507150650024,0.05854928493499756,16.309507369995117,0.7209948897361755,0.27900511026382446
survset:support2,RDSurv,3,44,876,2.0,1,3.7416574954986572,0.005962461233139038,0.994037538766861,7.681145668029785,8.064508438110352e-05,0.9999193549156189,16.309507369995117,9.834766387939453e-07,0.9999990165233612
survset:support2,RDSurv,3,44,1763,3.872983455657959,1,3.7416574954986572,0.32550767064094543,0.6744923293590546,7.681145668029785,0.04353904724121094,0.9564609527587891,16.309507369995117,0.0035482048988342285,0.9964517951011658
survset:support2,RDSurv,3,44,1768,19.72308349609375,1,3.7416574954986572,0.9956647157669067,0.004335284233093262,7.681145668029785,0.9140486717224121,0.08595132827758789,16.309507369995117,0.6498243808746338,0.3501756191253662
survset:support2,RDSurv,3,44,1469,21.725561141967773,0,3.7416574954986572,0.9989519119262695,0.0010480880737304688,7.681145668029785,0.965436577796936,0.034563422203063965,16.309507369995117,0.7985126972198486,0.20148730278015137
survset:support2,RDSurv,3,44,3307,5.916079998016357,1,3.7416574954986572,0.6207440495491028,0.3792559504508972,7.681145668029785,0.17074421048164368,0.8292557895183563,16.309507369995117,0.026649028062820435,0.9733509719371796
survset:support2,RDSurv,3,44,6788,8.66025447845459,1,3.7416574954986572,0.9971591234207153,0.002840876579284668,7.681145668029785,0.934087336063385,0.06591266393661499,16.309507369995117,0.7004423141479492,0.2995576858520508
survset:support2,RDSurv,3,44,6488,2.6457512378692627,1,3.7416574954986572,0.4587877690792084,0.5412122309207916,7.681145668029785,0.08657491207122803,0.913425087928772,16.309507369995117,0.009553879499435425,0.9904461205005646
survset:support2,RDSurv,3,44,7082,11.401754379272461,1,3.7416574954986572,0.9899761080741882,0.010023891925811768,7.681145668029785,0.8569663166999817,0.1430336833000183,16.309507369995117,0.5340754985809326,0.4659245014190674
survset:support2,RDSurv,3,44,5592,9.746794700622559,1,3.7416574954986572,0.9970272779464722,0.002972722053527832,7.681145668029785,0.9321650862693787,0.06783491373062134,16.309507369995117,0.6952692866325378,0.30473071336746216
survset:support2,RDSurv,3,44,8997,12.0,1,3.7416574954986572,0.9931776523590088,0.006822347640991211,7.681145668029785,0.8864418268203735,0.11355817317962646,16.309507369995117,0.5896134376525879,0.4103865623474121
survset:support2,RDSurv,3,44,8562,12.688577651977539,1,3.7416574954986572,0.9921725988388062,0.007827401161193848,7.681145668029785,0.8766089677810669,0.1233910322189331,16.309507369995117,0.5702188014984131,0.4297811985015869
survset:support2,RDSurv,3,44,6730,12.767145156860352,1,3.7416574954986572,0.9900954961776733,0.00990450382232666,7.681145668029785,0.857978880405426,0.14202111959457397,16.309507369995117,0.5358616709709167,0.46413832902908325
survset:support2,RDSurv,3,44,2186,7.348469257354736,1,3.7416574954986572,0.2821427583694458,0.7178572416305542,7.681145668029785,0.03324156999588013,0.9667584300041199,16.309507369995117,0.0024280846118927,0.9975719153881073
survset:support2,RDSurv,3,44,6885,31.400636672973633,0,3.7416574954986572,0.9983776807785034,0.001622319221496582,7.681145668029785,0.9539949893951416,0.0460050106048584,16.309507369995117,0.7591649889945984,0.2408350110054016
survset:support2,RDSurv,3,44,2530,15.748015403747559,1,3.7416574954986572,0.9994363188743591,0.0005636811256408691,7.681145668029785,0.9771411418914795,0.022858858108520508,16.309507369995117,0.8453567624092102,0.1546432375907898
survset:support2,RDSurv,3,44,6495,3.316624879837036,1,3.7416574954986572,0.5660272240638733,0.4339727759361267,7.681145668029785,0.13732966780662537,0.8626703321933746,16.309507369995117,0.019055217504501343,0.9809447824954987
survset:support2,RDSurv,3,44,233,15.36229133605957,1,3.7416574954986572,0.9998594522476196,0.0001405477523803711,7.681145668029785,0.99118971824646,0.008810281753540039,16.309507369995117,0.9180731773376465,0.08192682266235352
survset:support2,RDSurv,3,44,4389,9.273618698120117,1,3.7416574954986572,0.9941701292991638,0.005829870700836182,7.681145668029785,0.8968155384063721,0.10318446159362793,16.309507369995117,0.6111600399017334,0.3888399600982666
survset:support2,RDSurv,3,44,445,17.0880069732666,1,3.7416574954986572,0.9927771091461182,0.007222890853881836,7.681145668029785,0.882448673248291,0.11755132675170898,16.309507369995117,0.5816230177879333,0.41837698221206665
survset:support2,RDSurv,3,44,5473,22.56102752685547,0,3.7416574954986572,0.9987833499908447,0.0012166500091552734,7.681145668029785,0.9618738889694214,0.03812611103057861,16.309507369995117,0.7856996059417725,0.21430039405822754
survset:support2,RDSurv,3,44,2668,14.628738403320312,1,3.7416574954986572,0.9958686828613281,0.004131317138671875,7.681145668029785,0.9165884852409363,0.08341151475906372,16.309507369995117,0.6558689475059509,0.3441310524940491
survset:support2,RDSurv,3,44,3156,20.71231460571289,0,3.7416574954986572,0.9999415874481201,5.841255187988281e-05,7.681145668029785,0.9952548742294312,0.004745125770568848,16.309507369995117,0.9465841054916382,0.053415894508361816
survset:support2,RDSurv,3,44,6165,42.05948257446289,0,3.7416574954986572,0.9999618530273438,3.814697265625e-05,7.681145668029785,0.9965028762817383,0.0034971237182617188,16.309507369995117,0.9569053053855896,0.0430946946144104
survset:support2,RDSurv,3,44,8557,4.690415859222412,1,3.7416574954986572,0.48913317918777466,0.5108668208122253,7.681145668029785,0.09923785924911499,0.900762140750885,16.309507369995117,0.011689752340316772,0.9883102476596832
survset:support2,RDSurv,3,44,3493,10.0,1,3.7416574954986572,0.9991405010223389,0.0008594989776611328,7.681145668029785,0.9696906805038452,0.030309319496154785,16.309507369995117,0.814605712890625,0.185394287109375
survset:support2,RDSurv,3,44,3892,33.660064697265625,1,3.7416574954986572,0.9994750022888184,0.0005249977111816406,7.681145668029785,0.9782096147537231,0.021790385246276855,16.309507369995117,0.8500926494598389,0.14990735054016113
survset:support2,RDSurv,3,44,8064,41.09744644165039,0,3.7416574954986572,0.9999264478683472,7.355213165283203e-05,7.681145668029785,0.9944127202033997,0.005587279796600342,16.309507369995117,0.9401366710662842,0.05986332893371582
survset:support2,RDSurv,3,44,2802,5.385164737701416,1,3.7416574954986572,0.7400814294815063,0.25991857051849365,7.681145668029785,0.26925501227378845,0.7307449877262115,16.309507369995117,0.0552067756652832,0.9447932243347168
survset:support2,RDSurv,3,44,4181,8.5440034866333,1,3.7416574954986572,0.9987424612045288,0.0012575387954711914,7.681145668029785,0.9610373973846436,0.038962602615356445,16.309507369995117,0.7827705144882202,0.21722948551177979
survset:support2,RDSurv,3,44,4071,37.90778350830078,0,3.7416574954986572,0.9999986290931702,1.3709068298339844e-06,7.681145668029785,0.9996968507766724,0.0003031492233276367,16.309507369995117,0.9928072690963745,0.007192730903625488
survset:support2,RDSurv,3,44,2384,8.062257766723633,1,3.7416574954986572,0.9954006671905518,0.004599332809448242,7.681145668029785,0.9108351469039917,0.0891648530960083,16.309507369995117,0.6423122882843018,0.35768771171569824
survset:support2,RDSurv,3,44,8332,16.124515533447266,1,3.7416574954986572,0.9998986124992371,0.00010138750076293945,7.681145668029785,0.992992639541626,0.0070073604583740234,16.309507369995117,0.929976761341095,0.07002323865890503
survset:support2,RDSurv,3,44,8641,29.715316772460938,0,3.7416574954986572,0.9999814033508301,1.8596649169921875e-05,7.681145668029785,0.997916579246521,0.002083420753479004,16.309507369995117,0.970215916633606,0.029784083366394043
survset:support2,RDSurv,3,44,1323,25.05992889404297,0,3.7416574954986572,0.9994646310806274,0.0005353689193725586,7.681145668029785,0.9779203534126282,0.022079646587371826,16.309507369995117,0.8488013744354248,0.1511986255645752
survset:support2,RDSurv,3,44,6880,31.4483699798584,0,3.7416574954986572,0.9914353489875793,0.008564651012420654,7.681145668029785,0.8697597980499268,0.13024020195007324,16.309507369995117,0.557244598865509,0.44275540113449097
survset:support2,RDSurv,3,44,2266,38.0,0,3.7416574954986572,0.9996612071990967,0.0003387928009033203,7.681145668029785,0.9838166236877441,0.01618337631225586,16.309507369995117,0.8766865730285645,0.12331342697143555
survset:support2,RDSurv,3,44,7443,3.316624879837036,1,3.7416574954986572,0.265839546918869,0.734160453081131,7.681145668029785,0.029775112867355347,0.9702248871326447,16.309507369995117,0.0020825564861297607,0.9979174435138702
survset:support2,RDSurv,3,44,8705,28.42534065246582,0,3.7416574954986572,0.9994482398033142,0.000551760196685791,7.681145668029785,0.9774671792984009,0.02253282070159912,16.309507369995117,0.8467919826507568,0.15320801734924316
survset:support2,RDSurv,3,44,2454,14.966629981994629,1,3.7416574954986572,0.9959319233894348,0.0040680766105651855,7.681145668029785,0.9173863530158997,0.08261364698410034,16.309507369995117,0.6577881574630737,0.34221184253692627
survset:support2,RDSurv,3,44,8118,40.410396575927734,0,3.7416574954986572,0.9999369382858276,6.306171417236328e-05,7.681145668029785,0.9949926733970642,0.005007326602935791,16.309507369995117,0.944537878036499,0.05546212196350098
survset:support2,RDSurv,3,44,7672,20.174240112304688,0,3.7416574954986572,0.9987879991531372,0.001212000846862793,7.681145668029785,0.9619688391685486,0.038031160831451416,16.309507369995117,0.7860340476036072,0.21396595239639282
survset:support2,RDSurv,3,44,8926,16.0,1,3.7416574954986572,0.9994492530822754,0.0005507469177246094,7.681145668029785,0.9774959683418274,0.022504031658172607,16.309507369995117,0.8469191789627075,0.15308082103729248
survset:support2,RDSurv,3,44,7171,22.649503707885742,1,3.7416574954986572,0.9854978919029236,0.014502108097076416,7.681145668029785,0.8224560022354126,0.1775439977645874,16.309507369995117,0.4774699807167053,0.5225300192832947
survset:support2,RDSurv,3,44,8975,10.58300495147705,1,3.7416574954986572,0.9902406930923462,0.009759306907653809,7.681145668029785,0.8592174649238586,0.14078253507614136,16.309507369995117,0.5380573272705078,0.4619426727294922
survset:support2,RDSurv,3,44,2441,32.72613525390625,0,3.7416574954986572,0.9987428784370422,0.0012571215629577637,7.681145668029785,0.961046040058136,0.038953959941864014,16.309507369995117,0.7828004956245422,0.21719950437545776
survset:support2,RDSurv,3,44,2633,30.282007217407227,0,3.7416574954986572,0.9999927282333374,7.271766662597656e-06,7.681145668029785,0.9989579916000366,0.001042008399963379,16.309507369995117,0.9819909930229187,0.0180090069770813
survset:support2,RDSurv,3,44,7525,22.56102752685547,0,3.7416574954986572,0.9992862939834595,0.0007137060165405273,7.681145668029785,0.9732210040092468,0.026778995990753174,16.309507369995117,0.8287214040756226,0.17127859592437744
survset:support2,RDSurv,3,44,8725,25.63201141357422,1,3.7416574954986572,0.9990221261978149,0.0009778738021850586,7.681145668029785,0.9669840335845947,0.03301596641540527,16.309507369995117,0.8042603135108948,0.19573968648910522
survset:support2,RDSurv,3,44,4783,28.705400466918945,0,3.7416574954986572,0.9997180700302124,0.00028192996978759766,7.681145668029785,0.9857302904129028,0.014269709587097168,16.309507369995117,0.8865766525268555,0.11342334747314453
survset:support2,RDSurv,3,44,8144,7.211102485656738,1,3.7416574954986572,0.6661993861198425,0.33380061388015747,7.681145668029785,0.2034895122051239,0.7965104877948761,16.309507369995117,0.03510981798171997,0.96489018201828
survset:support2,RDSurv,3,44,7865,4.123105525970459,1,3.7416574954986572,0.4673861563205719,0.5326138436794281,7.681145668029785,0.09004044532775879,0.9099595546722412,16.309507369995117,0.010122507810592651,0.9898774921894073
survset:support2,RDSurv,3,44,8525,23.706539154052734,1,3.7416574954986572,0.9937633275985718,0.006236672401428223,7.681145668029785,0.8924751877784729,0.1075248122215271,16.309507369995117,0.6020009517669678,0.3979990482330322
survset:support2,RDSurv,3,44,3248,44.95553207397461,0,3.7416574954986572,0.9999982118606567,1.7881393432617188e-06,7.681145668029785,0.9996291399002075,0.00037086009979248047,16.309507369995117,0.9916309118270874,0.008369088172912598
survset:support2,RDSurv,3,44,7481,23.452077865600586,0,3.7416574954986572,0.9998708963394165,0.0001291036605834961,7.681145668029785,0.9916988611221313,0.008301138877868652,16.309507369995117,0.9213380813598633,0.07866191864013672
survset:support2,RDSurv,3,44,4352,9.32737922668457,1,3.7416574954986572,0.9930376410484314,0.0069623589515686035,7.681145668029785,0.8850343227386475,0.11496567726135254,16.309507369995117,0.5867786407470703,0.4132213592529297
survset:support2,RDSurv,3,44,3402,44.03407669067383,0,3.7416574954986572,0.9998511075973511,0.00014889240264892578,7.681145668029785,0.9908284544944763,0.009171545505523682,16.309507369995117,0.9157979488372803,0.08420205116271973
survset:support2,RDSurv,3,44,6888,31.38471031188965,0,3.7416574954986572,0.9984761476516724,0.0015238523483276367,7.681145668029785,0.955829918384552,0.044170081615448,16.309507369995117,0.7651445269584656,0.23485547304153442
survset:support2,RDSurv,3,44,6913,31.128765106201172,0,3.7416574954986572,0.9999584555625916,4.1544437408447266e-05,7.681145668029785,0.9962813854217529,0.0037186145782470703,16.309507369995117,0.9549940824508667,0.0450059175491333
survset:support2,RDSurv,3,44,2592,11.0,1,3.7416574954986572,0.9998419284820557,0.00015807151794433594,7.681145668029785,0.9904379844665527,0.009562015533447266,16.309507369995117,0.9133747816085815,0.08662521839141846
survset:support2,RDSurv,3,44,5283,24.331050872802734,0,3.7416574954986572,0.998728334903717,0.001271665096282959,7.681145668029785,0.9607516527175903,0.03924834728240967,16.309507369995117,0.7817765474319458,0.2182234525680542
survset:support2,RDSurv,3,44,647,33.37664031982422,1,3.7416574954986572,0.9997746348381042,0.00022536516189575195,7.681145668029785,0.9877681732177734,0.012231826782226562,16.309507369995117,0.8976901769638062,0.10230982303619385
survset:support2,RDSurv,3,44,7921,42.81354904174805,0,3.7416574954986572,0.996601939201355,0.0033980607986450195,7.681145668029785,0.9261927008628845,0.07380729913711548,16.309507369995117,0.6796567440032959,0.3203432559967041
survset:support2,RDSurv,3,44,4214,3.1622776985168457,1,3.7416574954986572,0.39842191338539124,0.6015780866146088,7.681145668029785,0.06474727392196655,0.9352527260780334,16.309507369995117,0.0062559545040130615,0.9937440454959869
survset:support2,RDSurv,3,44,8314,2.6457512378692627,1,3.7416574954986572,0.34734630584716797,0.652653694152832,7.681145668029785,0.049353063106536865,0.9506469368934631,16.309507369995117,0.00423884391784668,0.9957611560821533
survset:support2,RDSurv,3,44,4594,8.306623458862305,1,3.7416574954986572,0.9962285757064819,0.0037714242935180664,7.681145668029785,0.9212031364440918,0.0787968635559082,16.309507369995117,0.6671079397201538,0.3328920602798462
survset:support2,RDSurv,3,44,8030,19.131126403808594,1,3.7416574954986572,0.9898635745048523,0.010136425495147705,7.681145668029785,0.8560171127319336,0.1439828872680664,16.309507369995117,0.5324083566665649,0.46759164333343506
survset:support2,RDSurv,3,44,6809,32.202484130859375,0,3.7416574954986572,0.9996378421783447,0.00036215782165527344,7.681145668029785,0.9830631017684937,0.016936898231506348,16.309507369995117,0.8729195594787598,0.12708044052124023
survset:support2,RDSurv,3,44,8084,40.87786865234375,0,3.7416574954986572,0.9999369382858276,6.306171417236328e-05,7.681145668029785,0.9949896931648254,0.0050103068351745605,16.309507369995117,0.9445148706436157,0.05548512935638428
survset:support2,RDSurv,3,44,5195,25.01999282836914,0,3.7416574954986572,0.9995557069778442,0.0004442930221557617,7.681145668029785,0.980536699295044,0.019463300704956055,16.309507369995117,0.860749363899231,0.13925063610076904
survset:support2,RDSurv,3,44,1852,11.224971771240234,1,3.7416574954986572,0.9994534850120544,0.0005465149879455566,7.681145668029785,0.9776118993759155,0.022388100624084473,16.309507369995117,0.8474318981170654,0.15256810188293457
survset:support2,RDSurv,3,44,665,28.530685424804688,1,3.7416574954986572,0.990693986415863,0.009306013584136963,7.681145668029785,0.8631426095962524,0.13685739040374756,16.309507369995117,0.5450950264930725,0.4549049735069275
survset:support2,RDSurv,3,44,1593,6.082762718200684,1,3.7416574954986572,0.5491253137588501,0.4508746862411499,7.681145668029785,0.12814319133758545,0.8718568086624146,16.309507369995117,0.01715192198753357,0.9828480780124664
survset:support2,RDSurv,3,44,1734,39.534793853759766,1,3.7416574954986572,0.9990028738975525,0.0009971261024475098,7.681145668029785,0.9665558338165283,0.03344416618347168,16.309507369995117,0.802657961845398,0.19734203815460205
survset:support2,RDSurv,3,44,7697,19.773719787597656,0,3.7416574954986572,0.9662474393844604,0.03375256061553955,7.681145668029785,0.71553635597229,0.28446364402770996,16.309507369995117,0.34030255675315857,0.6596974432468414
survset:support2,RDSurv,3,44,1008,30.38091468811035,0,3.7416574954986572,0.9999707937240601,2.9206275939941406e-05,7.681145668029785,0.9971129894256592,0.0028870105743408203,16.309507369995117,0.9623862504959106,0.037613749504089355
survset:support2,RDSurv,3,44,7429,9.746794700622559,1,3.7416574954986572,0.9996579885482788,0.0003420114517211914,7.681145668029785,0.983710527420044,0.016289472579956055,16.309507369995117,0.8761523962020874,0.1238476037979126
survset:support2,RDSurv,3,44,187,2.2360680103302,1,3.7416574954986572,0.1638874113559723,0.8361125886440277,7.681145668029785,0.012634366750717163,0.9873656332492828,16.309507369995117,0.0006442368030548096,0.9993557631969452
survset:support2,RDSurv,3,44,4581,30.545047760009766,0,3.7416574954986572,0.9991368055343628,0.000863194465637207,7.681145668029785,0.9696031808853149,0.03039681911468506,16.309507369995117,0.8142650127410889,0.18573498725891113
survset:support2,RDSurv,3,44,6146,11.704699516296387,1,3.7416574954986572,0.9993176460266113,0.0006823539733886719,7.681145668029785,0.9740135073661804,0.02598649263381958,16.309507369995117,0.831997275352478,0.16800272464752197
survset:support2,RDSurv,3,44,2120,39.59798049926758,0,3.7416574954986572,0.9999075531959534,9.244680404663086e-05,7.681145668029785,0.9934337735176086,0.006566226482391357,16.309507369995117,0.933048665523529,0.06695133447647095
survset:support2,RDSurv,3,44,6089,40.70626449584961,1,3.7416574954986572,0.9989700317382812,0.00102996826171875,7.681145668029785,0.9658326506614685,0.034167349338531494,16.309507369995117,0.7999727725982666,0.2000272274017334
survset:support2,RDSurv,3,44,8072,5.099019527435303,1,3.7416574954986572,0.5287891030311584,0.47121089696884155,7.681145668029785,0.11772474646568298,0.882275253534317,16.309507369995117,0.015090495347976685,0.9849095046520233
survset:support2,RDSurv,3,44,3621,2.6457512378692627,1,3.7416574954986572,0.4591492712497711,0.5408507287502289,7.681145668029785,0.08671873807907104,0.913281261920929,16.309507369995117,0.009577244520187378,0.9904227554798126
survset:support2,RDSurv,3,44,3959,2.8284270763397217,1,3.7416574954986572,0.2878745496273041,0.7121254503726959,7.681145668029785,0.03451153635978699,0.965488463640213,16.309507369995117,0.002558797597885132,0.9974412024021149
survset:support2,RDSurv,3,44,4596,9.949873924255371,1,3.7416574954986572,0.990419864654541,0.009580135345458984,7.681145668029785,0.860758900642395,0.13924109935760498,16.309507369995117,0.5408064126968384,0.4591935873031616
survset:support2,RDSurv,3,44,6852,4.242640495300293,1,3.7416574954986572,0.31302735209465027,0.6869726479053497,7.681145668029785,0.04040968418121338,0.9595903158187866,16.309507369995117,0.003193497657775879,0.9968065023422241
survset:support2,RDSurv,3,44,449,29.49576187133789,1,3.7416574954986572,0.9981959462165833,0.001804053783416748,7.681145668029785,0.95071941614151,0.04928058385848999,16.309507369995117,0.7487622499465942,0.25123775005340576
survset:support2,RDSurv,3,44,8724,13.190905570983887,1,3.7416574954986572,0.9946099519729614,0.005390048027038574,7.681145668029785,0.9016624689102173,0.09833753108978271,16.309507369995117,0.621648371219635,0.378351628780365
survset:support2,RDSurv,3,44,8786,26.419689178466797,0,3.7416574954986572,0.9999595880508423,4.0411949157714844e-05,7.681145668029785,0.996357262134552,0.003642737865447998,16.309507369995117,0.9556443691253662,0.04435563087463379
survset:support2,RDSurv,3,44,281,3.464101552963257,1,3.7416574954986572,0.26649796962738037,0.7335020303726196,7.681145668029785,0.02991098165512085,0.9700890183448792,16.309507369995117,0.0020957887172698975,0.9979042112827301
survset:support2,RDSurv,3,44,6833,3.464101552963257,1,3.7416574954986572,0.39471036195755005,0.60528963804245,7.681145668029785,0.06353893876075745,0.9364610612392426,16.309507369995117,0.0060881078243255615,0.9939118921756744
survset:support2,RDSurv,3,44,1822,43.06970977783203,0,3.7416574954986572,0.9998445510864258,0.00015544891357421875,7.681145668029785,0.9905459880828857,0.009454011917114258,16.309507369995117,0.91404128074646,0.08595871925354004
survset:support2,RDSurv,3,44,2598,7.211102485656738,1,3.7416574954986572,0.5781087875366211,0.4218912124633789,7.681145668029785,0.1442071795463562,0.8557928204536438,16.309507369995117,0.020532339811325073,0.9794676601886749
survset:support2,RDSurv,3,44,5201,10.24695110321045,1,3.7416574954986572,0.9953093528747559,0.004690647125244141,7.681145668029785,0.9097428321838379,0.09025716781616211,16.309507369995117,0.6397921442985535,0.36020785570144653
survset:support2,RDSurv,3,44,7357,9.69536018371582,1,3.7416574954986572,0.9643017053604126,0.0356982946395874,7.681145668029785,0.7068763971328735,0.29312360286712646,16.309507369995117,0.3310602903366089,0.6689397096633911
survset:support2,RDSurv,3,44,6618,37.10795211791992,0,3.7416574954986572,0.9999910593032837,8.940696716308594e-06,7.681145668029785,0.9987833499908447,0.0012166500091552734,16.309507369995117,0.979829728603363,0.020170271396636963
survset:support2,RDSurv,3,44,5810,6.244997978210449,1,3.7416574954986572,0.40007874369621277,0.5999212563037872,7.681145668029785,0.06529143452644348,0.9347085654735565,16.309507369995117,0.006332069635391235,0.9936679303646088
survset:support2,RDSurv,3,44,3039,23.600847244262695,0,3.7416574954986572,0.995559573173523,0.004440426826477051,7.681145668029785,0.9127593040466309,0.08724069595336914,16.309507369995117,0.6467922329902649,0.3532077670097351
survset:support2,RDSurv,3,44,6549,15.165750503540039,1,3.7416574954986572,0.999780535697937,0.00021946430206298828,7.681145668029785,0.9879924058914185,0.012007594108581543,16.309507369995117,0.8989541530609131,0.10104584693908691
survset:support2,RDSurv,3,44,3898,3.605551242828369,1,3.7416574954986572,0.3071550726890564,0.6928449273109436,7.681145668029785,0.038984447717666626,0.9610155522823334,16.309507369995117,0.003036022186279297,0.9969639778137207
survset:support2,RDSurv,3,44,1418,23.0,0,3.7416574954986572,0.9999846816062927,1.531839370727539e-05,7.681145668029785,0.9981926679611206,0.0018073320388793945,16.309507369995117,0.9731154441833496,0.02688455581665039
survset:support2,RDSurv,3,44,2980,24.95996856689453,0,3.7416574954986572,0.9981818199157715,0.0018181800842285156,7.681145668029785,0.9504706263542175,0.04952937364578247,16.309507369995117,0.7479857206344604,0.25201427936553955
survset:support2,RDSurv,3,44,2858,26.90724754333496,0,3.7416574954986572,0.9997208118438721,0.0002791881561279297,7.681145668029785,0.9858235120773315,0.014176487922668457,16.309507369995117,0.8870712518692017,0.11292874813079834
survset:support2,RDSurv,3,44,7339,25.357444763183594,0,3.7416574954986572,0.9922049641609192,0.0077950358390808105,7.681145668029785,0.8769165277481079,0.12308347225189209,16.309507369995117,0.5708114504814148,0.4291885495185852
survset:support2,RDSurv,3,44,5236,2.2360680103302,1,3.7416574954986572,0.4025908410549164,0.5974091589450836,7.681145668029785,0.06612208485603333,0.9338779151439667,16.309507369995117,0.006448864936828613,0.9935511350631714
survset:support2,RDSurv,3,44,3776,4.242640495300293,1,3.7416574954986572,0.6390467286109924,0.36095327138900757,7.681145668029785,0.18332871794700623,0.8166712820529938,16.309507369995117,0.02978101372718811,0.9702189862728119
survset:support2,RDSurv,3,44,561,39.49683380126953,0,3.7416574954986572,0.9999654293060303,3.457069396972656e-05,7.681145668029785,0.9967402219772339,0.0032597780227661133,16.309507369995117,0.9589976668357849,0.04100233316421509
survset:support2,RDSurv,3,44,5787,18.788293838500977,0,3.7416574954986572,0.9999885559082031,1.1444091796875e-05,7.681145668029785,0.9985404014587402,0.0014595985412597656,16.309507369995117,0.9769701361656189,0.023029863834381104
survset:support2,RDSurv,3,44,2973,2.2360680103302,1,3.7416574954986572,0.23048058152198792,0.7695194184780121,7.681145668029785,0.02297082543373108,0.9770291745662689,16.309507369995117,0.001454472541809082,0.9985455274581909
survset:support2,RDSurv,3,44,3618,42.402828216552734,0,3.7416574954986572,0.9999418258666992,5.817413330078125e-05,7.681145668029785,0.9952713251113892,0.00472867488861084,16.309507369995117,0.9467139840126038,0.05328601598739624
survset:support2,RDSurv,3,44,7368,24.93992805480957,0,3.7416574954986572,0.999703586101532,0.0002964138984680176,7.681145668029785,0.9852305054664612,0.014769494533538818,16.309507369995117,0.8839463591575623,0.11605364084243774
survset:support2,RDSurv,3,44,4993,26.851442337036133,0,3.7416574954986572,0.9980759620666504,0.0019240379333496094,7.681145668029785,0.9486271142959595,0.05137288570404053,16.309507369995117,0.7422880530357361,0.2577119469642639
survset:support2,RDSurv,3,44,1209,26.88865852355957,0,3.7416574954986572,0.9992774724960327,0.0007225275039672852,7.681145668029785,0.972998857498169,0.027001142501831055,16.309507369995117,0.827810525894165,0.17218947410583496
survset:support2,RDSurv,3,44,3633,42.24925994873047,0,3.7416574954986572,0.9998081922531128,0.00019180774688720703,7.681145668029785,0.9890599250793457,0.010940074920654297,16.309507369995117,0.9051001667976379,0.09489983320236206
survset:support2,RDSurv,3,44,532,2.4494898319244385,1,3.7416574954986572,0.41324031352996826,0.5867596864700317,7.681145668029785,0.06971973180770874,0.9302802681922913,16.309507369995117,0.00696331262588501,0.993036687374115
survset:support2,RDSurv,3,44,2764,6.855654716491699,1,3.7416574954986572,0.5611290335655212,0.43887096643447876,7.681145668029785,0.13461625576019287,0.8653837442398071,16.309507369995117,0.01848471164703369,0.9815152883529663
survset:support2,RDSurv,3,44,5556,21.63330841064453,0,3.7416574954986572,0.9999251365661621,7.486343383789062e-05,7.681145668029785,0.9943445920944214,0.005655407905578613,16.309507369995117,0.9396302700042725,0.06036972999572754
survset:support2,RDSurv,3,44,8815,7.681145668029785,1,3.7416574954986572,0.8040701150894165,0.1959298849105835,7.681145668029785,0.3436894714832306,0.6563105285167694,16.309507369995117,0.08322760462760925,0.9167723953723907
survset:support2,RDSurv,3,44,9096,18.867961883544922,0,3.7416574954986572,0.9966012239456177,0.0033987760543823242,7.681145668029785,0.9261825084686279,0.07381749153137207,16.309507369995117,0.6796307563781738,0.32036924362182617
survset:support2,RDSurv,3,44,5278,24.392621994018555,0,3.7416574954986572,0.9907292723655701,0.009270727634429932,7.681145668029785,0.8634518980979919,0.13654810190200806,16.309507369995117,0.5456547737121582,0.4543452262878418
survset:support2,RDSurv,3,44,8385,36.701499938964844,0,3.7416574954986572,0.9907748699188232,0.009225130081176758,7.681145668029785,0.8638522624969482,0.13614773750305176,16.309507369995117,0.5463805794715881,0.45361942052841187
survset:support2,RDSurv,3,44,2924,25.884357452392578,0,3.7416574954986572,0.9998311996459961,0.00016880035400390625,7.681145668029785,0.989990234375,0.010009765625,16.309507369995117,0.9106408357620239,0.08935916423797607
survset:support2,RDSurv,3,44,8321,10.198039054870605,1,3.7416574954986572,0.9916055798530579,0.008394420146942139,7.681145668029785,0.8713163137435913,0.1286836862564087,16.309507369995117,0.5601564645767212,0.4398435354232788
survset:support2,RDSurv,3,44,3407,11.916375160217285,1,3.7416574954986572,0.9959890246391296,0.004010975360870361,7.681145668029785,0.9181116223335266,0.08188837766647339,16.309507369995117,0.6595412492752075,0.3404587507247925
survset:support2,RDSurv,3,44,8176,39.64845657348633,0,3.7416574954986572,0.9988013505935669,0.0011986494064331055,7.681145668029785,0.9622450470924377,0.037754952907562256,16.309507369995117,0.7870087027549744,0.21299129724502563
survset:support2,RDSurv,3,44,169,7.6157732009887695,1,3.7416574954986572,0.7780984044075012,0.22190159559249878,7.681145668029785,0.31104961037635803,0.688950389623642,16.309507369995117,0.07022100687026978,0.9297789931297302
survset:support2,RDSurv,3,44,5184,15.0,1,3.7416574954986572,0.9980780482292175,0.0019219517707824707,7.681145668029785,0.9486638307571411,0.05133616924285889,16.309507369995117,0.7424006462097168,0.2575993537902832
survset:support2,RDSurv,3,44,4835,2.4494898319244385,1,3.7416574954986572,0.6267210245132446,0.37327897548675537,7.681145668029785,0.174769788980484,0.825230211019516,16.309507369995117,0.02763471007347107,0.9723652899265289
survset:support2,RDSurv,3,44,1773,6.164413928985596,1,3.7416574954986572,0.6154196262359619,0.3845803737640381,7.681145668029785,0.16722452640533447,0.8327754735946655,16.309507369995117,0.025799691677093506,0.9742003083229065
survset:support2,RDSurv,3,44,5126,25.65151023864746,0,3.7416574954986572,0.9998994469642639,0.00010055303573608398,7.681145668029785,0.9930324554443359,0.0069675445556640625,16.309507369995117,0.9302509427070618,0.06974905729293823
survset:support2,RDSurv,3,44,4784,2.2360680103302,1,3.7416574954986572,0.2689061462879181,0.7310938537120819,7.681145668029785,0.03041091561317444,0.9695890843868256,16.309507369995117,0.0021446943283081055,0.9978553056716919
survset:support2,RDSurv,3,44,5198,24.979991912841797,0,3.7416574954986572,0.9999942779541016,5.7220458984375e-06,7.681145668029785,0.9991217851638794,0.0008782148361206055,16.309507369995117,0.9841169714927673,0.015883028507232666
survset:support2,RDSurv,3,44,1568,19.02629852294922,0,3.7416574954986572,0.9928737878799438,0.007126212120056152,7.681145668029785,0.8834031820297241,0.11659681797027588,16.309507369995117,0.5835185050964355,0.41648149490356445
survset:support2,RDSurv,3,44,8708,28.42534065246582,0,3.7416574954986572,0.9990153908729553,0.0009846091270446777,7.681145668029785,0.9668338298797607,0.03316617012023926,16.309507369995117,0.8036970496177673,0.19630295038223267
survset:support2,RDSurv,3,44,3857,40.23679733276367,0,3.7416574954986572,0.9999578595161438,4.214048385620117e-05,7.681145668029785,0.9962445497512817,0.0037554502487182617,16.309507369995117,0.9546802639961243,0.04531973600387573
survset:support2,RDSurv,3,44,2068,14.177447319030762,1,3.7416574954986572,0.9987545609474182,0.0012454390525817871,7.681145668029785,0.9612841010093689,0.038715898990631104,16.309507369995117,0.7836313247680664,0.2163686752319336
survset:support2,RDSurv,3,44,3477,34.66987228393555,1,3.7416574954986572,0.9992363452911377,0.0007636547088623047,7.681145668029785,0.9719841480255127,0.028015851974487305,16.309507369995117,0.8236901760101318,0.17630982398986816
survset:support2,RDSurv,3,44,8648,2.8284270763397217,1,3.7416574954986572,0.3684074282646179,0.6315925717353821,7.681145668029785,0.05538538098335266,0.9446146190166473,16.309507369995117,0.0049974024295806885,0.9950025975704193
survset:support2,RDSurv,3,44,5238,9.848857879638672,1,3.7416574954986572,0.9993372559547424,0.0006627440452575684,7.681145668029785,0.974515438079834,0.025484561920166016,16.309507369995117,0.8340939283370972,0.16590607166290283
survset:support2,RDSurv,3,44,2007,11.916375160217285,1,3.7416574954986572,0.9941788911819458,0.005821108818054199,7.681145668029785,0.8969109058380127,0.1030890941619873,16.309507369995117,0.6113635301589966,0.3886364698410034
survset:support2,RDSurv,3,44,6368,10.198039054870605,1,3.7416574954986572,0.9974239468574524,0.0025760531425476074,7.681145668029785,0.9380617141723633,0.06193828582763672,16.309507369995117,0.7113845944404602,0.2886154055595398
survset:support2,RDSurv,3,44,8473,8.185352325439453,1,3.7416574954986572,0.9653128981590271,0.0346871018409729,7.681145668029785,0.7113425731658936,0.28865742683410645,16.309507369995117,0.335798054933548,0.664201945066452
survset:support2,RDSurv,3,44,8406,36.33180236816406,0,3.7416574954986572,0.9999065399169922,9.34600830078125e-05,7.681145668029785,0.9933810234069824,0.006618976593017578,16.309507369995117,0.9326773285865784,0.06732267141342163
survset:support2,RDSurv,3,44,4180,2.2360680103302,1,3.7416574954986572,0.06803154945373535,0.9319684505462646,7.681145668029785,0.002986341714859009,0.997013658285141,16.309507369995117,9.554624557495117e-05,0.999904453754425
survset:support2,RDSurv,3,44,5271,24.474475860595703,0,3.7416574954986572,0.9998487234115601,0.0001512765884399414,7.681145668029785,0.990726113319397,0.009273886680603027,16.309507369995117,0.9151594638824463,0.08484053611755371
survset:support2,RDSurv,3,44,2565,8.83176040649414,1,3.7416574954986572,0.9997875690460205,0.0002124309539794922,7.681145668029785,0.9882568120956421,0.01174318790435791,16.309507369995117,0.900456964969635,0.09954303503036499
survset:support2,RDSurv,3,44,2327,37.24245071411133,0,3.7416574954986572,0.9993785619735718,0.0006214380264282227,7.681145668029785,0.9755924344062805,0.024407565593719482,16.309507369995117,0.8386520147323608,0.16134798526763916
survset:support2,RDSurv,3,44,8512,23.958297729492188,1,3.7416574954986572,0.9988418221473694,0.0011581778526306152,7.681145668029785,0.9630867838859558,0.03691321611404419,16.309507369995117,0.7899990081787109,0.21000099182128906
survset:support2,RDSurv,3,44,7840,38.39270782470703,1,3.7416574954986572,0.9883363246917725,0.011663675308227539,7.681145668029785,0.843600869178772,0.15639913082122803,16.309507369995117,0.5112080574035645,0.48879194259643555
survset:support2,RDSurv,3,44,8430,32.98484420776367,0,3.7416574954986572,0.9999862909317017,1.3709068298339844e-05,7.681145668029785,0.9983344674110413,0.0016655325889587402,16.309507369995117,0.9746576547622681,0.025342345237731934
survset:support2,RDSurv,3,44,3005,20.0,1,3.7416574954986572,0.9970570802688599,0.0029429197311401367,7.681145668029785,0.9325963258743286,0.06740367412567139,16.309507369995117,0.6964232921600342,0.3035767078399658
survset:support2,RDSurv,3,44,2772,4.123105525970459,1,3.7416574954986572,0.6137032508850098,0.38629674911499023,7.681145668029785,0.1661030352115631,0.8338969647884369,16.309507369995117,0.025531530380249023,0.974468469619751
survset:support2,RDSurv,3,44,9066,20.124610900878906,0,3.7416574954986572,0.9999890327453613,1.0967254638671875e-05,7.681145668029785,0.998582124710083,0.0014178752899169922,16.309507369995117,0.9774507880210876,0.022549211978912354
survset:support2,RDSurv,3,44,4727,29.325756072998047,0,3.7416574954986572,0.9989922642707825,0.0010077357292175293,7.681145668029785,0.9663210511207581,0.03367894887924194,16.309507369995117,0.8017835021018982,0.1982164978981018
survset:support2,RDSurv,3,44,2819,16.0,1,3.7416574954986572,0.9856328964233398,0.014367103576660156,7.681145668029785,0.8234126567840576,0.17658734321594238,16.309507369995117,0.4789374768733978,0.5210625231266022
survset:support2,RDSurv,3,44,2714,4.123105525970459,1,3.7416574954986572,0.5428667068481445,0.45713329315185547,7.681145668029785,0.12486496567726135,0.8751350343227386,16.309507369995117,0.016492128372192383,0.9835078716278076
survset:support2,RDSurv,3,44,3339,44.41846466064453,0,3.7416574954986572,0.999971866607666,2.8133392333984375e-05,7.681145668029785,0.997193455696106,0.002806544303894043,16.309507369995117,0.9631359577178955,0.03686404228210449
survset:support2,RDSurv,3,44,7376,22.912878036499023,1,3.7416574954986572,0.9997184872627258,0.0002815127372741699,7.681145668029785,0.9857436418533325,0.01425635814666748,16.309507369995117,0.8866474628448486,0.11335253715515137
survset:support2,RDSurv,3,44,1804,43.27817153930664,0,3.7416574954986572,0.9999032616615295,9.673833847045898e-05,7.681145668029785,0.993219792842865,0.00678020715713501,16.309507369995117,0.9315497875213623,0.0684502124786377
survset:support2,RDSurv,3,44,5037,5.916079998016357,1,3.7416574954986572,0.5561967492103577,0.44380325078964233,7.681145668029785,0.1319265067577362,0.8680734932422638,16.309507369995117,0.017926067113876343,0.9820739328861237
survset:support2,RDSurv,3,44,2778,28.26658821105957,0,3.7416574954986572,0.9947942495346069,0.005205750465393066,7.681145668029785,0.9037454128265381,0.09625458717346191,16.309507369995117,0.6262442469596863,0.3737557530403137
survset:support2,RDSurv,3,44,6753,2.2360680103302,1,3.7416574954986572,0.0735296905040741,0.9264703094959259,7.681145668029785,0.003377765417098999,0.996622234582901,16.309507369995117,0.00011214613914489746,0.9998878538608551
survset:support2,RDSurv,3,44,1275,11.0,1,3.7416574954986572,0.9894633889198303,0.010536611080169678,7.681145668029785,0.8526821136474609,0.14731788635253906,16.309507369995117,0.5266042947769165,0.4733957052230835
survset:support2,RDSurv,3,44,1221,4.0,1,3.7416574954986572,0.5552806854248047,0.4447193145751953,7.681145668029785,0.13143154978752136,0.8685684502124786,16.309507369995117,0.017824023962020874,0.9821759760379791
survset:support2,RDSurv,3,44,3349,44.373416900634766,0,3.7416574954986572,0.9999837875366211,1.621246337890625e-05,7.681145668029785,0.9981135725975037,0.0018864274024963379,16.309507369995117,0.9722718596458435,0.027728140354156494
survset:support2,RDSurv,3,44,1227,3.0,1,3.7416574954986572,0.5891546607017517,0.4108453392982483,7.681145668029785,0.15073338150978088,0.8492666184902191,16.309507369995117,0.02197524905204773,0.9780247509479523
survset:support2,RDSurv,3,44,2416,33.0151481628418,0,3.7416574954986572,0.9991607666015625,0.0008392333984375,7.681145668029785,0.9701672792434692,0.02983272075653076,16.309507369995117,0.8164685964584351,0.18353140354156494
survset:support2,RDSurv,3,44,1343,24.73863410949707,0,3.7416574954986572,0.9995832443237305,0.00041675567626953125,7.681145668029785,0.9813636541366577,0.018636345863342285,16.309507369995117,0.8646595478057861,0.13534045219421387
survset:support2,RDSurv,3,44,7459,6.855654716491699,1,3.7416574954986572,0.6486724615097046,0.3513275384902954,7.681145668029785,0.19026359915733337,0.8097364008426666,16.309507369995117,0.0315706729888916,0.9684293270111084
survset:support2,RDSurv,3,44,5547,21.725561141967773,0,3.7416574954986572,0.9998196363449097,0.00018036365509033203,7.681145668029785,0.9895163774490356,0.010483622550964355,16.309507369995117,0.9077958464622498,0.09220415353775024
survset:support2,RDSurv,3,44,5378,4.795831680297852,1,3.7416574954986572,0.6766994595527649,0.3233005404472351,7.681145668029785,0.21180471777915955,0.7881952822208405,16.309507369995117,0.03741994500160217,0.9625800549983978
survset:support2,RDSurv,3,44,6820,5.830951690673828,1,3.7416574954986572,0.5612415671348572,0.4387584328651428,7.681145668029785,0.13467809557914734,0.8653219044208527,16.309507369995117,0.01849764585494995,0.98150235414505
survset:support2,RDSurv,3,44,4652,12.206555366516113,1,3.7416574954986572,0.9787918925285339,0.021208107471466064,7.681145668029785,0.7795721292495728,0.22042787075042725,16.309507369995117,0.41663071513175964,0.5833692848682404
survset:support2,RDSurv,3,44,91,3.464101552963257,1,3.7416574954986572,0.5675202012062073,0.4324797987937927,7.681145668029785,0.1381652057170868,0.8618347942829132,16.309507369995117,0.01923230290412903,0.980767697095871
survset:support2,RDSurv,3,44,7234,7.071067810058594,1,3.7416574954986572,0.5334689617156982,0.46653103828430176,7.681145668029785,0.12006315588951111,0.8799368441104889,16.309507369995117,0.015544146299362183,0.9844558537006378
survset:support2,RDSurv,3,44,5579,5.385164737701416,1,3.7416574954986572,0.4977831542491913,0.5022168457508087,7.681145668029785,0.10307538509368896,0.896924614906311,16.309507369995117,0.012368321418762207,0.9876316785812378
survset:support2,RDSurv,3,44,2873,26.62705421447754,0,3.7416574954986572,0.9993226528167725,0.0006773471832275391,7.681145668029785,0.9741402864456177,0.025859713554382324,16.309507369995117,0.832525372505188,0.167474627494812
survset:support2,RDSurv,3,44,1986,8.306623458862305,1,3.7416574954986572,0.9892563819885254,0.01074361801147461,7.681145668029785,0.8509805202484131,0.14901947975158691,16.309507369995117,0.5236746072769165,0.4763253927230835
survset:support2,RDSurv,3,44,1553,19.646883010864258,0,3.7416574954986572,0.9999603033065796,3.9696693420410156e-05,7.681145668029785,0.996403157711029,0.0035968422889709473,16.309507369995117,0.9560400247573853,0.043959975242614746
survset:support2,RDSurv,3,44,685,18.384777069091797,1,3.7416574954986572,0.9991697072982788,0.0008302927017211914,7.681145668029785,0.9703778028488159,0.029622197151184082,16.309507369995117,0.8172954320907593,0.18270456790924072
survset:support2,RDSurv,3,44,5745,2.2360680103302,1,3.7416574954986572,0.11446860432624817,0.8855313956737518,7.681145668029785,0.0069127678871154785,0.9930872321128845,16.309507369995117,0.00028762221336364746,0.9997123777866364
survset:support2,RDSurv,3,44,8018,3.316624879837036,1,3.7416574954986572,0.40004152059555054,0.5999584794044495,7.681145668029785,0.06527918577194214,0.9347208142280579,16.309507369995117,0.006330341100692749,0.9936696588993073
survset:support2,RDSurv,3,44,885,32.32645797729492,0,3.7416574954986572,0.9990306496620178,0.0009693503379821777,7.681145668029785,0.9671748876571655,0.03282511234283447,16.309507369995117,0.8049773573875427,0.19502264261245728
survset:support2,RDSurv,3,44,6154,3.7416574954986572,1,3.7416574954986572,0.25075024366378784,0.7492497563362122,7.681145668029785,0.026754230260849,0.973245769739151,16.309507369995117,0.0017952322959899902,0.99820476770401
survset:support2,RDSurv,3,44,5207,12.369317054748535,1,3.7416574954986572,0.9967362284660339,0.0032637715339660645,7.681145668029785,0.928043007850647,0.07195699214935303,16.309507369995117,0.684421956539154,0.31557804346084595
survset:support2,RDSurv,3,44,4917,27.622453689575195,0,3.7416574954986572,0.9999985694885254,1.430511474609375e-06,7.681145668029785,0.9996834397315979,0.0003165602684020996,16.309507369995117,0.9925695061683655,0.0074304938316345215
survset:support2,RDSurv,3,44,5474,22.56102752685547,0,3.7416574954986572,0.9980638027191162,0.001936197280883789,7.681145668029785,0.9484186172485352,0.051581382751464844,16.309507369995117,0.7416499853134155,0.2583500146865845
survset:support2,RDSurv,3,44,5588,2.2360680103302,1,3.7416574954986572,0.29934877157211304,0.700651228427887,7.681145668029785,0.03713566064834595,0.962864339351654,16.309507369995117,0.0028356313705444336,0.9971643686294556
survset:support2,RDSurv,3,44,2860,3.1622776985168457,1,3.7416574954986572,0.47719767689704895,0.522802323102951,7.681145668029785,0.09411182999610901,0.905888170003891,16.309507369995117,0.010805904865264893,0.9891940951347351
survset:support2,RDSurv,3,44,5301,19.131126403808594,1,3.7416574954986572,0.992194652557373,0.007805347442626953,7.681145668029785,0.8768182396888733,0.12318176031112671,16.309507369995117,0.570621907711029,0.42937809228897095
survset:support2,RDSurv,3,44,7389,24.75883674621582,0,3.7416574954986572,0.9965404272079468,0.0034595727920532227,7.681145668029785,0.9253554940223694,0.07464450597763062,16.309507369995117,0.6775209307670593,0.3224790692329407
survset:support2,RDSurv,3,44,8760,27.276363372802734,0,3.7416574954986572,0.9991746544837952,0.000825345516204834,7.681145668029785,0.9704958200454712,0.02950417995452881,16.309507369995117,0.817760169506073,0.182239830493927
survset:support2,RDSurv,3,44,2252,9.643651008605957,1,3.7416574954986572,0.9938310980796814,0.0061689019203186035,7.681145668029785,0.8931891322135925,0.10681086778640747,16.309507369995117,0.6034929156303406,0.3965070843696594
survset:support2,RDSurv,3,44,77,44.48595428466797,0,3.7416574954986572,0.9998699426651001,0.00013005733489990234,7.681145668029785,0.991653561592102,0.00834643840789795,16.309507369995117,0.9210444688796997,0.07895553112030029
survset:support2,RDSurv,3,44,5735,7.874007701873779,1,3.7416574954986572,0.99239182472229,0.007608175277709961,7.681145668029785,0.8787024021148682,0.12129759788513184,16.309507369995117,0.574269711971283,0.42573028802871704
survset:support2,RDSurv,3,44,306,4.0,1,3.7416574954986572,0.8240014314651489,0.17599856853485107,7.681145668029785,0.3714779019355774,0.6285220980644226,16.309507369995117,0.09523141384124756,0.9047685861587524
survset:support2,RDSurv,3,44,3946,39.306488037109375,0,3.7416574954986572,0.9999948143959045,5.185604095458984e-06,7.681145668029785,0.9991856217384338,0.0008143782615661621,16.309507369995117,0.9849752187728882,0.015024781227111816
survset:support2,RDSurv,3,44,7096,15.0,1,3.7416574954986572,0.9905088543891907,0.009491145610809326,7.681145668029785,0.8615288734436035,0.13847112655639648,16.309507369995117,0.5421867966651917,0.45781320333480835
survset:support2,RDSurv,3,44,1100,10.344079971313477,1,3.7416574954986572,0.9992406964302063,0.0007593035697937012,7.681145668029785,0.9720902442932129,0.02790975570678711,16.309507369995117,0.8241180181503296,0.1758819818496704
survset:support2,RDSurv,3,44,701,26.739484786987305,1,3.7416574954986572,0.9998773336410522,0.0001226663589477539,7.681145668029785,0.9919883608818054,0.00801163911819458,16.309507369995117,0.9232266545295715,0.07677334547042847
survset:support2,RDSurv,3,44,1746,35.2703857421875,1,3.7416574954986572,0.9960814714431763,0.0039185285568237305,7.681145668029785,0.9192948341369629,0.08070516586303711,16.309507369995117,0.6624191403388977,0.3375808596611023
survset:support2,RDSurv,3,44,6688,36.441734313964844,0,3.7416574954986572,0.9990621209144592,0.0009378790855407715,7.681145668029785,0.9678840041160583,0.03211599588394165,16.309507369995117,0.8076574802398682,0.19234251976013184
survset:support2,RDSurv,3,44,2521,3.605551242828369,1,3.7416574954986572,0.7004032731056213,0.29959672689437866,7.681145668029785,0.23174768686294556,0.7682523131370544,16.309507369995117,0.04323011636734009,0.9567698836326599
survset:support2,RDSurv,3,44,896,8.246211051940918,1,3.7416574954986572,0.9819556474685669,0.018044352531433105,7.681145668029785,0.7987775802612305,0.20122241973876953,16.309507369995117,0.4427475929260254,0.5572524070739746
survset:support2,RDSurv,3,44,6872,4.898979663848877,1,3.7416574954986572,0.45889097452163696,0.541109025478363,7.681145668029785,0.08661597967147827,0.9133840203285217,16.309507369995117,0.009560555219650269,0.9904394447803497
survset:support2,RDSurv,3,44,9057,8.9442720413208,1,3.7416574954986572,0.9950060844421387,0.004993915557861328,7.681145668029785,0.9061787128448486,0.09382128715515137,16.309507369995117,0.6316836476325989,0.3683163523674011
survset:support2,RDSurv,3,44,8486,4.4721360206604,1,3.7416574954986572,0.8274185657501221,0.17258143424987793,7.681145668029785,0.37651336193084717,0.6234866380691528,16.309507369995117,0.09750145673751831,0.9024985432624817
survset:support2,RDSurv,3,44,7847,3.316624879837036,1,3.7416574954986572,0.6809458136558533,0.31905418634414673,7.681145668029785,0.21525511145591736,0.7847448885440826,16.309507369995117,0.03839787840843201,0.961602121591568
survset:support2,RDSurv,3,44,254,2.6457512378692627,1,3.7416574954986572,0.8243090510368347,0.17569094896316528,7.681145668029785,0.37192779779434204,0.628072202205658,16.309507369995117,0.09543302655220032,0.9045669734477997
survset:support2,RDSurv,3,44,8908,4.4721360206604,1,3.7416574954986572,0.56996089220047,0.43003910779953003,7.681145668029785,0.13953974843025208,0.8604602515697479,16.309507369995117,0.01952502131462097,0.980474978685379
survset:support2,RDSurv,3,44,3276,2.6457512378692627,1,3.7416574954986572,0.6441940069198608,0.35580599308013916,7.681145668029785,0.1870090663433075,0.8129909336566925,16.309507369995117,0.03072512149810791,0.9692748785018921
survset:support2,RDSurv,3,44,7938,42.69660568237305,0,3.7416574954986572,0.9985973834991455,0.0014026165008544922,7.681145668029785,0.9581530094146729,0.04184699058532715,16.309507369995117,0.7728826999664307,0.22711730003356934
survset:support2,RDSurv,3,44,5804,18.6279354095459,0,3.7416574954986572,0.9960633516311646,0.003936648368835449,7.681145668029785,0.9190620183944702,0.08093798160552979,16.309507369995117,0.661851167678833,0.338148832321167
survset:support2,RDSurv,3,44,1205,26.96293830871582,0,3.7416574954986572,0.9998791217803955,0.00012087821960449219,7.681145668029785,0.9920693039894104,0.0079306960105896,16.309507369995117,0.9237590432167053,0.07624095678329468
survset:support2,RDSurv,3,44,5679,20.44504737854004,0,3.7416574954986572,0.9998708963394165,0.0001291036605834961,7.681145668029785,0.9916955232620239,0.008304476737976074,16.309507369995117,0.9213165044784546,0.07868349552154541
survset:support2,RDSurv,3,44,2968,2.2360680103302,1,3.7416574954986572,0.5166905522346497,0.48330944776535034,7.681145668029785,0.11183732748031616,0.8881626725196838,16.309507369995117,0.013971537351608276,0.9860284626483917
survset:support2,RDSurv,3,44,2658,2.2360680103302,1,3.7416574954986572,0.342584490776062,0.657415509223938,7.681145668029785,0.04804784059524536,0.9519521594047546,16.309507369995117,0.004080295562744141,0.9959197044372559
survset:support2,RDSurv,3,44,119,41.773197174072266,1,3.7416574954986572,0.9964568614959717,0.0035431385040283203,7.681145668029785,0.9242278337478638,0.07577216625213623,16.309507369995117,0.6746636629104614,0.3253363370895386
survset:support2,RDSurv,3,44,1087,29.086078643798828,0,3.7416574954986572,0.99996018409729,3.981590270996094e-05,7.681145668029785,0.9963953495025635,0.0036046504974365234,16.309507369995117,0.9559723138809204,0.04402768611907959
survset:support2,RDSurv,3,44,748,9.486832618713379,1,3.7416574954986572,0.9978294372558594,0.002170562744140625,7.681145668029785,0.9444847106933594,0.055515289306640625,16.309507369995117,0.7298330068588257,0.2701669931411743
survset:support2,RDSurv,3,44,5093,11.575837135314941,1,3.7416574954986572,0.9995611906051636,0.0004388093948364258,7.681145668029785,0.9807004332542419,0.019299566745758057,16.309507369995117,0.8615180850028992,0.13848191499710083
survset:support2,RDSurv,3,44,8862,25.039968490600586,0,3.7416574954986572,0.9970484972000122,0.002951502799987793,7.681145668029785,0.9324724674224854,0.06752753257751465,16.309507369995117,0.6960914134979248,0.3039085865020752
survset:support2,RDSurv,3,44,4280,4.898979663848877,1,3.7416574954986572,0.3855668306350708,0.6144331693649292,7.681145668029785,0.060624003410339355,0.9393759965896606,16.309507369995117,0.005689710378646851,0.9943102896213531
survset:support2,RDSurv,3,44,3198,10.049875259399414,1,3.7416574954986572,0.9445544481277466,0.05544555187225342,7.681145668029785,0.6313897371292114,0.3686102628707886,16.309507369995117,0.25922608375549316,0.7407739162445068
survset:support2,RDSurv,3,44,7639,20.59126091003418,1,3.7416574954986572,0.999600887298584,0.0003991127014160156,7.681145668029785,0.981904149055481,0.018095850944519043,16.309507369995117,0.8672527074813843,0.13274729251861572
survset:support2,RDSurv,3,44,3875,12.845232963562012,1,3.7416574954986572,0.9954714775085449,0.004528522491455078,7.681145668029785,0.911688506603241,0.08831149339675903,16.309507369995117,0.6442925930023193,0.35570740699768066
survset:support2,RDSurv,3,44,6517,13.190905570983887,1,3.7416574954986572,0.9534929990768433,0.04650700092315674,7.681145668029785,0.6631386280059814,0.33686137199401855,16.309507369995117,0.28766289353370667,0.7123371064662933
survset:support2,RDSurv,3,44,1858,2.0,1,3.7416574954986572,0.35959896445274353,0.6404010355472565,7.681145668029785,0.05281028151512146,0.9471897184848785,16.309507369995117,0.004668474197387695,0.9953315258026123
survset:support2,RDSurv,3,44,476,4.795831680297852,1,3.7416574954986572,0.6053493618965149,0.3946506381034851,7.681145668029785,0.1607339084148407,0.8392660915851593,16.309507369995117,0.024263978004455566,0.9757360219955444
survset:support2,RDSurv,3,44,4490,1.7320507764816284,1,3.7416574954986572,0.07796251773834229,0.9220374822616577,7.681145668029785,0.0037078559398651123,0.9962921440601349,16.309507369995117,0.00012668967247009277,0.9998733103275299
survset:support2,RDSurv,3,44,788,14.899664878845215,1,3.7416574954986572,0.9684983491897583,0.0315016508102417,7.681145668029785,0.7259147763252258,0.27408522367477417,16.309507369995117,0.35168856382369995,0.6483114361763
survset:support2,RDSurv,3,44,5565,4.242640495300293,1,3.7416574954986572,0.6990078687667847,0.30099213123321533,7.681145668029785,0.23052626848220825,0.7694737315177917,16.309507369995117,0.042863279581069946,0.95713672041893
survset:support2,RDSurv,3,44,1361,12.083045959472656,1,3.7416574954986572,0.9967280626296997,0.003271937370300293,7.681145668029785,0.927929162979126,0.07207083702087402,16.309507369995117,0.6841268539428711,0.3158731460571289
survset:support2,RDSurv,3,44,9083,2.0,1,3.7416574954986572,0.2800387144088745,0.7199612855911255,7.681145668029785,0.032782167196273804,0.9672178328037262,16.309507369995117,0.002381354570388794,0.9976186454296112
survset:support2,RDSurv,3,44,5772,3.464101552963257,1,3.7416574954986572,0.6232337951660156,0.3767662048339844,7.681145668029785,0.17241141200065613,0.8275885879993439,16.309507369995117,0.027055412530899048,0.972944587469101
survset:support2,RDSurv,3,44,7092,6.0,1,3.7416574954986572,0.38166874647140503,0.618331253528595,7.681145668029785,0.059407711029052734,0.9405922889709473,16.309507369995117,0.005526244640350342,0.9944737553596497
survset:support2,RDSurv,3,44,2717,29.20616340637207,0,3.7416574954986572,0.9972907304763794,0.0027092695236206055,7.681145668029785,0.9360427856445312,0.06395721435546875,16.309507369995117,0.7057834267616272,0.2942165732383728
survset:support2,RDSurv,3,44,2884,26.438608169555664,0,3.7416574954986572,0.9990164041519165,0.000983595848083496,7.681145668029785,0.9668564796447754,0.03314352035522461,16.309507369995117,0.8037819862365723,0.19621801376342773
survset:support2,RDSurv,3,44,617,28.896366119384766,1,3.7416574954986572,0.9943869113922119,0.005613088607788086,7.681145668029785,0.8991836309432983,0.10081636905670166,16.309507369995117,0.6162489652633667,0.3837510347366333
survset:support2,RDSurv,3,44,7033,29.51270866394043,0,3.7416574954986572,0.9982123374938965,0.0017876625061035156,7.681145668029785,0.9510089159011841,0.04899108409881592,16.309507369995117,0.749668300151825,0.25033169984817505
survset:support2,RDSurv,3,44,1479,7.141428470611572,1,3.7416574954986572,0.17602431774139404,0.823975682258606,7.681145668029785,0.014287978410720825,0.9857120215892792,16.309507369995117,0.0007607340812683105,0.9992392659187317
survset:support2,RDSurv,3,44,2706,29.35983657836914,0,3.7416574954986572,0.9999022483825684,9.775161743164062e-05,7.681145668029785,0.9931721091270447,0.006827890872955322,16.309507369995117,0.9312179088592529,0.06878209114074707
survset:support2,RDSurv,3,44,2659,20.099750518798828,1,3.7416574954986572,0.9939966201782227,0.006003379821777344,7.681145668029785,0.8949486613273621,0.10505133867263794,16.309507369995117,0.6071941256523132,0.39280587434768677
survset:support2,RDSurv,3,44,1904,7.141428470611572,1,3.7416574954986572,0.6547049283981323,0.3452950716018677,7.681145668029785,0.19472649693489075,0.8052735030651093,16.309507369995117,0.03274640440940857,0.9672535955905914
survset:support2,RDSurv,3,44,6864,4.898979663848877,1,3.7416574954986572,0.25270479917526245,0.7472952008247375,7.681145668029785,0.02713555097579956,0.9728644490242004,16.309507369995117,0.0018307864665985107,0.9981692135334015
survset:support2,RDSurv,3,44,5032,2.6457512378692627,1,3.7416574954986572,0.4271582365036011,0.5728417634963989,7.681145668029785,0.07461202144622803,0.925387978553772,16.309507369995117,0.007684886455535889,0.9923151135444641
survset:support2,RDSurv,3,44,7049,8.66025447845459,1,3.7416574954986572,0.9967094659805298,0.003290534019470215,7.681145668029785,0.9276712536811829,0.07232874631881714,16.309507369995117,0.6834595799446106,0.3165404200553894
survset:support2,RDSurv,3,44,288,33.55592346191406,1,3.7416574954986572,0.9956724047660828,0.004327595233917236,7.681145668029785,0.9141430854797363,0.08585691452026367,16.309507369995117,0.6500471830368042,0.3499528169631958
survset:support2,RDSurv,3,44,1606,44.988887786865234,0,3.7416574954986572,0.9984778761863708,0.0015221238136291504,7.681145668029785,0.9558624029159546,0.04413759708404541,16.309507369995117,0.7652513980865479,0.23474860191345215
survset:support2,RDSurv,3,44,4867,3.464101552963257,1,3.7416574954986572,0.05414301156997681,0.9458569884300232,7.681145668029785,0.002087622880935669,0.9979123771190643,16.309507369995117,6.0051679611206055e-05,0.9999399483203888
survset:support2,RDSurv,3,44,71,22.427661895751953,1,3.7416574954986572,0.9968898296356201,0.003110170364379883,7.681145668029785,0.9301986694335938,0.06980133056640625,16.309507369995117,0.6900537610054016,0.3099462389945984
survset:support2,RDSurv,3,44,1572,18.867961883544922,0,3.7416574954986572,0.9990891218185425,0.0009108781814575195,7.681145668029785,0.9684993028640747,0.03150069713592529,16.309507369995117,0.810004472732544,0.18999552726745605
survset:support2,RDSurv,3,44,2586,6.244997978210449,1,3.7416574954986572,0.5104735493659973,0.4895264506340027,7.681145668029785,0.10889840126037598,0.891101598739624,16.309507369995117,0.013425499200820923,0.9865745007991791
survset:support2,RDSurv,3,44,7382,24.819347381591797,0,3.7416574954986572,0.9990813732147217,0.0009186267852783203,7.681145668029785,0.9683212041854858,0.03167879581451416,16.309507369995117,0.8093230724334717,0.19067692756652832
survset:support2,RDSurv,3,44,4932,27.513633728027344,0,3.7416574954986572,0.9999765157699585,2.3484230041503906e-05,7.681145668029785,0.9975359439849854,0.0024640560150146484,16.309507369995117,0.9664064645767212,0.03359353542327881
survset:support2,RDSurv,3,44,34,10.630146026611328,1,3.7416574954986572,0.9995044469833374,0.0004955530166625977,7.681145668029785,0.9790432453155518,0.020956754684448242,16.309507369995117,0.8538543581962585,0.14614564180374146
survset:support2,RDSurv,3,44,1641,2.6457512378692627,1,3.7416574954986572,0.6724796891212463,0.32752031087875366,7.681145668029785,0.20842641592025757,0.7915735840797424,16.309507369995117,0.03647345304489136,0.9635265469551086
survset:support2,RDSurv,3,44,8523,5.656854152679443,1,3.7416574954986572,0.4977802336215973,0.5022197663784027,7.681145668029785,0.10307404398918152,0.8969259560108185,16.309507369995117,0.012368083000183105,0.9876319169998169
survset:support2,RDSurv,3,44,2218,5.830951690673828,1,3.7416574954986572,0.535647451877594,0.464352548122406,7.681145668029785,0.12116357684135437,0.8788364231586456,16.309507369995117,0.015759438276290894,0.9842405617237091
survset:support2,RDSurv,3,44,3830,4.4721360206604,1,3.7416574954986572,0.4554842710494995,0.5445157289505005,7.681145668029785,0.08526837825775146,0.9147316217422485,16.309507369995117,0.00934264063835144,0.9906573593616486
survset:support2,RDSurv,3,44,9076,4.690415859222412,1,3.7416574954986572,0.27472540736198425,0.7252745926380157,7.681145668029785,0.03163796663284302,0.968362033367157,16.309507369995117,0.0022661983966827393,0.9977338016033173
survset:support2,RDSurv,3,44,7083,28.844409942626953,0,3.7416574954986572,0.9998161792755127,0.0001838207244873047,7.681145668029785,0.9893792271614075,0.01062077283859253,16.309507369995117,0.9069814682006836,0.0930185317993164
survset:support2,RDSurv,3,44,1604,7.681145668029785,1,3.7416574954986572,0.5235092639923096,0.47649073600769043,7.681145668029785,0.11512777209281921,0.8848722279071808,16.309507369995117,0.014592796564102173,0.9854072034358978
survset:support2,RDSurv,3,44,2622,18.493242263793945,1,3.7416574954986572,0.9991581439971924,0.0008418560028076172,7.681145668029785,0.9701055288314819,0.029894471168518066,16.309507369995117,0.8162263035774231,0.1837736964225769
survset:support2,RDSurv,3,44,2551,31.480152130126953,0,3.7416574954986572,0.994513988494873,0.005486011505126953,7.681145668029785,0.9005904197692871,0.09940958023071289,16.309507369995117,0.6193040609359741,0.3806959390640259
survset:support2,RDSurv,3,44,6985,5.4772257804870605,1,3.7416574954986572,0.5382348299026489,0.4617651700973511,7.681145668029785,0.12248042225837708,0.8775195777416229,16.309507369995117,0.016018599271774292,0.9839814007282257
survset:support2,RDSurv,3,44,7896,2.2360680103302,1,3.7416574954986572,0.19051536917686462,0.8094846308231354,7.681145668029785,0.01639428734779358,0.9836057126522064,16.309507369995117,0.0009168088436126709,0.9990831911563873
survset:support2,RDSurv,3,44,503,25.942243576049805,1,3.7416574954986572,0.9999709725379944,2.9027462005615234e-05,7.681145668029785,0.9971269369125366,0.002873063087463379,16.309507369995117,0.9625157117843628,0.03748428821563721
survset:support2,RDSurv,3,44,3813,4.123105525970459,1,3.7416574954986572,0.5187971591949463,0.4812028408050537,7.681145668029785,0.11284634470939636,0.8871536552906036,16.309507369995117,0.01416093111038208,0.9858390688896179
survset:support2,RDSurv,3,44,4776,28.827070236206055,0,3.7416574954986572,0.9997727274894714,0.00022727251052856445,7.681145668029785,0.9876973628997803,0.012302637100219727,16.309507369995117,0.8972923755645752,0.1027076244354248
survset:support2,RDSurv,3,44,6510,38.40572738647461,0,3.7416574954986572,0.9998633861541748,0.0001366138458251953,7.681145668029785,0.9913612604141235,0.008638739585876465,16.309507369995117,0.9191656112670898,0.08083438873291016
survset:support2,RDSurv,3,44,604,2.8284270763397217,1,3.7416574954986572,0.5168986916542053,0.4831013083457947,7.681145668029785,0.11193671822547913,0.8880632817745209,16.309507369995117,0.013990163803100586,0.9860098361968994
survset:support2,RDSurv,3,44,4350,4.795831680297852,1,3.7416574954986572,0.34068048000335693,0.6593195199966431,7.681145668029785,0.04753187298774719,0.9524681270122528,16.309507369995117,0.004018157720565796,0.9959818422794342
survset:support2,RDSurv,3,44,6074,42.86023712158203,0,3.7416574954986572,0.9988488554954529,0.0011511445045471191,7.681145668029785,0.9632344841957092,0.03676551580429077,16.309507369995117,0.7905269265174866,0.20947307348251343
survset:support2,RDSurv,3,44,5502,15.099668502807617,1,3.7416574954986572,0.9836100339889526,0.016389966011047363,7.681145668029785,0.8095130324363708,0.19048696756362915,16.309507369995117,0.4581218659877777,0.5418781340122223
survset:support2,RDSurv,3,44,7185,4.0,1,3.7416574954986572,0.7973737716674805,0.20262622833251953,7.681145668029785,0.3349130153656006,0.6650869846343994,16.309507369995117,0.07961642742156982,0.9203835725784302
survset:support2,RDSurv,3,44,7913,14.73091983795166,1,3.7416574954986572,0.9957489967346191,0.004251003265380859,7.681145668029785,0.9150913953781128,0.08490860462188721,16.309507369995117,0.6522941589355469,0.3477058410644531
survset:support2,RDSurv,3,44,4090,15.0,1,3.7416574954986572,0.9995193481445312,0.00048065185546875,7.681145668029785,0.9794706106185913,0.02052938938140869,16.309507369995117,0.8558063507080078,0.1441936492919922
survset:support2,RDSurv,3,44,7755,23.494680404663086,1,3.7416574954986572,0.9999514818191528,4.851818084716797e-05,7.681145668029785,0.9958473443984985,0.004152655601501465,16.309507369995117,0.9513545036315918,0.0486454963684082
survset:support2,RDSurv,3,44,239,3.0,1,3.7416574954986572,0.10919547080993652,0.8908045291900635,7.681145668029785,0.006396472454071045,0.993603527545929,16.309507369995117,0.0002594888210296631,0.9997405111789703
survset:support2,RDSurv,3,44,8593,9.273618698120117,1,3.7416574954986572,0.9973740577697754,0.0026259422302246094,7.681145668029785,0.9373008012771606,0.06269919872283936,16.309507369995117,0.7092630863189697,0.2907369136810303
survset:support2,RDSurv,3,44,1545,19.84943389892578,0,3.7416574954986572,0.99977707862854,0.00022292137145996094,7.681145668029785,0.9878617525100708,0.0121382474899292,16.309507369995117,0.8982166051864624,0.1017833948135376
survset:support2,RDSurv,3,44,3945,35.18522262573242,1,3.7416574954986572,0.999966025352478,3.3974647521972656e-05,7.681145668029785,0.9967820048332214,0.0032179951667785645,16.309507369995117,0.9593706727027893,0.04062932729721069
survset:support2,RDSurv,3,44,739,4.123105525970459,1,3.7416574954986572,0.4315846860408783,0.5684153139591217,7.681145668029785,0.07621437311172485,0.9237856268882751,16.309507369995117,0.00792667269706726,0.9920733273029327
survset:support2,RDSurv,3,44,2865,3.464101552963257,1,3.7416574954986572,0.2964257597923279,0.7035742402076721,7.681145668029785,0.03645670413970947,0.9635432958602905,16.309507369995117,0.002763122320175171,0.9972368776798248
survset:support2,RDSurv,3,44,8849,25.179357528686523,0,3.7416574954986572,0.9982939958572388,0.0017060041427612305,7.681145668029785,0.9524703025817871,0.04752969741821289,16.309507369995117,0.7542809247970581,0.2457190752029419
survset:support2,RDSurv,3,44,8376,3.7416574954986572,1,3.7416574954986572,0.38565894961357117,0.6143410503864288,7.681145668029785,0.06065294146537781,0.9393470585346222,16.309507369995117,0.005693614482879639,0.9943063855171204
survset:support2,RDSurv,3,44,4297,32.80244064331055,0,3.7416574954986572,0.9892666935920715,0.010733306407928467,7.681145668029785,0.8510647416114807,0.1489352583885193,16.309507369995117,0.5238191485404968,0.4761808514595032
survset:support2,RDSurv,3,44,4284,1.7320507764816284,1,3.7416574954986572,0.0004235506057739258,0.9995764493942261,7.681145668029785,2.1457672119140625e-06,0.9999978542327881,16.309507369995117,0.0,1.0
survset:support2,RDSurv,3,44,3981,39.0128173828125,0,3.7416574954986572,0.9999549388885498,4.506111145019531e-05,7.681145668029785,0.9960570335388184,0.003942966461181641,16.309507369995117,0.9530965089797974,0.04690349102020264
survset:support2,RDSurv,3,44,523,28.390138626098633,1,3.7416574954986572,0.9974843263626099,0.0025156736373901367,7.681145668029785,0.9389908909797668,0.061009109020233154,16.309507369995117,0.7139930129051208,0.28600698709487915
survset:support2,RDSurv,3,44,1808,11.401754379272461,1,3.7416574954986572,0.9963721036911011,0.0036278963088989258,7.681145668029785,0.9230955243110657,0.07690447568893433,16.309507369995117,0.6718170642852783,0.3281829357147217
survset:support2,RDSurv,3,44,2588,9.899495124816895,1,3.7416574954986572,0.998664140701294,0.0013358592987060547,7.681145668029785,0.9594653844833374,0.0405346155166626,16.309507369995117,0.7773417234420776,0.22265827655792236
survset:support2,RDSurv,3,44,6149,5.4772257804870605,1,3.7416574954986572,0.47489920258522034,0.5251007974147797,7.681145668029785,0.09314671158790588,0.9068532884120941,16.309507369995117,0.010642409324645996,0.989357590675354
survset:support2,RDSurv,3,44,9070,4.4721360206604,1,3.7416574954986572,0.6835045218467712,0.31649547815322876,7.681145668029785,0.2173592746257782,0.7826407253742218,16.309507369995117,0.03899982571601868,0.9610001742839813
survset:support2,RDSurv,3,44,7230,26.72077751159668,0,3.7416574954986572,0.9965357780456543,0.003464221954345703,7.681145668029785,0.9252924919128418,0.0747075080871582,16.309507369995117,0.6773607730865479,0.32263922691345215
survset:support2,RDSurv,3,44,5848,11.747340202331543,1,3.7416574954986572,0.9957665801048279,0.004233419895172119,7.681145668029785,0.9153100252151489,0.08468997478485107,16.309507369995117,0.6528141498565674,0.3471858501434326
survset:support2,RDSurv,3,44,6138,42.28474807739258,0,3.7416574954986572,0.9998085498809814,0.0001914501190185547,7.681145668029785,0.9890748858451843,0.010925114154815674,16.309507369995117,0.9051879644393921,0.09481203556060791
survset:support2,RDSurv,3,44,2985,24.85960578918457,0,3.7416574954986572,0.9950713515281677,0.004928648471832275,7.681145668029785,0.9069379568099976,0.09306204319000244,16.309507369995117,0.6333964467048645,0.3666035532951355
survset:support2,RDSurv,3,44,2484,4.4721360206604,1,3.7416574954986572,0.3251815736293793,0.6748184263706207,7.681145668029785,0.043455541133880615,0.9565444588661194,16.309507369995117,0.003538578748703003,0.996461421251297
survset:support2,RDSurv,3,44,5372,1.7320507764816284,1,3.7416574954986572,0.0874929428100586,0.9125070571899414,7.681145668029785,0.004461109638214111,0.9955388903617859,16.309507369995117,0.00016137957572937012,0.9998386204242706
survset:support2,RDSurv,3,44,6486,6.4031243324279785,1,3.7416574954986572,0.4689771234989166,0.5310228765010834,7.681145668029785,0.09069207310676575,0.9093079268932343,16.309507369995117,0.010230779647827148,0.9897692203521729
survset:support2,RDSurv,3,44,1131,28.44292449951172,0,3.7416574954986572,0.999405562877655,0.0005944371223449707,7.681145668029785,0.9763088226318359,0.023691177368164062,16.309507369995117,0.8417307138442993,0.15826928615570068
survset:support2,RDSurv,3,44,613,10.344079971313477,1,3.7416574954986572,0.9988113045692444,0.0011886954307556152,7.681145668029785,0.962450385093689,0.037549614906311035,16.309507369995117,0.7877354025840759,0.21226459741592407
survset:support2,RDSurv,3,44,6295,10.770329475402832,1,3.7416574954986572,0.9985753297805786,0.0014246702194213867,7.681145668029785,0.9577248096466064,0.042275190353393555,16.309507369995117,0.7714415788650513,0.22855842113494873
survset:support2,RDSurv,3,44,201,42.19004440307617,1,3.7416574954986572,0.996915340423584,0.0030846595764160156,7.681145668029785,0.9305602312088013,0.06943976879119873,16.309507369995117,0.6910068988800049,0.3089931011199951
survset:support2,RDSurv,3,44,7793,10.24695110321045,1,3.7416574954986572,0.9969961643218994,0.003003835678100586,7.681145668029785,0.931716799736023,0.06828320026397705,16.309507369995117,0.694073498249054,0.30592650175094604
survset:support2,RDSurv,3,44,8961,17.804492950439453,1,3.7416574954986572,0.9968003034591675,0.0031996965408325195,7.681145668029785,0.9289367198944092,0.07106328010559082,16.309507369995117,0.6867461204528809,0.31325387954711914
survset:support2,RDSurv,3,44,6126,42.379241943359375,0,3.7416574954986572,0.9831011295318604,0.01689887046813965,7.681145668029785,0.8061546683311462,0.19384533166885376,16.309507369995117,0.4532490670681,0.5467509329319
survset:support2,RDSurv,3,44,5805,6.557438373565674,1,3.7416574954986572,0.611800491809845,0.38819950819015503,7.681145668029785,0.16486713290214539,0.8351328670978546,16.309507369995117,0.025237351655960083,0.9747626483440399
survset:support2,RDSurv,3,44,3671,4.242640495300293,1,3.7416574954986572,0.5478655099868774,0.45213449001312256,7.681145668029785,0.12747806310653687,0.8725219368934631,16.309507369995117,0.017017215490341187,0.9829827845096588
survset:support2,RDSurv,3,44,4308,3.1622776985168457,1,3.7416574954986572,0.6615604162216187,0.33843958377838135,7.681145668029785,0.1999111771583557,0.8000888228416443,16.309507369995117,0.03413593769073486,0.9658640623092651
survset:support2,RDSurv,3,44,4455,14.106736183166504,1,3.7416574954986572,0.9891196489334106,0.010880351066589355,7.681145668029785,0.8498647809028625,0.15013521909713745,16.309507369995117,0.5217650532722473,0.4782349467277527
survset:support2,RDSurv,3,44,2571,7.0,1,3.7416574954986572,0.5283259749412537,0.47167402505874634,7.681145668029785,0.11749520897865295,0.882504791021347,16.309507369995117,0.015046238899230957,0.984953761100769
survset:support2,RDSurv,3,44,7289,25.980762481689453,0,3.7416574954986572,0.9987574815750122,0.001242518424987793,7.681145668029785,0.9613428711891174,0.03865712881088257,16.309507369995117,0.7838367223739624,0.2161632776260376
survset:support2,RDSurv,3,44,2014,18.439088821411133,1,3.7416574954986572,0.9996806383132935,0.00031936168670654297,7.681145668029785,0.9844558238983154,0.01554417610168457,16.309507369995117,0.8799368739128113,0.12006312608718872
survset:support2,RDSurv,3,44,5666,2.4494898319244385,1,3.7416574954986572,0.38508957624435425,0.6149104237556458,7.681145668029785,0.060474246740341187,0.9395257532596588,16.309507369995117,0.005669504404067993,0.994330495595932
survset:support2,RDSurv,3,44,6586,21.189620971679688,1,3.7416574954986572,0.9998906850814819,0.0001093149185180664,7.681145668029785,0.9926126003265381,0.007387399673461914,16.309507369995117,0.927384078502655,0.07261592149734497
survset:support2,RDSurv,3,44,7061,29.10326385498047,0,3.7416574954986572,0.9985339045524597,0.0014660954475402832,7.681145668029785,0.9569278359413147,0.0430721640586853,16.309507369995117,0.76877760887146,0.23122239112854004
survset:support2,RDSurv,3,44,967,4.0,1,3.7416574954986572,0.2075112760066986,0.7924887239933014,7.681145668029785,0.01905122399330139,0.9809487760066986,16.309507369995117,0.0011252164840698242,0.9988747835159302
survset:support2,RDSurv,3,44,6305,24.95996856689453,1,3.7416574954986572,0.9991761445999146,0.0008238554000854492,7.681145668029785,0.9705315828323364,0.029468417167663574,16.309507369995117,0.8179009556770325,0.18209904432296753
survset:support2,RDSurv,3,44,4582,24.75883674621582,1,3.7416574954986572,0.999174952507019,0.000825047492980957,7.681145668029785,0.9705030918121338,0.02949690818786621,16.309507369995117,0.8177884817123413,0.1822115182876587
survset:support2,RDSurv,3,44,1244,3.1622776985168457,1,3.7416574954986572,0.5955747365951538,0.4044252634048462,7.681145668029785,0.1546350121498108,0.8453649878501892,16.309507369995117,0.02285701036453247,0.9771429896354675
survset:support2,RDSurv,3,44,8036,28.337255477905273,1,3.7416574954986572,0.9925395250320435,0.007460474967956543,7.681145668029785,0.8801285028457642,0.11987149715423584,16.309507369995117,0.5770530104637146,0.4229469895362854
survset:support2,RDSurv,3,44,3710,8.774964332580566,1,3.7416574954986572,0.9837971925735474,0.016202807426452637,7.681145668029785,0.8107617497444153,0.18923825025558472,16.309507369995117,0.4599487781524658,0.5400512218475342
survset:support2,RDSurv,3,44,7446,15.748015403747559,1,3.7416574954986572,0.9997514486312866,0.0002485513687133789,7.681145668029785,0.9869149327278137,0.01308506727218628,16.309507369995117,0.8929569721221924,0.10704302787780762
survset:support2,RDSurv,3,44,3923,2.0,1,3.7416574954986572,0.04647764563560486,0.9535223543643951,7.681145668029785,0.0016480982303619385,0.9983519017696381,16.309507369995117,4.4286251068115234e-05,0.9999557137489319
survset:support2,RDSurv,3,44,6810,32.202484130859375,0,3.7416574954986572,0.9999974966049194,2.5033950805664062e-06,7.681145668029785,0.9995265603065491,0.00047343969345092773,16.309507369995117,0.9899529218673706,0.010047078132629395
survset:support2,RDSurv,3,44,2409,36.12478256225586,0,3.7416574954986572,0.9962148666381836,0.0037851333618164062,7.681145668029785,0.9210237860679626,0.07897621393203735,16.309507369995117,0.6666647791862488,0.3333352208137512
survset:support2,RDSurv,3,44,878,32.38827133178711,0,3.7416574954986572,0.9976813793182373,0.0023186206817626953,7.681145668029785,0.9420878887176514,0.05791211128234863,16.309507369995117,0.7228321433067322,0.2771678566932678
survset:support2,RDSurv,3,44,2279,2.2360680103302,1,3.7416574954986572,0.22374221682548523,0.7762577831745148,7.681145668029785,0.021781086921691895,0.9782189130783081,16.309507369995117,0.0013518929481506348,0.9986481070518494
survset:support2,RDSurv,3,44,7395,24.67792510986328,0,3.7416574954986572,0.9985210299491882,0.0014789700508117676,7.681145668029785,0.9566817879676819,0.043318212032318115,16.309507369995117,0.7679597735404968,0.23204022645950317
survset:support2,RDSurv,3,44,5213,2.0,1,3.7416574954986572,0.02744165062904358,0.9725583493709564,7.681145668029785,0.0007402896881103516,0.9992597103118896,16.309507369995117,1.5944242477416992e-05,0.9999840557575226
survset:support2,RDSurv,3,44,8574,31.016124725341797,0,3.7416574954986572,0.9999727606773376,2.7239322662353516e-05,7.681145668029785,0.9972561001777649,0.0027438998222351074,16.309507369995117,0.9637242555618286,0.03627574443817139
survset:support2,RDSurv,3,44,2025,40.93898010253906,0,3.7416574954986572,0.9997999668121338,0.00020003318786621094,7.681145668029785,0.9887372255325317,0.011262774467468262,16.309507369995117,0.9032195806503296,0.09678041934967041
survset:support2,RDSurv,3,44,5104,25.826343536376953,0,3.7416574954986572,0.9998828768730164,0.00011712312698364258,7.681145668029785,0.9922441244125366,0.007755875587463379,16.309507369995117,0.9249158501625061,0.0750841498374939
survset:support2,RDSurv,3,44,4886,2.8284270763397217,1,3.7416574954986572,0.16205677390098572,0.8379432260990143,7.681145668029785,0.012393563985824585,0.9876064360141754,16.309507369995117,0.0006277263164520264,0.999372273683548
survset:support2,RDSurv,3,44,6571,27.838821411132812,1,3.7416574954986572,0.9999862909317017,1.3709068298339844e-05,7.681145668029785,0.998332679271698,0.001667320728302002,16.309507369995117,0.9746379256248474,0.025362074375152588
survset:support2,RDSurv,3,44,1340,5.74456262588501,1,3.7416574954986572,0.41733086109161377,0.5826691389083862,7.681145668029785,0.07113492488861084,0.9288650751113892,16.309507369995117,0.0071694254875183105,0.9928305745124817
survset:support2,RDSurv,3,44,6144,7.211102485656738,1,3.7416574954986572,0.4208824038505554,0.5791175961494446,7.681145668029785,0.07237884402275085,0.9276211559772491,16.309507369995117,0.007352381944656372,0.9926476180553436
survset:support2,RDSurv,3,44,8969,22.627416610717773,0,3.7416574954986572,0.9997830390930176,0.00021696090698242188,7.681145668029785,0.9880867004394531,0.011913299560546875,16.309507369995117,0.8994889855384827,0.10051101446151733
survset:support2,RDSurv,3,44,3998,9.05538558959961,1,3.7416574954986572,0.9999128580093384,8.71419906616211e-05,7.681145668029785,0.9937022924423218,0.006297707557678223,16.309507369995117,0.9349536895751953,0.06504631042480469
survset:support2,RDSurv,3,44,5170,25.238859176635742,0,3.7416574954986572,0.9997542500495911,0.00024574995040893555,7.681145668029785,0.9870162010192871,0.01298379898071289,16.309507369995117,0.8935127258300781,0.10648727416992188
survset:support2,RDSurv,3,44,5782,1.7320507764816284,1,3.7416574954986572,0.002405822277069092,0.9975941777229309,7.681145668029785,2.2709369659423828e-05,0.9999772906303406,16.309507369995117,2.086162567138672e-07,0.9999997913837433
survset:support2,RDSurv,3,44,534,16.0623779296875,1,3.7416574954986572,0.999873161315918,0.00012683868408203125,7.681145668029785,0.9918004274368286,0.008199572563171387,16.309507369995117,0.9219976663589478,0.07800233364105225
survset:support2,RDSurv,3,44,1971,11.357816696166992,1,3.7416574954986572,0.9287954568862915,0.0712045431137085,7.681145668029785,0.5824693441390991,0.4175306558609009,16.309507369995117,0.2197449505329132,0.7802550494670868
survset:support2,RDSurv,3,44,7444,3.316624879837036,1,3.7416574954986572,0.44592398405075073,0.5540760159492493,7.681145668029785,0.08156365156173706,0.9184363484382629,16.309507369995117,0.00875312089920044,0.9912468791007996
survset:support2,RDSurv,3,44,8339,28.600698471069336,1,3.7416574954986572,0.9907201528549194,0.009279847145080566,7.681145668029785,0.8633717894554138,0.13662821054458618,16.309507369995117,0.5455096960067749,0.4544903039932251
survset:support2,RDSurv,3,44,4787,28.65309715270996,0,3.7416574954986572,0.9999406337738037,5.936622619628906e-05,7.681145668029785,0.9952012300491333,0.004798769950866699,16.309507369995117,0.9461622834205627,0.053837716579437256
survset:support2,RDSurv,3,44,8134,13.266499519348145,1,3.7416574954986572,0.9991343021392822,0.0008656978607177734,7.681145668029785,0.9695456624031067,0.03045433759689331,16.309507369995117,0.8140414953231812,0.18595850467681885
survset:support2,RDSurv,3,44,4705,29.46183967590332,0,3.7416574954986572,0.9993811249732971,0.0006188750267028809,7.681145668029785,0.9756591320037842,0.02434086799621582,16.309507369995117,0.8389371037483215,0.16106289625167847
survset:support2,RDSurv,3,44,7046,2.0,1,3.7416574954986572,1.430511474609375e-06,0.9999985694885254,7.681145668029785,0.0,1.0,16.309507369995117,0.0,1.0
survset:support2,RDSurv,3,44,5364,2.0,1,3.7416574954986572,0.26154330372810364,0.7384566962718964,7.681145668029785,0.02889689803123474,0.9711031019687653,16.309507369995117,0.0019976794719696045,0.9980023205280304
survset:support2,RDSurv,3,44,1497,4.795831680297852,1,3.7416574954986572,0.3382134437561035,0.6617865562438965,7.681145668029785,0.046868324279785156,0.9531316757202148,16.309507369995117,0.003938734531402588,0.9960612654685974
survset:support2,RDSurv,3,44,1669,44.530887603759766,0,3.7416574954986572,0.9999409914016724,5.900859832763672e-05,7.681145668029785,0.9952216148376465,0.004778385162353516,16.309507369995117,0.9463225603103638,0.05367743968963623
survset:support2,RDSurv,3,44,2549,6.244997978210449,1,3.7416574954986572,0.6989468932151794,0.30105310678482056,7.681145668029785,0.23047301173210144,0.7695269882678986,16.309507369995117,0.04284730553627014,0.9571526944637299
survset:support2,RDSurv,3,44,5768,19.46792221069336,0,3.7416574954986572,0.9998936653137207,0.00010633468627929688,7.681145668029785,0.9927523136138916,0.0072476863861083984,16.309507369995117,0.9283316135406494,0.07166838645935059
survset:support2,RDSurv,3,44,3881,1.7320507764816284,1,3.7416574954986572,0.000600963830947876,0.9993990361690521,7.681145668029785,3.4570693969726562e-06,0.999996542930603,16.309507369995117,2.9802322387695312e-08,0.9999999701976776
survset:support2,RDSurv,3,44,7872,43.439613342285156,0,3.7416574954986572,0.999451756477356,0.000548243522644043,7.681145668029785,0.9775632619857788,0.02243673801422119,16.309507369995117,0.8472166657447815,0.1527833342552185
survset:support2,RDSurv,3,44,9009,9.165151596069336,1,3.7416574954986572,0.9992715716362,0.0007284283638000488,7.681145668029785,0.9728525876998901,0.027147412300109863,16.309507369995117,0.8272125720977783,0.17278742790222168
survset:support2,RDSurv,3,44,8798,19.416488647460938,1,3.7416574954986572,0.9987965822219849,0.0012034177780151367,7.681145668029785,0.9621468782424927,0.037853121757507324,16.309507369995117,0.7866617441177368,0.21333825588226318
survset:support2,RDSurv,3,44,6130,42.3320198059082,0,3.7416574954986572,0.9997674226760864,0.00023257732391357422,7.681145668029785,0.9875009059906006,0.012499094009399414,16.309507369995117,0.8961942195892334,0.1038057804107666
survset:support2,RDSurv,3,44,3199,19.697715759277344,0,3.7416574954986572,0.999396800994873,0.0006031990051269531,7.681145668029785,0.9760744571685791,0.0239255428314209,16.309507369995117,0.8407195806503296,0.1592804193496704
survset:support2,RDSurv,3,44,3751,41.32795715332031,0,3.7416574954986572,0.9999785423278809,2.1457672119140625e-05,7.681145668029785,0.9976898431777954,0.00231015682220459,16.309507369995117,0.9679231643676758,0.03207683563232422
survset:support2,RDSurv,3,44,8718,25.826343536376953,1,3.7416574954986572,0.9880602955818176,0.011939704418182373,7.681145668029785,0.8414413928985596,0.15855860710144043,16.309507369995117,0.507631242275238,0.49236875772476196
survset:support2,RDSurv,3,44,7566,21.908903121948242,0,3.7416574954986572,0.999803900718689,0.00019609928131103516,7.681145668029785,0.9888911247253418,0.011108875274658203,16.309507369995117,0.90411376953125,0.09588623046875
survset:support2,RDSurv,3,44,7788,44.58699417114258,0,3.7416574954986572,0.9990410804748535,0.0009589195251464844,7.681145668029785,0.9674088954925537,0.03259110450744629,16.309507369995117,0.8058589696884155,0.19414103031158447
survset:support2,RDSurv,3,44,4025,2.8284270763397217,1,3.7416574954986572,0.6359539031982422,0.3640460968017578,7.681145668029785,0.18114778399467468,0.8188522160053253,16.309507369995117,0.02922755479812622,0.9707724452018738
survset:support2,RDSurv,3,44,1948,41.67733383178711,0,3.7416574954986572,0.999370276927948,0.000629723072052002,7.681145668029785,0.975373387336731,0.024626612663269043,16.309507369995117,0.8377183675765991,0.16228163242340088
survset:support2,RDSurv,3,44,8420,34.81378936767578,1,3.7416574954986572,0.9940193295478821,0.00598067045211792,7.681145668029785,0.8951914310455322,0.10480856895446777,16.309507369995117,0.6077075600624084,0.39229243993759155
survset:support2,RDSurv,3,44,245,2.8284270763397217,1,3.7416574954986572,0.4095137119293213,0.5904862880706787,7.681145668029785,0.06844663619995117,0.9315533638000488,16.309507369995117,0.006779670715332031,0.993220329284668
survset:support2,RDSurv,3,44,7857,3.0,1,3.7416574954986572,0.24994784593582153,0.7500521540641785,7.681145668029785,0.02659851312637329,0.9734014868736267,16.309507369995117,0.0017808079719543457,0.9982191920280457
survset:support2,RDSurv,3,44,8671,14.73091983795166,1,3.7416574954986572,0.9792443513870239,0.020755648612976074,7.681145668029785,0.7822228074073792,0.21777719259262085,16.309507369995117,0.4201352596282959,0.5798647403717041
survset:support2,RDSurv,3,44,8487,6.0,1,3.7416574954986572,0.5112742781639099,0.4887257218360901,7.681145668029785,0.10927370190620422,0.8907262980937958,16.309507369995117,0.013494759798049927,0.9865052402019501
survset:support2,RDSurv,3,44,7919,42.87190246582031,0,3.7416574954986572,0.9995015263557434,0.0004984736442565918,7.681145668029785,0.9789593815803528,0.021040618419647217,16.309507369995117,0.8534731268882751,0.14652687311172485
survset:support2,RDSurv,3,44,5682,2.0,1,3.7416574954986572,0.4785163998603821,0.5214836001396179,7.681145668029785,0.09466874599456787,0.9053312540054321,16.309507369995117,0.010900676250457764,0.9890993237495422
survset:support2,RDSurv,3,44,7975,4.242640495300293,1,3.7416574954986572,0.7187932729721069,0.28120672702789307,7.681145668029785,0.24844107031822205,0.751558929681778,16.309507369995117,0.048389554023742676,0.9516104459762573
survset:support2,RDSurv,3,44,253,40.0,1,3.7416574954986572,0.9999035000801086,9.649991989135742e-05,7.681145668029785,0.993231475353241,0.006768524646759033,16.309507369995117,0.9316309690475464,0.06836903095245361
survset:support2,RDSurv,3,44,4172,37.121421813964844,0,3.7416574954986572,0.999919593334198,8.040666580200195e-05,7.681145668029785,0.9940503835678101,0.005949616432189941,16.309507369995117,0.9374663233757019,0.0625336766242981
survset:support2,RDSurv,3,44,8218,18.027755737304688,1,3.7416574954986572,0.9980347752571106,0.0019652247428894043,7.681145668029785,0.9479214549064636,0.05207854509353638,16.309507369995117,0.7401332259178162,0.25986677408218384
survset:support2,RDSurv,3,44,1559,2.8284270763397217,1,3.7416574954986572,0.5728046894073486,0.42719531059265137,7.681145668029785,0.141154944896698,0.858845055103302,16.309507369995117,0.019871294498443604,0.9801287055015564
survset:support2,RDSurv,3,44,2467,32.43455123901367,0,3.7416574954986572,0.999794602394104,0.0002053976058959961,7.681145668029785,0.9885292053222656,0.011470794677734375,16.309507369995117,0.9020179510116577,0.09798204898834229
survset:support2,RDSurv,3,44,2054,40.52159881591797,0,3.7416574954986572,0.998977780342102,0.0010222196578979492,7.681145668029785,0.9660022258758545,0.03399777412414551,16.309507369995117,0.8006000518798828,0.1993999481201172
survset:support2,RDSurv,3,44,6040,43.20879364013672,0,3.7416574954986572,0.9999629259109497,3.707408905029297e-05,7.681145668029785,0.9965757131576538,0.0034242868423461914,16.309507369995117,0.9575423002243042,0.0424576997756958
survset:support2,RDSurv,3,44,1962,41.605289459228516,0,3.7416574954986572,0.9999598264694214,4.017353057861328e-05,7.681145668029785,0.9963705539703369,0.003629446029663086,16.309507369995117,0.9557589292526245,0.04424107074737549
survset:support2,RDSurv,3,44,289,4.123105525970459,1,3.7416574954986572,0.28895682096481323,0.7110431790351868,7.681145668029785,0.03475436568260193,0.9652456343173981,16.309507369995117,0.002584010362625122,0.9974159896373749
survset:support2,RDSurv,3,44,5051,4.4721360206604,1,3.7416574954986572,0.4820460081100464,0.5179539918899536,7.681145668029785,0.09617078304290771,0.9038292169570923,16.309507369995117,0.011157780885696411,0.9888422191143036
survset:support2,RDSurv,3,44,3956,39.20458984375,0,3.7416574954986572,0.9919362664222717,0.008063733577728271,7.681145668029785,0.8743821382522583,0.1256178617477417,16.309507369995117,0.5659544467926025,0.43404555320739746
survset:support2,RDSurv,3,44,1538,2.2360680103302,1,3.7416574954986572,0.017218798398971558,0.9827812016010284,7.681145668029785,0.00037100911140441895,0.9996289908885956,16.309507369995117,6.645917892456055e-06,0.9999933540821075
survset:support2,RDSurv,3,44,3305,8.426149368286133,1,3.7416574954986572,0.9850925207138062,0.014907479286193848,7.681145668029785,0.8196088075637817,0.18039119243621826,16.309507369995117,0.47313392162323,0.52686607837677
survset:support2,RDSurv,3,44,362,1.7320507764816284,1,3.7416574954986572,0.18034905195236206,0.8196509480476379,7.681145668029785,0.014901459217071533,0.9850985407829285,16.309507369995117,0.0008053183555603027,0.9991946816444397
survset:support2,RDSurv,3,44,5803,5.385164737701416,1,3.7416574954986572,0.6094669103622437,0.39053308963775635,7.681145668029785,0.16336193680763245,0.8366380631923676,16.309507369995117,0.024881035089492798,0.9751189649105072
survset:support2,RDSurv,3,44,99,44.29446792602539,0,3.7416574954986572,0.9998811483383179,0.0001188516616821289,7.681145668029785,0.9921628832817078,0.007837116718292236,16.309507369995117,0.9243770837783813,0.07562291622161865
survset:support2,RDSurv,3,44,3674,15.132745742797852,1,3.7416574954986572,0.9999837875366211,1.621246337890625e-05,7.681145668029785,0.9981167316436768,0.0018832683563232422,16.309507369995117,0.9723049998283386,0.027695000171661377
survset:support2,RDSurv,3,44,8177,17.20465087890625,1,3.7416574954986572,0.9988553524017334,0.0011446475982666016,7.681145668029785,0.9633712768554688,0.03662872314453125,16.309507369995117,0.7910165190696716,0.20898348093032837
survset:support2,RDSurv,3,44,4676,3.316624879837036,1,3.7416574954986572,0.2080431580543518,0.7919568419456482,7.681145668029785,0.019137680530548096,0.9808623194694519,16.309507369995117,0.0011322200298309326,0.9988677799701691
survset:support2,RDSurv,3,44,8,7.937253952026367,1,3.7416574954986572,0.9494328498840332,0.0505671501159668,7.681145668029785,0.6482927203178406,0.3517072796821594,16.309507369995117,0.2740684151649475,0.7259315848350525
survset:support2,RDSurv,3,44,6935,30.757112503051758,0,3.7416574954986572,0.9998237490653992,0.00017625093460083008,7.681145668029785,0.9896837472915649,0.010316252708435059,16.309507369995117,0.9087951183319092,0.09120488166809082
survset:support2,RDSurv,3,44,7863,43.554561614990234,0,3.7416574954986572,0.999967098236084,3.2901763916015625e-05,7.681145668029785,0.996856689453125,0.003143310546875,16.309507369995117,0.9600421190261841,0.03995788097381592
survset:support2,RDSurv,3,44,7226,2.8284270763397217,1,3.7416574954986572,0.3946914076805115,0.6053085923194885,7.681145668029785,0.06353282928466797,0.936467170715332,16.309507369995117,0.006087243556976318,0.9939127564430237
survset:support2,RDSurv,3,44,8532,31.654382705688477,0,3.7416574954986572,0.9955312609672546,0.004468739032745361,7.681145668029785,0.9124140739440918,0.0875859260559082,16.309507369995117,0.6459845900535583,0.35401540994644165
survset:support2,RDSurv,3,44,8237,15.779733657836914,1,3.7416574954986572,0.9952021837234497,0.004797816276550293,7.681145668029785,0.9084720611572266,0.09152793884277344,16.309507369995117,0.6368812918663025,0.3631187081336975
survset:support2,RDSurv,3,44,6216,26.981475830078125,1,3.7416574954986572,0.9992401599884033,0.0007598400115966797,7.681145668029785,0.9720767736434937,0.027923226356506348,16.309507369995117,0.8240635395050049,0.17593646049499512
survset:support2,RDSurv,3,44,666,3.316624879837036,1,3.7416574954986572,0.4373844563961029,0.5626155436038971,7.681145668029785,0.07834851741790771,0.9216514825820923,16.309507369995117,0.008252859115600586,0.9917471408843994
survset:support2,RDSurv,3,44,1961,6.557438373565674,1,3.7416574954986572,0.7056728005409241,0.2943271994590759,7.681145668029785,0.2364165484905243,0.7635834515094757,16.309507369995117,0.04464578628540039,0.9553542137145996
survset:support2,RDSurv,3,44,7597,3.0,1,3.7416574954986572,0.33082014322280884,0.6691798567771912,7.681145668029785,0.04491323232650757,0.9550867676734924,16.309507369995117,0.0037077665328979492,0.996292233467102
survset:support2,RDSurv,3,44,874,30.577770233154297,1,3.7416574954986572,0.9977235198020935,0.002276480197906494,7.681145668029785,0.94276362657547,0.05723637342453003,16.309507369995117,0.7247912883758545,0.2752087116241455
survset:support2,RDSurv,3,44,3593,2.6457512378692627,1,3.7416574954986572,0.2757923901081085,0.7242076098918915,7.681145668029785,0.0318659245967865,0.9681340754032135,16.309507369995117,0.002288997173309326,0.9977110028266907
survset:support2,RDSurv,3,44,5008,6.78233003616333,1,3.7416574954986572,0.527644693851471,0.47235530614852905,7.681145668029785,0.11715817451477051,0.8828418254852295,16.309507369995117,0.014981359243392944,0.9850186407566071
survset:support2,RDSurv,3,44,8662,29.393877029418945,0,3.7416574954986572,0.9999953508377075,4.649162292480469e-06,7.681145668029785,0.9992518424987793,0.0007481575012207031,16.309507369995117,0.9858869314193726,0.014113068580627441
survset:support2,RDSurv,3,44,7992,4.123105525970459,1,3.7416574954986572,0.526580810546875,0.473419189453125,7.681145668029785,0.11663326621055603,0.883366733789444,16.309507369995117,0.014880537986755371,0.9851194620132446
survset:support2,RDSurv,3,44,6890,12.083045959472656,1,3.7416574954986572,0.9933376312255859,0.0066623687744140625,7.681145668029785,0.8880661129951477,0.1119338870048523,16.309507369995117,0.5929103493690491,0.4070896506309509
survset:support2,RDSurv,3,44,7034,26.570659637451172,1,3.7416574954986572,0.9999753832817078,2.4616718292236328e-05,7.681145668029785,0.9974499344825745,0.002550065517425537,16.309507369995117,0.9655726552009583,0.03442734479904175
survset:support2,RDSurv,3,44,2233,5.656854152679443,1,3.7416574954986572,0.7184735536575317,0.28152644634246826,7.681145668029785,0.24814105033874512,0.7518589496612549,16.309507369995117,0.04829442501068115,0.9517055749893188
survset:support2,RDSurv,3,44,8065,41.08527755737305,0,3.7416574954986572,0.9999966621398926,3.337860107421875e-06,7.681145668029785,0.9994184374809265,0.0005815625190734863,16.309507369995117,0.9882897138595581,0.011710286140441895
survset:support2,RDSurv,3,44,2402,4.795831680297852,1,3.7416574954986572,0.6127933859825134,0.3872066140174866,7.681145668029785,0.16551107168197632,0.8344889283180237,16.309507369995117,0.025390446186065674,0.9746095538139343
survset:support2,RDSurv,3,44,6895,31.33687973022461,0,3.7416574954986572,0.9996581077575684,0.0003418922424316406,7.681145668029785,0.9837149977684021,0.0162850022315979,16.309507369995117,0.8761747479438782,0.12382525205612183
survset:support2,RDSurv,3,44,8637,29.84962272644043,0,3.7416574954986572,0.9986998438835144,0.0013001561164855957,7.681145668029785,0.9601776599884033,0.03982234001159668,16.309507369995117,0.7797894477844238,0.22021055221557617
survset:support2,RDSurv,3,44,8710,28.337255477905273,0,3.7416574954986572,0.999958336353302,4.166364669799805e-05,7.681145668029785,0.9962747097015381,0.003725290298461914,16.309507369995117,0.9549367427825928,0.04506325721740723
survset:support2,RDSurv,3,44,6369,30.446674346923828,1,3.7416574954986572,0.9996969699859619,0.00030303001403808594,7.681145668029785,0.9850035905838013,0.01499640941619873,16.309507369995117,0.8827637434005737,0.11723625659942627
survset:support2,RDSurv,3,44,2834,6.164413928985596,1,3.7416574954986572,0.5181005001068115,0.4818994998931885,7.681145668029785,0.11251190304756165,0.8874880969524384,16.309507369995117,0.014098048210144043,0.985901951789856
survset:support2,RDSurv,3,44,6681,14.764822959899902,1,3.7416574954986572,0.9938557744026184,0.006144225597381592,7.681145668029785,0.8934499621391296,0.10655003786087036,16.309507369995117,0.6040393710136414,0.39596062898635864
survset:support2,RDSurv,3,44,1092,23.0,1,3.7416574954986572,0.998576819896698,0.001423180103302002,7.681145668029785,0.9577540755271912,0.04224592447280884,16.309507369995117,0.7715400457382202,0.22845995426177979
survset:support2,RDSurv,3,44,7482,23.409399032592773,0,3.7416574954986572,0.9999989867210388,1.0132789611816406e-06,7.681145668029785,0.9997609853744507,0.0002390146255493164,16.309507369995117,0.9939888119697571,0.00601118803024292
survset:support2,RDSurv,3,44,3855,2.6457512378692627,1,3.7416574954986572,0.5814261436462402,0.41857385635375977,7.681145668029785,0.14614281058311462,0.8538571894168854,16.309507369995117,0.0209561288356781,0.9790438711643219
survset:support2,RDSurv,3,44,1624,14.73091983795166,1,3.7416574954986572,0.9990423917770386,0.0009576082229614258,7.681145668029785,0.9674378037452698,0.032562196254730225,16.309507369995117,0.8059680461883545,0.1940319538116455
survset:support2,RDSurv,3,44,3944,18.193405151367188,1,3.7416574954986572,0.9954443573951721,0.004555642604827881,7.681145668029785,0.9113614559173584,0.0886385440826416,16.309507369995117,0.6435322761535645,0.35646772384643555
survset:support2,RDSurv,3,44,6782,9.848857879638672,1,3.7416574954986572,0.9928327798843384,0.007167220115661621,7.681145668029785,0.8829976320266724,0.11700236797332764,16.309507369995117,0.5827119946479797,0.41728800535202026
survset:support2,RDSurv,3,44,7813,12.083045959472656,1,3.7416574954986572,0.9879026412963867,0.012097358703613281,7.681145668029785,0.8402193188667297,0.15978068113327026,16.309507369995117,0.5056209564208984,0.49437904357910156
survset:support2,RDSurv,3,44,2974,4.242640495300293,1,3.7416574954986572,0.43136337399482727,0.5686366260051727,7.681145668029785,0.07613369822502136,0.9238663017749786,16.309507369995117,0.007914423942565918,0.9920855760574341
survset:support2,RDSurv,3,44,519,11.747340202331543,1,3.7416574954986572,0.9785070419311523,0.021492958068847656,7.681145668029785,0.777918815612793,0.22208118438720703,16.309507369995117,0.41446027159690857,0.5855397284030914
survset:support2,RDSurv,3,44,7231,19.773719787597656,1,3.7416574954986572,0.9998554587364197,0.00014454126358032227,7.681145668029785,0.9910147190093994,0.008985280990600586,16.309507369995117,0.9169670343399048,0.08303296566009521
survset:support2,RDSurv,3,44,3706,4.898979663848877,1,3.7416574954986572,0.24504190683364868,0.7549580931663513,7.681145668029785,0.025657296180725098,0.9743427038192749,16.309507369995117,0.0016942024230957031,0.9983057975769043
survset:support2,RDSurv,3,44,3584,11.958260536193848,1,3.7416574954986572,0.9999953508377075,4.649162292480469e-06,7.681145668029785,0.9992516040802002,0.0007483959197998047,16.309507369995117,0.9858832359313965,0.014116764068603516
survset:support2,RDSurv,3,44,7004,10.58300495147705,1,3.7416574954986572,0.9743556976318359,0.025644302368164062,7.681145668029785,0.7550263404846191,0.24497365951538086,16.309507369995117,0.38557273149490356,0.6144272685050964
survset:support2,RDSurv,3,44,478,19.235383987426758,1,3.7416574954986572,0.9952914714813232,0.004708528518676758,7.681145668029785,0.9095304012298584,0.0904695987701416,16.309507369995117,0.6393040418624878,0.3606959581375122
survset:support2,RDSurv,3,44,3990,27.74887466430664,1,3.7416574954986572,0.9997129440307617,0.00028705596923828125,7.681145668029785,0.9855519533157349,0.014448046684265137,16.309507369995117,0.8856338858604431,0.11436611413955688
survset:support2,RDSurv,3,44,3100,22.0,0,3.7416574954986572,0.9999449849128723,5.501508712768555e-05,7.681145668029785,0.9954550266265869,0.004544973373413086,16.309507369995117,0.9481719732284546,0.05182802677154541
survset:support2,RDSurv,3,44,5692,20.29778289794922,0,3.7416574954986572,0.9999998807907104,1.1920928955078125e-07,7.681145668029785,0.9999579191207886,4.208087921142578e-05,16.309507369995117,0.9984172582626343,0.0015827417373657227
survset:support2,RDSurv,3,44,2049,3.0,1,3.7416574954986572,0.1668187379837036,0.8331812620162964,7.681145668029785,0.013024628162384033,0.986975371837616,16.309507369995117,0.0006712377071380615,0.9993287622928619
survset:support2,RDSurv,3,44,5540,3.1622776985168457,1,3.7416574954986572,0.6661862134933472,0.33381378650665283,7.681145668029785,0.20347929000854492,0.7965207099914551,16.309507369995117,0.03510701656341553,0.9648929834365845
survset:support2,RDSurv,3,44,3490,6.633249759674072,1,3.7416574954986572,0.5987290740013123,0.40127092599868774,7.681145668029785,0.15658199787139893,0.8434180021286011,16.309507369995117,0.02330237627029419,0.9766976237297058
survset:support2,RDSurv,3,44,185,26.60826873779297,1,3.7416574954986572,0.9961720705032349,0.0038279294967651367,7.681145668029785,0.9204671382904053,0.07953286170959473,16.309507369995117,0.6652926206588745,0.3347073793411255
survset:support2,RDSurv,3,44,1327,25.01999282836914,0,3.7416574954986572,0.99986732006073,0.00013267993927001953,7.681145668029785,0.9915375709533691,0.00846242904663086,16.309507369995117,0.9202964305877686,0.07970356941223145
survset:support2,RDSurv,3,44,7882,3.316624879837036,1,3.7416574954986572,0.0935811698436737,0.9064188301563263,7.681145668029785,0.004973232746124268,0.9950267672538757,16.309507369995117,0.00018617510795593262,0.9998138248920441
survset:support2,RDSurv,3,44,5471,22.583179473876953,0,3.7416574954986572,0.9999992847442627,7.152557373046875e-07,7.681145668029785,0.9998199343681335,0.00018006563186645508,16.309507369995117,0.9951509833335876,0.0048490166664123535
survset:support2,RDSurv,3,44,4396,32.07802963256836,0,3.7416574954986572,0.9997115135192871,0.0002884864807128906,7.681145668029785,0.9855032563209534,0.01449674367904663,16.309507369995117,0.8853775262832642,0.11462247371673584
survset:support2,RDSurv,3,44,2916,5.196152210235596,1,3.7416574954986572,0.6076952815055847,0.3923047184944153,7.681145668029785,0.1622268557548523,0.8377731442451477,16.309507369995117,0.02461370825767517,0.9753862917423248
survset:support2,RDSurv,3,44,1287,5.196152210235596,1,3.7416574954986572,0.6423195004463196,0.3576804995536804,7.681145668029785,0.18566137552261353,0.8143386244773865,16.309507369995117,0.03037792444229126,0.9696220755577087
survset:support2,RDSurv,3,44,852,3.316624879837036,1,3.7416574954986572,0.720186710357666,0.279813289642334,7.681145668029785,0.24975281953811646,0.7502471804618835,16.309507369995117,0.04880651831626892,0.9511934816837311
survset:support2,RDSurv,3,44,2675,29.647933959960938,0,3.7416574954986572,0.9949092864990234,0.0050907135009765625,7.681145668029785,0.9050617218017578,0.09493827819824219,16.309507369995117,0.6291772127151489,0.3708227872848511
survset:support2,RDSurv,3,44,9006,21.587032318115234,0,3.7416574954986572,0.9999985694885254,1.430511474609375e-06,7.681145668029785,0.9996830224990845,0.00031697750091552734,16.309507369995117,0.9925621747970581,0.0074378252029418945
survset:support2,RDSurv,3,44,2732,29.034461975097656,0,3.7416574954986572,0.9999910593032837,8.940696716308594e-06,7.681145668029785,0.9987835884094238,0.0012164115905761719,16.309507369995117,0.9798322916030884,0.02016770839691162
survset:support2,RDSurv,3,44,2813,1.7320507764816284,1,3.7416574954986572,0.07304802536964417,0.9269519746303558,7.681145668029785,0.0033426880836486816,0.9966573119163513,16.309507369995117,0.000110626220703125,0.9998893737792969
survset:support2,RDSurv,3,44,2799,7.211102485656738,1,3.7416574954986572,0.30024453997612,0.69975546002388,7.681145668029785,0.037345170974731445,0.9626548290252686,16.309507369995117,0.002858102321624756,0.9971418976783752
survset:support2,RDSurv,3,44,2843,9.05538558959961,1,3.7416574954986572,0.9963632822036743,0.0036367177963256836,7.681145668029785,0.9229780435562134,0.07702195644378662,16.309507369995117,0.6715229749679565,0.32847702503204346
survset:support2,RDSurv,3,44,5261,24.59674835205078,0,3.7416574954986572,0.9999971985816956,2.8014183044433594e-06,7.681145668029785,0.999483048915863,0.0005169510841369629,16.309507369995117,0.9892722368240356,0.010727763175964355
survset:support2,RDSurv,3,44,7287,12.569805145263672,1,3.7416574954986572,0.9736133813858032,0.026386618614196777,7.681145668029785,0.7511484622955322,0.24885153770446777,16.309507369995117,0.38088345527648926,0.6191165447235107
survset:support2,RDSurv,3,44,6557,4.0,1,3.7416574954986572,0.6886938810348511,0.3113061189651489,7.681145668029785,0.22168570756912231,0.7783142924308777,16.309507369995117,0.04025089740753174,0.9597491025924683
survset:support2,RDSurv,3,44,5172,25.238859176635742,0,3.7416574954986572,0.999666690826416,0.0003333091735839844,7.681145668029785,0.9839960932731628,0.016003906726837158,16.309507369995117,0.8775940537452698,0.12240594625473022
survset:support2,RDSurv,3,44,4453,18.11077117919922,1,3.7416574954986572,0.9907392859458923,0.009260714054107666,7.681145668029785,0.8635395765304565,0.13646042346954346,16.309507369995117,0.5458136200904846,0.4541863799095154
survset:support2,RDSurv,3,44,5760,7.141428470611572,1,3.7416574954986572,0.5129712224006653,0.4870287775993347,7.681145668029785,0.11007219552993774,0.8899278044700623,16.309507369995117,0.013642579317092896,0.9863574206829071
survset:support2,RDSurv,3,44,6772,32.588340759277344,0,3.7416574954986572,0.9843819737434387,0.01561802625656128,7.681145668029785,0.8147103190422058,0.1852896809577942,16.309507369995117,0.4657805263996124,0.5342194736003876
survset:support2,RDSurv,3,44,2623,30.430248260498047,0,3.7416574954986572,0.9992117881774902,0.0007882118225097656,7.681145668029785,0.9713855981826782,0.028614401817321777,16.309507369995117,0.8212891817092896,0.17871081829071045
survset:support2,RDSurv,3,44,4846,4.0,1,3.7416574954986572,0.232704758644104,0.767295241355896,7.681145668029785,0.0233708918094635,0.9766291081905365,16.309507369995117,0.0014894604682922363,0.9985105395317078
survset:support2,RDSurv,3,44,3789,40.902320861816406,0,3.7416574954986572,0.9976406097412109,0.0023593902587890625,7.681145668029785,0.9414387941360474,0.05856120586395264,16.309507369995117,0.7209604978561401,0.27903950214385986
survset:support2,RDSurv,3,44,2026,3.1622776985168457,1,3.7416574954986572,0.5681384801864624,0.4318615198135376,7.681145668029785,0.13851237297058105,0.861487627029419,16.309507369995117,0.019306063652038574,0.9806939363479614
survset:support2,RDSurv,3,44,2593,30.773365020751953,0,3.7416574954986572,0.9998366832733154,0.0001633167266845703,7.681145668029785,0.9902178049087524,0.009782195091247559,16.309507369995117,0.9120244979858398,0.08797550201416016
survset:support2,RDSurv,3,44,7051,2.0,1,3.7416574954986572,0.3246227502822876,0.6753772497177124,7.681145668029785,0.04331260919570923,0.9566873908042908,16.309507369995117,0.003522127866744995,0.996477872133255
survset:support2,RDSurv,3,44,7315,4.898979663848877,1,3.7416574954986572,0.6335830688476562,0.36641693115234375,7.681145668029785,0.17949119210243225,0.8205088078975677,16.309507369995117,0.028810173273086548,0.9711898267269135
survset:support2,RDSurv,3,44,9061,2.4494898319244385,1,3.7416574954986572,0.6409798860549927,0.3590201139450073,7.681145668029785,0.1847034990787506,0.8152965009212494,16.309507369995117,0.030132204294204712,0.9698677957057953
survset:support2,RDSurv,3,44,1541,19.899747848510742,0,3.7416574954986572,0.9996691942214966,0.00033080577850341797,7.681145668029785,0.9840776920318604,0.01592230796813965,16.309507369995117,0.8780078887939453,0.12199211120605469
survset:support2,RDSurv,3,44,3369,3.316624879837036,1,3.7416574954986572,0.3034166395664215,0.6965833604335785,7.681145668029785,0.03809255361557007,0.9619074463844299,16.309507369995117,0.0029388070106506348,0.9970611929893494
survset:support2,RDSurv,3,44,5127,2.8284270763397217,1,3.7416574954986572,0.3280363082885742,0.6719636917114258,7.681145668029785,0.04418998956680298,0.955810010433197,16.309507369995117,0.0036235153675079346,0.9963764846324921
survset:support2,RDSurv,3,44,724,31.160873413085938,1,3.7416574954986572,0.9998419284820557,0.00015807151794433594,7.681145668029785,0.9904348850250244,0.009565114974975586,16.309507369995117,0.9133557081222534,0.08664429187774658
survset:support2,RDSurv,3,44,4395,32.07802963256836,0,3.7416574954986572,0.9993979930877686,0.0006020069122314453,7.681145668029785,0.9761058688163757,0.023894131183624268,16.309507369995117,0.8408547639846802,0.15914523601531982
survset:support2,RDSurv,3,44,7969,33.808284759521484,1,3.7416574954986572,0.9994781017303467,0.0005218982696533203,7.681145668029785,0.9782960414886475,0.02170395851135254,16.309507369995117,0.8504799604415894,0.14952003955841064
survset:support2,RDSurv,3,44,8246,15.329710006713867,1,3.7416574954986572,0.9916856288909912,0.008314371109008789,7.681145668029785,0.8720537424087524,0.12794625759124756,16.309507369995117,0.5615434050559998,0.43845659494400024
survset:support2,RDSurv,3,44,3882,24.576412200927734,1,3.7416574954986572,0.999893844127655,0.0001061558723449707,7.681145668029785,0.9927617311477661,0.007238268852233887,16.309507369995117,0.9283959865570068,0.07160401344299316
survset:support2,RDSurv,3,44,3554,18.601076126098633,1,3.7416574954986572,0.9996578097343445,0.0003421902656555176,7.681145668029785,0.9837052822113037,0.01629471778869629,16.309507369995117,0.8761259317398071,0.12387406826019287
survset:support2,RDSurv,3,44,4041,38.20994567871094,0,3.7416574954986572,0.999968409538269,3.159046173095703e-05,7.681145668029785,0.996948778629303,0.0030512213706970215,16.309507369995117,0.9608770608901978,0.039122939109802246
survset:support2,RDSurv,3,44,5177,25.15949058532715,0,3.7416574954986572,0.999995231628418,4.76837158203125e-06,7.681145668029785,0.9992295503616333,0.0007704496383666992,16.309507369995117,0.9855769276618958,0.014423072338104248
survset:support2,RDSurv,3,44,1756,43.69210433959961,0,3.7416574954986572,0.9998875856399536,0.00011241436004638672,7.681145668029785,0.9924641847610474,0.007535815238952637,16.309507369995117,0.9263849258422852,0.07361507415771484
survset:support2,RDSurv,3,44,4123,5.4772257804870605,1,3.7416574954986572,0.7611420154571533,0.23885798454284668,7.681145668029785,0.2916114032268524,0.7083885967731476,16.309507369995117,0.0630142092704773,0.9369857907295227
survset:support2,RDSurv,3,44,2372,36.728736877441406,0,3.7416574954986572,0.9986319541931152,0.0013680458068847656,7.681145668029785,0.9588297009468079,0.04117029905319214,16.309507369995117,0.7751736640930176,0.22482633590698242
survset:support2,RDSurv,3,44,5206,12.845232963562012,1,3.7416574954986572,0.9986745119094849,0.0013254880905151367,7.681145668029785,0.959671139717102,0.04032886028289795,16.309507369995117,0.778046727180481,0.22195327281951904
survset:support2,RDSurv,3,44,2926,3.464101552963257,1,3.7416574954986572,0.11743035912513733,0.8825696408748627,7.681145668029785,0.007210642099380493,0.9927893579006195,16.309507369995117,0.00030416250228881836,0.9996958374977112
survset:support2,RDSurv,3,44,7071,28.965496063232422,0,3.7416574954986572,0.999792754650116,0.0002072453498840332,7.681145668029785,0.9884570837020874,0.011542916297912598,16.309507369995117,0.9016032218933105,0.09839677810668945
survset:support2,RDSurv,3,44,7211,13.638181686401367,1,3.7416574954986572,0.9996341466903687,0.00036585330963134766,7.681145668029785,0.9829453229904175,0.01705467700958252,16.309507369995117,0.8723366260528564,0.12766337394714355
survset:support2,RDSurv,3,44,4655,2.8284270763397217,1,3.7416574954986572,0.3717327415943146,0.6282672584056854,7.681145668029785,0.056377410888671875,0.9436225891113281,16.309507369995117,0.005126148462295532,0.9948738515377045
survset:support2,RDSurv,3,44,6427,6.78233003616333,1,3.7416574954986572,0.5493676066398621,0.45063239336013794,7.681145668029785,0.12827140092849731,0.8717285990715027,16.309507369995117,0.017177939414978027,0.982822060585022
survset:support2,RDSurv,3,44,3509,43.27817153930664,0,3.7416574954986572,0.9999598264694214,4.017353057861328e-05,7.681145668029785,0.9963696002960205,0.003630399703979492,16.309507369995117,0.9557503461837769,0.044249653816223145
survset:support2,RDSurv,3,44,3638,42.237422943115234,0,3.7416574954986572,0.9999657869338989,3.421306610107422e-05,7.681145668029785,0.9967644214630127,0.0032355785369873047,16.309507369995117,0.959213376045227,0.04078662395477295
survset:support2,RDSurv,3,44,4162,24.020824432373047,1,3.7416574954986572,0.9999915957450867,8.404254913330078e-06,7.681145668029785,0.9988362789154053,0.0011637210845947266,16.309507369995117,0.9804742336273193,0.019525766372680664
survset:support2,RDSurv,3,44,5901,34.01470184326172,1,3.7416574954986572,0.9993897676467896,0.0006102323532104492,7.681145668029785,0.9758882522583008,0.02411174774169922,16.309507369995117,0.839918851852417,0.160081148147583
survset:support2,RDSurv,3,44,3610,42.43819046020508,0,3.7416574954986572,0.9990965127944946,0.0009034872055053711,7.681145668029785,0.9686697721481323,0.031330227851867676,16.309507369995117,0.8106580972671509,0.18934190273284912
survset:support2,RDSurv,3,44,6156,42.142616271972656,0,3.7416574954986572,0.9996645450592041,0.00033545494079589844,7.681145668029785,0.9839245080947876,0.016075491905212402,16.309507369995117,0.8772315382957458,0.12276846170425415
survset:support2,RDSurv,3,44,5997,8.602325439453125,1,3.7416574954986572,0.9875468015670776,0.012453198432922363,7.681145668029785,0.837488055229187,0.162511944770813,16.309507369995117,0.5011636018753052,0.4988363981246948
survset:support2,RDSurv,3,44,2821,27.694765090942383,0,3.7416574954986572,0.9999737739562988,2.6226043701171875e-05,7.681145668029785,0.9973269104957581,0.0026730895042419434,16.309507369995117,0.9643945097923279,0.03560549020767212
survset:support2,RDSurv,3,44,8653,7.745966911315918,1,3.7416574954986572,0.9804219603538513,0.01957803964614868,7.681145668029785,0.7892665863037109,0.21073341369628906,16.309507369995117,0.4296008050441742,0.5703991949558258
survset:support2,RDSurv,3,44,7585,21.51743507385254,0,3.7416574954986572,0.9998019933700562,0.00019800662994384766,7.681145668029785,0.9888160228729248,0.011183977127075195,16.309507369995117,0.9036768674850464,0.09632313251495361
survset:support2,RDSurv,3,44,5038,26.4575138092041,0,3.7416574954986572,0.9990407228469849,0.0009592771530151367,7.681145668029785,0.9674006700515747,0.03259932994842529,16.309507369995117,0.8058277368545532,0.19417226314544678
survset:support2,RDSurv,3,44,7966,3.872983455657959,1,3.7416574954986572,0.4709659218788147,0.5290340781211853,7.681145668029785,0.09151127934455872,0.9084887206554413,16.309507369995117,0.010367482900619507,0.9896325170993805
survset:support2,RDSurv,3,44,2547,31.52776527404785,0,3.7416574954986572,0.9995611906051636,0.0004388093948364258,7.681145668029785,0.9806986451148987,0.01930135488510132,16.309507369995117,0.8615096807479858,0.13849031925201416
survset:support2,RDSurv,3,44,5521,21.97726058959961,0,3.7416574954986572,0.998889148235321,0.001110851764678955,7.681145668029785,0.9640865325927734,0.03591346740722656,16.309507369995117,0.7935906648635864,0.20640933513641357
survset:support2,RDSurv,3,44,4057,15.716233253479004,1,3.7416574954986572,0.9958471059799194,0.004152894020080566,7.681145668029785,0.9163165092468262,0.08368349075317383,16.309507369995117,0.6552169322967529,0.34478306770324707
survset:support2,RDSurv,3,44,2018,16.309507369995117,1,3.7416574954986572,0.9872399568557739,0.012760043144226074,7.681145668029785,0.8351634740829468,0.16483652591705322,16.309507369995117,0.49740809202194214,0.5025919079780579
survset:support2,RDSurv,3,44,5712,2.0,1,3.7416574954986572,0.4387623071670532,0.5612376928329468,7.681145668029785,0.07886138558387756,0.9211386144161224,16.309507369995117,0.008331924676895142,0.9916680753231049
survset:support2,RDSurv,3,44,4809,10.816654205322266,1,3.7416574954986572,0.9997472763061523,0.00025272369384765625,7.681145668029785,0.9867626428604126,0.013237357139587402,16.309507369995117,0.8921245336532593,0.10787546634674072
survset:support2,RDSurv,3,44,2225,3.0,1,3.7416574954986572,0.38529741764068604,0.614702582359314,7.681145668029785,0.060539454221725464,0.9394605457782745,16.309507369995117,0.005678296089172363,0.9943217039108276
survset:support2,RDSurv,3,44,4565,2.4494898319244385,1,3.7416574954986572,0.23639261722564697,0.763607382774353,7.681145668029785,0.024042367935180664,0.9759576320648193,16.309507369995117,0.00154876708984375,0.9984512329101562
survset:support2,RDSurv,3,44,4592,28.740215301513672,1,3.7416574954986572,0.9993918538093567,0.0006081461906433105,7.681145668029785,0.9759435653686523,0.024056434631347656,16.309507369995117,0.8401562571525574,0.15984374284744263
survset:support2,RDSurv,3,44,2893,26.305892944335938,0,3.7416574954986572,0.9993741512298584,0.0006258487701416016,7.681145668029785,0.9754749536514282,0.024525046348571777,16.309507369995117,0.838150680065155,0.16184931993484497
survset:support2,RDSurv,3,44,7158,2.2360680103302,1,3.7416574954986572,0.7211710214614868,0.2788289785385132,7.681145668029785,0.2506835162639618,0.7493164837360382,16.309507369995117,0.04910340905189514,0.9508965909481049
survset:support2,RDSurv,3,44,4989,6.480740547180176,1,3.7416574954986572,0.6947826743125916,0.30521732568740845,7.681145668029785,0.22686505317687988,0.7731349468231201,16.309507369995117,0.04177224636077881,0.9582277536392212
survset:support2,RDSurv,3,44,8820,25.63201141357422,0,3.7416574954986572,0.9953298568725586,0.004670143127441406,7.681145668029785,0.9099873304367065,0.09001266956329346,16.309507369995117,0.6403548717498779,0.35964512825012207
survset:support2,RDSurv,3,44,2012,38.11823654174805,1,3.7416574954986572,0.9998620748519897,0.0001379251480102539,7.681145668029785,0.9913049340248108,0.008695065975189209,16.309507369995117,0.9188059568405151,0.08119404315948486
survset:support2,RDSurv,3,44,8081,3.0,1,3.7416574954986572,0.5586963891983032,0.4413036108016968,7.681145668029785,0.13328436017036438,0.8667156398296356,16.309507369995117,0.018207252025604248,0.9817927479743958
survset:support2,RDSurv,3,44,4546,6.0,1,3.7416574954986572,0.5728215575218201,0.42717844247817993,7.681145668029785,0.14116457104682922,0.8588354289531708,16.309507369995117,0.019873350858688354,0.9801266491413116
survset:support2,RDSurv,3,44,5988,5.099019527435303,1,3.7416574954986572,0.7436163425445557,0.25638365745544434,7.681145668029785,0.27287882566452026,0.7271211743354797,16.309507369995117,0.05643787980079651,0.9435621201992035
survset:support2,RDSurv,3,44,5343,10.677078247070312,1,3.7416574954986572,0.9980878829956055,0.0019121170043945312,7.681145668029785,0.9488323926925659,0.05116760730743408,16.309507369995117,0.7429176568984985,0.25708234310150146
survset:support2,RDSurv,3,44,559,25.219039916992188,1,3.7416574954986572,0.9979346990585327,0.002065300941467285,7.681145668029785,0.9462295770645142,0.05377042293548584,16.309507369995117,0.7350229620933533,0.26497703790664673
survset:support2,RDSurv,3,44,7572,21.817424774169922,0,3.7416574954986572,0.999717116355896,0.0002828836441040039,7.681145668029785,0.9856959581375122,0.014304041862487793,16.309507369995117,0.8863946199417114,0.11360538005828857
survset:support2,RDSurv,3,44,4421,2.8284270763397217,1,3.7416574954986572,0.32619166374206543,0.6738083362579346,7.681145668029785,0.04371458292007446,0.9562854170799255,16.309507369995117,0.0035684406757354736,0.9964315593242645
survset:support2,RDSurv,3,44,7792,44.57577896118164,0,3.7416574954986572,0.9998892545700073,0.00011074542999267578,7.681145668029785,0.9925416111946106,0.007458388805389404,16.309507369995117,0.9269053936004639,0.07309460639953613
survset:support2,RDSurv,3,44,2208,7.937253952026367,1,3.7416574954986572,0.9992712736129761,0.0007287263870239258,7.681145668029785,0.9728448987007141,0.02715510129928589,16.309507369995117,0.8271811604499817,0.1728188395500183
survset:support2,RDSurv,3,44,5825,15.165750503540039,1,3.7416574954986572,0.9946438074111938,0.005356192588806152,7.681145668029785,0.9020427465438843,0.09795725345611572,16.309507369995117,0.6224833726882935,0.37751662731170654
survset:support2,RDSurv,3,44,6667,11.575837135314941,1,3.7416574954986572,0.9989686012268066,0.0010313987731933594,7.681145668029785,0.9658013582229614,0.034198641777038574,16.309507369995117,0.7998569011688232,0.20014309883117676
survset:support2,RDSurv,3,44,3354,20.56696319580078,1,3.7416574954986572,0.9997708797454834,0.00022912025451660156,7.681145668029785,0.9876269102096558,0.012373089790344238,16.309507369995117,0.8968979716300964,0.10310202836990356
survset:support2,RDSurv,3,44,8817,25.70992088317871,0,3.7416574954986572,0.9999976754188538,2.3245811462402344e-06,7.681145668029785,0.9995519518852234,0.00044804811477661133,16.309507369995117,0.9903580546379089,0.009641945362091064
survset:support2,RDSurv,3,44,3991,3.464101552963257,1,3.7416574954986572,0.609281063079834,0.390718936920166,7.681145668029785,0.16324254870414734,0.8367574512958527,16.309507369995117,0.024852842092514038,0.975147157907486
survset:support2,RDSurv,3,44,8886,7.0,1,3.7416574954986572,0.5927742123603821,0.4072257876396179,7.681145668029785,0.1529231071472168,0.8470768928527832,16.309507369995117,0.022468358278274536,0.9775316417217255
survset:support2,RDSurv,3,44,3371,3.464101552963257,1,3.7416574954986572,0.4852868914604187,0.5147131085395813,7.681145668029785,0.09756481647491455,0.9024351835250854,16.309507369995117,0.011398404836654663,0.9886015951633453
survset:support2,RDSurv,3,44,1155,3.7416574954986572,1,3.7416574954986572,0.12638550996780396,0.873614490032196,7.681145668029785,0.00814598798751831,0.9918540120124817,16.309507369995117,0.00035774707794189453,0.9996422529220581
survset:support2,RDSurv,3,44,2315,2.6457512378692627,1,3.7416574954986572,0.4015944302082062,0.5984055697917938,7.681145668029785,0.06579181551933289,0.9342081844806671,16.309507369995117,0.006402343511581421,0.9935976564884186
survset:support2,RDSurv,3,44,1527,12.12435531616211,1,3.7416574954986572,0.9744282960891724,0.025571703910827637,7.681145668029785,0.7554090619087219,0.24459093809127808,16.309507369995117,0.38603854179382324,0.6139614582061768
survset:support2,RDSurv,3,44,1159,28.0,0,3.7416574954986572,0.9999217987060547,7.82012939453125e-05,7.681145668029785,0.9941649436950684,0.005835056304931641,16.309507369995117,0.9383043646812439,0.061695635318756104
survset:support2,RDSurv,3,44,9050,3.1622776985168457,1,3.7416574954986572,0.026855826377868652,0.9731441736221313,7.681145668029785,0.0007167458534240723,0.9992832541465759,16.309507369995117,1.5288591384887695e-05,0.9999847114086151
survset:support2,RDSurv,3,44,7140,5.0,1,3.7416574954986572,0.8105694651603699,0.18943053483963013,7.681145668029785,0.35246747732162476,0.6475325226783752,16.309507369995117,0.08692494034767151,0.9130750596523285
survset:support2,RDSurv,3,44,6114,3.0,1,3.7416574954986572,0.40580976009368896,0.594190239906311,7.681145668029785,0.06719642877578735,0.9328035712242126,16.309507369995117,0.0066010355949401855,0.9933989644050598
survset:support2,RDSurv,3,44,6015,18.547237396240234,1,3.7416574954986572,0.9997332096099854,0.00026679039001464844,7.681145668029785,0.986260175704956,0.013739824295043945,16.309507369995117,0.8894044160842896,0.11059558391571045
survset:support2,RDSurv,3,44,4703,20.34699058532715,1,3.7416574954986572,0.964108943939209,0.035891056060791016,7.681145668029785,0.7060333490371704,0.2939666509628296,16.309507369995117,0.33017271757125854,0.6698272824287415
survset:support2,RDSurv,3,44,3293,44.68780517578125,0,3.7416574954986572,0.9999909996986389,9.000301361083984e-06,7.681145668029785,0.9987768530845642,0.001223146915435791,16.309507369995117,0.9797511100769043,0.020248889923095703
survset:support2,RDSurv,3,44,2919,25.980762481689453,0,3.7416574954986572,0.9959045052528381,0.004095494747161865,7.681145668029785,0.9170396327972412,0.08296036720275879,16.309507369995117,0.656952977180481,0.34304702281951904
survset:support2,RDSurv,3,44,7125,15.748015403747559,1,3.7416574954986572,0.998507022857666,0.0014929771423339844,7.681145668029785,0.9564141035079956,0.043585896492004395,16.309507369995117,0.7670724391937256,0.23292756080627441
survset:support2,RDSurv,3,44,1569,2.6457512378692627,1,3.7416574954986572,0.2210923433303833,0.7789076566696167,7.681145668029785,0.0213223397731781,0.9786776602268219,16.309507369995117,0.001312941312789917,0.9986870586872101
survset:support2,RDSurv,3,44,6053,9.0,1,3.7416574954986572,0.9981898069381714,0.0018101930618286133,7.681145668029785,0.9506113529205322,0.04938864707946777,16.309507369995117,0.748424768447876,0.251575231552124
survset:support2,RDSurv,3,44,5436,2.2360680103302,1,3.7416574954986572,0.07937511801719666,0.9206248819828033,7.681145668029785,0.003815770149230957,0.996184229850769,16.309507369995117,0.00013151764869689941,0.9998684823513031
survset:support2,RDSurv,3,44,1110,28.635643005371094,0,3.7416574954986572,0.9957139492034912,0.004286050796508789,7.681145668029785,0.9146561622619629,0.08534383773803711,16.309507369995117,0.6512613296508789,0.3487386703491211
survset:support2,RDSurv,3,44,8766,2.2360680103302,1,3.7416574954986572,0.12089145183563232,0.8791085481643677,7.681145668029785,0.007565975189208984,0.992434024810791,16.309507369995117,0.000324249267578125,0.9996757507324219
survset:support2,RDSurv,3,44,3092,22.24859619140625,0,3.7416574954986572,0.9752131700515747,0.024786829948425293,7.681145668029785,0.75958251953125,0.24041748046875,16.309507369995117,0.39115527272224426,0.6088447272777557
survset:support2,RDSurv,3,44,2982,5.385164737701416,1,3.7416574954986572,0.6253458261489868,0.3746541738510132,7.681145668029785,0.17383646965026855,0.8261635303497314,16.309507369995117,0.027404844760894775,0.9725951552391052
survset:support2,RDSurv,3,44,6311,21.1660099029541,1,3.7416574954986572,0.9980418682098389,0.001958131790161133,7.681145668029785,0.9480428695678711,0.051957130432128906,16.309507369995117,0.7405029535293579,0.2594970464706421
survset:support2,RDSurv,3,44,3922,4.242640495300293,1,3.7416574954986572,0.4956984519958496,0.5043015480041504,7.681145668029785,0.10214090347290039,0.8978590965270996,16.309507369995117,0.012201756238937378,0.9877982437610626
survset:support2,RDSurv,3,44,416,25.670995712280273,1,3.7416574954986572,0.992165207862854,0.007834792137145996,7.681145668029785,0.8765393495559692,0.12346065044403076,16.309507369995117,0.570084810256958,0.429915189743042
survset:support2,RDSurv,3,44,1320,25.179357528686523,0,3.7416574954986572,0.9973682165145874,0.0026317834854125977,7.681145668029785,0.9372110366821289,0.0627889633178711,16.309507369995117,0.7090136408805847,0.2909863591194153
survset:support2,RDSurv,3,44,5570,3.464101552963257,1,3.7416574954986572,0.4988933503627777,0.5011066496372223,7.681145668029785,0.10357552766799927,0.8964244723320007,16.309507369995117,0.012457847595214844,0.9875421524047852
survset:support2,RDSurv,3,44,6420,4.690415859222412,1,3.7416574954986572,0.5666691660881042,0.43333083391189575,7.681145668029785,0.13768842816352844,0.8623115718364716,16.309507369995117,0.019131183624267578,0.9808688163757324
survset:support2,RDSurv,3,44,1760,10.0,1,3.7416574954986572,0.9993282556533813,0.0006717443466186523,7.681145668029785,0.9742835760116577,0.025716423988342285,16.309507369995117,0.8331232070922852,0.16687679290771484
survset:support2,RDSurv,3,44,7971,15.099668502807617,1,3.7416574954986572,0.9772588014602661,0.022741198539733887,7.681145668029785,0.7708051800727844,0.22919481992721558,16.309507369995117,0.40525490045547485,0.5947450995445251
survset:support2,RDSurv,3,44,6621,4.123105525970459,1,3.7416574954986572,0.5769926905632019,0.4230073094367981,7.681145668029785,0.14356061816215515,0.8564393818378448,16.309507369995117,0.02039158344268799,0.979608416557312
survset:support2,RDSurv,3,44,696,3.7416574954986572,1,3.7416574954986572,0.4259028434753418,0.5740971565246582,7.681145668029785,0.07416167855262756,0.9258383214473724,16.309507369995117,0.0076174139976501465,0.9923825860023499
survset:support2,RDSurv,3,44,5759,19.54482078552246,0,3.7416574954986572,0.9997403621673584,0.00025963783264160156,7.681145668029785,0.986514687538147,0.013485312461853027,16.309507369995117,0.8907772302627563,0.10922276973724365
survset:support2,RDSurv,3,44,4691,6.0,1,3.7416574954986572,0.6075283885002136,0.3924716114997864,7.681145668029785,0.1621202826499939,0.8378797173500061,16.309507369995117,0.024588674306869507,0.9754113256931305
survset:support2,RDSurv,3,44,3790,2.2360680103302,1,3.7416574954986572,0.43643471598625183,0.5635652840137482,7.681145668029785,0.07799631357192993,0.9220036864280701,16.309507369995117,0.008198678493499756,0.9918013215065002
survset:support2,RDSurv,3,44,9058,20.273134231567383,0,3.7416574954986572,0.9987766742706299,0.0012233257293701172,7.681145668029785,0.9617370367050171,0.03826296329498291,16.309507369995117,0.785218358039856,0.21478164196014404
survset:support2,RDSurv,3,44,1416,23.043437957763672,0,3.7416574954986572,0.994644045829773,0.005355954170227051,7.681145668029785,0.9020451307296753,0.09795486927032471,16.309507369995117,0.6224886178970337,0.3775113821029663
survset:support2,RDSurv,3,44,3443,3.1622776985168457,1,3.7416574954986572,0.4470774233341217,0.5529225766658783,7.681145668029785,0.08200469613075256,0.9179953038692474,16.309507369995117,0.00882256031036377,0.9911774396896362
survset:support2,RDSurv,3,44,7708,19.595918655395508,0,3.7416574954986572,0.9998565912246704,0.00014340877532958984,7.681145668029785,0.9910629391670227,0.008937060832977295,16.309507369995117,0.9172707796096802,0.08272922039031982
survset:support2,RDSurv,3,44,6871,12.489995956420898,1,3.7416574954986572,0.9919062852859497,0.008093714714050293,7.681145668029785,0.8741021156311035,0.12589788436889648,16.309507369995117,0.5654212832450867,0.43457871675491333
survset:support2,RDSurv,3,44,3160,20.688159942626953,0,3.7416574954986572,0.9993354678153992,0.0006645321846008301,7.681145668029785,0.9744693040847778,0.025530695915222168,16.309507369995117,0.8339003324508667,0.1660996675491333
survset:support2,RDSurv,3,44,2285,27.221315383911133,1,3.7416574954986572,0.9972591996192932,0.002740800380706787,7.681145668029785,0.935570240020752,0.06442975997924805,16.309507369995117,0.7044853568077087,0.29551464319229126
survset:support2,RDSurv,3,44,8435,16.76305389404297,1,3.7416574954986572,0.9995969533920288,0.0004030466079711914,7.681145668029785,0.9817818403244019,0.018218159675598145,16.309507369995117,0.8666632175445557,0.13333678245544434
survset:support2,RDSurv,3,44,5417,23.151674270629883,0,3.7416574954986572,0.9968327879905701,0.0031672120094299316,7.681145668029785,0.9293930530548096,0.07060694694519043,16.309507369995117,0.6879388093948364,0.3120611906051636
survset:support2,RDSurv,3,44,8447,12.083045959472656,1,3.7416574954986572,0.9844801425933838,0.015519857406616211,7.681145668029785,0.8153805732727051,0.18461942672729492,16.309507369995117,0.46677884459495544,0.5332211554050446
survset:support2,RDSurv,3,44,8734,14.525838851928711,1,3.7416574954986572,0.9970076084136963,0.002992391586303711,7.681145668029785,0.9318814873695374,0.06811851263046265,16.309507369995117,0.6945123076438904,0.3054876923561096
survset:support2,RDSurv,3,44,7250,26.495283126831055,0,3.7416574954986572,0.999852180480957,0.00014781951904296875,7.681145668029785,0.9908734560012817,0.009126543998718262,16.309507369995117,0.9160794019699097,0.08392059803009033
survset:support2,RDSurv,3,44,1233,26.53299903869629,0,3.7416574954986572,0.9997000098228455,0.000299990177154541,7.681145668029785,0.9851080775260925,0.01489192247390747,16.309507369995117,0.8833073377609253,0.11669266223907471
survset:support2,RDSurv,3,44,453,40.68169021606445,0,3.7416574954986572,0.9968538284301758,0.0031461715698242188,7.681145668029785,0.9296889305114746,0.07031106948852539,16.309507369995117,0.6887139678001404,0.3112860321998596
survset:support2,RDSurv,3,44,1926,41.940433502197266,0,3.7416574954986572,0.9996663331985474,0.0003336668014526367,7.681145668029785,0.9839836955070496,0.01601630449295044,16.309507369995117,0.8775312900543213,0.12246870994567871
survset:support2,RDSurv,3,44,2036,3.0,1,3.7416574954986572,0.726355254650116,0.27364474534988403,7.681145668029785,0.2556428015232086,0.7443571984767914,16.309507369995117,0.050699710845947266,0.9493002891540527
survset:support2,RDSurv,3,44,846,32.66496658325195,0,3.7416574954986572,0.9999949932098389,5.0067901611328125e-06,7.681145668029785,0.9992029666900635,0.0007970333099365234,16.309507369995117,0.9852123260498047,0.014787673950195312
survset:support2,RDSurv,3,44,4799,18.6279354095459,1,3.7416574954986572,0.997373640537262,0.002626359462738037,7.681145668029785,0.9372940063476562,0.06270599365234375,16.309507369995117,0.7092442512512207,0.2907557487487793
survset:support2,RDSurv,3,44,1510,20.856653213500977,0,3.7416574954986572,0.9999805092811584,1.9490718841552734e-05,7.681145668029785,0.9978464841842651,0.0021535158157348633,16.309507369995117,0.9694992303848267,0.03050076961517334
survset:support2,RDSurv,3,44,1611,27.276363372802734,1,3.7416574954986572,0.9973546266555786,0.0026453733444213867,7.681145668029785,0.9370056390762329,0.06299436092376709,16.309507369995117,0.7084436416625977,0.29155635833740234
survset:support2,RDSurv,3,44,7408,5.385164737701416,1,3.7416574954986572,0.42969566583633423,0.5703043341636658,7.681145668029785,0.07552775740623474,0.9244722425937653,16.309507369995117,0.00782272219657898,0.992177277803421
survset:support2,RDSurv,3,44,5623,21.02379608154297,0,3.7416574954986572,0.9999991655349731,8.344650268554688e-07,7.681145668029785,0.999800443649292,0.0001995563507080078,16.309507369995117,0.9947566986083984,0.0052433013916015625
survset:support2,RDSurv,3,44,1930,28.56571388244629,1,3.7416574954986572,0.9993715286254883,0.0006284713745117188,7.681145668029785,0.9754074811935425,0.02459251880645752,16.309507369995117,0.8378634452819824,0.16213655471801758
survset:support2,RDSurv,3,44,862,32.51153564453125,0,3.7416574954986572,0.999999463558197,5.364418029785156e-07,7.681145668029785,0.9998536705970764,0.00014632940292358398,16.309507369995117,0.9958599805831909,0.004140019416809082
survset:support2,RDSurv,3,44,8191,39.49683380126953,0,3.7416574954986572,0.9912374019622803,0.008762598037719727,7.681145668029785,0.8679677248001099,0.13203227519989014,16.309507369995117,0.5539178848266602,0.44608211517333984
survset:support2,RDSurv,3,44,7293,3.872983455657959,1,3.7416574954986572,0.27812373638153076,0.7218762636184692,7.681145668029785,0.032367169857025146,0.9676328301429749,16.309507369995117,0.0023393630981445312,0.9976606369018555
survset:support2,RDSurv,3,44,7955,22.427661895751953,1,3.7416574954986572,0.9938383102416992,0.006161689758300781,7.681145668029785,0.8932651877403259,0.10673481225967407,16.309507369995117,0.6036521792411804,0.3963478207588196
survset:support2,RDSurv,3,44,6447,37.735923767089844,1,3.7416574954986572,0.9993339776992798,0.0006660223007202148,7.681145668029785,0.9744312763214111,0.025568723678588867,16.309507369995117,0.8337409496307373,0.1662590503692627
survset:support2,RDSurv,3,44,4735,2.2360680103302,1,3.7416574954986572,0.17097920179367065,0.8290207982063293,7.681145668029785,0.013588488101959229,0.9864115118980408,16.309507369995117,0.0007107853889465332,0.9992892146110535
survset:support2,RDSurv,3,44,1561,19.51922035217285,0,3.7416574954986572,0.9989017248153687,0.0010982751846313477,7.681145668029785,0.9643543362617493,0.03564566373825073,16.309507369995117,0.794560432434082,0.20543956756591797
survset:support2,RDSurv,3,44,4109,6.164413928985596,1,3.7416574954986572,0.8423722982406616,0.15762770175933838,7.681145668029785,0.39959007501602173,0.6004099249839783,16.309507369995117,0.10828915238380432,0.8917108476161957
survset:support2,RDSurv,3,44,2506,8.83176040649414,1,3.7416574954986572,0.9899654984474182,0.010034501552581787,7.681145668029785,0.8568767309188843,0.14312326908111572,16.309507369995117,0.5339177846908569,0.46608221530914307
survset:support2,RDSurv,3,44,5204,24.93992805480957,0,3.7416574954986572,0.999586820602417,0.0004131793975830078,7.681145668029785,0.9814717769622803,0.018528223037719727,16.309507369995117,0.8651754856109619,0.13482451438903809
survset:support2,RDSurv,3,44,8328,33.52610778808594,1,3.7416574954986572,0.9996073842048645,0.00039261579513549805,7.681145668029785,0.982103705406189,0.017896294593811035,16.309507369995117,0.868217945098877,0.13178205490112305
survset:support2,RDSurv,3,44,8783,12.409673690795898,1,3.7416574954986572,0.9978354573249817,0.0021645426750183105,7.681145668029785,0.944584310054779,0.05541568994522095,16.309507369995117,0.730127215385437,0.269872784614563
survset:support2,RDSurv,3,44,6673,6.78233003616333,1,3.7416574954986572,0.623490571975708,0.376509428024292,7.681145668029785,0.17258411645889282,0.8274158835411072,16.309507369995117,0.027097642421722412,0.9729023575782776
survset:support2,RDSurv,3,44,419,2.0,1,3.7416574954986572,0.3752953112125397,0.6247046887874603,7.681145668029785,0.05745247006416321,0.9425475299358368,16.309507369995117,0.005266904830932617,0.9947330951690674
survset:support2,RDSurv,3,44,4656,7.549834251403809,1,3.7416574954986572,0.6833595037460327,0.3166404962539673,7.681145668029785,0.21723946928977966,0.7827605307102203,16.309507369995117,0.038965433835983276,0.9610345661640167
survset:support2,RDSurv,3,44,8395,9.486832618713379,1,3.7416574954986572,0.97654128074646,0.02345871925354004,7.681145668029785,0.7668096423149109,0.2331903576850891,16.309507369995117,0.4001769423484802,0.5998230576515198
survset:support2,RDSurv,3,44,6206,20.44504737854004,1,3.7416574954986572,0.9970020055770874,0.0029979944229125977,7.681145668029785,0.9318009614944458,0.0681990385055542,16.309507369995117,0.694297730922699,0.305702269077301
survset:support2,RDSurv,3,44,4764,25.2586612701416,1,3.7416574954986572,0.9994622468948364,0.0005377531051635742,7.681145668029785,0.9778550863265991,0.02214491367340088,16.309507369995117,0.8485108613967896,0.15148913860321045
survset:support2,RDSurv,3,44,2718,10.954451560974121,1,3.7416574954986572,0.9997662305831909,0.00023376941680908203,7.681145668029785,0.9874563217163086,0.012543678283691406,16.309507369995117,0.8959462642669678,0.10405373573303223
survset:support2,RDSurv,3,44,5330,20.074859619140625,1,3.7416574954986572,0.9984278678894043,0.0015721321105957031,7.681145668029785,0.9549247026443481,0.045075297355651855,16.309507369995117,0.762180507183075,0.23781949281692505
survset:support2,RDSurv,3,44,4060,9.746794700622559,1,3.7416574954986572,0.9925070405006409,0.007492959499359131,7.681145668029785,0.8798134326934814,0.12018656730651855,16.309507369995117,0.5764362812042236,0.42356371879577637
survset:support2,RDSurv,3,44,945,29.78254508972168,1,3.7416574954986572,0.999600887298584,0.0003991127014160156,7.681145668029785,0.981904149055481,0.018095850944519043,16.309507369995117,0.8672525882720947,0.13274741172790527
survset:support2,RDSurv,3,44,2661,11.532562255859375,1,3.7416574954986572,0.985204815864563,0.014795184135437012,7.681145668029785,0.8203938007354736,0.17960619926452637,16.309507369995117,0.4743248522281647,0.5256751477718353
survset:support2,RDSurv,3,44,3582,7.141428470611572,1,3.7416574954986572,0.6949674487113953,0.30503255128860474,7.681145668029785,0.22702401876449585,0.7729759812355042,16.309507369995117,0.04181933403015137,0.9581806659698486
survset:support2,RDSurv,3,44,7822,7.745966911315918,1,3.7416574954986572,0.989296555519104,0.010703444480895996,7.681145668029785,0.8513097763061523,0.14869022369384766,16.309507369995117,0.5242398381233215,0.47576016187667847
survset:support2,RDSurv,3,44,1815,4.242640495300293,1,3.7416574954986572,0.6412783265113831,0.35872167348861694,7.681145668029785,0.18491646647453308,0.8150835335254669,16.309507369995117,0.030186772346496582,0.9698132276535034
survset:support2,RDSurv,3,44,4465,31.496030807495117,0,3.7416574954986572,0.9999328851699829,6.711483001708984e-05,7.681145668029785,0.9947631359100342,0.00523686408996582,16.309507369995117,0.9427759647369385,0.05722403526306152
survset:support2,RDSurv,3,44,1406,3.1622776985168457,1,3.7416574954986572,0.12571939826011658,0.8742806017398834,7.681145668029785,0.00807461142539978,0.9919253885746002,16.309507369995117,0.0003535747528076172,0.9996464252471924
survset:support2,RDSurv,3,44,3599,3.872983455657959,1,3.7416574954986572,0.5906482934951782,0.4093517065048218,7.681145668029785,0.1516338586807251,0.8483661413192749,16.309507369995117,0.02217748761177063,0.9778225123882294
survset:support2,RDSurv,3,44,2400,33.30165100097656,1,3.7416574954986572,0.9987239837646484,0.0012760162353515625,7.681145668029785,0.9606638550758362,0.03933614492416382,16.309507369995117,0.7814715504646301,0.21852844953536987
survset:support2,RDSurv,3,44,4237,26.0,1,3.7416574954986572,0.9998821020126343,0.00011789798736572266,7.681145668029785,0.9922100305557251,0.007789969444274902,16.309507369995117,0.9246891140937805,0.07531088590621948
survset:support2,RDSurv,3,44,630,38.52272033691406,0,3.7416574954986572,0.999045729637146,0.0009542703628540039,7.681145668029785,0.9675137400627136,0.03248625993728638,16.309507369995117,0.8062547445297241,0.19374525547027588
survset:support2,RDSurv,3,44,6771,16.67333221435547,1,3.7416574954986572,0.9981013536453247,0.001898646354675293,7.681145668029785,0.9490654468536377,0.050934553146362305,16.309507369995117,0.7436337471008301,0.2563662528991699
survset:support2,RDSurv,3,44,5887,4.4721360206604,1,3.7416574954986572,0.8318705558776855,0.16812944412231445,7.681145668029785,0.383202463388443,0.616797536611557,16.309507369995117,0.10056295990943909,0.8994370400905609
survset:support2,RDSurv,3,44,512,2.0,1,3.7416574954986572,0.2519989311695099,0.7480010688304901,7.681145668029785,0.026997506618499756,0.9730024933815002,16.309507369995117,0.0018178820610046387,0.9981821179389954
survset:support2,RDSurv,3,44,2977,14.0,1,3.7416574954986572,0.9961749315261841,0.003825068473815918,7.681145668029785,0.9205038547515869,0.07949614524841309,16.309507369995117,0.6653829216957092,0.33461707830429077
survset:support2,RDSurv,3,44,6829,9.32737922668457,1,3.7416574954986572,0.9683716893196106,0.031628310680389404,7.681145668029785,0.7253199815750122,0.2746800184249878,16.309507369995117,0.35102659463882446,0.6489734053611755
survset:support2,RDSurv,3,44,4572,30.659420013427734,0,3.7416574954986572,0.9999861717224121,1.3828277587890625e-05,7.681145668029785,0.9983202219009399,0.0016797780990600586,16.309507369995117,0.9745015501976013,0.02549844980239868
survset:support2,RDSurv,3,44,763,20.32240104675293,1,3.7416574954986572,0.9991987347602844,0.0008012652397155762,7.681145668029785,0.9710714817047119,0.028928518295288086,16.309507369995117,0.8200379610061646,0.17996203899383545
survset:support2,RDSurv,3,44,4331,6.855654716491699,1,3.7416574954986572,0.5934043526649475,0.4065956473350525,7.681145668029785,0.15330693125724792,0.8466930687427521,16.309507369995117,0.022555261850357056,0.9774447381496429
survset:support2,RDSurv,3,44,907,14.832396507263184,1,3.7416574954986572,0.998417854309082,0.0015821456909179688,7.681145668029785,0.9547377824783325,0.04526221752166748,16.309507369995117,0.7615718245506287,0.23842817544937134
survset:support2,RDSurv,3,44,7401,20.248456954956055,1,3.7416574954986572,0.9938313364982605,0.006168663501739502,7.681145668029785,0.8931916952133179,0.10680830478668213,16.309507369995117,0.6034981608390808,0.3965018391609192
survset:support2,RDSurv,3,44,6014,4.582575798034668,1,3.7416574954986572,0.5166859030723572,0.4833140969276428,7.681145668029785,0.11183512210845947,0.8881648778915405,16.309507369995117,0.013971120119094849,0.9860288798809052
survset:support2,RDSurv,3,44,8972,9.165151596069336,1,3.7416574954986572,0.9697599411010742,0.03024005889892578,7.681145668029785,0.7319142818450928,0.2680857181549072,16.309507369995117,0.3584306240081787,0.6415693759918213
survset:support2,RDSurv,3,44,8377,28.44292449951172,1,3.7416574954986572,0.9994950294494629,0.0005049705505371094,7.681145668029785,0.9787750840187073,0.021224915981292725,16.309507369995117,0.852637767791748,0.14736223220825195
survset:support2,RDSurv,3,44,9027,20.976177215576172,0,3.7416574954986572,0.9999058246612549,9.417533874511719e-05,7.681145668029785,0.9933465123176575,0.006653487682342529,16.309507369995117,0.9324353933334351,0.06756460666656494
survset:support2,RDSurv,3,44,4508,31.192947387695312,0,3.7416574954986572,0.998699426651001,0.0013005733489990234,7.681145668029785,0.9601700305938721,0.03982996940612793,16.309507369995117,0.7797631025314331,0.2202368974685669
survset:support2,RDSurv,3,44,4005,37.6961555480957,1,3.7416574954986572,0.9996393918991089,0.0003606081008911133,7.681145668029785,0.9831112623214722,0.016888737678527832,16.309507369995117,0.8731584548950195,0.12684154510498047
survset:support2,RDSurv,3,44,8034,3.872983455657959,1,3.7416574954986572,0.5041835308074951,0.4958164691925049,7.681145668029785,0.10598304867744446,0.8940169513225555,16.309507369995117,0.012892097234725952,0.987107902765274
survset:support2,RDSurv,3,44,8457,2.4494898319244385,1,3.7416574954986572,0.5455314517021179,0.4544685482978821,7.681145668029785,0.12625277042388916,0.8737472295761108,16.309507369995117,0.01677018404006958,0.9832298159599304
survset:support2,RDSurv,3,44,843,3.605551242828369,1,3.7416574954986572,0.4659508466720581,0.5340491533279419,7.681145668029785,0.08945536613464355,0.9105446338653564,16.309507369995117,0.010025650262832642,0.9899743497371674
survset:support2,RDSurv,3,44,4390,6.557438373565674,1,3.7416574954986572,0.4440877139568329,0.5559122860431671,7.681145668029785,0.08086490631103516,0.9191350936889648,16.309507369995117,0.008643478155136108,0.9913565218448639
survset:support2,RDSurv,3,44,574,39.306488037109375,0,3.7416574954986572,0.9930599927902222,0.006940007209777832,7.681145668029785,0.8852584362030029,0.11474156379699707,16.309507369995117,0.5872285962104797,0.41277140378952026
survset:support2,RDSurv,3,44,4979,26.925823211669922,0,3.7416574954986572,0.9997061491012573,0.0002938508987426758,7.681145668029785,0.9853180646896362,0.01468193531036377,16.309507369995117,0.8844047784805298,0.11559522151947021
survset:support2,RDSurv,3,44,6524,38.131351470947266,0,3.7416574954986572,0.9997463822364807,0.0002536177635192871,7.681145668029785,0.9867311716079712,0.013268828392028809,16.309507369995117,0.8919533491134644,0.10804665088653564
survset:support2,RDSurv,3,44,5800,18.65475845336914,0,3.7416574954986572,0.994673490524292,0.005326509475708008,7.681145668029785,0.9023768901824951,0.09762310981750488,16.309507369995117,0.6232185363769531,0.3767814636230469
survset:support2,RDSurv,3,44,1922,2.8284270763397217,1,3.7416574954986572,0.4948751628398895,0.5051248371601105,7.681145668029785,0.10177356004714966,0.8982264399528503,16.309507369995117,0.012136518955230713,0.9878634810447693
survset:support2,RDSurv,3,44,637,31.496030807495117,1,3.7416574954986572,0.9996130466461182,0.00038695335388183594,7.681145668029785,0.9822795391082764,0.017720460891723633,16.309507369995117,0.8690719604492188,0.13092803955078125
survset:support2,RDSurv,3,44,130,4.795831680297852,1,3.7416574954986572,0.558825671672821,0.44117432832717896,7.681145668029785,0.13335487246513367,0.8666451275348663,16.309507369995117,0.018221884965896606,0.9817781150341034
survset:support2,RDSurv,3,44,3973,39.076847076416016,0,3.7416574954986572,0.9995484352111816,0.0004515647888183594,7.681145668029785,0.9803203344345093,0.019679665565490723,16.309507369995117,0.8597373366355896,0.1402626633644104
survset:support2,RDSurv,3,44,4040,10.344079971313477,1,3.7416574954986572,0.9902721643447876,0.009727835655212402,7.681145668029785,0.8594872951507568,0.14051270484924316,16.309507369995117,0.5385370850563049,0.46146291494369507
survset:support2,RDSurv,3,44,5099,14.525838851928711,1,3.7416574954986572,0.9968775510787964,0.0031224489212036133,7.681145668029785,0.9300245046615601,0.06997549533843994,16.309507369995117,0.6895954608917236,0.31040453910827637
survset:support2,RDSurv,3,44,8545,31.416555404663086,0,3.7416574954986572,0.9998799562454224,0.00012004375457763672,7.681145668029785,0.9921078681945801,0.007892131805419922,16.309507369995117,0.924013614654541,0.07598638534545898
survset:support2,RDSurv,3,44,8615,9.110433578491211,1,3.7416574954986572,0.9996774196624756,0.00032258033752441406,7.681145668029785,0.9843500852584839,0.015649914741516113,16.309507369995117,0.879395604133606,0.12060439586639404
survset:support2,RDSurv,3,44,483,2.2360680103302,1,3.7416574954986572,0.1554199755191803,0.8445800244808197,7.681145668029785,0.011539489030838013,0.988460510969162,16.309507369995117,0.0005701780319213867,0.9994298219680786
survset:support2,RDSurv,3,44,5868,5.291502475738525,1,3.7416574954986572,0.2898513674736023,0.7101486325263977,7.681145668029785,0.03495579957962036,0.9650442004203796,16.309507369995117,0.0026050209999084473,0.9973949790000916
survset:support2,RDSurv,3,44,2713,5.385164737701416,1,3.7416574954986572,0.4668470025062561,0.5331529974937439,7.681145668029785,0.08982032537460327,0.9101796746253967,16.309507369995117,0.010086029767990112,0.9899139702320099
survset:support2,RDSurv,3,44,1781,3.0,1,3.7416574954986572,0.3107649087905884,0.6892350912094116,7.681145668029785,0.03985702991485596,0.960142970085144,16.309507369995117,0.0031321346759796143,0.9968678653240204
survset:support2,RDSurv,3,44,7517,5.385164737701416,1,3.7416574954986572,0.2707885503768921,0.7292114496231079,7.681145668029785,0.030804872512817383,0.9691951274871826,16.309507369995117,0.002183467149734497,0.9978165328502655
survset:support2,RDSurv,3,44,5046,7.6157732009887695,1,3.7416574954986572,0.704304039478302,0.295695960521698,7.681145668029785,0.23519521951675415,0.7648047804832458,16.309507369995117,0.04427340626716614,0.9557265937328339
survset:support2,RDSurv,3,44,5451,22.781572341918945,0,3.7416574954986572,0.999648928642273,0.0003510713577270508,7.681145668029785,0.9834175109863281,0.016582489013671875,16.309507369995117,0.874683141708374,0.12531685829162598
survset:support2,RDSurv,3,44,1902,42.16633605957031,0,3.7416574954986572,0.999528169631958,0.0004718303680419922,7.681145668029785,0.9797264933586121,0.02027350664138794,16.309507369995117,0.8569831252098083,0.14301687479019165
survset:support2,RDSurv,3,44,8254,17.860570907592773,1,3.7416574954986572,0.9992519617080688,0.0007480382919311523,7.681145668029785,0.9723662734031677,0.027633726596832275,16.309507369995117,0.8252341747283936,0.17476582527160645
survset:support2,RDSurv,3,44,4259,2.6457512378692627,1,3.7416574954986572,0.15294793248176575,0.8470520675182343,7.681145668029785,0.011228859424591064,0.9887711405754089,16.309507369995117,0.0005496442317962646,0.9994503557682037
survset:support2,RDSurv,3,44,7375,15.394804000854492,1,3.7416574954986572,0.9998730421066284,0.00012695789337158203,7.681145668029785,0.9917942881584167,0.008205711841583252,16.309507369995117,0.9219579100608826,0.07804208993911743
survset:support2,RDSurv,3,44,2056,9.32737922668457,1,3.7416574954986572,0.949219822883606,0.05078017711639404,7.681145668029785,0.6475342512130737,0.35246574878692627,16.309507369995117,0.273388147354126,0.726611852645874
survset:support2,RDSurv,3,44,1827,38.587562561035156,1,3.7416574954986572,0.9996479749679565,0.00035202503204345703,7.681145668029785,0.9833866357803345,0.016613364219665527,16.309507369995117,0.8745288848876953,0.1254711151123047
survset:support2,RDSurv,3,44,7595,21.33072853088379,0,3.7416574954986572,0.9960334300994873,0.003966569900512695,7.681145668029785,0.9186786413192749,0.0813213586807251,16.309507369995117,0.6609176993370056,0.3390823006629944
survset:support2,RDSurv,3,44,8602,30.479501724243164,0,3.7416574954986572,0.9983838200569153,0.0016161799430847168,7.681145668029785,0.9541084170341492,0.04589158296585083,16.309507369995117,0.7595313787460327,0.24046862125396729
survset:support2,RDSurv,3,44,3389,4.123105525970459,1,3.7416574954986572,0.6303579807281494,0.3696420192718506,7.681145668029785,0.17725872993469238,0.8227412700653076,16.309507369995117,0.028251737356185913,0.9717482626438141
survset:support2,RDSurv,3,44,5943,17.944358825683594,1,3.7416574954986572,0.9997206926345825,0.00027930736541748047,7.681145668029785,0.985819935798645,0.01418006420135498,16.309507369995117,0.887052059173584,0.11294794082641602
survset:support2,RDSurv,3,44,4012,38.678157806396484,0,3.7416574954986572,0.9999961853027344,3.814697265625e-06,7.681145668029785,0.9993468523025513,0.0006531476974487305,16.309507369995117,0.9872367978096008,0.01276320219039917
survset:support2,RDSurv,3,44,1544,19.84943389892578,0,3.7416574954986572,0.9999912977218628,8.702278137207031e-06,7.681145668029785,0.9988031983375549,0.0011968016624450684,16.309507369995117,0.9800705909729004,0.01992940902709961
survset:support2,RDSurv,3,44,8126,4.242640495300293,1,3.7416574954986572,0.36255329847335815,0.6374467015266418,7.681145668029785,0.053665488958358765,0.9463345110416412,16.309507369995117,0.004776865243911743,0.9952231347560883
survset:support2,RDSurv,3,44,2335,26.758176803588867,1,3.7416574954986572,0.9996926784515381,0.00030732154846191406,7.681145668029785,0.9848588705062866,0.015141129493713379,16.309507369995117,0.8820129632949829,0.11798703670501709
survset:support2,RDSurv,3,44,7860,5.0,1,3.7416574954986572,0.7596977949142456,0.2403022050857544,7.681145668029785,0.29001766443252563,0.7099823355674744,16.309507369995117,0.062440693378448486,0.9375593066215515
survset:support2,RDSurv,3,44,4263,3.605551242828369,1,3.7416574954986572,0.4187620282173157,0.5812379717826843,7.681145668029785,0.07163447141647339,0.9283655285835266,16.309507369995117,0.007242709398269653,0.9927572906017303
survset:support2,RDSurv,3,44,4137,9.643651008605957,1,3.7416574954986572,0.9977400302886963,0.002259969711303711,7.681145668029785,0.9430304765701294,0.056969523429870605,16.309507369995117,0.7255679965019226,0.2744320034980774
survset:support2,RDSurv,3,44,5250,24.657655715942383,0,3.7416574954986572,0.9994394779205322,0.0005605220794677734,7.681145668029785,0.9772261381149292,0.0227738618850708,16.309507369995117,0.8457303047180176,0.15426969528198242
survset:support2,RDSurv,3,44,4550,30.82206916809082,0,3.7416574954986572,0.9997797012329102,0.00022029876708984375,7.681145668029785,0.9879581928253174,0.012041807174682617,16.309507369995117,0.8987607359886169,0.10123926401138306
survset:support2,RDSurv,3,44,6253,41.26742172241211,0,3.7416574954986572,0.9997056722640991,0.0002943277359008789,7.681145668029785,0.9853008389472961,0.014699161052703857,16.309507369995117,0.8843144178390503,0.11568558216094971
survset:support2,RDSurv,3,44,6124,28.07133674621582,1,3.7416574954986572,0.9980486631393433,0.0019513368606567383,7.681145668029785,0.948158860206604,0.051841139793395996,16.309507369995117,0.7408566474914551,0.2591433525085449
survset:support2,RDSurv,3,44,2478,31.51190185546875,1,3.7416574954986572,0.9998981952667236,0.00010180473327636719,7.681145668029785,0.9929717183113098,0.0070282816886901855,16.309507369995117,0.9298325777053833,0.0701674222946167
survset:support2,RDSurv,3,44,7954,2.0,1,3.7416574954986572,0.18708598613739014,0.8129140138626099,7.681145668029785,0.01588273048400879,0.9841172695159912,16.309507369995117,0.0008781552314758301,0.9991218447685242
survset:support2,RDSurv,3,44,6196,37.1887092590332,1,3.7416574954986572,0.997126579284668,0.0028734207153320312,7.681145668029785,0.9336092472076416,0.0663907527923584,16.309507369995117,0.6991486549377441,0.30085134506225586
survset:support2,RDSurv,3,44,3266,44.86647033691406,0,3.7416574954986572,0.9993578195571899,0.0006421804428100586,7.681145668029785,0.9750469923019409,0.024953007698059082,16.309507369995117,0.8363333344459534,0.16366666555404663
survset:support2,RDSurv,3,44,42,4.795831680297852,1,3.7416574954986572,0.3359319567680359,0.6640680432319641,7.681145668029785,0.046259671449661255,0.9537403285503387,16.309507369995117,0.003866344690322876,0.9961336553096771
survset:support2,RDSurv,3,44,1241,4.898979663848877,1,3.7416574954986572,0.41411131620407104,0.585888683795929,7.681145668029785,0.07001951336860657,0.9299804866313934,16.309507369995117,0.007006794214248657,0.9929932057857513
survset:support2,RDSurv,3,44,4221,6.244997978210449,1,3.7416574954986572,0.6194919347763062,0.38050806522369385,7.681145668029785,0.16991093754768372,0.8300890624523163,16.309507369995117,0.026446908712387085,0.9735530912876129
survset:support2,RDSurv,3,44,65,10.049875259399414,1,3.7416574954986572,0.87699294090271,0.12300705909729004,7.681145668029785,0.4607362747192383,0.5392637252807617,16.309507369995117,0.14010483026504517,0.8598951697349548
survset:support2,RDSurv,3,44,7790,44.60941696166992,0,3.7416574954986572,0.9998433589935303,0.00015664100646972656,7.681145668029785,0.9904952645301819,0.009504735469818115,16.309507369995117,0.9137279987335205,0.08627200126647949
survset:support2,RDSurv,3,44,2746,28.77499008178711,0,3.7416574954986572,0.9997363686561584,0.00026363134384155273,7.681145668029785,0.9863722324371338,0.013627767562866211,16.309507369995117,0.890007734298706,0.10999226570129395
survset:support2,RDSurv,3,44,8722,15.842979431152344,1,3.7416574954986572,0.9916486740112305,0.008351325988769531,7.681145668029785,0.8717126250267029,0.12828737497329712,16.309507369995117,0.5609012246131897,0.4390987753868103
survset:support2,RDSurv,3,44,7880,30.951574325561523,1,3.7416574954986572,0.9971101880073547,0.0028898119926452637,7.681145668029785,0.9333691596984863,0.06663084030151367,16.309507369995117,0.6985008716583252,0.3014991283416748
survset:support2,RDSurv,3,44,9001,21.725561141967773,0,3.7416574954986572,0.999515175819397,0.00048482418060302734,7.681145668029785,0.9793505668640137,0.020649433135986328,16.309507369995117,0.8552562594413757,0.14474374055862427
survset:support2,RDSurv,3,44,6000,22.86919403076172,1,3.7416574954986572,0.9988511800765991,0.001148819923400879,7.681145668029785,0.9632834196090698,0.036716580390930176,16.309507369995117,0.7907021641731262,0.20929783582687378
survset:support2,RDSurv,3,44,1615,44.933284759521484,0,3.7416574954986572,0.9986510276794434,0.0013489723205566406,7.681145668029785,0.9592055082321167,0.0407944917678833,16.309507369995117,0.7764533758163452,0.22354662418365479
survset:support2,RDSurv,3,44,6554,12.409673690795898,1,3.7416574954986572,0.9989410638809204,0.0010589361190795898,7.681145668029785,0.9652019739151001,0.0347980260848999,16.309507369995117,0.7976512908935547,0.2023487091064453
survset:support2,RDSurv,3,44,3087,22.338308334350586,0,3.7416574954986572,0.9997333288192749,0.00026667118072509766,7.681145668029785,0.9862650036811829,0.013734996318817139,16.309507369995117,0.8894302845001221,0.11056971549987793
survset:support2,RDSurv,3,44,7908,17.492855072021484,1,3.7416574954986572,0.9994798302650452,0.000520169734954834,7.681145668029785,0.978345513343811,0.021654486656188965,16.309507369995117,0.8507019281387329,0.1492980718612671
survset:support2,RDSurv,3,44,423,41.01219177246094,0,3.7416574954986572,0.9996417164802551,0.00035828351974487305,7.681145668029785,0.9831852912902832,0.016814708709716797,16.309507369995117,0.8735260963439941,0.12647390365600586
survset:support2,RDSurv,3,44,8893,8.0,1,3.7416574954986572,0.9816304445266724,0.018369555473327637,7.681145668029785,0.796727180480957,0.20327281951904297,16.309507369995117,0.4398767054080963,0.5601232945919037
survset:support2,RDSurv,3,44,2234,1.7320507764816284,1,3.7416574954986572,0.5078285336494446,0.4921714663505554,7.681145668029785,0.10766541957855225,0.8923345804214478,16.309507369995117,0.013198882341384888,0.9868011176586151
survset:support2,RDSurv,3,44,5755,19.595918655395508,0,3.7416574954986572,0.9999999403953552,5.960464477539063e-08,7.681145668029785,0.9999707937240601,2.9206275939941406e-05,16.309507369995117,0.9988093376159668,0.0011906623840332031
survset:support2,RDSurv,3,44,3905,6.082762718200684,1,3.7416574954986572,0.602580726146698,0.397419273853302,7.681145668029785,0.1589866578578949,0.8410133421421051,16.309507369995117,0.023857325315475464,0.9761426746845245
survset:support2,RDSurv,3,44,5820,5.5677642822265625,1,3.7416574954986572,0.7385997772216797,0.2614002227783203,7.681145668029785,0.26775088906288147,0.7322491109371185,16.309507369995117,0.05469965934753418,0.9453003406524658
survset:support2,RDSurv,3,44,1816,43.13930892944336,0,3.7416574954986572,0.9998887181282043,0.0001112818717956543,7.681145668029785,0.9925187826156616,0.007481217384338379,16.309507369995117,0.9267516732215881,0.07324832677841187
survset:support2,RDSurv,3,44,451,40.68169021606445,0,3.7416574954986572,0.9989665150642395,0.001033484935760498,7.681145668029785,0.9657551646232605,0.0342448353767395,16.309507369995117,0.7996864318847656,0.20031356811523438
survset:support2,RDSurv,3,44,8756,2.2360680103302,1,3.7416574954986572,0.17433685064315796,0.825663149356842,7.681145668029785,0.014052093029022217,0.9859479069709778,16.309507369995117,0.0007437765598297119,0.9992562234401703
survset:support2,RDSurv,3,44,2965,6.0,1,3.7416574954986572,0.5047816038131714,0.4952183961868286,7.681145668029785,0.10625776648521423,0.8937422335147858,16.309507369995117,0.012941986322402954,0.987058013677597
survset:support2,RDSurv,3,44,5180,25.119712829589844,0,3.7416574954986572,0.9998793005943298,0.00012069940567016602,7.681145668029785,0.992079496383667,0.007920503616333008,16.309507369995117,0.9238263368606567,0.07617366313934326
survset:support2,RDSurv,3,44,6265,17.8885440826416,1,3.7416574954986572,0.9991102814674377,0.0008897185325622559,7.681145668029785,0.9689867496490479,0.03101325035095215,16.309507369995117,0.8118773698806763,0.18812263011932373
survset:support2,RDSurv,3,44,1322,20.273134231567383,1,3.7416574954986572,0.9966116547584534,0.003388345241546631,7.681145668029785,0.9263256788253784,0.07367432117462158,16.309507369995117,0.6799972057342529,0.32000279426574707
survset:support2,RDSurv,3,44,7286,26.019224166870117,0,3.7416574954986572,0.9988715648651123,0.0011284351348876953,7.681145668029785,0.9637123346328735,0.036287665367126465,16.309507369995117,0.7922413349151611,0.20775866508483887
survset:support2,RDSurv,3,44,1937,8.246211051940918,1,3.7416574954986572,0.9851561784744263,0.01484382152557373,7.681145668029785,0.8200536966323853,0.17994630336761475,16.309507369995117,0.4738083481788635,0.5261916518211365
survset:support2,RDSurv,3,44,7736,3.0,1,3.7416574954986572,0.3970865309238434,0.6029134690761566,7.681145668029785,0.06431084871292114,0.9356891512870789,16.309507369995117,0.006195157766342163,0.9938048422336578
survset:support2,RDSurv,3,44,3511,23.452077865600586,1,3.7416574954986572,0.9998915195465088,0.00010848045349121094,7.681145668029785,0.9926509857177734,0.0073490142822265625,16.309507369995117,0.9276440739631653,0.07235592603683472
survset:support2,RDSurv,3,44,2671,29.74894905090332,0,3.7416574954986572,0.984459638595581,0.015540361404418945,7.681145668029785,0.8152401447296143,0.18475985527038574,16.309507369995117,0.4665694534778595,0.5334305465221405
survset:support2,RDSurv,3,44,7261,2.0,1,3.7416574954986572,0.0005028843879699707,0.99949711561203,7.681145668029785,2.7120113372802734e-06,0.9999972879886627,16.309507369995117,2.9802322387695312e-08,0.9999999701976776
survset:support2,RDSurv,3,44,5129,19.87460708618164,1,3.7416574954986572,0.994099497795105,0.0059005022048950195,7.681145668029785,0.8960529565811157,0.10394704341888428,16.309507369995117,0.6095352172851562,0.39046478271484375
survset:support2,RDSurv,3,44,5975,31.064449310302734,1,3.7416574954986572,0.9992905855178833,0.0007094144821166992,7.681145668029785,0.9733274579048157,0.026672542095184326,16.309507369995117,0.8291589617729187,0.1708410382270813
survset:support2,RDSurv,3,44,7752,13.856406211853027,1,3.7416574954986572,0.9948738813400269,0.0051261186599731445,7.681145668029785,0.9046545624732971,0.09534543752670288,16.309507369995117,0.6282675266265869,0.3717324733734131
survset:support2,RDSurv,3,44,1249,26.28687858581543,0,3.7416574954986572,0.9999876022338867,1.239776611328125e-05,7.681145668029785,0.9984500408172607,0.0015499591827392578,16.309507369995117,0.9759441614151001,0.024055838584899902
survset:support2,RDSurv,3,44,2016,6.557438373565674,1,3.7416574954986572,0.5401053428649902,0.45989465713500977,7.681145668029785,0.12343916296958923,0.8765608370304108,16.309507369995117,0.016208350658416748,0.9837916493415833
survset:support2,RDSurv,3,44,8196,23.579652786254883,1,3.7416574954986572,0.9967154264450073,0.0032845735549926758,7.681145668029785,0.9277541637420654,0.07224583625793457,16.309507369995117,0.6836738586425781,0.3163261413574219
survset:support2,RDSurv,3,44,5441,22.912878036499023,0,3.7416574954986572,0.9999113082885742,8.869171142578125e-05,7.681145668029785,0.9936249852180481,0.006375014781951904,16.309507369995117,0.934402585029602,0.06559741497039795
survset:support2,RDSurv,3,44,2051,10.24695110321045,1,3.7416574954986572,0.9955382943153381,0.004461705684661865,7.681145668029785,0.9124999046325684,0.08750009536743164,16.309507369995117,0.6461851596832275,0.35381484031677246
survset:support2,RDSurv,3,44,8210,36.878177642822266,1,3.7416574954986572,0.9994871616363525,0.0005128383636474609,7.681145668029785,0.9785529375076294,0.021447062492370605,16.309507369995117,0.8516347408294678,0.14836525917053223
survset:support2,RDSurv,3,44,5048,4.898979663848877,1,3.7416574954986572,0.6014260053634644,0.39857399463653564,7.681145668029785,0.15826255083084106,0.8417374491691589,16.309507369995117,0.023689627647399902,0.9763103723526001
survset:support2,RDSurv,3,44,5609,21.14237403869629,0,3.7416574954986572,0.9973396062850952,0.002660393714904785,7.681145668029785,0.9367779493331909,0.06322205066680908,16.309507369995117,0.7078127861022949,0.2921872138977051
survset:support2,RDSurv,3,44,6887,6.78233003616333,1,3.7416574954986572,0.24017333984375,0.75982666015625,7.681145668029785,0.024741321802139282,0.9752586781978607,16.309507369995117,0.0016112327575683594,0.9983887672424316
survset:support2,RDSurv,3,44,437,7.549834251403809,1,3.7416574954986572,0.22773414850234985,0.7722658514976501,7.681145668029785,0.022481858730316162,0.9775181412696838,16.309507369995117,0.001412034034729004,0.998587965965271
survset:support2,RDSurv,3,44,2063,4.242640495300293,1,3.7416574954986572,0.6986244916915894,0.30137550830841064,7.681145668029785,0.23019173741340637,0.7698082625865936,16.309507369995117,0.04276305437088013,0.9572369456291199
survset:support2,RDSurv,3,44,6563,4.795831680297852,1,3.7416574954986572,0.6346487998962402,0.36535120010375977,7.681145668029785,0.18023425340652466,0.8197657465934753,16.309507369995117,0.028997063636779785,0.9710029363632202
survset:support2,RDSurv,3,44,7615,2.8284270763397217,1,3.7416574954986572,0.5465975403785706,0.45340245962142944,7.681145668029785,0.12681129574775696,0.873188704252243,16.309507369995117,0.016882628202438354,0.9831173717975616
survset:support2,RDSurv,3,44,3329,7.280109882354736,1,3.7416574954986572,0.6609180569648743,0.33908194303512573,7.681145668029785,0.19942021369934082,0.8005797863006592,16.309507369995117,0.034003257751464844,0.9659967422485352
survset:support2,RDSurv,3,44,5584,21.424285888671875,0,3.7416574954986572,0.9960659742355347,0.003934025764465332,7.681145668029785,0.9190962314605713,0.08090376853942871,16.309507369995117,0.6619344353675842,0.33806556463241577
survset:support2,RDSurv,3,44,8907,24.020824432373047,0,3.7416574954986572,0.9994722008705139,0.000527799129486084,7.681145668029785,0.9781315326690674,0.021868467330932617,16.309507369995117,0.8497433066368103,0.1502566933631897
survset:support2,RDSurv,3,44,3411,7.8102498054504395,1,3.7416574954986572,0.9696606397628784,0.030339360237121582,7.681145668029785,0.7314373850822449,0.2685626149177551,16.309507369995117,0.3578903079032898,0.6421096920967102
survset:support2,RDSurv,3,44,8749,27.386127471923828,0,3.7416574954986572,0.9986194968223572,0.0013805031776428223,7.681145668029785,0.958585262298584,0.041414737701416016,16.309507369995117,0.7743442058563232,0.22565579414367676
survset:support2,RDSurv,3,44,4039,38.444766998291016,0,3.7416574954986572,0.9988980293273926,0.0011019706726074219,7.681145668029785,0.9642758965492249,0.035724103450775146,16.309507369995117,0.7942759990692139,0.20572400093078613
survset:support2,RDSurv,3,44,2345,21.725561141967773,1,3.7416574954986572,0.9910428524017334,0.008957147598266602,7.681145668029785,0.8662246465682983,0.13377535343170166,16.309507369995117,0.5507082939147949,0.4492917060852051
survset:support2,RDSurv,3,44,5673,20.4939022064209,0,3.7416574954986572,0.9999844431877136,1.5556812286376953e-05,7.681145668029785,0.9981729388237,0.0018270611763000488,16.309507369995117,0.9729042053222656,0.027095794677734375
survset:support2,RDSurv,3,44,1608,4.242640495300293,1,3.7416574954986572,0.5126632452011108,0.48733675479888916,7.681145668029785,0.1099269688129425,0.8900730311870575,16.309507369995117,0.013615638017654419,0.9863843619823456
survset:support2,RDSurv,3,44,3138,4.690415859222412,1,3.7416574954986572,0.2638704776763916,0.7361295223236084,7.681145668029785,0.029370814561843872,0.9706291854381561,16.309507369995117,0.0020433366298675537,0.9979566633701324
survset:support2,RDSurv,3,44,6893,8.9442720413208,1,3.7416574954986572,0.9562869071960449,0.04371309280395508,7.681145668029785,0.6738141775131226,0.32618582248687744,16.309507369995117,0.29777881503105164,0.7022211849689484
survset:support2,RDSurv,3,44,8832,3.464101552963257,1,3.7416574954986572,0.1302834153175354,0.8697165846824646,7.681145668029785,0.008569389581680298,0.9914306104183197,16.309507369995117,0.0003827512264251709,0.9996172487735748
survset:support2,RDSurv,3,44,2573,3.0,1,3.7416574954986572,0.412105530500412,0.587894469499588,7.681145668029785,0.06933045387268066,0.9306695461273193,16.309507369995117,0.006906956434249878,0.9930930435657501
survset:support2,RDSurv,3,44,2574,2.6457512378692627,1,3.7416574954986572,0.5555930137634277,0.44440698623657227,7.681145668029785,0.13160014152526855,0.8683998584747314,16.309507369995117,0.017858773469924927,0.9821412265300751
survset:support2,RDSurv,3,44,1146,28.213472366333008,0,3.7416574954986572,0.9999380707740784,6.192922592163086e-05,7.681145668029785,0.9950563907623291,0.0049436092376708984,16.309507369995117,0.9450317621231079,0.05496823787689209
survset:support2,RDSurv,3,44,4694,29.580398559570312,0,3.7416574954986572,0.9998829364776611,0.00011706352233886719,7.681145668029785,0.9922479391098022,0.007752060890197754,16.309507369995117,0.9249408841133118,0.07505911588668823
survset:support2,RDSurv,3,44,2364,26.305892944335938,1,3.7416574954986572,0.999883770942688,0.00011622905731201172,7.681145668029785,0.9922851324081421,0.00771486759185791,16.309507369995117,0.9251884818077087,0.07481151819229126
survset:support2,RDSurv,3,44,8913,19.235383987426758,1,3.7416574954986572,0.9998766183853149,0.0001233816146850586,7.681145668029785,0.9919562339782715,0.008043766021728516,16.309507369995117,0.9230157136917114,0.07698428630828857
survset:support2,RDSurv,3,44,2532,7.071067810058594,1,3.7416574954986572,0.679538369178772,0.320461630821228,7.681145668029785,0.2141057550907135,0.7858942449092865,16.309507369995117,0.038070857524871826,0.9619291424751282
survset:support2,RDSurv,3,44,1030,13.638181686401367,1,3.7416574954986572,0.9996888041496277,0.00031119585037231445,7.681145668029785,0.984729528427124,0.015270471572875977,16.309507369995117,0.8813443183898926,0.11865568161010742
survset:support2,RDSurv,3,44,4919,27.604347229003906,0,3.7416574954986572,0.9994305372238159,0.000569462776184082,7.681145668029785,0.9769833087921143,0.023016691207885742,16.309507369995117,0.8446650505065918,0.1553349494934082
survset:support2,RDSurv,3,44,2520,4.795831680297852,1,3.7416574954986572,0.5210077166557312,0.4789922833442688,7.681145668029785,0.11391237378120422,0.8860876262187958,16.309507369995117,0.014362126588821411,0.9856378734111786
survset:support2,RDSurv,3,44,115,44.14748001098633,0,3.7416574954986572,0.9994668364524841,0.0005331635475158691,7.681145668029785,0.9779824018478394,0.022017598152160645,16.309507369995117,0.849077582359314,0.15092241764068604
survset:support2,RDSurv,3,44,1689,16.0,1,3.7416574954986572,0.9966082572937012,0.003391742706298828,7.681145668029785,0.9262787103652954,0.07372128963470459,16.309507369995117,0.679876983165741,0.32012301683425903
survset:support2,RDSurv,3,44,7820,8.66025447845459,1,3.7416574954986572,0.9770593643188477,0.022940635681152344,7.681145668029785,0.7696881294250488,0.23031187057495117,16.309507369995117,0.40382856130599976,0.5961714386940002
survset:support2,RDSurv,3,44,5549,21.725561141967773,0,3.7416574954986572,0.9975708723068237,0.0024291276931762695,7.681145668029785,0.9403389692306519,0.059661030769348145,16.309507369995117,0.7178125381469727,0.28218746185302734
survset:support2,RDSurv,3,44,3508,5.74456262588501,1,3.7416574954986572,0.4977410137653351,0.5022589862346649,7.681145668029785,0.10305643081665039,0.8969435691833496,16.309507369995117,0.012364953756332397,0.9876350462436676
survset:support2,RDSurv,3,44,5169,25.238859176635742,0,3.7416574954986572,0.9996112585067749,0.00038874149322509766,7.681145668029785,0.9822237491607666,0.0177762508392334,16.309507369995117,0.8688006401062012,0.13119935989379883
survset:support2,RDSurv,3,44,802,36.551334381103516,0,3.7416574954986572,0.997896671295166,0.0021033287048339844,7.681145668029785,0.9455961585044861,0.054403841495513916,16.309507369995117,0.733129620552063,0.266870379447937
survset:support2,RDSurv,3,44,6949,28.284271240234375,1,3.7416574954986572,0.9998010396957397,0.0001989603042602539,7.681145668029785,0.9887796640396118,0.011220335960388184,16.309507369995117,0.9034655690193176,0.09653443098068237
survset:support2,RDSurv,3,44,809,36.441734313964844,0,3.7416574954986572,0.9998618364334106,0.00013816356658935547,7.681145668029785,0.9912952184677124,0.008704781532287598,16.309507369995117,0.9187440872192383,0.08125591278076172
survset:support2,RDSurv,3,44,1048,7.874007701873779,1,3.7416574954986572,0.9337300658226013,0.06626993417739868,7.681145668029785,0.5969641804695129,0.40303581953048706,16.309507369995117,0.23093456029891968,0.7690654397010803
survset:support2,RDSurv,3,44,6579,1.7320507764816284,1,3.7416574954986572,0.18721792101860046,0.8127820789813995,7.681145668029785,0.01590225100517273,0.9840977489948273,16.309507369995117,0.0008796155452728271,0.9991203844547272
survset:support2,RDSurv,3,44,3182,2.8284270763397217,1,3.7416574954986572,0.47707322239875793,0.5229267776012421,7.681145668029785,0.09405940771102905,0.905940592288971,16.309507369995117,0.010796993970870972,0.989203006029129
survset:support2,RDSurv,3,44,3543,20.51828384399414,1,3.7416574954986572,0.9947041869163513,0.005295813083648682,7.681145668029785,0.9027235507965088,0.09727644920349121,16.309507369995117,0.6239829063415527,0.37601709365844727
survset:support2,RDSurv,3,44,6963,30.479501724243164,0,3.7416574954986572,0.9993423223495483,0.0006576776504516602,7.681145668029785,0.9746456146240234,0.025354385375976562,16.309507369995117,0.8346402645111084,0.1653597354888916
survset:support2,RDSurv,3,44,5410,10.198039054870605,1,3.7416574954986572,0.9448834657669067,0.05511653423309326,7.681145668029785,0.6325001120567322,0.3674998879432678,16.309507369995117,0.2601810395717621,0.7398189604282379
survset:support2,RDSurv,3,44,5714,20.099750518798828,0,3.7416574954986572,0.9966087341308594,0.003391265869140625,7.681145668029785,0.9262860417366028,0.07371395826339722,16.309507369995117,0.6798956394195557,0.32010436058044434
survset:support2,RDSurv,3,44,4312,15.198683738708496,1,3.7416574954986572,0.9980474710464478,0.001952528953552246,7.681145668029785,0.9481379985809326,0.05186200141906738,16.309507369995117,0.7407930493354797,0.25920695066452026
survset:support2,RDSurv,3,44,1011,19.26136016845703,1,3.7416574954986572,0.9842183589935303,0.015781641006469727,7.681145668029785,0.8135983943939209,0.1864016056060791,16.309507369995117,0.46412980556488037,0.5358701944351196
survset:support2,RDSurv,3,44,8017,24.718414306640625,1,3.7416574954986572,0.9995044469833374,0.0004955530166625977,7.681145668029785,0.9790419340133667,0.0209580659866333,16.309507369995117,0.8538483381271362,0.14615166187286377
survset:support2,RDSurv,3,44,2557,31.3687744140625,0,3.7416574954986572,0.9998016357421875,0.0001983642578125,7.681145668029785,0.988802433013916,0.011197566986083984,16.309507369995117,0.9035980701446533,0.09640192985534668
survset:support2,RDSurv,3,44,7109,28.513154983520508,0,3.7416574954986572,0.9990822076797485,0.0009177923202514648,7.681145668029785,0.9683407545089722,0.03165924549102783,16.309507369995117,0.8093976378440857,0.1906023621559143
survset:support2,RDSurv,3,44,3792,15.033296585083008,1,3.7416574954986572,0.9958608150482178,0.0041391849517822266,7.681145668029785,0.9164884090423584,0.0835115909576416,16.309507369995117,0.65562903881073,0.34437096118927
survset:support2,RDSurv,3,44,6361,40.16217041015625,0,3.7416574954986572,0.9985948801040649,0.0014051198959350586,7.681145668029785,0.9581037759780884,0.04189622402191162,16.309507369995117,0.7727166414260864,0.22728335857391357
survset:support2,RDSurv,3,44,3746,2.0,1,3.7416574954986572,0.16540780663490295,0.834592193365097,7.681145668029785,0.012836039066314697,0.9871639609336853,16.309507369995117,0.0006581544876098633,0.9993418455123901
survset:support2,RDSurv,3,44,8631,4.358899116516113,1,3.7416574954986572,0.14143934845924377,0.8585606515407562,7.681145668029785,0.009836167097091675,0.9901638329029083,16.309507369995117,0.0004601776599884033,0.9995398223400116
survset:support2,RDSurv,3,44,1780,17.916473388671875,1,3.7416574954986572,0.9691107273101807,0.030889272689819336,7.681145668029785,0.7288100123405457,0.27118998765945435,16.309507369995117,0.3549271821975708,0.6450728178024292
survset:support2,RDSurv,3,44,363,41.71330642700195,0,3.7416574954986572,0.9976926445960999,0.0023073554039001465,7.681145668029785,0.9422682523727417,0.0577317476272583,16.309507369995117,0.7233538627624512,0.27664613723754883
survset:support2,RDSurv,3,44,8852,25.15949058532715,0,3.7416574954986572,0.9997889399528503,0.0002110600471496582,7.681145668029785,0.988310694694519,0.011689305305480957,16.309507369995117,0.9007644057273865,0.09923559427261353
survset:support2,RDSurv,3,44,7861,42.296573638916016,1,3.7416574954986572,0.9997830390930176,0.00021696090698242188,7.681145668029785,0.9880841970443726,0.011915802955627441,16.309507369995117,0.8994743824005127,0.1005256175994873
survset:support2,RDSurv,3,44,5035,2.6457512378692627,1,3.7416574954986572,0.3856835663318634,0.6143164336681366,7.681145668029785,0.06066066026687622,0.9393393397331238,16.309507369995117,0.005694657564163208,0.9943053424358368
survset:support2,RDSurv,3,44,6745,9.591663360595703,1,3.7416574954986572,0.9974703788757324,0.002529621124267578,7.681145668029785,0.938774585723877,0.06122541427612305,16.309507369995117,0.7133840918540955,0.28661590814590454
survset:support2,RDSurv,3,44,4010,38.69108581542969,0,3.7416574954986572,0.9941142797470093,0.005885720252990723,7.681145668029785,0.8962116241455078,0.10378837585449219,16.309507369995117,0.6098726987838745,0.3901273012161255
survset:support2,RDSurv,3,44,7438,3.464101552963257,1,3.7416574954986572,0.3656083345413208,0.6343916654586792,7.681145668029785,0.05455884337425232,0.9454411566257477,16.309507369995117,0.004891008138656616,0.9951089918613434
survset:support2,RDSurv,3,44,270,2.6457512378692627,1,3.7416574954986572,0.20412012934684753,0.7958798706531525,7.681145668029785,0.018504798412322998,0.981495201587677,16.309507369995117,0.0010813474655151367,0.9989186525344849
survset:support2,RDSurv,3,44,1348,3.0,1,3.7416574954986572,0.4472104609012604,0.5527895390987396,7.681145668029785,0.08205565810203552,0.9179443418979645,16.309507369995117,0.008830606937408447,0.9911693930625916
survset:support2,RDSurv,3,44,3384,19.02629852294922,1,3.7416574954986572,0.9939383268356323,0.006061673164367676,7.681145668029785,0.8943262100219727,0.10567378997802734,16.309507369995117,0.6058807969093323,0.3941192030906677
survset:support2,RDSurv,3,44,4323,32.69556427001953,0,3.7416574954986572,0.9998788237571716,0.00012117624282836914,7.681145668029785,0.9920575022697449,0.007942497730255127,16.309507369995117,0.9236812591552734,0.07631874084472656
survset:support2,RDSurv,3,44,1065,2.2360680103302,1,3.7416574954986572,0.40483760833740234,0.5951623916625977,7.681145668029785,0.0668708086013794,0.9331291913986206,16.309507369995117,0.006554782390594482,0.9934452176094055
survset:support2,RDSurv,3,44,6211,41.605289459228516,0,3.7416574954986572,0.9988223314285278,0.001177668571472168,7.681145668029785,0.9626799821853638,0.03732001781463623,16.309507369995117,0.7885500192642212,0.2114499807357788
survset:support2,RDSurv,3,44,3204,3.0,1,3.7416574954986572,0.4621870517730713,0.5378129482269287,7.681145668029785,0.08793368935585022,0.9120663106441498,16.309507369995117,0.009775400161743164,0.9902245998382568
survset:support2,RDSurv,3,44,4833,3.1622776985168457,1,3.7416574954986572,0.47122660279273987,0.5287733972072601,7.681145668029785,0.09161904454231262,0.9083809554576874,16.309507369995117,0.010385513305664062,0.9896144866943359
survset:support2,RDSurv,3,44,4198,36.742347717285156,0,3.7416574954986572,0.9955565929412842,0.00444340705871582,7.681145668029785,0.9127224683761597,0.08727753162384033,16.309507369995117,0.6467060446739197,0.3532939553260803
survset:support2,RDSurv,3,44,1309,25.357444763183594,0,3.7416574954986572,0.9995043277740479,0.0004956722259521484,7.681145668029785,0.979040265083313,0.02095973491668701,16.309507369995117,0.8538408279418945,0.14615917205810547
survset:support2,RDSurv,3,44,432,11.661903381347656,1,3.7416574954986572,0.9943282604217529,0.00567173957824707,7.681145668029785,0.898539125919342,0.10146087408065796,16.309507369995117,0.6148574352264404,0.38514256477355957
survset:support2,RDSurv,3,44,5970,43.79497528076172,0,3.7416574954986572,0.9992748498916626,0.0007251501083374023,7.681145668029785,0.9729350805282593,0.027064919471740723,16.309507369995117,0.8275496363639832,0.17245036363601685
survset:support2,RDSurv,3,44,7548,3.464101552963257,1,3.7416574954986572,0.4633732736110687,0.5366267263889313,7.681145668029785,0.08841133117675781,0.9115886688232422,16.309507369995117,0.00985369086265564,0.9901463091373444
survset:support2,RDSurv,3,44,3309,18.275667190551758,1,3.7416574954986572,0.9604636430740356,0.039536356925964355,7.681145668029785,0.6905564665794373,0.30944353342056274,16.309507369995117,0.3142492175102234,0.6857507824897766
survset:support2,RDSurv,3,44,4566,3.872983455657959,1,3.7416574954986572,0.401997447013855,0.598002552986145,7.681145668029785,0.06592530012130737,0.9340746998786926,16.309507369995117,0.006421118974685669,0.9935788810253143
survset:support2,RDSurv,3,44,7636,3.464101552963257,1,3.7416574954986572,0.4122181832790375,0.5877818167209625,7.681145668029785,0.06936904788017273,0.9306309521198273,16.309507369995117,0.006912529468536377,0.9930874705314636
survset:support2,RDSurv,3,44,6652,21.931713104248047,1,3.7416574954986572,0.9990503787994385,0.0009496212005615234,7.681145668029785,0.9676188230514526,0.03238117694854736,16.309507369995117,0.8066522479057312,0.1933477520942688
survset:support2,RDSurv,3,44,9065,5.916079998016357,1,3.7416574954986572,0.6418764591217041,0.3581235408782959,7.681145668029785,0.18534409999847412,0.8146559000015259,16.309507369995117,0.0302964448928833,0.9697035551071167
survset:support2,RDSurv,3,44,1072,29.393877029418945,0,3.7416574954986572,0.9995623826980591,0.00043761730194091797,7.681145668029785,0.9807340502738953,0.019265949726104736,16.309507369995117,0.8616763353347778,0.13832366466522217
survset:support2,RDSurv,3,44,6047,16.031219482421875,1,3.7416574954986572,0.9999700784683228,2.9921531677246094e-05,7.681145668029785,0.9970628023147583,0.0029371976852416992,16.309507369995117,0.9619225263595581,0.038077473640441895
survset:support2,RDSurv,3,44,621,38.60051727294922,0,3.7416574954986572,0.9989757537841797,0.0010242462158203125,7.681145668029785,0.9659579992294312,0.03404200077056885,16.309507369995117,0.8004363179206848,0.19956368207931519
survset:support2,RDSurv,3,44,5893,44.46346664428711,0,3.7416574954986572,0.9984214901924133,0.00157850980758667,7.681145668029785,0.954806387424469,0.045193612575531006,16.309507369995117,0.761795163154602,0.23820483684539795
survset:support2,RDSurv,3,44,3712,3.464101552963257,1,3.7416574954986572,0.41498708724975586,0.5850129127502441,7.681145668029785,0.07032176852226257,0.9296782314777374,16.309507369995117,0.00705072283744812,0.9929492771625519
survset:support2,RDSurv,3,44,9016,6.78233003616333,1,3.7416574954986572,0.4478365182876587,0.5521634817123413,7.681145668029785,0.08229580521583557,0.9177041947841644,16.309507369995117,0.008868515491485596,0.9911314845085144
survset:support2,RDSurv,3,44,3074,3.464101552963257,1,3.7416574954986572,0.6063264608383179,0.39367353916168213,7.681145668029785,0.16135436296463013,0.8386456370353699,16.309507369995117,0.024409085512161255,0.9755909144878387
survset:support2,RDSurv,3,44,1533,6.557438373565674,1,3.7416574954986572,0.6781933903694153,0.3218066096305847,7.681145668029785,0.21301275491714478,0.7869872450828552,16.309507369995117,0.037761032581329346,0.9622389674186707
survset:support2,RDSurv,3,44,6234,3.7416574954986572,1,3.7416574954986572,0.5024996399879456,0.49750036001205444,7.681145668029785,0.10521239042282104,0.894787609577179,16.309507369995117,0.0127524733543396,0.9872475266456604
survset:support2,RDSurv,3,44,8859,25.05992889404297,0,3.7416574954986572,0.9999992847442627,7.152557373046875e-07,7.681145668029785,0.9998173117637634,0.00018268823623657227,16.309507369995117,0.9950975775718689,0.0049024224281311035
survset:support2,RDSurv,3,44,4642,4.0,1,3.7416574954986572,0.4243491590023041,0.5756508409976959,7.681145668029785,0.07360687851905823,0.9263931214809418,16.309507369995117,0.0075345635414123535,0.9924654364585876
survset:support2,RDSurv,3,44,3405,2.2360680103302,1,3.7416574954986572,0.6289066076278687,0.37109339237213135,7.681145668029785,0.17626187205314636,0.8237381279468536,16.309507369995117,0.028003931045532227,0.9719960689544678
survset:support2,RDSurv,3,44,5221,24.83948516845703,0,3.7416574954986572,0.9998431205749512,0.00015687942504882812,7.681145668029785,0.9904870986938477,0.009512901306152344,16.309507369995117,0.9136780500411987,0.08632194995880127
survset:support2,RDSurv,3,44,2609,30.64310646057129,0,3.7416574954986572,0.9993823766708374,0.0006176233291625977,7.681145668029785,0.9756929874420166,0.0243070125579834,16.309507369995117,0.8390820622444153,0.16091793775558472
survset:support2,RDSurv,3,44,1758,7.549834251403809,1,3.7416574954986572,0.581833004951477,0.41816699504852295,7.681145668029785,0.14638164639472961,0.8536183536052704,16.309507369995117,0.021008670330047607,0.9789913296699524
survset:support2,RDSurv,3,44,6534,6.928203105926514,1,3.7416574954986572,0.20530971884727478,0.7946902811527252,7.681145668029785,0.018695533275604248,0.9813044667243958,16.309507369995117,0.0010966062545776367,0.9989033937454224
survset:support2,RDSurv,3,44,2125,11.704699516296387,1,3.7416574954986572,0.9946693778038025,0.00533062219619751,7.681145668029785,0.9023305177688599,0.09766948223114014,16.309507369995117,0.6231163740158081,0.3768836259841919
survset:support2,RDSurv,3,44,733,2.0,1,3.7416574954986572,0.04207581281661987,0.9579241871833801,7.681145668029785,0.0014144182205200195,0.99858558177948,16.309507369995117,3.6388635635375977e-05,0.9999636113643646
survset:support2,RDSurv,3,44,488,40.23679733276367,0,3.7416574954986572,0.9999979734420776,2.0265579223632812e-06,7.681145668029785,0.9995983242988586,0.0004016757011413574,16.309507369995117,0.9911149740219116,0.008885025978088379
survset:support2,RDSurv,3,44,6537,14.456831932067871,1,3.7416574954986572,0.9994259476661682,0.0005740523338317871,7.681145668029785,0.9768587350845337,0.02314126491546631,16.309507369995117,0.8441206216812134,0.15587937831878662
survset:support2,RDSurv,3,44,3760,15.905973434448242,1,3.7416574954986572,0.9960566759109497,0.003943324089050293,7.681145668029785,0.9189771413803101,0.08102285861968994,16.309507369995117,0.6616441011428833,0.3383558988571167
survset:support2,RDSurv,3,44,3044,23.473388671875,0,3.7416574954986572,0.9997320175170898,0.00026798248291015625,7.681145668029785,0.9862184524536133,0.013781547546386719,16.309507369995117,0.889180064201355,0.11081993579864502
survset:support2,RDSurv,3,44,407,25.670995712280273,1,3.7416574954986572,0.9952929615974426,0.004707038402557373,7.681145668029785,0.9095475673675537,0.09045243263244629,16.309507369995117,0.6393435597419739,0.3606564402580261
survset:support2,RDSurv,3,44,5984,2.2360680103302,1,3.7416574954986572,0.46257126331329346,0.5374287366867065,7.681145668029785,0.08808818459510803,0.911911815404892,16.309507369995117,0.009800702333450317,0.9901992976665497
survset:support2,RDSurv,3,44,6416,32.95451354980469,1,3.7416574954986572,0.9996917247772217,0.0003082752227783203,7.681145668029785,0.9848277568817139,0.015172243118286133,16.309507369995117,0.8818520307540894,0.11814796924591064
survset:support2,RDSurv,3,44,8903,2.0,1,3.7416574954986572,0.1595761477947235,0.8404238522052765,7.681145668029785,0.012070894241333008,0.987929105758667,16.309507369995117,0.0006057918071746826,0.9993942081928253
survset:support2,RDSurv,3,44,3234,5.916079998016357,1,3.7416574954986572,0.5891461968421936,0.4108538031578064,7.681145668029785,0.1507282853126526,0.8492717146873474,16.309507369995117,0.021974116563796997,0.978025883436203
survset:support2,RDSurv,3,44,600,38.88444519042969,0,3.7416574954986572,0.9982249736785889,0.0017750263214111328,7.681145668029785,0.9512335658073425,0.04876643419265747,16.309507369995117,0.750373125076294,0.24962687492370605
survset:support2,RDSurv,3,44,4678,6.633249759674072,1,3.7416574954986572,0.32347172498703003,0.67652827501297,7.681145668029785,0.04301914572715759,0.9569808542728424,16.309507369995117,0.0034884512424468994,0.9965115487575531
survset:support2,RDSurv,3,44,23,28.58321189880371,1,3.7416574954986572,0.999338686466217,0.000661313533782959,7.681145668029785,0.9745526313781738,0.025447368621826172,16.309507369995117,0.83424973487854,0.16575026512145996
survset:support2,RDSurv,3,44,8289,2.2360680103302,1,3.7416574954986572,0.5362392663955688,0.46376073360443115,7.681145668029785,0.12146380543708801,0.878536194562912,16.309507369995117,0.015818387269973755,0.9841816127300262
survset:support2,RDSurv,3,44,6251,8.717798233032227,1,3.7416574954986572,0.9870747923851013,0.012925207614898682,7.681145668029785,0.8339236974716187,0.16607630252838135,16.309507369995117,0.49541932344436646,0.5045806765556335
survset:support2,RDSurv,3,44,2228,2.4494898319244385,1,3.7416574954986572,0.014442384243011475,0.9855576157569885,7.681145668029785,0.0002868771553039551,0.999713122844696,16.309507369995117,4.827976226806641e-06,0.9999951720237732
survset:support2,RDSurv,3,44,859,15.65247631072998,1,3.7416574954986572,0.9830578565597534,0.016942143440246582,7.681145668029785,0.8058714866638184,0.19412851333618164,16.309507369995117,0.4528408348560333,0.5471591651439667
survset:support2,RDSurv,3,44,8178,15.937376976013184,1,3.7416574954986572,0.9930503368377686,0.006949663162231445,7.681145668029785,0.8851616382598877,0.1148383617401123,16.309507369995117,0.5870341062545776,0.41296589374542236
survset:support2,RDSurv,3,44,7179,27.513633728027344,0,3.7416574954986572,0.9993045330047607,0.0006954669952392578,7.681145668029785,0.9736794233322144,0.026320576667785645,16.309507369995117,0.8306111097335815,0.16938889026641846
survset:support2,RDSurv,3,44,4850,2.4494898319244385,1,3.7416574954986572,0.2751617431640625,0.7248382568359375,7.681145668029785,0.031731098890304565,0.9682689011096954,16.309507369995117,0.0022754967212677,0.9977245032787323
survset:support2,RDSurv,3,44,6323,3.1622776985168457,1,3.7416574954986572,0.6276832818984985,0.37231671810150146,7.681145668029785,0.17542541027069092,0.8245745897293091,16.309507369995117,0.027796685695648193,0.9722033143043518
survset:support2,RDSurv,3,44,5687,20.371549606323242,0,3.7416574954986572,0.9908844232559204,0.00911557674407959,7.681145668029785,0.8648182153701782,0.13518178462982178,16.309507369995117,0.5481371283531189,0.4518628716468811
survset:support2,RDSurv,3,44,6905,31.17691421508789,0,3.7416574954986572,0.9999022483825684,9.775161743164062e-05,7.681145668029785,0.9931711554527283,0.0068288445472717285,16.309507369995117,0.9312112927436829,0.06878870725631714
survset:support2,RDSurv,3,44,3140,21.118711471557617,0,3.7416574954986572,0.9998152256011963,0.00018477439880371094,7.681145668029785,0.9893407225608826,0.010659277439117432,16.309507369995117,0.9067534804344177,0.09324651956558228
survset:support2,RDSurv,3,44,1168,27.838821411132812,0,3.7416574954986572,0.9996706247329712,0.0003293752670288086,7.681145668029785,0.9841243028640747,0.015875697135925293,16.309507369995117,0.8782446980476379,0.12175530195236206
survset:support2,RDSurv,3,44,1775,2.6457512378692627,1,3.7416574954986572,0.33838772773742676,0.6616122722625732,7.681145668029785,0.04691499471664429,0.9530850052833557,16.309507369995117,0.003944307565689087,0.9960556924343109
survset:support2,RDSurv,3,44,247,17.549928665161133,1,3.7416574954986572,0.999858021736145,0.00014197826385498047,7.681145668029785,0.9911276698112488,0.00887233018875122,16.309507369995117,0.9176799058914185,0.08232009410858154
survset:support2,RDSurv,3,44,3113,12.884099006652832,1,3.7416574954986572,0.9884436130523682,0.011556386947631836,7.681145668029785,0.8444465398788452,0.15555346012115479,16.309507369995117,0.5126174688339233,0.48738253116607666
survset:support2,RDSurv,3,44,2113,35.45419692993164,1,3.7416574954986572,0.9998806715011597,0.00011932849884033203,7.681145668029785,0.9921442866325378,0.007855713367462158,16.309507369995117,0.9242539405822754,0.07574605941772461
survset:support2,RDSurv,3,44,889,2.8284270763397217,1,3.7416574954986572,0.7288860082626343,0.2711139917373657,7.681145668029785,0.25809913873672485,0.7419008612632751,16.309507369995117,0.051499396562576294,0.9485006034374237
survset:support2,RDSurv,3,44,5482,22.538854598999023,0,3.7416574954986572,0.9996638298034668,0.0003361701965332031,7.681145668029785,0.9839020371437073,0.016097962856292725,16.309507369995117,0.8771179914474487,0.12288200855255127
survset:support2,RDSurv,3,44,8872,24.899799346923828,0,3.7416574954986572,0.9943127036094666,0.005687296390533447,7.681145668029785,0.8983686566352844,0.10163134336471558,16.309507369995117,0.6144901514053345,0.3855098485946655
survset:support2,RDSurv,3,44,6354,4.582575798034668,1,3.7416574954986572,0.6691232919692993,0.3308767080307007,7.681145668029785,0.20577457547187805,0.794225424528122,16.309507369995117,0.035738080739974976,0.964261919260025
survset:support2,RDSurv,3,44,6555,37.77565383911133,0,3.7416574954986572,0.9999536275863647,4.6372413635253906e-05,7.681145668029785,0.9959797859191895,0.004020214080810547,16.309507369995117,0.9524507522583008,0.04754924774169922
survset:support2,RDSurv,3,44,1993,41.31585693359375,0,3.7416574954986572,0.9725425243377686,0.027457475662231445,7.681145668029785,0.7456567883491516,0.2543432116508484,16.309507369995117,0.37433820962905884,0.6256617903709412
survset:support2,RDSurv,3,44,6845,31.811946868896484,0,3.7416574954986572,0.9997825622558594,0.000217437744140625,7.681145668029785,0.9880682826042175,0.01193171739578247,16.309507369995117,0.8993843793869019,0.10061562061309814
survset:support2,RDSurv,3,44,1587,2.2360680103302,1,3.7416574954986572,0.12147879600524902,0.878521203994751,7.681145668029785,0.007627040147781372,0.9923729598522186,16.309507369995117,0.00032773613929748535,0.9996722638607025
survset:support2,RDSurv,3,44,3988,8.185352325439453,1,3.7416574954986572,0.9652615785598755,0.03473842144012451,7.681145668029785,0.711114227771759,0.28888577222824097,16.309507369995117,0.3355543613433838,0.6644456386566162
survset:support2,RDSurv,3,44,634,4.0,1,3.7416574954986572,0.6723878383636475,0.32761216163635254,7.681145668029785,0.2083534300327301,0.7916465699672699,16.309507369995117,0.03645309805870056,0.9635469019412994
survset:support2,RDSurv,3,44,944,7.549834251403809,1,3.7416574954986572,0.5033377408981323,0.4966622591018677,7.681145668029785,0.10559543967247009,0.8944045603275299,16.309507369995117,0.012821793556213379,0.9871782064437866
survset:support2,RDSurv,3,44,3560,42.72002029418945,0,3.7416574954986572,0.9998319745063782,0.00016802549362182617,7.681145668029785,0.9900213479995728,0.009978652000427246,16.309507369995117,0.9108293056488037,0.08917069435119629
survset:support2,RDSurv,3,44,2955,12.649110794067383,1,3.7416574954986572,0.9875068664550781,0.012493133544921875,7.681145668029785,0.8371841907501221,0.16281580924987793,16.309507369995117,0.5006706714630127,0.4993293285369873
survset:support2,RDSurv,3,44,8952,4.0,1,3.7416574954986572,0.6158731579780579,0.38412684202194214,7.681145668029785,0.16752192378044128,0.8324780762195587,16.309507369995117,0.02587103843688965,0.9741289615631104
survset:support2,RDSurv,3,44,60,44.63182830810547,0,3.7416574954986572,0.9994864463806152,0.0005135536193847656,7.681145668029785,0.9785314798355103,0.021468520164489746,16.309507369995117,0.8515379428863525,0.14846205711364746
survset:support2,RDSurv,3,44,8880,5.099019527435303,1,3.7416574954986572,0.21456900238990784,0.7854309976100922,7.681145668029785,0.020214855670928955,0.979785144329071,16.309507369995117,0.0012203454971313477,0.9987796545028687
survset:support2,RDSurv,3,44,5522,21.97726058959961,0,3.7416574954986572,0.9868379235267639,0.013162076473236084,7.681145668029785,0.8321589827537537,0.16784101724624634,16.309507369995117,0.49260497093200684,0.5073950290679932
survset:support2,RDSurv,3,44,8608,6.480740547180176,1,3.7416574954986572,0.811157763004303,0.18884223699569702,7.681145668029785,0.3532751202583313,0.6467248797416687,16.309507369995117,0.08726945519447327,0.9127305448055267
survset:support2,RDSurv,3,44,4347,32.49615478515625,0,3.7416574954986572,0.9999527931213379,4.7206878662109375e-05,7.681145668029785,0.9959264397621155,0.0040735602378845215,16.309507369995117,0.9520078897476196,0.04799211025238037
survset:support2,RDSurv,3,44,7177,3.464101552963257,1,3.7416574954986572,0.488236665725708,0.511763334274292,7.681145668029785,0.09884607791900635,0.9011539220809937,16.309507369995117,0.011621266603469849,0.9883787333965302
survset:support2,RDSurv,3,44,5817,23.237899780273438,1,3.7416574954986572,0.9996780753135681,0.00032192468643188477,7.681145668029785,0.9843710660934448,0.015628933906555176,16.309507369995117,0.8795028924942017,0.12049710750579834
survset:support2,RDSurv,3,44,775,7.348469257354736,1,3.7416574954986572,0.6791379451751709,0.3208620548248291,7.681145668029785,0.21377983689308167,0.7862201631069183,16.309507369995117,0.03797835111618042,0.9620216488838196
survset:support2,RDSurv,3,44,1912,3.464101552963257,1,3.7416574954986572,0.4487498700618744,0.5512501299381256,7.681145668029785,0.08264702558517456,0.9173529744148254,16.309507369995117,0.00892406702041626,0.9910759329795837
survset:support2,RDSurv,3,44,1193,27.331300735473633,0,3.7416574954986572,0.999837338924408,0.00016266107559204102,7.681145668029785,0.9902434349060059,0.00975656509399414,16.309507369995117,0.9121812582015991,0.08781874179840088
survset:support2,RDSurv,3,44,3356,5.830951690673828,1,3.7416574954986572,0.3964165449142456,0.6035834550857544,7.681145668029785,0.06409260630607605,0.935907393693924,16.309507369995117,0.006164819002151489,0.9938351809978485
survset:support2,RDSurv,3,44,5797,9.05538558959961,1,3.7416574954986572,0.9994907975196838,0.0005092024803161621,7.681145668029785,0.9786550998687744,0.021344900131225586,16.309507369995117,0.852095365524292,0.147904634475708
survset:support2,RDSurv,3,44,6271,33.0151481628418,1,3.7416574954986572,0.9998223781585693,0.00017762184143066406,7.681145668029785,0.989626407623291,0.010373592376708984,16.309507369995117,0.9084524512290955,0.09154754877090454
survset:support2,RDSurv,3,44,8417,8.83176040649414,1,3.7416574954986572,0.9716160297393799,0.028383970260620117,7.681145668029785,0.7409992218017578,0.2590007781982422,16.309507369995117,0.3688727021217346,0.6311272978782654
survset:support2,RDSurv,3,44,6219,1.7320507764816284,1,3.7416574954986572,0.0020505189895629883,0.997949481010437,7.681145668029785,1.8209218978881836e-05,0.9999817907810211,16.309507369995117,1.4901161193847656e-07,0.9999998509883881
survset:support2,RDSurv,3,44,1817,43.11612319946289,0,3.7416574954986572,0.9996901154518127,0.00030988454818725586,7.681145668029785,0.9847738742828369,0.015226125717163086,16.309507369995117,0.8815732002258301,0.11842679977416992
