dataset,method,run_id,seed,sample_id,observed_time,event,horizon_t25,pred_survival_t25,pred_risk_t25,horizon_t50,pred_survival_t50,pred_risk_t50,horizon_t75,pred_survival_t75,pred_risk_t75
survset:UnempDur,DeepHit,7,48,1075,1.7320507764816284,1,1.0,0.9638729573439295,0.036127042656070474,1.7320507764816284,0.785086660075384,0.21491333992461603,2.6457512378692627,0.496713727712631,0.503286272287369
survset:UnempDur,DeepHit,7,48,2394,1.7320507764816284,1,1.0,0.9504880365170616,0.049511963482938404,1.7320507764816284,0.7293871043208989,0.2706128956791011,2.6457512378692627,0.49283775687217696,0.5071622431278231
survset:UnempDur,DeepHit,7,48,2287,4.0,1,1.0,0.959886836774267,0.040113163225732995,1.7320507764816284,0.7877128924973633,0.21228710750263668,2.6457512378692627,0.5438455939292905,0.45615440607070945
survset:UnempDur,DeepHit,7,48,1439,2.0,1,1.0,0.9478169798375232,0.05218302016247678,1.7320507764816284,0.7458266006191349,0.25417339938086514,2.6457512378692627,0.4922023415565489,0.5077976584434511
survset:UnempDur,DeepHit,7,48,2249,2.6457512378692627,0,1.0,0.9798721433043412,0.020127856695658752,1.7320507764816284,0.711763223633134,0.28823677636686595,2.6457512378692627,0.46726527810096735,0.5327347218990326
survset:UnempDur,DeepHit,7,48,1516,1.0,1,1.0,0.9567984003552713,0.043201599644728694,1.7320507764816284,0.7191091507570848,0.2808908492429152,2.6457512378692627,0.44466495513916005,0.55533504486084
survset:UnempDur,DeepHit,7,48,2415,1.7320507764816284,1,1.0,0.9385513108536786,0.0614486891463214,1.7320507764816284,0.661607048416868,0.338392951583132,2.6457512378692627,0.4581095874309538,0.5418904125690462
survset:UnempDur,DeepHit,7,48,2180,2.4494898319244385,0,1.0,0.9578234646004503,0.042176535399549686,1.7320507764816284,0.714428745864809,0.285571254135191,2.6457512378692627,0.45557305216789223,0.5444269478321078
survset:UnempDur,DeepHit,7,48,2381,4.358899116516113,1,1.0,0.969201827112034,0.030798172887966047,1.7320507764816284,0.7736717481699341,0.22632825183006589,2.6457512378692627,0.5499173700809477,0.45008262991905235
survset:UnempDur,DeepHit,7,48,1762,3.316624879837036,0,1.0,0.9745889687254097,0.025411031274590323,1.7320507764816284,0.7954845156007523,0.20451548439924772,2.6457512378692627,0.48472943902015675,0.5152705609798433
survset:UnempDur,DeepHit,7,48,3165,1.0,1,1.0,0.9658600505316455,0.034139949468354525,1.7320507764816284,0.7219826024038389,0.27801739759616106,2.6457512378692627,0.4570224881172179,0.5429775118827821
survset:UnempDur,DeepHit,7,48,374,3.1622776985168457,0,1.0,0.9768887877969993,0.02311121220300072,1.7320507764816284,0.7797055529174302,0.22029444708256984,2.6457512378692627,0.5914227366447448,0.40857726335525524
survset:UnempDur,DeepHit,7,48,1136,1.7320507764816284,1,1.0,0.9717366148833593,0.028263385116640727,1.7320507764816284,0.8054325082291246,0.1945674917708754,2.6457512378692627,0.5233035683631895,0.4766964316368105
survset:UnempDur,DeepHit,7,48,842,4.4721360206604,0,1.0,0.9753647029484657,0.024635297051534333,1.7320507764816284,0.7668213707107228,0.23317862928927724,2.6457512378692627,0.48849233984947193,0.5115076601505281
survset:UnempDur,DeepHit,7,48,799,4.358899116516113,0,1.0,0.9457769128835286,0.05422308711647139,1.7320507764816284,0.7309111197518139,0.2690888802481861,2.6457512378692627,0.49998685717582686,0.5000131428241732
survset:UnempDur,DeepHit,7,48,462,1.4142135381698608,0,1.0,0.9540083523323905,0.04599164766760955,1.7320507764816284,0.695974186875361,0.30402581312463905,2.6457512378692627,0.43038421869277943,0.5696157813072206
survset:UnempDur,DeepHit,7,48,3076,2.2360680103302,1,1.0,0.9384953321233762,0.061504667876623786,1.7320507764816284,0.6531817754925728,0.34681822450742716,2.6457512378692627,0.4378547072410582,0.5621452927589419
survset:UnempDur,DeepHit,7,48,468,1.0,1,1.0,0.9603902941647882,0.03960970583521184,1.7320507764816284,0.7197704785903272,0.28022952140967283,2.6457512378692627,0.4306656420230864,0.5693343579769137
survset:UnempDur,DeepHit,7,48,1371,2.2360680103302,0,1.0,0.9378722439885349,0.06212775601146514,1.7320507764816284,0.6522060882442443,0.3477939117557557,2.6457512378692627,0.4026578664779662,0.5973421335220338
survset:UnempDur,DeepHit,7,48,565,3.0,1,1.0,0.9806233261961241,0.019376673803875866,1.7320507764816284,0.801637848351725,0.19836215164827498,2.6457512378692627,0.5777073800563811,0.4222926199436189
survset:UnempDur,DeepHit,7,48,1247,1.7320507764816284,0,1.0,0.9669775071038461,0.03302249289615389,1.7320507764816284,0.7889555045859057,0.2110444954140943,2.6457512378692627,0.5215226113796232,0.4784773886203768
survset:UnempDur,DeepHit,7,48,1312,3.316624879837036,1,1.0,0.9641793168294501,0.03582068317054987,1.7320507764816284,0.7716931217613784,0.2283068782386216,2.6457512378692627,0.4856332838535307,0.5143667161464693
survset:UnempDur,DeepHit,7,48,2061,2.6457512378692627,0,1.0,0.9720729159794019,0.02792708402059807,1.7320507764816284,0.8334602198735126,0.1665397801264874,2.6457512378692627,0.5415377020835874,0.4584622979164126
survset:UnempDur,DeepHit,7,48,843,3.7416574954986572,0,1.0,0.9782139807597371,0.02178601924026291,1.7320507764816284,0.8343723004896314,0.1656276995103686,2.6457512378692627,0.522904872894287,0.477095127105713
survset:UnempDur,DeepHit,7,48,1682,1.4142135381698608,0,1.0,0.9709869511128545,0.02901304888714551,1.7320507764816284,0.8162734183559723,0.18372658164402766,2.6457512378692627,0.5249566733837125,0.47504332661628745
survset:UnempDur,DeepHit,7,48,2163,1.7320507764816284,1,1.0,0.9682185846162593,0.031781415383740685,1.7320507764816284,0.809776692846741,0.19022330715325897,2.6457512378692627,0.4990493357181547,0.5009506642818453
survset:UnempDur,DeepHit,7,48,3131,2.4494898319244385,0,1.0,0.9767856942465613,0.023214305753438746,1.7320507764816284,0.8097936324566631,0.19020636754333686,2.6457512378692627,0.5396861732006071,0.4603138267993929
survset:UnempDur,DeepHit,7,48,537,3.872983455657959,1,1.0,0.9728815261543765,0.027118473845623492,1.7320507764816284,0.8143326713913778,0.18566732860862223,2.6457512378692627,0.5238175094127653,0.4761824905872347
survset:UnempDur,DeepHit,7,48,1017,1.7320507764816284,1,1.0,0.9438862681051168,0.05611373189488322,1.7320507764816284,0.719540822383082,0.28045917761691797,2.6457512378692627,0.4670917093753813,0.5329082906246188
survset:UnempDur,DeepHit,7,48,1163,1.7320507764816284,0,1.0,0.9376799033391152,0.06232009666088478,1.7320507764816284,0.6401166988227214,0.3598833011772786,2.6457512378692627,0.4396972656249998,0.5603027343750002
survset:UnempDur,DeepHit,7,48,1104,3.0,1,1.0,0.9712680519034277,0.028731948096572313,1.7320507764816284,0.7949620093657741,0.2050379906342259,2.6457512378692627,0.5629469156265258,0.43705308437347423
survset:UnempDur,DeepHit,7,48,2016,1.4142135381698608,1,1.0,0.9623873837717725,0.037612616228227536,1.7320507764816284,0.7149313625605108,0.2850686374394892,2.6457512378692627,0.47753983736038197,0.522460162639618
survset:UnempDur,DeepHit,7,48,1481,2.2360680103302,0,1.0,0.9732803965281251,0.026719603471874853,1.7320507764816284,0.8408888355558727,0.15911116444412732,2.6457512378692627,0.547081798315048,0.452918201684952
survset:UnempDur,DeepHit,7,48,3159,3.1622776985168457,0,1.0,0.9931027727123698,0.006897227287630203,1.7320507764816284,0.9631808370589896,0.0368191629410104,2.6457512378692627,0.7137191295623779,0.28628087043762207
survset:UnempDur,DeepHit,7,48,1845,2.4494898319244385,1,1.0,0.9691759904888186,0.03082400951118136,1.7320507764816284,0.8032180708935627,0.19678192910643733,2.6457512378692627,0.5253728032112119,0.47462719678878806
survset:UnempDur,DeepHit,7,48,1673,1.0,1,1.0,0.9548530374921111,0.045146962507888855,1.7320507764816284,0.7885771116123925,0.21142288838760748,2.6457512378692627,0.46803259849548334,0.5319674015045166
survset:UnempDur,DeepHit,7,48,2295,2.2360680103302,1,1.0,0.9542189501706687,0.04578104982933129,1.7320507764816284,0.6856261016474007,0.3143738983525993,2.6457512378692627,0.4495500922203062,0.5504499077796938
survset:UnempDur,DeepHit,7,48,495,4.582575798034668,0,1.0,0.9627589547848119,0.03724104521518812,1.7320507764816284,0.7799757993158757,0.22002420068412432,2.6457512378692627,0.47244298458099354,0.5275570154190065
survset:UnempDur,DeepHit,7,48,1500,1.4142135381698608,0,1.0,0.9542800867525412,0.04571991324745883,1.7320507764816284,0.7025431109844161,0.29745688901558387,2.6457512378692627,0.44448545575141896,0.555514544248581
survset:UnempDur,DeepHit,7,48,125,1.4142135381698608,1,1.0,0.9480748784301847,0.051925121569815325,1.7320507764816284,0.7234602377098099,0.27653976229019006,2.6457512378692627,0.45075964927673323,0.5492403507232668
survset:UnempDur,DeepHit,7,48,2014,1.0,1,1.0,0.9540187444170705,0.04598125558292954,1.7320507764816284,0.6972251441759791,0.30277485582402086,2.6457512378692627,0.42447003722190846,0.5755299627780915
survset:UnempDur,DeepHit,7,48,2679,3.464101552963257,1,1.0,0.9651630328423219,0.034836967157678145,1.7320507764816284,0.7805020351145382,0.2194979648854618,2.6457512378692627,0.5106970071792601,0.48930299282073986
survset:UnempDur,DeepHit,7,48,1299,2.0,1,1.0,0.9696367335375261,0.030363266462473892,1.7320507764816284,0.7950961849518796,0.20490381504812039,2.6457512378692627,0.5788370966911314,0.42116290330886863
survset:UnempDur,DeepHit,7,48,2808,1.0,1,1.0,0.9569729830070103,0.04302701699298972,1.7320507764816284,0.7052459551365576,0.29475404486344237,2.6457512378692627,0.4280242919921874,0.5719757080078126
survset:UnempDur,DeepHit,7,48,596,1.0,1,1.0,0.9449787718142044,0.05502122818579558,1.7320507764816284,0.6541597818786604,0.3458402181213396,2.6457512378692627,0.4000651836395262,0.5999348163604739
survset:UnempDur,DeepHit,7,48,689,1.4142135381698608,1,1.0,0.9579426157202665,0.04205738427973349,1.7320507764816284,0.7070217360803602,0.29297826391963977,2.6457512378692627,0.4392394423484801,0.5607605576515199
survset:UnempDur,DeepHit,7,48,155,1.4142135381698608,1,1.0,0.9478447656638921,0.052155234336107914,1.7320507764816284,0.7135755970545786,0.2864244029454214,2.6457512378692627,0.45860567688941944,0.5413943231105806
survset:UnempDur,DeepHit,7,48,3108,2.4494898319244385,0,1.0,0.9639730605143613,0.03602693948563873,1.7320507764816284,0.796991439812306,0.20300856018769398,2.6457512378692627,0.5254762172698972,0.47452378273010276
survset:UnempDur,DeepHit,7,48,1029,1.0,0,1.0,0.9712754718568822,0.028724528143117767,1.7320507764816284,0.786911819261043,0.21308818073895697,2.6457512378692627,0.46715849637985213,0.5328415036201479
survset:UnempDur,DeepHit,7,48,2914,1.7320507764816284,1,1.0,0.9442240842825228,0.0557759157174772,1.7320507764816284,0.781505876442915,0.21849412355708497,2.6457512378692627,0.4844655990600585,0.5155344009399415
survset:UnempDur,DeepHit,7,48,2370,2.8284270763397217,0,1.0,0.9677465916607108,0.03225340833928925,1.7320507764816284,0.7885446869293932,0.21145531307060683,2.6457512378692627,0.5808558166027067,0.4191441833972933
survset:UnempDur,DeepHit,7,48,1434,1.0,1,1.0,0.9589144172412206,0.04108558275877938,1.7320507764816284,0.6902668474357619,0.30973315256423806,2.6457512378692627,0.48072400689125044,0.5192759931087496
survset:UnempDur,DeepHit,7,48,2597,2.2360680103302,0,1.0,0.9791901946395399,0.020809805360460065,1.7320507764816284,0.8303273576550384,0.1696726423449616,2.6457512378692627,0.4766665995121001,0.5233334004878999
survset:UnempDur,DeepHit,7,48,1605,1.7320507764816284,0,1.0,0.9710700944582723,0.028929905541727696,1.7320507764816284,0.876637441593662,0.12336255840633803,2.6457512378692627,0.5949499905109404,0.40505000948905956
survset:UnempDur,DeepHit,7,48,2725,1.4142135381698608,1,1.0,0.957574305898183,0.04242569410181696,1.7320507764816284,0.7481148021452155,0.25188519785478447,2.6457512378692627,0.5362465083599088,0.46375349164009116
survset:UnempDur,DeepHit,7,48,1298,2.0,0,1.0,0.9629268869606943,0.037073113039305716,1.7320507764816284,0.7667424215379859,0.23325757846201411,2.6457512378692627,0.5161762535572051,0.4838237464427949
survset:UnempDur,DeepHit,7,48,3055,1.7320507764816284,0,1.0,0.9506838140884056,0.04931618591159437,1.7320507764816284,0.7987693026754089,0.2012306973245911,2.6457512378692627,0.5617890059947965,0.43821099400520347
survset:UnempDur,DeepHit,7,48,202,1.7320507764816284,1,1.0,0.9642152937580555,0.03578470624194452,1.7320507764816284,0.7767826383444583,0.22321736165554174,2.6457512378692627,0.5165149271488189,0.48348507285118114
survset:UnempDur,DeepHit,7,48,3013,1.7320507764816284,1,1.0,0.9641560868386914,0.03584391316130864,1.7320507764816284,0.8060731893850447,0.19392681061495531,2.6457512378692627,0.49508598446845986,0.5049140155315401
survset:UnempDur,DeepHit,7,48,2938,1.4142135381698608,1,1.0,0.967562311422367,0.03243768857763296,1.7320507764816284,0.8279930904741962,0.17200690952580378,2.6457512378692627,0.5229777991771697,0.4770222008228303
survset:UnempDur,DeepHit,7,48,1556,1.0,1,1.0,0.9543557138497569,0.045644286150243074,1.7320507764816284,0.7025764589447574,0.2974235410552426,2.6457512378692627,0.5178020000457763,0.48219799995422374
survset:UnempDur,DeepHit,7,48,2437,1.0,1,1.0,0.963496725091254,0.03650327490874605,1.7320507764816284,0.7651851062035598,0.23481489379644016,2.6457512378692627,0.5127350389957427,0.4872649610042573
survset:UnempDur,DeepHit,7,48,3062,2.6457512378692627,0,1.0,0.935316713982213,0.06468328601778695,1.7320507764816284,0.66223776035747,0.33776223964253005,2.6457512378692627,0.47202938795089705,0.527970612049103
survset:UnempDur,DeepHit,7,48,2096,2.2360680103302,0,1.0,0.9706425661589458,0.02935743384105416,1.7320507764816284,0.774669839585474,0.22533016041452603,2.6457512378692627,0.5277191698551176,0.4722808301448824
survset:UnempDur,DeepHit,7,48,1272,1.0,1,1.0,0.9387963122935692,0.06120368770643081,1.7320507764816284,0.6901553347048051,0.30984466529519494,2.6457512378692627,0.4646974503993986,0.5353025496006014
survset:UnempDur,DeepHit,7,48,2410,1.4142135381698608,1,1.0,0.946668868772655,0.05333113122734501,1.7320507764816284,0.6980428857272892,0.30195711427271077,2.6457512378692627,0.49232989549636824,0.5076701045036318
survset:UnempDur,DeepHit,7,48,1532,1.0,1,1.0,0.9459823308669886,0.054017669133011426,1.7320507764816284,0.7288192904251056,0.2711807095748944,2.6457512378692627,0.5297322273254393,0.47026777267456066
survset:UnempDur,DeepHit,7,48,1430,1.7320507764816284,1,1.0,0.9514240562771182,0.048575943722881765,1.7320507764816284,0.6715974635488283,0.3284025364511717,2.6457512378692627,0.4330353438854216,0.5669646561145785
survset:UnempDur,DeepHit,7,48,878,1.4142135381698608,1,1.0,0.958327428593952,0.041672571406047965,1.7320507764816284,0.7829974901390138,0.21700250986098624,2.6457512378692627,0.5222785770893095,0.47772142291069053
survset:UnempDur,DeepHit,7,48,3193,3.0,1,1.0,0.9696144948548846,0.0303855051451154,1.7320507764816284,0.7686101781046697,0.2313898218953303,2.6457512378692627,0.47203305363655085,0.5279669463634491
survset:UnempDur,DeepHit,7,48,252,1.0,1,1.0,0.9352776584381867,0.06472234156181333,1.7320507764816284,0.6466973486773989,0.3533026513226011,2.6457512378692627,0.44512692093849165,0.5548730790615084
survset:UnempDur,DeepHit,7,48,428,2.4494898319244385,0,1.0,0.9752386124371556,0.024761387562844406,1.7320507764816284,0.7978612394537183,0.20213876054628166,2.6457512378692627,0.5119549334049224,0.4880450665950776
survset:UnempDur,DeepHit,7,48,953,1.0,0,1.0,0.9559962508430144,0.04400374915698557,1.7320507764816284,0.7574756357482657,0.2425243642517343,2.6457512378692627,0.506261259317398,0.49373874068260204
survset:UnempDur,DeepHit,7,48,3129,1.7320507764816284,1,1.0,0.9725687289699717,0.027431271030028292,1.7320507764816284,0.7658523034899222,0.23414769651007783,2.6457512378692627,0.4812306761741637,0.5187693238258363
survset:UnempDur,DeepHit,7,48,912,1.0,1,1.0,0.9473293001152628,0.05267069988473716,1.7320507764816284,0.6731890907421225,0.3268109092578775,2.6457512378692627,0.4795866906642912,0.5204133093357088
survset:UnempDur,DeepHit,7,48,1452,3.0,1,1.0,0.9718194676107117,0.028180532389288304,1.7320507764816284,0.7969534648194526,0.20304653518054738,2.6457512378692627,0.4918706715106963,0.5081293284893037
survset:UnempDur,DeepHit,7,48,1584,1.4142135381698608,1,1.0,0.944150787311598,0.05584921268840204,1.7320507764816284,0.7149372321131726,0.2850627678868274,2.6457512378692627,0.44723546504974354,0.5527645349502565
survset:UnempDur,DeepHit,7,48,947,2.6457512378692627,1,1.0,0.9752787806328129,0.024721219367187075,1.7320507764816284,0.7954214475666601,0.2045785524333399,2.6457512378692627,0.4783397912979125,0.5216602087020875
survset:UnempDur,DeepHit,7,48,2686,1.0,1,1.0,0.9410066738848347,0.05899332611516528,1.7320507764816284,0.6908860463577844,0.3091139536422156,2.6457512378692627,0.45205688476562483,0.5479431152343752
survset:UnempDur,DeepHit,7,48,24,2.4494898319244385,1,1.0,0.9765991589337565,0.023400841066243516,1.7320507764816284,0.7627869200213502,0.23721307997864982,2.6457512378692627,0.5023240745067594,0.4976759254932406
survset:UnempDur,DeepHit,7,48,69,1.0,1,1.0,0.9662929707774085,0.0337070292225915,1.7320507764816284,0.7913164485031046,0.20868355149689544,2.6457512378692627,0.5070078969001768,0.4929921030998232
survset:UnempDur,DeepHit,7,48,10,3.872983455657959,0,1.0,0.9747263862586022,0.025273613741397805,1.7320507764816284,0.8814789131816347,0.11852108681836526,2.6457512378692627,0.6431002616882323,0.3568997383117677
survset:UnempDur,DeepHit,7,48,1800,1.4142135381698608,0,1.0,0.9463305125185197,0.05366948748148026,1.7320507764816284,0.702643513866798,0.297356486133202,2.6457512378692627,0.3993363976478575,0.6006636023521426
survset:UnempDur,DeepHit,7,48,2871,3.316624879837036,1,1.0,0.9408900511584404,0.05910994884155962,1.7320507764816284,0.6979769184192519,0.3020230815807481,2.6457512378692627,0.457841396331787,0.542158603668213
survset:UnempDur,DeepHit,7,48,2979,1.0,1,1.0,0.9430406679745923,0.056959332025407705,1.7320507764816284,0.6753123091610654,0.32468769083893456,2.6457512378692627,0.43259677290916426,0.5674032270908358
survset:UnempDur,DeepHit,7,48,2250,1.4142135381698608,0,1.0,0.9544538515015099,0.04554614849849015,1.7320507764816284,0.6918705393010751,0.3081294606989249,2.6457512378692627,0.44522732496261586,0.5547726750373841
survset:UnempDur,DeepHit,7,48,3239,1.0,1,1.0,0.9565533892637293,0.04344661073627065,1.7320507764816284,0.7182482248567488,0.2817517751432512,2.6457512378692627,0.43570488691329934,0.5642951130867007
survset:UnempDur,DeepHit,7,48,879,3.7416574954986572,1,1.0,0.9649860395296341,0.03501396047036587,1.7320507764816284,0.8146722193221703,0.18532778067782973,2.6457512378692627,0.5280335545539854,0.4719664454460146
survset:UnempDur,DeepHit,7,48,454,1.4142135381698608,1,1.0,0.9513390555627345,0.04866094443726554,1.7320507764816284,0.7517950974449517,0.24820490255504835,2.6457512378692627,0.5244243443012236,0.47557565569877636
survset:UnempDur,DeepHit,7,48,1852,2.4494898319244385,1,1.0,0.9644162382237258,0.0355837617762742,1.7320507764816284,0.7918037944805877,0.20819620551941231,2.6457512378692627,0.4948838353157042,0.5051161646842959
survset:UnempDur,DeepHit,7,48,528,2.8284270763397217,0,1.0,0.9735630124059056,0.026436987594094408,1.7320507764816284,0.8174243326598872,0.18257566734011277,2.6457512378692627,0.4938702285289762,0.5061297714710238
survset:UnempDur,DeepHit,7,48,1110,2.6457512378692627,1,1.0,0.9688320771918805,0.03116792280811953,1.7320507764816284,0.7944038334126048,0.2055961665873952,2.6457512378692627,0.49330401420593245,0.5066959857940676
survset:UnempDur,DeepHit,7,48,1874,3.605551242828369,1,1.0,0.9769974396696812,0.023002560330318778,1.7320507764816284,0.8030279217036627,0.19697207829633734,2.6457512378692627,0.4785867035388945,0.5214132964611056
survset:UnempDur,DeepHit,7,48,2588,1.7320507764816284,1,1.0,0.9687027582043429,0.03129724179565707,1.7320507764816284,0.8194173947255124,0.18058260527448755,2.6457512378692627,0.592930734157562,0.40706926584243797
survset:UnempDur,DeepHit,7,48,584,2.8284270763397217,0,1.0,0.9677930837174834,0.032206916282516596,1.7320507764816284,0.8001389845727936,0.19986101542720636,2.6457512378692627,0.5170828998088834,0.48291710019111656
survset:UnempDur,DeepHit,7,48,1054,1.7320507764816284,1,1.0,0.965841393727052,0.03415860627294798,1.7320507764816284,0.7280745681656113,0.27192543183438866,2.6457512378692627,0.43415054678916914,0.5658494532108309
survset:UnempDur,DeepHit,7,48,1205,1.4142135381698608,0,1.0,0.9488332950355213,0.051166704964478726,1.7320507764816284,0.6669709209907977,0.3330290790092023,2.6457512378692627,0.4409521818161009,0.5590478181838991
survset:UnempDur,DeepHit,7,48,1257,1.7320507764816284,0,1.0,0.9687869158248107,0.03121308417518931,1.7320507764816284,0.8369106226334234,0.16308937736657658,2.6457512378692627,0.5452627241611478,0.45473727583885215
survset:UnempDur,DeepHit,7,48,492,2.2360680103302,0,1.0,0.940057912499573,0.059942087500426955,1.7320507764816284,0.6872462737568649,0.31275372624313513,2.6457512378692627,0.46685326099395735,0.5331467390060427
survset:UnempDur,DeepHit,7,48,911,1.7320507764816284,1,1.0,0.9589386464465006,0.04106135355349938,1.7320507764816284,0.7843736788984703,0.21562632110152968,2.6457512378692627,0.5352599024772643,0.4647400975227357
survset:UnempDur,DeepHit,7,48,1354,2.4494898319244385,0,1.0,0.9802904802809382,0.019709519719061763,1.7320507764816284,0.8469173687143905,0.1530826312856095,2.6457512378692627,0.5158900916576384,0.48410990834236156
survset:UnempDur,DeepHit,7,48,310,1.0,1,1.0,0.9367305064368271,0.06326949356317291,1.7320507764816284,0.6318874091477062,0.36811259085229375,2.6457512378692627,0.4333883225917814,0.5666116774082186
survset:UnempDur,DeepHit,7,48,568,1.4142135381698608,1,1.0,0.9434291306165812,0.05657086938341882,1.7320507764816284,0.664658464467556,0.33534153553244395,2.6457512378692627,0.4197635650634764,0.5802364349365237
survset:UnempDur,DeepHit,7,48,1317,3.0,1,1.0,0.9669053966185596,0.033094603381440435,1.7320507764816284,0.7932150227291052,0.20678497727089484,2.6457512378692627,0.5144757330417631,0.4855242669582369
survset:UnempDur,DeepHit,7,48,984,2.8284270763397217,1,1.0,0.980922671158011,0.019077328841988983,1.7320507764816284,0.8103140429638226,0.1896859570361774,2.6457512378692627,0.4799210131168364,0.5200789868831637
survset:UnempDur,DeepHit,7,48,1131,1.0,1,1.0,0.9523711534119828,0.04762884658801725,1.7320507764816284,0.6920403580999044,0.3079596419000956,2.6457512378692627,0.4341232180595397,0.5658767819404603
survset:UnempDur,DeepHit,7,48,873,2.6457512378692627,1,1.0,0.9599219245995771,0.04007807540042285,1.7320507764816284,0.7817678629860327,0.21823213701396726,2.6457512378692627,0.5280252099037168,0.4719747900962832
survset:UnempDur,DeepHit,7,48,2723,3.1622776985168457,0,1.0,0.9813859580179074,0.0186140419820926,1.7320507764816284,0.8645398159989015,0.1354601840010985,2.6457512378692627,0.5039789676666259,0.49602103233337413
survset:UnempDur,DeepHit,7,48,1189,1.4142135381698608,1,1.0,0.9451956947228749,0.0548043052771251,1.7320507764816284,0.6740902076308283,0.3259097923691717,2.6457512378692627,0.43094968795776356,0.5690503120422364
survset:UnempDur,DeepHit,7,48,62,5.196152210235596,0,1.0,0.9627333908080299,0.03726660919197011,1.7320507764816284,0.7975886195734476,0.20241138042655238,2.6457512378692627,0.5180588066577909,0.4819411933422091
survset:UnempDur,DeepHit,7,48,473,1.0,1,1.0,0.9384391430339896,0.061560856966010435,1.7320507764816284,0.6848673715827331,0.31513262841726686,2.6457512378692627,0.49200543761253346,0.5079945623874665
survset:UnempDur,DeepHit,7,48,475,1.7320507764816284,1,1.0,0.9744845390224431,0.02551546097755686,1.7320507764816284,0.8329764540614427,0.16702354593855728,2.6457512378692627,0.553946793079376,0.446053206920624
survset:UnempDur,DeepHit,7,48,1478,2.0,1,1.0,0.9466287323323925,0.05337126766760747,1.7320507764816284,0.6887651293733724,0.3112348706266276,2.6457512378692627,0.44141674041748025,0.5585832595825198
survset:UnempDur,DeepHit,7,48,1252,3.7416574954986572,1,1.0,0.9451800687501254,0.05481993124987461,1.7320507764816284,0.6702343418179998,0.3297656581820002,2.6457512378692627,0.4633212685585021,0.5366787314414979
survset:UnempDur,DeepHit,7,48,2170,2.4494898319244385,1,1.0,0.9824145397169294,0.01758546028307062,1.7320507764816284,0.8334440458229369,0.16655595417706315,2.6457512378692627,0.54261377453804,0.45738622546195995
survset:UnempDur,DeepHit,7,48,2285,1.4142135381698608,0,1.0,0.9519122891185378,0.04808771088146224,1.7320507764816284,0.8040727632601133,0.19592723673988666,2.6457512378692627,0.5533342659473418,0.4466657340526582
survset:UnempDur,DeepHit,7,48,2008,2.6457512378692627,0,1.0,0.9636210990959875,0.03637890090401252,1.7320507764816284,0.7927466377589267,0.20725336224107327,2.6457512378692627,0.5016231834888457,0.4983768165111543
survset:UnempDur,DeepHit,7,48,87,1.4142135381698608,0,1.0,0.9611159252677739,0.038884074732226104,1.7320507764816284,0.7928183403010343,0.20718165969896574,2.6457512378692627,0.5211256146430967,0.4788743853569033
survset:UnempDur,DeepHit,7,48,2168,2.4494898319244385,0,1.0,0.9630146546407868,0.03698534535921316,1.7320507764816284,0.7908551947877102,0.20914480521228984,2.6457512378692627,0.5096577703952787,0.4903422296047213
survset:UnempDur,DeepHit,7,48,2767,1.4142135381698608,1,1.0,0.9548359328782434,0.04516406712175658,1.7320507764816284,0.8092810025942347,0.19071899740576526,2.6457512378692627,0.5573225021362304,0.44267749786376964
survset:UnempDur,DeepHit,7,48,1996,1.7320507764816284,1,1.0,0.950771990403705,0.04922800959629503,1.7320507764816284,0.7272295293614719,0.2727704706385281,2.6457512378692627,0.48525583744049056,0.5147441625595095
survset:UnempDur,DeepHit,7,48,3188,3.0,0,1.0,0.9519933099048109,0.0480066900951891,1.7320507764816284,0.6894919613821467,0.31050803861785325,2.6457512378692627,0.42279881238937367,0.5772011876106263
survset:UnempDur,DeepHit,7,48,808,3.0,0,1.0,0.9691011821782145,0.030898817821785496,1.7320507764816284,0.8022110265245473,0.19778897347545266,2.6457512378692627,0.49184542894363387,0.5081545710563662
survset:UnempDur,DeepHit,7,48,615,2.0,1,1.0,0.9719382220240221,0.028061777975977864,1.7320507764816284,0.8221852665962213,0.17781473340377874,2.6457512378692627,0.511059522628784,0.48894047737121604
survset:UnempDur,DeepHit,7,48,1640,1.0,1,1.0,0.9527776689214134,0.047222331078586643,1.7320507764816284,0.7138176322457963,0.2861823677542037,2.6457512378692627,0.4498547315597533,0.5501452684402467
survset:UnempDur,DeepHit,7,48,64,2.2360680103302,1,1.0,0.9542512034653376,0.04574879653466235,1.7320507764816284,0.6903151254504368,0.30968487454956317,2.6457512378692627,0.4292208254337309,0.5707791745662691
survset:UnempDur,DeepHit,7,48,952,1.4142135381698608,1,1.0,0.9587986466266943,0.04120135337330566,1.7320507764816284,0.7800780110673247,0.21992198893267534,2.6457512378692627,0.5318017303943634,0.4681982696056366
survset:UnempDur,DeepHit,7,48,2671,1.7320507764816284,0,1.0,0.9368313458737223,0.0631686541262777,1.7320507764816284,0.6947364053179028,0.3052635946820972,2.6457512378692627,0.3703729808330535,0.6296270191669465
survset:UnempDur,DeepHit,7,48,2791,1.0,1,1.0,0.9334278572780885,0.06657214272191148,1.7320507764816284,0.7306499767677729,0.2693500232322271,2.6457512378692627,0.5109577775001525,0.4890422224998475
survset:UnempDur,DeepHit,7,48,370,1.0,1,1.0,0.9470713921462939,0.05292860785370612,1.7320507764816284,0.6742943662323798,0.3257056337676202,2.6457512378692627,0.4743749499320982,0.5256250500679018
survset:UnempDur,DeepHit,7,48,716,2.6457512378692627,1,1.0,0.9808934337384073,0.019106566261592683,1.7320507764816284,0.8426242236789931,0.15737577632100685,2.6457512378692627,0.5486393570899962,0.4513606429100038
survset:UnempDur,DeepHit,7,48,274,5.196152210235596,0,1.0,0.951209258453624,0.04879074154637597,1.7320507764816284,0.6801934323719543,0.3198065676280457,2.6457512378692627,0.4524073004722592,0.5475926995277408
survset:UnempDur,DeepHit,7,48,144,3.872983455657959,0,1.0,0.9658636541145342,0.03413634588546577,1.7320507764816284,0.7857563496432065,0.2142436503567935,2.6457512378692627,0.4925844073295591,0.5074155926704409
survset:UnempDur,DeepHit,7,48,794,4.123105525970459,0,1.0,0.9657251032532074,0.03427489674679263,1.7320507764816284,0.779711723371788,0.22028827662821204,2.6457512378692627,0.49945020675659163,0.5005497932434084
survset:UnempDur,DeepHit,7,48,1724,3.0,1,1.0,0.9773231961207159,0.022676803879284058,1.7320507764816284,0.7781346935090099,0.22186530649099012,2.6457512378692627,0.49524265527725203,0.504757344722748
survset:UnempDur,DeepHit,7,48,2929,1.4142135381698608,1,1.0,0.9524996002528083,0.04750039974719167,1.7320507764816284,0.7241634537315229,0.2758365462684771,2.6457512378692627,0.4642164707183837,0.5357835292816163
survset:UnempDur,DeepHit,7,48,1635,3.0,1,1.0,0.9777069465861631,0.022293053413836916,1.7320507764816284,0.7451168080514097,0.2548831919485903,2.6457512378692627,0.5067991912364957,0.49320080876350425
survset:UnempDur,DeepHit,7,48,1251,4.4721360206604,0,1.0,0.9695211840414272,0.030478815958572825,1.7320507764816284,0.8521930629597937,0.1478069370402063,2.6457512378692627,0.5712088644504546,0.4287911355495454
survset:UnempDur,DeepHit,7,48,1025,3.7416574954986572,0,1.0,0.971905030504451,0.028094969495549016,1.7320507764816284,0.7962695951875062,0.20373040481249383,2.6457512378692627,0.5277707278728482,0.4722292721271518
survset:UnempDur,DeepHit,7,48,2389,2.2360680103302,0,1.0,0.9743035353510292,0.025696464648970796,1.7320507764816284,0.7679645496475646,0.23203545035243545,2.6457512378692627,0.4803066551685332,0.5196933448314668
survset:UnempDur,DeepHit,7,48,2203,1.7320507764816284,1,1.0,0.9728132224164395,0.027186777583560473,1.7320507764816284,0.8090128671870028,0.19098713281299717,2.6457512378692627,0.5144094824790952,0.48559051752090476
survset:UnempDur,DeepHit,7,48,2897,1.4142135381698608,1,1.0,0.9516551114624026,0.04834488853759744,1.7320507764816284,0.6856933846706533,0.3143066153293467,2.6457512378692627,0.4275112748146056,0.5724887251853944
survset:UnempDur,DeepHit,7,48,1668,3.605551242828369,0,1.0,0.9650561403266702,0.0349438596733298,1.7320507764816284,0.7943787343546301,0.20562126564536987,2.6457512378692627,0.5080693662166593,0.4919306337833407
survset:UnempDur,DeepHit,7,48,2702,3.1622776985168457,1,1.0,0.9681124270285738,0.03188757297142619,1.7320507764816284,0.7731986639074175,0.22680133609258246,2.6457512378692627,0.4821018278598784,0.5178981721401217
survset:UnempDur,DeepHit,7,48,1118,2.0,0,1.0,0.9782061812584191,0.021793818741580928,1.7320507764816284,0.7517743898459063,0.24822561015409372,2.6457512378692627,0.514158546924591,0.48584145307540905
survset:UnempDur,DeepHit,7,48,266,1.4142135381698608,1,1.0,0.9754361823616285,0.024563817638371455,1.7320507764816284,0.8541324468014319,0.14586755319856815,2.6457512378692627,0.4861421585083006,0.5138578414916994
survset:UnempDur,DeepHit,7,48,2787,2.2360680103302,1,1.0,0.9606856335462043,0.03931436645379571,1.7320507764816284,0.7456847275840651,0.2543152724159349,2.6457512378692627,0.49448949098587014,0.5055105090141299
survset:UnempDur,DeepHit,7,48,2303,3.1622776985168457,1,1.0,0.9683951212916251,0.03160487870837492,1.7320507764816284,0.8053782877994614,0.1946217122005386,2.6457512378692627,0.5070529878139494,0.49294701218605064
survset:UnempDur,DeepHit,7,48,971,1.7320507764816284,0,1.0,0.965212405933179,0.03478759406682097,1.7320507764816284,0.7924940720309754,0.20750592796902456,2.6457512378692627,0.5285024940967558,0.47149750590324424
survset:UnempDur,DeepHit,7,48,2131,1.7320507764816284,0,1.0,0.9347826282548374,0.06521737174516262,1.7320507764816284,0.7056290352993131,0.2943709647006869,2.6457512378692627,0.4595225751399992,0.5404774248600008
survset:UnempDur,DeepHit,7,48,1811,2.6457512378692627,1,1.0,0.9720646589120926,0.027935341087907406,1.7320507764816284,0.7749319615644191,0.22506803843558087,2.6457512378692627,0.4696910977363585,0.5303089022636416
survset:UnempDur,DeepHit,7,48,1490,1.0,1,1.0,0.9607560643355576,0.0392439356644424,1.7320507764816284,0.7872219711554054,0.21277802884459462,2.6457512378692627,0.519211947917938,0.480788052082062
survset:UnempDur,DeepHit,7,48,1802,3.316624879837036,0,1.0,0.9758123014240171,0.024187698575982908,1.7320507764816284,0.7940217936181608,0.20597820638183917,2.6457512378692627,0.48521128296852095,0.5147887170314791
survset:UnempDur,DeepHit,7,48,1890,2.0,0,1.0,0.9696249879198771,0.030375012080122943,1.7320507764816284,0.8377214566694261,0.1622785433305739,2.6457512378692627,0.47347107529640176,0.5265289247035982
survset:UnempDur,DeepHit,7,48,1147,1.4142135381698608,0,1.0,0.966991330664555,0.033008669335444996,1.7320507764816284,0.7891549994930788,0.21084500050692123,2.6457512378692627,0.48487436771392806,0.515125632286072
survset:UnempDur,DeepHit,7,48,378,2.2360680103302,0,1.0,0.9576147446087726,0.042385255391227394,1.7320507764816284,0.6973730981861498,0.3026269018138502,2.6457512378692627,0.49589779973030074,0.5041022002696993
survset:UnempDur,DeepHit,7,48,2045,1.7320507764816284,1,1.0,0.9782188146921394,0.02178118530786055,1.7320507764816284,0.8344511065937456,0.16554889340625445,2.6457512378692627,0.5403817892074583,0.4596182107925417
survset:UnempDur,DeepHit,7,48,2362,1.7320507764816284,1,1.0,0.9509198037564404,0.04908019624355964,1.7320507764816284,0.7031162686554684,0.2968837313445316,2.6457512378692627,0.45482358336448653,0.5451764166355135
survset:UnempDur,DeepHit,7,48,1339,2.2360680103302,1,1.0,0.9534817332676994,0.04651826673230064,1.7320507764816284,0.6965073488696337,0.3034926511303663,2.6457512378692627,0.43201860785484303,0.567981392145157
survset:UnempDur,DeepHit,7,48,2363,2.6457512378692627,0,1.0,0.9736387239585553,0.02636127604144467,1.7320507764816284,0.8142840804112148,0.1857159195887852,2.6457512378692627,0.49954825639724715,0.5004517436027529
survset:UnempDur,DeepHit,7,48,2313,2.0,1,1.0,0.9743068267078705,0.0256931732921295,1.7320507764816284,0.8210107986360885,0.1789892013639115,2.6457512378692627,0.5014494359493253,0.49855056405067466
survset:UnempDur,DeepHit,7,48,3024,1.0,0,1.0,0.9732170542850227,0.026782945714977302,1.7320507764816284,0.7925838902242356,0.2074161097757644,2.6457512378692627,0.4739032983779906,0.5260967016220094
survset:UnempDur,DeepHit,7,48,1555,3.1622776985168457,0,1.0,0.9705962748348079,0.029403725165192074,1.7320507764816284,0.8459659444204183,0.15403405557958172,2.6457512378692627,0.590371936559677,0.409628063440323
survset:UnempDur,DeepHit,7,48,210,5.196152210235596,0,1.0,0.9603665035316155,0.039633496468384544,1.7320507764816284,0.8469064599566474,0.15309354004335263,2.6457512378692627,0.5664958357810973,0.4335041642189027
survset:UnempDur,DeepHit,7,48,1957,2.2360680103302,0,1.0,0.9681740114330354,0.031825988566964614,1.7320507764816284,0.765224828228391,0.234775171771609,2.6457512378692627,0.5073426365852354,0.4926573634147646
survset:UnempDur,DeepHit,7,48,985,3.605551242828369,0,1.0,0.9600652114748401,0.03993478852515986,1.7320507764816284,0.7428901600393896,0.25710983996061043,2.6457512378692627,0.488694131374359,0.511305868625641
survset:UnempDur,DeepHit,7,48,3092,2.6457512378692627,0,1.0,0.9722161866642993,0.02778381333570068,1.7320507764816284,0.8085461667367745,0.19145383326322551,2.6457512378692627,0.49889281392097456,0.5011071860790255
survset:UnempDur,DeepHit,7,48,1348,3.0,0,1.0,0.9613128999408332,0.03868710005916676,1.7320507764816284,0.803476775937128,0.19652322406287204,2.6457512378692627,0.5209173262119291,0.4790826737880709
survset:UnempDur,DeepHit,7,48,852,1.0,1,1.0,0.9437222449501198,0.056277755049880196,1.7320507764816284,0.6665991362005279,0.3334008637994721,2.6457512378692627,0.4227307140827177,0.5772692859172823
survset:UnempDur,DeepHit,7,48,2428,2.8284270763397217,1,1.0,0.9693843593708454,0.03061564062915456,1.7320507764816284,0.8157731126827059,0.18422688731729409,2.6457512378692627,0.4694609344005582,0.5305390655994418
survset:UnempDur,DeepHit,7,48,2147,1.4142135381698608,1,1.0,0.9644281353300519,0.035571864669948106,1.7320507764816284,0.7741558899858902,0.22584411001410976,2.6457512378692627,0.5125767290592192,0.48742327094078075
survset:UnempDur,DeepHit,7,48,720,2.0,0,1.0,0.9722558589135464,0.027744141086453622,1.7320507764816284,0.8306938844488055,0.16930611555119446,2.6457512378692627,0.5118390023708342,0.48816099762916576
survset:UnempDur,DeepHit,7,48,2115,4.242640495300293,1,1.0,0.9709935047056292,0.029006495294370827,1.7320507764816284,0.8309661929025909,0.16903380709740912,2.6457512378692627,0.5343318879604338,0.46566811203956615
survset:UnempDur,DeepHit,7,48,1460,1.4142135381698608,1,1.0,0.9523705764062291,0.04762942359377087,1.7320507764816284,0.6789804870665832,0.3210195129334168,2.6457512378692627,0.44681349396705605,0.553186506032944
survset:UnempDur,DeepHit,7,48,3178,1.0,1,1.0,0.9523281511794369,0.04767184882056308,1.7320507764816284,0.6761317138446772,0.3238682861553228,2.6457512378692627,0.46459132432937605,0.535408675670624
survset:UnempDur,DeepHit,7,48,3205,3.316624879837036,1,1.0,0.9682918310303122,0.031708168969687756,1.7320507764816284,0.7783050933269898,0.22169490667301017,2.6457512378692627,0.4816795587539672,0.5183204412460328
survset:UnempDur,DeepHit,7,48,1860,2.6457512378692627,0,1.0,0.9710946158878102,0.02890538411218979,1.7320507764816284,0.7848412461598541,0.21515875384014593,2.6457512378692627,0.5109919011592863,0.4890080988407137
survset:UnempDur,DeepHit,7,48,3022,2.0,1,1.0,0.938769047565391,0.061230952434608965,1.7320507764816284,0.7363293243991352,0.26367067560086477,2.6457512378692627,0.48634663224220265,0.5136533677577974
survset:UnempDur,DeepHit,7,48,1914,2.2360680103302,0,1.0,0.9519750092185967,0.04802499078140332,1.7320507764816284,0.7057165897085247,0.2942834102914753,2.6457512378692627,0.45757302641868575,0.5424269735813143
survset:UnempDur,DeepHit,7,48,3006,1.7320507764816284,1,1.0,0.970761767926273,0.029238232073727,1.7320507764816284,0.8412852889674457,0.1587147110325543,2.6457512378692627,0.5202341079711912,0.4797658920288088
survset:UnempDur,DeepHit,7,48,176,2.0,0,1.0,0.9528388663246359,0.04716113367536412,1.7320507764816284,0.7139321261994006,0.2860678738005994,2.6457512378692627,0.4663660824298857,0.5336339175701144
survset:UnempDur,DeepHit,7,48,94,1.4142135381698608,1,1.0,0.952854179382396,0.04714582061760397,1.7320507764816284,0.6895231605552125,0.31047683944478754,2.6457512378692627,0.44139310717582675,0.5586068928241732
survset:UnempDur,DeepHit,7,48,1239,1.4142135381698608,0,1.0,0.979458563523533,0.020541436476467,1.7320507764816284,0.8327694818880755,0.16723051811192446,2.6457512378692627,0.559154540300369,0.44084545969963096
survset:UnempDur,DeepHit,7,48,2980,1.4142135381698608,1,1.0,0.9447135777138774,0.05528642228612257,1.7320507764816284,0.7053006700947771,0.29469932990522285,2.6457512378692627,0.4900774359703062,0.5099225640296938
survset:UnempDur,DeepHit,7,48,914,3.7416574954986572,1,1.0,0.9694856192169097,0.030514380783090322,1.7320507764816284,0.8240305136018515,0.17596948639814847,2.6457512378692627,0.44480478763580317,0.5551952123641968
survset:UnempDur,DeepHit,7,48,532,1.7320507764816284,0,1.0,0.9506071519297312,0.04939284807026878,1.7320507764816284,0.6814088026504257,0.3185911973495743,2.6457512378692627,0.46929490566253645,0.5307050943374636
survset:UnempDur,DeepHit,7,48,2181,1.7320507764816284,0,1.0,0.9426433845952269,0.057356615404773104,1.7320507764816284,0.6991957740176699,0.30080422598233014,2.6457512378692627,0.4518697559833525,0.5481302440166476
survset:UnempDur,DeepHit,7,48,758,2.6457512378692627,0,1.0,0.968442809959948,0.031557190040051974,1.7320507764816284,0.8148886911833345,0.1851113088166655,2.6457512378692627,0.504163473844528,0.495836526155472
survset:UnempDur,DeepHit,7,48,2259,2.2360680103302,1,1.0,0.9532094138318182,0.04679058616818177,1.7320507764816284,0.7239813753506084,0.27601862464939164,2.6457512378692627,0.4606039822101592,0.5393960177898408
survset:UnempDur,DeepHit,7,48,956,2.2360680103302,1,1.0,0.9758317532522081,0.024168246747791944,1.7320507764816284,0.8043573240654043,0.19564267593459572,2.6457512378692627,0.43161767721176136,0.5683823227882386
survset:UnempDur,DeepHit,7,48,1737,1.0,1,1.0,0.9518803153940238,0.048119684605976154,1.7320507764816284,0.6694218991242415,0.33057810087575845,2.6457512378692627,0.42274680733680703,0.577253192663193
survset:UnempDur,DeepHit,7,48,1470,1.4142135381698608,1,1.0,0.9464253924228189,0.05357460757718113,1.7320507764816284,0.6789225171742013,0.32107748282579873,2.6457512378692627,0.44074791669845564,0.5592520833015444
survset:UnempDur,DeepHit,7,48,2260,3.316624879837036,1,1.0,0.9523417345457412,0.047658265454258775,1.7320507764816284,0.7737406069435772,0.22625939305642284,2.6457512378692627,0.531601697206497,0.46839830279350303
survset:UnempDur,DeepHit,7,48,522,2.4494898319244385,1,1.0,0.9487100601814836,0.05128993981851637,1.7320507764816284,0.6826912669260499,0.31730873307395013,2.6457512378692627,0.46859750151634205,0.531402498483658
survset:UnempDur,DeepHit,7,48,1261,3.605551242828369,0,1.0,0.9729209631371913,0.02707903686280866,1.7320507764816284,0.8360876187394786,0.16391238126052143,2.6457512378692627,0.5177698731422423,0.4822301268577577
survset:UnempDur,DeepHit,7,48,585,4.0,0,1.0,0.9705668929326969,0.029433107067303066,1.7320507764816284,0.8113751672458892,0.1886248327541108,2.6457512378692627,0.5408483147621153,0.45915168523788474
survset:UnempDur,DeepHit,7,48,2418,1.7320507764816284,1,1.0,0.9415194498805546,0.05848055011944542,1.7320507764816284,0.6479520429454283,0.3520479570545717,2.6457512378692627,0.4378704726696012,0.5621295273303988
survset:UnempDur,DeepHit,7,48,2655,3.1622776985168457,0,1.0,0.9797493107566382,0.02025068924336182,1.7320507764816284,0.7575480255312962,0.2424519744687038,2.6457512378692627,0.5114535391330718,0.4885464608669282
survset:UnempDur,DeepHit,7,48,2479,1.0,1,1.0,0.9469267649238113,0.05307323507618866,1.7320507764816284,0.7304245384099051,0.26957546159009493,2.6457512378692627,0.49065530300140364,0.5093446969985964
survset:UnempDur,DeepHit,7,48,1775,3.464101552963257,1,1.0,0.9704857363395082,0.029514263660491813,1.7320507764816284,0.7914509582957133,0.20854904170428668,2.6457512378692627,0.4712654650211333,0.5287345349788667
survset:UnempDur,DeepHit,7,48,723,2.0,1,1.0,0.9618030001482918,0.03819699985170821,1.7320507764816284,0.7874382982543543,0.2125617017456457,2.6457512378692627,0.5346154272556303,0.46538457274436973
survset:UnempDur,DeepHit,7,48,2747,2.4494898319244385,1,1.0,0.9549831611666068,0.04501683883339325,1.7320507764816284,0.7281010257039201,0.2718989742960799,2.6457512378692627,0.5088379979133604,0.4911620020866396
survset:UnempDur,DeepHit,7,48,2104,1.0,1,1.0,0.95030950519156,0.04969049480844001,1.7320507764816284,0.727448701200683,0.27255129879931705,2.6457512378692627,0.4792623519897459,0.5207376480102541
survset:UnempDur,DeepHit,7,48,636,1.7320507764816284,0,1.0,0.9538951734911153,0.0461048265088847,1.7320507764816284,0.8229562786184466,0.17704372138155344,2.6457512378692627,0.46095579862594593,0.5390442013740541
survset:UnempDur,DeepHit,7,48,2809,1.0,1,1.0,0.9561199782080976,0.043880021791902424,1.7320507764816284,0.7040381449389275,0.29596185506107253,2.6457512378692627,0.446877360343933,0.553122639656067
survset:UnempDur,DeepHit,7,48,2359,5.196152210235596,0,1.0,0.9845150285238179,0.015484971476182108,1.7320507764816284,0.7990915812946808,0.20090841870531917,2.6457512378692627,0.5498408079147339,0.4501591920852661
survset:UnempDur,DeepHit,7,48,443,1.0,1,1.0,0.957940855779473,0.042059144220527034,1.7320507764816284,0.7348180609670342,0.26518193903296583,2.6457512378692627,0.48501786589622486,0.5149821341037751
survset:UnempDur,DeepHit,7,48,2200,2.6457512378692627,1,1.0,0.9819056922376221,0.01809430776237786,1.7320507764816284,0.7012273750927708,0.2987726249072292,2.6457512378692627,0.4242014586925506,0.5757985413074493
survset:UnempDur,DeepHit,7,48,1753,3.0,0,1.0,0.969430905631437,0.030569094368563032,1.7320507764816284,0.8474992790992938,0.1525007209007062,2.6457512378692627,0.5938006937503814,0.40619930624961864
survset:UnempDur,DeepHit,7,48,614,1.0,1,1.0,0.9469007127771581,0.05309928722284185,1.7320507764816284,0.7124746382438089,0.28752536175619114,2.6457512378692627,0.47218304872512795,0.527816951274872
survset:UnempDur,DeepHit,7,48,924,1.4142135381698608,1,1.0,0.9709732802181195,0.02902671978188054,1.7320507764816284,0.7720549396514643,0.22794506034853568,2.6457512378692627,0.4853043556213378,0.5146956443786622
survset:UnempDur,DeepHit,7,48,1711,2.2360680103302,1,1.0,0.9634779252705546,0.03652207472944535,1.7320507764816284,0.7167826782629579,0.28321732173704206,2.6457512378692627,0.45746329426765425,0.5425367057323458
survset:UnempDur,DeepHit,7,48,450,3.316624879837036,1,1.0,0.9787411474378994,0.021258852562100583,1.7320507764816284,0.8173137492852066,0.18268625071479339,2.6457512378692627,0.5089931190013884,0.49100688099861156
survset:UnempDur,DeepHit,7,48,1984,1.7320507764816284,1,1.0,0.9552255001073581,0.04477449989264193,1.7320507764816284,0.7131639386987026,0.28683606130129735,2.6457512378692627,0.4422097206115721,0.557790279388428
survset:UnempDur,DeepHit,7,48,26,1.0,1,1.0,0.9468197410633618,0.05318025893663825,1.7320507764816284,0.6721765412607998,0.32782345873920016,2.6457512378692627,0.4561915397644041,0.5438084602355959
survset:UnempDur,DeepHit,7,48,2715,2.2360680103302,1,1.0,0.9592583437098787,0.040741656290121275,1.7320507764816284,0.7502080290211262,0.24979197097887385,2.6457512378692627,0.5056792199611662,0.49432078003883384
survset:UnempDur,DeepHit,7,48,1390,1.7320507764816284,0,1.0,0.9700968113758206,0.0299031886241794,1.7320507764816284,0.8200192956643896,0.17998070433561042,2.6457512378692627,0.5174636244773863,0.48253637552261375
survset:UnempDur,DeepHit,7,48,2241,1.4142135381698608,1,1.0,0.9535348404348974,0.046465159565102554,1.7320507764816284,0.6903585553512953,0.3096414446487047,2.6457512378692627,0.4271981716156004,0.5728018283843996
survset:UnempDur,DeepHit,7,48,2291,5.196152210235596,0,1.0,0.9608423016419263,0.0391576983580737,1.7320507764816284,0.7882381320175856,0.21176186798241436,2.6457512378692627,0.5049272179603574,0.49507278203964256
survset:UnempDur,DeepHit,7,48,1695,2.2360680103302,1,1.0,0.938876685566717,0.061123314433283005,1.7320507764816284,0.6780690732842308,0.3219309267157692,2.6457512378692627,0.4527643024921416,0.5472356975078584
survset:UnempDur,DeepHit,7,48,1444,1.0,1,1.0,0.9523025265538815,0.04769747344611852,1.7320507764816284,0.7277368371066895,0.27226316289331054,2.6457512378692627,0.4806042313575743,0.5193957686424258
survset:UnempDur,DeepHit,7,48,431,1.4142135381698608,1,1.0,0.9605678917328818,0.03943210826711818,1.7320507764816284,0.7203364625276003,0.2796635374723997,2.6457512378692627,0.46769797801971424,0.5323020219802858
survset:UnempDur,DeepHit,7,48,2480,2.0,0,1.0,0.9685545639219818,0.031445436078018196,1.7320507764816284,0.849085781161593,0.15091421883840705,2.6457512378692627,0.577133238315582,0.42286676168441795
survset:UnempDur,DeepHit,7,48,247,2.4494898319244385,0,1.0,0.9671986602089133,0.03280133979108668,1.7320507764816284,0.7979261198543267,0.2020738801456733,2.6457512378692627,0.4886380434036253,0.5113619565963747
survset:UnempDur,DeepHit,7,48,1417,2.4494898319244385,0,1.0,0.9403737178057453,0.0596262821942547,1.7320507764816284,0.6745738850682149,0.3254261149317851,2.6457512378692627,0.4421860575675963,0.5578139424324037
survset:UnempDur,DeepHit,7,48,2334,2.0,1,1.0,0.9576983526261322,0.04230164737386777,1.7320507764816284,0.7195132668658476,0.2804867331341524,2.6457512378692627,0.4828947484493254,0.5171052515506747
survset:UnempDur,DeepHit,7,48,2414,2.0,1,1.0,0.9508750072984196,0.04912499270158044,1.7320507764816284,0.7039714506691161,0.29602854933088385,2.6457512378692627,0.4899392127990721,0.510060787200928
survset:UnempDur,DeepHit,7,48,165,2.2360680103302,1,1.0,0.9775757619149209,0.022424238085079096,1.7320507764816284,0.7737864908583634,0.22621350914163663,2.6457512378692627,0.4727914035320281,0.5272085964679719
survset:UnempDur,DeepHit,7,48,2543,2.0,0,1.0,0.9625017381613254,0.03749826183867455,1.7320507764816284,0.8555246889464188,0.14447531105358125,2.6457512378692627,0.6187714040279387,0.38122859597206127
survset:UnempDur,DeepHit,7,48,627,1.7320507764816284,0,1.0,0.9796562042633032,0.020343795736696757,1.7320507764816284,0.749000614140842,0.25099938585915804,2.6457512378692627,0.4599121809005736,0.5400878190994264
survset:UnempDur,DeepHit,7,48,1686,3.7416574954986572,1,1.0,0.9748316987482378,0.02516830125176217,1.7320507764816284,0.8257713127292852,0.17422868727071483,2.6457512378692627,0.5549463629722592,0.4450536370277408
survset:UnempDur,DeepHit,7,48,188,2.2360680103302,1,1.0,0.9464740576060711,0.05352594239392894,1.7320507764816284,0.70034184841833,0.29965815158167,2.6457512378692627,0.443987727165222,0.556012272834778
survset:UnempDur,DeepHit,7,48,232,1.7320507764816284,1,1.0,0.9754935529457468,0.0245064470542532,1.7320507764816284,0.806112228806365,0.19388777119363498,2.6457512378692627,0.4824213683605192,0.5175786316394808
survset:UnempDur,DeepHit,7,48,2583,1.7320507764816284,1,1.0,0.9678954810868887,0.03210451891311128,1.7320507764816284,0.8176032675741051,0.18239673242589494,2.6457512378692627,0.4606036543846128,0.5393963456153872
survset:UnempDur,DeepHit,7,48,1211,1.4142135381698608,1,1.0,0.9667506313509625,0.03324936864903749,1.7320507764816284,0.7987653117164144,0.2012346882835856,2.6457512378692627,0.5257148146629332,0.47428518533706676
survset:UnempDur,DeepHit,7,48,2336,2.6457512378692627,1,1.0,0.9475909366860594,0.052409063313940574,1.7320507764816284,0.7251090601255802,0.2748909398744198,2.6457512378692627,0.41880470514297474,0.5811952948570253
survset:UnempDur,DeepHit,7,48,2323,1.0,1,1.0,0.9431509363381142,0.0568490636618858,1.7320507764816284,0.7290262542002283,0.27097374579977174,2.6457512378692627,0.5820733606815337,0.4179266393184663
survset:UnempDur,DeepHit,7,48,99,1.4142135381698608,0,1.0,0.9680214853383268,0.03197851466167323,1.7320507764816284,0.8040955320109892,0.19590446798901084,2.6457512378692627,0.4939418137073515,0.5060581862926485
survset:UnempDur,DeepHit,7,48,765,3.316624879837036,1,1.0,0.9721049023044088,0.027895097695591176,1.7320507764816284,0.8031540204685388,0.1968459795314612,2.6457512378692627,0.4808504581451415,0.5191495418548585
survset:UnempDur,DeepHit,7,48,161,2.8284270763397217,0,1.0,0.9670156304322025,0.03298436956779749,1.7320507764816284,0.8031921438558468,0.1968078561441532,2.6457512378692627,0.5333440005779265,0.4666559994220735
survset:UnempDur,DeepHit,7,48,1527,1.0,1,1.0,0.9541692031392268,0.04583079686077318,1.7320507764816284,0.7025913481060496,0.2974086518939504,2.6457512378692627,0.4588128626346587,0.5411871373653413
survset:UnempDur,DeepHit,7,48,1921,1.7320507764816284,0,1.0,0.9388780343659683,0.061121965634031716,1.7320507764816284,0.6547286259217304,0.3452713740782696,2.6457512378692627,0.44135290384292586,0.5586470961570742
survset:UnempDur,DeepHit,7,48,840,3.0,1,1.0,0.9692959902610538,0.03070400973894616,1.7320507764816284,0.8077358628015797,0.19226413719842028,2.6457512378692627,0.5069868862628935,0.49301311373710655
survset:UnempDur,DeepHit,7,48,836,1.7320507764816284,0,1.0,0.9666436767024054,0.03335632329759464,1.7320507764816284,0.7995097403502797,0.20049025964972034,2.6457512378692627,0.5476291477680204,0.4523708522319796
survset:UnempDur,DeepHit,7,48,54,2.6457512378692627,1,1.0,0.966237743431237,0.03376225656876297,1.7320507764816284,0.7930223794801672,0.20697762051983282,2.6457512378692627,0.5289435088634489,0.4710564911365511
survset:UnempDur,DeepHit,7,48,541,2.2360680103302,1,1.0,0.9721433947065555,0.02785660529344447,1.7320507764816284,0.8026346760091551,0.19736532399084494,2.6457512378692627,0.5014827251434324,0.4985172748565676
survset:UnempDur,DeepHit,7,48,2580,1.0,1,1.0,0.9827117722373067,0.017288227762693342,1.7320507764816284,0.764402651316541,0.23559734868345905,2.6457512378692627,0.5023282766342162,0.4976717233657838
survset:UnempDur,DeepHit,7,48,1708,1.0,1,1.0,0.9487606333892856,0.051239366610714376,1.7320507764816284,0.7073937121302218,0.29260628786977816,2.6457512378692627,0.4421727061271666,0.5578272938728335
survset:UnempDur,DeepHit,7,48,2926,2.0,1,1.0,0.9688461746529503,0.03115382534704969,1.7320507764816284,0.825014526421462,0.174985473578538,2.6457512378692627,0.5096608400344848,0.49033915996551525
survset:UnempDur,DeepHit,7,48,1032,2.6457512378692627,1,1.0,0.9810573942765163,0.01894260572348372,1.7320507764816284,0.7939946317775795,0.20600536822242055,2.6457512378692627,0.49803829193115223,0.5019617080688478
survset:UnempDur,DeepHit,7,48,367,4.0,1,1.0,0.9557676094403817,0.04423239055961825,1.7320507764816284,0.7722481763308952,0.22775182366910485,2.6457512378692627,0.5437156558036803,0.4562843441963197
survset:UnempDur,DeepHit,7,48,3191,2.2360680103302,1,1.0,0.9353383722611143,0.06466162773888573,1.7320507764816284,0.7010437929153618,0.2989562070846382,2.6457512378692627,0.45383113622665394,0.5461688637733461
survset:UnempDur,DeepHit,7,48,391,3.0,0,1.0,0.9747009149246685,0.025299085075331518,1.7320507764816284,0.7752365470665321,0.2247634529334679,2.6457512378692627,0.5057948529720304,0.4942051470279696
survset:UnempDur,DeepHit,7,48,270,4.4721360206604,1,1.0,0.9850917120639672,0.014908287936032827,1.7320507764816284,0.8951945507873839,0.10480544921261614,2.6457512378692627,0.578607439994812,0.421392560005188
survset:UnempDur,DeepHit,7,48,1781,3.0,0,1.0,0.9759890277560479,0.0240109722439521,1.7320507764816284,0.8277993814418594,0.17220061855814062,2.6457512378692627,0.4681876301765441,0.5318123698234559
survset:UnempDur,DeepHit,7,48,2988,2.2360680103302,1,1.0,0.9683011363925582,0.031698863607441785,1.7320507764816284,0.8037776303561253,0.19622236964387474,2.6457512378692627,0.476952701807022,0.523047298192978
survset:UnempDur,DeepHit,7,48,2603,1.0,1,1.0,0.9477715282910537,0.05222847170894629,1.7320507764816284,0.6784233714169147,0.32157662858308533,2.6457512378692627,0.4206547737121579,0.579345226287842
survset:UnempDur,DeepHit,7,48,1199,2.4494898319244385,1,1.0,0.9658350519344487,0.03416494806555126,1.7320507764816284,0.8008573046170806,0.1991426953829194,2.6457512378692627,0.5252640843391417,0.47473591566085827
survset:UnempDur,DeepHit,7,48,112,1.7320507764816284,0,1.0,0.9588596801451478,0.041140319854852225,1.7320507764816284,0.7923661629841923,0.20763383701580773,2.6457512378692627,0.5094428062438963,0.49055719375610374
survset:UnempDur,DeepHit,7,48,1803,2.4494898319244385,0,1.0,0.9740238742568624,0.025976125743137568,1.7320507764816284,0.8395034334033009,0.1604965665966991,2.6457512378692627,0.5986020863056182,0.4013979136943818
survset:UnempDur,DeepHit,7,48,701,1.0,1,1.0,0.9568778435632534,0.04312215643674655,1.7320507764816284,0.7317309602115247,0.26826903978847527,2.6457512378692627,0.46849390864372237,0.5315060913562777
survset:UnempDur,DeepHit,7,48,872,2.2360680103302,1,1.0,0.9741999387505723,0.025800061249427686,1.7320507764816284,0.7597311332282369,0.24026886677176307,2.6457512378692627,0.48123627901077254,0.5187637209892275
survset:UnempDur,DeepHit,7,48,2379,2.4494898319244385,1,1.0,0.9670985039277444,0.032901496072255565,1.7320507764816284,0.7907607760063752,0.20923922399362482,2.6457512378692627,0.5102839469909666,0.4897160530090334
survset:UnempDur,DeepHit,7,48,2434,1.0,1,1.0,0.9337359610004958,0.06626403899950417,1.7320507764816284,0.6731255870962227,0.3268744129037773,2.6457512378692627,0.46529307961463906,0.5347069203853609
survset:UnempDur,DeepHit,7,48,2390,1.4142135381698608,0,1.0,0.9534108757703889,0.046589124229611145,1.7320507764816284,0.7038594909874901,0.2961405090125099,2.6457512378692627,0.47244852781295765,0.5275514721870423
survset:UnempDur,DeepHit,7,48,3206,2.6457512378692627,0,1.0,0.9708686641506029,0.02913133584939709,1.7320507764816284,0.7908217501644431,0.20917824983555688,2.6457512378692627,0.4973502159118652,0.5026497840881348
survset:UnempDur,DeepHit,7,48,2921,2.2360680103302,0,1.0,0.9609251076602742,0.03907489233972583,1.7320507764816284,0.8031803548280612,0.19681964517193884,2.6457512378692627,0.49402567744255044,0.5059743225574496
survset:UnempDur,DeepHit,7,48,1304,1.0,1,1.0,0.9564791219268983,0.043520878073101676,1.7320507764816284,0.7014291386175471,0.2985708613824529,2.6457512378692627,0.48539474606513966,0.5146052539348603
survset:UnempDur,DeepHit,7,48,2710,1.7320507764816284,1,1.0,0.9843227633980558,0.0156772366019442,1.7320507764816284,0.8776323169708006,0.12236768302919943,2.6457512378692627,0.5166776776313781,0.48332232236862194
survset:UnempDur,DeepHit,7,48,1788,1.4142135381698608,1,1.0,0.9679115648429,0.032088435157100026,1.7320507764816284,0.7924548119945105,0.2075451880054895,2.6457512378692627,0.4780886471271514,0.5219113528728486
survset:UnempDur,DeepHit,7,48,993,1.4142135381698608,1,1.0,0.9561074877235095,0.04389251227649049,1.7320507764816284,0.7058214614578748,0.29417853854212517,2.6457512378692627,0.44877165555953963,0.5512283444404604
survset:UnempDur,DeepHit,7,48,2634,2.2360680103302,1,1.0,0.967081596656399,0.032918403343600966,1.7320507764816284,0.7904877306163661,0.20951226938363388,2.6457512378692627,0.4813597202301024,0.5186402797698977
survset:UnempDur,DeepHit,7,48,728,2.2360680103302,1,1.0,0.9704903094236852,0.029509690576314807,1.7320507764816284,0.8044572505408141,0.19554274945918593,2.6457512378692627,0.5299611687660215,0.4700388312339785
survset:UnempDur,DeepHit,7,48,620,1.7320507764816284,0,1.0,0.9490062656900077,0.05099373430999232,1.7320507764816284,0.7045168159974994,0.2954831840025006,2.6457512378692627,0.40568336844444264,0.5943166315555574
survset:UnempDur,DeepHit,7,48,1030,2.0,1,1.0,0.9508127210241333,0.04918727897586672,1.7320507764816284,0.7124865704036308,0.28751342959636916,2.6457512378692627,0.45832726359367354,0.5416727364063265
survset:UnempDur,DeepHit,7,48,1872,4.582575798034668,0,1.0,0.9661270899589641,0.033872910041035875,1.7320507764816284,0.776594275240855,0.223405724759145,2.6457512378692627,0.5250137150287626,0.4749862849712374
survset:UnempDur,DeepHit,7,48,1877,5.196152210235596,1,1.0,0.9481071593528423,0.05189284064715771,1.7320507764816284,0.6827565627528511,0.3172434372471489,2.6457512378692627,0.4753710627555845,0.5246289372444155
survset:UnempDur,DeepHit,7,48,1408,1.4142135381698608,0,1.0,0.9583599860490942,0.041640013950905774,1.7320507764816284,0.7085420141877333,0.2914579858122667,2.6457512378692627,0.43757852911949147,0.5624214708805085
survset:UnempDur,DeepHit,7,48,2535,3.0,1,1.0,0.9550266561286715,0.04497334387132845,1.7320507764816284,0.7069823293413615,0.2930176706586385,2.6457512378692627,0.4849045574665068,0.5150954425334933
survset:UnempDur,DeepHit,7,48,2629,1.0,1,1.0,0.9450732040624698,0.05492679593753025,1.7320507764816284,0.6589658794167513,0.34103412058324867,2.6457512378692627,0.38716202974319436,0.6128379702568056
survset:UnempDur,DeepHit,7,48,3067,1.4142135381698608,0,1.0,0.9472111382372745,0.05278886176272546,1.7320507764816284,0.7113054471162933,0.2886945528837067,2.6457512378692627,0.5183874070644376,0.48161259293556236
survset:UnempDur,DeepHit,7,48,2511,2.4494898319244385,1,1.0,0.9664493869311683,0.03355061306883167,1.7320507764816284,0.8079272089249528,0.19207279107504716,2.6457512378692627,0.48624205589294417,0.5137579441070559
survset:UnempDur,DeepHit,7,48,1412,2.0,0,1.0,0.9728998267797727,0.027100173220227286,1.7320507764816284,0.8210299488749075,0.17897005112509246,2.6457512378692627,0.5333055555820463,0.4666944444179537
survset:UnempDur,DeepHit,7,48,1571,1.0,1,1.0,0.9472089305824383,0.05279106941756173,1.7320507764816284,0.6875533393849194,0.31244666061508064,2.6457512378692627,0.44206073880195607,0.5579392611980439
survset:UnempDur,DeepHit,7,48,279,1.0,1,1.0,0.9424403922330179,0.0575596077669821,1.7320507764816284,0.6810074568193101,0.3189925431806899,2.6457512378692627,0.4170151650905608,0.5829848349094392
survset:UnempDur,DeepHit,7,48,1013,3.316624879837036,0,1.0,0.9628846708784458,0.03711532912155424,1.7320507764816284,0.7992188710728952,0.20078112892710476,2.6457512378692627,0.5136326551437376,0.48636734485626243
survset:UnempDur,DeepHit,7,48,973,1.4142135381698608,1,1.0,0.9441896255998514,0.05581037440014858,1.7320507764816284,0.6899871753979612,0.31001282460203883,2.6457512378692627,0.4644318521022795,0.5355681478977206
survset:UnempDur,DeepHit,7,48,2474,1.0,1,1.0,0.9554344827552012,0.04456551724479885,1.7320507764816284,0.7255762895609849,0.27442371043901514,2.6457512378692627,0.4660930931568144,0.5339069068431856
survset:UnempDur,DeepHit,7,48,2665,3.316624879837036,0,1.0,0.9671805028681882,0.03281949713181176,1.7320507764816284,0.8346286422398633,0.16537135776013667,2.6457512378692627,0.5477149486541747,0.4522850513458253
survset:UnempDur,DeepHit,7,48,3081,1.4142135381698608,1,1.0,0.9664544571310224,0.033545542868977596,1.7320507764816284,0.7904672702233952,0.20953272977660475,2.6457512378692627,0.5200103819370268,0.47998961806297324
survset:UnempDur,DeepHit,7,48,574,1.4142135381698608,1,1.0,0.9802109751769904,0.019789024823009593,1.7320507764816284,0.7802360379972192,0.2197639620027808,2.6457512378692627,0.49773246049880965,0.5022675395011904
survset:UnempDur,DeepHit,7,48,2207,2.2360680103302,1,1.0,0.9659888722301934,0.03401112776980664,1.7320507764816284,0.7989862251176688,0.2010137748823312,2.6457512378692627,0.5121335685253141,0.4878664314746859
survset:UnempDur,DeepHit,7,48,402,3.872983455657959,0,1.0,0.9551890153251639,0.04481098467483613,1.7320507764816284,0.7882385022669917,0.21176149773300834,2.6457512378692627,0.538426339626312,0.46157366037368797
survset:UnempDur,DeepHit,7,48,81,3.1622776985168457,0,1.0,0.9607715485783778,0.039228451421622235,1.7320507764816284,0.7899582022977883,0.21004179770221165,2.6457512378692627,0.520976573228836,0.47902342677116405
survset:UnempDur,DeepHit,7,48,30,2.6457512378692627,1,1.0,0.9565355852744429,0.043464414725557066,1.7320507764816284,0.7754744069758984,0.22452559302410158,2.6457512378692627,0.5098334848880767,0.49016651511192333
survset:UnempDur,DeepHit,7,48,2264,1.7320507764816284,1,1.0,0.9524079017424125,0.04759209825758748,1.7320507764816284,0.7184005693304246,0.2815994306695754,2.6457512378692627,0.4939802289009092,0.5060197710990908
survset:UnempDur,DeepHit,7,48,2738,1.4142135381698608,1,1.0,0.9390336331227529,0.0609663668772471,1.7320507764816284,0.7037208061826373,0.2962791938173627,2.6457512378692627,0.5212746262550352,0.4787253737449648
survset:UnempDur,DeepHit,7,48,3137,3.1622776985168457,0,1.0,0.9470543456065963,0.05294565439340371,1.7320507764816284,0.6336665586393941,0.36633344136060586,2.6457512378692627,0.3881211578845976,0.6118788421154024
survset:UnempDur,DeepHit,7,48,97,3.316624879837036,1,1.0,0.9569041833676682,0.04309581663233175,1.7320507764816284,0.7998156992054141,0.20018430079458593,2.6457512378692627,0.5318043231964109,0.4681956768035891
survset:UnempDur,DeepHit,7,48,1121,3.605551242828369,0,1.0,0.9514290689740991,0.04857093102590093,1.7320507764816284,0.7631449854379458,0.23685501456205416,2.6457512378692627,0.5237543582916258,0.47624564170837425
survset:UnempDur,DeepHit,7,48,2344,2.8284270763397217,1,1.0,0.9375560694665525,0.062443930533447545,1.7320507764816284,0.6662221589106249,0.33377784108937514,2.6457512378692627,0.49014660716056807,0.509853392839432
survset:UnempDur,DeepHit,7,48,180,3.1622776985168457,1,1.0,0.9797343669429461,0.020265633057053867,1.7320507764816284,0.8179760510890536,0.18202394891094642,2.6457512378692627,0.5227083265781401,0.47729167342185985
survset:UnempDur,DeepHit,7,48,118,1.4142135381698608,1,1.0,0.9654190839044734,0.034580916095526604,1.7320507764816284,0.7844662009321323,0.21553379906786774,2.6457512378692627,0.5227922201156615,0.4772077798843385
survset:UnempDur,DeepHit,7,48,1677,2.6457512378692627,0,1.0,0.9661759934044559,0.033824006595544076,1.7320507764816284,0.7905406915811254,0.2094593084188746,2.6457512378692627,0.5246567726135252,0.47534322738647483
survset:UnempDur,DeepHit,7,48,854,2.2360680103302,0,1.0,0.9431219362948785,0.056878063705121495,1.7320507764816284,0.7027613386833558,0.2972386613166442,2.6457512378692627,0.45133575797080977,0.5486642420291903
survset:UnempDur,DeepHit,7,48,2263,1.0,1,1.0,0.9483205186122433,0.05167948138775669,1.7320507764816284,0.6962861935156927,0.30371380648430735,2.6457512378692627,0.46928492188453647,0.5307150781154635
survset:UnempDur,DeepHit,7,48,469,1.7320507764816284,0,1.0,0.9569881859009548,0.0430118140990452,1.7320507764816284,0.7158298167923306,0.2841701832076694,2.6457512378692627,0.4451215267181395,0.5548784732818606
survset:UnempDur,DeepHit,7,48,2488,1.4142135381698608,1,1.0,0.9499829434329143,0.05001705656708566,1.7320507764816284,0.6911581026449451,0.30884189735505485,2.6457512378692627,0.4776921272277831,0.5223078727722169
survset:UnempDur,DeepHit,7,48,2416,3.0,0,1.0,0.96562774223387,0.034372257766129954,1.7320507764816284,0.7961407722059427,0.2038592277940573,2.6457512378692627,0.5074135363101957,0.4925864636898043
survset:UnempDur,DeepHit,7,48,29,1.0,1,1.0,0.9524817152131432,0.047518284786856824,1.7320507764816284,0.691354588382179,0.308645411617821,2.6457512378692627,0.47140517830848677,0.5285948216915133
survset:UnempDur,DeepHit,7,48,774,2.6457512378692627,1,1.0,0.9531622362248282,0.04683776377517179,1.7320507764816284,0.6959580390581745,0.30404196094182545,2.6457512378692627,0.49226430058479287,0.5077356994152071
survset:UnempDur,DeepHit,7,48,2204,1.7320507764816284,1,1.0,0.9465950421025268,0.05340495789747324,1.7320507764816284,0.6908123661894454,0.3091876338105546,2.6457512378692627,0.4447373151779173,0.5552626848220827
survset:UnempDur,DeepHit,7,48,2553,2.4494898319244385,1,1.0,0.9612118841391358,0.03878811586086417,1.7320507764816284,0.7075359148761419,0.29246408512385813,2.6457512378692627,0.4970479607582091,0.5029520392417909
survset:UnempDur,DeepHit,7,48,3103,2.4494898319244385,0,1.0,0.9468477674773231,0.05315223252267687,1.7320507764816284,0.7917211539020728,0.20827884609792724,2.6457512378692627,0.5128863155841826,0.48711368441581737
survset:UnempDur,DeepHit,7,48,434,3.605551242828369,1,1.0,0.977694245426154,0.02230575457384598,1.7320507764816284,0.8677091198136782,0.13229088018632185,2.6457512378692627,0.602015286684036,0.39798471331596397
survset:UnempDur,DeepHit,7,48,2633,1.0,1,1.0,0.9546376095829031,0.04536239041709689,1.7320507764816284,0.7201092341836369,0.2798907658163631,2.6457512378692627,0.4490906596183776,0.5509093403816224
survset:UnempDur,DeepHit,7,48,2750,1.4142135381698608,1,1.0,0.9388649748254083,0.061135025174591684,1.7320507764816284,0.6571722037164446,0.3428277962835554,2.6457512378692627,0.4404541850090025,0.5595458149909975
survset:UnempDur,DeepHit,7,48,1884,1.4142135381698608,1,1.0,0.946628696383644,0.053371303616356,1.7320507764816284,0.6590741721430395,0.34092582785696046,2.6457512378692627,0.4416136443614958,0.5583863556385043
survset:UnempDur,DeepHit,7,48,2478,1.4142135381698608,1,1.0,0.9712623195342418,0.028737680465758197,1.7320507764816284,0.7973434423878257,0.20265655761217427,2.6457512378692627,0.5011884570121763,0.4988115429878237
survset:UnempDur,DeepHit,7,48,1975,2.6457512378692627,1,1.0,0.9753867529106044,0.024613247089395607,1.7320507764816284,0.8108310863865268,0.1891689136134732,2.6457512378692627,0.5176720023155211,0.48232799768447887
survset:UnempDur,DeepHit,7,48,2403,1.7320507764816284,0,1.0,0.9739330751995668,0.026066924800433156,1.7320507764816284,0.8178229693777628,0.18217703062223722,2.6457512378692627,0.5229246914386748,0.4770753085613252
survset:UnempDur,DeepHit,7,48,1310,2.6457512378692627,0,1.0,0.9666494376345607,0.03335056236543932,1.7320507764816284,0.7682332127705842,0.2317667872294158,2.6457512378692627,0.5013149976730346,0.49868500232696544
survset:UnempDur,DeepHit,7,48,2731,2.4494898319244385,1,1.0,0.9736410807534315,0.026358919246568524,1.7320507764816284,0.7770149253297685,0.22298507467023154,2.6457512378692627,0.5140833854675291,0.4859166145324709
survset:UnempDur,DeepHit,7,48,1282,1.7320507764816284,0,1.0,0.9624077887670346,0.03759221123296541,1.7320507764816284,0.7609529428000112,0.23904705719998876,2.6457512378692627,0.5091401636600493,0.4908598363399507
survset:UnempDur,DeepHit,7,48,608,1.7320507764816284,0,1.0,0.9815488380770795,0.01845116192292051,1.7320507764816284,0.8255524485390494,0.1744475514609506,2.6457512378692627,0.49265563488006586,0.5073443651199341
survset:UnempDur,DeepHit,7,48,330,2.6457512378692627,1,1.0,0.9593334690738733,0.04066653092612671,1.7320507764816284,0.7940431315372707,0.20595686846272931,2.6457512378692627,0.5191535055637357,0.48084649443626426
survset:UnempDur,DeepHit,7,48,145,5.099019527435303,0,1.0,0.9663905146657147,0.033609485334285316,1.7320507764816284,0.7843991761591181,0.21560082384088186,2.6457512378692627,0.47954905033111556,0.5204509496688845
survset:UnempDur,DeepHit,7,48,2817,1.0,1,1.0,0.9478234266067717,0.05217657339322834,1.7320507764816284,0.7315745072579272,0.26842549274207284,2.6457512378692627,0.5006732940673826,0.4993267059326174
survset:UnempDur,DeepHit,7,48,2400,1.4142135381698608,1,1.0,0.9650196601162573,0.03498033988374272,1.7320507764816284,0.7857043729004338,0.21429562709956618,2.6457512378692627,0.5220360755920408,0.4779639244079592
survset:UnempDur,DeepHit,7,48,2185,2.6457512378692627,0,1.0,0.9687719585394763,0.031228041460523714,1.7320507764816284,0.8200846952893777,0.17991530471062234,2.6457512378692627,0.5306597352027891,0.4693402647972109
survset:UnempDur,DeepHit,7,48,2680,3.316624879837036,1,1.0,0.9739458602031444,0.026054139796855558,1.7320507764816284,0.7620569161999505,0.23794308380004947,2.6457512378692627,0.5068245828151702,0.4931754171848298
survset:UnempDur,DeepHit,7,48,2483,1.7320507764816284,1,1.0,0.9566188313406241,0.04338116865937591,1.7320507764816284,0.7208021953049674,0.27919780469503264,2.6457512378692627,0.44313684105873097,0.556863158941269
survset:UnempDur,DeepHit,7,48,1687,2.2360680103302,1,1.0,0.9682739625830791,0.03172603741692093,1.7320507764816284,0.7635274190669762,0.2364725809330238,2.6457512378692627,0.49321880936622603,0.506781190633774
survset:UnempDur,DeepHit,7,48,1140,3.605551242828369,0,1.0,0.9658999909434172,0.034100009056582836,1.7320507764816284,0.8654842292265823,0.1345157707734177,2.6457512378692627,0.58833110332489,0.41166889667511
survset:UnempDur,DeepHit,7,48,1646,2.0,1,1.0,0.9744248530515424,0.02557514694845764,1.7320507764816284,0.8260426174213088,0.1739573825786912,2.6457512378692627,0.5219366550445556,0.47806334495544445
survset:UnempDur,DeepHit,7,48,1842,2.2360680103302,1,1.0,0.9445890674869112,0.05541093251308882,1.7320507764816284,0.7297046820015001,0.27029531799849993,2.6457512378692627,0.4511912763118743,0.5488087236881257
survset:UnempDur,DeepHit,7,48,283,1.4142135381698608,0,1.0,0.9431737789624999,0.056826221037500124,1.7320507764816284,0.6709198840564644,0.3290801159435356,2.6457512378692627,0.44546011090278603,0.554539889097214
survset:UnempDur,DeepHit,7,48,321,1.7320507764816284,1,1.0,0.9417463499987946,0.058253650001205415,1.7320507764816284,0.6671423356934251,0.33285766430657493,2.6457512378692627,0.45721483230590804,0.542785167694092
survset:UnempDur,DeepHit,7,48,496,1.0,1,1.0,0.9505982032378251,0.04940179676217493,1.7320507764816284,0.6957287123589969,0.3042712876410031,2.6457512378692627,0.44414979219436634,0.5558502078056337
survset:UnempDur,DeepHit,7,48,2640,3.316624879837036,1,1.0,0.975205293369649,0.024794706630350993,1.7320507764816284,0.8500520566386781,0.1499479433613219,2.6457512378692627,0.6066326200962066,0.39336737990379345
survset:UnempDur,DeepHit,7,48,3223,1.4142135381698608,0,1.0,0.9804605014425971,0.01953949855740289,1.7320507764816284,0.8429463157689803,0.15705368423101973,2.6457512378692627,0.5235435068607329,0.4764564931392671
survset:UnempDur,DeepHit,7,48,877,2.6457512378692627,1,1.0,0.9680417588554457,0.031958241144554256,1.7320507764816284,0.8135426665402975,0.1864573334597025,2.6457512378692627,0.5224254727363585,0.47757452726364147
survset:UnempDur,DeepHit,7,48,2515,3.605551242828369,1,1.0,0.9612062692958575,0.03879373070414249,1.7320507764816284,0.7875305373524012,0.2124694626475988,2.6457512378692627,0.523402690887451,0.47659730911254905
survset:UnempDur,DeepHit,7,48,2210,1.4142135381698608,0,1.0,0.9779806069320633,0.022019393067936655,1.7320507764816284,0.7685633235457962,0.23143667645420385,2.6457512378692627,0.5005372166633605,0.4994627833366395
survset:UnempDur,DeepHit,7,48,120,4.898979663848877,0,1.0,0.9614719821111906,0.03852801788880944,1.7320507764816284,0.7902236306937652,0.20977636930623478,2.6457512378692627,0.5277795195579527,0.47222048044204734
survset:UnempDur,DeepHit,7,48,21,2.2360680103302,1,1.0,0.9631210820469911,0.036878917953008905,1.7320507764816284,0.7885554140393644,0.21144458596063564,2.6457512378692627,0.5333160161972044,0.46668398380279563
survset:UnempDur,DeepHit,7,48,221,1.0,1,1.0,0.9431709716847229,0.05682902831527714,1.7320507764816284,0.6437931868844974,0.3562068131155026,2.6457512378692627,0.41053619980812056,0.5894638001918795
survset:UnempDur,DeepHit,7,48,2002,1.4142135381698608,1,1.0,0.9655722961284575,0.03442770387154248,1.7320507764816284,0.7946119045967385,0.20538809540326153,2.6457512378692627,0.5041440725326536,0.4958559274673464
survset:UnempDur,DeepHit,7,48,1381,2.2360680103302,1,1.0,0.9671831258491331,0.03281687415086687,1.7320507764816284,0.7745525007000772,0.2254474992999228,2.6457512378692627,0.5071261823177337,0.49287381768226635
survset:UnempDur,DeepHit,7,48,2962,2.0,0,1.0,0.9696874769400307,0.030312523059969343,1.7320507764816284,0.7495498566005284,0.2504501433994716,2.6457512378692627,0.4867938458919524,0.5132061541080476
survset:UnempDur,DeepHit,7,48,2397,1.7320507764816284,0,1.0,0.9536412612027411,0.046358738797258936,1.7320507764816284,0.7418674691505083,0.2581325308494917,2.6457512378692627,0.49275410175323475,0.5072458982467652
survset:UnempDur,DeepHit,7,48,1754,1.7320507764816284,0,1.0,0.9713132142389085,0.028686785761091516,1.7320507764816284,0.822964487643197,0.17703551235680304,2.6457512378692627,0.4503381848335265,0.5496618151664735
survset:UnempDur,DeepHit,7,48,784,1.0,1,1.0,0.9391177930828931,0.060882206917106885,1.7320507764816284,0.6469055435607881,0.3530944564392119,2.6457512378692627,0.42650809884071333,0.5734919011592867
survset:UnempDur,DeepHit,7,48,1657,2.6457512378692627,1,1.0,0.9645734447357677,0.03542655526423233,1.7320507764816284,0.8005523557225811,0.1994476442774189,2.6457512378692627,0.5092370212078092,0.4907629787921908
survset:UnempDur,DeepHit,7,48,2994,2.0,1,1.0,0.9666558742780098,0.03334412572199019,1.7320507764816284,0.7985702713257574,0.20142972867424258,2.6457512378692627,0.49407896399497964,0.5059210360050204
survset:UnempDur,DeepHit,7,48,1861,4.242640495300293,0,1.0,0.9536412612027411,0.046358738797258936,1.7320507764816284,0.7418674691505083,0.2581325308494917,2.6457512378692627,0.49275410175323475,0.5072458982467652
survset:UnempDur,DeepHit,7,48,2433,2.6457512378692627,1,1.0,0.9784413098858386,0.02155869011416145,1.7320507764816284,0.8193484444159069,0.18065155558409307,2.6457512378692627,0.4652188122272489,0.5347811877727511
survset:UnempDur,DeepHit,7,48,3209,2.4494898319244385,1,1.0,0.9767194565154472,0.023280543484552774,1.7320507764816284,0.8167578460481133,0.1832421539518867,2.6457512378692627,0.45718669891357405,0.542813301086426
survset:UnempDur,DeepHit,7,48,2431,2.8284270763397217,0,1.0,0.960522616982006,0.03947738301799397,1.7320507764816284,0.7693505308156487,0.23064946918435125,2.6457512378692627,0.46923494338989236,0.5307650566101076
survset:UnempDur,DeepHit,7,48,162,3.0,0,1.0,0.9813755358873077,0.01862446411269225,1.7320507764816284,0.7941413066101989,0.20585869338980112,2.6457512378692627,0.48361369967460616,0.5163863003253939
survset:UnempDur,DeepHit,7,48,2156,2.6457512378692627,0,1.0,0.9628942890205742,0.03710571097942583,1.7320507764816284,0.7909649846559674,0.20903501534403257,2.6457512378692627,0.5167739689350127,0.4832260310649873
survset:UnempDur,DeepHit,7,48,123,2.6457512378692627,0,1.0,0.9725997838256796,0.027400216174320424,1.7320507764816284,0.8713819021061383,0.1286180978938617,2.6457512378692627,0.6230183243751526,0.3769816756248474
survset:UnempDur,DeepHit,7,48,1831,4.358899116516113,1,1.0,0.9659562040204253,0.03404379597957474,1.7320507764816284,0.8449809313526558,0.15501906864734416,2.6457512378692627,0.5369600951671598,0.4630399048328402
survset:UnempDur,DeepHit,7,48,2346,2.2360680103302,1,1.0,0.9833607973195624,0.016639202680437615,1.7320507764816284,0.9317863548841907,0.0682136451158093,2.6457512378692627,0.5766911208629608,0.4233088791370392
survset:UnempDur,DeepHit,7,48,1992,3.1622776985168457,0,1.0,0.9675548770709856,0.03244512292901436,1.7320507764816284,0.7996747300310393,0.20032526996896072,2.6457512378692627,0.5134462118148801,0.48655378818511985
survset:UnempDur,DeepHit,7,48,1718,1.7320507764816284,0,1.0,0.9608734778467662,0.039126522153233756,1.7320507764816284,0.7988828841117125,0.2011171158882875,2.6457512378692627,0.5511869192123411,0.4488130807876589
survset:UnempDur,DeepHit,7,48,1615,4.690415859222412,0,1.0,0.9617930574717197,0.038206942528280274,1.7320507764816284,0.7491514303622792,0.25084856963772084,2.6457512378692627,0.49768874049186695,0.502311259508133
survset:UnempDur,DeepHit,7,48,1465,1.0,1,1.0,0.9580956448701449,0.04190435512985513,1.7320507764816284,0.712162989106358,0.287837010893642,2.6457512378692627,0.47502806782722456,0.5249719321727755
survset:UnempDur,DeepHit,7,48,444,1.0,1,1.0,0.9483494918915496,0.0516505081084504,1.7320507764816284,0.6672914354236728,0.33270856457632725,2.6457512378692627,0.4231991767883299,0.5768008232116701
survset:UnempDur,DeepHit,7,48,848,4.0,0,1.0,0.9563681652192765,0.04363183478072352,1.7320507764816284,0.7214482520471358,0.2785517479528642,2.6457512378692627,0.4632467329502104,0.5367532670497897
survset:UnempDur,DeepHit,7,48,1369,1.4142135381698608,1,1.0,0.9592719991994475,0.0407280008005525,1.7320507764816284,0.7054516587140575,0.29454834128594254,2.6457512378692627,0.4747575223445891,0.5252424776554109
survset:UnempDur,DeepHit,7,48,1497,3.316624879837036,1,1.0,0.9627477822312894,0.03725221776871057,1.7320507764816284,0.7910909333330114,0.2089090666669886,2.6457512378692627,0.5146471261978147,0.4853528738021853
survset:UnempDur,DeepHit,7,48,1391,3.0,1,1.0,0.9657404357792412,0.03425956422075882,1.7320507764816284,0.8468604452276745,0.15313955477232555,2.6457512378692627,0.504281163215637,0.495718836784363
survset:UnempDur,DeepHit,7,48,1946,1.0,1,1.0,0.9435009016651522,0.056499098334847786,1.7320507764816284,0.6741698119764801,0.32583018802351993,2.6457512378692627,0.4227789640426634,0.5772210359573366
survset:UnempDur,DeepHit,7,48,356,2.2360680103302,1,1.0,0.95764349846434,0.04235650153565995,1.7320507764816284,0.7130411237726231,0.2869588762273769,2.6457512378692627,0.4996743798255919,0.5003256201744082
survset:UnempDur,DeepHit,7,48,2076,4.0,1,1.0,0.9380522804093915,0.06194771959060852,1.7320507764816284,0.6832014760144599,0.3167985239855401,2.6457512378692627,0.454253315925598,0.5457466840744021
survset:UnempDur,DeepHit,7,48,1051,2.8284270763397217,1,1.0,0.9562725660372331,0.043727433962766904,1.7320507764816284,0.7932052813572553,0.20679471864274468,2.6457512378692627,0.5324739217758176,0.46752607822418235
survset:UnempDur,DeepHit,7,48,457,2.0,0,1.0,0.9691508015368945,0.03084919846310552,1.7320507764816284,0.8547560627947818,0.14524393720521822,2.6457512378692627,0.5296300947666167,0.4703699052333833
survset:UnempDur,DeepHit,7,48,1855,2.4494898319244385,0,1.0,0.9471878866418103,0.052812113358189694,1.7320507764816284,0.705704347855644,0.29429565214435605,2.6457512378692627,0.47459307312965376,0.5254069268703463
survset:UnempDur,DeepHit,7,48,1713,2.2360680103302,1,1.0,0.9569714979694663,0.043028502030533655,1.7320507764816284,0.7877858635746506,0.21221413642534936,2.6457512378692627,0.5259518325328826,0.4740481674671174
survset:UnempDur,DeepHit,7,48,3132,1.0,0,1.0,0.9446557103875791,0.05534428961242088,1.7320507764816284,0.7263224741899412,0.2736775258100588,2.6457512378692627,0.4826023876667021,0.517397612333298
survset:UnempDur,DeepHit,7,48,991,2.2360680103302,0,1.0,0.9659602155733517,0.034039784426648345,1.7320507764816284,0.7931650197908959,0.20683498020910407,2.6457512378692627,0.4887784123420714,0.5112215876579286
survset:UnempDur,DeepHit,7,48,1489,1.7320507764816284,1,1.0,0.9707441923512469,0.02925580764875313,1.7320507764816284,0.7896586711008335,0.21034132889916646,2.6457512378692627,0.48807319998741133,0.5119268000125887
survset:UnempDur,DeepHit,7,48,2670,1.0,1,1.0,0.946004354545211,0.053995645454788965,1.7320507764816284,0.7471614364414784,0.25283856355852163,2.6457512378692627,0.4968707561492918,0.5031292438507082
survset:UnempDur,DeepHit,7,48,2659,1.0,1,1.0,0.955151408755231,0.04484859124476903,1.7320507764816284,0.6984299733784992,0.3015700266215008,2.6457512378692627,0.44849324226379383,0.5515067577362062
survset:UnempDur,DeepHit,7,48,1829,2.6457512378692627,0,1.0,0.9430189772821096,0.056981022717890406,1.7320507764816284,0.7686023884078446,0.23139761159215544,2.6457512378692627,0.48404332995414723,0.5159566700458528
survset:UnempDur,DeepHit,7,48,439,2.6457512378692627,1,1.0,0.9649774974216742,0.03502250257832584,1.7320507764816284,0.7903987155372605,0.2096012844627395,2.6457512378692627,0.5125813484191893,0.48741865158081066
survset:UnempDur,DeepHit,7,48,343,1.0,1,1.0,0.9529173484162538,0.04708265158374625,1.7320507764816284,0.7134329318461499,0.28656706815385014,2.6457512378692627,0.49497121572494496,0.505028784275055
survset:UnempDur,DeepHit,7,48,1917,1.0,1,1.0,0.9497882328487015,0.05021176715129849,1.7320507764816284,0.7039989592151672,0.2960010407848328,2.6457512378692627,0.45855614542961104,0.541443854570389
survset:UnempDur,DeepHit,7,48,2276,2.0,1,1.0,0.9539569360521947,0.04604306394780533,1.7320507764816284,0.7067575220295361,0.2932424779704639,2.6457512378692627,0.4291630387306212,0.5708369612693788
survset:UnempDur,DeepHit,7,48,1256,3.7416574954986572,1,1.0,0.9687698440273053,0.03123015597269474,1.7320507764816284,0.8270607050066991,0.17293929499330085,2.6457512378692627,0.49000385403633095,0.509996145963669
survset:UnempDur,DeepHit,7,48,1385,3.872983455657959,0,1.0,0.9698611909594166,0.030138809040583414,1.7320507764816284,0.8320027711325163,0.1679972288674837,2.6457512378692627,0.513169854879379,0.48683014512062095
survset:UnempDur,DeepHit,7,48,2609,1.4142135381698608,1,1.0,0.9463265103721193,0.053673489627880655,1.7320507764816284,0.7213497099750279,0.2786502900249721,2.6457512378692627,0.4653357863426207,0.5346642136573794
survset:UnempDur,DeepHit,7,48,2717,1.0,1,1.0,0.9406727668473184,0.059327233152681624,1.7320507764816284,0.6640511223874044,0.3359488776125956,2.6457512378692627,0.44707956910133345,0.5529204308986666
survset:UnempDur,DeepHit,7,48,39,2.2360680103302,1,1.0,0.9683006922903135,0.03169930770968654,1.7320507764816284,0.7876095622157095,0.21239043778429045,2.6457512378692627,0.5270324349403379,0.4729675650596621
survset:UnempDur,DeepHit,7,48,535,4.0,1,1.0,0.9607194218832373,0.039280578116762666,1.7320507764816284,0.7362893897456749,0.2637106102543251,2.6457512378692627,0.49815431237220753,0.5018456876277925
survset:UnempDur,DeepHit,7,48,353,1.0,1,1.0,0.9246455603434125,0.0753544396565875,1.7320507764816284,0.6924870084846505,0.3075129915153495,2.6457512378692627,0.4892460107803343,0.5107539892196657
survset:UnempDur,DeepHit,7,48,1985,1.7320507764816284,1,1.0,0.9391990208660362,0.06080097913396376,1.7320507764816284,0.6945783411781454,0.30542165882185457,2.6457512378692627,0.442506819963455,0.557493180036545
survset:UnempDur,DeepHit,7,48,1999,1.4142135381698608,1,1.0,0.9628986144530014,0.0371013855469986,1.7320507764816284,0.7859181684948205,0.21408183150517945,2.6457512378692627,0.4874329864978789,0.5125670135021211
survset:UnempDur,DeepHit,7,48,1513,3.872983455657959,0,1.0,0.9657148304981156,0.03428516950188443,1.7320507764816284,0.7848769137046434,0.2151230862953566,2.6457512378692627,0.5434668660163878,0.45653313398361217
survset:UnempDur,DeepHit,7,48,593,1.0,1,1.0,0.9716675829486151,0.028332417051384895,1.7320507764816284,0.8323206842669537,0.16767931573304629,2.6457512378692627,0.5274620354175564,0.47253796458244357
survset:UnempDur,DeepHit,7,48,20,2.2360680103302,0,1.0,0.9731027628698862,0.026897237130113827,1.7320507764816284,0.8295798714442688,0.1704201285557312,2.6457512378692627,0.5120161771774291,0.4879838228225709
survset:UnempDur,DeepHit,7,48,2383,3.0,1,1.0,0.9725978299605783,0.02740217003942169,1.7320507764816284,0.8030893769508504,0.19691062304914964,2.6457512378692627,0.49308678507804854,0.5069132149219515
survset:UnempDur,DeepHit,7,48,2245,1.4142135381698608,0,1.0,0.9594292825931362,0.0405707174068638,1.7320507764816284,0.7119302475807814,0.2880697524192186,2.6457512378692627,0.43820980191230763,0.5617901980876924
survset:UnempDur,DeepHit,7,48,663,3.316624879837036,1,1.0,0.9722691112382966,0.027730888761703376,1.7320507764816284,0.7612045106004435,0.23879548939955653,2.6457512378692627,0.4881751835346221,0.5118248164653779
survset:UnempDur,DeepHit,7,48,249,2.2360680103302,0,1.0,0.9378194172126835,0.06218058278731653,1.7320507764816284,0.6536201409438995,0.34637985905610047,2.6457512378692627,0.43636453151702864,0.5636354684829714
survset:UnempDur,DeepHit,7,48,1152,3.316624879837036,0,1.0,0.969578546621681,0.03042145337831903,1.7320507764816284,0.7993532286648437,0.2006467713351563,2.6457512378692627,0.4927641451358793,0.5072358548641207
survset:UnempDur,DeepHit,7,48,1387,3.7416574954986572,0,1.0,0.9575396676981384,0.042460332301861636,1.7320507764816284,0.6953510390365667,0.3046489609634333,2.6457512378692627,0.47374138236045826,0.5262586176395417
survset:UnempDur,DeepHit,7,48,1394,1.0,1,1.0,0.9395946551702781,0.06040534482972193,1.7320507764816284,0.7105030182350072,0.28949698176499283,2.6457512378692627,0.5057995617389678,0.4942004382610322
survset:UnempDur,DeepHit,7,48,601,3.1622776985168457,0,1.0,0.9810869713643342,0.018913028635665796,1.7320507764816284,0.8594799426829131,0.14052005731708694,2.6457512378692627,0.5200631022453307,0.4799368977546693
survset:UnempDur,DeepHit,7,48,1494,2.0,1,1.0,0.9717039738967259,0.028296026103274086,1.7320507764816284,0.7674098926751654,0.23259010732483465,2.6457512378692627,0.5459668338298796,0.45403316617012035
survset:UnempDur,DeepHit,7,48,756,4.0,0,1.0,0.9778943437518318,0.022105656248168182,1.7320507764816284,0.8474059719591989,0.15259402804080113,2.6457512378692627,0.5246705412864684,0.4753294587135316
survset:UnempDur,DeepHit,7,48,1546,2.2360680103302,0,1.0,0.9670079591879684,0.03299204081203155,1.7320507764816284,0.82047102015568,0.17952897984432004,2.6457512378692627,0.5273047983646391,0.47269520163536094
survset:UnempDur,DeepHit,7,48,2730,1.4142135381698608,1,1.0,0.9482025963735302,0.051797403626469785,1.7320507764816284,0.6914645672022792,0.3085354327977208,2.6457512378692627,0.4728834629058836,0.5271165370941164
survset:UnempDur,DeepHit,7,48,2592,2.0,0,1.0,0.9608292904190393,0.039170709580960694,1.7320507764816284,0.7989198362883303,0.2010801637116697,2.6457512378692627,0.5090019106864927,0.4909980893135073
survset:UnempDur,DeepHit,7,48,1622,2.0,1,1.0,0.9728034308260751,0.02719656917392488,1.7320507764816284,0.8278323101826595,0.17216768981734054,2.6457512378692627,0.5253789722919462,0.4746210277080538
survset:UnempDur,DeepHit,7,48,2335,1.0,1,1.0,0.9541635407126258,0.04583645928737423,1.7320507764816284,0.7595515257568112,0.24044847424318883,2.6457512378692627,0.5227591693401334,0.47724083065986656
survset:UnempDur,DeepHit,7,48,3143,3.464101552963257,1,1.0,0.9681575311495834,0.03184246885041664,1.7320507764816284,0.7970061079464357,0.20299389205356433,2.6457512378692627,0.5061218142509458,0.4938781857490542
survset:UnempDur,DeepHit,7,48,2673,1.4142135381698608,1,1.0,0.966524277176127,0.03347572282387301,1.7320507764816284,0.8361551778983352,0.16384482210166484,2.6457512378692627,0.5182191133499143,0.48178088665008567
survset:UnempDur,DeepHit,7,48,2931,1.4142135381698608,1,1.0,0.9508721780329386,0.04912782196706145,1.7320507764816284,0.7569887049763401,0.24301129502365992,2.6457512378692627,0.5162862241268156,0.4837137758731844
survset:UnempDur,DeepHit,7,48,1327,1.7320507764816284,0,1.0,0.9648897498770979,0.03511025012290214,1.7320507764816284,0.8027396485537356,0.19726035144626441,2.6457512378692627,0.5057212710380552,0.4942787289619448
survset:UnempDur,DeepHit,7,48,1309,2.0,1,1.0,0.96923733555968,0.030762664440320053,1.7320507764816284,0.8031567651646118,0.19684323483538824,2.6457512378692627,0.5114110410213468,0.4885889589786532
survset:UnempDur,DeepHit,7,48,2304,4.123105525970459,0,1.0,0.9795136421062391,0.020486357893760854,1.7320507764816284,0.7729181937174224,0.22708180628257757,2.6457512378692627,0.5444344580173491,0.45556554198265087
survset:UnempDur,DeepHit,7,48,2771,1.0,1,1.0,0.9721521757774495,0.0278478242225505,1.7320507764816284,0.8457294416269272,0.1542705583730728,2.6457512378692627,0.5779544115066526,0.4220455884933474
survset:UnempDur,DeepHit,7,48,3207,4.242640495300293,0,1.0,0.9776241406416585,0.02237585935834152,1.7320507764816284,0.7734214946185681,0.22657850538143187,2.6457512378692627,0.5096116065979003,0.4903883934020997
survset:UnempDur,DeepHit,7,48,2329,3.0,0,1.0,0.9726092400082912,0.027390759991708813,1.7320507764816284,0.8469113032319135,0.15308869676808645,2.6457512378692627,0.4673938453197477,0.5326061546802523
survset:UnempDur,DeepHit,7,48,712,2.2360680103302,1,1.0,0.9648043128343979,0.03519568716560206,1.7320507764816284,0.7794171637531299,0.22058283624687014,2.6457512378692627,0.48614564538002,0.5138543546199801
survset:UnempDur,DeepHit,7,48,686,2.2360680103302,0,1.0,0.9761651669814374,0.023834833018562596,1.7320507764816284,0.7949347884052247,0.2050652115947753,2.6457512378692627,0.5013033747673034,0.49869662523269664
survset:UnempDur,DeepHit,7,48,1215,1.7320507764816284,0,1.0,0.9497609182231755,0.05023908177682446,1.7320507764816284,0.7493595600936028,0.25064043990639717,2.6457512378692627,0.5080630779266356,0.49193692207336437
survset:UnempDur,DeepHit,7,48,1825,3.1622776985168457,1,1.0,0.9655326916371463,0.03446730836285372,1.7320507764816284,0.7838349674908235,0.2161650325091765,2.6457512378692627,0.5110160708427427,0.4889839291572573
survset:UnempDur,DeepHit,7,48,923,1.4142135381698608,1,1.0,0.968807823227272,0.03119217677272801,1.7320507764816284,0.7760462785366864,0.2239537214633136,2.6457512378692627,0.47936850786209095,0.520631492137909
survset:UnempDur,DeepHit,7,48,826,1.7320507764816284,0,1.0,0.9638847479895,0.03611525201050003,1.7320507764816284,0.7662139612288865,0.23378603877111348,2.6457512378692627,0.49991589784622176,0.5000841021537783
survset:UnempDur,DeepHit,7,48,2421,2.6457512378692627,1,1.0,0.9795258439755795,0.020474156024420487,1.7320507764816284,0.9035788502783115,0.09642114972168847,2.6457512378692627,0.4011039733886718,0.5988960266113281
survset:UnempDur,DeepHit,7,48,2703,5.196152210235596,1,1.0,0.9795409745677316,0.020459025432268407,1.7320507764816284,0.8049377083899676,0.1950622916100324,2.6457512378692627,0.47751757502555836,0.5224824249744416
survset:UnempDur,DeepHit,7,48,318,1.7320507764816284,1,1.0,0.9440239476972405,0.05597605230275948,1.7320507764816284,0.6747752801483549,0.32522471985164514,2.6457512378692627,0.4474530220031736,0.5525469779968264
survset:UnempDur,DeepHit,7,48,1660,3.1622776985168457,0,1.0,0.9758303765805785,0.024169623419421526,1.7320507764816284,0.7568833213372166,0.24311667866278341,2.6457512378692627,0.5412072241306304,0.4587927758693696
survset:UnempDur,DeepHit,7,48,38,1.4142135381698608,0,1.0,0.9542073362279153,0.045792663772084685,1.7320507764816284,0.6632584655184861,0.3367415344815139,2.6457512378692627,0.42580616474151595,0.5741938352584841
survset:UnempDur,DeepHit,7,48,361,4.0,0,1.0,0.9657284738422286,0.034271526157771404,1.7320507764816284,0.7711275825446797,0.22887241745532028,2.6457512378692627,0.5296637415885923,0.4703362584114077
survset:UnempDur,DeepHit,7,48,2566,2.2360680103302,1,1.0,0.9740682320879307,0.025931767912069303,1.7320507764816284,0.7903372702414196,0.20966272975858036,2.6457512378692627,0.5292337238788601,0.47076627612113986
survset:UnempDur,DeepHit,7,48,96,2.6457512378692627,1,1.0,0.9609511960229681,0.03904880397703192,1.7320507764816284,0.7946647226039782,0.20533527739602175,2.6457512378692627,0.5163452029228208,0.4836547970771792
survset:UnempDur,DeepHit,7,48,1236,1.7320507764816284,1,1.0,0.9593007810488735,0.04069921895112649,1.7320507764816284,0.7325948712698106,0.2674051287301894,2.6457512378692627,0.47277429699897755,0.5272257030010224
survset:UnempDur,DeepHit,7,48,1132,1.4142135381698608,1,1.0,0.9539104063068458,0.04608959369315424,1.7320507764816284,0.7005900400941101,0.2994099599058899,2.6457512378692627,0.4312239885330199,0.5687760114669801
survset:UnempDur,DeepHit,7,48,315,3.605551242828369,0,1.0,0.9742267822266846,0.025773217773315427,1.7320507764816284,0.8523682826256719,0.14763171737432812,2.6457512378692627,0.47917643189430226,0.5208235681056977
survset:UnempDur,DeepHit,7,48,1518,2.2360680103302,1,1.0,0.9543996565910545,0.045600343408945476,1.7320507764816284,0.7556508041623946,0.2443491958376054,2.6457512378692627,0.5030407309532163,0.49695926904678367
survset:UnempDur,DeepHit,7,48,1969,1.4142135381698608,1,1.0,0.9614050785590496,0.03859492144095045,1.7320507764816284,0.7068528296415632,0.29314717035843685,2.6457512378692627,0.5010903179645537,0.4989096820354463
survset:UnempDur,DeepHit,7,48,1097,1.0,1,1.0,0.9472667542295501,0.05273324577044991,1.7320507764816284,0.6588987389104456,0.3411012610895544,2.6457512378692627,0.40340816974639876,0.5965918302536013
survset:UnempDur,DeepHit,7,48,1181,1.0,1,1.0,0.9483651923688953,0.05163480763110473,1.7320507764816284,0.7016219567333607,0.2983780432666393,2.6457512378692627,0.426574409008026,0.573425590991974
survset:UnempDur,DeepHit,7,48,2165,4.4721360206604,1,1.0,0.9584106216382036,0.041589378361796436,1.7320507764816284,0.7919805057435791,0.20801949425642086,2.6457512378692627,0.5222218632698057,0.4777781367301943
survset:UnempDur,DeepHit,7,48,1021,2.0,0,1.0,0.972930078349288,0.02706992165071198,1.7320507764816284,0.8075103808223704,0.19248961917762963,2.6457512378692627,0.5767940580844878,0.4232059419155122
survset:UnempDur,DeepHit,7,48,1617,2.0,1,1.0,0.9794789995899316,0.020521000410068435,1.7320507764816284,0.8577248340847585,0.14227516591524147,2.6457512378692627,0.46638324856758095,0.533616751432419
survset:UnempDur,DeepHit,7,48,208,2.0,0,1.0,0.9341623717817513,0.06583762821824868,1.7320507764816284,0.7158578100519524,0.28414218994804763,2.6457512378692627,0.48825067281723006,0.51174932718277
survset:UnempDur,DeepHit,7,48,2198,1.0,0,1.0,0.953333991995028,0.046666008004972004,1.7320507764816284,0.7313228701250057,0.26867712987499426,2.6457512378692627,0.49849122762680037,0.5015087723731997
survset:UnempDur,DeepHit,7,48,1942,2.2360680103302,0,1.0,0.9721670879952982,0.027832912004701837,1.7320507764816284,0.8342419306408536,0.1657580693591464,2.6457512378692627,0.5370033681392667,0.46299663186073325
survset:UnempDur,DeepHit,7,48,766,2.4494898319244385,1,1.0,0.9562301313705276,0.04376986862947241,1.7320507764816284,0.7920525163860576,0.20794748361394244,2.6457512378692627,0.5407589077949522,0.45924109220504783
survset:UnempDur,DeepHit,7,48,2253,1.0,1,1.0,0.9533794965416362,0.04662050345836377,1.7320507764816284,0.7732793361850144,0.22672066381498557,2.6457512378692627,0.5533148646354673,0.4466851353645327
survset:UnempDur,DeepHit,7,48,2637,3.605551242828369,1,1.0,0.9733572825423519,0.026642717457648124,1.7320507764816284,0.787599539659994,0.21240046034000604,2.6457512378692627,0.4789617657661437,0.5210382342338563
survset:UnempDur,DeepHit,7,48,2220,1.4142135381698608,1,1.0,0.9615361912888369,0.03846380871116306,1.7320507764816284,0.7511108252716324,0.24888917472836758,2.6457512378692627,0.4773654341697692,0.5226345658302308
survset:UnempDur,DeepHit,7,48,664,1.4142135381698608,0,1.0,0.966524199525808,0.033475800474191963,1.7320507764816284,0.7930471110718222,0.20695288892817776,2.6457512378692627,0.502040386199951,0.49795961380004905
survset:UnempDur,DeepHit,7,48,1924,1.7320507764816284,0,1.0,0.9707107286279205,0.029289271372079484,1.7320507764816284,0.8210569827580346,0.17894301724196537,2.6457512378692627,0.5385399162769317,0.46146008372306835
survset:UnempDur,DeepHit,7,48,623,3.0,1,1.0,0.9816083580656777,0.0183916419343223,1.7320507764816284,0.8465390581387731,0.15346094186122694,2.6457512378692627,0.49813860654830927,0.5018613934516907
survset:UnempDur,DeepHit,7,48,2823,3.7416574954986572,0,1.0,0.9437492323704058,0.056250767629594245,1.7320507764816284,0.6756327102027598,0.32436728979724017,2.6457512378692627,0.4395052790641783,0.5604947209358218
survset:UnempDur,DeepHit,7,48,1706,1.4142135381698608,0,1.0,0.9640596678877301,0.03594033211226988,1.7320507764816284,0.80480839886022,0.19519160113977996,2.6457512378692627,0.48055604100227334,0.5194439589977267
survset:UnempDur,DeepHit,7,48,3032,3.7416574954986572,1,1.0,0.9562757415619849,0.043724258438015084,1.7320507764816284,0.7710724859359942,0.2289275140640058,2.6457512378692627,0.5598543286323545,0.4401456713676455
survset:UnempDur,DeepHit,7,48,348,4.582575798034668,0,1.0,0.9580156570371834,0.04198434296281661,1.7320507764816284,0.7193084798933925,0.2806915201066075,2.6457512378692627,0.5076651275157926,0.4923348724842074
survset:UnempDur,DeepHit,7,48,1801,4.242640495300293,1,1.0,0.9359019672640421,0.06409803273595793,1.7320507764816284,0.729144034482804,0.27085596551719604,2.6457512378692627,0.4777056574821471,0.5222943425178529
survset:UnempDur,DeepHit,7,48,2267,3.872983455657959,1,1.0,0.9718289292599624,0.02817107074003755,1.7320507764816284,0.8175939492606188,0.1824060507393812,2.6457512378692627,0.5975480675697324,0.40245193243026756
survset:UnempDur,DeepHit,7,48,227,2.2360680103302,1,1.0,0.9539052227486559,0.04609477725134414,1.7320507764816284,0.7266068483824454,0.2733931516175546,2.6457512378692627,0.4707784354686736,0.5292215645313264
survset:UnempDur,DeepHit,7,48,13,1.0,1,1.0,0.9563097088343682,0.043690291165631834,1.7320507764816284,0.7078655572516029,0.29213444274839706,2.6457512378692627,0.4287916421890257,0.5712083578109743
survset:UnempDur,DeepHit,7,48,2600,3.316624879837036,0,1.0,0.9603221892394758,0.039677810760524235,1.7320507764816284,0.8271425751099252,0.17285742489007483,2.6457512378692627,0.5808513164520263,0.41914868354797374
survset:UnempDur,DeepHit,7,48,1813,1.7320507764816284,0,1.0,0.9508972529032843,0.04910274709671569,1.7320507764816284,0.7469359858270863,0.2530640141729137,2.6457512378692627,0.41766080260276783,0.5823391973972322
survset:UnempDur,DeepHit,7,48,937,4.690415859222412,0,1.0,0.9662558708410774,0.03374412915892255,1.7320507764816284,0.8509244605774426,0.14907553942255736,2.6457512378692627,0.5516782104969024,0.44832178950309765
survset:UnempDur,DeepHit,7,48,1382,2.2360680103302,1,1.0,0.9767133131452242,0.02328668685477575,1.7320507764816284,0.7330061503244955,0.26699384967550455,2.6457512378692627,0.4780125916004179,0.5219874083995821
survset:UnempDur,DeepHit,7,48,743,1.4142135381698608,1,1.0,0.9409669364935381,0.05903306350646187,1.7320507764816284,0.697422703613523,0.302577296386477,2.6457512378692627,0.43836691975593556,0.5616330802440644
survset:UnempDur,DeepHit,7,48,197,1.0,1,1.0,0.9508266102713808,0.04917338972861918,1.7320507764816284,0.7338491649586264,0.2661508350413736,2.6457512378692627,0.48955249786376936,0.5104475021362307
survset:UnempDur,DeepHit,7,48,1805,2.4494898319244385,1,1.0,0.982918094377119,0.017081905622881033,1.7320507764816284,0.784055040969853,0.215944959030147,2.6457512378692627,0.523581027984619,0.47641897201538097
survset:UnempDur,DeepHit,7,48,3027,1.0,1,1.0,0.9574192135541205,0.04258078644587948,1.7320507764816284,0.6932581202124243,0.3067418797875757,2.6457512378692627,0.4982031285762785,0.5017968714237215
survset:UnempDur,DeepHit,7,48,248,1.0,1,1.0,0.9313214943060029,0.06867850569399714,1.7320507764816284,0.6056179370342162,0.3943820629657838,2.6457512378692627,0.41413277387618996,0.58586722612381
survset:UnempDur,DeepHit,7,48,2841,1.7320507764816284,0,1.0,0.9678586170433522,0.03214138295664781,1.7320507764816284,0.7893892292417429,0.21061077075825707,2.6457512378692627,0.5152823626995084,0.48471763730049156
survset:UnempDur,DeepHit,7,48,3005,1.7320507764816284,1,1.0,0.9616910221399584,0.038308977860041615,1.7320507764816284,0.728006769955905,0.27199323004409504,2.6457512378692627,0.47946578264236434,0.5205342173576357
survset:UnempDur,DeepHit,7,48,827,3.7416574954986572,0,1.0,0.9763301126119786,0.02366988738802145,1.7320507764816284,0.8433166439644104,0.15668335603558958,2.6457512378692627,0.5241627693176268,0.47583723068237316
survset:UnempDur,DeepHit,7,48,3080,3.7416574954986572,1,1.0,0.9486754310692863,0.05132456893071369,1.7320507764816284,0.745731733848408,0.25426826615159204,2.6457512378692627,0.5110301375389097,0.4889698624610903
survset:UnempDur,DeepHit,7,48,1579,1.4142135381698608,1,1.0,0.9525221122983902,0.04747788770160977,1.7320507764816284,0.6994824579706733,0.3005175420293267,2.6457512378692627,0.40923407673835743,0.5907659232616426
survset:UnempDur,DeepHit,7,48,1995,1.0,1,1.0,0.9675076557961154,0.03249234420388458,1.7320507764816284,0.8091360825990185,0.19086391740098152,2.6457512378692627,0.5140729546546934,0.4859270453453066
survset:UnempDur,DeepHit,7,48,1848,1.0,1,1.0,0.9458649973334606,0.05413500266653937,1.7320507764816284,0.6656173578778019,0.33438264212219815,2.6457512378692627,0.3893575072288512,0.6106424927711488
survset:UnempDur,DeepHit,7,48,506,2.2360680103302,1,1.0,0.9646719070498688,0.035328092950131174,1.7320507764816284,0.7994652689086107,0.2005347310913893,2.6457512378692627,0.521966516971588,0.478033483028412
survset:UnempDur,DeepHit,7,48,567,1.7320507764816284,0,1.0,0.9686346545822014,0.03136534541779856,1.7320507764816284,0.8180750735848972,0.18192492641510283,2.6457512378692627,0.5104454755783079,0.4895545244216921
survset:UnempDur,DeepHit,7,48,1537,5.099019527435303,0,1.0,0.9752033543355167,0.024796645664483252,1.7320507764816284,0.8093975363680761,0.1906024636319239,2.6457512378692627,0.5164359509944914,0.48356404900550864
survset:UnempDur,DeepHit,7,48,1540,1.7320507764816284,0,1.0,0.9410443750721329,0.0589556249278671,1.7320507764816284,0.7189676267542073,0.28103237324579267,2.6457512378692627,0.5015456378459929,0.49845436215400707
survset:UnempDur,DeepHit,7,48,365,1.0,1,1.0,0.9769937021879951,0.023006297812004917,1.7320507764816284,0.8277487261528435,0.17225127384715655,2.6457512378692627,0.4839358329772947,0.5160641670227053
survset:UnempDur,DeepHit,7,48,259,4.795831680297852,0,1.0,0.9704634242192162,0.029536575780783836,1.7320507764816284,0.8286422008139562,0.17135779918604377,2.6457512378692627,0.5294824242591857,0.4705175757408143
survset:UnempDur,DeepHit,7,48,243,4.582575798034668,0,1.0,0.9704505760648534,0.02954942393514659,1.7320507764816284,0.8562054000226497,0.14379459997735033,2.6457512378692627,0.4691523313522337,0.5308476686477663
survset:UnempDur,DeepHit,7,48,1951,2.6457512378692627,0,1.0,0.9796583548843972,0.02034164511560277,1.7320507764816284,0.8376711549672712,0.16232884503272882,2.6457512378692627,0.5204558372497557,0.47954416275024425
survset:UnempDur,DeepHit,7,48,1569,3.1622776985168457,0,1.0,0.9764138579124041,0.023586142087595907,1.7320507764816284,0.8420632090780651,0.1579367909219349,2.6457512378692627,0.5351263284683226,0.46487367153167736
survset:UnempDur,DeepHit,7,48,1597,2.4494898319244385,0,1.0,0.949760284341781,0.05023971565821905,1.7320507764816284,0.6713557223865831,0.32864427761341686,2.6457512378692627,0.43341270089149453,0.5665872991085055
survset:UnempDur,DeepHit,7,48,347,1.4142135381698608,0,1.0,0.9581353455094518,0.041864654490548214,1.7320507764816284,0.7267264445245014,0.2732735554754986,2.6457512378692627,0.5148578584194182,0.4851421415805818
survset:UnempDur,DeepHit,7,48,1204,4.123105525970459,0,1.0,0.9857335854131677,0.01426641458683231,1.7320507764816284,0.8322675528294762,0.16773244717052382,2.6457512378692627,0.5876783132553098,0.41232168674469016
survset:UnempDur,DeepHit,7,48,2424,1.4142135381698608,1,1.0,0.9818801402410134,0.018119859758986556,1.7320507764816284,0.7855046238765958,0.2144953761234042,2.6457512378692627,0.5584994554519652,0.4415005445480348
survset:UnempDur,DeepHit,7,48,909,1.4142135381698608,0,1.0,0.9637208618028595,0.03627913819714046,1.7320507764816284,0.8053437186104477,0.19465628138955227,2.6457512378692627,0.5045575797557829,0.49544242024421714
survset:UnempDur,DeepHit,7,48,1596,3.605551242828369,1,1.0,0.965987105397395,0.03401289460260504,1.7320507764816284,0.8036199948910377,0.19638000510896225,2.6457512378692627,0.5590381026268003,0.4409618973731997
survset:UnempDur,DeepHit,7,48,674,3.872983455657959,1,1.0,0.9577626657816118,0.042237334218388156,1.7320507764816284,0.84042324366902,0.15957675633098,2.6457512378692627,0.4739596247673033,0.5260403752326968
survset:UnempDur,DeepHit,7,48,1498,1.4142135381698608,1,1.0,0.9521408705371417,0.04785912946285831,1.7320507764816284,0.7142159833404234,0.28578401665957665,2.6457512378692627,0.4577653110027312,0.5422346889972688
survset:UnempDur,DeepHit,7,48,2325,2.6457512378692627,1,1.0,0.9408749761705397,0.05912502382946028,1.7320507764816284,0.6948085636558348,0.30519143634416523,2.6457512378692627,0.46226724982261636,0.5377327501773836
survset:UnempDur,DeepHit,7,48,427,2.4494898319244385,1,1.0,0.9777757011199699,0.02222429888003008,1.7320507764816284,0.7795175270739637,0.2204824729260363,2.6457512378692627,0.4941272139549254,0.5058727860450746
survset:UnempDur,DeepHit,7,48,2901,1.4142135381698608,1,1.0,0.9423857918888157,0.05761420811118434,1.7320507764816284,0.7271638796296938,0.27283612037030625,2.6457512378692627,0.5387012362480162,0.46129876375198375
survset:UnempDur,DeepHit,7,48,2753,1.0,1,1.0,0.958805707373454,0.04119429262654595,1.7320507764816284,0.7421921087533774,0.2578078912466226,2.6457512378692627,0.4972496926784513,0.5027503073215487
survset:UnempDur,DeepHit,7,48,2774,1.4142135381698608,1,1.0,0.9636974950984142,0.03630250490158582,1.7320507764816284,0.7892966266874661,0.21070337331253386,2.6457512378692627,0.5089487731456755,0.49105122685432445
survset:UnempDur,DeepHit,7,48,1083,2.2360680103302,0,1.0,0.9743280534444944,0.025671946555505643,1.7320507764816284,0.8016225879076553,0.19837741209234472,2.6457512378692627,0.4581977427005766,0.5418022572994234
survset:UnempDur,DeepHit,7,48,1050,2.6457512378692627,0,1.0,0.9583691650387144,0.04163083496128561,1.7320507764816284,0.7932182741125766,0.20678172588742338,2.6457512378692627,0.5315485894680021,0.4684514105319979
survset:UnempDur,DeepHit,7,48,2201,5.099019527435303,0,1.0,0.9695649271317098,0.03043507286829017,1.7320507764816284,0.8069133085941105,0.19308669140588952,2.6457512378692627,0.5159845650196073,0.4840154349803927
survset:UnempDur,DeepHit,7,48,1789,1.7320507764816284,0,1.0,0.9688545166322455,0.031145483367754467,1.7320507764816284,0.8005124330975503,0.19948756690244973,2.6457512378692627,0.4706416726112364,0.5293583273887636
survset:UnempDur,DeepHit,7,48,2230,1.0,1,1.0,0.9424161861261414,0.05758381387385858,1.7320507764816284,0.6622782685158146,0.3377217314841854,2.6457512378692627,0.4225891530513762,0.5774108469486239
survset:UnempDur,DeepHit,7,48,362,2.2360680103302,0,1.0,0.9580085400293016,0.04199145997069842,1.7320507764816284,0.7220017889937401,0.2779982110062599,2.6457512378692627,0.5163201391696929,0.4836798608303071
survset:UnempDur,DeepHit,7,48,1654,1.0,1,1.0,0.9523541197477406,0.047645880252259354,1.7320507764816284,0.689621974584837,0.310378025415163,2.6457512378692627,0.4200527071952818,0.5799472928047182
survset:UnempDur,DeepHit,7,48,2150,1.7320507764816284,1,1.0,0.9414846772766319,0.058515322723368124,1.7320507764816284,0.7075546816350647,0.29244531836493526,2.6457512378692627,0.4434997439384459,0.5565002560615542
survset:UnempDur,DeepHit,7,48,3066,3.0,0,1.0,0.9666095035318308,0.03339049646816916,1.7320507764816284,0.8249141344430089,0.17508586555699113,2.6457512378692627,0.524660289287567,0.475339710712433
survset:UnempDur,DeepHit,7,48,983,3.0,1,1.0,0.9836449189770906,0.01635508102290939,1.7320507764816284,0.8652492803470156,0.13475071965298435,2.6457512378692627,0.4838972091674804,0.5161027908325195
survset:UnempDur,DeepHit,7,48,2436,2.8284270763397217,0,1.0,0.953027851772916,0.046972148227083954,1.7320507764816284,0.7310406638073175,0.26895933619268253,2.6457512378692627,0.44382441043853743,0.5561755895614626
survset:UnempDur,DeepHit,7,48,164,3.0,0,1.0,0.9625729211944107,0.037427078805589264,1.7320507764816284,0.780420481997639,0.21957951800236097,2.6457512378692627,0.4926666617393492,0.5073333382606509
survset:UnempDur,DeepHit,7,48,1488,4.123105525970459,1,1.0,0.9477605827148294,0.052239417285170564,1.7320507764816284,0.6874341692473628,0.3125658307526372,2.6457512378692627,0.43730631470680215,0.5626936852931979
survset:UnempDur,DeepHit,7,48,1491,2.2360680103302,0,1.0,0.969302097310213,0.030697902689787004,1.7320507764816284,0.7955048397106093,0.20449516028939074,2.6457512378692627,0.49743488430976845,0.5025651156902315
survset:UnempDur,DeepHit,7,48,3010,2.4494898319244385,1,1.0,0.9518990539042609,0.04810094609573912,1.7320507764816284,0.6829556585067965,0.3170443414932035,2.6457512378692627,0.42628210783004744,0.5737178921699526
survset:UnempDur,DeepHit,7,48,1593,2.2360680103302,0,1.0,0.9607723349136753,0.03922766508632469,1.7320507764816284,0.7219677769105166,0.2780322230894834,2.6457512378692627,0.43227198719978316,0.5677280128002169
survset:UnempDur,DeepHit,7,48,1817,1.4142135381698608,1,1.0,0.9724212575725121,0.027578742427487923,1.7320507764816284,0.8029107065536026,0.19708929344639736,2.6457512378692627,0.5099931657314298,0.49000683426857017
survset:UnempDur,DeepHit,7,48,4,3.0,1,1.0,0.9615144356172883,0.03848556438271167,1.7320507764816284,0.8241003811996376,0.17589961880036242,2.6457512378692627,0.4873947203159331,0.5126052796840669
survset:UnempDur,DeepHit,7,48,1440,1.7320507764816284,1,1.0,0.9545341923971168,0.04546580760288321,1.7320507764816284,0.7111382676366341,0.2888617323633659,2.6457512378692627,0.4898272156715391,0.5101727843284609
survset:UnempDur,DeepHit,7,48,693,2.8284270763397217,1,1.0,0.9228078963034171,0.07719210369658291,1.7320507764816284,0.6976518916975333,0.3023481083024667,2.6457512378692627,0.4998397231101989,0.500160276889801
survset:UnempDur,DeepHit,7,48,2509,2.0,0,1.0,0.946415725502072,0.05358427449792802,1.7320507764816284,0.7092683876666964,0.2907316123333036,2.6457512378692627,0.4485278129577635,0.5514721870422366
survset:UnempDur,DeepHit,7,48,2475,1.4142135381698608,0,1.0,0.9411252911938328,0.058874708806167186,1.7320507764816284,0.7443701009452424,0.25562989905475764,2.6457512378692627,0.5138862133026122,0.4861137866973878
survset:UnempDur,DeepHit,7,48,301,3.1622776985168457,0,1.0,0.9485750863351325,0.051424913664867455,1.7320507764816284,0.6914439261851324,0.3085560738148676,2.6457512378692627,0.46414506435394265,0.5358549356460574
survset:UnempDur,DeepHit,7,48,2745,3.316624879837036,1,1.0,0.968393273193342,0.03160672680665799,1.7320507764816284,0.7882486737752427,0.21175132622475734,2.6457512378692627,0.4859889447689055,0.5140110552310946
survset:UnempDur,DeepHit,7,48,2985,1.7320507764816284,1,1.0,0.9258775227085164,0.07412247729148358,1.7320507764816284,0.7075609496214753,0.2924390503785247,2.6457512378692627,0.4799762368202208,0.5200237631797793
survset:UnempDur,DeepHit,7,48,153,2.6457512378692627,0,1.0,0.9693268192690105,0.030673180730989458,1.7320507764816284,0.8130122287892323,0.1869877712107677,2.6457512378692627,0.46467724442481984,0.5353227555751802
survset:UnempDur,DeepHit,7,48,2643,2.6457512378692627,0,1.0,0.976310065268938,0.023689934731061957,1.7320507764816284,0.7617477440992769,0.23825225590072308,2.6457512378692627,0.5044779181480407,0.49552208185195934
survset:UnempDur,DeepHit,7,48,901,1.0,1,1.0,0.9770408789441067,0.02295912105589326,1.7320507764816284,0.8816310462156565,0.11836895378434353,2.6457512378692627,0.47927328944206227,0.5207267105579377
survset:UnempDur,DeepHit,7,48,922,1.4142135381698608,1,1.0,0.9605123069403829,0.03948769305961708,1.7320507764816284,0.7408204772206605,0.25917952277933953,2.6457512378692627,0.4960666000843047,0.5039333999156953
survset:UnempDur,DeepHit,7,48,1955,2.0,1,1.0,0.9783696249366749,0.021630375063325102,1.7320507764816284,0.8689425840868786,0.13105741591312137,2.6457512378692627,0.5839675664901732,0.41603243350982677
survset:UnempDur,DeepHit,7,48,2857,1.7320507764816284,1,1.0,0.9585491272371454,0.04145087276285464,1.7320507764816284,0.8189799806100704,0.18102001938992962,2.6457512378692627,0.5824739038944242,0.4175260961055758
survset:UnempDur,DeepHit,7,48,291,1.0,1,1.0,0.9496050122709703,0.05039498772902973,1.7320507764816284,0.7345297273792014,0.2654702726207986,2.6457512378692627,0.49330455064773543,0.5066954493522646
survset:UnempDur,DeepHit,7,48,306,3.0,1,1.0,0.9589898081141851,0.041010191885814895,1.7320507764816284,0.7140120560608021,0.2859879439391979,2.6457512378692627,0.46910598874092085,0.5308940112590792
survset:UnempDur,DeepHit,7,48,2412,2.4494898319244385,0,1.0,0.9632729219941352,0.03672707800586483,1.7320507764816284,0.8066919293218722,0.19330807067812783,2.6457512378692627,0.5170452892780302,0.4829547107219698
survset:UnempDur,DeepHit,7,48,3015,2.2360680103302,1,1.0,0.9479340325111318,0.05206596748886816,1.7320507764816284,0.7147833127826052,0.2852166872173948,2.6457512378692627,0.4962388575077055,0.5037611424922945
survset:UnempDur,DeepHit,7,48,487,3.1622776985168457,1,1.0,0.9708258818663258,0.02917411813367421,1.7320507764816284,0.809145562699277,0.19085443730072305,2.6457512378692627,0.5295764803886411,0.47042351961135886
survset:UnempDur,DeepHit,7,48,1432,2.4494898319244385,0,1.0,0.9635784237259616,0.036421576274038414,1.7320507764816284,0.7720223464460018,0.22797765355399824,2.6457512378692627,0.5306842923164367,0.46931570768356334
survset:UnempDur,DeepHit,7,48,1966,3.0,0,1.0,0.9683211391019824,0.031678860898017636,1.7320507764816284,0.8385896727169608,0.16141032728303917,2.6457512378692627,0.6078556180000304,0.3921443819999696
survset:UnempDur,DeepHit,7,48,3098,3.464101552963257,1,1.0,0.9845413095629828,0.015458690437017197,1.7320507764816284,0.7673540313322972,0.23264596866770282,2.6457512378692627,0.48851373791694636,0.5114862620830536
survset:UnempDur,DeepHit,7,48,2372,1.7320507764816284,1,1.0,0.974003234501006,0.02599676549899399,1.7320507764816284,0.7648183924842881,0.23518160751571193,2.6457512378692627,0.48821273446083063,0.5117872655391693
survset:UnempDur,DeepHit,7,48,951,3.7416574954986572,0,1.0,0.9762322040876037,0.023767795912396306,1.7320507764816284,0.8163059281537471,0.18369407184625286,2.6457512378692627,0.49326545000076283,0.5067345499992372
survset:UnempDur,DeepHit,7,48,626,4.690415859222412,0,1.0,0.9814283872260252,0.01857161277397479,1.7320507764816284,0.8385203495327762,0.1614796504672238,2.6457512378692627,0.5497291982173919,0.45027080178260814
survset:UnempDur,DeepHit,7,48,2054,1.0,1,1.0,0.9452423321873009,0.054757667812699085,1.7320507764816284,0.7062716669032545,0.2937283330967455,2.6457512378692627,0.4567539393901823,0.5432460606098177
survset:UnempDur,DeepHit,7,48,1591,1.7320507764816284,1,1.0,0.9446687484180848,0.05533125158191521,1.7320507764816284,0.7162429688344137,0.28375703116558626,2.6457512378692627,0.47251254320144637,0.5274874567985537
survset:UnempDur,DeepHit,7,48,1954,2.2360680103302,0,1.0,0.9548453774223544,0.045154622577645576,1.7320507764816284,0.735219613878472,0.264780386121528,2.6457512378692627,0.5274272859096525,0.4725727140903475
survset:UnempDur,DeepHit,7,48,1191,1.0,1,1.0,0.9357188229151906,0.0642811770848094,1.7320507764816284,0.6418247881058369,0.3581752118941631,2.6457512378692627,0.4197696149349211,0.580230385065079
survset:UnempDur,DeepHit,7,48,2442,3.0,0,1.0,0.9473470185882821,0.052652981411717925,1.7320507764816284,0.7290329624040743,0.27096703759592566,2.6457512378692627,0.4317815005779264,0.5682184994220736
survset:UnempDur,DeepHit,7,48,2545,2.0,1,1.0,0.9668276369248259,0.03317236307517413,1.7320507764816284,0.8108633803894517,0.18913661961054828,2.6457512378692627,0.566105782985687,0.43389421701431297
survset:UnempDur,DeepHit,7,48,2184,2.6457512378692627,1,1.0,0.9814219816298267,0.018578018370173255,1.7320507764816284,0.8591340955999425,0.14086590440005753,2.6457512378692627,0.49771866202354426,0.5022813379764557
survset:UnempDur,DeepHit,7,48,770,2.0,0,1.0,0.9609846164006163,0.039015383599383724,1.7320507764816284,0.7880861568110109,0.2119138431889891,2.6457512378692627,0.5496228635311124,0.45037713646888755
survset:UnempDur,DeepHit,7,48,2272,1.0,1,1.0,0.9533018494304977,0.04669815056950233,1.7320507764816284,0.7319683035819695,0.2680316964180305,2.6457512378692627,0.4883522391319274,0.5116477608680726
survset:UnempDur,DeepHit,7,48,2459,4.242640495300293,1,1.0,0.9745161299082302,0.025483870091769778,1.7320507764816284,0.8043568590105539,0.19564314098944613,2.6457512378692627,0.5464178919792175,0.45358210802078247
survset:UnempDur,DeepHit,7,48,455,2.2360680103302,1,1.0,0.9687249755316851,0.03127502446831487,1.7320507764816284,0.8532005527672104,0.1467994472327896,2.6457512378692627,0.5278638303279876,0.47213616967201244
survset:UnempDur,DeepHit,7,48,359,3.316624879837036,0,1.0,0.9611694591040095,0.03883054089599047,1.7320507764816284,0.7826779723953816,0.21732202760461838,2.6457512378692627,0.5312685370445249,0.4687314629554751
survset:UnempDur,DeepHit,7,48,272,3.0,1,1.0,0.9462703585544556,0.053729641445544374,1.7320507764816284,0.6736259690128575,0.32637403098714246,2.6457512378692627,0.4298989176750182,0.5701010823249818
survset:UnempDur,DeepHit,7,48,2350,2.8284270763397217,0,1.0,0.9736010595409772,0.0263989404590228,1.7320507764816284,0.8239319903682953,0.17606800963170466,2.6457512378692627,0.5249682664871214,0.47503173351287864
survset:UnempDur,DeepHit,7,48,936,4.123105525970459,1,1.0,0.9758974085609082,0.02410259143909177,1.7320507764816284,0.7770568417658009,0.22294315823419908,2.6457512378692627,0.4896563887596128,0.5103436112403872
survset:UnempDur,DeepHit,7,48,1978,4.0,1,1.0,0.943412907078973,0.05658709292102704,1.7320507764816284,0.6927641592243475,0.30723584077565247,2.6457512378692627,0.43654549121856673,0.5634545087814333
survset:UnempDur,DeepHit,7,48,1648,2.0,1,1.0,0.9539852343626304,0.046014765637369615,1.7320507764816284,0.684105367284234,0.315894632715766,2.6457512378692627,0.44489708542823775,0.5551029145717623
survset:UnempDur,DeepHit,7,48,1786,5.196152210235596,0,1.0,0.9571431942266433,0.04285680577335671,1.7320507764816284,0.7226264665833712,0.27737353341662885,2.6457512378692627,0.4667862355709075,0.5332137644290925
survset:UnempDur,DeepHit,7,48,2878,3.1622776985168457,0,1.0,0.9578231864189757,0.04217681358102432,1.7320507764816284,0.6934499609133389,0.3065500390866611,2.6457512378692627,0.4835374653339385,0.5164625346660615
survset:UnempDur,DeepHit,7,48,2486,3.7416574954986572,0,1.0,0.9665919080146731,0.033408091985326904,1.7320507764816284,0.793364653706952,0.20663534629304803,2.6457512378692627,0.5035101473331449,0.4964898526668551
survset:UnempDur,DeepHit,7,48,853,1.4142135381698608,1,1.0,0.9485535517240721,0.051446448275927925,1.7320507764816284,0.6835806982570772,0.31641930174292277,2.6457512378692627,0.40352013707160933,0.5964798629283907
survset:UnempDur,DeepHit,7,48,1959,3.7416574954986572,1,1.0,0.960742641352753,0.039257358647247,1.7320507764816284,0.7980255272618332,0.20197447273816682,2.6457512378692627,0.5203697085380552,0.4796302914619448
survset:UnempDur,DeepHit,7,48,1111,2.2360680103302,0,1.0,0.964840876129386,0.03515912387061404,1.7320507764816284,0.7899769344334161,0.2100230655665839,2.6457512378692627,0.5215381681919096,0.47846183180809043
survset:UnempDur,DeepHit,7,48,341,2.2360680103302,1,1.0,0.954841203543816,0.045158796456184036,1.7320507764816284,0.7796966450332438,0.22030335496675624,2.6457512378692627,0.5507468283176421,0.4492531716823579
survset:UnempDur,DeepHit,7,48,1678,2.6457512378692627,1,1.0,0.9553520469580981,0.044647953041901944,1.7320507764816284,0.7120436755213482,0.2879563244786518,2.6457512378692627,0.4773808419704436,0.5226191580295564
survset:UnempDur,DeepHit,7,48,264,3.1622776985168457,0,1.0,0.9722201222144036,0.02777987778559643,1.7320507764816284,0.8069167960165858,0.19308320398341416,2.6457512378692627,0.5105616450309751,0.4894383549690249
survset:UnempDur,DeepHit,7,48,2502,3.872983455657959,1,1.0,0.9579728477366701,0.04202715226332987,1.7320507764816284,0.7114805755029254,0.2885194244970746,2.6457512378692627,0.4487172663211821,0.551282733678818
survset:UnempDur,DeepHit,7,48,1886,1.4142135381698608,1,1.0,0.9720390648192054,0.027960935180794566,1.7320507764816284,0.8308093073285069,0.16919069267149311,2.6457512378692627,0.5125776231288908,0.48742237687110923
survset:UnempDur,DeepHit,7,48,2470,1.7320507764816284,0,1.0,0.9575790419579947,0.0424209580420053,1.7320507764816284,0.7445058711254263,0.2554941288745737,2.6457512378692627,0.4832482337951659,0.5167517662048341
survset:UnempDur,DeepHit,7,48,1115,2.6457512378692627,0,1.0,0.9722886520984297,0.02771134790157026,1.7320507764816284,0.8429768698513203,0.15702313014867975,2.6457512378692627,0.5589987635612486,0.44100123643875144
survset:UnempDur,DeepHit,7,48,2579,2.0,0,1.0,0.9699507921845086,0.030049207815491363,1.7320507764816284,0.8036767922241829,0.19632320777581713,2.6457512378692627,0.4804587960243223,0.5195412039756777
survset:UnempDur,DeepHit,7,48,2235,1.0,1,1.0,0.9503412162615843,0.0496587837384157,1.7320507764816284,0.7055928733775965,0.29440712662240354,2.6457512378692627,0.4666749536991119,0.5333250463008881
survset:UnempDur,DeepHit,7,48,805,2.6457512378692627,0,1.0,0.9815571328256281,0.018442867174371935,1.7320507764816284,0.7530134099954291,0.2469865900045709,2.6457512378692627,0.4858658611774444,0.5141341388225555
survset:UnempDur,DeepHit,7,48,3040,1.0,1,1.0,0.9429171320182914,0.057082867981708585,1.7320507764816284,0.6695415706583445,0.3304584293416555,2.6457512378692627,0.3980174958705901,0.6019825041294099
survset:UnempDur,DeepHit,7,48,2038,1.7320507764816284,1,1.0,0.9486973189413506,0.051302681058649435,1.7320507764816284,0.6482074954154594,0.3517925045845406,2.6457512378692627,0.43434876203536976,0.5656512379646302
survset:UnempDur,DeepHit,7,48,1409,2.0,1,1.0,0.9487553591705473,0.05124464082945268,1.7320507764816284,0.6434336797689058,0.35656632023109425,2.6457512378692627,0.43875467777252175,0.5612453222274782
survset:UnempDur,DeepHit,7,48,533,1.0,1,1.0,0.9568477555455089,0.04315224445449106,1.7320507764816284,0.701218073241269,0.29878192675873105,2.6457512378692627,0.4322400093078611,0.5677599906921389
survset:UnempDur,DeepHit,7,48,3121,1.7320507764816284,1,1.0,0.9419951174713199,0.05800488252868008,1.7320507764816284,0.6825313542318845,0.3174686457681155,2.6457512378692627,0.4502518773078916,0.5497481226921084
survset:UnempDur,DeepHit,7,48,2802,1.4142135381698608,1,1.0,0.9604419074034816,0.039558092596518435,1.7320507764816284,0.7233795629301142,0.2766204370698858,2.6457512378692627,0.44111528992652876,0.5588847100734713
survset:UnempDur,DeepHit,7,48,2257,2.0,1,1.0,0.9596423170750412,0.04035768292495878,1.7320507764816284,0.7108411816005965,0.2891588183994035,2.6457512378692627,0.4808125495910643,0.5191874504089358
survset:UnempDur,DeepHit,7,48,2807,1.7320507764816284,0,1.0,0.9818206730954355,0.018179326904564475,1.7320507764816284,0.7482313906396105,0.2517686093603895,2.6457512378692627,0.4876375496387481,0.5123624503612518
survset:UnempDur,DeepHit,7,48,1496,1.7320507764816284,1,1.0,0.9614139278399464,0.03858607216005361,1.7320507764816284,0.791236900988807,0.20876309901119305,2.6457512378692627,0.5119003653526304,0.4880996346473696
survset:UnempDur,DeepHit,7,48,2682,2.0,0,1.0,0.969260645991874,0.030739354008125996,1.7320507764816284,0.8009999692120647,0.19900003078793527,2.6457512378692627,0.5099917054176328,0.49000829458236717
survset:UnempDur,DeepHit,7,48,629,2.4494898319244385,0,1.0,0.9497061496802403,0.05029385031975975,1.7320507764816284,0.747868311631312,0.25213168836868805,2.6457512378692627,0.49531015753746027,0.5046898424625397
survset:UnempDur,DeepHit,7,48,3087,1.7320507764816284,0,1.0,0.9623943952440875,0.03760560475591246,1.7320507764816284,0.8059005954594302,0.19409940454056984,2.6457512378692627,0.5288181006908416,0.47118189930915844
survset:UnempDur,DeepHit,7,48,870,2.2360680103302,1,1.0,0.9687329807191879,0.0312670192808121,1.7320507764816284,0.7705271265408851,0.22947287345911493,2.6457512378692627,0.4746563136577605,0.5253436863422395
survset:UnempDur,DeepHit,7,48,218,1.0,1,1.0,0.9744818380561079,0.025518161943892115,1.7320507764816284,0.8229121966313799,0.17708780336862007,2.6457512378692627,0.5190294981002807,0.48097050189971935
survset:UnempDur,DeepHit,7,48,1947,2.2360680103302,0,1.0,0.9577807932535218,0.042219206746478166,1.7320507764816284,0.7114871291854851,0.28851287081451493,2.6457512378692627,0.5045884251594542,0.49541157484054577
survset:UnempDur,DeepHit,7,48,2830,2.4494898319244385,1,1.0,0.9435781229955796,0.05642187700442036,1.7320507764816284,0.7090001068957287,0.2909998931042713,2.6457512378692627,0.4621794521808622,0.5378205478191378
survset:UnempDur,DeepHit,7,48,2386,1.0,1,1.0,0.9465542574592406,0.0534457425407594,1.7320507764816284,0.6897684284736146,0.31023157152638536,2.6457512378692627,0.45266154408454873,0.5473384559154513
survset:UnempDur,DeepHit,7,48,1960,1.0,1,1.0,0.9482152988177982,0.0517847011822018,1.7320507764816284,0.6670997235894086,0.3329002764105914,2.6457512378692627,0.44784659147262557,0.5521534085273745
survset:UnempDur,DeepHit,7,48,517,2.2360680103302,1,1.0,0.9668094088258081,0.033190591174191875,1.7320507764816284,0.8022878088383231,0.19771219116167693,2.6457512378692627,0.5205046534538268,0.4794953465461732
survset:UnempDur,DeepHit,7,48,422,1.4142135381698608,1,1.0,0.9484143106680634,0.051585689331936635,1.7320507764816284,0.6700140262526482,0.32998597374735184,2.6457512378692627,0.42793652415275557,0.5720634758472445
survset:UnempDur,DeepHit,7,48,19,2.6457512378692627,0,1.0,0.9656498296116477,0.03435017038835231,1.7320507764816284,0.8057177378216667,0.19428226217833333,2.6457512378692627,0.5437314510345457,0.4562685489654543
survset:UnempDur,DeepHit,7,48,1937,1.0,1,1.0,0.9526587462899906,0.04734125371000941,1.7320507764816284,0.7079289163193585,0.2920710836806415,2.6457512378692627,0.40504860877990706,0.594951391220093
survset:UnempDur,DeepHit,7,48,1101,2.6457512378692627,0,1.0,0.9710103401443778,0.028989659855622185,1.7320507764816284,0.8030710595237227,0.1969289404762773,2.6457512378692627,0.4657320678234099,0.5342679321765901
survset:UnempDur,DeepHit,7,48,889,4.0,0,1.0,0.9718329398047794,0.02816706019522064,1.7320507764816284,0.8166639856464756,0.18333601435352442,2.6457512378692627,0.5151343941688535,0.48486560583114646
survset:UnempDur,DeepHit,7,48,2178,3.7416574954986572,1,1.0,0.9545301671879509,0.04546983281204908,1.7320507764816284,0.7031348254853935,0.2968651745146065,2.6457512378692627,0.45935758948326094,0.5406424105167391
survset:UnempDur,DeepHit,7,48,1307,4.123105525970459,0,1.0,0.9745713040144228,0.025428695985577177,1.7320507764816284,0.8348647432088352,0.1651352567911648,2.6457512378692627,0.5408727526664732,0.45912724733352683
survset:UnempDur,DeepHit,7,48,2916,1.0,1,1.0,0.9332337008271921,0.06676629917280785,1.7320507764816284,0.6579892980470466,0.34201070195295336,2.6457512378692627,0.42509093880653365,0.5749090611934664
survset:UnempDur,DeepHit,7,48,2358,4.4721360206604,0,1.0,0.9785765321446728,0.021423467855327227,1.7320507764816284,0.8730870248509927,0.12691297514900735,2.6457512378692627,0.6013685464859008,0.39863145351409923
survset:UnempDur,DeepHit,7,48,955,1.0,1,1.0,0.9502033691830882,0.04979663081691177,1.7320507764816284,0.7450943504520274,0.25490564954797257,2.6457512378692627,0.4715528190135955,0.5284471809864044
survset:UnempDur,DeepHit,7,48,1525,1.4142135381698608,1,1.0,0.9514127193093717,0.04858728069062834,1.7320507764816284,0.6978234484726676,0.30217655152733236,2.6457512378692627,0.4405918121337889,0.5594081878662112
survset:UnempDur,DeepHit,7,48,2070,1.7320507764816284,0,1.0,0.9559919146803938,0.044008085319606205,1.7320507764816284,0.7423513051904058,0.2576486948095942,2.6457512378692627,0.4675751030445098,0.5324248969554902
survset:UnempDur,DeepHit,7,48,2009,2.8284270763397217,1,1.0,0.974951010352962,0.025048989647037945,1.7320507764816284,0.7203293879656337,0.2796706120343663,2.6457512378692627,0.4822313487529754,0.5177686512470245
survset:UnempDur,DeepHit,7,48,2752,1.4142135381698608,1,1.0,0.9435697056788519,0.0564302943211481,1.7320507764816284,0.6635964486550989,0.3364035513449011,2.6457512378692627,0.41960644721984847,0.5803935527801516
survset:UnempDur,DeepHit,7,48,490,2.4494898319244385,1,1.0,0.9535908350311773,0.04640916496882275,1.7320507764816284,0.7184674367138316,0.2815325632861684,2.6457512378692627,0.47288244962692244,0.5271175503730776
survset:UnempDur,DeepHit,7,48,1396,1.7320507764816284,1,1.0,0.9508772126779034,0.04912278732209663,1.7320507764816284,0.6902187053021936,0.30978129469780635,2.6457512378692627,0.4718188643455504,0.5281811356544496
survset:UnempDur,DeepHit,7,48,124,2.6457512378692627,1,1.0,0.9753242488813298,0.024675751118670153,1.7320507764816284,0.7839106809743747,0.21608931902562534,2.6457512378692627,0.4996237754821776,0.5003762245178224
survset:UnempDur,DeepHit,7,48,2992,4.242640495300293,1,1.0,0.9349098258018254,0.06509017419817464,1.7320507764816284,0.6473325247383067,0.3526674752616933,2.6457512378692627,0.46560347080230696,0.5343965291976931
survset:UnempDur,DeepHit,7,48,2124,2.0,0,1.0,0.9787026805146659,0.021297319485334087,1.7320507764816284,0.7882593740822761,0.2117406259177239,2.6457512378692627,0.46557942032814015,0.5344205796718599
survset:UnempDur,DeepHit,7,48,769,1.7320507764816284,0,1.0,0.9728083977488549,0.02719160225114514,1.7320507764816284,0.7779993610986198,0.22200063890138022,2.6457512378692627,0.5349537432193754,0.4650462567806246
survset:UnempDur,DeepHit,7,48,1583,2.6457512378692627,1,1.0,0.9724079526314007,0.027592047368599326,1.7320507764816284,0.8371541788491267,0.16284582115087332,2.6457512378692627,0.4895467460155486,0.5104532539844514
survset:UnempDur,DeepHit,7,48,2892,2.2360680103302,1,1.0,0.978327128682579,0.021672871317421016,1.7320507764816284,0.8008079340154987,0.19919206598450134,2.6457512378692627,0.49011972546577437,0.5098802745342257
survset:UnempDur,DeepHit,7,48,265,2.2360680103302,1,1.0,0.9742646487408648,0.025735351259135175,1.7320507764816284,0.8397034783558841,0.1602965216441159,2.6457512378692627,0.5223310291767119,0.4776689708232881
survset:UnempDur,DeepHit,7,48,2589,2.2360680103302,0,1.0,0.9611890751319205,0.038810924868079466,1.7320507764816284,0.7921421648754662,0.20785783512453382,2.6457512378692627,0.5191912055015562,0.4808087944984438
survset:UnempDur,DeepHit,7,48,1448,1.4142135381698608,0,1.0,0.9699599017217732,0.030040098278226846,1.7320507764816284,0.8177313752804337,0.18226862471956629,2.6457512378692627,0.5097816586494444,0.49021834135055564
survset:UnempDur,DeepHit,7,48,2585,1.7320507764816284,0,1.0,0.9654558626062584,0.034544137393741625,1.7320507764816284,0.7875241581509107,0.2124758418490893,2.6457512378692627,0.5121874511241911,0.48781254887580894
survset:UnempDur,DeepHit,7,48,1480,3.464101552963257,0,1.0,0.9669840079571732,0.03301599204282679,1.7320507764816284,0.7942752580977365,0.20572474190226353,2.6457512378692627,0.5372914373874662,0.4627085626125338
survset:UnempDur,DeepHit,7,48,892,3.7416574954986572,0,1.0,0.9780861017675668,0.02191389823243317,1.7320507764816284,0.8946796539970976,0.10532034600290241,2.6457512378692627,0.5794915258884429,0.4205084741115571
survset:UnempDur,DeepHit,7,48,1625,1.7320507764816284,0,1.0,0.9572684615565306,0.04273153844346944,1.7320507764816284,0.6967688555752417,0.3032311444247583,2.6457512378692627,0.43830972909927357,0.5616902709007264
survset:UnempDur,DeepHit,7,48,3050,3.464101552963257,1,1.0,0.9564221173780513,0.04357788262194873,1.7320507764816284,0.7716397606561856,0.22836023934381444,2.6457512378692627,0.5147933959960935,0.48520660400390647
survset:UnempDur,DeepHit,7,48,2158,1.4142135381698608,1,1.0,0.9619310764733484,0.03806892352665159,1.7320507764816284,0.7857253705931023,0.21427462940689768,2.6457512378692627,0.5068265199661254,0.4931734800338746
survset:UnempDur,DeepHit,7,48,2761,1.4142135381698608,1,1.0,0.9633650940051921,0.0366349059948079,1.7320507764816284,0.7497393980915149,0.2502606019084851,2.6457512378692627,0.5327225029468535,0.4672774970531465
survset:UnempDur,DeepHit,7,48,2859,1.0,1,1.0,0.9557310811489026,0.044268918851097405,1.7320507764816284,0.6965245327779589,0.3034754672220411,2.6457512378692627,0.47093620896339405,0.529063791036606
survset:UnempDur,DeepHit,7,48,2167,2.2360680103302,0,1.0,0.963373391045239,0.036626608954761,1.7320507764816284,0.7816986658856471,0.21830133411435293,2.6457512378692627,0.5271626114845275,0.4728373885154725
survset:UnempDur,DeepHit,7,48,2015,5.0,0,1.0,0.9513211899259754,0.04867881007402464,1.7320507764816284,0.6751776625078114,0.3248223374921886,2.6457512378692627,0.4280355870723723,0.5719644129276277
survset:UnempDur,DeepHit,7,48,837,2.6457512378692627,1,1.0,0.9671399939613482,0.0328600060386518,1.7320507764816284,0.7991550591674962,0.20084494083250382,2.6457512378692627,0.5153675973415373,0.48463240265846275
survset:UnempDur,DeepHit,7,48,3034,2.6457512378692627,1,1.0,0.9405972978211832,0.059402702178816824,1.7320507764816284,0.6882660475965586,0.3117339524034414,2.6457512378692627,0.49304908514022805,0.506950914859772
survset:UnempDur,DeepHit,7,48,82,3.1622776985168457,0,1.0,0.9608536876690761,0.039146312330923916,1.7320507764816284,0.78961813179452,0.21038186820548,2.6457512378692627,0.5103659927845,0.4896340072155
survset:UnempDur,DeepHit,7,48,1193,1.4142135381698608,1,1.0,0.9502684692352146,0.049731530764785425,1.7320507764816284,0.6546062480160015,0.34539375198399846,2.6457512378692627,0.45236465334892256,0.5476353466510775
survset:UnempDur,DeepHit,7,48,2951,1.7320507764816284,1,1.0,0.9499678048537581,0.05003219514624191,1.7320507764816284,0.7259063771380649,0.27409362286193506,2.6457512378692627,0.4062083363533019,0.5937916636466981
survset:UnempDur,DeepHit,7,48,3094,1.7320507764816284,1,1.0,0.9565501955752121,0.04344980442478785,1.7320507764816284,0.7219221023807465,0.2780778976192535,2.6457512378692627,0.4673345386981963,0.5326654613018037
survset:UnempDur,DeepHit,7,48,115,2.2360680103302,0,1.0,0.9724250424455435,0.027574957554456492,1.7320507764816284,0.7980467933108916,0.20195320668910843,2.6457512378692627,0.48601713776588423,0.5139828622341158
survset:UnempDur,DeepHit,7,48,520,2.0,1,1.0,0.9483336197643847,0.05166638023561532,1.7320507764816284,0.6953542285722264,0.3046457714277736,2.6457512378692627,0.5244776010513305,0.47552239894866954
survset:UnempDur,DeepHit,7,48,3173,3.316624879837036,0,1.0,0.9866132841781793,0.013386715821820716,1.7320507764816284,0.7397710238010696,0.2602289761989304,2.6457512378692627,0.4974816143512725,0.5025183856487274
survset:UnempDur,DeepHit,7,48,3084,1.0,1,1.0,0.9540199522647436,0.045980047735256435,1.7320507764816284,0.742724057791543,0.25727594220845695,2.6457512378692627,0.506393402814865,0.493606597185135
survset:UnempDur,DeepHit,7,48,257,2.2360680103302,1,1.0,0.9691129702720844,0.03088702972791557,1.7320507764816284,0.8041244487597728,0.19587555124022715,2.6457512378692627,0.48124924302101113,0.5187507569789889
survset:UnempDur,DeepHit,7,48,2845,1.7320507764816284,1,1.0,0.9610637590274754,0.03893624097252457,1.7320507764816284,0.7054234213698063,0.2945765786301937,2.6457512378692627,0.45386067032814015,0.5461393296718599
survset:UnempDur,DeepHit,7,48,2708,1.7320507764816284,1,1.0,0.9529601073364841,0.047039892663515936,1.7320507764816284,0.7475076574492451,0.2524923425507549,2.6457512378692627,0.5020907223224639,0.4979092776775361
survset:UnempDur,DeepHit,7,48,2071,2.6457512378692627,0,1.0,0.941661433951427,0.058338566048573015,1.7320507764816284,0.7177172462355157,0.2822827537644843,2.6457512378692627,0.46635249257087696,0.533647507429123
