dataset,method,run_id,seed,sample_id,observed_time,event,horizon_t25,pred_survival_t25,pred_risk_t25,horizon_t50,pred_survival_t50,pred_risk_t50,horizon_t75,pred_survival_t75,pred_risk_t75
survset:UnempDur,DeepHit,1,42,2731,2.4494898319244385,1,1.0,0.9448618539732082,0.05513814602679179,1.7320507764816284,0.7825209144550909,0.21747908554490913,2.4494898319244385,0.5753533490803937,0.4246466509196063
survset:UnempDur,DeepHit,1,42,2120,2.6457512378692627,0,1.0,0.9558723443426167,0.0441276556573833,1.7320507764816284,0.7686516793334729,0.2313483206665271,2.4494898319244385,0.534660281670168,0.465339718329832
survset:UnempDur,DeepHit,1,42,951,3.7416574954986572,0,1.0,0.9772691632926865,0.022730836707313462,1.7320507764816284,0.7921419234915156,0.20785807650848442,2.4494898319244385,0.5568488186707404,0.44315118132925957
survset:UnempDur,DeepHit,1,42,2026,3.605551242828369,1,1.0,0.9466337568330007,0.05336624316699934,1.7320507764816284,0.7004307003709321,0.29956929962906786,2.4494898319244385,0.4992070965614473,0.5007929034385528
survset:UnempDur,DeepHit,1,42,221,1.0,1,1.0,0.9393325501632804,0.06066744983671957,1.7320507764816284,0.69416837615784,0.30583162384216,2.4494898319244385,0.4800634280394195,0.5199365719605805
survset:UnempDur,DeepHit,1,42,1290,3.605551242828369,1,1.0,0.956621664835274,0.043378335164726,1.7320507764816284,0.7782027390344369,0.22179726096556307,2.4494898319244385,0.5400358658718474,0.4599641341281526
survset:UnempDur,DeepHit,1,42,2423,3.872983455657959,1,1.0,0.9647701030947122,0.03522989690528777,1.7320507764816284,0.785057048294734,0.214942951705266,2.4494898319244385,0.5951617891614734,0.40483821083852656
survset:UnempDur,DeepHit,1,42,127,2.2360680103302,0,1.0,0.9588729690210318,0.04112703097896819,1.7320507764816284,0.7907176519959078,0.20928234800409218,2.4494898319244385,0.5051336811213563,0.49486631887864374
survset:UnempDur,DeepHit,1,42,186,1.4142135381698608,1,1.0,0.9378328824610398,0.062167117538960204,1.7320507764816284,0.7454274106140287,0.25457258938597127,2.4494898319244385,0.531412609395385,0.46858739060461496
survset:UnempDur,DeepHit,1,42,250,3.0,1,1.0,0.9523441468834007,0.047655853116599256,1.7320507764816284,0.7970033163348987,0.20299668366510126,2.4494898319244385,0.5325734636569017,0.4674265363430983
survset:UnempDur,DeepHit,1,42,634,2.0,0,1.0,0.9768895393171074,0.023110460682892575,1.7320507764816284,0.7531876293406912,0.24681237065930883,2.4494898319244385,0.5139519966690067,0.4860480033309933
survset:UnempDur,DeepHit,1,42,1302,1.4142135381698608,1,1.0,0.942556111145957,0.057443888854042946,1.7320507764816284,0.6901636258524392,0.3098363741475608,2.4494898319244385,0.47220439455411317,0.5277956054458868
survset:UnempDur,DeepHit,1,42,1584,1.4142135381698608,1,1.0,0.9477569769502566,0.052243023049743376,1.7320507764816284,0.7028897684287647,0.2971102315712353,2.4494898319244385,0.4603679884129702,0.5396320115870298
survset:UnempDur,DeepHit,1,42,553,1.7320507764816284,1,1.0,0.9550775371875349,0.04492246281246515,1.7320507764816284,0.795485795629625,0.20451420437037504,2.4494898319244385,0.5235915806272581,0.4764084193727419
survset:UnempDur,DeepHit,1,42,281,2.6457512378692627,1,1.0,0.9545655013406934,0.0454344986593066,1.7320507764816284,0.8499108108668636,0.1500891891331364,2.4494898319244385,0.6257736955251081,0.3742263044748919
survset:UnempDur,DeepHit,1,42,3099,1.7320507764816284,1,1.0,0.9542428158599254,0.04575718414007457,1.7320507764816284,0.7801023700151808,0.2198976299848192,2.4494898319244385,0.5208591987136421,0.47914080128635794
survset:UnempDur,DeepHit,1,42,1188,1.0,1,1.0,0.9360429550897474,0.06395704491025256,1.7320507764816284,0.7001899106231589,0.29981008937684106,2.4494898319244385,0.5063311171232813,0.49366888287671873
survset:UnempDur,DeepHit,1,42,1645,2.2360680103302,1,1.0,0.9481643716546737,0.05183562834532629,1.7320507764816284,0.7761881971515238,0.22381180284847624,2.4494898319244385,0.5611804763211755,0.4388195236788245
survset:UnempDur,DeepHit,1,42,1586,1.0,1,1.0,0.9436868498017532,0.056313150198246786,1.7320507764816284,0.6716785072738233,0.3283214927261767,2.4494898319244385,0.4464191816379493,0.5535808183620508
survset:UnempDur,DeepHit,1,42,2938,1.4142135381698608,1,1.0,0.9488134679977193,0.05118653200228074,1.7320507764816284,0.7622703023126509,0.23772969768734908,2.4494898319244385,0.5177914820452318,0.48220851795476816
survset:UnempDur,DeepHit,1,42,2812,2.0,1,1.0,0.9538985712259475,0.046101428774052544,1.7320507764816284,0.7772873634129547,0.22271263658704532,2.4494898319244385,0.551458520525592,0.44854147947440803
survset:UnempDur,DeepHit,1,42,2130,1.7320507764816284,0,1.0,0.9370742879865196,0.0629257120134804,1.7320507764816284,0.6942060554963897,0.3057939445036103,2.4494898319244385,0.47052308084806604,0.529476919151934
survset:UnempDur,DeepHit,1,42,252,1.0,1,1.0,0.9391257952077708,0.06087420479222916,1.7320507764816284,0.7019822375567625,0.2980177624432375,2.4494898319244385,0.4956564894611917,0.5043435105388083
survset:UnempDur,DeepHit,1,42,1040,4.123105525970459,0,1.0,0.95480680497854,0.04519319502146002,1.7320507764816284,0.7880501108874867,0.21194988911251333,2.4494898319244385,0.5077113407753823,0.49228865922461773
survset:UnempDur,DeepHit,1,42,2527,1.0,1,1.0,0.9451648458269123,0.05483515417308771,1.7320507764816284,0.6836989440976571,0.3163010559023429,2.4494898319244385,0.4718060180033898,0.5281939819966102
survset:UnempDur,DeepHit,1,42,1444,1.0,1,1.0,0.9485559469744566,0.051444053025543446,1.7320507764816284,0.7277094244286537,0.2722905755713463,2.4494898319244385,0.518019070857226,0.481980929142774
survset:UnempDur,DeepHit,1,42,1749,1.7320507764816284,1,1.0,0.932122035478412,0.06787796452158801,1.7320507764816284,0.7094032123254723,0.2905967876745277,2.4494898319244385,0.4864412297534196,0.5135587702465805
survset:UnempDur,DeepHit,1,42,928,2.4494898319244385,0,1.0,0.9697330834532054,0.030266916546794587,1.7320507764816284,0.8015244306375909,0.19847556936240907,2.4494898319244385,0.5316313259225824,0.46836867407741756
survset:UnempDur,DeepHit,1,42,1874,3.605551242828369,1,1.0,0.9634081970731946,0.03659180292680542,1.7320507764816284,0.8156478014891865,0.18435219851081353,2.4494898319244385,0.5790307551504533,0.4209692448495467
survset:UnempDur,DeepHit,1,42,597,3.464101552963257,1,1.0,0.9538070755492218,0.04619292445077816,1.7320507764816284,0.7915607355880951,0.20843926441190486,2.4494898319244385,0.5228810960582647,0.4771189039417353
survset:UnempDur,DeepHit,1,42,1658,2.6457512378692627,1,1.0,0.9499262917329229,0.05007370826707713,1.7320507764816284,0.7206940992797246,0.2793059007202754,2.4494898319244385,0.49629904558747595,0.503700954412524
survset:UnempDur,DeepHit,1,42,1828,1.4142135381698608,1,1.0,0.9518290132841439,0.04817098671585607,1.7320507764816284,0.7676643465666949,0.2323356534333051,2.4494898319244385,0.5290603609075285,0.4709396390924715
survset:UnempDur,DeepHit,1,42,977,3.0,1,1.0,0.9496578871729362,0.0503421128270638,1.7320507764816284,0.8094901732271493,0.19050982677285067,2.4494898319244385,0.5886272211620988,0.41137277883790124
survset:UnempDur,DeepHit,1,42,581,2.0,0,1.0,0.938619855619077,0.061380144380922985,1.7320507764816284,0.7153049050408474,0.2846950949591526,2.4494898319244385,0.4907404262032324,0.5092595737967676
survset:UnempDur,DeepHit,1,42,765,3.316624879837036,1,1.0,0.9642628916685684,0.03573710833143162,1.7320507764816284,0.7934835259386251,0.20651647406137486,2.4494898319244385,0.4973666259669148,0.5026333740330853
survset:UnempDur,DeepHit,1,42,2364,2.4494898319244385,0,1.0,0.9630277334456439,0.03697226655435615,1.7320507764816284,0.8070554436498052,0.1929445563501948,2.4494898319244385,0.5129885019174023,0.4870114980825977
survset:UnempDur,DeepHit,1,42,2272,1.0,1,1.0,0.9489949365992255,0.051005063400774486,1.7320507764816284,0.7249611499954012,0.2750388500045988,2.4494898319244385,0.5136515139225479,0.48634848607745207
survset:UnempDur,DeepHit,1,42,1535,1.4142135381698608,0,1.0,0.9634522110573476,0.036547788942652426,1.7320507764816284,0.8100911212299008,0.1899088787700992,2.4494898319244385,0.48718716930930506,0.5128128306906949
survset:UnempDur,DeepHit,1,42,1245,1.4142135381698608,1,1.0,0.950467315867386,0.049532684132614024,1.7320507764816284,0.7677102727522954,0.23228972724770458,2.4494898319244385,0.5324720510906628,0.46752794890933724
survset:UnempDur,DeepHit,1,42,2935,4.898979663848877,0,1.0,0.960796656206094,0.039203343793906,1.7320507764816284,0.8363795304006629,0.16362046959933707,2.4494898319244385,0.5885532464129973,0.41144675358700267
survset:UnempDur,DeepHit,1,42,3111,3.1622776985168457,0,1.0,0.9469679503334288,0.05303204966657116,1.7320507764816284,0.7944972432052435,0.2055027567947565,2.4494898319244385,0.6171844561365171,0.38281554386348293
survset:UnempDur,DeepHit,1,42,1190,2.2360680103302,1,1.0,0.9585284294387658,0.04147157056123418,1.7320507764816284,0.8121180290872003,0.18788197091279968,2.4494898319244385,0.6024374284090376,0.3975625715909624
survset:UnempDur,DeepHit,1,42,866,4.242640495300293,0,1.0,0.9585132650665242,0.041486734933475766,1.7320507764816284,0.793641958612691,0.20635804138730895,2.4494898319244385,0.5214638675778838,0.47853613242211623
survset:UnempDur,DeepHit,1,42,1469,3.605551242828369,0,1.0,0.9525798585588819,0.04742014144111806,1.7320507764816284,0.7916724714333347,0.20832752856666525,2.4494898319244385,0.5902433070795094,0.40975669292049055
survset:UnempDur,DeepHit,1,42,2509,2.0,0,1.0,0.9287383324356087,0.07126166756439134,1.7320507764816284,0.70588094110478,0.29411905889522005,2.4494898319244385,0.4532593249160618,0.5467406750839382
survset:UnempDur,DeepHit,1,42,555,3.464101552963257,0,1.0,0.9529671411749042,0.04703285882509578,1.7320507764816284,0.7650077808679492,0.23499221913205082,2.4494898319244385,0.5199311958747368,0.4800688041252632
survset:UnempDur,DeepHit,1,42,3115,1.7320507764816284,1,1.0,0.9396487744422397,0.06035122555776029,1.7320507764816284,0.6990965947659198,0.3009034052340802,2.4494898319244385,0.5061378390412031,0.49386216095879687
survset:UnempDur,DeepHit,1,42,84,3.316624879837036,1,1.0,0.9403392265082335,0.05966077349176646,1.7320507764816284,0.691376545195371,0.30862345480462905,2.4494898319244385,0.48188004687067926,0.5181199531293208
survset:UnempDur,DeepHit,1,42,2307,2.8284270763397217,0,1.0,0.9599419464121625,0.04005805358783754,1.7320507764816284,0.8233170540025915,0.17668294599740852,2.4494898319244385,0.5880039842663112,0.4119960157336888
survset:UnempDur,DeepHit,1,42,2073,3.7416574954986572,1,1.0,0.944281660963325,0.055718339036675,1.7320507764816284,0.7237015225545667,0.27629847744543334,2.4494898319244385,0.5151385826248783,0.4848614173751217
survset:UnempDur,DeepHit,1,42,404,4.358899116516113,0,1.0,0.9391983101978448,0.06080168980215517,1.7320507764816284,0.7436190680129201,0.2563809319870799,2.4494898319244385,0.5085443720846545,0.49145562791534547
survset:UnempDur,DeepHit,1,42,2155,2.8284270763397217,0,1.0,0.9539149671472793,0.0460850328527207,1.7320507764816284,0.7778694399210336,0.22213056007896637,2.4494898319244385,0.5042933756007741,0.49570662439922586
survset:UnempDur,DeepHit,1,42,2665,3.316624879837036,0,1.0,0.9659573771727404,0.03404262282725956,1.7320507764816284,0.844656174268499,0.15534382573150096,2.4494898319244385,0.5705373562523587,0.4294626437476413
survset:UnempDur,DeepHit,1,42,898,3.0,0,1.0,0.9517895837008907,0.04821041629910927,1.7320507764816284,0.8041229863186321,0.1958770136813679,2.4494898319244385,0.5931633775482362,0.4068366224517638
survset:UnempDur,DeepHit,1,42,1892,1.4142135381698608,1,1.0,0.9344105728213724,0.06558942717862759,1.7320507764816284,0.7378667039042031,0.26213329609579694,2.4494898319244385,0.5464717610814009,0.45352823891859906
survset:UnempDur,DeepHit,1,42,2515,3.605551242828369,1,1.0,0.9524403913680691,0.04755960863193087,1.7320507764816284,0.7856456997467444,0.21435430025325564,2.4494898319244385,0.5451513085109961,0.45484869148900386
survset:UnempDur,DeepHit,1,42,2597,2.2360680103302,0,1.0,0.9803765845663299,0.019623415433670077,1.7320507764816284,0.8102054915244329,0.18979450847556711,2.4494898319244385,0.48777951931266045,0.5122204806873396
survset:UnempDur,DeepHit,1,42,2789,1.0,1,1.0,0.9506837169791589,0.04931628302084112,1.7320507764816284,0.7513151432463814,0.24868485675361862,2.4494898319244385,0.49632739928225006,0.5036726007177499
survset:UnempDur,DeepHit,1,42,479,2.6457512378692627,1,1.0,0.9567238644429189,0.0432761355570811,1.7320507764816284,0.8077318756064995,0.1922681243935005,2.4494898319244385,0.5417438516015819,0.4582561483984181
survset:UnempDur,DeepHit,1,42,15,3.7416574954986572,1,1.0,0.9548994261995236,0.045100573800476385,1.7320507764816284,0.7924083512757424,0.20759164872425762,2.4494898319244385,0.6110151709647326,0.38898482903526743
survset:UnempDur,DeepHit,1,42,91,1.0,1,1.0,0.9564297651386755,0.0435702348613245,1.7320507764816284,0.6944528539136821,0.30554714608631794,2.4494898319244385,0.4638421433611321,0.5361578566388678
survset:UnempDur,DeepHit,1,42,1881,3.464101552963257,1,1.0,0.9451465278865075,0.05485347211349245,1.7320507764816284,0.8018405390653512,0.19815946093464876,2.4494898319244385,0.5940620597281754,0.4059379402718246
survset:UnempDur,DeepHit,1,42,2171,3.316624879837036,0,1.0,0.9542100077715673,0.04578999222843272,1.7320507764816284,0.7832115772981677,0.2167884227018323,2.4494898319244385,0.5505649439719332,0.44943505602806677
survset:UnempDur,DeepHit,1,42,454,1.4142135381698608,1,1.0,0.9375655954914311,0.06243440450856885,1.7320507764816284,0.7362499200259781,0.2637500799740219,2.4494898319244385,0.5290671442135716,0.4709328557864284
survset:UnempDur,DeepHit,1,42,2270,4.242640495300293,1,1.0,0.948200066460983,0.05179993353901702,1.7320507764816284,0.7290662398000287,0.2709337601999713,2.4494898319244385,0.5202109552829477,0.4797890447170523
survset:UnempDur,DeepHit,1,42,2375,2.4494898319244385,0,1.0,0.9512163381318598,0.048783661868140205,1.7320507764816284,0.7911478675754715,0.2088521324245285,2.4494898319244385,0.5553204333570404,0.4446795666429596
survset:UnempDur,DeepHit,1,42,3195,1.7320507764816284,1,1.0,0.9540141724666997,0.04598582753330027,1.7320507764816284,0.718709208144975,0.28129079185502504,2.4494898319244385,0.46614084215708024,0.5338591578429197
survset:UnempDur,DeepHit,1,42,1644,4.582575798034668,1,1.0,0.9608159614432923,0.03918403855670771,1.7320507764816284,0.7741536130977024,0.22584638690229764,2.4494898319244385,0.5484036658213789,0.4515963341786211
survset:UnempDur,DeepHit,1,42,2825,4.123105525970459,1,1.0,0.9424851307031569,0.05751486929684313,1.7320507764816284,0.6967814797177879,0.3032185202822121,2.4494898319244385,0.4759852294640334,0.5240147705359666
survset:UnempDur,DeepHit,1,42,2734,1.4142135381698608,1,1.0,0.9548601011978533,0.04513989880214675,1.7320507764816284,0.8022017695614864,0.19779823043851363,2.4494898319244385,0.5458751475691248,0.4541248524308752
survset:UnempDur,DeepHit,1,42,889,4.0,0,1.0,0.9590852395999874,0.04091476040001263,1.7320507764816284,0.8072721087960402,0.19272789120395983,2.4494898319244385,0.5879262301953816,0.4120737698046184
survset:UnempDur,DeepHit,1,42,2538,2.8284270763397217,0,1.0,0.9581192761004699,0.041880723899530126,1.7320507764816284,0.7605643134216223,0.23943568657837766,2.4494898319244385,0.5051923151766091,0.4948076848233909
survset:UnempDur,DeepHit,1,42,3204,1.4142135381698608,0,1.0,0.9295604121427978,0.07043958785720217,1.7320507764816284,0.7186976192099652,0.2813023807900348,2.4494898319244385,0.4905782640221349,0.5094217359778651
survset:UnempDur,DeepHit,1,42,2869,3.316624879837036,1,1.0,0.9780724257370477,0.021927574262952332,1.7320507764816284,0.7714356755767788,0.22856432442322117,2.4494898319244385,0.5540159578375609,0.44598404216243914
survset:UnempDur,DeepHit,1,42,1952,1.4142135381698608,0,1.0,0.9550851786927756,0.04491482130722435,1.7320507764816284,0.7973439256228936,0.20265607437710642,2.4494898319244385,0.5905439597134945,0.4094560402865055
survset:UnempDur,DeepHit,1,42,339,2.6457512378692627,1,1.0,0.9502066220074306,0.04979337799256944,1.7320507764816284,0.759624176804766,0.24037582319523398,2.4494898319244385,0.5520112720584837,0.44798872794151634
survset:UnempDur,DeepHit,1,42,1675,2.6457512378692627,1,1.0,0.9394896413389461,0.06051035866105392,1.7320507764816284,0.7246205742180309,0.27537942578196906,2.4494898319244385,0.49545443812212075,0.5045455618778792
survset:UnempDur,DeepHit,1,42,2093,3.0,1,1.0,0.9660592316015312,0.033940768398468824,1.7320507764816284,0.884643550860521,0.11535644913947896,2.4494898319244385,0.589450233764589,0.41054976623541095
survset:UnempDur,DeepHit,1,42,2060,3.316624879837036,0,1.0,0.9538902216009394,0.04610977839906061,1.7320507764816284,0.7883350035628363,0.21166499643716374,2.4494898319244385,0.5285596171125339,0.47144038288746615
survset:UnempDur,DeepHit,1,42,3230,1.0,1,1.0,0.9315722828175764,0.06842771718242358,1.7320507764816284,0.7352863039840536,0.2647136960159464,2.4494898319244385,0.5125934340731033,0.4874065659268967
survset:UnempDur,DeepHit,1,42,1170,2.2360680103302,0,1.0,0.9570508132069502,0.04294918679304982,1.7320507764816284,0.7649071591902922,0.23509284080970783,2.4494898319244385,0.5757136524803455,0.42428634751965455
survset:UnempDur,DeepHit,1,42,192,4.358899116516113,0,1.0,0.9606737887610652,0.03932621123893476,1.7320507764816284,0.8062167145404388,0.19378328545956125,2.4494898319244385,0.5883096631595073,0.4116903368404927
survset:UnempDur,DeepHit,1,42,3044,2.0,1,1.0,0.9651658759654302,0.03483412403456976,1.7320507764816284,0.7852713384030336,0.21472866159696635,2.4494898319244385,0.5535196658677426,0.4464803341322574
survset:UnempDur,DeepHit,1,42,1566,1.0,1,1.0,0.9559315417894427,0.04406845821055727,1.7320507764816284,0.720807073260826,0.27919292673917395,2.4494898319244385,0.4730337119998281,0.526966288000172
survset:UnempDur,DeepHit,1,42,1910,3.0,0,1.0,0.9501955490971735,0.04980445090282648,1.7320507764816284,0.6634874580704924,0.33651254192950764,2.4494898319244385,0.48571136448798996,0.51428863551201
survset:UnempDur,DeepHit,1,42,2971,2.0,0,1.0,0.9611464925299242,0.038853507470075765,1.7320507764816284,0.8016028253830201,0.19839717461697992,2.4494898319244385,0.515729538077993,0.48427046192200696
survset:UnempDur,DeepHit,1,42,3052,1.0,1,1.0,0.9512391851173362,0.04876081488266382,1.7320507764816284,0.7611800496353892,0.2388199503646108,2.4494898319244385,0.5706594087278206,0.4293405912721794
survset:UnempDur,DeepHit,1,42,2263,1.0,1,1.0,0.9291583166878865,0.07084168331211349,1.7320507764816284,0.6663704168380368,0.33362958316196323,2.4494898319244385,0.4663075486733297,0.5336924513266703
survset:UnempDur,DeepHit,1,42,1141,1.7320507764816284,0,1.0,0.9128280856439188,0.08717191435608118,1.7320507764816284,0.6770276917724853,0.32297230822751466,2.4494898319244385,0.4811503157735549,0.5188496842264452
survset:UnempDur,DeepHit,1,42,2370,2.8284270763397217,0,1.0,0.9514613439303652,0.04853865606963481,1.7320507764816284,0.7950736448799084,0.2049263551200916,2.4494898319244385,0.5978632542607049,0.40213674573929514
survset:UnempDur,DeepHit,1,42,40,3.7416574954986572,0,1.0,0.9553125325109849,0.04468746748901509,1.7320507764816284,0.8348640298104113,0.1651359701895887,2.4494898319244385,0.6629241786012187,0.33707582139878134
survset:UnempDur,DeepHit,1,42,1961,2.6457512378692627,0,1.0,0.9630461359639405,0.03695386403605949,1.7320507764816284,0.8156915698418694,0.1843084301581306,2.4494898319244385,0.5829459348138554,0.41705406518614463
survset:UnempDur,DeepHit,1,42,2199,3.7416574954986572,0,1.0,0.9658468408952086,0.03415315910479144,1.7320507764816284,0.7844099469461034,0.21559005305389656,2.4494898319244385,0.49758142806890693,0.5024185719310931
survset:UnempDur,DeepHit,1,42,1552,4.358899116516113,1,1.0,0.9381021138016893,0.061897886198310714,1.7320507764816284,0.686507820908713,0.313492179091287,2.4494898319244385,0.49190302614247305,0.508096973857527
survset:UnempDur,DeepHit,1,42,1109,2.2360680103302,1,1.0,0.9679961490617955,0.03200385093820446,1.7320507764816284,0.7882511698315139,0.2117488301684861,2.4494898319244385,0.5035351350824869,0.49646486491751307
survset:UnempDur,DeepHit,1,42,1265,3.605551242828369,0,1.0,0.9362948239867026,0.0637051760132974,1.7320507764816284,0.6850465490409998,0.3149534509590002,2.4494898319244385,0.47947644151902197,0.520523558480978
survset:UnempDur,DeepHit,1,42,851,3.316624879837036,0,1.0,0.9406471649125245,0.059352835087475464,1.7320507764816284,0.7010496519782611,0.2989503480217389,2.4494898319244385,0.4827592822591156,0.5172407177408844
survset:UnempDur,DeepHit,1,42,2689,5.196152210235596,0,1.0,0.9168720480270689,0.0831279519729311,1.7320507764816284,0.6171004678060727,0.38289953219392725,2.4494898319244385,0.37886571838216754,0.6211342816178325
survset:UnempDur,DeepHit,1,42,445,4.0,0,1.0,0.9528245680137748,0.0471754319862252,1.7320507764816284,0.7808728041470656,0.2191271958529344,2.4494898319244385,0.584468663195983,0.415531336804017
survset:UnempDur,DeepHit,1,42,1142,1.4142135381698608,0,1.0,0.9388427749191612,0.06115722508083876,1.7320507764816284,0.7290937965600107,0.2709062034399893,2.4494898319244385,0.5295795999814557,0.47042040001854435
survset:UnempDur,DeepHit,1,42,2696,1.0,1,1.0,0.989206611477443,0.010793388522556957,1.7320507764816284,0.9599265754157945,0.040073424584205486,2.4494898319244385,0.6158931665809435,0.3841068334190565
survset:UnempDur,DeepHit,1,42,1616,1.0,1,1.0,0.9432368611316243,0.056763138868375695,1.7320507764816284,0.681868755677378,0.31813124432262196,2.4494898319244385,0.44386418520878507,0.556135814791215
survset:UnempDur,DeepHit,1,42,1048,2.6457512378692627,0,1.0,0.9501050662264643,0.04989493377353571,1.7320507764816284,0.7784726714816451,0.22152732851835488,2.4494898319244385,0.5266980132170362,0.47330198678296376
survset:UnempDur,DeepHit,1,42,1323,1.0,1,1.0,0.9365611844026739,0.06343881559732611,1.7320507764816284,0.6700679739992668,0.32993202600073324,2.4494898319244385,0.4481172175531945,0.5518827824468056
survset:UnempDur,DeepHit,1,42,2560,1.4142135381698608,1,1.0,0.9463286537243653,0.053671346275634746,1.7320507764816284,0.721396826847532,0.27860317315246796,2.4494898319244385,0.5116942069465922,0.4883057930534078
survset:UnempDur,DeepHit,1,42,1642,1.4142135381698608,1,1.0,0.9398523976188246,0.06014760238117545,1.7320507764816284,0.6958873667514381,0.30411263324856186,2.4494898319244385,0.5000649851701696,0.4999350148298304
survset:UnempDur,DeepHit,1,42,2952,2.6457512378692627,1,1.0,0.9604459361386459,0.03955406386135407,1.7320507764816284,0.793503866897777,0.20649613310222303,2.4494898319244385,0.5058763690129843,0.4941236309870157
survset:UnempDur,DeepHit,1,42,2533,1.4142135381698608,1,1.0,0.9458418092964447,0.05415819070355532,1.7320507764816284,0.6883582579123072,0.3116417420876928,2.4494898319244385,0.4768606274431187,0.5231393725568814
survset:UnempDur,DeepHit,1,42,878,1.4142135381698608,1,1.0,0.9530196584660228,0.04698034153397723,1.7320507764816284,0.7993412992379344,0.2006587007620656,2.4494898319244385,0.5719775252018342,0.4280224747981658
survset:UnempDur,DeepHit,1,42,507,2.8284270763397217,0,1.0,0.9533051939453319,0.046694806054668136,1.7320507764816284,0.7949709605336617,0.20502903946633833,2.4494898319244385,0.6082379984474361,0.3917620015525639
survset:UnempDur,DeepHit,1,42,1402,1.4142135381698608,1,1.0,0.9374142547108435,0.0625857452891565,1.7320507764816284,0.7026858586060551,0.29731414139394485,2.4494898319244385,0.4789240159449031,0.5210759840550969
survset:UnempDur,DeepHit,1,42,1619,2.6457512378692627,0,1.0,0.9552960605135249,0.04470393948647511,1.7320507764816284,0.788031385610745,0.21196861438925496,2.4494898319244385,0.5515702972920447,0.44842970270795535
survset:UnempDur,DeepHit,1,42,1969,1.4142135381698608,1,1.0,0.9472469616518366,0.05275303834816336,1.7320507764816284,0.6818739713678317,0.3181260286321683,2.4494898319244385,0.4835338868078487,0.5164661131921513
survset:UnempDur,DeepHit,1,42,909,1.4142135381698608,0,1.0,0.9516028578248541,0.0483971421751459,1.7320507764816284,0.7941370865582745,0.20586291344172547,2.4494898319244385,0.5798670289780139,0.4201329710219861
survset:UnempDur,DeepHit,1,42,532,1.7320507764816284,0,1.0,0.9412576969665184,0.0587423030334816,1.7320507764816284,0.7100154081465965,0.28998459185340353,2.4494898319244385,0.5074242071508754,0.49257579284912456
survset:UnempDur,DeepHit,1,42,1905,1.0,1,1.0,0.947927881060478,0.052072118939522016,1.7320507764816284,0.740369049416515,0.25963095058348495,2.4494898319244385,0.529424634047287,0.470575365952713
survset:UnempDur,DeepHit,1,42,1559,1.4142135381698608,0,1.0,0.9499558042183839,0.05004419578161612,1.7320507764816284,0.7469498850680204,0.2530501149319796,2.4494898319244385,0.5438535018944857,0.45614649810551433
survset:UnempDur,DeepHit,1,42,1225,2.0,1,1.0,0.9552424161078837,0.04475758389211626,1.7320507764816284,0.7693103239157753,0.23068967608422475,2.4494898319244385,0.544046266147291,0.455953733852709
survset:UnempDur,DeepHit,1,42,1737,1.0,1,1.0,0.9440892935898088,0.05591070641019125,1.7320507764816284,0.6705907207038632,0.32940927929613684,2.4494898319244385,0.4797943593732657,0.5202056406267344
survset:UnempDur,DeepHit,1,42,2534,2.0,1,1.0,0.9389962452144182,0.06100375478558184,1.7320507764816284,0.6959538263164579,0.30404617368354214,2.4494898319244385,0.49952998071219973,0.5004700192878002
survset:UnempDur,DeepHit,1,42,510,2.2360680103302,1,1.0,0.9594701472491823,0.04052985275081766,1.7320507764816284,0.8244171870793919,0.17558281292060807,2.4494898319244385,0.5621213437759446,0.4378786562240554
survset:UnempDur,DeepHit,1,42,1140,3.605551242828369,0,1.0,0.9840458567500863,0.015954143249913733,1.7320507764816284,0.943750344594825,0.056249655405175014,2.4494898319244385,0.5501796906835186,0.4498203093164814
survset:UnempDur,DeepHit,1,42,422,1.4142135381698608,1,1.0,0.940003475228643,0.059996524771356974,1.7320507764816284,0.6927085093634583,0.3072914906365417,2.4494898319244385,0.4702277306110847,0.5297722693889153
survset:UnempDur,DeepHit,1,42,2902,1.0,1,1.0,0.9347133876435421,0.06528661235645794,1.7320507764816284,0.684230027127225,0.315769972872775,2.4494898319244385,0.4714739414617404,0.5285260585382596
survset:UnempDur,DeepHit,1,42,2210,1.4142135381698608,0,1.0,0.9662859190298445,0.03371408097015549,1.7320507764816284,0.7494093201819003,0.2505906798180997,2.4494898319244385,0.5351115809597113,0.46488841904028866
survset:UnempDur,DeepHit,1,42,2713,1.7320507764816284,0,1.0,0.9606088966568278,0.039391103343172196,1.7320507764816284,0.8207224280340119,0.17927757196598815,2.4494898319244385,0.6312526991484263,0.3687473008515737
survset:UnempDur,DeepHit,1,42,3007,2.2360680103302,0,1.0,0.9537867455598228,0.04621325444017721,1.7320507764816284,0.7859045228525463,0.2140954771474537,2.4494898319244385,0.5467593953441887,0.4532406046558113
survset:UnempDur,DeepHit,1,42,1894,1.4142135381698608,1,1.0,0.9349633440654476,0.06503665593455243,1.7320507764816284,0.6766498766264963,0.32335012337350366,2.4494898319244385,0.4311658018141018,0.5688341981858982
survset:UnempDur,DeepHit,1,42,182,2.0,0,1.0,0.9746917985405387,0.025308201459461332,1.7320507764816284,0.7502251700016659,0.2497748299983341,2.4494898319244385,0.49634446645889196,0.503655533541108
survset:UnempDur,DeepHit,1,42,1069,3.316624879837036,0,1.0,0.9609230557871151,0.03907694421288488,1.7320507764816284,0.799719889985504,0.20028011001449597,2.4494898319244385,0.5885828363356292,0.41141716366437076
survset:UnempDur,DeepHit,1,42,1103,1.7320507764816284,1,1.0,0.9665652778412874,0.03343472215871257,1.7320507764816284,0.7175292727682425,0.2824707272317575,2.4494898319244385,0.4812567920520218,0.5187432079479781
survset:UnempDur,DeepHit,1,42,254,5.196152210235596,0,1.0,0.9610802256550209,0.03891977434497906,1.7320507764816284,0.802937073246356,0.197062926753644,2.4494898319244385,0.5853297209366596,0.4146702790633404
survset:UnempDur,DeepHit,1,42,2232,1.4142135381698608,1,1.0,0.9453504543590177,0.054649545640982344,1.7320507764816284,0.7139846935895326,0.28601530641046735,2.4494898319244385,0.5006998409918587,0.4993001590081413
survset:UnempDur,DeepHit,1,42,1917,1.0,1,1.0,0.9323147250688933,0.06768527493110665,1.7320507764816284,0.6764560084537365,0.32354399154626345,2.4494898319244385,0.44482505634146713,0.5551749436585329
survset:UnempDur,DeepHit,1,42,2870,1.7320507764816284,0,1.0,0.9550907498425047,0.04490925015749525,1.7320507764816284,0.7345846397916829,0.26541536020831713,2.4494898319244385,0.483784266397372,0.5162157336026281
survset:UnempDur,DeepHit,1,42,2343,1.7320507764816284,1,1.0,0.9529903905221138,0.04700960947788624,1.7320507764816284,0.7848194347178034,0.21518056528219665,2.4494898319244385,0.5339570907863146,0.4660429092136854
survset:UnempDur,DeepHit,1,42,68,3.0,0,1.0,0.9482604933402013,0.05173950665979865,1.7320507764816284,0.7066175029380729,0.2933824970619271,2.4494898319244385,0.5001437827753896,0.4998562172246104
survset:UnempDur,DeepHit,1,42,262,3.605551242828369,1,1.0,0.9600784569324059,0.0399215430675941,1.7320507764816284,0.8721324403953769,0.12786755960462315,2.4494898319244385,0.5945946214877548,0.40540537851224523
survset:UnempDur,DeepHit,1,42,1513,3.872983455657959,0,1.0,0.9530664007438416,0.046933599256158365,1.7320507764816284,0.7824750656633561,0.21752493433664388,2.4494898319244385,0.569391600913705,0.430608399086295
survset:UnempDur,DeepHit,1,42,2737,1.0,1,1.0,0.9264640437648439,0.07353595623515607,1.7320507764816284,0.6598153344429243,0.3401846655570757,2.4494898319244385,0.42894671487057884,0.5710532851294212
survset:UnempDur,DeepHit,1,42,1573,2.6457512378692627,0,1.0,0.9407500175493759,0.05924998245062407,1.7320507764816284,0.6885094325988889,0.31149056740111114,2.4494898319244385,0.44809210423184154,0.5519078957681585
survset:UnempDur,DeepHit,1,42,755,1.7320507764816284,0,1.0,0.9391416685866989,0.0608583314133011,1.7320507764816284,0.712585244563658,0.287414755436342,2.4494898319244385,0.5048261736696497,0.49517382633035034
survset:UnempDur,DeepHit,1,42,386,1.7320507764816284,1,1.0,0.9540768474456094,0.04592315255439061,1.7320507764816284,0.7977173424065535,0.20228265759344655,2.4494898319244385,0.599169961045447,0.40083003895455305
survset:UnempDur,DeepHit,1,42,2633,1.0,1,1.0,0.9404783680598545,0.05952163194014548,1.7320507764816284,0.7221782845250068,0.27782171547499324,2.4494898319244385,0.49274905904893185,0.5072509409510682
survset:UnempDur,DeepHit,1,42,696,3.1622776985168457,0,1.0,0.9631832494686676,0.036816750531332376,1.7320507764816284,0.875899883916264,0.12410011608373595,2.4494898319244385,0.6314819679296028,0.36851803207039724
survset:UnempDur,DeepHit,1,42,1707,2.0,0,1.0,0.9478903348664671,0.05210966513353288,1.7320507764816284,0.779404808131386,0.22059519186861398,2.4494898319244385,0.543556296619966,0.45644370338003404
survset:UnempDur,DeepHit,1,42,1145,3.872983455657959,1,1.0,0.9544131571516723,0.0455868428483277,1.7320507764816284,0.8010627298769539,0.19893727012304607,2.4494898319244385,0.5637384741673502,0.43626152583264977
survset:UnempDur,DeepHit,1,42,2842,1.0,1,1.0,0.9447285883505463,0.055271411649453706,1.7320507764816284,0.6859550200422304,0.3140449799577696,2.4494898319244385,0.48884942744656296,0.5111505725534371
survset:UnempDur,DeepHit,1,42,2814,1.7320507764816284,0,1.0,0.9548114356979097,0.045188564302090284,1.7320507764816284,0.7982492771083664,0.20175072289163365,2.4494898319244385,0.5483168394693636,0.4516831605306364
survset:UnempDur,DeepHit,1,42,987,1.4142135381698608,1,1.0,0.9441199618919079,0.055880038108092056,1.7320507764816284,0.718426436316612,0.28157356368338804,2.4494898319244385,0.49181969910686774,0.5081803008931323
survset:UnempDur,DeepHit,1,42,1554,2.6457512378692627,0,1.0,0.9424147587649606,0.057585241235039386,1.7320507764816284,0.7200048626041925,0.2799951373958075,2.4494898319244385,0.519834736515235,0.48016526348476496
survset:UnempDur,DeepHit,1,42,1555,3.1622776985168457,0,1.0,0.9527775375419552,0.047222462458044845,1.7320507764816284,0.8142652117341858,0.18573478826581424,2.4494898319244385,0.604784167740551,0.395215832259449
survset:UnempDur,DeepHit,1,42,2806,3.0,1,1.0,0.9477589488267961,0.05224105117320388,1.7320507764816284,0.7881775707962003,0.21182242920379968,2.4494898319244385,0.5986637880869502,0.4013362119130498
survset:UnempDur,DeepHit,1,42,420,3.872983455657959,0,1.0,0.9570798969146894,0.04292010308531058,1.7320507764816284,0.7958207721896005,0.20417922781039954,2.4494898319244385,0.5248720814609047,0.4751279185390953
survset:UnempDur,DeepHit,1,42,2257,2.0,1,1.0,0.9449482861093184,0.05505171389068164,1.7320507764816284,0.6882488699725019,0.3117511300274981,2.4494898319244385,0.47530278185434227,0.5246972181456577
survset:UnempDur,DeepHit,1,42,1585,1.0,1,1.0,0.9259184671373535,0.07408153286264652,1.7320507764816284,0.6731587547740635,0.3268412452259365,2.4494898319244385,0.4549569058600825,0.5450430941399176
survset:UnempDur,DeepHit,1,42,801,1.0,1,1.0,0.9432345750406896,0.05676542495931036,1.7320507764816284,0.6736180383334758,0.3263819616665242,2.4494898319244385,0.4663442347061623,0.5336557652938376
survset:UnempDur,DeepHit,1,42,746,1.4142135381698608,1,1.0,0.9419313949566872,0.05806860504331279,1.7320507764816284,0.6991863994831186,0.30081360051688144,2.4494898319244385,0.4962513111120452,0.5037486888879548
survset:UnempDur,DeepHit,1,42,1317,3.0,1,1.0,0.9517658387813266,0.04823416121867341,1.7320507764816284,0.7830730311188756,0.2169269688811244,2.4494898319244385,0.5339955933866456,0.4660044066133544
survset:UnempDur,DeepHit,1,42,621,2.6457512378692627,1,1.0,0.9360535221197294,0.06394647788027064,1.7320507764816284,0.7195692759460312,0.28043072405396885,2.4494898319244385,0.5298278361883106,0.47017216381168936
survset:UnempDur,DeepHit,1,42,1837,3.316624879837036,0,1.0,0.9510610027489294,0.04893899725107065,1.7320507764816284,0.7808279661366111,0.2191720338633889,2.4494898319244385,0.5704341913571335,0.42956580864286653
survset:UnempDur,DeepHit,1,42,2838,1.0,1,1.0,0.9331017838362861,0.06689821616371394,1.7320507764816284,0.7055421152643598,0.29445788473564016,2.4494898319244385,0.4902189224139916,0.5097810775860083
survset:UnempDur,DeepHit,1,42,1836,1.7320507764816284,0,1.0,0.9519026192922626,0.04809738070773739,1.7320507764816284,0.7981644756292076,0.20183552437079244,2.4494898319244385,0.5336116221470166,0.46638837785298337
survset:UnempDur,DeepHit,1,42,3096,2.2360680103302,1,1.0,0.958953809504265,0.04104619049573499,1.7320507764816284,0.7296502413103386,0.2703497586896614,2.4494898319244385,0.4908119377087469,0.509188062291253
survset:UnempDur,DeepHit,1,42,1866,1.0,1,1.0,0.9346491313108455,0.06535086868915452,1.7320507764816284,0.6757279923011381,0.3242720076988619,2.4494898319244385,0.4312615718815678,0.5687384281184322
survset:UnempDur,DeepHit,1,42,1263,3.316624879837036,1,1.0,0.9444959440263043,0.055504055973695676,1.7320507764816284,0.7938363678865334,0.20616363211346656,2.4494898319244385,0.619014741016093,0.380985258983907
survset:UnempDur,DeepHit,1,42,708,1.4142135381698608,1,1.0,0.9624679086260839,0.03753209137391611,1.7320507764816284,0.810142961676635,0.18985703832336498,2.4494898319244385,0.57201362479215,0.42798637520785
survset:UnempDur,DeepHit,1,42,3074,2.0,1,1.0,0.9699980530517711,0.030001946948228886,1.7320507764816284,0.7460729062766335,0.2539270937233665,2.4494898319244385,0.5155095331399999,0.4844904668600001
survset:UnempDur,DeepHit,1,42,2614,1.0,1,1.0,0.9371915673352964,0.0628084326647036,1.7320507764816284,0.6946203686446094,0.3053796313553906,2.4494898319244385,0.4655606476033938,0.5344393523966062
survset:UnempDur,DeepHit,1,42,2572,1.4142135381698608,1,1.0,0.9372572171512641,0.06274278284873591,1.7320507764816284,0.6772684184921328,0.3227315815078672,2.4494898319244385,0.4645090600253688,0.5354909399746313
survset:UnempDur,DeepHit,1,42,685,1.7320507764816284,1,1.0,0.9439392815131221,0.05606071848687788,1.7320507764816284,0.710387862740281,0.289612137259719,2.4494898319244385,0.506964774578918,0.493035225421082
survset:UnempDur,DeepHit,1,42,2514,3.7416574954986572,1,1.0,0.9569045877905397,0.04309541220946034,1.7320507764816284,0.8123344278502824,0.18766557214971757,2.4494898319244385,0.545459224534226,0.454540775465774
survset:UnempDur,DeepHit,1,42,1448,1.4142135381698608,0,1.0,0.9567870645429394,0.04321293545706062,1.7320507764816284,0.7862708940167205,0.21372910598327954,2.4494898319244385,0.5363044853476038,0.4636955146523962
survset:UnempDur,DeepHit,1,42,2551,2.6457512378692627,0,1.0,0.9457602554119611,0.05423974458803893,1.7320507764816284,0.682903858098076,0.31709614190192403,2.4494898319244385,0.4638873095392783,0.5361126904607216
survset:UnempDur,DeepHit,1,42,2382,2.6457512378692627,1,1.0,0.9433528281202135,0.05664717187978652,1.7320507764816284,0.7100970680447856,0.28990293195521444,2.4494898319244385,0.49705703753193986,0.5029429624680601
survset:UnempDur,DeepHit,1,42,1907,1.4142135381698608,0,1.0,0.9358743887684331,0.0641256112315669,1.7320507764816284,0.6814603593483992,0.3185396406516008,2.4494898319244385,0.4655887424132283,0.5344112575867717
survset:UnempDur,DeepHit,1,42,100,4.0,0,1.0,0.9575478993600661,0.042452100639933876,1.7320507764816284,0.6836747181564705,0.3163252818435295,2.4494898319244385,0.4771801185893755,0.5228198814106245
survset:UnempDur,DeepHit,1,42,2613,4.242640495300293,1,1.0,0.982412076405362,0.01758792359463801,1.7320507764816284,0.7874357203163797,0.21256427968362035,2.4494898319244385,0.5965383625677393,0.4034616374322607
survset:UnempDur,DeepHit,1,42,2666,3.605551242828369,0,1.0,0.9714624257316202,0.028537574268379773,1.7320507764816284,0.7554042636480458,0.2445957363519542,2.4494898319244385,0.49711798597023255,0.5028820140297674
survset:UnempDur,DeepHit,1,42,2695,1.7320507764816284,1,1.0,0.940227680762074,0.05977231923792603,1.7320507764816284,0.6949732506154317,0.3050267493845683,2.4494898319244385,0.47865039815975297,0.521349601840247
survset:UnempDur,DeepHit,1,42,1805,2.4494898319244385,1,1.0,0.9618850667133476,0.038114933286652386,1.7320507764816284,0.7655067441835337,0.2344932558164663,2.4494898319244385,0.5258313913593232,0.4741686086406768
survset:UnempDur,DeepHit,1,42,2204,1.7320507764816284,1,1.0,0.9418417200602599,0.0581582799397401,1.7320507764816284,0.7042772777107927,0.29572272228920726,2.4494898319244385,0.4749438257178497,0.5250561742821502
survset:UnempDur,DeepHit,1,42,2654,2.2360680103302,0,1.0,0.9761795333262226,0.023820466673777352,1.7320507764816284,0.8249181836496416,0.17508181635035835,2.4494898319244385,0.5509173036543018,0.4490826963456982
survset:UnempDur,DeepHit,1,42,470,2.2360680103302,0,1.0,0.9465563835750747,0.053443616424925344,1.7320507764816284,0.7004435349984556,0.2995564650015444,2.4494898319244385,0.47340797681954583,0.5265920231804542
survset:UnempDur,DeepHit,1,42,2367,1.7320507764816284,0,1.0,0.955967342456013,0.044032657543987,1.7320507764816284,0.7846130616498217,0.2153869383501783,2.4494898319244385,0.591394552017597,0.40860544798240295
survset:UnempDur,DeepHit,1,42,1272,1.0,1,1.0,0.9350420318650626,0.06495796813493737,1.7320507764816284,0.7173956508708242,0.28260434912917576,2.4494898319244385,0.48349548561409117,0.5165045143859088
survset:UnempDur,DeepHit,1,42,2947,2.0,0,1.0,0.9698839671400535,0.030116032859946462,1.7320507764816284,0.8416129296420177,0.15838707035798227,2.4494898319244385,0.543923000459207,0.45607699954079295
survset:UnempDur,DeepHit,1,42,926,1.7320507764816284,1,1.0,0.9581426157953931,0.04185738420460694,1.7320507764816284,0.7949970886149159,0.20500291138508409,2.4494898319244385,0.5279917034448243,0.47200829655517573
survset:UnempDur,DeepHit,1,42,206,2.4494898319244385,0,1.0,0.9699595847487144,0.030040415251285646,1.7320507764816284,0.8275363615603286,0.17246363843967139,2.4494898319244385,0.5567390292128226,0.4432609707871774
survset:UnempDur,DeepHit,1,42,3018,2.2360680103302,0,1.0,0.9703247524436526,0.02967524755634743,1.7320507764816284,0.7936781864676937,0.20632181353230628,2.4494898319244385,0.48184446407816317,0.5181555359218368
survset:UnempDur,DeepHit,1,42,1943,3.7416574954986572,0,1.0,0.9515067497121782,0.04849325028782181,1.7320507764816284,0.7773587455836719,0.2226412544163281,2.4494898319244385,0.5442370112851108,0.4557629887148892
survset:UnempDur,DeepHit,1,42,3178,1.0,1,1.0,0.9416688750102159,0.0583311249897841,1.7320507764816284,0.6651902180250127,0.33480978197498734,2.4494898319244385,0.4623016110477727,0.5376983889522273
survset:UnempDur,DeepHit,1,42,669,1.4142135381698608,1,1.0,0.9339261004126891,0.06607389958731091,1.7320507764816284,0.6785362240037434,0.32146377599625664,2.4494898319244385,0.48967818394145507,0.510321816058545
survset:UnempDur,DeepHit,1,42,938,1.7320507764816284,1,1.0,0.9589936915055919,0.04100630849440812,1.7320507764816284,0.8076973136083724,0.19230268639162762,2.4494898319244385,0.5208128172770918,0.47918718272290817
survset:UnempDur,DeepHit,1,42,579,2.2360680103302,1,1.0,0.9609790418422871,0.03902095815771289,1.7320507764816284,0.8103761893013904,0.18962381069860956,2.4494898319244385,0.6149464864578738,0.38505351354212625
survset:UnempDur,DeepHit,1,42,1241,1.7320507764816284,1,1.0,0.9611317351335275,0.038868264866472546,1.7320507764816284,0.7904310508452245,0.20956894915477553,2.4494898319244385,0.571667079327176,0.428332920672824
survset:UnempDur,DeepHit,1,42,2848,1.4142135381698608,0,1.0,0.952956597782374,0.04704340221762604,1.7320507764816284,0.7938530642168413,0.20614693578315868,2.4494898319244385,0.5398100197320829,0.46018998026791713
survset:UnempDur,DeepHit,1,42,3174,1.7320507764816284,0,1.0,0.971830214323215,0.028169785676784964,1.7320507764816284,0.786060420744511,0.213939579255489,2.4494898319244385,0.48814125749341064,0.5118587425065894
survset:UnempDur,DeepHit,1,42,480,2.2360680103302,1,1.0,0.9396392493407667,0.0603607506592333,1.7320507764816284,0.7124882998223144,0.28751170017768557,2.4494898319244385,0.48843181827524507,0.5115681817247549
survset:UnempDur,DeepHit,1,42,3185,2.0,1,1.0,0.9425668894885615,0.05743311051143851,1.7320507764816284,0.7204247768627918,0.2795752231372082,2.4494898319244385,0.46442310481664234,0.5355768951833577
survset:UnempDur,DeepHit,1,42,1650,1.4142135381698608,1,1.0,0.9528784216866001,0.047121578313399914,1.7320507764816284,0.7741061530649007,0.22589384693509929,2.4494898319244385,0.5439859651899341,0.45601403481006586
survset:UnempDur,DeepHit,1,42,2460,3.0,1,1.0,0.9783025969716812,0.021697403028318796,1.7320507764816284,0.7853369914689295,0.21466300853107045,2.4494898319244385,0.5386967826691303,0.46130321733086965
survset:UnempDur,DeepHit,1,42,1704,1.4142135381698608,1,1.0,0.9514853521251414,0.048514647874858596,1.7320507764816284,0.7640838979536801,0.23591610204631985,2.4494898319244385,0.5443339163691714,0.4556660836308286
survset:UnempDur,DeepHit,1,42,706,2.0,1,1.0,0.9712169259469934,0.02878307405300662,1.7320507764816284,0.7742684139522487,0.22573158604775134,2.4494898319244385,0.5050244714824486,0.49497552851755144
survset:UnempDur,DeepHit,1,42,2012,2.0,0,1.0,0.9541281505953317,0.04587184940466826,1.7320507764816284,0.7919917063514278,0.2080082936485722,2.4494898319244385,0.5793039172802091,0.42069608271979086
survset:UnempDur,DeepHit,1,42,3122,2.2360680103302,0,1.0,0.939581390546386,0.06041860945361399,1.7320507764816284,0.7107953525763892,0.28920464742361085,2.4494898319244385,0.4764128243440553,0.5235871756559447
survset:UnempDur,DeepHit,1,42,116,2.0,1,1.0,0.9468643628798811,0.05313563712011893,1.7320507764816284,0.7216759128752446,0.2783240871247554,2.4494898319244385,0.489334773625454,0.5106652263745459
survset:UnempDur,DeepHit,1,42,1988,1.7320507764816284,1,1.0,0.9418031936011169,0.05819680639888314,1.7320507764816284,0.6920390850109892,0.3079609149890108,2.4494898319244385,0.49484001616498,0.50515998383502
survset:UnempDur,DeepHit,1,42,1025,3.7416574954986572,0,1.0,0.9611097270027595,0.03889027299724046,1.7320507764816284,0.7867688493534609,0.21323115064653908,2.4494898319244385,0.5372089675039704,0.4627910324960296
survset:UnempDur,DeepHit,1,42,2398,4.582575798034668,0,1.0,0.9457800717528658,0.054219928247134175,1.7320507764816284,0.7064371561593751,0.2935628438406249,2.4494898319244385,0.4908923157296795,0.5091076842703205
survset:UnempDur,DeepHit,1,42,1738,3.0,0,1.0,0.9541547174249075,0.04584528257509246,1.7320507764816284,0.7901092013865683,0.20989079861343174,2.4494898319244385,0.53547429770001,0.46452570229999
survset:UnempDur,DeepHit,1,42,2990,3.0,0,1.0,0.9498216271564005,0.050178372843599495,1.7320507764816284,0.7944247604111919,0.20557523958880808,2.4494898319244385,0.5540950400137444,0.44590495998625557
survset:UnempDur,DeepHit,1,42,2216,3.464101552963257,1,1.0,0.9504384917232157,0.049561508276784294,1.7320507764816284,0.7348809429806081,0.26511905701939187,2.4494898319244385,0.5305842778417905,0.4694157221582095
survset:UnempDur,DeepHit,1,42,1571,1.0,1,1.0,0.9426069362655244,0.05739306373447561,1.7320507764816284,0.6907271487662029,0.3092728512337971,2.4494898319244385,0.46809462950402947,0.5319053704959705
survset:UnempDur,DeepHit,1,42,1414,1.7320507764816284,1,1.0,0.9358339495306389,0.06416605046936108,1.7320507764816284,0.7047620857898457,0.29523791421015433,2.4494898319244385,0.5151601818845525,0.4848398181154475
survset:UnempDur,DeepHit,1,42,2803,1.0,1,1.0,0.908788041691505,0.09121195830849504,1.7320507764816284,0.6732842293738589,0.3267157706261411,2.4494898319244385,0.471273077283301,0.5287269227166991
survset:UnempDur,DeepHit,1,42,622,2.6457512378692627,1,1.0,0.9416237626597301,0.058376237340269865,1.7320507764816284,0.7016464844066844,0.2983535155933156,2.4494898319244385,0.5011958616752445,0.49880413832475545
survset:UnempDur,DeepHit,1,42,274,5.196152210235596,0,1.0,0.9561480583379044,0.043851941662095606,1.7320507764816284,0.6910971609204826,0.30890283907951743,2.4494898319244385,0.48517879887466975,0.5148212011253303
survset:UnempDur,DeepHit,1,42,337,2.6457512378692627,0,1.0,0.9712205619888502,0.028779438011149794,1.7320507764816284,0.8310959517750774,0.16890404822492255,2.4494898319244385,0.5299915890217519,0.4700084109782481
survset:UnempDur,DeepHit,1,42,3085,1.0,1,1.0,0.9150564765700847,0.08494352342991529,1.7320507764816284,0.6733106628876366,0.32668933711236336,2.4494898319244385,0.49130393858786947,0.5086960614121305
survset:UnempDur,DeepHit,1,42,2000,2.4494898319244385,0,1.0,0.9449547386918737,0.05504526130812626,1.7320507764816284,0.7030692357714262,0.2969307642285738,2.4494898319244385,0.4882693017187275,0.5117306982812725
survset:UnempDur,DeepHit,1,42,1754,1.7320507764816284,0,1.0,0.9754850230513548,0.02451497694864524,1.7320507764816284,0.7528361960996628,0.2471638039003372,2.4494898319244385,0.4541973451290204,0.5458026548709796
survset:UnempDur,DeepHit,1,42,49,2.0,1,1.0,0.9722502785944996,0.02774972140550036,1.7320507764816284,0.7856280659091385,0.21437193409086153,2.4494898319244385,0.48745997640370853,0.5125400235962915
survset:UnempDur,DeepHit,1,42,2957,2.4494898319244385,0,1.0,0.939198322229023,0.060801677770977,1.7320507764816284,0.7182573814908397,0.28174261850916027,2.4494898319244385,0.501482213376794,0.498517786623206
survset:UnempDur,DeepHit,1,42,2247,1.0,1,1.0,0.9386995816373411,0.06130041836265887,1.7320507764816284,0.6937610738734847,0.30623892612651527,2.4494898319244385,0.4806364432525208,0.5193635567474792
survset:UnempDur,DeepHit,1,42,2754,1.0,1,1.0,0.9314921736931804,0.06850782630681962,1.7320507764816284,0.6735982131572962,0.3264017868427038,2.4494898319244385,0.44772412773688586,0.5522758722631141
survset:UnempDur,DeepHit,1,42,2224,2.0,1,1.0,0.956648781996663,0.043351218003336967,1.7320507764816284,0.7692330503403271,0.23076694965967293,2.4494898319244385,0.5273502849343381,0.4726497150656619
survset:UnempDur,DeepHit,1,42,2587,1.7320507764816284,0,1.0,0.9403744606659401,0.059625539334059896,1.7320507764816284,0.71571046467192,0.28428953532808,2.4494898319244385,0.5074737255332525,0.49252627446674746
survset:UnempDur,DeepHit,1,42,387,3.0,0,1.0,0.9409956656801904,0.05900433431980956,1.7320507764816284,0.6853312310556332,0.3146687689443668,2.4494898319244385,0.4799260004968833,0.5200739995031167
survset:UnempDur,DeepHit,1,42,1031,1.4142135381698608,0,1.0,0.9479813730712295,0.05201862692877046,1.7320507764816284,0.7308352321516898,0.2691647678483102,2.4494898319244385,0.5213368442855931,0.4786631557144069
survset:UnempDur,DeepHit,1,42,1521,2.0,1,1.0,0.9544033298589363,0.04559667014106372,1.7320507764816284,0.7195024429160904,0.28049755708390955,2.4494898319244385,0.49584888539193817,0.5041511146080618
survset:UnempDur,DeepHit,1,42,1622,2.0,1,1.0,0.9581489656848845,0.0418510343151155,1.7320507764816284,0.7888690526548778,0.21113094734512217,2.4494898319244385,0.5340473691352209,0.4659526308647791
survset:UnempDur,DeepHit,1,42,2071,2.6457512378692627,0,1.0,0.9424455366747683,0.05755446332523173,1.7320507764816284,0.6972528895918577,0.3027471104081423,2.4494898319244385,0.4492451552136788,0.5507548447863212
survset:UnempDur,DeepHit,1,42,2053,2.0,1,1.0,0.9401987573974,0.0598012426026,1.7320507764816284,0.6916399530020421,0.30836004699795794,2.4494898319244385,0.48111075893457833,0.5188892410654217
survset:UnempDur,DeepHit,1,42,1511,1.4142135381698608,1,1.0,0.9461914013278822,0.05380859867211785,1.7320507764816284,0.7047131424024173,0.29528685759758266,2.4494898319244385,0.4856285860573066,0.5143714139426934
survset:UnempDur,DeepHit,1,42,2403,1.7320507764816284,0,1.0,0.9582238568800565,0.04177614311994349,1.7320507764816284,0.7961826408078551,0.20381735919214494,2.4494898319244385,0.5343020167674264,0.4656979832325736
survset:UnempDur,DeepHit,1,42,2156,2.6457512378692627,0,1.0,0.9680185926339817,0.03198140736601829,1.7320507764816284,0.7840731690000466,0.21592683099995336,2.4494898319244385,0.5003895811840117,0.49961041881598833
survset:UnempDur,DeepHit,1,42,721,1.0,1,1.0,0.9459959939961793,0.054004006003820715,1.7320507764816284,0.7074136366504615,0.29258636334953847,2.4494898319244385,0.4984953225333884,0.5015046774666116
survset:UnempDur,DeepHit,1,42,2998,1.4142135381698608,0,1.0,0.9526174981744683,0.04738250182553172,1.7320507764816284,0.7931175636187304,0.20688243638126957,2.4494898319244385,0.5289388338745953,0.4710611661254047
survset:UnempDur,DeepHit,1,42,2179,2.6457512378692627,1,1.0,0.9716315268496953,0.028368473150304663,1.7320507764816284,0.7769862604210069,0.22301373957899306,2.4494898319244385,0.5269831705169746,0.47301682948302537
survset:UnempDur,DeepHit,1,42,2103,2.6457512378692627,1,1.0,0.9563237257053332,0.043676274294666806,1.7320507764816284,0.7931197117173714,0.2068802882826286,2.4494898319244385,0.5602926005512311,0.4397073994487689
survset:UnempDur,DeepHit,1,42,295,2.2360680103302,1,1.0,0.957311631836551,0.04268836816344901,1.7320507764816284,0.8086388059869174,0.1913611940130826,2.4494898319244385,0.5614933626898577,0.4385066373101423
survset:UnempDur,DeepHit,1,42,246,2.2360680103302,1,1.0,0.9651180289685904,0.03488197103140955,1.7320507764816284,0.8286221050805852,0.1713778949194148,2.4494898319244385,0.6135349149256354,0.3864650850743646
survset:UnempDur,DeepHit,1,42,468,1.0,1,1.0,0.9538625544042918,0.046137445595708204,1.7320507764816284,0.7122495908735237,0.2877504091264763,2.4494898319244385,0.48588067667404017,0.5141193233259598
survset:UnempDur,DeepHit,1,42,2611,1.7320507764816284,0,1.0,0.9623652174722379,0.03763478252776209,1.7320507764816284,0.8062060752093909,0.19379392479060908,2.4494898319244385,0.5797392237036156,0.42026077629638436
survset:UnempDur,DeepHit,1,42,531,3.464101552963257,0,1.0,0.9444222708666957,0.05557772913330428,1.7320507764816284,0.8001429411979603,0.19985705880203974,2.4494898319244385,0.605452153557143,0.394547846442857
survset:UnempDur,DeepHit,1,42,3046,1.7320507764816284,1,1.0,0.9509609978506571,0.04903900214934287,1.7320507764816284,0.7780042260476853,0.22199577395231473,2.4494898319244385,0.5075767356790699,0.4924232643209301
survset:UnempDur,DeepHit,1,42,2319,1.0,1,1.0,0.9358288589036662,0.06417114109633382,1.7320507764816284,0.6981235093730087,0.3018764906269913,2.4494898319244385,0.4847004895041628,0.5152995104958372
survset:UnempDur,DeepHit,1,42,3038,2.8284270763397217,1,1.0,0.9667163415698561,0.033283658430143914,1.7320507764816284,0.7581210081125479,0.2418789918874521,2.4494898319244385,0.5071582160896565,0.4928417839103435
survset:UnempDur,DeepHit,1,42,791,2.6457512378692627,0,1.0,0.9651212369497215,0.03487876305027848,1.7320507764816284,0.8205688480474719,0.17943115195252812,2.4494898319244385,0.5502360609687754,0.4497639390312246
survset:UnempDur,DeepHit,1,42,2996,3.0,1,1.0,0.9380798606482176,0.06192013935178242,1.7320507764816284,0.6850094999051272,0.31499050009487284,2.4494898319244385,0.47009982780733933,0.5299001721926606
survset:UnempDur,DeepHit,1,42,1298,2.0,0,1.0,0.9515836633167899,0.048416336683210104,1.7320507764816284,0.7670706827638897,0.23292931723611032,2.4494898319244385,0.5223051343478101,0.4776948656521899
survset:UnempDur,DeepHit,1,42,781,2.6457512378692627,1,1.0,0.9803620264834005,0.01963797351659946,1.7320507764816284,0.8036551531559123,0.1963448468440877,2.4494898319244385,0.48686395488490813,0.5131360451150919
survset:UnempDur,DeepHit,1,42,2820,1.7320507764816284,0,1.0,0.9530853197379455,0.046914680262054476,1.7320507764816284,0.8050980294597887,0.1949019705402113,2.4494898319244385,0.5565386000846386,0.4434613999153614
survset:UnempDur,DeepHit,1,42,1306,2.4494898319244385,0,1.0,0.9627718086826078,0.03722819131739219,1.7320507764816284,0.7916696904278936,0.2083303095721064,2.4494898319244385,0.4890485804170244,0.5109514195829756
survset:UnempDur,DeepHit,1,42,1913,3.872983455657959,1,1.0,0.9572052740063257,0.04279472599367429,1.7320507764816284,0.8016565399267416,0.19834346007325843,2.4494898319244385,0.5986731941227004,0.40132680587729963
survset:UnempDur,DeepHit,1,42,2084,1.0,1,1.0,0.9559686823130731,0.04403131768692692,1.7320507764816284,0.8331906868354293,0.1668093131645707,2.4494898319244385,0.6053000256491243,0.39469997435087567
survset:UnempDur,DeepHit,1,42,284,2.0,0,1.0,0.9679228426428145,0.032077157357185526,1.7320507764816284,0.8240933779267534,0.1759066220732466,2.4494898319244385,0.6036105710921075,0.3963894289078925
survset:UnempDur,DeepHit,1,42,2496,1.7320507764816284,1,1.0,0.9852175803353546,0.014782419664645441,1.7320507764816284,0.7817118763994074,0.21828812360059258,2.4494898319244385,0.5261456744187627,0.4738543255812373
survset:UnempDur,DeepHit,1,42,1418,1.0,1,1.0,0.9490637916392612,0.050936208360738755,1.7320507764816284,0.785856504747488,0.21414349525251197,2.4494898319244385,0.5748513684243441,0.42514863157565586
survset:UnempDur,DeepHit,1,42,2154,2.2360680103302,1,1.0,0.9572099062775798,0.04279009372242015,1.7320507764816284,0.7837483788329804,0.21625162116701957,2.4494898319244385,0.5947949840653541,0.40520501593464586
survset:UnempDur,DeepHit,1,42,1699,1.4142135381698608,0,1.0,0.9307309114179172,0.0692690885820828,1.7320507764816284,0.6938751100361868,0.30612488996381315,2.4494898319244385,0.5031667894341317,0.49683321056586827
survset:UnempDur,DeepHit,1,42,1908,2.8284270763397217,1,1.0,0.9576621135054707,0.0423378864945293,1.7320507764816284,0.8076418690901557,0.19235813090984433,2.4494898319244385,0.5708494678750788,0.42915053212492116
survset:UnempDur,DeepHit,1,42,214,3.316624879837036,0,1.0,0.9551320748184362,0.044867925181563795,1.7320507764816284,0.8076082785560157,0.1923917214439843,2.4494898319244385,0.5571872993016771,0.4428127006983229
survset:UnempDur,DeepHit,1,42,2439,3.7416574954986572,1,1.0,0.9747901759863219,0.025209824013678106,1.7320507764816284,0.7906183641715263,0.2093816358284737,2.4494898319244385,0.4803374115353398,0.5196625884646602
survset:UnempDur,DeepHit,1,42,1312,3.316624879837036,1,1.0,0.9574563020022209,0.04254369799777913,1.7320507764816284,0.7747169171531129,0.22528308284688714,2.4494898319244385,0.5155033306230322,0.4844966693769678
survset:UnempDur,DeepHit,1,42,335,2.6457512378692627,0,1.0,0.9375354813189907,0.06246451868100933,1.7320507764816284,0.6717809757709844,0.3282190242290156,2.4494898319244385,0.46918764839821187,0.5308123516017882
survset:UnempDur,DeepHit,1,42,1329,1.0,1,1.0,0.9422973062898168,0.05770269371018322,1.7320507764816284,0.6875384607612469,0.3124615392387531,2.4494898319244385,0.4917809642849644,0.5082190357150356
survset:UnempDur,DeepHit,1,42,2993,1.0,1,1.0,0.9442726174490296,0.05572738255097043,1.7320507764816284,0.7402090723512431,0.2597909276487569,2.4494898319244385,0.5267877150865958,0.47321228491340417
survset:UnempDur,DeepHit,1,42,931,1.0,1,1.0,0.9386930482511597,0.061306951748840266,1.7320507764816284,0.6856399515083502,0.3143600484916498,2.4494898319244385,0.47436333305779327,0.5256366669422068
survset:UnempDur,DeepHit,1,42,311,1.0,1,1.0,0.95277940594289,0.04722059405710999,1.7320507764816284,0.7331751001341348,0.2668248998658652,2.4494898319244385,0.5186608159352164,0.4813391840647836
survset:UnempDur,DeepHit,1,42,3009,4.582575798034668,1,1.0,0.9562396803379859,0.0437603196620141,1.7320507764816284,0.7936040097760765,0.20639599022392352,2.4494898319244385,0.5601982140789366,0.43980178592106345
survset:UnempDur,DeepHit,1,42,94,1.4142135381698608,1,1.0,0.9339802065339858,0.06601979346601416,1.7320507764816284,0.6809969857569563,0.31900301424304367,2.4494898319244385,0.4727569938734202,0.5272430061265798
survset:UnempDur,DeepHit,1,42,2258,2.0,1,1.0,0.9398899898938932,0.06011001010610684,1.7320507764816284,0.6886630317528456,0.3113369682471544,2.4494898319244385,0.48484766703297744,0.5151523329670226
survset:UnempDur,DeepHit,1,42,1005,2.0,1,1.0,0.9574890595570558,0.042510940442944234,1.7320507764816284,0.7696394901495207,0.2303605098504793,2.4494898319244385,0.514261430209229,0.485738569790771
survset:UnempDur,DeepHit,1,42,1404,1.7320507764816284,1,1.0,0.9386954166456867,0.061304583354313325,1.7320507764816284,0.6834788502933349,0.3165211497066651,2.4494898319244385,0.46000264905339644,0.5399973509466036
survset:UnempDur,DeepHit,1,42,2505,1.4142135381698608,0,1.0,0.9525642410495618,0.04743575895043817,1.7320507764816284,0.716195163235669,0.283804836764331,2.4494898319244385,0.4789845737993862,0.5210154262006138
survset:UnempDur,DeepHit,1,42,558,2.6457512378692627,1,1.0,0.950665159981749,0.04933484001825095,1.7320507764816284,0.8113398869125354,0.18866011308746455,2.4494898319244385,0.5653631055913145,0.43463689440868547
survset:UnempDur,DeepHit,1,42,3172,2.0,0,1.0,0.9738971945873389,0.02610280541266108,1.7320507764816284,0.8052600442625482,0.19473995573745184,2.4494898319244385,0.4797526155262373,0.5202473844737627
survset:UnempDur,DeepHit,1,42,2943,3.0,0,1.0,0.9578473414584532,0.04215265854154682,1.7320507764816284,0.793091410992946,0.206908589007054,2.4494898319244385,0.529833375712429,0.47016662428757094
survset:UnempDur,DeepHit,1,42,1058,3.605551242828369,0,1.0,0.9725243613938039,0.027475638606196062,1.7320507764816284,0.8029769291429687,0.1970230708570313,2.4494898319244385,0.5597270062361148,0.4402729937638852
survset:UnempDur,DeepHit,1,42,1986,3.0,1,1.0,0.9519641074155605,0.04803589258443952,1.7320507764816284,0.7866507883588189,0.21334921164118115,2.4494898319244385,0.5282660108451146,0.4717339891548854
survset:UnempDur,DeepHit,1,42,2618,1.7320507764816284,1,1.0,0.9623017824073565,0.03769821759264347,1.7320507764816284,0.77394712090492,0.22605287909507998,2.4494898319244385,0.5501192285930845,0.4498807714069155
survset:UnempDur,DeepHit,1,42,2209,3.316624879837036,0,1.0,0.9719703038548282,0.028029696145171812,1.7320507764816284,0.8593103152390613,0.14068968476093868,2.4494898319244385,0.5694968910613066,0.43050310893869337
survset:UnempDur,DeepHit,1,42,39,2.2360680103302,1,1.0,0.9528090287656776,0.047190971234322365,1.7320507764816284,0.7994912752119341,0.20050872478806592,2.4494898319244385,0.5612518746556212,0.4387481253443788
survset:UnempDur,DeepHit,1,42,1100,2.0,0,1.0,0.963894493550499,0.036105506449500946,1.7320507764816284,0.781158982265523,0.21884101773447695,2.4494898319244385,0.4901605287945923,0.5098394712054077
survset:UnempDur,DeepHit,1,42,1977,3.464101552963257,1,1.0,0.9498561620018483,0.0501438379981517,1.7320507764816284,0.799413316976632,0.20058668302336802,2.4494898319244385,0.593722908299246,0.406277091700754
survset:UnempDur,DeepHit,1,42,3035,2.0,0,1.0,0.9532029404281936,0.046797059571806354,1.7320507764816284,0.7484168701892153,0.2515831298107847,2.4494898319244385,0.5610955505306796,0.4389044494693204
survset:UnempDur,DeepHit,1,42,1577,1.4142135381698608,0,1.0,0.9832828984965531,0.016717101503446852,1.7320507764816284,0.8335997420026557,0.16640025799734426,2.4494898319244385,0.5264536552110715,0.47354634478892854
survset:UnempDur,DeepHit,1,42,1072,1.7320507764816284,0,1.0,0.9552425143819608,0.04475748561803916,1.7320507764816284,0.7647960406666626,0.23520395933333738,2.4494898319244385,0.515245321664719,0.48475467833528096
survset:UnempDur,DeepHit,1,42,3126,1.4142135381698608,1,1.0,0.9423525163564885,0.057647483643511466,1.7320507764816284,0.6783254154655687,0.3216745845344313,2.4494898319244385,0.4484296559976107,0.5515703440023894
survset:UnempDur,DeepHit,1,42,1430,1.7320507764816284,1,1.0,0.9480629634613744,0.05193703653862558,1.7320507764816284,0.6820327979537554,0.3179672020462446,2.4494898319244385,0.4604006359906172,0.5395993640093828
survset:UnempDur,DeepHit,1,42,626,4.690415859222412,0,1.0,0.9721072220340362,0.02789277796596379,1.7320507764816284,0.7855909678200969,0.21440903217990315,2.4494898319244385,0.5727285645661597,0.4272714354338403
survset:UnempDur,DeepHit,1,42,2305,3.7416574954986572,0,1.0,0.9632609085507035,0.036739091449296546,1.7320507764816284,0.818440285560815,0.18155971443918495,2.4494898319244385,0.5888266234824411,0.4111733765175589
survset:UnempDur,DeepHit,1,42,1348,3.0,0,1.0,0.9539337420121664,0.04606625798783359,1.7320507764816284,0.8077084874093153,0.19229151259068467,2.4494898319244385,0.5729363006230596,0.42706369937694044
survset:UnempDur,DeepHit,1,42,494,2.6457512378692627,1,1.0,0.9496626370863843,0.05033736291361568,1.7320507764816284,0.7666107495435535,0.23338925045644654,2.4494898319244385,0.5537748992470289,0.44622510075297106
survset:UnempDur,DeepHit,1,42,3212,2.4494898319244385,1,1.0,0.9337018922262836,0.06629810777371636,1.7320507764816284,0.6712704825359891,0.3287295174640109,2.4494898319244385,0.4499957716701082,0.5500042283298918
survset:UnempDur,DeepHit,1,42,1092,3.464101552963257,0,1.0,0.964828298455988,0.035171701544011946,1.7320507764816284,0.7749595128225215,0.2250404871774785,2.4494898319244385,0.5293958841673356,0.47060411583266437
survset:UnempDur,DeepHit,1,42,1633,1.0,1,1.0,0.9438720881540955,0.05612791184590449,1.7320507764816284,0.7095936542517122,0.29040634574828783,2.4494898319244385,0.4995959739627357,0.5004040260372643
survset:UnempDur,DeepHit,1,42,128,2.2360680103302,1,1.0,0.9788823846423826,0.02111761535761736,1.7320507764816284,0.7819613666814308,0.2180386333185692,2.4494898319244385,0.4840101140501896,0.5159898859498104
survset:UnempDur,DeepHit,1,42,1936,3.7416574954986572,1,1.0,0.9499135356345191,0.05008646436548092,1.7320507764816284,0.771901152031993,0.22809884796800695,2.4494898319244385,0.5967699622884597,0.4032300377115403
survset:UnempDur,DeepHit,1,42,1999,1.4142135381698608,1,1.0,0.9563861231190274,0.043613876880972624,1.7320507764816284,0.7926570768306058,0.20734292316939418,2.4494898319244385,0.5129558723424545,0.48704412765754546
survset:UnempDur,DeepHit,1,42,723,2.0,1,1.0,0.9501799904945432,0.04982000950545684,1.7320507764816284,0.7605646052689818,0.23943539473101816,2.4494898319244385,0.5431106388531145,0.4568893611468855
survset:UnempDur,DeepHit,1,42,2673,1.4142135381698608,1,1.0,0.9500420150514425,0.04995798494855752,1.7320507764816284,0.8075335103006722,0.19246648969932778,2.4494898319244385,0.6071921936383722,0.3928078063616278
survset:UnempDur,DeepHit,1,42,2192,1.0,1,1.0,0.9474865382029631,0.052513461797036864,1.7320507764816284,0.7338360372373166,0.2661639627626834,2.4494898319244385,0.5170890940983438,0.4829109059016562
survset:UnempDur,DeepHit,1,42,1872,4.582575798034668,0,1.0,0.9548516993382795,0.045148300661720486,1.7320507764816284,0.7828307119325069,0.21716928806749314,2.4494898319244385,0.5612457087854804,0.4387542912145196
survset:UnempDur,DeepHit,1,42,3100,1.0,1,1.0,0.9332014472131303,0.06679855278686975,1.7320507764816284,0.6735180784026372,0.3264819215973628,2.4494898319244385,0.4728984125190467,0.5271015874809533
survset:UnempDur,DeepHit,1,42,635,1.0,1,1.0,0.9323637012579427,0.06763629874205734,1.7320507764816284,0.6947663845997113,0.3052336154002887,2.4494898319244385,0.48307859209223286,0.5169214079077671
survset:UnempDur,DeepHit,1,42,671,1.0,1,1.0,0.949285873671117,0.05071412632888295,1.7320507764816284,0.6978704014774698,0.3021295985225302,2.4494898319244385,0.5129147626297801,0.4870852373702199
survset:UnempDur,DeepHit,1,42,1363,1.0,1,1.0,0.9267521135761545,0.0732478864238455,1.7320507764816284,0.7023882599383542,0.2976117400616458,2.4494898319244385,0.48776728154494536,0.5122327184550546
survset:UnempDur,DeepHit,1,42,2392,1.4142135381698608,1,1.0,0.9470782297951141,0.052921770204885865,1.7320507764816284,0.7073995099145961,0.2926004900854039,2.4494898319244385,0.485256729798442,0.514743270201558
survset:UnempDur,DeepHit,1,42,328,1.0,1,1.0,0.9407706592182814,0.0592293407817186,1.7320507764816284,0.7511125968645291,0.24888740313547086,2.4494898319244385,0.5317123364483951,0.4682876635516049
survset:UnempDur,DeepHit,1,42,595,3.1622776985168457,0,1.0,0.9547690400440926,0.045230959955907424,1.7320507764816284,0.7961447587524575,0.2038552412475425,2.4494898319244385,0.5575726237719786,0.4424273762280214
survset:UnempDur,DeepHit,1,42,44,2.0,0,1.0,0.9529961331369519,0.04700386686304814,1.7320507764816284,0.7609088433000987,0.23909115669990133,2.4494898319244385,0.5538935766212602,0.44610642337873985
survset:UnempDur,DeepHit,1,42,2134,4.4721360206604,0,1.0,0.9789868892480853,0.0210131107519147,1.7320507764816284,0.8129652798204964,0.18703472017950362,2.4494898319244385,0.5098077278411149,0.49019227215888506
survset:UnempDur,DeepHit,1,42,2058,1.4142135381698608,1,1.0,0.9629170140065577,0.037082985993442286,1.7320507764816284,0.81336570230476,0.18663429769523998,2.4494898319244385,0.5522279229722312,0.4477720770277688
survset:UnempDur,DeepHit,1,42,1002,2.2360680103302,0,1.0,0.9581295845638469,0.04187041543615311,1.7320507764816284,0.7848381170153639,0.21516188298463612,2.4494898319244385,0.535177399539078,0.46482260046092205
survset:UnempDur,DeepHit,1,42,2612,1.7320507764816284,0,1.0,0.9759718537226748,0.02402814627732519,1.7320507764816284,0.8524755452664051,0.14752445473359488,2.4494898319244385,0.6959729999374596,0.30402700006254035
survset:UnempDur,DeepHit,1,42,2172,2.2360680103302,0,1.0,0.9581396868355773,0.041860313164422736,1.7320507764816284,0.7700791785418554,0.22992082145814463,2.4494898319244385,0.49898903774251135,0.5010109622574886
survset:UnempDur,DeepHit,1,42,1826,4.358899116516113,0,1.0,0.9496591730857298,0.05034082691427022,1.7320507764816284,0.8232441558047113,0.17675584419528867,2.4494898319244385,0.6011929331222003,0.39880706687779965
survset:UnempDur,DeepHit,1,42,2941,1.0,1,1.0,0.9440931370314292,0.055906862968570836,1.7320507764816284,0.686969447418743,0.313030552581257,2.4494898319244385,0.4806538088306801,0.5193461911693199
survset:UnempDur,DeepHit,1,42,306,3.0,1,1.0,0.9361885720655626,0.06381142793443739,1.7320507764816284,0.6940019885801804,0.30599801141981964,2.4494898319244385,0.493912968271539,0.5060870317284609
survset:UnempDur,DeepHit,1,42,350,4.4721360206604,0,1.0,0.9544383207302863,0.04556167926971366,1.7320507764816284,0.7746167947977125,0.2253832052022875,2.4494898319244385,0.5343369403556008,0.46566305964439925
survset:UnempDur,DeepHit,1,42,57,2.0,1,1.0,0.9467002944735153,0.053299705526484664,1.7320507764816284,0.679847703996986,0.320152296003014,2.4494898319244385,0.4572028788588991,0.5427971211411009
survset:UnempDur,DeepHit,1,42,2933,1.0,1,1.0,0.9462710833556182,0.05372891664438184,1.7320507764816284,0.7358023390996733,0.2641976609003267,2.4494898319244385,0.47399552881589335,0.5260044711841066
survset:UnempDur,DeepHit,1,42,3023,1.0,1,1.0,0.9344693726867245,0.06553062731327552,1.7320507764816284,0.6794658354207156,0.3205341645792844,2.4494898319244385,0.47502844434742425,0.5249715556525758
survset:UnempDur,DeepHit,1,42,1349,2.6457512378692627,1,1.0,0.942911472863733,0.057088527136267,1.7320507764816284,0.6962466289019267,0.3037533710980733,2.4494898319244385,0.4967527442836451,0.503247255716355
survset:UnempDur,DeepHit,1,42,1060,2.0,1,1.0,0.9648491815772382,0.0351508184227618,1.7320507764816284,0.8220480788368373,0.17795192116316272,2.4494898319244385,0.6631019465162024,0.33689805348379764
survset:UnempDur,DeepHit,1,42,410,3.605551242828369,0,1.0,0.95360025755569,0.04639974244431,1.7320507764816284,0.7688105723981951,0.23118942760180494,2.4494898319244385,0.5417847838753757,0.45821521612462435
survset:UnempDur,DeepHit,1,42,2939,2.2360680103302,0,1.0,0.9537414176094026,0.046258582390597436,1.7320507764816284,0.7923420095911777,0.20765799040882227,2.4494898319244385,0.5453104269723306,0.45468957302766944
survset:UnempDur,DeepHit,1,42,2722,1.4142135381698608,0,1.0,0.9479325422917511,0.05206745770824894,1.7320507764816284,0.7196355439301136,0.28036445606988636,2.4494898319244385,0.5173375367443476,0.48266246325565243
survset:UnempDur,DeepHit,1,42,2539,2.8284270763397217,0,1.0,0.9525559434728947,0.04744405652710526,1.7320507764816284,0.8030201747650746,0.1969798252349254,2.4494898319244385,0.5644473291893128,0.43555267081068716
survset:UnempDur,DeepHit,1,42,2368,4.123105525970459,0,1.0,0.9543153389896208,0.04568466101037916,1.7320507764816284,0.7928750241527761,0.2071249758472239,2.4494898319244385,0.5442144876610514,0.4557855123389486
survset:UnempDur,DeepHit,1,42,1297,3.605551242828369,0,1.0,0.9584130193506111,0.04158698064938893,1.7320507764816284,0.8226806055700988,0.1773193944299012,2.4494898319244385,0.5918750836415567,0.4081249163584433
survset:UnempDur,DeepHit,1,42,2710,1.7320507764816284,1,1.0,0.9618771946141499,0.03812280538585011,1.7320507764816284,0.8282049647747413,0.17179503522525874,2.4494898319244385,0.6296327261795992,0.3703672738204008
survset:UnempDur,DeepHit,1,42,1630,2.6457512378692627,0,1.0,0.9454429344163735,0.054557065583626496,1.7320507764816284,0.6802594430553724,0.31974055694462755,2.4494898319244385,0.4681983669532491,0.5318016330467509
survset:UnempDur,DeepHit,1,42,1888,3.316624879837036,0,1.0,0.9536775856287965,0.046322414371203546,1.7320507764816284,0.7930555788939954,0.20694442110600464,2.4494898319244385,0.5277722590739355,0.47222774092606445
survset:UnempDur,DeepHit,1,42,2867,2.4494898319244385,0,1.0,0.9442587052380613,0.055741294761938676,1.7320507764816284,0.6993961238323889,0.3006038761676111,2.4494898319244385,0.4659287566492258,0.5340712433507742
survset:UnempDur,DeepHit,1,42,1923,1.4142135381698608,1,1.0,0.9423410643462884,0.05765893565371161,1.7320507764816284,0.6655383186499756,0.3344616813500244,2.4494898319244385,0.48836891117869835,0.5116310888213016
survset:UnempDur,DeepHit,1,42,3193,3.0,1,1.0,0.9709896971033406,0.0290103028966594,1.7320507764816284,0.76407551630367,0.23592448369633,2.4494898319244385,0.48823050073878027,0.5117694992612197
survset:UnempDur,DeepHit,1,42,2335,1.0,1,1.0,0.939034167226355,0.06096583277364498,1.7320507764816284,0.7256925301567455,0.2743074698432545,2.4494898319244385,0.5013479611778822,0.49865203882211784
survset:UnempDur,DeepHit,1,42,1741,2.0,1,1.0,0.962252203989202,0.03774779601079803,1.7320507764816284,0.7563918633922928,0.2436081366077072,2.4494898319244385,0.5472215487424524,0.45277845125754757
survset:UnempDur,DeepHit,1,42,1968,1.4142135381698608,1,1.0,0.9509979268858174,0.04900207311418259,1.7320507764816284,0.6987133005283602,0.3012866994716398,2.4494898319244385,0.4940572610912119,0.505942738908788
survset:UnempDur,DeepHit,1,42,2116,3.7416574954986572,1,1.0,0.9550292440176331,0.04497075598236688,1.7320507764816284,0.8059226725645774,0.1940773274354226,2.4494898319244385,0.5424967172731877,0.4575032827268123
survset:UnempDur,DeepHit,1,42,1697,1.4142135381698608,0,1.0,0.9475482301498,0.05245176985019995,1.7320507764816284,0.6842385715087341,0.31576142849126587,2.4494898319244385,0.459353812897696,0.540646187102304
survset:UnempDur,DeepHit,1,42,1840,2.4494898319244385,0,1.0,0.9533148965486037,0.046685103451396315,1.7320507764816284,0.7797939169478284,0.2202060830521716,2.4494898319244385,0.5196394068475584,0.4803605931524416
survset:UnempDur,DeepHit,1,42,606,1.7320507764816284,1,1.0,0.9370955142321783,0.0629044857678217,1.7320507764816284,0.7214825361748761,0.2785174638251239,2.4494898319244385,0.5342391002754721,0.46576089972452794
survset:UnempDur,DeepHit,1,42,16,1.0,1,1.0,0.93466407341872,0.06533592658127996,1.7320507764816284,0.6953009843494327,0.30469901565056734,2.4494898319244385,0.4843107620304879,0.5156892379695122
survset:UnempDur,DeepHit,1,42,1612,2.6457512378692627,1,1.0,0.9633815247925357,0.03661847520746431,1.7320507764816284,0.8073597744824563,0.19264022551754367,2.4494898319244385,0.4824578071618315,0.5175421928381685
survset:UnempDur,DeepHit,1,42,2122,1.4142135381698608,1,1.0,0.9290264973648157,0.07097350263518432,1.7320507764816284,0.6720860473801854,0.3279139526198146,2.4494898319244385,0.4299617054471438,0.5700382945528562
survset:UnempDur,DeepHit,1,42,3177,1.4142135381698608,1,1.0,0.9416068276070213,0.0583931723929787,1.7320507764816284,0.7399264283912868,0.26007357160871325,2.4494898319244385,0.5225837245913346,0.4774162754086654
survset:UnempDur,DeepHit,1,42,2325,2.6457512378692627,1,1.0,0.9314536775977654,0.06854632240223457,1.7320507764816284,0.6728877050785609,0.3271122949214391,2.4494898319244385,0.49000352461431707,0.5099964753856829
survset:UnempDur,DeepHit,1,42,3,1.7320507764816284,1,1.0,0.9570023124945936,0.042997687505406446,1.7320507764816284,0.7589684189744803,0.2410315810255197,2.4494898319244385,0.5163859598232553,0.4836140401767447
survset:UnempDur,DeepHit,1,42,2622,3.316624879837036,0,1.0,0.9619352930161373,0.03806470698386266,1.7320507764816284,0.7653349393856476,0.23466506061435244,2.4494898319244385,0.533962045265905,0.46603795473409504
survset:UnempDur,DeepHit,1,42,2676,2.2360680103302,1,1.0,0.9547524855060308,0.04524751449396924,1.7320507764816284,0.8122855660254614,0.18771443397453857,2.4494898319244385,0.5926871791203469,0.40731282087965315
survset:UnempDur,DeepHit,1,42,1663,1.4142135381698608,1,1.0,0.9589226602005994,0.04107733979940065,1.7320507764816284,0.7810906022793204,0.21890939772067963,2.4494898319244385,0.5780432886287173,0.42195671137128266
survset:UnempDur,DeepHit,1,42,2188,1.0,1,1.0,0.934884281251701,0.06511571874829902,1.7320507764816284,0.7002014493895847,0.29979855061041527,2.4494898319244385,0.4969983578898092,0.5030016421101908
survset:UnempDur,DeepHit,1,42,8,2.2360680103302,0,1.0,0.9514755161278629,0.04852448387213715,1.7320507764816284,0.8043218044060008,0.19567819559399924,2.4494898319244385,0.5692996183511148,0.43070038164888524
survset:UnempDur,DeepHit,1,42,55,1.0,1,1.0,0.9388490836552504,0.06115091634474956,1.7320507764816284,0.717282359276906,0.282717640723094,2.4494898319244385,0.5096603649116251,0.49033963508837486
survset:UnempDur,DeepHit,1,42,1508,1.7320507764816284,1,1.0,0.9439766045201605,0.05602339547983948,1.7320507764816284,0.6953268520523797,0.30467314794762035,2.4494898319244385,0.4811362356659353,0.5188637643340648
survset:UnempDur,DeepHit,1,42,2578,2.2360680103302,1,1.0,0.9432737742313091,0.05672622576869091,1.7320507764816284,0.6815807414344259,0.31841925856557407,2.4494898319244385,0.49126311495000013,0.5087368850499998
survset:UnempDur,DeepHit,1,42,2852,3.1622776985168457,0,1.0,0.9508921908148796,0.049107809185120366,1.7320507764816284,0.8239713174026717,0.1760286825973283,2.4494898319244385,0.5938057721363743,0.4061942278636257
survset:UnempDur,DeepHit,1,42,2165,4.4721360206604,1,1.0,0.9569835720924486,0.04301642790755145,1.7320507764816284,0.778907491725936,0.22109250827406401,2.4494898319244385,0.5056665361823525,0.49433346381764753
survset:UnempDur,DeepHit,1,42,1539,1.4142135381698608,1,1.0,0.9514650081964621,0.04853499180353793,1.7320507764816284,0.8034439406259668,0.1965560593740332,2.4494898319244385,0.5401474609771473,0.4598525390228527
survset:UnempDur,DeepHit,1,42,1133,1.4142135381698608,1,1.0,0.9449123711230215,0.05508762887697849,1.7320507764816284,0.7190026085647956,0.2809973914352044,2.4494898319244385,0.507612660756049,0.49238733924395095
survset:UnempDur,DeepHit,1,42,2895,2.2360680103302,1,1.0,0.983104272395252,0.016895727604748,1.7320507764816284,0.9484868373830673,0.05151316261693273,2.4494898319244385,0.5787631403783596,0.42123685962164037
survset:UnempDur,DeepHit,1,42,2558,1.7320507764816284,0,1.0,0.937945983768191,0.06205401623180895,1.7320507764816284,0.6962067538555012,0.30379324614449876,2.4494898319244385,0.4948904492447401,0.5051095507552599
survset:UnempDur,DeepHit,1,42,1656,2.8284270763397217,1,1.0,0.9447321506161791,0.0552678493838209,1.7320507764816284,0.6831804005805368,0.31681959941946325,2.4494898319244385,0.47537324183573426,0.5246267581642657
survset:UnempDur,DeepHit,1,42,895,2.2360680103302,0,1.0,0.9601875774722719,0.0398124225277281,1.7320507764816284,0.8058842210164865,0.1941157789835135,2.4494898319244385,0.5980249287243822,0.4019750712756178
survset:UnempDur,DeepHit,1,42,36,1.7320507764816284,1,1.0,0.9456997857831171,0.054300214216882914,1.7320507764816284,0.7165098519345617,0.28349014806543826,2.4494898319244385,0.500561828214654,0.499438171785346
survset:UnempDur,DeepHit,1,42,2668,2.0,0,1.0,0.9527403597969354,0.04725964020306461,1.7320507764816284,0.7841796743836477,0.21582032561635234,2.4494898319244385,0.5230919460046792,0.47690805399532077
survset:UnempDur,DeepHit,1,42,1273,3.605551242828369,1,1.0,0.9555026599600908,0.04449734003990924,1.7320507764816284,0.7983994892786387,0.20160051072136131,2.4494898319244385,0.5503077077299675,0.4496922922700325
survset:UnempDur,DeepHit,1,42,461,2.6457512378692627,0,1.0,0.9500409637802819,0.04995903621971809,1.7320507764816284,0.8440058538929659,0.1559941461070341,2.4494898319244385,0.6429572829180588,0.35704271708194124
survset:UnempDur,DeepHit,1,42,3210,1.7320507764816284,1,1.0,0.9649982479560422,0.035001752043957834,1.7320507764816284,0.8244667410864973,0.1755332589135027,2.4494898319244385,0.6519052507679806,0.34809474923201944
survset:UnempDur,DeepHit,1,42,96,2.6457512378692627,1,1.0,0.9589208171150141,0.04107918288498591,1.7320507764816284,0.7817602301500739,0.2182397698499261,2.4494898319244385,0.49979702808165427,0.5002029719183457
survset:UnempDur,DeepHit,1,42,1121,3.605551242828369,0,1.0,0.9473291076056805,0.052670892394319546,1.7320507764816284,0.722764848028654,0.27723515197134596,2.4494898319244385,0.5157662192525364,0.4842337807474636
survset:UnempDur,DeepHit,1,42,2099,1.7320507764816284,1,1.0,0.9422074177655388,0.057792582234461154,1.7320507764816284,0.7095692700842132,0.2904307299157868,2.4494898319244385,0.48242339769297454,0.5175766023070254
survset:UnempDur,DeepHit,1,42,2385,2.8284270763397217,1,1.0,0.9530392642201581,0.046960735779841944,1.7320507764816284,0.7852167788780228,0.21478322112197723,2.4494898319244385,0.53216090420819,0.46783909579181004
survset:UnempDur,DeepHit,1,42,918,1.4142135381698608,0,1.0,0.9450686426709619,0.05493135732903809,1.7320507764816284,0.7615048221745919,0.23849517782540808,2.4494898319244385,0.5352853959830752,0.46471460401692477
survset:UnempDur,DeepHit,1,42,1790,4.242640495300293,0,1.0,0.981057420389462,0.018942579610538024,1.7320507764816284,0.8311042050549977,0.1688957949450023,2.4494898319244385,0.5211000858314055,0.47889991416859445
survset:UnempDur,DeepHit,1,42,205,1.7320507764816284,1,1.0,0.9515089833305332,0.04849101666946676,1.7320507764816284,0.7866766093398395,0.21332339066016048,2.4494898319244385,0.5444154447277734,0.45558455527222663
survset:UnempDur,DeepHit,1,42,1066,2.8284270763397217,0,1.0,0.9525775453376591,0.04742245466234085,1.7320507764816284,0.7936700923338968,0.20632990766610315,2.4494898319244385,0.5915431569433836,0.40845684305661645
survset:UnempDur,DeepHit,1,42,66,1.0,1,1.0,0.945730589079883,0.054269410920116945,1.7320507764816284,0.6840808139725624,0.3159191860274376,2.4494898319244385,0.47179442931862414,0.5282055706813759
survset:UnempDur,DeepHit,1,42,868,3.605551242828369,1,1.0,0.9539642177606178,0.046035782239382206,1.7320507764816284,0.8403226413583668,0.15967735864163324,2.4494898319244385,0.5269519664009226,0.47304803359907743
survset:UnempDur,DeepHit,1,42,3057,2.6457512378692627,1,1.0,0.9400302470262905,0.059969752973709545,1.7320507764816284,0.6976002723758046,0.3023997276241954,2.4494898319244385,0.4869822155246435,0.5130177844753565
survset:UnempDur,DeepHit,1,42,611,1.0,1,1.0,0.9427331363963166,0.05726686360368338,1.7320507764816284,0.7042457889935575,0.2957542110064425,2.4494898319244385,0.5069626969126602,0.49303730308733984
survset:UnempDur,DeepHit,1,42,2243,4.582575798034668,1,1.0,0.9608965089154836,0.039103491084516384,1.7320507764816284,0.7959476998115628,0.20405230018843723,2.4494898319244385,0.6142644914897841,0.3857355085102159
survset:UnempDur,DeepHit,1,42,2017,2.8284270763397217,1,1.0,0.938753764172158,0.061246235827842055,1.7320507764816284,0.7274544239406879,0.27254557605931207,2.4494898319244385,0.4789985344127205,0.5210014655872794
survset:UnempDur,DeepHit,1,42,1609,1.0,1,1.0,0.9468853432975214,0.05311465670247861,1.7320507764816284,0.6721014407177668,0.3278985592822332,2.4494898319244385,0.43482256855520235,0.5651774314447977
survset:UnempDur,DeepHit,1,42,104,2.4494898319244385,0,1.0,0.9460863058561397,0.05391369414386027,1.7320507764816284,0.7738833331784538,0.2261166668215462,2.4494898319244385,0.5374790872050783,0.4625209127949217
survset:UnempDur,DeepHit,1,42,1230,1.4142135381698608,1,1.0,0.9544823112435862,0.04551768875641382,1.7320507764816284,0.7655353966256296,0.23446460337437036,2.4494898319244385,0.5367064874765176,0.4632935125234824
survset:UnempDur,DeepHit,1,42,2987,3.872983455657959,1,1.0,0.96458254585044,0.03541745414955999,1.7320507764816284,0.8120001652722848,0.1879998347277152,2.4494898319244385,0.591123289036185,0.40887671096381495
survset:UnempDur,DeepHit,1,42,478,3.872983455657959,0,1.0,0.9535013034136631,0.046498696586336874,1.7320507764816284,0.8029502225867191,0.1970497774132809,2.4494898319244385,0.5685921444314027,0.4314078555685973
survset:UnempDur,DeepHit,1,42,2865,2.2360680103302,1,1.0,0.946780685382198,0.05321931461780205,1.7320507764816284,0.7258555657268501,0.27414443427314994,2.4494898319244385,0.4691089105520317,0.5308910894479684
survset:UnempDur,DeepHit,1,42,1256,3.7416574954986572,1,1.0,0.9533222319387061,0.04667776806129387,1.7320507764816284,0.790208329348792,0.20979167065120796,2.4494898319244385,0.5389325737029367,0.4610674262970633
survset:UnempDur,DeepHit,1,42,3179,2.6457512378692627,0,1.0,0.9608293219655483,0.039170678034451734,1.7320507764816284,0.7883892230625638,0.21161077693743624,2.4494898319244385,0.5034454766089874,0.4965545233910126
survset:UnempDur,DeepHit,1,42,1947,2.2360680103302,0,1.0,0.9449147606737535,0.05508523932624654,1.7320507764816284,0.6930782729193683,0.3069217270806317,2.4494898319244385,0.48829892672191827,0.5117010732780818
survset:UnempDur,DeepHit,1,42,1412,2.0,0,1.0,0.9541485076628109,0.045851492337189104,1.7320507764816284,0.8030141749775234,0.19698582502247663,2.4494898319244385,0.5962773371920014,0.4037226628079986
survset:UnempDur,DeepHit,1,42,340,2.8284270763397217,1,1.0,0.9573761903374521,0.04262380966254786,1.7320507764816284,0.786890032448891,0.213109967551109,2.4494898319244385,0.5842094763605908,0.41579052363940916
survset:UnempDur,DeepHit,1,42,608,1.7320507764816284,0,1.0,0.9615522288171031,0.038447771182896884,1.7320507764816284,0.8138894788036112,0.18611052119638882,2.4494898319244385,0.589290970915318,0.410709029084682
survset:UnempDur,DeepHit,1,42,1283,3.464101552963257,0,1.0,0.9614250672037653,0.038574932796234696,1.7320507764816284,0.8166279100037215,0.18337208999627852,2.4494898319244385,0.5487582648138702,0.45124173518612976
survset:UnempDur,DeepHit,1,42,2502,3.872983455657959,1,1.0,0.9396856408150555,0.060314359184944544,1.7320507764816284,0.7256947449119245,0.27430525508807546,2.4494898319244385,0.4919580046831211,0.5080419953168789
survset:UnempDur,DeepHit,1,42,2125,2.0,0,1.0,0.959658384258177,0.040341615741823045,1.7320507764816284,0.7920829080684224,0.2079170919315776,2.4494898319244385,0.5203692061729879,0.4796307938270121
survset:UnempDur,DeepHit,1,42,702,2.2360680103302,0,1.0,0.9657144231525873,0.034285576847412735,1.7320507764816284,0.7683964691810544,0.23160353081894558,2.4494898319244385,0.546771792021936,0.45322820797806396
survset:UnempDur,DeepHit,1,42,737,1.0,1,1.0,0.944084660259059,0.055915339740940984,1.7320507764816284,0.6585011586903149,0.3414988413096851,2.4494898319244385,0.45895528067937164,0.5410447193206284
survset:UnempDur,DeepHit,1,42,1838,3.605551242828369,0,1.0,0.946306428802648,0.053693571197351964,1.7320507764816284,0.7907392428221225,0.2092607571778775,2.4494898319244385,0.582106311628063,0.41789368837193697
survset:UnempDur,DeepHit,1,42,83,3.605551242828369,1,1.0,0.9501687479802597,0.04983125201974026,1.7320507764816284,0.7729161085840642,0.22708389141593577,2.4494898319244385,0.5602915067450753,0.43970849325492467
survset:UnempDur,DeepHit,1,42,2568,4.358899116516113,1,1.0,0.9601318864496244,0.03986811355037556,1.7320507764816284,0.7848403395321999,0.2151596604678001,2.4494898319244385,0.5170462003716212,0.4829537996283788
survset:UnempDur,DeepHit,1,42,2111,3.1622776985168457,1,1.0,0.9513459025372549,0.04865409746274507,1.7320507764816284,0.789144084793434,0.210855915206566,2.4494898319244385,0.521459752253491,0.47854024774650905
survset:UnempDur,DeepHit,1,42,1460,1.4142135381698608,1,1.0,0.9551314922387267,0.04486850776127327,1.7320507764816284,0.709385958078572,0.29061404192142803,2.4494898319244385,0.4975267661684054,0.5024732338315946
survset:UnempDur,DeepHit,1,42,991,2.2360680103302,0,1.0,0.9559625455214401,0.04403745447855989,1.7320507764816284,0.7894974223864901,0.21050257761350988,2.4494898319244385,0.5028505339607322,0.4971494660392678
survset:UnempDur,DeepHit,1,42,2744,1.0,0,1.0,0.9349013231251914,0.06509867687480864,1.7320507764816284,0.6800904916673528,0.3199095083326472,2.4494898319244385,0.4632545698193772,0.5367454301806228
survset:UnempDur,DeepHit,1,42,425,1.0,1,1.0,0.9529417762271255,0.0470582237728745,1.7320507764816284,0.7984391528995429,0.20156084710045707,2.4494898319244385,0.5527403033144044,0.4472596966855956
survset:UnempDur,DeepHit,1,42,3171,1.4142135381698608,0,1.0,0.9605125168304488,0.039487483169551196,1.7320507764816284,0.718353275562746,0.281646724437254,2.4494898319244385,0.4692471691112854,0.5307528308887146
survset:UnempDur,DeepHit,1,42,2681,1.4142135381698608,1,1.0,0.9225934576703161,0.07740654232968391,1.7320507764816284,0.7006124964737738,0.29938750352622623,2.4494898319244385,0.4473736018349471,0.5526263981650529
survset:UnempDur,DeepHit,1,42,2927,2.8284270763397217,0,1.0,0.976132800235006,0.023867199764993963,1.7320507764816284,0.8507836203762359,0.1492163796237641,2.4494898319244385,0.5427893882528694,0.4572106117471306
survset:UnempDur,DeepHit,1,42,3024,1.0,0,1.0,0.9733172161641244,0.026682783835875634,1.7320507764816284,0.7917550643828017,0.20824493561719826,2.4494898319244385,0.485791823788622,0.5142081762113779
survset:UnempDur,DeepHit,1,42,1360,3.0,1,1.0,0.9726211565226744,0.027378843477325554,1.7320507764816284,0.820628674777509,0.179371325222491,2.4494898319244385,0.5447938876225334,0.45520611237746655
survset:UnempDur,DeepHit,1,42,2575,1.7320507764816284,1,1.0,0.9430974417973832,0.056902558202616804,1.7320507764816284,0.6747685908120111,0.3252314091879889,2.4494898319244385,0.46897591975119207,0.531024080248808
survset:UnempDur,DeepHit,1,42,691,1.7320507764816284,1,1.0,0.9590545537297941,0.04094544627020591,1.7320507764816284,0.7955087778060009,0.20449122219399907,2.4494898319244385,0.5232300381183108,0.4767699618816892
survset:UnempDur,DeepHit,1,42,1940,1.7320507764816284,0,1.0,0.9562906161941371,0.04370938380586287,1.7320507764816284,0.8089859078447892,0.1910140921552108,2.4494898319244385,0.5811596238565545,0.4188403761434455
survset:UnempDur,DeepHit,1,42,2121,1.0,1,1.0,0.9532424289187651,0.046757571081234905,1.7320507764816284,0.7548181109145882,0.24518188908541183,2.4494898319244385,0.5527211832362203,0.4472788167637797
survset:UnempDur,DeepHit,1,42,1085,2.4494898319244385,0,1.0,0.978170760210741,0.021829239789258992,1.7320507764816284,0.787697933086188,0.21230206691381204,2.4494898319244385,0.47844327178015356,0.5215567282198464
survset:UnempDur,DeepHit,1,42,3067,1.4142135381698608,0,1.0,0.943777736228417,0.056222263771583014,1.7320507764816284,0.7427087250896078,0.25729127491039216,2.4494898319244385,0.530661398315956,0.46933860168404395
survset:UnempDur,DeepHit,1,42,1238,1.0,1,1.0,0.9365714967542185,0.06342850324578153,1.7320507764816284,0.75404797463186,0.24595202536813998,2.4494898319244385,0.5169863900395171,0.4830136099604829
survset:UnempDur,DeepHit,1,42,329,1.7320507764816284,0,1.0,0.9526733270912897,0.04732667290871029,1.7320507764816284,0.8002131145825807,0.1997868854174193,2.4494898319244385,0.5652082895233154,0.43479171047668463
survset:UnempDur,DeepHit,1,42,2653,4.123105525970459,0,1.0,0.9758834719454866,0.024116528054513364,1.7320507764816284,0.8161364042280749,0.18386359577192513,2.4494898319244385,0.6588438417669115,0.34115615823308854
survset:UnempDur,DeepHit,1,42,439,2.6457512378692627,1,1.0,0.9530215924896864,0.04697840751031357,1.7320507764816284,0.7821845213003956,0.21781547869960438,2.4494898319244385,0.5233701978151449,0.47662980218485507
survset:UnempDur,DeepHit,1,42,2413,1.4142135381698608,0,1.0,0.9544890766952773,0.04551092330472273,1.7320507764816284,0.7964624126918626,0.20353758730813742,2.4494898319244385,0.5417894457558601,0.4582105542441399
survset:UnempDur,DeepHit,1,42,1301,2.6457512378692627,1,1.0,0.9519197352038069,0.048080264796193095,1.7320507764816284,0.7758058261164987,0.22419417388350127,2.4494898319244385,0.5645949040570247,0.4354050959429753
survset:UnempDur,DeepHit,1,42,1569,3.1622776985168457,0,1.0,0.963618104134811,0.03638189586518903,1.7320507764816284,0.7919796137670501,0.20802038623294994,2.4494898319244385,0.5331851631136545,0.4668148368863455
survset:UnempDur,DeepHit,1,42,850,2.2360680103302,1,1.0,0.9547794163222972,0.045220583677702764,1.7320507764816284,0.8081677005897475,0.19183229941025248,2.4494898319244385,0.5442144203410562,0.45578557965894384
survset:UnempDur,DeepHit,1,42,78,2.0,0,1.0,0.959185584037898,0.040814415962102,1.7320507764816284,0.8021699384812813,0.19783006151871874,2.4494898319244385,0.649743462960769,0.350256537039231
survset:UnempDur,DeepHit,1,42,2918,2.8284270763397217,0,1.0,0.9748141962653545,0.025185803734645518,1.7320507764816284,0.8483489311901491,0.1516510688098509,2.4494898319244385,0.5689803912050047,0.43101960879499535
survset:UnempDur,DeepHit,1,42,2369,2.0,0,1.0,0.9581292364497563,0.04187076355024366,1.7320507764816284,0.806096379709188,0.19390362029081198,2.4494898319244385,0.5775499075330682,0.42245009246693177
survset:UnempDur,DeepHit,1,42,2757,2.2360680103302,1,1.0,0.9340613477360808,0.06593865226391915,1.7320507764816284,0.7099229282385452,0.2900770717614548,2.4494898319244385,0.46251894720872144,0.5374810527912786
survset:UnempDur,DeepHit,1,42,2230,1.0,1,1.0,0.9342271288814872,0.06577287111851282,1.7320507764816284,0.6773647475478797,0.3226352524521203,2.4494898319244385,0.45910235112523645,0.5408976488747635
survset:UnempDur,DeepHit,1,42,2536,1.0,1,1.0,0.9479002384400975,0.05209976155990248,1.7320507764816284,0.684062128507801,0.315937871492199,2.4494898319244385,0.4647365946298729,0.5352634053701271
survset:UnempDur,DeepHit,1,42,506,2.2360680103302,1,1.0,0.9542611800894895,0.04573881991051054,1.7320507764816284,0.8073806219075185,0.19261937809248153,2.4494898319244385,0.5552786402471935,0.44472135975280647
survset:UnempDur,DeepHit,1,42,1583,2.6457512378692627,1,1.0,0.9741476358112614,0.025852364188738597,1.7320507764816284,0.8135347111592176,0.1864652888407824,2.4494898319244385,0.6045440846432981,0.3954559153567019
survset:UnempDur,DeepHit,1,42,198,2.2360680103302,0,1.0,0.9515234811280829,0.04847651887191706,1.7320507764816284,0.789434695295881,0.21056530470411905,2.4494898319244385,0.5842511402228887,0.4157488597771113
survset:UnempDur,DeepHit,1,42,1126,2.6457512378692627,1,1.0,0.9534889205316883,0.04651107946831168,1.7320507764816284,0.7819996035696865,0.21800039643031355,2.4494898319244385,0.5179861113829795,0.48201388861702055
survset:UnempDur,DeepHit,1,42,2451,3.0,1,1.0,0.953044928661732,0.04695507133826804,1.7320507764816284,0.8417735090374823,0.15822649096251773,2.4494898319244385,0.6391413623515733,0.36085863764842674
survset:UnempDur,DeepHit,1,42,59,2.6457512378692627,1,1.0,0.9728112912846077,0.02718870871539225,1.7320507764816284,0.816690105534994,0.183309894465006,2.4494898319244385,0.5644778019738994,0.4355221980261006
survset:UnempDur,DeepHit,1,42,2851,4.358899116516113,1,1.0,0.9465125509026941,0.05348744909730585,1.7320507764816284,0.7668038391540946,0.23319616084590544,2.4494898319244385,0.5534524230280363,0.4465475769719637
survset:UnempDur,DeepHit,1,42,1259,1.0,1,1.0,0.9413016044510875,0.05869839554891254,1.7320507764816284,0.6833718137254277,0.31662818627457234,2.4494898319244385,0.4765334596968825,0.5234665403031176
survset:UnempDur,DeepHit,1,42,2919,1.7320507764816284,1,1.0,0.9371523809941733,0.0628476190058267,1.7320507764816284,0.6686195586119318,0.3313804413880682,2.4494898319244385,0.4351028170474274,0.5648971829525726
survset:UnempDur,DeepHit,1,42,630,1.0,1,1.0,0.9463192136828976,0.05368078631710238,1.7320507764816284,0.7062283007640529,0.29377169923594715,2.4494898319244385,0.46766231337299535,0.5323376866270046
survset:UnempDur,DeepHit,1,42,3173,3.316624879837036,0,1.0,0.9715508618564788,0.028449138143521235,1.7320507764816284,0.783247529455111,0.216752470544889,2.4494898319244385,0.500920857241437,0.499079142758563
survset:UnempDur,DeepHit,1,42,336,1.7320507764816284,0,1.0,0.9603236314905692,0.03967636850943079,1.7320507764816284,0.8189736989397733,0.18102630106022666,2.4494898319244385,0.6035022140980948,0.3964977859019052
survset:UnempDur,DeepHit,1,42,95,4.242640495300293,0,1.0,0.9547052076344351,0.045294792365564884,1.7320507764816284,0.7939756020816848,0.20602439791831517,2.4494898319244385,0.49994501325179824,0.5000549867482018
survset:UnempDur,DeepHit,1,42,3081,1.4142135381698608,1,1.0,0.9588090403700434,0.04119095962995656,1.7320507764816284,0.777678087033415,0.222321912966585,2.4494898319244385,0.5054730792877634,0.4945269207122366
survset:UnempDur,DeepHit,1,42,1061,1.0,1,1.0,0.4966147659257965,0.5033852340742035,1.7320507764816284,0.49314266563135695,0.5068573343686431,2.4494898319244385,0.4826487109519734,0.5173512890480265
survset:UnempDur,DeepHit,1,42,873,2.6457512378692627,1,1.0,0.9551354540445324,0.04486454595546763,1.7320507764816284,0.7963731597045893,0.20362684029541067,2.4494898319244385,0.5721239495678805,0.4278760504321195
survset:UnempDur,DeepHit,1,42,1921,1.7320507764816284,0,1.0,0.9417079881488879,0.0582920118511121,1.7320507764816284,0.7161214273533799,0.2838785726466201,2.4494898319244385,0.49239998976011506,0.507600010239885
survset:UnempDur,DeepHit,1,42,60,1.4142135381698608,1,1.0,0.9738326666772709,0.026167333322729136,1.7320507764816284,0.801058882004287,0.198941117995713,2.4494898319244385,0.4850947725605743,0.5149052274394257
survset:UnempDur,DeepHit,1,42,1262,2.2360680103302,1,1.0,0.954695678871051,0.045304321128949,1.7320507764816284,0.7317710036422123,0.26822899635778774,2.4494898319244385,0.5083173516775651,0.4916826483224349
survset:UnempDur,DeepHit,1,42,436,2.6457512378692627,1,1.0,0.9549003407836065,0.04509965921639347,1.7320507764816284,0.7959599989917538,0.20404000100824615,2.4494898319244385,0.5564734185613026,0.4435265814386974
survset:UnempDur,DeepHit,1,42,2018,1.0,1,1.0,0.9358586313405772,0.06414136865942277,1.7320507764816284,0.736532243146518,0.263467756853482,2.4494898319244385,0.5149270158972659,0.48507298410273414
survset:UnempDur,DeepHit,1,42,1235,4.690415859222412,0,1.0,0.9559894847556367,0.04401051524436328,1.7320507764816284,0.7858848840874247,0.21411511591257526,2.4494898319244385,0.5814302033395337,0.41856979666046634
survset:UnempDur,DeepHit,1,42,1773,3.872983455657959,0,1.0,0.9660773349962065,0.033922665003793484,1.7320507764816284,0.7758698875501092,0.22413011244989078,2.4494898319244385,0.5631972169696534,0.4368027830303466
survset:UnempDur,DeepHit,1,42,1137,1.0,1,1.0,0.9337573034153672,0.06624269658463278,1.7320507764816284,0.7129941826111924,0.2870058173888076,2.4494898319244385,0.4562013947609946,0.5437986052390054
survset:UnempDur,DeepHit,1,42,2677,3.316624879837036,0,1.0,0.9636309973567937,0.036369002643206305,1.7320507764816284,0.8012805377701263,0.1987194622298737,2.4494898319244385,0.5544508865410033,0.4455491134589967
survset:UnempDur,DeepHit,1,42,3065,1.0,1,1.0,0.93833883783141,0.06166116216858997,1.7320507764816284,0.6985975625702688,0.30140243742973116,2.4494898319244385,0.4601893430235319,0.539810656976468
survset:UnempDur,DeepHit,1,42,145,5.099019527435303,0,1.0,0.9544472136995384,0.045552786300461556,1.7320507764816284,0.772342604815441,0.22765739518455896,2.4494898319244385,0.5017424363462007,0.49825756365379925
survset:UnempDur,DeepHit,1,42,3119,4.123105525970459,1,1.0,0.9577708874084653,0.04222911259153472,1.7320507764816284,0.7573776749108949,0.24262232508910508,2.4494898319244385,0.5206843664152796,0.4793156335847204
survset:UnempDur,DeepHit,1,42,3165,1.0,1,1.0,0.9565497116601143,0.043450288339885734,1.7320507764816284,0.7139863272760117,0.28601367272398825,2.4494898319244385,0.4709048623543911,0.5290951376456089
survset:UnempDur,DeepHit,1,42,1967,3.0,0,1.0,0.9501419229770682,0.04985807702293177,1.7320507764816284,0.7496840499023368,0.25031595009766316,2.4494898319244385,0.5505895134051492,0.44941048659485083
survset:UnempDur,DeepHit,1,42,2841,1.7320507764816284,0,1.0,0.9516527128305318,0.048347287169468234,1.7320507764816284,0.80278233936736,0.19721766063264,2.4494898319244385,0.5617727363347484,0.43822726366525155
survset:UnempDur,DeepHit,1,42,795,3.7416574954986572,0,1.0,0.9661427108535142,0.03385728914648578,1.7320507764816284,0.7991038775512884,0.20089612244871158,2.4494898319244385,0.5321327141091204,0.46786728589087956
survset:UnempDur,DeepHit,1,42,412,2.8284270763397217,0,1.0,0.957662086104141,0.04233791389585895,1.7320507764816284,0.8086370488322516,0.19136295116774837,2.4494898319244385,0.5328600307891204,0.46713996921087964
survset:UnempDur,DeepHit,1,42,2464,2.4494898319244385,0,1.0,0.9661213421378878,0.033878657862112194,1.7320507764816284,0.8061056234293379,0.1938943765706621,2.4494898319244385,0.4906460213539332,0.5093539786460668
survset:UnempDur,DeepHit,1,42,2604,3.872983455657959,0,1.0,0.9616266225251313,0.038373377474868686,1.7320507764816284,0.7896641255180454,0.21033587448195457,2.4494898319244385,0.519644314001426,0.48035568599857403
survset:UnempDur,DeepHit,1,42,2590,1.4142135381698608,1,1.0,0.9411818521247293,0.05881814787527073,1.7320507764816284,0.7101331581669611,0.2898668418330389,2.4494898319244385,0.49257132953053706,0.5074286704694629
survset:UnempDur,DeepHit,1,42,905,3.464101552963257,0,1.0,0.9413315005234563,0.058668499476543734,1.7320507764816284,0.6656011786071935,0.3343988213928065,2.4494898319244385,0.4625949702621161,0.5374050297378838
survset:UnempDur,DeepHit,1,42,124,2.6457512378692627,1,1.0,0.9718694978179028,0.028130502182097228,1.7320507764816284,0.783022457495567,0.21697754250443302,2.4494898319244385,0.5323029148158573,0.46769708518414266
survset:UnempDur,DeepHit,1,42,522,2.4494898319244385,1,1.0,0.9395328871016794,0.06046711289832063,1.7320507764816284,0.716922961453183,0.283077038546817,2.4494898319244385,0.5067619088623636,0.4932380911376364
survset:UnempDur,DeepHit,1,42,680,1.4142135381698608,1,1.0,0.9499210406894875,0.05007895931051254,1.7320507764816284,0.6785271258785189,0.32147287412148107,2.4494898319244385,0.5020029008116011,0.49799709918839885
survset:UnempDur,DeepHit,1,42,1709,2.0,0,1.0,0.970947045944072,0.029052954055928004,1.7320507764816284,0.9072693757708709,0.09273062422912914,2.4494898319244385,0.8045954602575253,0.19540453974247474
survset:UnempDur,DeepHit,1,42,2205,3.7416574954986572,1,1.0,0.9684056585480876,0.03159434145191242,1.7320507764816284,0.7895223308665787,0.21047766913342125,2.4494898319244385,0.49594051398773575,0.5040594860122642
survset:UnempDur,DeepHit,1,42,3041,1.7320507764816284,1,1.0,0.9360214700687539,0.06397852993124609,1.7320507764816284,0.6892504339588111,0.31074956604118886,2.4494898319244385,0.4687984046677403,0.5312015953322597
survset:UnempDur,DeepHit,1,42,2847,2.6457512378692627,0,1.0,0.9509498870503663,0.049050112949633684,1.7320507764816284,0.7892593087227596,0.21074069127724038,2.4494898319244385,0.6252465853231146,0.3747534146768854
survset:UnempDur,DeepHit,1,42,1995,1.0,1,1.0,0.9506080520958795,0.04939194790412049,1.7320507764816284,0.7991179220949279,0.20088207790507207,2.4494898319244385,0.573118203211923,0.42688179678807703
survset:UnempDur,DeepHit,1,42,417,2.2360680103302,0,1.0,0.9380920753959567,0.06190792460404326,1.7320507764816284,0.7232043442857976,0.2767956557142024,2.4494898319244385,0.5160196760320427,0.4839803239679573
survset:UnempDur,DeepHit,1,42,2320,2.6457512378692627,1,1.0,0.9479493773923291,0.052050622607670904,1.7320507764816284,0.7305140722494732,0.2694859277505268,2.4494898319244385,0.5197154389052836,0.4802845610947164
survset:UnempDur,DeepHit,1,42,2,4.582575798034668,1,1.0,0.9770447156122593,0.02295528438774075,1.7320507764816284,0.767299868210373,0.232700131789627,2.4494898319244385,0.5142388995027881,0.4857611004972119
survset:UnempDur,DeepHit,1,42,916,1.7320507764816284,0,1.0,0.9695635889630269,0.030436411036973143,1.7320507764816284,0.7905038593237419,0.2094961406762581,2.4494898319244385,0.5011208881062063,0.49887911189379375
survset:UnempDur,DeepHit,1,42,838,2.4494898319244385,0,1.0,0.9556436590283857,0.04435634097161434,1.7320507764816284,0.8032902255409777,0.19670977445902227,2.4494898319244385,0.5355970845934025,0.4644029154065975
survset:UnempDur,DeepHit,1,42,2444,2.2360680103302,1,1.0,0.942466844838077,0.05753315516192303,1.7320507764816284,0.7090899608984795,0.29091003910152047,2.4494898319244385,0.4847111656036349,0.5152888343963651
survset:UnempDur,DeepHit,1,42,234,2.2360680103302,0,1.0,0.9442901672530943,0.05570983274690566,1.7320507764816284,0.6838587498719287,0.31614125012807126,2.4494898319244385,0.4842231462236986,0.5157768537763014
survset:UnempDur,DeepHit,1,42,1299,2.0,1,1.0,0.9480400417098266,0.051959958290173414,1.7320507764816284,0.8078809764039976,0.19211902359600241,2.4494898319244385,0.6268785053406988,0.3731214946593012
survset:UnempDur,DeepHit,1,42,2292,2.2360680103302,1,1.0,0.9307277390280276,0.06927226097197237,1.7320507764816284,0.7146371446612054,0.2853628553387946,2.4494898319244385,0.48734475319419734,0.5126552468058027
survset:UnempDur,DeepHit,1,42,23,3.872983455657959,1,1.0,0.943147332669716,0.056852667330284046,1.7320507764816284,0.69738555403138,0.30261444596861997,2.4494898319244385,0.4738071618021182,0.5261928381978818
survset:UnempDur,DeepHit,1,42,411,3.0,0,1.0,0.9552813500074266,0.044718649992573356,1.7320507764816284,0.7985841396343831,0.20141586036561687,2.4494898319244385,0.5639598031198658,0.4360401968801342
survset:UnempDur,DeepHit,1,42,2100,1.0,1,1.0,0.9367556262838638,0.06324437371613623,1.7320507764816284,0.7084249219369022,0.2915750780630978,2.4494898319244385,0.48446762799991944,0.5155323720000806
survset:UnempDur,DeepHit,1,42,2833,1.0,1,1.0,0.9528545655910288,0.04714543440897123,1.7320507764816284,0.7986042485311716,0.20139575146882838,2.4494898319244385,0.57758516470799,0.42241483529200996
survset:UnempDur,DeepHit,1,42,1970,3.0,0,1.0,0.955804968983187,0.04419503101681299,1.7320507764816284,0.764083287387762,0.235916712612238,2.4494898319244385,0.5114010315566921,0.48859896844330786
survset:UnempDur,DeepHit,1,42,360,2.6457512378692627,0,1.0,0.9540860013600585,0.0459139986399415,1.7320507764816284,0.7629739653139703,0.23702603468602967,2.4494898319244385,0.5317032379900625,0.46829676200993753
survset:UnempDur,DeepHit,1,42,867,2.2360680103302,0,1.0,0.9559045750038184,0.044095424996181576,1.7320507764816284,0.7947185117940766,0.2052814882059234,2.4494898319244385,0.5225057054566805,0.4774942945433195
survset:UnempDur,DeepHit,1,42,1876,1.7320507764816284,0,1.0,0.9530075432100221,0.04699245678997788,1.7320507764816284,0.775020747221676,0.22497925277832398,2.4494898319244385,0.5628237143016193,0.43717628569838074
survset:UnempDur,DeepHit,1,42,2670,1.0,1,1.0,0.9449814069957135,0.055018593004286465,1.7320507764816284,0.7303197896607624,0.2696802103392376,2.4494898319244385,0.48256800843766523,0.5174319915623348
survset:UnempDur,DeepHit,1,42,54,2.6457512378692627,1,1.0,0.9534100253475639,0.046589974652436084,1.7320507764816284,0.7759534502087124,0.22404654979128757,2.4494898319244385,0.5436448426962359,0.4563551573037641
survset:UnempDur,DeepHit,1,42,3228,2.2360680103302,1,1.0,0.9469351933406577,0.05306480665934232,1.7320507764816284,0.7650054904262606,0.23499450957373935,2.4494898319244385,0.5359242662721647,0.4640757337278353
survset:UnempDur,DeepHit,1,42,390,5.0,0,1.0,0.9606798906883571,0.03932010931164287,1.7320507764816284,0.7919875024409548,0.20801249755904516,2.4494898319244385,0.598052005028596,0.401947994971404
survset:UnempDur,DeepHit,1,42,276,2.8284270763397217,1,1.0,0.9485561643319707,0.05144383566802935,1.7320507764816284,0.7893603122305158,0.21063968776948416,2.4494898319244385,0.5866103039576712,0.4133896960423288
survset:UnempDur,DeepHit,1,42,3194,1.7320507764816284,1,1.0,0.9314126609383901,0.06858733906160985,1.7320507764816284,0.7166759980897056,0.2833240019102944,2.4494898319244385,0.49957498765656466,0.5004250123434353
survset:UnempDur,DeepHit,1,42,641,1.4142135381698608,0,1.0,0.9537478462827291,0.04625215371727087,1.7320507764816284,0.7986507434744302,0.2013492565255698,2.4494898319244385,0.5410662770686736,0.4589337229313264
survset:UnempDur,DeepHit,1,42,2690,2.2360680103302,1,1.0,0.9650202061789562,0.03497979382104377,1.7320507764816284,0.7643048090312936,0.2356951909687064,2.4494898319244385,0.5322300390908026,0.4677699609091974
survset:UnempDur,DeepHit,1,42,1391,3.0,1,1.0,0.9643834602739083,0.03561653972609169,1.7320507764816284,0.8310453613994846,0.1689546386005154,2.4494898319244385,0.5758940770555945,0.4241059229444055
survset:UnempDur,DeepHit,1,42,1179,1.4142135381698608,0,1.0,0.9368486394629614,0.06315136053703863,1.7320507764816284,0.7116684551210825,0.28833154487891755,2.4494898319244385,0.5041305698360152,0.49586943016398477
survset:UnempDur,DeepHit,1,42,1744,2.8284270763397217,0,1.0,0.9666684007315958,0.03333159926840423,1.7320507764816284,0.7725622659088661,0.22743773409113388,2.4494898319244385,0.48712099938590186,0.5128790006140982
survset:UnempDur,DeepHit,1,42,883,4.795831680297852,0,1.0,0.9541250733934115,0.04587492660658854,1.7320507764816284,0.8069209389385517,0.19307906106144834,2.4494898319244385,0.5572244086494891,0.4427755913505109
survset:UnempDur,DeepHit,1,42,1387,3.7416574954986572,0,1.0,0.9523273527581428,0.04767264724185716,1.7320507764816284,0.6869632007925544,0.31303679920744565,2.4494898319244385,0.49869972453485567,0.5013002754651443
survset:UnempDur,DeepHit,1,42,1332,1.0,1,1.0,0.938371317440684,0.06162868255931597,1.7320507764816284,0.708394092375265,0.29160590762473504,2.4494898319244385,0.5202853630386174,0.4797146369613826
survset:UnempDur,DeepHit,1,42,1423,1.7320507764816284,1,1.0,0.954203107427955,0.045796892572045,1.7320507764816284,0.8070940172282465,0.19290598277175353,2.4494898319244385,0.5984389575210988,0.40156104247890123
survset:UnempDur,DeepHit,1,42,2298,1.4142135381698608,1,1.0,0.9458308816241864,0.05416911837581362,1.7320507764816284,0.7676908986873823,0.23230910131261773,2.4494898319244385,0.5389118644412166,0.46108813555878336
survset:UnempDur,DeepHit,1,42,2524,3.316624879837036,0,1.0,0.9317571849612022,0.06824281503879781,1.7320507764816284,0.7015554125995748,0.29844458740042523,2.4494898319244385,0.49244852798683847,0.5075514720131615
survset:UnempDur,DeepHit,1,42,70,1.7320507764816284,0,1.0,0.9649060321362453,0.03509396786375474,1.7320507764816284,0.7206274666547742,0.2793725333452258,2.4494898319244385,0.48301000023468627,0.5169899997653138
survset:UnempDur,DeepHit,1,42,2250,1.4142135381698608,0,1.0,0.9434243831160902,0.056575616883909774,1.7320507764816284,0.6903827553426582,0.30961724465734175,2.4494898319244385,0.4747714140627169,0.5252285859372832
survset:UnempDur,DeepHit,1,42,2999,1.7320507764816284,1,1.0,0.9534213159808504,0.04657868401914955,1.7320507764816284,0.803467994180254,0.19653200581974595,2.4494898319244385,0.5548437252084423,0.4451562747915577
survset:UnempDur,DeepHit,1,42,2915,2.0,0,1.0,0.9576647575656996,0.042335242434300424,1.7320507764816284,0.7706039361002255,0.22939606389977452,2.4494898319244385,0.5428583377981869,0.45714166220181307
survset:UnempDur,DeepHit,1,42,2180,2.4494898319244385,0,1.0,0.9467732082433885,0.05322679175661149,1.7320507764816284,0.705908735325475,0.29409126467452495,2.4494898319244385,0.47554707344455305,0.524452926555447
survset:UnempDur,DeepHit,1,42,423,5.099019527435303,0,1.0,0.9548776629765374,0.04512233702346258,1.7320507764816284,0.7919864950423011,0.20801350495769888,2.4494898319244385,0.5535348128547473,0.44646518714525274
survset:UnempDur,DeepHit,1,42,2456,2.2360680103302,1,1.0,0.9452700721391722,0.054729927860827754,1.7320507764816284,0.7435435312132471,0.2564564687867529,2.4494898319244385,0.5345985089780068,0.46540149102199324
survset:UnempDur,DeepHit,1,42,857,1.0,1,1.0,0.9435880804562196,0.05641191954378044,1.7320507764816284,0.7024223617997686,0.2975776382002314,2.4494898319244385,0.4954313559307616,0.5045686440692384
survset:UnempDur,DeepHit,1,42,2588,1.7320507764816284,1,1.0,0.9619938837886866,0.038006116211313445,1.7320507764816284,0.8266239588310539,0.17337604116894612,2.4494898319244385,0.6795585652256844,0.32044143477431564
survset:UnempDur,DeepHit,1,42,632,2.0,1,1.0,0.9614494447033364,0.038550555296663624,1.7320507764816284,0.7840938393399887,0.21590616066001134,2.4494898319244385,0.4988322313792688,0.5011677686207312
survset:UnempDur,DeepHit,1,42,2724,1.4142135381698608,1,1.0,0.9450332589004747,0.05496674109952526,1.7320507764816284,0.7069595805638778,0.29304041943612225,2.4494898319244385,0.5022571007395314,0.49774289926046855
survset:UnempDur,DeepHit,1,42,1980,1.0,1,1.0,0.9365744274038832,0.06342557259611681,1.7320507764816284,0.7079175707040053,0.2920824292959947,2.4494898319244385,0.5165888756990276,0.48341112430097244
survset:UnempDur,DeepHit,1,42,1280,2.2360680103302,1,1.0,0.9551297886080514,0.04487021139194858,1.7320507764816284,0.7917183510345116,0.2082816489654884,2.4494898319244385,0.5791157854461267,0.42088421455387326
survset:UnempDur,DeepHit,1,42,2157,2.6457512378692627,1,1.0,0.939250974067914,0.060749025932085976,1.7320507764816284,0.6815536341962185,0.3184463658037815,2.4494898319244385,0.4528738944391181,0.5471261055608819
survset:UnempDur,DeepHit,1,42,882,3.605551242828369,0,1.0,0.9534638018572863,0.0465361981427137,1.7320507764816284,0.803840460915002,0.19615953908499795,2.4494898319244385,0.5864290095247968,0.4135709904752032
survset:UnempDur,DeepHit,1,42,289,1.0,1,1.0,0.9363019101206677,0.06369808987933234,1.7320507764816284,0.7237438398746484,0.2762561601253516,2.4494898319244385,0.4756368369247657,0.5243631630752343
survset:UnempDur,DeepHit,1,42,1739,2.2360680103302,0,1.0,0.9603270636392816,0.03967293636071845,1.7320507764816284,0.828504601188987,0.17149539881101294,2.4494898319244385,0.6953147526642108,0.30468524733578917
survset:UnempDur,DeepHit,1,42,1915,2.6457512378692627,1,1.0,0.9274803570895345,0.07251964291046553,1.7320507764816284,0.6638760370619045,0.33612396293809554,2.4494898319244385,0.42330131048512165,0.5766986895148783
survset:UnempDur,DeepHit,1,42,3132,1.0,0,1.0,0.9469233389960477,0.05307666100395225,1.7320507764816284,0.7153629239771246,0.28463707602287536,2.4494898319244385,0.5008614874255749,0.4991385125744251
survset:UnempDur,DeepHit,1,42,3233,3.872983455657959,0,1.0,0.9559725898454114,0.04402741015458855,1.7320507764816284,0.7836935004519284,0.21630649954807157,2.4494898319244385,0.49551143522489705,0.504488564775103
survset:UnempDur,DeepHit,1,42,1305,4.582575798034668,0,1.0,0.9590037852791035,0.04099621472089654,1.7320507764816284,0.8084810566839333,0.19151894331606667,2.4494898319244385,0.5276864891696458,0.4723135108303542
survset:UnempDur,DeepHit,1,42,1144,2.2360680103302,1,1.0,0.9613317086404295,0.038668291359570506,1.7320507764816284,0.8153725015142597,0.18462749848574034,2.4494898319244385,0.6073050443768774,0.3926949556231226
survset:UnempDur,DeepHit,1,42,1185,2.2360680103302,1,1.0,0.9644653437159053,0.03553465628409469,1.7320507764816284,0.8060371469515507,0.1939628530484493,2.4494898319244385,0.58294949836585,0.41705050163415003
survset:UnempDur,DeepHit,1,42,1374,2.6457512378692627,0,1.0,0.932501974621296,0.06749802537870397,1.7320507764816284,0.6751143854709242,0.32488561452907583,2.4494898319244385,0.44935535194140996,0.55064464805859
survset:UnempDur,DeepHit,1,42,2312,3.464101552963257,1,1.0,0.9384485194200373,0.061551480579962736,1.7320507764816284,0.7280282959028976,0.27197170409710236,2.4494898319244385,0.49398210327367414,0.5060178967263258
survset:UnempDur,DeepHit,1,42,2477,2.2360680103302,1,1.0,0.9629177178136985,0.037082282186301496,1.7320507764816284,0.7978949396554086,0.20210506034459141,2.4494898319244385,0.5382961462099802,0.46170385379001977
survset:UnempDur,DeepHit,1,42,2315,1.4142135381698608,1,1.0,0.9671235256301232,0.03287647436987684,1.7320507764816284,0.7827360319500439,0.21726396804995607,2.4494898319244385,0.5556425393957544,0.44435746060424564
survset:UnempDur,DeepHit,1,42,3200,2.0,1,1.0,0.9550150084454788,0.04498499155452118,1.7320507764816284,0.768622755746328,0.231377244253672,2.4494898319244385,0.506010614708382,0.49398938529161796
survset:UnempDur,DeepHit,1,42,2644,1.4142135381698608,0,1.0,0.9568368797130653,0.0431631202869347,1.7320507764816284,0.6959620495629868,0.3040379504370132,2.4494898319244385,0.4629641145682566,0.5370358854317434
survset:UnempDur,DeepHit,1,42,351,1.4142135381698608,0,1.0,0.9421739296657055,0.057826070334294544,1.7320507764816284,0.6664155890251507,0.33358441097484925,2.4494898319244385,0.46510703823315386,0.5348929617668461
survset:UnempDur,DeepHit,1,42,2863,2.2360680103302,1,1.0,0.9520963333308329,0.04790366666916712,1.7320507764816284,0.705445405784002,0.29455459421599794,2.4494898319244385,0.47992115756239273,0.5200788424376073
survset:UnempDur,DeepHit,1,42,2549,4.795831680297852,1,1.0,0.9463806632324832,0.053619336767516845,1.7320507764816284,0.7144162162022328,0.28558378379776717,2.4494898319244385,0.5070117343932382,0.4929882656067618
survset:UnempDur,DeepHit,1,42,1522,2.2360680103302,1,1.0,0.9473350825516714,0.052664917448328574,1.7320507764816284,0.7460991163903875,0.2539008836096125,2.4494898319244385,0.5058316641030273,0.49416833589697273
survset:UnempDur,DeepHit,1,42,2516,3.1622776985168457,1,1.0,0.940813999471523,0.059186000528477,1.7320507764816284,0.7054344009536682,0.29456559904633184,2.4494898319244385,0.4766057447783376,0.5233942552216624
survset:UnempDur,DeepHit,1,42,481,3.7416574954986572,0,1.0,0.956451070698876,0.04354892930112397,1.7320507764816284,0.7975680707698333,0.20243192923016673,2.4494898319244385,0.5820210547450432,0.4179789452549568
survset:UnempDur,DeepHit,1,42,1972,3.605551242828369,1,1.0,0.9513235428872984,0.04867645711270163,1.7320507764816284,0.7925747380199263,0.20742526198007372,2.4494898319244385,0.5797731473539054,0.4202268526460946
survset:UnempDur,DeepHit,1,42,2207,2.2360680103302,1,1.0,0.9519865002083192,0.04801349979168079,1.7320507764816284,0.7906497683637707,0.20935023163622934,2.4494898319244385,0.5683395740887327,0.4316604259112673
survset:UnempDur,DeepHit,1,42,1654,1.0,1,1.0,0.9366789724586143,0.06332102754138569,1.7320507764816284,0.6817446953029997,0.31825530469700025,2.4494898319244385,0.4758888793120187,0.5241111206879814
survset:UnempDur,DeepHit,1,42,309,1.0,1,1.0,0.9419589815194334,0.05804101848056664,1.7320507764816284,0.6817631968677922,0.3182368031322078,2.4494898319244385,0.4942091644341806,0.5057908355658194
survset:UnempDur,DeepHit,1,42,1588,2.6457512378692627,1,1.0,0.9336841502745371,0.0663158497254629,1.7320507764816284,0.7063553838890896,0.2936446161109104,2.4494898319244385,0.47871170511057753,0.5212882948894224
survset:UnempDur,DeepHit,1,42,3217,1.4142135381698608,1,1.0,0.9320533537606686,0.06794664623933144,1.7320507764816284,0.7208333379841515,0.2791666620158485,2.4494898319244385,0.5045276175794421,0.4954723824205579
survset:UnempDur,DeepHit,1,42,910,4.123105525970459,0,1.0,0.9502555625186385,0.04974443748136148,1.7320507764816284,0.7610392559900715,0.2389607440099285,2.4494898319244385,0.5438267187382468,0.45617328126175316
survset:UnempDur,DeepHit,1,42,3043,1.0,1,1.0,0.939913711068485,0.06008628893151502,1.7320507764816284,0.7232071311198348,0.2767928688801652,2.4494898319244385,0.46231396597973384,0.5376860340202662
survset:UnempDur,DeepHit,1,42,777,1.4142135381698608,0,1.0,0.9717855547256973,0.028214445274302724,1.7320507764816284,0.76740364720931,0.23259635279069002,2.4494898319244385,0.5016054665013228,0.49839453349867724
survset:UnempDur,DeepHit,1,42,2166,1.7320507764816284,1,1.0,0.9268484108297529,0.07315158917024711,1.7320507764816284,0.7143985108789989,0.28560148912100114,2.4494898319244385,0.48885392025226404,0.511146079747736
survset:UnempDur,DeepHit,1,42,1607,1.4142135381698608,0,1.0,0.961445257075137,0.03855474292486305,1.7320507764816284,0.8081560254414315,0.1918439745585685,2.4494898319244385,0.6012964239603803,0.3987035760396197
survset:UnempDur,DeepHit,1,42,1421,1.7320507764816284,1,1.0,0.9455765340453567,0.05442346595464331,1.7320507764816284,0.696298258793603,0.30370174120639704,2.4494898319244385,0.48457343391578295,0.515426566084217
survset:UnempDur,DeepHit,1,42,42,2.2360680103302,1,1.0,0.9678347238438595,0.03216527615614051,1.7320507764816284,0.7874439821006257,0.21255601789937428,2.4494898319244385,0.4888905783818152,0.5111094216181848
survset:UnempDur,DeepHit,1,42,1796,1.4142135381698608,1,1.0,0.9600584472243963,0.03994155277560374,1.7320507764816284,0.7456883200523962,0.25431167994760384,2.4494898319244385,0.5467441196337164,0.4532558803662836
survset:UnempDur,DeepHit,1,42,2191,1.7320507764816284,1,1.0,0.9690247701451294,0.030975229854870556,1.7320507764816284,0.7817439021307939,0.21825609786920608,2.4494898319244385,0.5463089613659408,0.45369103863405924
survset:UnempDur,DeepHit,1,42,1784,3.7416574954986572,1,1.0,0.9406913692825849,0.0593086307174151,1.7320507764816284,0.7067892059322056,0.2932107940677944,2.4494898319244385,0.48371831415401534,0.5162816858459847
survset:UnempDur,DeepHit,1,42,1798,3.605551242828369,0,1.0,0.9473816682767991,0.05261833172320085,1.7320507764816284,0.7133783404657364,0.28662165953426355,2.4494898319244385,0.4815097764234331,0.5184902235765669
survset:UnempDur,DeepHit,1,42,2545,2.0,1,1.0,0.9520540728970687,0.04794592710293133,1.7320507764816284,0.8147283697110294,0.18527163028897065,2.4494898319244385,0.6361458363574011,0.3638541636425989
survset:UnempDur,DeepHit,1,42,613,1.0,1,1.0,0.9446523650778182,0.055347634922181754,1.7320507764816284,0.7639811880498213,0.2360188119501787,2.4494898319244385,0.558601907014866,0.441398092985134
survset:UnempDur,DeepHit,1,42,874,1.0,1,1.0,0.9434786407829987,0.0565213592170013,1.7320507764816284,0.8049560704350559,0.1950439295649441,2.4494898319244385,0.608097339386987,0.39190266061301304
survset:UnempDur,DeepHit,1,42,2544,3.0,1,1.0,0.9562769137873495,0.04372308621265053,1.7320507764816284,0.7662474803628877,0.2337525196371123,2.4494898319244385,0.5184968575505792,0.48150314244942083
survset:UnempDur,DeepHit,1,42,518,3.872983455657959,1,1.0,0.9566150569216366,0.04338494307836338,1.7320507764816284,0.7978228587399172,0.2021771412600828,2.4494898319244385,0.5545587140291086,0.4454412859708914
survset:UnempDur,DeepHit,1,42,1996,1.7320507764816284,1,1.0,0.9428509180055407,0.05714908199445934,1.7320507764816284,0.7313411621100693,0.2686588378899307,2.4494898319244385,0.5364730616304663,0.46352693836953374
survset:UnempDur,DeepHit,1,42,897,1.4142135381698608,1,1.0,0.9379485109498599,0.06205148905014013,1.7320507764816284,0.6872752601739853,0.3127247398260147,2.4494898319244385,0.4875478930472494,0.5124521069527506
survset:UnempDur,DeepHit,1,42,2643,2.6457512378692627,0,1.0,0.9857184448508199,0.014281555149180059,1.7320507764816284,0.7964004999882573,0.20359950001174265,2.4494898319244385,0.568117539302542,0.43188246069745795
survset:UnempDur,DeepHit,1,42,2139,1.0,1,1.0,0.9281088098768692,0.07189119012313083,1.7320507764816284,0.7574164475099536,0.24258355249004637,2.4494898319244385,0.5201106582716525,0.4798893417283475
survset:UnempDur,DeepHit,1,42,2742,3.7416574954986572,1,1.0,0.9386507018475898,0.06134929815241019,1.7320507764816284,0.7253470245138118,0.27465297548618817,2.4494898319244385,0.5053715496019802,0.49462845039801984
survset:UnempDur,DeepHit,1,42,2963,1.0,1,1.0,0.9354075446180891,0.06459245538191094,1.7320507764816284,0.744429482108513,0.255570517891487,2.4494898319244385,0.5267630283775069,0.4732369716224931
survset:UnempDur,DeepHit,1,42,1164,1.0,1,1.0,0.9321328806867479,0.06786711931325207,1.7320507764816284,0.6724478327981007,0.3275521672018993,2.4494898319244385,0.43719279416664825,0.5628072058333518
survset:UnempDur,DeepHit,1,42,516,2.0,0,1.0,0.950019055174887,0.04998094482511295,1.7320507764816284,0.7808539865858044,0.2191460134141956,2.4494898319244385,0.5978297273054399,0.40217027269456007
survset:UnempDur,DeepHit,1,42,2679,3.464101552963257,1,1.0,0.9543207732696998,0.045679226730300226,1.7320507764816284,0.7907547056499185,0.20924529435008155,2.4494898319244385,0.5327566893870516,0.46724331061294844
survset:UnempDur,DeepHit,1,42,1651,2.6457512378692627,1,1.0,0.9505630328193237,0.04943696718067625,1.7320507764816284,0.8046160887979154,0.19538391120208465,2.4494898319244385,0.5847195517244641,0.4152804482755359
survset:UnempDur,DeepHit,1,42,1485,3.0,1,1.0,0.957258277704515,0.04274172229548501,1.7320507764816284,0.8069796608771774,0.19302033912282257,2.4494898319244385,0.5419143019510642,0.45808569804893584
survset:UnempDur,DeepHit,1,42,3188,3.0,0,1.0,0.9456298659836601,0.054370134016339944,1.7320507764816284,0.7058147501708064,0.2941852498291936,2.4494898319244385,0.4781613071351447,0.5218386928648553
survset:UnempDur,DeepHit,1,42,251,3.0,0,1.0,0.9552489834801617,0.04475101651983826,1.7320507764816284,0.8046534535297333,0.19534654647026672,2.4494898319244385,0.5493561614847693,0.4506438385152307
survset:UnempDur,DeepHit,1,42,2683,1.7320507764816284,1,1.0,0.9576575039957654,0.042342496004234564,1.7320507764816284,0.8110704998937762,0.18892950010622378,2.4494898319244385,0.600428662051447,0.39957133794855304
survset:UnempDur,DeepHit,1,42,2519,2.2360680103302,0,1.0,0.9553364029740392,0.04466359702596079,1.7320507764816284,0.816654668445425,0.183345331554575,2.4494898319244385,0.596233730950679,0.403766269049321
survset:UnempDur,DeepHit,1,42,1202,2.0,1,1.0,0.9749903531721328,0.025009646827867216,1.7320507764816284,0.7854222297946134,0.2145777702053866,2.4494898319244385,0.4996716484547908,0.5003283515452093
survset:UnempDur,DeepHit,1,42,196,1.7320507764816284,1,1.0,0.9507488298465241,0.04925117015347591,1.7320507764816284,0.723972611819607,0.27602738818039296,2.4494898319244385,0.5034377436971361,0.4965622563028639
survset:UnempDur,DeepHit,1,42,2346,2.2360680103302,1,1.0,0.9403013481624581,0.05969865183754186,1.7320507764816284,0.7465099234492572,0.25349007655074285,2.4494898319244385,0.5591329674990437,0.44086703250095627
survset:UnempDur,DeepHit,1,42,3131,2.4494898319244385,0,1.0,0.9654153259378156,0.03458467406218435,1.7320507764816284,0.7820359710859848,0.21796402891401523,2.4494898319244385,0.554810287168747,0.44518971283125297
survset:UnempDur,DeepHit,1,42,2181,1.7320507764816284,0,1.0,0.929959297589966,0.07004070241003402,1.7320507764816284,0.692026199160556,0.30797380083944403,2.4494898319244385,0.4884166164770411,0.5115833835229588
survset:UnempDur,DeepHit,1,42,1558,2.6457512378692627,0,1.0,0.9546802755893994,0.045319724410600615,1.7320507764816284,0.7842263018072789,0.21577369819272108,2.4494898319244385,0.5735323200883299,0.4264676799116701
survset:UnempDur,DeepHit,1,42,1620,5.196152210235596,1,1.0,0.9518797212804286,0.04812027871957136,1.7320507764816284,0.7573787013181525,0.24262129868184745,2.4494898319244385,0.5482708699933881,0.45172913000661186
survset:UnempDur,DeepHit,1,42,1906,1.4142135381698608,1,1.0,0.9368748651339014,0.06312513486609861,1.7320507764816284,0.7049565019575271,0.2950434980424729,2.4494898319244385,0.49355805623279686,0.5064419437672032
survset:UnempDur,DeepHit,1,42,2254,1.7320507764816284,1,1.0,0.9364719932078875,0.06352800679211246,1.7320507764816284,0.6821469620324797,0.3178530379675203,2.4494898319244385,0.442255252954704,0.557744747045296
survset:UnempDur,DeepHit,1,42,1978,4.0,1,1.0,0.9370102533315476,0.06298974666845236,1.7320507764816284,0.7164424098088469,0.2835575901911531,2.4494898319244385,0.4888461336420182,0.5111538663579818
survset:UnempDur,DeepHit,1,42,727,1.7320507764816284,1,1.0,0.9425213432235869,0.05747865677641306,1.7320507764816284,0.690710285629194,0.309289714370806,2.4494898319244385,0.45231074877090066,0.5476892512290994
survset:UnempDur,DeepHit,1,42,1427,2.2360680103302,1,1.0,0.9581813607985802,0.041818639201419816,1.7320507764816284,0.7757225996843988,0.22427740031560117,2.4494898319244385,0.4997508933172679,0.5002491066827321
survset:UnempDur,DeepHit,1,42,1575,2.0,0,1.0,0.941410989638496,0.05858901036150399,1.7320507764816284,0.7201374002798818,0.2798625997201182,2.4494898319244385,0.49544692408444074,0.5045530759155592
survset:UnempDur,DeepHit,1,42,3143,3.464101552963257,1,1.0,0.952301707223334,0.04769829277666604,1.7320507764816284,0.7914410821085974,0.20855891789140257,2.4494898319244385,0.529028101717784,0.470971898282216
survset:UnempDur,DeepHit,1,42,1321,2.4494898319244385,1,1.0,0.9417141838163692,0.05828581618363082,1.7320507764816284,0.7291200218742427,0.27087997812575726,2.4494898319244385,0.5177365729694462,0.4822634270305538
survset:UnempDur,DeepHit,1,42,1502,3.7416574954986572,0,1.0,0.9557368820657034,0.0442631179342966,1.7320507764816284,0.812119979862321,0.18788002013767902,2.4494898319244385,0.593713667361256,0.40628633263874403
survset:UnempDur,DeepHit,1,42,2907,1.0,1,1.0,0.9438471226085519,0.05615287739144814,1.7320507764816284,0.7021207580153731,0.2978792419846269,2.4494898319244385,0.47845695030033863,0.5215430496996614
survset:UnempDur,DeepHit,1,42,3011,1.4142135381698608,1,1.0,0.9378906705858923,0.06210932941410774,1.7320507764816284,0.6769852105621224,0.32301478943787765,2.4494898319244385,0.4687182343278046,0.5312817656721954
survset:UnempDur,DeepHit,1,42,1047,1.0,1,1.0,0.9669260960771228,0.033073903922877235,1.7320507764816284,0.770550839381637,0.22944916061836296,2.4494898319244385,0.4853564551152689,0.5146435448847311
survset:UnempDur,DeepHit,1,42,1982,4.0,1,1.0,0.9564806327248278,0.04351936727517225,1.7320507764816284,0.8068906845357519,0.19310931546424814,2.4494898319244385,0.5800517175970208,0.4199482824029792
survset:UnempDur,DeepHit,1,42,614,1.0,1,1.0,0.9378404660983644,0.062159533901635644,1.7320507764816284,0.6939216017535642,0.3060783982464358,2.4494898319244385,0.4810890244963571,0.518910975503643
survset:UnempDur,DeepHit,1,42,1653,1.0,1,1.0,0.938323385407166,0.06167661459283402,1.7320507764816284,0.7130065435183232,0.28699345648167685,2.4494898319244385,0.5094749475940741,0.4905250524059259
survset:UnempDur,DeepHit,1,42,2042,3.7416574954986572,0,1.0,0.9622253870383607,0.03777461296163931,1.7320507764816284,0.8035833457496566,0.19641665425034338,2.4494898319244385,0.5207947228351164,0.4792052771648836
survset:UnempDur,DeepHit,1,42,1123,1.0,1,1.0,0.9553208446697037,0.044679155330296316,1.7320507764816284,0.7991510948391449,0.20084890516085507,2.4494898319244385,0.58763865925157,0.41236134074843
survset:UnempDur,DeepHit,1,42,3176,4.690415859222412,1,1.0,0.9525661676695603,0.04743383233043974,1.7320507764816284,0.7735309907749887,0.22646900922501134,2.4494898319244385,0.5578530010612165,0.4421469989387835
survset:UnempDur,DeepHit,1,42,2772,2.2360680103302,1,1.0,0.9542752318840777,0.0457247681159223,1.7320507764816284,0.7633696152837124,0.2366303847162876,2.4494898319244385,0.5241492138072168,0.4758507861927832
survset:UnempDur,DeepHit,1,42,717,1.4142135381698608,1,1.0,0.9363659027992356,0.0636340972007644,1.7320507764816284,0.7209674656961886,0.27903253430381136,2.4494898319244385,0.5043742373253378,0.4956257626746622
survset:UnempDur,DeepHit,1,42,605,3.1622776985168457,0,1.0,0.9543382435519213,0.04566175644807868,1.7320507764816284,0.8090327576157429,0.1909672423842571,2.4494898319244385,0.5714687359215774,0.42853126407842257
survset:UnempDur,DeepHit,1,42,1036,4.0,1,1.0,0.9469451771901508,0.05305482280984919,1.7320507764816284,0.7150613074904559,0.28493869250954407,2.4494898319244385,0.5072041478496141,0.4927958521503859
survset:UnempDur,DeepHit,1,42,815,1.7320507764816284,1,1.0,0.9641865704573019,0.03581342954269806,1.7320507764816284,0.7928371367023991,0.20716286329760092,2.4494898319244385,0.5049751327811588,0.4950248672188412
survset:UnempDur,DeepHit,1,42,315,3.605551242828369,0,1.0,0.9522152871571015,0.047784712842898536,1.7320507764816284,0.8032009468594962,0.19679905314050383,2.4494898319244385,0.5998071522716095,0.4001928477283905
survset:UnempDur,DeepHit,1,42,3027,1.0,1,1.0,0.9440944658904664,0.05590553410953358,1.7320507764816284,0.6615976544015577,0.3384023455984423,2.4494898319244385,0.4620215187268998,0.5379784812731002
survset:UnempDur,DeepHit,1,42,2781,3.316624879837036,0,1.0,0.9421152700849577,0.05788472991504234,1.7320507764816284,0.6971374407267082,0.30286255927329175,2.4494898319244385,0.4992126192259918,0.5007873807740082
survset:UnempDur,DeepHit,1,42,1384,1.7320507764816284,1,1.0,0.9474988454901335,0.05250115450986648,1.7320507764816284,0.8138726358833029,0.18612736411669706,2.4494898319244385,0.5830547534019279,0.4169452465980721
survset:UnempDur,DeepHit,1,42,2625,2.8284270763397217,0,1.0,0.9748655847944536,0.02513441520554638,1.7320507764816284,0.7897321447464546,0.2102678552535454,2.4494898319244385,0.5250102523992222,0.47498974760077783
survset:UnempDur,DeepHit,1,42,1032,2.6457512378692627,1,1.0,0.9687199832328507,0.03128001676714931,1.7320507764816284,0.8180077133401271,0.18199228665987288,2.4494898319244385,0.5471603516175279,0.45283964838247215
survset:UnempDur,DeepHit,1,42,1052,1.4142135381698608,1,1.0,0.958316511108891,0.041683488891108955,1.7320507764816284,0.7775145056229377,0.22248549437706233,2.4494898319244385,0.4954616642253659,0.504538335774634
survset:UnempDur,DeepHit,1,42,3236,3.316624879837036,1,1.0,0.943984461366358,0.05601553863364195,1.7320507764816284,0.778252673880944,0.221747326119056,2.4494898319244385,0.5380848561786442,0.4619151438213558
survset:UnempDur,DeepHit,1,42,2718,1.7320507764816284,1,1.0,0.9472568004509097,0.05274319954909035,1.7320507764816284,0.7966854149852264,0.20331458501477362,2.4494898319244385,0.6065557450945613,0.39344425490543866
survset:UnempDur,DeepHit,1,42,27,2.2360680103302,0,1.0,0.9588310478208552,0.041168952179144847,1.7320507764816284,0.7869636402087428,0.21303635979125723,2.4494898319244385,0.628481060746747,0.37151893925325297
survset:UnempDur,DeepHit,1,42,1565,2.2360680103302,1,1.0,0.9568144761632841,0.04318552383671592,1.7320507764816284,0.7150359482189623,0.2849640517810377,2.4494898319244385,0.4705229911408623,0.5294770088591376
survset:UnempDur,DeepHit,1,42,2059,2.2360680103302,1,1.0,0.9328660345085593,0.06713396549144068,1.7320507764816284,0.7361106520756245,0.26388934792437546,2.4494898319244385,0.4992146670218608,0.5007853329781392
survset:UnempDur,DeepHit,1,42,2966,2.2360680103302,1,1.0,0.9545096785771597,0.04549032142284026,1.7320507764816284,0.7098673089251784,0.29013269107482165,2.4494898319244385,0.475240737441071,0.524759262558929
survset:UnempDur,DeepHit,1,42,1226,2.6457512378692627,1,1.0,0.9457883390143765,0.05421166098562347,1.7320507764816284,0.7320610087591812,0.26793899124081877,2.4494898319244385,0.4935220362603049,0.5064779637396951
survset:UnempDur,DeepHit,1,42,1227,2.2360680103302,1,1.0,0.9771845108087657,0.02281548919123433,1.7320507764816284,0.7937500069537642,0.2062499930462358,2.4494898319244385,0.5464206602281967,0.4535793397718033
survset:UnempDur,DeepHit,1,42,3051,1.0,1,1.0,0.9387041441333231,0.06129585586667685,1.7320507764816284,0.742264903426411,0.25773509657358895,2.4494898319244385,0.5323756836697754,0.4676243163302246
survset:UnempDur,DeepHit,1,42,1785,1.0,1,1.0,0.9349462475050688,0.06505375249493117,1.7320507764816284,0.6562047221133958,0.34379527788660424,2.4494898319244385,0.44627163383377233,0.5537283661662277
survset:UnempDur,DeepHit,1,42,644,3.316624879837036,1,1.0,0.9386782089942945,0.06132179100570545,1.7320507764816284,0.6823913640849297,0.31760863591507027,2.4494898319244385,0.47493386663056386,0.5250661333694362
survset:UnempDur,DeepHit,1,42,689,1.4142135381698608,1,1.0,0.9456900624665868,0.05430993753341318,1.7320507764816284,0.6853944794061317,0.31460552059386826,2.4494898319244385,0.46569006890001113,0.5343099310999888
survset:UnempDur,DeepHit,1,42,2176,2.4494898319244385,0,1.0,0.9579829654334348,0.04201703456656525,1.7320507764816284,0.7579968104493995,0.24200318955060052,2.4494898319244385,0.5046435896033874,0.4953564103966126
survset:UnempDur,DeepHit,1,42,2178,3.7416574954986572,1,1.0,0.9386360128370274,0.061363987162972644,1.7320507764816284,0.7018225992548378,0.2981774007451622,2.4494898319244385,0.49629800161956866,0.5037019983804314
survset:UnempDur,DeepHit,1,42,2573,1.7320507764816284,1,1.0,0.9550626243095821,0.04493737569041789,1.7320507764816284,0.7929080303472233,0.20709196965277665,2.4494898319244385,0.5419248628855576,0.45807513711444237
survset:UnempDur,DeepHit,1,42,590,2.0,0,1.0,0.956612213740095,0.043387786259905026,1.7320507764816284,0.7889497215754893,0.21105027842451074,2.4494898319244385,0.5567940586503555,0.4432059413496445
survset:UnempDur,DeepHit,1,42,2652,1.0,1,1.0,0.9331837314115302,0.06681626858846978,1.7320507764816284,0.7091608331542922,0.29083916684570776,2.4494898319244385,0.5019745182130255,0.4980254817869745
survset:UnempDur,DeepHit,1,42,393,1.7320507764816284,0,1.0,0.9613998199743872,0.03860018002561283,1.7320507764816284,0.803684011462036,0.19631598853796395,2.4494898319244385,0.5389084483018954,0.46109155169810456
survset:UnempDur,DeepHit,1,42,1249,3.872983455657959,1,1.0,0.9642248735746961,0.035775126425303894,1.7320507764816284,0.8074067416029289,0.1925932583970711,2.4494898319244385,0.5328735236335309,0.4671264763664691
survset:UnempDur,DeepHit,1,42,1670,1.4142135381698608,1,1.0,0.9360216322295939,0.06397836777040611,1.7320507764816284,0.6910296998456633,0.3089703001543367,2.4494898319244385,0.4763657154772215,0.5236342845227785
survset:UnempDur,DeepHit,1,42,800,1.7320507764816284,1,1.0,0.9349388237311991,0.06506117626880092,1.7320507764816284,0.6798550850083044,0.3201449149916956,2.4494898319244385,0.4364562892350385,0.5635437107649615
survset:UnempDur,DeepHit,1,42,56,2.4494898319244385,1,1.0,0.9536614276253352,0.046338572374664766,1.7320507764816284,0.8089042075732894,0.1910957924267106,2.4494898319244385,0.5402443766203796,0.4597556233796204
survset:UnempDur,DeepHit,1,42,2311,2.6457512378692627,1,1.0,0.9437612852409472,0.056238714759052844,1.7320507764816284,0.7072591290633156,0.29274087093668444,2.4494898319244385,0.4706583224476591,0.529341677552341
