dataset,method,run_id,seed,sample_id,observed_time,event,horizon_t25,pred_survival_t25,pred_risk_t25,horizon_t50,pred_survival_t50,pred_risk_t50,horizon_t75,pred_survival_t75,pred_risk_t75
survset:UnempDur,Weibull_AFT,7,48,1075,1.7320507764816284,1,1.0,0.9435660243034363,0.05643397569656372,1.7320507764816284,0.8337202072143555,0.16627979278564453,2.6457512378692627,0.6449910402297974,0.35500895977020264
survset:UnempDur,Weibull_AFT,7,48,2394,1.7320507764816284,1,1.0,0.8440979719161987,0.15590202808380127,1.7320507764816284,0.5882477760314941,0.41175222396850586,2.6457512378692627,0.27818459272384644,0.7218154072761536
survset:UnempDur,Weibull_AFT,7,48,2287,4.0,1,1.0,0.9394333958625793,0.060566604137420654,1.7320507764816284,0.8223418593406677,0.17765814065933228,2.6457512378692627,0.6239690184593201,0.37603098154067993
survset:UnempDur,Weibull_AFT,7,48,1439,2.0,1,1.0,0.8376481533050537,0.1623518466949463,1.7320507764816284,0.5742900967597961,0.42570990324020386,2.6457512378692627,0.26253387331962585,0.7374661266803741
survset:UnempDur,Weibull_AFT,7,48,2249,2.6457512378692627,0,1.0,0.9379485845565796,0.06205141544342041,1.7320507764816284,0.8182795643806458,0.18172043561935425,2.6457512378692627,0.6165623664855957,0.3834376335144043
survset:UnempDur,Weibull_AFT,7,48,1516,1.0,1,1.0,0.8197569847106934,0.18024301528930664,1.7320507764816284,0.5367556214332581,0.46324437856674194,2.6457512378692627,0.22304950654506683,0.7769504934549332
survset:UnempDur,Weibull_AFT,7,48,2415,1.7320507764816284,1,1.0,0.8269628882408142,0.1730371117591858,1.7320507764816284,0.5516655445098877,0.4483344554901123,2.6457512378692627,0.23828373849391937,0.7617162615060806
survset:UnempDur,Weibull_AFT,7,48,2180,2.4494898319244385,0,1.0,0.8354395627975464,0.1645604372024536,1.7320507764816284,0.5695629119873047,0.4304370880126953,2.6457512378692627,0.2573532164096832,0.7426467835903168
survset:UnempDur,Weibull_AFT,7,48,2381,4.358899116516113,1,1.0,0.9391751289367676,0.06082487106323242,1.7320507764816284,0.8216342329978943,0.1783657670021057,2.6457512378692627,0.6226751208305359,0.3773248791694641
survset:UnempDur,Weibull_AFT,7,48,1762,3.316624879837036,0,1.0,0.9416826963424683,0.05831730365753174,1.7320507764816284,0.8285216093063354,0.17147839069366455,2.6457512378692627,0.6353358030319214,0.3646641969680786
survset:UnempDur,Weibull_AFT,7,48,3165,1.0,1,1.0,0.844510018825531,0.155489981174469,1.7320507764816284,0.5891472101211548,0.4108527898788452,2.6457512378692627,0.2792113721370697,0.7207886278629303
survset:UnempDur,Weibull_AFT,7,48,374,3.1622776985168457,0,1.0,0.9366102814674377,0.06338971853256226,1.7320507764816284,0.8146299123764038,0.1853700876235962,2.6457512378692627,0.6099521517753601,0.3900478482246399
survset:UnempDur,Weibull_AFT,7,48,1136,1.7320507764816284,1,1.0,0.9467964172363281,0.053203582763671875,1.7320507764816284,0.8426889181137085,0.1573110818862915,2.6457512378692627,0.6618491411209106,0.33815085887908936
survset:UnempDur,Weibull_AFT,7,48,842,4.4721360206604,0,1.0,0.9323340058326721,0.06766599416732788,1.7320507764816284,0.8030424118041992,0.19695758819580078,2.6457512378692627,0.5892407298088074,0.4107592701911926
survset:UnempDur,Weibull_AFT,7,48,799,4.358899116516113,0,1.0,0.8569059371948242,0.14309406280517578,1.7320507764816284,0.6166457533836365,0.3833542466163635,2.6457512378692627,0.311678022146225,0.688321977853775
survset:UnempDur,Weibull_AFT,7,48,462,1.4142135381698608,0,1.0,0.8267359137535095,0.17326408624649048,1.7320507764816284,0.5511917471885681,0.4488082528114319,2.6457512378692627,0.2377905547618866,0.7622094452381134
survset:UnempDur,Weibull_AFT,7,48,3076,2.2360680103302,1,1.0,0.8433544039726257,0.15664559602737427,1.7320507764816284,0.5866269469261169,0.41337305307388306,2.6457512378692627,0.27633991837501526,0.7236600816249847
survset:UnempDur,Weibull_AFT,7,48,468,1.0,1,1.0,0.8357500433921814,0.1642499566078186,1.7320507764816284,0.5702258348464966,0.4297741651535034,2.6457512378692627,0.25807610154151917,0.7419238984584808
survset:UnempDur,Weibull_AFT,7,48,1371,2.2360680103302,0,1.0,0.8173341751098633,0.18266582489013672,1.7320507764816284,0.5318046808242798,0.4681953191757202,2.6457512378692627,0.21812079846858978,0.7818792015314102
survset:UnempDur,Weibull_AFT,7,48,565,3.0,1,1.0,0.9379982948303223,0.062001705169677734,1.7320507764816284,0.8184154033660889,0.18158459663391113,2.6457512378692627,0.6168091893196106,0.3831908106803894
survset:UnempDur,Weibull_AFT,7,48,1247,1.7320507764816284,0,1.0,0.9443227648735046,0.05567723512649536,1.7320507764816284,0.8358154296875,0.1641845703125,2.6457512378692627,0.6489065289497375,0.35109347105026245
survset:UnempDur,Weibull_AFT,7,48,1312,3.316624879837036,1,1.0,0.9342108368873596,0.06578916311264038,1.7320507764816284,0.8081141114234924,0.19188588857650757,2.6457512378692627,0.5982543230056763,0.40174567699432373
survset:UnempDur,Weibull_AFT,7,48,2061,2.6457512378692627,0,1.0,0.9503483176231384,0.04965168237686157,1.7320507764816284,0.8526255488395691,0.1473744511604309,2.6457512378692627,0.6808246970176697,0.3191753029823303
survset:UnempDur,Weibull_AFT,7,48,843,3.7416574954986572,0,1.0,0.9476780891418457,0.0523219108581543,1.7320507764816284,0.8451480269432068,0.1548519730567932,2.6457512378692627,0.6665160059928894,0.3334839940071106
survset:UnempDur,Weibull_AFT,7,48,1682,1.4142135381698608,0,1.0,0.9411560893058777,0.058843910694122314,1.7320507764816284,0.827072024345398,0.17292797565460205,2.6457512378692627,0.6326586604118347,0.3673413395881653
survset:UnempDur,Weibull_AFT,7,48,2163,1.7320507764816284,1,1.0,0.9400513768196106,0.059948623180389404,1.7320507764816284,0.8240365386009216,0.17596346139907837,2.6457512378692627,0.6270741820335388,0.3729258179664612
survset:UnempDur,Weibull_AFT,7,48,3131,2.4494898319244385,0,1.0,0.9427810311317444,0.057218968868255615,1.7320507764816284,0.8315508365631104,0.16844916343688965,2.6457512378692627,0.6409515142440796,0.3590484857559204
survset:UnempDur,Weibull_AFT,7,48,537,3.872983455657959,1,1.0,0.9458357095718384,0.05416429042816162,1.7320507764816284,0.8400148153305054,0.15998518466949463,2.6457512378692627,0.6567961573600769,0.3432038426399231
survset:UnempDur,Weibull_AFT,7,48,1017,1.7320507764816284,1,1.0,0.8621463775634766,0.13785362243652344,1.7320507764816284,0.6285290718078613,0.37147092819213867,2.6457512378692627,0.32635873556137085,0.6736412644386292
survset:UnempDur,Weibull_AFT,7,48,1163,1.7320507764816284,0,1.0,0.8563647866249084,0.14363521337509155,1.7320507764816284,0.6154274344444275,0.3845725655555725,2.6457512378692627,0.31019526720046997,0.68980473279953
survset:UnempDur,Weibull_AFT,7,48,1104,3.0,1,1.0,0.8864333033561707,0.11356669664382935,1.7320507764816284,0.6856415271759033,0.3143584728240967,2.6457512378692627,0.4025089144706726,0.5974910855293274
survset:UnempDur,Weibull_AFT,7,48,2016,1.4142135381698608,1,1.0,0.8738425374031067,0.1261574625968933,1.7320507764816284,0.6556115746498108,0.3443884253501892,2.6457512378692627,0.3613049387931824,0.6386950612068176
survset:UnempDur,Weibull_AFT,7,48,1481,2.2360680103302,0,1.0,0.9500651359558105,0.04993486404418945,1.7320507764816284,0.8518303632736206,0.1481696367263794,2.6457512378692627,0.6792946457862854,0.3207053542137146
survset:UnempDur,Weibull_AFT,7,48,3159,3.1622776985168457,0,1.0,0.9462403059005737,0.05375969409942627,1.7320507764816284,0.8411402702331543,0.1588597297668457,2.6457512378692627,0.6589201092720032,0.3410798907279968
survset:UnempDur,Weibull_AFT,7,48,1845,2.4494898319244385,1,1.0,0.9419637322425842,0.05803626775741577,1.7320507764816284,0.8292959928512573,0.17070400714874268,2.6457512378692627,0.6367686986923218,0.3632313013076782
survset:UnempDur,Weibull_AFT,7,48,1673,1.0,1,1.0,0.8156407475471497,0.18435925245285034,1.7320507764816284,0.5283628702163696,0.47163712978363037,2.6457512378692627,0.2147323042154312,0.7852676957845688
survset:UnempDur,Weibull_AFT,7,48,2295,2.2360680103302,1,1.0,0.8387343287467957,0.16126567125320435,1.7320507764816284,0.5766246318817139,0.42337536811828613,2.6457512378692627,0.2651146948337555,0.7348853051662445
survset:UnempDur,Weibull_AFT,7,48,495,4.582575798034668,0,1.0,0.9344723224639893,0.06552767753601074,1.7320507764816284,0.8088224530220032,0.19117754697799683,2.6457512378692627,0.5995196104049683,0.40048038959503174
survset:UnempDur,Weibull_AFT,7,48,1500,1.4142135381698608,0,1.0,0.8390523791313171,0.16094762086868286,1.7320507764816284,0.5773094892501831,0.4226905107498169,2.6457512378692627,0.26587462425231934,0.7341253757476807
survset:UnempDur,Weibull_AFT,7,48,125,1.4142135381698608,1,1.0,0.8474863767623901,0.15251362323760986,1.7320507764816284,0.5956721305847168,0.4043278694152832,2.6457512378692627,0.28672632575035095,0.713273674249649
survset:UnempDur,Weibull_AFT,7,48,2014,1.0,1,1.0,0.8289194703102112,0.17108052968978882,1.7320507764816284,0.5557621717453003,0.4442378282546997,2.6457512378692627,0.24257293343544006,0.7574270665645599
survset:UnempDur,Weibull_AFT,7,48,2679,3.464101552963257,1,1.0,0.9400293231010437,0.0599706768989563,1.7320507764816284,0.8239759802818298,0.17602401971817017,2.6457512378692627,0.6269630193710327,0.3730369806289673
survset:UnempDur,Weibull_AFT,7,48,1299,2.0,1,1.0,0.9387598037719727,0.061240196228027344,1.7320507764816284,0.8204972743988037,0.1795027256011963,2.6457512378692627,0.6205994486808777,0.3794005513191223
survset:UnempDur,Weibull_AFT,7,48,2808,1.0,1,1.0,0.8334590792655945,0.16654092073440552,1.7320507764816284,0.5653464794158936,0.43465352058410645,2.6457512378692627,0.2527831792831421,0.7472168207168579
survset:UnempDur,Weibull_AFT,7,48,596,1.0,1,1.0,0.8230941891670227,0.1769058108329773,1.7320507764816284,0.5436261892318726,0.45637381076812744,2.6457512378692627,0.22999636828899384,0.7700036317110062
survset:UnempDur,Weibull_AFT,7,48,689,1.4142135381698608,1,1.0,0.8317226767539978,0.1682773232460022,1.7320507764816284,0.5616673827171326,0.43833261728286743,2.6457512378692627,0.24883466958999634,0.7511653304100037
survset:UnempDur,Weibull_AFT,7,48,155,1.4142135381698608,1,1.0,0.818604052066803,0.18139594793319702,1.7320507764816284,0.534395694732666,0.465604305267334,2.6457512378692627,0.22069215774536133,0.7793078422546387
survset:UnempDur,Weibull_AFT,7,48,3108,2.4494898319244385,0,1.0,0.9439480900764465,0.05605190992355347,1.7320507764816284,0.8347775936126709,0.1652224063873291,2.6457512378692627,0.6469653248786926,0.3530346751213074
survset:UnempDur,Weibull_AFT,7,48,1029,1.0,0,1.0,0.9329672455787659,0.06703275442123413,1.7320507764816284,0.8047511577606201,0.19524884223937988,2.6457512378692627,0.5922685265541077,0.40773147344589233
survset:UnempDur,Weibull_AFT,7,48,2914,1.7320507764816284,1,1.0,0.7856325507164001,0.21436744928359985,1.7320507764816284,0.4698580205440521,0.5301419794559479,2.6457512378692627,0.16180884838104248,0.8381911516189575
survset:UnempDur,Weibull_AFT,7,48,2370,2.8284270763397217,0,1.0,0.9398735761642456,0.060126423835754395,1.7320507764816284,0.8235486745834351,0.17645132541656494,2.6457512378692627,0.6261793375015259,0.3738206624984741
survset:UnempDur,Weibull_AFT,7,48,1434,1.0,1,1.0,0.8480437994003296,0.1519562005996704,1.7320507764816284,0.5968994498252869,0.40310055017471313,2.6457512378692627,0.2881529629230499,0.7118470370769501
survset:UnempDur,Weibull_AFT,7,48,2597,2.2360680103302,0,1.0,0.9393852949142456,0.060614705085754395,1.7320507764816284,0.8222100138664246,0.17778998613357544,2.6457512378692627,0.6237278580665588,0.37627214193344116
survset:UnempDur,Weibull_AFT,7,48,1605,1.7320507764816284,0,1.0,0.9503294229507446,0.04967057704925537,1.7320507764816284,0.8525726199150085,0.14742738008499146,2.6457512378692627,0.680722713470459,0.319277286529541
survset:UnempDur,Weibull_AFT,7,48,2725,1.4142135381698608,1,1.0,0.8838146328926086,0.11618536710739136,1.7320507764816284,0.6793202757835388,0.3206797242164612,2.6457512378692627,0.3936188220977783,0.6063811779022217
survset:UnempDur,Weibull_AFT,7,48,1298,2.0,0,1.0,0.9347060918807983,0.06529390811920166,1.7320507764816284,0.8094560503959656,0.19054394960403442,2.6457512378692627,0.6006526947021484,0.39934730529785156
survset:UnempDur,Weibull_AFT,7,48,3055,1.7320507764816284,0,1.0,0.938713788986206,0.061286211013793945,1.7320507764816284,0.8203714489936829,0.17962855100631714,2.6457512378692627,0.6203699111938477,0.37963008880615234
survset:UnempDur,Weibull_AFT,7,48,202,1.7320507764816284,1,1.0,0.9381797909736633,0.06182020902633667,1.7320507764816284,0.8189113140106201,0.18108868598937988,2.6457512378692627,0.6177107095718384,0.3822892904281616
survset:UnempDur,Weibull_AFT,7,48,3013,1.7320507764816284,1,1.0,0.9441800117492676,0.05581998825073242,1.7320507764816284,0.8354198336601257,0.16458016633987427,2.6457512378692627,0.6481661796569824,0.3518338203430176
survset:UnempDur,Weibull_AFT,7,48,2938,1.4142135381698608,1,1.0,0.9537014365196228,0.0462985634803772,1.7320507764816284,0.8620791435241699,0.13792085647583008,2.6457512378692627,0.6991697549819946,0.30083024501800537
survset:UnempDur,Weibull_AFT,7,48,1556,1.0,1,1.0,0.8243950605392456,0.1756049394607544,1.7320507764816284,0.5463204979896545,0.45367950201034546,2.6457512378692627,0.2327546626329422,0.7672453373670578
survset:UnempDur,Weibull_AFT,7,48,2437,1.0,1,1.0,0.8811820149421692,0.11881798505783081,1.7320507764816284,0.6730054616928101,0.32699453830718994,2.6457512378692627,0.3848535716533661,0.6151464283466339
survset:UnempDur,Weibull_AFT,7,48,3062,2.6457512378692627,0,1.0,0.851905345916748,0.14809465408325195,1.7320507764816284,0.605449914932251,0.394550085067749,2.6457512378692627,0.2982071042060852,0.7017928957939148
survset:UnempDur,Weibull_AFT,7,48,2096,2.2360680103302,0,1.0,0.9391761422157288,0.06082385778427124,1.7320507764816284,0.8216370940208435,0.1783629059791565,2.6457512378692627,0.6226803064346313,0.37731969356536865
survset:UnempDur,Weibull_AFT,7,48,1272,1.0,1,1.0,0.8487868905067444,0.15121310949325562,1.7320507764816284,0.5985384583473206,0.40146154165267944,2.6457512378692627,0.29006457328796387,0.7099354267120361
survset:UnempDur,Weibull_AFT,7,48,2410,1.4142135381698608,1,1.0,0.8505040407180786,0.1494959592819214,1.7320507764816284,0.6023375391960144,0.3976624608039856,2.6457512378692627,0.29452401399612427,0.7054759860038757
survset:UnempDur,Weibull_AFT,7,48,1532,1.0,1,1.0,0.8497225642204285,0.15027743577957153,1.7320507764816284,0.6006065607070923,0.3993934392929077,2.6457512378692627,0.2924872040748596,0.7075127959251404
survset:UnempDur,Weibull_AFT,7,48,1430,1.7320507764816284,1,1.0,0.829432487487793,0.17056751251220703,1.7320507764816284,0.556839644908905,0.44316035509109497,2.6457512378692627,0.2437085062265396,0.7562914937734604
survset:UnempDur,Weibull_AFT,7,48,878,1.4142135381698608,1,1.0,0.9401212334632874,0.059878766536712646,1.7320507764816284,0.8242282271385193,0.1757717728614807,2.6457512378692627,0.6274259686470032,0.3725740313529968
survset:UnempDur,Weibull_AFT,7,48,3193,3.0,1,1.0,0.9336053729057312,0.0663946270942688,1.7320507764816284,0.8064755797386169,0.19352442026138306,2.6457512378692627,0.595333456993103,0.404666543006897
survset:UnempDur,Weibull_AFT,7,48,252,1.0,1,1.0,0.8474536538124084,0.15254634618759155,1.7320507764816284,0.5956000685691833,0.40439993143081665,2.6457512378692627,0.2866427004337311,0.7133572995662689
survset:UnempDur,Weibull_AFT,7,48,428,2.4494898319244385,0,1.0,0.9510497450828552,0.048950254917144775,1.7320507764816284,0.8545973300933838,0.1454026699066162,2.6457512378692627,0.6846274733543396,0.3153725266456604
survset:UnempDur,Weibull_AFT,7,48,953,1.0,0,1.0,0.8537832498550415,0.1462167501449585,1.7320507764816284,0.6096380352973938,0.3903619647026062,2.6457512378692627,0.3032055199146271,0.6967944800853729
survset:UnempDur,Weibull_AFT,7,48,3129,1.7320507764816284,1,1.0,0.9330925941467285,0.06690740585327148,1.7320507764816284,0.8050896525382996,0.19491034746170044,2.6457512378692627,0.5928694605827332,0.40713053941726685
survset:UnempDur,Weibull_AFT,7,48,912,1.0,1,1.0,0.8328649401664734,0.1671350598335266,1.7320507764816284,0.5640857815742493,0.43591421842575073,2.6457512378692627,0.2514260411262512,0.7485739588737488
survset:UnempDur,Weibull_AFT,7,48,1452,3.0,1,1.0,0.9378603100776672,0.062139689922332764,1.7320507764816284,0.8180385231971741,0.18196147680282593,2.6457512378692627,0.6161244511604309,0.3838755488395691
survset:UnempDur,Weibull_AFT,7,48,1584,1.4142135381698608,1,1.0,0.858931839466095,0.14106816053390503,1.7320507764816284,0.6212215423583984,0.37877845764160156,2.6457512378692627,0.31728416681289673,0.6827158331871033
survset:UnempDur,Weibull_AFT,7,48,947,2.6457512378692627,1,1.0,0.9489511251449585,0.051048874855041504,1.7320507764816284,0.848707377910614,0.151292622089386,2.6457512378692627,0.6733048558235168,0.32669514417648315
survset:UnempDur,Weibull_AFT,7,48,2686,1.0,1,1.0,0.8636332154273987,0.13636678457260132,1.7320507764816284,0.6319287419319153,0.3680712580680847,2.6457512378692627,0.33063164353370667,0.6693683564662933
survset:UnempDur,Weibull_AFT,7,48,24,2.4494898319244385,1,1.0,0.9377555847167969,0.062244415283203125,1.7320507764816284,0.8177525401115417,0.18224745988845825,2.6457512378692627,0.6156051754951477,0.3843948245048523
survset:UnempDur,Weibull_AFT,7,48,69,1.0,1,1.0,0.944738507270813,0.05526149272918701,1.7320507764816284,0.8369678854942322,0.16303211450576782,2.6457512378692627,0.6510661840438843,0.3489338159561157
survset:UnempDur,Weibull_AFT,7,48,10,3.872983455657959,0,1.0,0.9465206265449524,0.05347937345504761,1.7320507764816284,0.8419206142425537,0.1580793857574463,2.6457512378692627,0.660395085811615,0.339604914188385
survset:UnempDur,Weibull_AFT,7,48,1800,1.4142135381698608,0,1.0,0.872412919998169,0.12758708000183105,1.7320507764816284,0.6522594690322876,0.3477405309677124,2.6457512378692627,0.3568664491176605,0.6431335508823395
survset:UnempDur,Weibull_AFT,7,48,2871,3.316624879837036,1,1.0,0.8428530097007751,0.15714699029922485,1.7320507764816284,0.5855358242988586,0.41446417570114136,2.6457512378692627,0.2751021087169647,0.7248978912830353
survset:UnempDur,Weibull_AFT,7,48,2979,1.0,1,1.0,0.8531760573387146,0.1468239426612854,1.7320507764816284,0.608281672000885,0.391718327999115,2.6457512378692627,0.3015814423561096,0.6984185576438904
survset:UnempDur,Weibull_AFT,7,48,2250,1.4142135381698608,0,1.0,0.8298356533050537,0.1701643466949463,1.7320507764816284,0.5576875805854797,0.44231241941452026,2.6457512378692627,0.24460430443286896,0.755395695567131
survset:UnempDur,Weibull_AFT,7,48,3239,1.0,1,1.0,0.855048656463623,0.14495134353637695,1.7320507764816284,0.6124711632728577,0.38752883672714233,2.6457512378692627,0.30661439895629883,0.6933856010437012
survset:UnempDur,Weibull_AFT,7,48,879,3.7416574954986572,1,1.0,0.9409126043319702,0.059087395668029785,1.7320507764816284,0.8264023661613464,0.17359763383865356,2.6457512378692627,0.6314241886138916,0.3685758113861084
survset:UnempDur,Weibull_AFT,7,48,454,1.4142135381698608,1,1.0,0.8493114709854126,0.1506885290145874,1.7320507764816284,0.5996973514556885,0.4003026485443115,2.6457512378692627,0.2914206385612488,0.7085793614387512
survset:UnempDur,Weibull_AFT,7,48,1852,2.4494898319244385,1,1.0,0.9382836222648621,0.06171637773513794,1.7320507764816284,0.819195032119751,0.18080496788024902,2.6457512378692627,0.618226945400238,0.38177305459976196
survset:UnempDur,Weibull_AFT,7,48,528,2.8284270763397217,0,1.0,0.9428290128707886,0.057170987129211426,1.7320507764816284,0.8316832184791565,0.1683167815208435,2.6457512378692627,0.641197681427002,0.35880231857299805
survset:UnempDur,Weibull_AFT,7,48,1110,2.6457512378692627,1,1.0,0.9493706226348877,0.050629377365112305,1.7320507764816284,0.8498825430870056,0.15011745691299438,2.6457512378692627,0.6755551695823669,0.32444483041763306
survset:UnempDur,Weibull_AFT,7,48,1874,3.605551242828369,1,1.0,0.9508782029151917,0.04912179708480835,1.7320507764816284,0.8541147708892822,0.14588522911071777,2.6457512378692627,0.6836956739425659,0.3163043260574341
survset:UnempDur,Weibull_AFT,7,48,2588,1.7320507764816284,1,1.0,0.944951057434082,0.05504894256591797,1.7320507764816284,0.8375575542449951,0.16244244575500488,2.6457512378692627,0.6521728038787842,0.3478271961212158
survset:UnempDur,Weibull_AFT,7,48,584,2.8284270763397217,0,1.0,0.9402738809585571,0.05972611904144287,1.7320507764816284,0.8246473073959351,0.17535269260406494,2.6457512378692627,0.6281955242156982,0.37180447578430176
survset:UnempDur,Weibull_AFT,7,48,1054,1.7320507764816284,1,1.0,0.8373425006866455,0.1626574993133545,1.7320507764816284,0.5736342668533325,0.4263657331466675,2.6457512378692627,0.2618114948272705,0.7381885051727295
survset:UnempDur,Weibull_AFT,7,48,1205,1.4142135381698608,0,1.0,0.8287527561187744,0.17124724388122559,1.7320507764816284,0.5554122924804688,0.44458770751953125,2.6457512378692627,0.24220484495162964,0.7577951550483704
survset:UnempDur,Weibull_AFT,7,48,1257,1.7320507764816284,0,1.0,0.9519643783569336,0.048035621643066406,1.7320507764816284,0.8571729063987732,0.1428270936012268,2.6457512378692627,0.689613401889801,0.310386598110199
survset:UnempDur,Weibull_AFT,7,48,492,2.2360680103302,0,1.0,0.8459360599517822,0.15406394004821777,1.7320507764816284,0.5922673940658569,0.40773260593414307,2.6457512378692627,0.2827903628349304,0.7172096371650696
survset:UnempDur,Weibull_AFT,7,48,911,1.7320507764816284,1,1.0,0.9372743368148804,0.06272566318511963,1.7320507764816284,0.8164393901824951,0.18356060981750488,2.6457512378692627,0.6132242679595947,0.3867757320404053
survset:UnempDur,Weibull_AFT,7,48,1354,2.4494898319244385,0,1.0,0.9539903402328491,0.04600965976715088,1.7320507764816284,0.8628969192504883,0.13710308074951172,2.6457512378692627,0.7007701992988586,0.29922980070114136
survset:UnempDur,Weibull_AFT,7,48,310,1.0,1,1.0,0.8589538931846619,0.14104610681533813,1.7320507764816284,0.6212714314460754,0.37872856855392456,2.6457512378692627,0.31734558939933777,0.6826544106006622
survset:UnempDur,Weibull_AFT,7,48,568,1.4142135381698608,1,1.0,0.824353039264679,0.17564696073532104,1.7320507764816284,0.5462332367897034,0.45376676321029663,2.6457512378692627,0.2326650619506836,0.7673349380493164
survset:UnempDur,Weibull_AFT,7,48,1317,3.0,1,1.0,0.9391676783561707,0.060832321643829346,1.7320507764816284,0.8216138482093811,0.1783861517906189,2.6457512378692627,0.6226378679275513,0.37736213207244873
survset:UnempDur,Weibull_AFT,7,48,984,2.8284270763397217,1,1.0,0.9429805278778076,0.05701947212219238,1.7320507764816284,0.8321017026901245,0.1678982973098755,2.6457512378692627,0.6419758796691895,0.35802412033081055
survset:UnempDur,Weibull_AFT,7,48,1131,1.0,1,1.0,0.8326935172080994,0.16730648279190063,1.7320507764816284,0.5637223720550537,0.4362776279449463,2.6457512378692627,0.2510356605052948,0.7489643394947052
survset:UnempDur,Weibull_AFT,7,48,873,2.6457512378692627,1,1.0,0.9394691586494446,0.06053084135055542,1.7320507764816284,0.8224398493766785,0.17756015062332153,2.6457512378692627,0.6241483688354492,0.3758516311645508
survset:UnempDur,Weibull_AFT,7,48,2723,3.1622776985168457,0,1.0,0.9577670097351074,0.04223299026489258,1.7320507764816284,0.8736366629600525,0.1263633370399475,2.6457512378692627,0.7219866514205933,0.27801334857940674
survset:UnempDur,Weibull_AFT,7,48,1189,1.4142135381698608,1,1.0,0.8236125111579895,0.1763874888420105,1.7320507764816284,0.5446986556053162,0.45530134439468384,2.6457512378692627,0.23109200596809387,0.7689079940319061
survset:UnempDur,Weibull_AFT,7,48,62,5.196152210235596,0,1.0,0.9403221607208252,0.059677839279174805,1.7320507764816284,0.8247798681259155,0.17522013187408447,2.6457512378692627,0.6284390687942505,0.3715609312057495
survset:UnempDur,Weibull_AFT,7,48,473,1.0,1,1.0,0.8382196426391602,0.16178035736083984,1.7320507764816284,0.5755176544189453,0.4244823455810547,2.6457512378692627,0.2638891041278839,0.7361108958721161
survset:UnempDur,Weibull_AFT,7,48,475,1.7320507764816284,1,1.0,0.9431800842285156,0.056819915771484375,1.7320507764816284,0.8326531052589417,0.16734689474105835,2.6457512378692627,0.6430022120475769,0.3569977879524231
survset:UnempDur,Weibull_AFT,7,48,1478,2.0,1,1.0,0.8436720967292786,0.15632790327072144,1.7320507764816284,0.5873191356658936,0.41268086433410645,2.6457512378692627,0.2771267890930176,0.7228732109069824
survset:UnempDur,Weibull_AFT,7,48,1252,3.7416574954986572,1,1.0,0.8265069723129272,0.17349302768707275,1.7320507764816284,0.5507140159606934,0.44928598403930664,2.6457512378692627,0.23729386925697327,0.7627061307430267
survset:UnempDur,Weibull_AFT,7,48,2170,2.4494898319244385,1,1.0,0.9420238733291626,0.0579761266708374,1.7320507764816284,0.8294618129730225,0.17053818702697754,2.6457512378692627,0.637075662612915,0.36292433738708496
survset:UnempDur,Weibull_AFT,7,48,2285,1.4142135381698608,0,1.0,0.9369027614593506,0.06309723854064941,1.7320507764816284,0.8154265284538269,0.1845734715461731,2.6457512378692627,0.6113914251327515,0.38860857486724854
survset:UnempDur,Weibull_AFT,7,48,2008,2.6457512378692627,0,1.0,0.9375123381614685,0.062487661838531494,1.7320507764816284,0.8170887231826782,0.18291127681732178,2.6457512378692627,0.6144008636474609,0.38559913635253906
survset:UnempDur,Weibull_AFT,7,48,87,1.4142135381698608,0,1.0,0.9382563233375549,0.06174367666244507,1.7320507764816284,0.8191204071044922,0.1808795928955078,2.6457512378692627,0.6180911660194397,0.3819088339805603
survset:UnempDur,Weibull_AFT,7,48,2168,2.4494898319244385,0,1.0,0.9461610317230225,0.05383896827697754,1.7320507764816284,0.8409196138381958,0.1590803861618042,2.6457512378692627,0.6585033535957336,0.34149664640426636
survset:UnempDur,Weibull_AFT,7,48,2767,1.4142135381698608,1,1.0,0.9526299834251404,0.04737001657485962,1.7320507764816284,0.8590505719184875,0.14094942808151245,2.6457512378692627,0.6932616233825684,0.30673837661743164
survset:UnempDur,Weibull_AFT,7,48,1996,1.7320507764816284,1,1.0,0.8575280904769897,0.14247190952301025,1.7320507764816284,0.6180485486984253,0.3819514513015747,2.6457512378692627,0.31339049339294434,0.6866095066070557
survset:UnempDur,Weibull_AFT,7,48,3188,3.0,0,1.0,0.820842981338501,0.17915701866149902,1.7320507764816284,0.5389848947525024,0.46101510524749756,2.6457512378692627,0.22528988122940063,0.7747101187705994
survset:UnempDur,Weibull_AFT,7,48,808,3.0,0,1.0,0.9341806769371033,0.06581932306289673,1.7320507764816284,0.8080324530601501,0.19196754693984985,2.6457512378692627,0.5981085896492004,0.40189141035079956
survset:UnempDur,Weibull_AFT,7,48,615,2.0,1,1.0,0.9400335550308228,0.059966444969177246,1.7320507764816284,0.823987603187561,0.17601239681243896,2.6457512378692627,0.6269843578338623,0.3730156421661377
survset:UnempDur,Weibull_AFT,7,48,1640,1.0,1,1.0,0.8126331567764282,0.18736684322357178,1.7320507764816284,0.5222872495651245,0.4777127504348755,2.6457512378692627,0.20882652699947357,0.7911734730005264
survset:UnempDur,Weibull_AFT,7,48,64,2.2360680103302,1,1.0,0.8290151953697205,0.17098480463027954,1.7320507764816284,0.5559630393981934,0.44403696060180664,2.6457512378692627,0.24278439581394196,0.757215604186058
survset:UnempDur,Weibull_AFT,7,48,952,1.4142135381698608,1,1.0,0.8640099167823792,0.13599008321762085,1.7320507764816284,0.632792055606842,0.36720794439315796,2.6457512378692627,0.33172184228897095,0.668278157711029
survset:UnempDur,Weibull_AFT,7,48,2671,1.7320507764816284,0,1.0,0.808620810508728,0.19137918949127197,1.7320507764816284,0.5142563581466675,0.4857436418533325,2.6457512378692627,0.20116758346557617,0.7988324165344238
survset:UnempDur,Weibull_AFT,7,48,2791,1.0,1,1.0,0.8554062247276306,0.14459377527236938,1.7320507764816284,0.6132733821868896,0.38672661781311035,2.6457512378692627,0.30758365988731384,0.6924163401126862
survset:UnempDur,Weibull_AFT,7,48,370,1.0,1,1.0,0.8184711933135986,0.18152880668640137,1.7320507764816284,0.5341243147850037,0.46587568521499634,2.6457512378692627,0.22042198479175568,0.7795780152082443
survset:UnempDur,Weibull_AFT,7,48,716,2.6457512378692627,1,1.0,0.9514289498329163,0.04857105016708374,1.7320507764816284,0.8556644916534424,0.14433550834655762,2.6457512378692627,0.6866907477378845,0.3133092522621155
survset:UnempDur,Weibull_AFT,7,48,274,5.196152210235596,0,1.0,0.8706120848655701,0.12938791513442993,1.7320507764816284,0.6480535864830017,0.3519464135169983,2.6457512378692627,0.3513428866863251,0.6486571133136749
survset:UnempDur,Weibull_AFT,7,48,144,3.872983455657959,0,1.0,0.9432548880577087,0.05674511194229126,1.7320507764816284,0.8328598737716675,0.16714012622833252,2.6457512378692627,0.6433872580528259,0.3566127419471741
survset:UnempDur,Weibull_AFT,7,48,794,4.123105525970459,0,1.0,0.9394996166229248,0.060500383377075195,1.7320507764816284,0.822523295879364,0.177476704120636,2.6457512378692627,0.624301016330719,0.375698983669281
survset:UnempDur,Weibull_AFT,7,48,1724,3.0,1,1.0,0.9332690238952637,0.06673097610473633,1.7320507764816284,0.8055663704872131,0.19443362951278687,2.6457512378692627,0.5937163233757019,0.4062836766242981
survset:UnempDur,Weibull_AFT,7,48,2929,1.4142135381698608,1,1.0,0.850074827671051,0.14992517232894897,1.7320507764816284,0.601386308670044,0.39861369132995605,2.6457512378692627,0.2934037148952484,0.7065962851047516
survset:UnempDur,Weibull_AFT,7,48,1635,3.0,1,1.0,0.9368601441383362,0.06313985586166382,1.7320507764816284,0.8153104186058044,0.18468958139419556,2.6457512378692627,0.6111814379692078,0.38881856203079224
survset:UnempDur,Weibull_AFT,7,48,1251,4.4721360206604,0,1.0,0.956659734249115,0.04334026575088501,1.7320507764816284,0.8704784512519836,0.12952154874801636,2.6457512378692627,0.7157090306282043,0.28429096937179565
survset:UnempDur,Weibull_AFT,7,48,1025,3.7416574954986572,0,1.0,0.9419807195663452,0.058019280433654785,1.7320507764816284,0.8293428421020508,0.17065715789794922,2.6457512378692627,0.63685542345047,0.36314457654953003
survset:UnempDur,Weibull_AFT,7,48,2389,2.2360680103302,0,1.0,0.9354656338691711,0.06453436613082886,1.7320507764816284,0.8115171194076538,0.1884828805923462,2.6457512378692627,0.6043471693992615,0.3956528306007385
survset:UnempDur,Weibull_AFT,7,48,2203,1.7320507764816284,1,1.0,0.9471663236618042,0.0528336763381958,1.7320507764816284,0.843720018863678,0.15627998113632202,2.6457512378692627,0.6638036370277405,0.3361963629722595
survset:UnempDur,Weibull_AFT,7,48,2897,1.4142135381698608,1,1.0,0.8256739974021912,0.17432600259780884,1.7320507764816284,0.5489782691001892,0.4510217308998108,2.6457512378692627,0.23549441993236542,0.7645055800676346
survset:UnempDur,Weibull_AFT,7,48,1668,3.605551242828369,0,1.0,0.9378818273544312,0.06211817264556885,1.7320507764816284,0.8180972337722778,0.18190276622772217,2.6457512378692627,0.6162310838699341,0.3837689161300659
survset:UnempDur,Weibull_AFT,7,48,2702,3.1622776985168457,1,1.0,0.9356948733329773,0.0643051266670227,1.7320507764816284,0.8121398687362671,0.1878601312637329,2.6457512378692627,0.6054661273956299,0.3945338726043701
survset:UnempDur,Weibull_AFT,7,48,1118,2.0,0,1.0,0.9398431777954102,0.060156822204589844,1.7320507764816284,0.8234652876853943,0.1765347123146057,2.6457512378692627,0.626026451587677,0.373973548412323
survset:UnempDur,Weibull_AFT,7,48,266,1.4142135381698608,1,1.0,0.9512954950332642,0.04870450496673584,1.7320507764816284,0.8552887439727783,0.14471125602722168,2.6457512378692627,0.6859638690948486,0.31403613090515137
survset:UnempDur,Weibull_AFT,7,48,2787,2.2360680103302,1,1.0,0.8276200890541077,0.17237991094589233,1.7320507764816284,0.5530393123626709,0.4469606876373291,2.6457512378692627,0.2397170513868332,0.7602829486131668
survset:UnempDur,Weibull_AFT,7,48,2303,3.1622776985168457,1,1.0,0.9390481114387512,0.06095188856124878,1.7320507764816284,0.8212864995002747,0.17871350049972534,2.6457512378692627,0.622039794921875,0.377960205078125
survset:UnempDur,Weibull_AFT,7,48,971,1.7320507764816284,0,1.0,0.9461681246757507,0.05383187532424927,1.7320507764816284,0.840939462184906,0.159060537815094,2.6457512378692627,0.6585408449172974,0.34145915508270264
survset:UnempDur,Weibull_AFT,7,48,2131,1.7320507764816284,0,1.0,0.8584890961647034,0.14151090383529663,1.7320507764816284,0.6202195286750793,0.37978047132492065,2.6457512378692627,0.31605151295661926,0.6839484870433807
survset:UnempDur,Weibull_AFT,7,48,1811,2.6457512378692627,1,1.0,0.9429227113723755,0.05707728862762451,1.7320507764816284,0.831942081451416,0.16805791854858398,2.6457512378692627,0.6416789293289185,0.35832107067108154
survset:UnempDur,Weibull_AFT,7,48,1490,1.0,1,1.0,0.9458957314491272,0.0541042685508728,1.7320507764816284,0.8401817679405212,0.15981823205947876,2.6457512378692627,0.6571109294891357,0.34288907051086426
survset:UnempDur,Weibull_AFT,7,48,1802,3.316624879837036,0,1.0,0.9434928297996521,0.0565071702003479,1.7320507764816284,0.8335179090499878,0.1664820909500122,2.6457512378692627,0.6446136832237244,0.35538631677627563
survset:UnempDur,Weibull_AFT,7,48,1890,2.0,0,1.0,0.9474537372589111,0.05254626274108887,1.7320507764816284,0.844521701335907,0.15547829866409302,2.6457512378692627,0.6653255820274353,0.3346744179725647
survset:UnempDur,Weibull_AFT,7,48,1147,1.4142135381698608,0,1.0,0.9358859658241272,0.0641140341758728,1.7320507764816284,0.8126593232154846,0.18734067678451538,2.6457512378692627,0.6064003109931946,0.3935996890068054
survset:UnempDur,Weibull_AFT,7,48,378,2.2360680103302,0,1.0,0.8446489572525024,0.15535104274749756,1.7320507764816284,0.5894507169723511,0.4105492830276489,2.6457512378692627,0.27955833077430725,0.7204416692256927
survset:UnempDur,Weibull_AFT,7,48,2045,1.7320507764816284,1,1.0,0.9437012076377869,0.056298792362213135,1.7320507764816284,0.8340942859649658,0.16590571403503418,2.6457512378692627,0.645689070224762,0.35431092977523804
survset:UnempDur,Weibull_AFT,7,48,2362,1.7320507764816284,1,1.0,0.8323835134506226,0.16761648654937744,1.7320507764816284,0.5630655884742737,0.4369344115257263,2.6457512378692627,0.25033098459243774,0.7496690154075623
survset:UnempDur,Weibull_AFT,7,48,1339,2.2360680103302,1,1.0,0.8321751952171326,0.16782480478286743,1.7320507764816284,0.5626245737075806,0.43737542629241943,2.6457512378692627,0.24985845386981964,0.7501415461301804
survset:UnempDur,Weibull_AFT,7,48,2363,2.6457512378692627,0,1.0,0.9543159008026123,0.045684099197387695,1.7320507764816284,0.8638191223144531,0.13618087768554688,2.6457512378692627,0.7025774121284485,0.2974225878715515
survset:UnempDur,Weibull_AFT,7,48,2313,2.0,1,1.0,0.9442222714424133,0.05577772855758667,1.7320507764816284,0.8355369567871094,0.16446304321289062,2.6457512378692627,0.6483854055404663,0.3516145944595337
survset:UnempDur,Weibull_AFT,7,48,3024,1.0,0,1.0,0.9312170147895813,0.0687829852104187,1.7320507764816284,0.80003422498703,0.19996577501296997,2.6457512378692627,0.5839322209358215,0.41606777906417847
survset:UnempDur,Weibull_AFT,7,48,1555,3.1622776985168457,0,1.0,0.9520086050033569,0.047991394996643066,1.7320507764816284,0.8572975397109985,0.14270246028900146,2.6457512378692627,0.6898552179336548,0.3101447820663452
survset:UnempDur,Weibull_AFT,7,48,210,5.196152210235596,0,1.0,0.9569709897041321,0.04302901029586792,1.7320507764816284,0.8713654279708862,0.12863457202911377,2.6457512378692627,0.7174688577651978,0.28253114223480225
survset:UnempDur,Weibull_AFT,7,48,1957,2.2360680103302,0,1.0,0.9375256299972534,0.06247437000274658,1.7320507764816284,0.8171250224113464,0.18287497758865356,2.6457512378692627,0.614466667175293,0.38553333282470703
survset:UnempDur,Weibull_AFT,7,48,985,3.605551242828369,0,1.0,0.868015468120575,0.13198453187942505,1.7320507764816284,0.6420217752456665,0.3579782247543335,2.6457512378692627,0.34350913763046265,0.6564908623695374
survset:UnempDur,Weibull_AFT,7,48,3092,2.6457512378692627,0,1.0,0.9413083791732788,0.05869162082672119,1.7320507764816284,0.827491044998169,0.17250895500183105,2.6457512378692627,0.6334319114685059,0.36656808853149414
survset:UnempDur,Weibull_AFT,7,48,1348,3.0,0,1.0,0.9407666325569153,0.05923336744308472,1.7320507764816284,0.8260009288787842,0.17399907112121582,2.6457512378692627,0.6306849122047424,0.36931508779525757
survset:UnempDur,Weibull_AFT,7,48,852,1.0,1,1.0,0.8543379902839661,0.14566200971603394,1.7320507764816284,0.6108790040016174,0.38912099599838257,2.6457512378692627,0.3046959340572357,0.6953040659427643
survset:UnempDur,Weibull_AFT,7,48,2428,2.8284270763397217,1,1.0,0.9440140128135681,0.055985987186431885,1.7320507764816284,0.8349601030349731,0.16503989696502686,2.6457512378692627,0.647306501865387,0.35269349813461304
survset:UnempDur,Weibull_AFT,7,48,2147,1.4142135381698608,1,1.0,0.9321657419204712,0.06783425807952881,1.7320507764816284,0.8025888204574585,0.1974111795425415,2.6457512378692627,0.5884383916854858,0.41156160831451416
survset:UnempDur,Weibull_AFT,7,48,720,2.0,0,1.0,0.9432283043861389,0.056771695613861084,1.7320507764816284,0.8327864408493042,0.1672135591506958,2.6457512378692627,0.6432505249977112,0.3567494750022888
survset:UnempDur,Weibull_AFT,7,48,2115,4.242640495300293,1,1.0,0.9440782070159912,0.05592179298400879,1.7320507764816284,0.8351378440856934,0.16486215591430664,2.6457512378692627,0.6476387977600098,0.35236120223999023
survset:UnempDur,Weibull_AFT,7,48,1460,1.4142135381698608,1,1.0,0.8257004618644714,0.17429953813552856,1.7320507764816284,0.5490333437919617,0.45096665620803833,2.6457512378692627,0.23555141687393188,0.7644485831260681
survset:UnempDur,Weibull_AFT,7,48,3178,1.0,1,1.0,0.8335943818092346,0.16640561819076538,1.7320507764816284,0.5656338930130005,0.4343661069869995,2.6457512378692627,0.2530931532382965,0.7469068467617035
survset:UnempDur,Weibull_AFT,7,48,3205,3.316624879837036,1,1.0,0.9475274682044983,0.05247253179550171,1.7320507764816284,0.8447274565696716,0.15527254343032837,2.6457512378692627,0.6657165884971619,0.33428341150283813
survset:UnempDur,Weibull_AFT,7,48,1860,2.6457512378692627,0,1.0,0.9418812394142151,0.05811876058578491,1.7320507764816284,0.8290686011314392,0.1709313988685608,2.6457512378692627,0.6363477110862732,0.3636522889137268
survset:UnempDur,Weibull_AFT,7,48,3022,2.0,1,1.0,0.864410400390625,0.135589599609375,1.7320507764816284,0.6337107419967651,0.36628925800323486,2.6457512378692627,0.3328843414783478,0.6671156585216522
survset:UnempDur,Weibull_AFT,7,48,1914,2.2360680103302,0,1.0,0.830763041973114,0.169236958026886,1.7320507764816284,0.5596410036087036,0.4403589963912964,2.6457512378692627,0.24667543172836304,0.753324568271637
survset:UnempDur,Weibull_AFT,7,48,3006,1.7320507764816284,1,1.0,0.9491417407989502,0.050858259201049805,1.7320507764816284,0.8492412567138672,0.1507587432861328,2.6457512378692627,0.6743266582489014,0.32567334175109863
survset:UnempDur,Weibull_AFT,7,48,176,2.0,0,1.0,0.8424665331840515,0.1575334668159485,1.7320507764816284,0.5846956968307495,0.4153043031692505,2.6457512378692627,0.2741512954235077,0.7258487045764923
survset:UnempDur,Weibull_AFT,7,48,94,1.4142135381698608,1,1.0,0.8403951525688171,0.15960484743118286,1.7320507764816284,0.5802068114280701,0.41979318857192993,2.6457512378692627,0.2691034972667694,0.7308965027332306
survset:UnempDur,Weibull_AFT,7,48,1239,1.4142135381698608,0,1.0,0.9405516982078552,0.059448301792144775,1.7320507764816284,0.8254103064537048,0.17458969354629517,2.6457512378692627,0.6295979619026184,0.3704020380973816
survset:UnempDur,Weibull_AFT,7,48,2980,1.4142135381698608,1,1.0,0.8527626395225525,0.1472373604774475,1.7320507764816284,0.6073594093322754,0.3926405906677246,2.6457512378692627,0.3004800081253052,0.6995199918746948
survset:UnempDur,Weibull_AFT,7,48,914,3.7416574954986572,1,1.0,0.9514064788818359,0.04859352111816406,1.7320507764816284,0.8556012511253357,0.1443987488746643,2.6457512378692627,0.6865684390068054,0.3134315609931946
survset:UnempDur,Weibull_AFT,7,48,532,1.7320507764816284,0,1.0,0.8435342311859131,0.15646576881408691,1.7320507764816284,0.5870186686515808,0.4129813313484192,2.6457512378692627,0.2767850458621979,0.7232149541378021
survset:UnempDur,Weibull_AFT,7,48,2181,1.7320507764816284,0,1.0,0.8421730995178223,0.15782690048217773,1.7320507764816284,0.584058403968811,0.41594159603118896,2.6457512378692627,0.27343130111694336,0.7265686988830566
survset:UnempDur,Weibull_AFT,7,48,758,2.6457512378692627,0,1.0,0.938438892364502,0.06156110763549805,1.7320507764816284,0.8196194171905518,0.18038058280944824,2.6457512378692627,0.6189994812011719,0.3810005187988281
survset:UnempDur,Weibull_AFT,7,48,2259,2.2360680103302,1,1.0,0.8168591856956482,0.1831408143043518,1.7320507764816284,0.5308377742767334,0.4691622257232666,2.6457512378692627,0.2171657383441925,0.7828342616558075
survset:UnempDur,Weibull_AFT,7,48,956,2.2360680103302,1,1.0,0.9406389594078064,0.059361040592193604,1.7320507764816284,0.8256500959396362,0.17434990406036377,2.6457512378692627,0.6300390958786011,0.3699609041213989
survset:UnempDur,Weibull_AFT,7,48,1737,1.0,1,1.0,0.8264617323875427,0.17353826761245728,1.7320507764816284,0.5506196022033691,0.44938039779663086,2.6457512378692627,0.23719583451747894,0.7628041654825211
survset:UnempDur,Weibull_AFT,7,48,1470,1.4142135381698608,1,1.0,0.838786780834198,0.161213219165802,1.7320507764816284,0.5767375826835632,0.42326241731643677,2.6457512378692627,0.265239953994751,0.734760046005249
survset:UnempDur,Weibull_AFT,7,48,2260,3.316624879837036,1,1.0,0.9423461556434631,0.057653844356536865,1.7320507764816284,0.8303505182266235,0.16964948177337646,2.6457512378692627,0.638722836971283,0.36127716302871704
survset:UnempDur,Weibull_AFT,7,48,522,2.4494898319244385,1,1.0,0.8277241587638855,0.1722758412361145,1.7320507764816284,0.5532570481300354,0.4467429518699646,2.6457512378692627,0.23994474112987518,0.7600552588701248
survset:UnempDur,Weibull_AFT,7,48,1261,3.605551242828369,0,1.0,0.9428589344024658,0.05714106559753418,1.7320507764816284,0.8317658305168152,0.16823416948318481,2.6457512378692627,0.6413512229919434,0.35864877700805664
survset:UnempDur,Weibull_AFT,7,48,585,4.0,0,1.0,0.9442799687385559,0.05572003126144409,1.7320507764816284,0.835696816444397,0.16430318355560303,2.6457512378692627,0.648684561252594,0.351315438747406
survset:UnempDur,Weibull_AFT,7,48,2418,1.7320507764816284,1,1.0,0.8506967425346375,0.14930325746536255,1.7320507764816284,0.6027648448944092,0.3972351551055908,2.6457512378692627,0.29502806067466736,0.7049719393253326
survset:UnempDur,Weibull_AFT,7,48,2655,3.1622776985168457,0,1.0,0.9364197254180908,0.06358027458190918,1.7320507764816284,0.8141111731529236,0.18588882684707642,2.6457512378692627,0.609015941619873,0.39098405838012695
survset:UnempDur,Weibull_AFT,7,48,2479,1.0,1,1.0,0.8799987435340881,0.12000125646591187,1.7320507764816284,0.6701802611351013,0.3298197388648987,2.6457512378692627,0.380969375371933,0.619030624628067
survset:UnempDur,Weibull_AFT,7,48,1775,3.464101552963257,1,1.0,0.9355427622795105,0.0644572377204895,1.7320507764816284,0.8117266297340393,0.1882733702659607,2.6457512378692627,0.6047235131263733,0.3952764868736267
survset:UnempDur,Weibull_AFT,7,48,723,2.0,1,1.0,0.9467983841896057,0.05320161581039429,1.7320507764816284,0.8426942825317383,0.15730571746826172,2.6457512378692627,0.661859393119812,0.338140606880188
survset:UnempDur,Weibull_AFT,7,48,2747,2.4494898319244385,1,1.0,0.8367304801940918,0.1632695198059082,1.7320507764816284,0.57232266664505,0.42767733335494995,2.6457512378692627,0.2603703439235687,0.7396296560764313
survset:UnempDur,Weibull_AFT,7,48,2104,1.0,1,1.0,0.8249520659446716,0.17504793405532837,1.7320507764816284,0.5474768877029419,0.4525231122970581,2.6457512378692627,0.23394446074962616,0.7660555392503738
survset:UnempDur,Weibull_AFT,7,48,636,1.7320507764816284,0,1.0,0.9568058252334595,0.04319417476654053,1.7320507764816284,0.8708946704864502,0.1291053295135498,2.6457512378692627,0.7165345549583435,0.2834654450416565
survset:UnempDur,Weibull_AFT,7,48,2809,1.0,1,1.0,0.8317039608955383,0.16829603910446167,1.7320507764816284,0.5616278052330017,0.4383721947669983,2.6457512378692627,0.2487923949956894,0.7512076050043106
survset:UnempDur,Weibull_AFT,7,48,2359,5.196152210235596,0,1.0,0.9608618021011353,0.039138197898864746,1.7320507764816284,0.8825047612190247,0.11749523878097534,2.6457512378692627,0.7397853136062622,0.2602146863937378
survset:UnempDur,Weibull_AFT,7,48,443,1.0,1,1.0,0.8682550191879272,0.13174498081207275,1.7320507764816284,0.6425765752792358,0.35742342472076416,2.6457512378692627,0.3442254066467285,0.6557745933532715
survset:UnempDur,Weibull_AFT,7,48,2200,2.6457512378692627,1,1.0,0.9377139210700989,0.06228607892990112,1.7320507764816284,0.8176387548446655,0.18236124515533447,2.6457512378692627,0.6153987050056458,0.38460129499435425
survset:UnempDur,Weibull_AFT,7,48,1753,3.0,0,1.0,0.9494639039039612,0.05053609609603882,1.7320507764816284,0.8501440286636353,0.14985597133636475,2.6457512378692627,0.6760563850402832,0.3239436149597168
survset:UnempDur,Weibull_AFT,7,48,614,1.0,1,1.0,0.8474603295326233,0.1525396704673767,1.7320507764816284,0.5956146717071533,0.4043853282928467,2.6457512378692627,0.28665968775749207,0.7133403122425079
survset:UnempDur,Weibull_AFT,7,48,924,1.4142135381698608,1,1.0,0.9477895498275757,0.052210450172424316,1.7320507764816284,0.8454592227935791,0.1545407772064209,2.6457512378692627,0.667107880115509,0.33289211988449097
survset:UnempDur,Weibull_AFT,7,48,1711,2.2360680103302,1,1.0,0.8384791016578674,0.16152089834213257,1.7320507764816284,0.5760754942893982,0.4239245057106018,2.6457512378692627,0.2645063102245331,0.7354936897754669
survset:UnempDur,Weibull_AFT,7,48,450,3.316624879837036,1,1.0,0.9551810622215271,0.0448189377784729,1.7320507764816284,0.8662732243537903,0.13372677564620972,2.6457512378692627,0.7074002027511597,0.29259979724884033
survset:UnempDur,Weibull_AFT,7,48,1984,1.7320507764816284,1,1.0,0.8306120038032532,0.16938799619674683,1.7320507764816284,0.5593225359916687,0.4406774640083313,2.6457512378692627,0.24633708596229553,0.7536629140377045
survset:UnempDur,Weibull_AFT,7,48,26,1.0,1,1.0,0.8485314846038818,0.15146851539611816,1.7320507764816284,0.5979748368263245,0.40202516317367554,2.6457512378692627,0.28940635919570923,0.7105936408042908
survset:UnempDur,Weibull_AFT,7,48,2715,2.2360680103302,1,1.0,0.833434522151947,0.16656547784805298,1.7320507764816284,0.5652944445610046,0.43470555543899536,2.6457512378692627,0.25272709131240845,0.7472729086875916
survset:UnempDur,Weibull_AFT,7,48,1390,1.7320507764816284,0,1.0,0.9458820223808289,0.05411797761917114,1.7320507764816284,0.8401435017585754,0.15985649824142456,2.6457512378692627,0.6570388078689575,0.3429611921310425
survset:UnempDur,Weibull_AFT,7,48,2241,1.4142135381698608,1,1.0,0.8312020897865295,0.16879791021347046,1.7320507764816284,0.5605674982070923,0.4394325017929077,2.6457512378692627,0.2476612776517868,0.7523387223482132
survset:UnempDur,Weibull_AFT,7,48,2291,5.196152210235596,0,1.0,0.947307825088501,0.05269217491149902,1.7320507764816284,0.8441146612167358,0.15588533878326416,2.6457512378692627,0.6645525693893433,0.33544743061065674
survset:UnempDur,Weibull_AFT,7,48,1695,2.2360680103302,1,1.0,0.8282438516616821,0.17175614833831787,1.7320507764816284,0.5543452501296997,0.4456547498703003,2.6457512378692627,0.24108435213565826,0.7589156478643417
survset:UnempDur,Weibull_AFT,7,48,1444,1.0,1,1.0,0.839552104473114,0.160447895526886,1.7320507764816284,0.5783866047859192,0.4216133952140808,2.6457512378692627,0.2670723497867584,0.7329276502132416
survset:UnempDur,Weibull_AFT,7,48,431,1.4142135381698608,1,1.0,0.8671035170555115,0.13289648294448853,1.7320507764816284,0.6399124264717102,0.3600875735282898,2.6457512378692627,0.34079408645629883,0.6592059135437012
survset:UnempDur,Weibull_AFT,7,48,2480,2.0,0,1.0,0.9494014978408813,0.05059850215911865,1.7320507764816284,0.8499690294265747,0.1500309705734253,2.6457512378692627,0.6757209300994873,0.3242790699005127
survset:UnempDur,Weibull_AFT,7,48,247,2.4494898319244385,0,1.0,0.9400496482849121,0.05995035171508789,1.7320507764816284,0.8240318298339844,0.17596817016601562,2.6457512378692627,0.6270654797554016,0.3729345202445984
survset:UnempDur,Weibull_AFT,7,48,1417,2.4494898319244385,0,1.0,0.829492449760437,0.170507550239563,1.7320507764816284,0.5569657683372498,0.44303423166275024,2.6457512378692627,0.24384163320064545,0.7561583667993546
survset:UnempDur,Weibull_AFT,7,48,2334,2.0,1,1.0,0.8412238955497742,0.15877610445022583,1.7320507764816284,0.5819999575614929,0.4180000424385071,2.6457512378692627,0.2711133360862732,0.7288866639137268
survset:UnempDur,Weibull_AFT,7,48,2414,2.0,1,1.0,0.8504195213317871,0.1495804786682129,1.7320507764816284,0.6021500825881958,0.3978499174118042,2.6457512378692627,0.2943030297756195,0.7056969702243805
survset:UnempDur,Weibull_AFT,7,48,165,2.2360680103302,1,1.0,0.937579333782196,0.062420666217803955,1.7320507764816284,0.8172715306282043,0.18272846937179565,2.6457512378692627,0.6147324442863464,0.38526755571365356
survset:UnempDur,Weibull_AFT,7,48,2543,2.0,0,1.0,0.9523329138755798,0.047667086124420166,1.7320507764816284,0.8582121729850769,0.1417878270149231,2.6457512378692627,0.6916313171386719,0.3083686828613281
survset:UnempDur,Weibull_AFT,7,48,627,1.7320507764816284,0,1.0,0.9512292742729187,0.0487707257270813,1.7320507764816284,0.8551023602485657,0.14489763975143433,2.6457512378692627,0.6856034398078918,0.31439656019210815
survset:UnempDur,Weibull_AFT,7,48,1686,3.7416574954986572,1,1.0,0.9447410106658936,0.055258989334106445,1.7320507764816284,0.8369748592376709,0.1630251407623291,2.6457512378692627,0.6510792374610901,0.3489207625389099
survset:UnempDur,Weibull_AFT,7,48,188,2.2360680103302,1,1.0,0.8431654572486877,0.15683454275131226,1.7320507764816284,0.5862156748771667,0.41378432512283325,2.6457512378692627,0.27587297558784485,0.7241270244121552
survset:UnempDur,Weibull_AFT,7,48,232,1.7320507764816284,1,1.0,0.9370100498199463,0.06298995018005371,1.7320507764816284,0.815718948841095,0.18428105115890503,2.6457512378692627,0.6119201183319092,0.3880798816680908
survset:UnempDur,Weibull_AFT,7,48,2583,1.7320507764816284,1,1.0,0.9481621980667114,0.051837801933288574,1.7320507764816284,0.8465003967285156,0.15349960327148438,2.6457512378692627,0.6690906286239624,0.3309093713760376
survset:UnempDur,Weibull_AFT,7,48,1211,1.4142135381698608,1,1.0,0.941651463508606,0.05834853649139404,1.7320507764816284,0.8284355998039246,0.17156440019607544,2.6457512378692627,0.6351767182350159,0.36482328176498413
survset:UnempDur,Weibull_AFT,7,48,2336,2.6457512378692627,1,1.0,0.8055262565612793,0.1944737434387207,1.7320507764816284,0.5081202387809753,0.49187976121902466,2.6457512378692627,0.19542817771434784,0.8045718222856522
survset:UnempDur,Weibull_AFT,7,48,2323,1.0,1,1.0,0.8462284207344055,0.15377157926559448,1.7320507764816284,0.5929083228111267,0.4070916771888733,2.6457512378692627,0.2835289239883423,0.7164710760116577
survset:UnempDur,Weibull_AFT,7,48,99,1.4142135381698608,0,1.0,0.9387462735176086,0.06125372648239136,1.7320507764816284,0.8204602599143982,0.1795397400856018,2.6457512378692627,0.6205318570137024,0.3794681429862976
survset:UnempDur,Weibull_AFT,7,48,765,3.316624879837036,1,1.0,0.9340951442718506,0.06590485572814941,1.7320507764816284,0.8078009486198425,0.19219905138015747,2.6457512378692627,0.5976954698562622,0.4023045301437378
survset:UnempDur,Weibull_AFT,7,48,161,2.8284270763397217,0,1.0,0.9499399662017822,0.05006003379821777,1.7320507764816284,0.8514791131019592,0.14852088689804077,2.6457512378692627,0.6786193251609802,0.3213806748390198
survset:UnempDur,Weibull_AFT,7,48,1527,1.0,1,1.0,0.8291970491409302,0.17080295085906982,1.7320507764816284,0.5563450455665588,0.44365495443344116,2.6457512378692627,0.2431868016719818,0.7568131983280182
survset:UnempDur,Weibull_AFT,7,48,1921,1.7320507764816284,0,1.0,0.8252508044242859,0.1747491955757141,1.7320507764816284,0.5480978488922119,0.4519021511077881,2.6457512378692627,0.2345847487449646,0.7654152512550354
survset:UnempDur,Weibull_AFT,7,48,840,3.0,1,1.0,0.9389276504516602,0.061072349548339844,1.7320507764816284,0.8209567070007324,0.17904329299926758,2.6457512378692627,0.6214376091957092,0.37856239080429077
survset:UnempDur,Weibull_AFT,7,48,836,1.7320507764816284,0,1.0,0.9424805641174316,0.05751943588256836,1.7320507764816284,0.8307213187217712,0.16927868127822876,2.6457512378692627,0.6394109129905701,0.36058908700942993
survset:UnempDur,Weibull_AFT,7,48,54,2.6457512378692627,1,1.0,0.9460360407829285,0.05396395921707153,1.7320507764816284,0.8405718803405762,0.15942811965942383,2.6457512378692627,0.6578469276428223,0.34215307235717773
survset:UnempDur,Weibull_AFT,7,48,541,2.2360680103302,1,1.0,0.9395087957382202,0.060491204261779785,1.7320507764816284,0.8225483894348145,0.17745161056518555,2.6457512378692627,0.624346911907196,0.37565308809280396
survset:UnempDur,Weibull_AFT,7,48,2580,1.0,1,1.0,0.9572782516479492,0.04272174835205078,1.7320507764816284,0.8722416162490845,0.12775838375091553,2.6457512378692627,0.7192096710205078,0.2807903289794922
survset:UnempDur,Weibull_AFT,7,48,1708,1.0,1,1.0,0.8660302758216858,0.1339697241783142,1.7320507764816284,0.6374360918998718,0.3625639081001282,2.6457512378692627,0.33762267231941223,0.6623773276805878
survset:UnempDur,Weibull_AFT,7,48,2926,2.0,1,1.0,0.9448244571685791,0.0551755428314209,1.7320507764816284,0.8372063040733337,0.16279369592666626,2.6457512378692627,0.6515135169029236,0.3484864830970764
survset:UnempDur,Weibull_AFT,7,48,1032,2.6457512378692627,1,1.0,0.956538200378418,0.04346179962158203,1.7320507764816284,0.8701324462890625,0.1298675537109375,2.6457512378692627,0.7150232195854187,0.2849767804145813
survset:UnempDur,Weibull_AFT,7,48,367,4.0,1,1.0,0.9307217001914978,0.0692782998085022,1.7320507764816284,0.7987027764320374,0.20129722356796265,2.6457512378692627,0.5815916657447815,0.4184083342552185
survset:UnempDur,Weibull_AFT,7,48,3191,2.2360680103302,1,1.0,0.8380023837089539,0.16199761629104614,1.7320507764816284,0.5750507712364197,0.4249492287635803,2.6457512378692627,0.26337313652038574,0.7366268634796143
survset:UnempDur,Weibull_AFT,7,48,391,3.0,0,1.0,0.935286283493042,0.06471371650695801,1.7320507764816284,0.8110301494598389,0.18896985054016113,2.6457512378692627,0.6034730076789856,0.3965269923210144
survset:UnempDur,Weibull_AFT,7,48,270,4.4721360206604,1,1.0,0.9511016011238098,0.048898398876190186,1.7320507764816284,0.8547430634498596,0.14525693655014038,2.6457512378692627,0.6849090456962585,0.31509095430374146
survset:UnempDur,Weibull_AFT,7,48,1781,3.0,0,1.0,0.9429856538772583,0.0570143461227417,1.7320507764816284,0.8321159482002258,0.16788405179977417,2.6457512378692627,0.6420024037361145,0.3579975962638855
survset:UnempDur,Weibull_AFT,7,48,2988,2.2360680103302,1,1.0,0.9331281185150146,0.06687188148498535,1.7320507764816284,0.8051857352256775,0.1948142647743225,2.6457512378692627,0.5930400490760803,0.4069599509239197
survset:UnempDur,Weibull_AFT,7,48,2603,1.0,1,1.0,0.8431928157806396,0.15680718421936035,1.7320507764816284,0.5862752199172974,0.41372478008270264,2.6457512378692627,0.27594056725502014,0.7240594327449799
survset:UnempDur,Weibull_AFT,7,48,1199,2.4494898319244385,1,1.0,0.9423112273216248,0.057688772678375244,1.7320507764816284,0.8302541971206665,0.1697458028793335,2.6457512378692627,0.6385442614555359,0.3614557385444641
survset:UnempDur,Weibull_AFT,7,48,112,1.7320507764816284,0,1.0,0.9441739320755005,0.05582606792449951,1.7320507764816284,0.8354030251502991,0.16459697484970093,2.6457512378692627,0.6481347680091858,0.3518652319908142
survset:UnempDur,Weibull_AFT,7,48,1803,2.4494898319244385,0,1.0,0.9498567581176758,0.05014324188232422,1.7320507764816284,0.851245641708374,0.14875435829162598,2.6457512378692627,0.6781707406044006,0.32182925939559937
survset:UnempDur,Weibull_AFT,7,48,701,1.0,1,1.0,0.8419609069824219,0.15803909301757812,1.7320507764816284,0.5835978388786316,0.4164021611213684,2.6457512378692627,0.2729116678237915,0.7270883321762085
survset:UnempDur,Weibull_AFT,7,48,872,2.2360680103302,1,1.0,0.9411383867263794,0.058861613273620605,1.7320507764816284,0.8270232677459717,0.17297673225402832,2.6457512378692627,0.6325688362121582,0.3674311637878418
survset:UnempDur,Weibull_AFT,7,48,2379,2.4494898319244385,1,1.0,0.9404172897338867,0.05958271026611328,1.7320507764816284,0.8250411748886108,0.17495882511138916,2.6457512378692627,0.6289191842079163,0.37108081579208374
survset:UnempDur,Weibull_AFT,7,48,2434,1.0,1,1.0,0.8656389713287354,0.13436102867126465,1.7320507764816284,0.6365348100662231,0.36346518993377686,2.6457512378692627,0.3364727199077606,0.6635272800922394
survset:UnempDur,Weibull_AFT,7,48,2390,1.4142135381698608,0,1.0,0.8609228730201721,0.13907712697982788,1.7320507764816284,0.6257408261299133,0.37425917387008667,2.6457512378692627,0.3228785991668701,0.6771214008331299
survset:UnempDur,Weibull_AFT,7,48,3206,2.6457512378692627,0,1.0,0.9554902911186218,0.044509708881378174,1.7320507764816284,0.8671516180038452,0.13284838199615479,2.6457512378692627,0.7091310024261475,0.29086899757385254
survset:UnempDur,Weibull_AFT,7,48,2921,2.2360680103302,0,1.0,0.940697431564331,0.059302568435668945,1.7320507764816284,0.8258107900619507,0.17418920993804932,2.6457512378692627,0.6303347945213318,0.3696652054786682
survset:UnempDur,Weibull_AFT,7,48,1304,1.0,1,1.0,0.830057680606842,0.16994231939315796,1.7320507764816284,0.558154821395874,0.441845178604126,2.6457512378692627,0.24509873986244202,0.754901260137558
survset:UnempDur,Weibull_AFT,7,48,2710,1.7320507764816284,1,1.0,0.9588673114776611,0.04113268852233887,1.7320507764816284,0.8767825365066528,0.12321746349334717,2.6457512378692627,0.7282715439796448,0.2717284560203552
survset:UnempDur,Weibull_AFT,7,48,1788,1.4142135381698608,1,1.0,0.9459676146507263,0.05403238534927368,1.7320507764816284,0.8403815627098083,0.15961843729019165,2.6457512378692627,0.6574878096580505,0.34251219034194946
survset:UnempDur,Weibull_AFT,7,48,993,1.4142135381698608,1,1.0,0.8422956466674805,0.15770435333251953,1.7320507764816284,0.5843244791030884,0.4156755208969116,2.6457512378692627,0.2737317383289337,0.7262682616710663
survset:UnempDur,Weibull_AFT,7,48,2634,2.2360680103302,1,1.0,0.943952202796936,0.056047797203063965,1.7320507764816284,0.8347889184951782,0.16521108150482178,2.6457512378692627,0.6469864845275879,0.3530135154724121
survset:UnempDur,Weibull_AFT,7,48,728,2.2360680103302,1,1.0,0.9455248713493347,0.05447512865066528,1.7320507764816284,0.8391508460044861,0.16084915399551392,2.6457512378692627,0.6551684141159058,0.34483158588409424
survset:UnempDur,Weibull_AFT,7,48,620,1.7320507764816284,0,1.0,0.8222736716270447,0.17772632837295532,1.7320507764816284,0.5419313907623291,0.4580686092376709,2.6457512378692627,0.22827114164829254,0.7717288583517075
survset:UnempDur,Weibull_AFT,7,48,1030,2.0,1,1.0,0.8495324850082397,0.15046751499176025,1.7320507764816284,0.6001860499382019,0.3998139500617981,2.6457512378692627,0.2919936180114746,0.7080063819885254
survset:UnempDur,Weibull_AFT,7,48,1872,4.582575798034668,0,1.0,0.9421735405921936,0.057826459407806396,1.7320507764816284,0.8298743963241577,0.17012560367584229,2.6457512378692627,0.6378401517868042,0.3621598482131958
survset:UnempDur,Weibull_AFT,7,48,1877,5.196152210235596,1,1.0,0.8530905842781067,0.1469094157218933,1.7320507764816284,0.6080909371376038,0.39190906286239624,2.6457512378692627,0.30135345458984375,0.6986465454101562
survset:UnempDur,Weibull_AFT,7,48,1408,1.4142135381698608,0,1.0,0.8421216011047363,0.15787839889526367,1.7320507764816284,0.5839464664459229,0.41605353355407715,2.6457512378692627,0.2733049988746643,0.7266950011253357
survset:UnempDur,Weibull_AFT,7,48,2535,3.0,1,1.0,0.8673934936523438,0.13260650634765625,1.7320507764816284,0.6405825614929199,0.3594174385070801,2.6457512378692627,0.34165525436401367,0.6583447456359863
survset:UnempDur,Weibull_AFT,7,48,2629,1.0,1,1.0,0.8345233201980591,0.16547667980194092,1.7320507764816284,0.5676096677780151,0.43239033222198486,2.6457512378692627,0.255230188369751,0.744769811630249
survset:UnempDur,Weibull_AFT,7,48,3067,1.4142135381698608,0,1.0,0.8514209985733032,0.14857900142669678,1.7320507764816284,0.6043728590011597,0.39562714099884033,2.6457512378692627,0.2969295084476471,0.7030704915523529
survset:UnempDur,Weibull_AFT,7,48,2511,2.4494898319244385,1,1.0,0.9376174211502075,0.06238257884979248,1.7320507764816284,0.8173754811286926,0.18262451887130737,2.6457512378692627,0.614920973777771,0.385079026222229
survset:UnempDur,Weibull_AFT,7,48,1412,2.0,0,1.0,0.9439027905464172,0.056097209453582764,1.7320507764816284,0.8346522450447083,0.16534775495529175,2.6457512378692627,0.6467311382293701,0.3532688617706299
survset:UnempDur,Weibull_AFT,7,48,1571,1.0,1,1.0,0.844460129737854,0.155539870262146,1.7320507764816284,0.5890382528305054,0.41096174716949463,2.6457512378692627,0.2790868282318115,0.7209131717681885
survset:UnempDur,Weibull_AFT,7,48,279,1.0,1,1.0,0.8080374598503113,0.19196254014968872,1.7320507764816284,0.5130957961082458,0.48690420389175415,2.6457512378692627,0.20007456839084625,0.7999254316091537
survset:UnempDur,Weibull_AFT,7,48,1013,3.316624879837036,0,1.0,0.9391357898712158,0.06086421012878418,1.7320507764816284,0.8215265870094299,0.17847341299057007,2.6457512378692627,0.6224783658981323,0.3775216341018677
survset:UnempDur,Weibull_AFT,7,48,973,1.4142135381698608,1,1.0,0.846878707408905,0.15312129259109497,1.7320507764816284,0.5943359732627869,0.40566402673721313,2.6457512378692627,0.28517788648605347,0.7148221135139465
survset:UnempDur,Weibull_AFT,7,48,2474,1.0,1,1.0,0.8564271330833435,0.1435728669166565,1.7320507764816284,0.6155678033828735,0.38443219661712646,2.6457512378692627,0.31036585569381714,0.6896341443061829
survset:UnempDur,Weibull_AFT,7,48,2665,3.316624879837036,0,1.0,0.9447943568229675,0.05520564317703247,1.7320507764816284,0.8371227979660034,0.16287720203399658,2.6457512378692627,0.6513568758964539,0.34864312410354614
survset:UnempDur,Weibull_AFT,7,48,3081,1.4142135381698608,1,1.0,0.9421259164810181,0.057874083518981934,1.7320507764816284,0.8297430872917175,0.17025691270828247,2.6457512378692627,0.6375967860221863,0.3624032139778137
survset:UnempDur,Weibull_AFT,7,48,574,1.4142135381698608,1,1.0,0.9380252957344055,0.06197470426559448,1.7320507764816284,0.8184891939163208,0.1815108060836792,2.6457512378692627,0.6169432401657104,0.38305675983428955
survset:UnempDur,Weibull_AFT,7,48,2207,2.2360680103302,1,1.0,0.9430551528930664,0.056944847106933594,1.7320507764816284,0.8323078155517578,0.1676921844482422,2.6457512378692627,0.6423594355583191,0.3576405644416809
survset:UnempDur,Weibull_AFT,7,48,402,3.872983455657959,0,1.0,0.9382658004760742,0.06173419952392578,1.7320507764816284,0.8191462755203247,0.1808537244796753,2.6457512378692627,0.618138313293457,0.38186168670654297
survset:UnempDur,Weibull_AFT,7,48,81,3.1622776985168457,0,1.0,0.9472440481185913,0.05275595188140869,1.7320507764816284,0.8439368009567261,0.15606319904327393,2.6457512378692627,0.6642150282859802,0.3357849717140198
survset:UnempDur,Weibull_AFT,7,48,30,2.6457512378692627,1,1.0,0.8175790905952454,0.18242090940475464,1.7320507764816284,0.5323037505149841,0.46769624948501587,2.6457512378692627,0.21861468255519867,0.7813853174448013
survset:UnempDur,Weibull_AFT,7,48,2264,1.7320507764816284,1,1.0,0.8441296815872192,0.15587031841278076,1.7320507764816284,0.5883169174194336,0.4116830825805664,2.6457512378692627,0.2782634496688843,0.7217365503311157
survset:UnempDur,Weibull_AFT,7,48,2738,1.4142135381698608,1,1.0,0.8612576723098755,0.1387423276901245,1.7320507764816284,0.6265029907226562,0.37349700927734375,2.6457512378692627,0.32382771372795105,0.676172286272049
survset:UnempDur,Weibull_AFT,7,48,3137,3.1622776985168457,0,1.0,0.8259873986244202,0.17401260137557983,1.7320507764816284,0.549630880355835,0.45036911964416504,2.6457512378692627,0.23617003858089447,0.7638299614191055
survset:UnempDur,Weibull_AFT,7,48,97,3.316624879837036,1,1.0,0.9402652978897095,0.05973470211029053,1.7320507764816284,0.824623703956604,0.175376296043396,2.6457512378692627,0.6281521916389465,0.37184780836105347
survset:UnempDur,Weibull_AFT,7,48,1121,3.605551242828369,0,1.0,0.8485875725746155,0.15141242742538452,1.7320507764816284,0.5980985164642334,0.4019014835357666,2.6457512378692627,0.2895507216453552,0.7104492783546448
survset:UnempDur,Weibull_AFT,7,48,2344,2.8284270763397217,1,1.0,0.837873101234436,0.16212689876556396,1.7320507764816284,0.5747730135917664,0.42522698640823364,2.6457512378692627,0.2630665600299835,0.7369334399700165
survset:UnempDur,Weibull_AFT,7,48,180,3.1622776985168457,1,1.0,0.9461286067962646,0.05387139320373535,1.7320507764816284,0.8408295512199402,0.15917044878005981,2.6457512378692627,0.6583332419395447,0.3416667580604553
survset:UnempDur,Weibull_AFT,7,48,118,1.4142135381698608,1,1.0,0.9349668025970459,0.0650331974029541,1.7320507764816284,0.8101630806922913,0.18983691930770874,2.6457512378692627,0.6019185781478882,0.3980814218521118
survset:UnempDur,Weibull_AFT,7,48,1677,2.6457512378692627,0,1.0,0.9454721808433533,0.05452781915664673,1.7320507764816284,0.8390045166015625,0.1609954833984375,2.6457512378692627,0.6548929214477539,0.3451070785522461
survset:UnempDur,Weibull_AFT,7,48,854,2.2360680103302,0,1.0,0.8645939230918884,0.13540607690811157,1.7320507764816284,0.6341321468353271,0.36586785316467285,2.6457512378692627,0.3334183394908905,0.6665816605091095
survset:UnempDur,Weibull_AFT,7,48,2263,1.0,1,1.0,0.8487540483474731,0.15124595165252686,1.7320507764816284,0.5984659194946289,0.4015340805053711,2.6457512378692627,0.28997981548309326,0.7100201845169067
survset:UnempDur,Weibull_AFT,7,48,469,1.7320507764816284,0,1.0,0.8376011848449707,0.1623988151550293,1.7320507764816284,0.574189305305481,0.42581069469451904,2.6457512378692627,0.2624227702617645,0.7375772297382355
survset:UnempDur,Weibull_AFT,7,48,2488,1.4142135381698608,1,1.0,0.8186687231063843,0.18133127689361572,1.7320507764816284,0.5345279574394226,0.4654720425605774,2.6457512378692627,0.22082388401031494,0.7791761159896851
survset:UnempDur,Weibull_AFT,7,48,2416,3.0,0,1.0,0.9414563179016113,0.05854368209838867,1.7320507764816284,0.8278982639312744,0.17210173606872559,2.6457512378692627,0.6341838240623474,0.3658161759376526
survset:UnempDur,Weibull_AFT,7,48,29,1.0,1,1.0,0.8521625399589539,0.14783746004104614,1.7320507764816284,0.6060223579406738,0.39397764205932617,2.6457512378692627,0.2988874614238739,0.7011125385761261
survset:UnempDur,Weibull_AFT,7,48,774,2.6457512378692627,1,1.0,0.824631929397583,0.175368070602417,1.7320507764816284,0.5468120574951172,0.4531879425048828,2.6457512378692627,0.23325999081134796,0.766740009188652
survset:UnempDur,Weibull_AFT,7,48,2204,1.7320507764816284,1,1.0,0.8475446105003357,0.1524553894996643,1.7320507764816284,0.5958001613616943,0.40419983863830566,2.6457512378692627,0.2868749797344208,0.7131250202655792
survset:UnempDur,Weibull_AFT,7,48,2553,2.4494898319244385,1,1.0,0.8832780718803406,0.11672192811965942,1.7320507764816284,0.6780298352241516,0.3219701647758484,2.6457512378692627,0.39181825518608093,0.6081817448139191
survset:UnempDur,Weibull_AFT,7,48,3103,2.4494898319244385,0,1.0,0.9546281099319458,0.0453718900680542,1.7320507764816284,0.8647041320800781,0.13529586791992188,2.6457512378692627,0.7043144702911377,0.2956855297088623
survset:UnempDur,Weibull_AFT,7,48,434,3.605551242828369,1,1.0,0.9475460052490234,0.05245399475097656,1.7320507764816284,0.844779372215271,0.155220627784729,2.6457512378692627,0.6658151149749756,0.3341848850250244
survset:UnempDur,Weibull_AFT,7,48,2633,1.0,1,1.0,0.8514111638069153,0.14858883619308472,1.7320507764816284,0.6043511033058167,0.39564889669418335,2.6457512378692627,0.29690369963645935,0.7030963003635406
survset:UnempDur,Weibull_AFT,7,48,2750,1.4142135381698608,1,1.0,0.8324161767959595,0.16758382320404053,1.7320507764816284,0.5631348490715027,0.4368651509284973,2.6457512378692627,0.2504052221775055,0.7495947778224945
survset:UnempDur,Weibull_AFT,7,48,1884,1.4142135381698608,1,1.0,0.8515962362289429,0.14840376377105713,1.7320507764816284,0.6047624349594116,0.3952375650405884,2.6457512378692627,0.29739126563072205,0.702608734369278
survset:UnempDur,Weibull_AFT,7,48,2478,1.4142135381698608,1,1.0,0.9403145909309387,0.05968540906906128,1.7320507764816284,0.8247590661048889,0.17524093389511108,2.6457512378692627,0.6284008622169495,0.37159913778305054
survset:UnempDur,Weibull_AFT,7,48,1975,2.6457512378692627,1,1.0,0.9487524032592773,0.051247596740722656,1.7320507764816284,0.8481510877609253,0.1518489122390747,2.6457512378692627,0.6722412109375,0.3277587890625
survset:UnempDur,Weibull_AFT,7,48,2403,1.7320507764816284,0,1.0,0.9475861191749573,0.052413880825042725,1.7320507764816284,0.8448913097381592,0.15510869026184082,2.6457512378692627,0.6660279035568237,0.33397209644317627
survset:UnempDur,Weibull_AFT,7,48,1310,2.6457512378692627,0,1.0,0.9348403811454773,0.0651596188545227,1.7320507764816284,0.8098201751708984,0.19017982482910156,2.6457512378692627,0.6013044118881226,0.39869558811187744
survset:UnempDur,Weibull_AFT,7,48,2731,2.4494898319244385,1,1.0,0.9369873404502869,0.06301265954971313,1.7320507764816284,0.8156570792198181,0.18434292078018188,2.6457512378692627,0.6118083000183105,0.38819169998168945
survset:UnempDur,Weibull_AFT,7,48,1282,1.7320507764816284,0,1.0,0.9333566427230835,0.0666433572769165,1.7320507764816284,0.8058031797409058,0.19419682025909424,2.6457512378692627,0.5941373705863953,0.40586262941360474
survset:UnempDur,Weibull_AFT,7,48,608,1.7320507764816284,0,1.0,0.9554964303970337,0.04450356960296631,1.7320507764816284,0.8671689629554749,0.13283103704452515,2.6457512378692627,0.7091652750968933,0.2908347249031067
survset:UnempDur,Weibull_AFT,7,48,330,2.6457512378692627,1,1.0,0.9456337690353394,0.054366230964660645,1.7320507764816284,0.8394535183906555,0.16054648160934448,2.6457512378692627,0.6557384133338928,0.3442615866661072
survset:UnempDur,Weibull_AFT,7,48,145,5.099019527435303,0,1.0,0.9473921656608582,0.052607834339141846,1.7320507764816284,0.8443499803543091,0.15565001964569092,2.6457512378692627,0.6649993658065796,0.3350006341934204
survset:UnempDur,Weibull_AFT,7,48,2817,1.0,1,1.0,0.8543940186500549,0.14560598134994507,1.7320507764816284,0.6110043525695801,0.3889956474304199,2.6457512378692627,0.30484670400619507,0.6951532959938049
survset:UnempDur,Weibull_AFT,7,48,2400,1.4142135381698608,1,1.0,0.9396902918815613,0.06030970811843872,1.7320507764816284,0.8230459690093994,0.17695403099060059,2.6457512378692627,0.6252580881118774,0.37474191188812256
survset:UnempDur,Weibull_AFT,7,48,2185,2.6457512378692627,0,1.0,0.9428356289863586,0.05716437101364136,1.7320507764816284,0.8317014575004578,0.16829854249954224,2.6457512378692627,0.6412315964698792,0.35876840353012085
survset:UnempDur,Weibull_AFT,7,48,2680,3.316624879837036,1,1.0,0.9324437379837036,0.06755626201629639,1.7320507764816284,0.8033382892608643,0.19666171073913574,2.6457512378692627,0.589764416217804,0.41023558378219604
survset:UnempDur,Weibull_AFT,7,48,2483,1.7320507764816284,1,1.0,0.8213661313056946,0.17863386869430542,1.7320507764816284,0.5400609970092773,0.45993900299072266,2.6457512378692627,0.22637605667114258,0.7736239433288574
survset:UnempDur,Weibull_AFT,7,48,1687,2.2360680103302,1,1.0,0.9370859265327454,0.06291407346725464,1.7320507764816284,0.8159257769584656,0.18407422304153442,2.6457512378692627,0.6122944355010986,0.38770556449890137
survset:UnempDur,Weibull_AFT,7,48,1140,3.605551242828369,0,1.0,0.954127311706543,0.04587268829345703,1.7320507764816284,0.8632849454879761,0.13671505451202393,2.6457512378692627,0.7015302181243896,0.29846978187561035
survset:UnempDur,Weibull_AFT,7,48,1646,2.0,1,1.0,0.9455697536468506,0.054430246353149414,1.7320507764816284,0.839275598526001,0.16072440147399902,2.6457512378692627,0.6554033160209656,0.3445966839790344
survset:UnempDur,Weibull_AFT,7,48,1842,2.2360680103302,1,1.0,0.8375728726387024,0.1624271273612976,1.7320507764816284,0.5741285681724548,0.42587143182754517,2.6457512378692627,0.26235583424568176,0.7376441657543182
survset:UnempDur,Weibull_AFT,7,48,283,1.4142135381698608,0,1.0,0.8433752059936523,0.15662479400634766,1.7320507764816284,0.5866722464561462,0.41332775354385376,2.6457512378692627,0.2763913571834564,0.7236086428165436
survset:UnempDur,Weibull_AFT,7,48,321,1.7320507764816284,1,1.0,0.8381806015968323,0.16181939840316772,1.7320507764816284,0.5754336714744568,0.4245663285255432,2.6457512378692627,0.26379626989364624,0.7362037301063538
survset:UnempDur,Weibull_AFT,7,48,496,1.0,1,1.0,0.8522721529006958,0.1477278470993042,1.7320507764816284,0.6062664985656738,0.39373350143432617,2.6457512378692627,0.2991778254508972,0.7008221745491028
survset:UnempDur,Weibull_AFT,7,48,2640,3.316624879837036,1,1.0,0.950486958026886,0.049513041973114014,1.7320507764816284,0.8530150055885315,0.1469849944114685,2.6457512378692627,0.681574821472168,0.31842517852783203
survset:UnempDur,Weibull_AFT,7,48,3223,1.4142135381698608,0,1.0,0.9506550431251526,0.04934495687484741,1.7320507764816284,0.853487491607666,0.14651250839233398,2.6457512378692627,0.6824854612350464,0.3175145387649536
survset:UnempDur,Weibull_AFT,7,48,877,2.6457512378692627,1,1.0,0.9426847696304321,0.05731523036956787,1.7320507764816284,0.8312849402427673,0.16871505975723267,2.6457512378692627,0.6404574513435364,0.3595425486564636
survset:UnempDur,Weibull_AFT,7,48,2515,3.605551242828369,1,1.0,0.9411537647247314,0.058846235275268555,1.7320507764816284,0.8270655870437622,0.1729344129562378,2.6457512378692627,0.6326467990875244,0.3673532009124756
survset:UnempDur,Weibull_AFT,7,48,2210,1.4142135381698608,0,1.0,0.9304544925689697,0.06954550743103027,1.7320507764816284,0.7979850769042969,0.20201492309570312,2.6457512378692627,0.5803322792053223,0.41966772079467773
survset:UnempDur,Weibull_AFT,7,48,120,4.898979663848877,0,1.0,0.9452857375144958,0.05471426248550415,1.7320507764816284,0.8384866118431091,0.16151338815689087,2.6457512378692627,0.6539186239242554,0.34608137607574463
survset:UnempDur,Weibull_AFT,7,48,21,2.2360680103302,1,1.0,0.9423438906669617,0.05765610933303833,1.7320507764816284,0.8303442001342773,0.16965579986572266,2.6457512378692627,0.638711154460907,0.361288845539093
survset:UnempDur,Weibull_AFT,7,48,221,1.0,1,1.0,0.8353697061538696,0.16463029384613037,1.7320507764816284,0.5694137811660767,0.43058621883392334,2.6457512378692627,0.2571907341480255,0.7428092658519745
survset:UnempDur,Weibull_AFT,7,48,2002,1.4142135381698608,1,1.0,0.9374309182167053,0.06256908178329468,1.7320507764816284,0.8168665170669556,0.18313348293304443,2.6457512378692627,0.6139981150627136,0.3860018849372864
survset:UnempDur,Weibull_AFT,7,48,1381,2.2360680103302,1,1.0,0.9346764087677002,0.0653235912322998,1.7320507764816284,0.8093755841255188,0.1906244158744812,2.6457512378692627,0.6005086898803711,0.3994913101196289
survset:UnempDur,Weibull_AFT,7,48,2962,2.0,0,1.0,0.9330434799194336,0.0669565200805664,1.7320507764816284,0.8049570918083191,0.1950429081916809,2.6457512378692627,0.5926340818405151,0.40736591815948486
survset:UnempDur,Weibull_AFT,7,48,2397,1.7320507764816284,0,1.0,0.840570867061615,0.159429132938385,1.7320507764816284,0.5805867314338684,0.4194132685661316,2.6457512378692627,0.2695286273956299,0.7304713726043701
survset:UnempDur,Weibull_AFT,7,48,1754,1.7320507764816284,0,1.0,0.9486693739891052,0.051330626010894775,1.7320507764816284,0.8479186296463013,0.15208137035369873,2.6457512378692627,0.6717970371246338,0.3282029628753662
survset:UnempDur,Weibull_AFT,7,48,784,1.0,1,1.0,0.8419516086578369,0.15804839134216309,1.7320507764816284,0.5835776329040527,0.41642236709594727,2.6457512378692627,0.2728888988494873,0.7271111011505127
survset:UnempDur,Weibull_AFT,7,48,1657,2.6457512378692627,1,1.0,0.9389674663543701,0.06103253364562988,1.7320507764816284,0.8210655450820923,0.17893445491790771,2.6457512378692627,0.6216363906860352,0.37836360931396484
survset:UnempDur,Weibull_AFT,7,48,2994,2.0,1,1.0,0.9375017285346985,0.062498271465301514,1.7320507764816284,0.8170596957206726,0.1829403042793274,2.6457512378692627,0.614348292350769,0.38565170764923096
survset:UnempDur,Weibull_AFT,7,48,1861,4.242640495300293,0,1.0,0.840570867061615,0.159429132938385,1.7320507764816284,0.5805867314338684,0.4194132685661316,2.6457512378692627,0.2695286273956299,0.7304713726043701
survset:UnempDur,Weibull_AFT,7,48,2433,2.6457512378692627,1,1.0,0.9335878491401672,0.06641215085983276,1.7320507764816284,0.8064283132553101,0.19357168674468994,2.6457512378692627,0.5952492952346802,0.4047507047653198
survset:UnempDur,Weibull_AFT,7,48,3209,2.4494898319244385,1,1.0,0.9405897259712219,0.059410274028778076,1.7320507764816284,0.8255147933959961,0.1744852066040039,2.6457512378692627,0.629790186882019,0.37020981311798096
survset:UnempDur,Weibull_AFT,7,48,2431,2.8284270763397217,0,1.0,0.9354714155197144,0.06452858448028564,1.7320507764816284,0.8115328550338745,0.1884671449661255,2.6457512378692627,0.6043754816055298,0.3956245183944702
survset:UnempDur,Weibull_AFT,7,48,162,3.0,0,1.0,0.9404783248901367,0.05952167510986328,1.7320507764816284,0.8252087235450745,0.17479127645492554,2.6457512378692627,0.629227340221405,0.37077265977859497
survset:UnempDur,Weibull_AFT,7,48,2156,2.6457512378692627,0,1.0,0.9353290796279907,0.06467092037200928,1.7320507764816284,0.8111463189125061,0.1888536810874939,2.6457512378692627,0.6036815047264099,0.3963184952735901
survset:UnempDur,Weibull_AFT,7,48,123,2.6457512378692627,0,1.0,0.9592609405517578,0.04073905944824219,1.7320507764816284,0.8779098987579346,0.12209010124206543,2.6457512378692627,0.7305315732955933,0.26946842670440674
survset:UnempDur,Weibull_AFT,7,48,1831,4.358899116516113,1,1.0,0.9462881088256836,0.053711891174316406,1.7320507764816284,0.8412732481956482,0.1587267518043518,2.6457512378692627,0.6591712832450867,0.34082871675491333
survset:UnempDur,Weibull_AFT,7,48,2346,2.2360680103302,1,1.0,0.8611733317375183,0.1388266682624817,1.7320507764816284,0.6263108849525452,0.37368911504745483,2.6457512378692627,0.3235883116722107,0.6764116883277893
survset:UnempDur,Weibull_AFT,7,48,1992,3.1622776985168457,0,1.0,0.9434783458709717,0.05652165412902832,1.7320507764816284,0.833477795124054,0.16652220487594604,2.6457512378692627,0.6445389986038208,0.3554610013961792
survset:UnempDur,Weibull_AFT,7,48,1718,1.7320507764816284,0,1.0,0.9485912919044495,0.05140870809555054,1.7320507764816284,0.8477002382278442,0.15229976177215576,2.6457512378692627,0.6713797450065613,0.3286202549934387
survset:UnempDur,Weibull_AFT,7,48,1615,4.690415859222412,0,1.0,0.8674148917198181,0.13258510828018188,1.7320507764816284,0.6406320929527283,0.35936790704727173,2.6457512378692627,0.34171900153160095,0.658280998468399
survset:UnempDur,Weibull_AFT,7,48,1465,1.0,1,1.0,0.8252750635147095,0.17472493648529053,1.7320507764816284,0.5481482744216919,0.4518517255783081,2.6457512378692627,0.2346368134021759,0.7653631865978241
survset:UnempDur,Weibull_AFT,7,48,444,1.0,1,1.0,0.8476832509040833,0.15231674909591675,1.7320507764816284,0.5961053967475891,0.4038946032524109,2.6457512378692627,0.2872294783592224,0.7127705216407776
survset:UnempDur,Weibull_AFT,7,48,848,4.0,0,1.0,0.8385752439498901,0.16142475605010986,1.7320507764816284,0.5762823224067688,0.4237176775932312,2.6457512378692627,0.2647353410720825,0.7352646589279175
survset:UnempDur,Weibull_AFT,7,48,1369,1.4142135381698608,1,1.0,0.838340163230896,0.161659836769104,1.7320507764816284,0.5757766366004944,0.4242233633995056,2.6457512378692627,0.26417553424835205,0.735824465751648
survset:UnempDur,Weibull_AFT,7,48,1497,3.316624879837036,1,1.0,0.9429506063461304,0.05704939365386963,1.7320507764816284,0.8320190906524658,0.16798090934753418,2.6457512378692627,0.6418222188949585,0.3581777811050415
survset:UnempDur,Weibull_AFT,7,48,1391,3.0,1,1.0,0.9529898762702942,0.04701012372970581,1.7320507764816284,0.8600670695304871,0.13993293046951294,2.6457512378692627,0.695241391658783,0.30475860834121704
survset:UnempDur,Weibull_AFT,7,48,1946,1.0,1,1.0,0.8271311521530151,0.17286884784698486,1.7320507764816284,0.552017092704773,0.44798290729522705,2.6457512378692627,0.23865005373954773,0.7613499462604523
survset:UnempDur,Weibull_AFT,7,48,356,2.2360680103302,1,1.0,0.8483003377914429,0.15169966220855713,1.7320507764816284,0.597464919090271,0.402535080909729,2.6457512378692627,0.28881165385246277,0.7111883461475372
survset:UnempDur,Weibull_AFT,7,48,2076,4.0,1,1.0,0.8735364079475403,0.12646359205245972,1.7320507764816284,0.6548928022384644,0.34510719776153564,2.6457512378692627,0.36035048961639404,0.639649510383606
survset:UnempDur,Weibull_AFT,7,48,1051,2.8284270763397217,1,1.0,0.94251549243927,0.05748450756072998,1.7320507764816284,0.830817699432373,0.16918230056762695,2.6457512378692627,0.6395897269248962,0.36041027307510376
survset:UnempDur,Weibull_AFT,7,48,457,2.0,0,1.0,0.9570318460464478,0.042968153953552246,1.7320507764816284,0.8715389370918274,0.1284610629081726,2.6457512378692627,0.7178134322166443,0.2821865677833557
survset:UnempDur,Weibull_AFT,7,48,1855,2.4494898319244385,0,1.0,0.8625251054763794,0.1374748945236206,1.7320507764816284,0.6293938755989075,0.37060612440109253,2.6457512378692627,0.32744258642196655,0.6725574135780334
survset:UnempDur,Weibull_AFT,7,48,1713,2.2360680103302,1,1.0,0.9500567317008972,0.04994326829910278,1.7320507764816284,0.8518068790435791,0.1481931209564209,2.6457512378692627,0.6792494058609009,0.3207505941390991
survset:UnempDur,Weibull_AFT,7,48,3132,1.0,0,1.0,0.8523204922676086,0.14767950773239136,1.7320507764816284,0.6063740849494934,0.3936259150505066,2.6457512378692627,0.29930588603019714,0.7006941139698029
survset:UnempDur,Weibull_AFT,7,48,991,2.2360680103302,0,1.0,0.9492763876914978,0.0507236123085022,1.7320507764816284,0.8496183753013611,0.15038162469863892,2.6457512378692627,0.6750488877296448,0.3249511122703552
survset:UnempDur,Weibull_AFT,7,48,1489,1.7320507764816284,1,1.0,0.9408867359161377,0.059113264083862305,1.7320507764816284,0.8263311386108398,0.17366886138916016,2.6457512378692627,0.631292998790741,0.36870700120925903
survset:UnempDur,Weibull_AFT,7,48,2670,1.0,1,1.0,0.840329110622406,0.159670889377594,1.7320507764816284,0.580064058303833,0.419935941696167,2.6457512378692627,0.2689439058303833,0.7310560941696167
survset:UnempDur,Weibull_AFT,7,48,2659,1.0,1,1.0,0.839323878288269,0.16067612171173096,1.7320507764816284,0.5778945088386536,0.42210549116134644,2.6457512378692627,0.2665247321128845,0.7334752678871155
survset:UnempDur,Weibull_AFT,7,48,1829,2.6457512378692627,0,1.0,0.8585668802261353,0.14143311977386475,1.7320507764816284,0.6203954219818115,0.3796045780181885,2.6457512378692627,0.3162676990032196,0.6837323009967804
survset:UnempDur,Weibull_AFT,7,48,439,2.6457512378692627,1,1.0,0.937767744064331,0.062232255935668945,1.7320507764816284,0.8177857995033264,0.18221420049667358,2.6457512378692627,0.6156655550003052,0.3843344449996948
survset:UnempDur,Weibull_AFT,7,48,343,1.0,1,1.0,0.8135850429534912,0.1864149570465088,1.7320507764816284,0.5242050886154175,0.4757949113845825,2.6457512378692627,0.2106803059577942,0.7893196940422058
survset:UnempDur,Weibull_AFT,7,48,1917,1.0,1,1.0,0.8324912190437317,0.1675087809562683,1.7320507764816284,0.5632936954498291,0.4367063045501709,2.6457512378692627,0.25057560205459595,0.749424397945404
survset:UnempDur,Weibull_AFT,7,48,2276,2.0,1,1.0,0.8247014284133911,0.1752985715866089,1.7320507764816284,0.5469563603401184,0.4530436396598816,2.6457512378692627,0.23340846598148346,0.7665915340185165
survset:UnempDur,Weibull_AFT,7,48,1256,3.7416574954986572,1,1.0,0.9505972862243652,0.049402713775634766,1.7320507764816284,0.8533250093460083,0.1466749906539917,2.6457512378692627,0.6821722388267517,0.3178277611732483
survset:UnempDur,Weibull_AFT,7,48,1385,3.872983455657959,0,1.0,0.9456913471221924,0.05430865287780762,1.7320507764816284,0.8396135568618774,0.16038644313812256,2.6457512378692627,0.656039834022522,0.343960165977478
survset:UnempDur,Weibull_AFT,7,48,2609,1.4142135381698608,1,1.0,0.8506631255149841,0.14933687448501587,1.7320507764816284,0.6026903390884399,0.39730966091156006,2.6457512378692627,0.29494014382362366,0.7050598561763763
survset:UnempDur,Weibull_AFT,7,48,2717,1.0,1,1.0,0.8295213580131531,0.17047864198684692,1.7320507764816284,0.5570264458656311,0.4429735541343689,2.6457512378692627,0.2439056783914566,0.7560943216085434
survset:UnempDur,Weibull_AFT,7,48,39,2.2360680103302,1,1.0,0.9441056251525879,0.05589437484741211,1.7320507764816284,0.8352137804031372,0.1647862195968628,2.6457512378692627,0.6477807760238647,0.35221922397613525
survset:UnempDur,Weibull_AFT,7,48,535,4.0,1,1.0,0.8465874195098877,0.1534125804901123,1.7320507764816284,0.5936962366104126,0.4063037633895874,2.6457512378692627,0.28443828225135803,0.715561717748642
survset:UnempDur,Weibull_AFT,7,48,353,1.0,1,1.0,0.8716714382171631,0.12832856178283691,1.7320507764816284,0.6505255103111267,0.3494744896888733,2.6457512378692627,0.35458314418792725,0.6454168558120728
survset:UnempDur,Weibull_AFT,7,48,1985,1.7320507764816284,1,1.0,0.857026994228363,0.14297300577163696,1.7320507764816284,0.6169186234474182,0.3830813765525818,2.6457512378692627,0.3120107054710388,0.6879892945289612
survset:UnempDur,Weibull_AFT,7,48,1999,1.4142135381698608,1,1.0,0.9365575313568115,0.06344246864318848,1.7320507764816284,0.8144862651824951,0.18551373481750488,2.6457512378692627,0.6096928119659424,0.3903071880340576
survset:UnempDur,Weibull_AFT,7,48,1513,3.872983455657959,0,1.0,0.9388709664344788,0.06112903356552124,1.7320507764816284,0.8208014965057373,0.1791985034942627,2.6457512378692627,0.6211544275283813,0.37884557247161865
survset:UnempDur,Weibull_AFT,7,48,593,1.0,1,1.0,0.9445900917053223,0.055409908294677734,1.7320507764816284,0.8365563154220581,0.1634436845779419,2.6457512378692627,0.6502944231033325,0.3497055768966675
survset:UnempDur,Weibull_AFT,7,48,20,2.2360680103302,0,1.0,0.9559318423271179,0.04406815767288208,1.7320507764816284,0.8684065937995911,0.13159340620040894,2.6457512378692627,0.7116082906723022,0.28839170932769775
survset:UnempDur,Weibull_AFT,7,48,2383,3.0,1,1.0,0.9417081475257874,0.058291852474212646,1.7320507764816284,0.8285917639732361,0.17140823602676392,2.6457512378692627,0.6354655623435974,0.3645344376564026
survset:UnempDur,Weibull_AFT,7,48,2245,1.4142135381698608,0,1.0,0.8248670697212219,0.17513293027877808,1.7320507764816284,0.547300398349762,0.45269960165023804,2.6457512378692627,0.23376260697841644,0.7662373930215836
survset:UnempDur,Weibull_AFT,7,48,663,3.316624879837036,1,1.0,0.9509321451187134,0.04906785488128662,1.7320507764816284,0.8542665243148804,0.14573347568511963,2.6457512378692627,0.6839885711669922,0.3160114288330078
survset:UnempDur,Weibull_AFT,7,48,249,2.2360680103302,0,1.0,0.8406739830970764,0.15932601690292358,1.7320507764816284,0.5808097124099731,0.41919028759002686,2.6457512378692627,0.2697782814502716,0.7302217185497284
survset:UnempDur,Weibull_AFT,7,48,1152,3.316624879837036,0,1.0,0.9367351531982422,0.06326484680175781,1.7320507764816284,0.8149698972702026,0.18503010272979736,2.6457512378692627,0.6105661392211914,0.3894338607788086
survset:UnempDur,Weibull_AFT,7,48,1387,3.7416574954986572,0,1.0,0.8633649945259094,0.13663500547409058,1.7320507764816284,0.6313145160675049,0.3686854839324951,2.6457512378692627,0.32985720038414,0.67014279961586
survset:UnempDur,Weibull_AFT,7,48,1394,1.0,1,1.0,0.8481916785240173,0.15180832147598267,1.7320507764816284,0.5972254872322083,0.40277451276779175,2.6457512378692627,0.2885326147079468,0.7114673852920532
survset:UnempDur,Weibull_AFT,7,48,601,3.1622776985168457,0,1.0,0.9550906419754028,0.04490935802459717,1.7320507764816284,0.8660166263580322,0.13398337364196777,2.6457512378692627,0.7068949937820435,0.29310500621795654
survset:UnempDur,Weibull_AFT,7,48,1494,2.0,1,1.0,0.8901616334915161,0.10983836650848389,1.7320507764816284,0.6947101950645447,0.3052898049354553,2.6457512378692627,0.41546639800071716,0.5845336019992828
survset:UnempDur,Weibull_AFT,7,48,756,4.0,0,1.0,0.9547975063323975,0.04520249366760254,1.7320507764816284,0.8651847243309021,0.1348152756690979,2.6457512378692627,0.7052586674690247,0.29474133253097534
survset:UnempDur,Weibull_AFT,7,48,1546,2.2360680103302,0,1.0,0.9469523429870605,0.05304765701293945,1.7320507764816284,0.8431233763694763,0.15687662363052368,2.6457512378692627,0.6626722812652588,0.3373277187347412
survset:UnempDur,Weibull_AFT,7,48,2730,1.4142135381698608,1,1.0,0.8582006096839905,0.14179939031600952,1.7320507764816284,0.6195672750473022,0.38043272495269775,2.6457512378692627,0.3152506649494171,0.6847493350505829
survset:UnempDur,Weibull_AFT,7,48,2592,2.0,0,1.0,0.9345418810844421,0.06545811891555786,1.7320507764816284,0.809010922908783,0.19098907709121704,2.6457512378692627,0.5998564958572388,0.40014350414276123
survset:UnempDur,Weibull_AFT,7,48,1622,2.0,1,1.0,0.9476705193519592,0.05232948064804077,1.7320507764816284,0.8451269268989563,0.1548730731010437,2.6457512378692627,0.6664758324623108,0.3335241675376892
survset:UnempDur,Weibull_AFT,7,48,2335,1.0,1,1.0,0.838890552520752,0.16110944747924805,1.7320507764816284,0.5769609808921814,0.4230390191078186,2.6457512378692627,0.2654877305030823,0.7345122694969177
survset:UnempDur,Weibull_AFT,7,48,3143,3.464101552963257,1,1.0,0.9383089542388916,0.0616910457611084,1.7320507764816284,0.8192642331123352,0.1807357668876648,2.6457512378692627,0.6183529496192932,0.3816470503807068
survset:UnempDur,Weibull_AFT,7,48,2673,1.4142135381698608,1,1.0,0.9461886882781982,0.05381131172180176,1.7320507764816284,0.8409965634346008,0.15900343656539917,2.6457512378692627,0.658648669719696,0.34135133028030396
survset:UnempDur,Weibull_AFT,7,48,2931,1.4142135381698608,1,1.0,0.8314008116722107,0.1685991883277893,1.7320507764816284,0.5609871745109558,0.4390128254890442,2.6457512378692627,0.2481086105108261,0.7518913894891739
survset:UnempDur,Weibull_AFT,7,48,1327,1.7320507764816284,0,1.0,0.940915584564209,0.059084415435791016,1.7320507764816284,0.8264105319976807,0.17358946800231934,2.6457512378692627,0.631439208984375,0.368560791015625
survset:UnempDur,Weibull_AFT,7,48,1309,2.0,1,1.0,0.940342903137207,0.05965709686279297,1.7320507764816284,0.824836790561676,0.17516320943832397,2.6457512378692627,0.6285436749458313,0.3714563250541687
survset:UnempDur,Weibull_AFT,7,48,2304,4.123105525970459,0,1.0,0.9578489661216736,0.042151033878326416,1.7320507764816284,0.8738707900047302,0.12612920999526978,2.6457512378692627,0.7224531769752502,0.27754682302474976
survset:UnempDur,Weibull_AFT,7,48,2771,1.0,1,1.0,0.948378324508667,0.05162167549133301,1.7320507764816284,0.8471046090126038,0.15289539098739624,2.6457512378692627,0.6702428460121155,0.3297571539878845
survset:UnempDur,Weibull_AFT,7,48,3207,4.242640495300293,0,1.0,0.9550288915634155,0.04497110843658447,1.7320507764816284,0.8658413290977478,0.1341586709022522,2.6457512378692627,0.7065500617027283,0.29344993829727173
survset:UnempDur,Weibull_AFT,7,48,2329,3.0,0,1.0,0.9484604597091675,0.05153954029083252,1.7320507764816284,0.8473342061042786,0.15266579389572144,2.6457512378692627,0.6706810593605042,0.32931894063949585
survset:UnempDur,Weibull_AFT,7,48,712,2.2360680103302,1,1.0,0.9371669888496399,0.06283301115036011,1.7320507764816284,0.8161466717720032,0.18385332822799683,2.6457512378692627,0.6126942038536072,0.3873057961463928
survset:UnempDur,Weibull_AFT,7,48,686,2.2360680103302,0,1.0,0.9498988389968872,0.05010116100311279,1.7320507764816284,0.8513638377189636,0.14863616228103638,2.6457512378692627,0.6783977746963501,0.3216022253036499
survset:UnempDur,Weibull_AFT,7,48,1215,1.7320507764816284,0,1.0,0.844071090221405,0.15592890977859497,1.7320507764816284,0.5881891250610352,0.41181087493896484,2.6457512378692627,0.27811771631240845,0.7218822836875916
survset:UnempDur,Weibull_AFT,7,48,1825,3.1622776985168457,1,1.0,0.9416240453720093,0.05837595462799072,1.7320507764816284,0.8283600807189941,0.17163991928100586,2.6457512378692627,0.6350371837615967,0.3649628162384033
survset:UnempDur,Weibull_AFT,7,48,923,1.4142135381698608,1,1.0,0.9462469220161438,0.0537530779838562,1.7320507764816284,0.8411586284637451,0.15884137153625488,2.6457512378692627,0.6589547395706177,0.3410452604293823
survset:UnempDur,Weibull_AFT,7,48,826,1.7320507764816284,0,1.0,0.9340115189552307,0.06598848104476929,1.7320507764816284,0.8075745105743408,0.19242548942565918,2.6457512378692627,0.5972914099693298,0.40270859003067017
survset:UnempDur,Weibull_AFT,7,48,2421,2.6457512378692627,1,1.0,0.9398095607757568,0.060190439224243164,1.7320507764816284,0.8233730792999268,0.17662692070007324,2.6457512378692627,0.625857412815094,0.374142587184906
survset:UnempDur,Weibull_AFT,7,48,2703,5.196152210235596,1,1.0,0.9526685476303101,0.04733145236968994,1.7320507764816284,0.8591594696044922,0.1408405303955078,2.6457512378692627,0.6934735178947449,0.3065264821052551
survset:UnempDur,Weibull_AFT,7,48,318,1.7320507764816284,1,1.0,0.8420741558074951,0.15792584419250488,1.7320507764816284,0.5838435888290405,0.4161564111709595,2.6457512378692627,0.27318891882896423,0.7268110811710358
survset:UnempDur,Weibull_AFT,7,48,1660,3.1622776985168457,0,1.0,0.9385579228401184,0.06144207715988159,1.7320507764816284,0.8199449181556702,0.18005508184432983,2.6457512378692627,0.6195924878120422,0.38040751218795776
survset:UnempDur,Weibull_AFT,7,48,38,1.4142135381698608,0,1.0,0.8338955640792847,0.16610443592071533,1.7320507764816284,0.5662739276885986,0.43372607231140137,2.6457512378692627,0.25378432869911194,0.7462156713008881
survset:UnempDur,Weibull_AFT,7,48,361,4.0,0,1.0,0.9452933669090271,0.0547066330909729,1.7320507764816284,0.8385078310966492,0.16149216890335083,2.6457512378692627,0.6539584994316101,0.3460415005683899
survset:UnempDur,Weibull_AFT,7,48,2566,2.2360680103302,1,1.0,0.9404144883155823,0.059585511684417725,1.7320507764816284,0.8250333666801453,0.17496663331985474,2.6457512378692627,0.6289048790931702,0.37109512090682983
survset:UnempDur,Weibull_AFT,7,48,96,2.6457512378692627,1,1.0,0.9426668882369995,0.05733311176300049,1.7320507764816284,0.8312355875968933,0.1687644124031067,2.6457512378692627,0.6403657793998718,0.3596342206001282
survset:UnempDur,Weibull_AFT,7,48,1236,1.7320507764816284,1,1.0,0.8479816913604736,0.15201830863952637,1.7320507764816284,0.5967627167701721,0.4032372832298279,2.6457512378692627,0.28799378871917725,0.7120062112808228
survset:UnempDur,Weibull_AFT,7,48,1132,1.4142135381698608,1,1.0,0.8250917792320251,0.17490822076797485,1.7320507764816284,0.5477672815322876,0.4522327184677124,2.6457512378692627,0.23424376547336578,0.7657562345266342
survset:UnempDur,Weibull_AFT,7,48,315,3.605551242828369,0,1.0,0.9412441253662109,0.05875587463378906,1.7320507764816284,0.8273142576217651,0.17268574237823486,2.6457512378692627,0.6331055760383606,0.3668944239616394
survset:UnempDur,Weibull_AFT,7,48,1518,2.2360680103302,1,1.0,0.8257948756217957,0.17420512437820435,1.7320507764816284,0.5492298603057861,0.45077013969421387,2.6457512378692627,0.23575478792190552,0.7642452120780945
survset:UnempDur,Weibull_AFT,7,48,1969,1.4142135381698608,1,1.0,0.8572460412979126,0.1427539587020874,1.7320507764816284,0.6174123883247375,0.38258761167526245,2.6457512378692627,0.31261318922042847,0.6873868107795715
survset:UnempDur,Weibull_AFT,7,48,1097,1.0,1,1.0,0.8353679180145264,0.16463208198547363,1.7320507764816284,0.5694100260734558,0.4305899739265442,2.6457512378692627,0.257186621427536,0.742813378572464
survset:UnempDur,Weibull_AFT,7,48,1181,1.0,1,1.0,0.8127782940864563,0.1872217059135437,1.7320507764816284,0.5225794315338135,0.4774205684661865,2.6457512378692627,0.20910829305648804,0.790891706943512
survset:UnempDur,Weibull_AFT,7,48,2165,4.4721360206604,1,1.0,0.9426372647285461,0.05736273527145386,1.7320507764816284,0.8311538696289062,0.16884613037109375,2.6457512378692627,0.6402140259742737,0.3597859740257263
survset:UnempDur,Weibull_AFT,7,48,1021,2.0,0,1.0,0.9408082365989685,0.059191763401031494,1.7320507764816284,0.8261154294013977,0.1738845705986023,2.6457512378692627,0.6308956146240234,0.36910438537597656
survset:UnempDur,Weibull_AFT,7,48,1617,2.0,1,1.0,0.9294507503509521,0.07054924964904785,1.7320507764816284,0.7952932119369507,0.20470678806304932,2.6457512378692627,0.5756229162216187,0.42437708377838135
survset:UnempDur,Weibull_AFT,7,48,208,2.0,0,1.0,0.875015139579773,0.12498486042022705,1.7320507764816284,0.6583697199821472,0.3416302800178528,2.6457512378692627,0.3649810552597046,0.6350189447402954
survset:UnempDur,Weibull_AFT,7,48,2198,1.0,0,1.0,0.8528795838356018,0.1471204161643982,1.7320507764816284,0.6076202392578125,0.3923797607421875,2.6457512378692627,0.3007912337779999,0.6992087662220001
survset:UnempDur,Weibull_AFT,7,48,1942,2.2360680103302,0,1.0,0.9442267417907715,0.055773258209228516,1.7320507764816284,0.8355492353439331,0.1644507646560669,2.6457512378692627,0.6484083533287048,0.35159164667129517
survset:UnempDur,Weibull_AFT,7,48,766,2.4494898319244385,1,1.0,0.943098247051239,0.056901752948760986,1.7320507764816284,0.8324270248413086,0.1675729751586914,2.6457512378692627,0.6425812244415283,0.3574187755584717
survset:UnempDur,Weibull_AFT,7,48,2253,1.0,1,1.0,0.9441869258880615,0.05581307411193848,1.7320507764816284,0.8354390263557434,0.1645609736442566,2.6457512378692627,0.648202121257782,0.351797878742218
survset:UnempDur,Weibull_AFT,7,48,2637,3.605551242828369,1,1.0,0.9470047354698181,0.052995264530181885,1.7320507764816284,0.8432694673538208,0.1567305326461792,2.6457512378692627,0.66294926404953,0.33705073595046997
survset:UnempDur,Weibull_AFT,7,48,2220,1.4142135381698608,1,1.0,0.8314875960350037,0.16851240396499634,1.7320507764816284,0.5611705183982849,0.4388294816017151,2.6457512378692627,0.24830421805381775,0.7516957819461823
survset:UnempDur,Weibull_AFT,7,48,664,1.4142135381698608,0,1.0,0.9388424754142761,0.06115752458572388,1.7320507764816284,0.8207234740257263,0.17927652597427368,2.6457512378692627,0.6210120320320129,0.37898796796798706
survset:UnempDur,Weibull_AFT,7,48,1924,1.7320507764816284,0,1.0,0.9532038569450378,0.04679614305496216,1.7320507764816284,0.8606718182563782,0.13932818174362183,2.6457512378692627,0.6964207887649536,0.3035792112350464
survset:UnempDur,Weibull_AFT,7,48,623,3.0,1,1.0,0.9554069638252258,0.04459303617477417,1.7320507764816284,0.8669147491455078,0.1330852508544922,2.6457512378692627,0.708664059638977,0.29133594036102295
survset:UnempDur,Weibull_AFT,7,48,2823,3.7416574954986572,0,1.0,0.8581088185310364,0.14189118146896362,1.7320507764816284,0.6193597912788391,0.3806402087211609,2.6457512378692627,0.3149961829185486,0.6850038170814514
survset:UnempDur,Weibull_AFT,7,48,1706,1.4142135381698608,0,1.0,0.9451596140861511,0.05484038591384888,1.7320507764816284,0.8381364941596985,0.1618635058403015,2.6457512378692627,0.6532602906227112,0.3467397093772888
survset:UnempDur,Weibull_AFT,7,48,3032,3.7416574954986572,1,1.0,0.9420369267463684,0.05796307325363159,1.7320507764816284,0.8294976949691772,0.17050230503082275,2.6457512378692627,0.6371421813964844,0.3628578186035156
survset:UnempDur,Weibull_AFT,7,48,348,4.582575798034668,0,1.0,0.8522920608520508,0.14770793914794922,1.7320507764816284,0.6063107252120972,0.39368927478790283,2.6457512378692627,0.2992304861545563,0.7007695138454437
survset:UnempDur,Weibull_AFT,7,48,1801,4.242640495300293,1,1.0,0.8688991069793701,0.13110089302062988,1.7320507764816284,0.6440701484680176,0.3559298515319824,2.6457512378692627,0.34615784883499146,0.6538421511650085
survset:UnempDur,Weibull_AFT,7,48,2267,3.872983455657959,1,1.0,0.9406486749649048,0.059351325035095215,1.7320507764816284,0.8256769180297852,0.17432308197021484,2.6457512378692627,0.6300884485244751,0.3699115514755249
survset:UnempDur,Weibull_AFT,7,48,227,2.2360680103302,1,1.0,0.8437804579734802,0.15621954202651978,1.7320507764816284,0.5875552296638489,0.4124447703361511,2.6457512378692627,0.2773955464363098,0.7226044535636902
survset:UnempDur,Weibull_AFT,7,48,13,1.0,1,1.0,0.8325599431991577,0.16744005680084229,1.7320507764816284,0.5634394288063049,0.43656057119369507,2.6457512378692627,0.2507319152355194,0.7492680847644806
survset:UnempDur,Weibull_AFT,7,48,2600,3.316624879837036,0,1.0,0.9524857997894287,0.04751420021057129,1.7320507764816284,0.858643651008606,0.14135634899139404,2.6457512378692627,0.6924700736999512,0.30752992630004883
survset:UnempDur,Weibull_AFT,7,48,1813,1.7320507764816284,0,1.0,0.8840248584747314,0.11597514152526855,1.7320507764816284,0.6798262596130371,0.3201737403869629,2.6457512378692627,0.3943261206150055,0.6056738793849945
survset:UnempDur,Weibull_AFT,7,48,937,4.690415859222412,0,1.0,0.954200029373169,0.045799970626831055,1.7320507764816284,0.863490879535675,0.13650912046432495,2.6457512378692627,0.7019338607788086,0.2980661392211914
survset:UnempDur,Weibull_AFT,7,48,1382,2.2360680103302,1,1.0,0.9388195872306824,0.06118041276931763,1.7320507764816284,0.8206608891487122,0.17933911085128784,2.6457512378692627,0.6208978295326233,0.3791021704673767
survset:UnempDur,Weibull_AFT,7,48,743,1.4142135381698608,1,1.0,0.8275598287582397,0.17244017124176025,1.7320507764816284,0.5529133081436157,0.4470866918563843,2.6457512378692627,0.23958538472652435,0.7604146152734756
survset:UnempDur,Weibull_AFT,7,48,197,1.0,1,1.0,0.8453884720802307,0.1546115279197693,1.7320507764816284,0.5910678505897522,0.4089321494102478,2.6457512378692627,0.2814112901687622,0.7185887098312378
survset:UnempDur,Weibull_AFT,7,48,1805,2.4494898319244385,1,1.0,0.957766592502594,0.042233407497406006,1.7320507764816284,0.873635470867157,0.12636452913284302,2.6457512378692627,0.7219842672348022,0.27801573276519775
survset:UnempDur,Weibull_AFT,7,48,3027,1.0,1,1.0,0.83488529920578,0.16511470079421997,1.7320507764816284,0.5683807730674744,0.43161922693252563,2.6457512378692627,0.25606706738471985,0.7439329326152802
survset:UnempDur,Weibull_AFT,7,48,248,1.0,1,1.0,0.8772751092910767,0.12272489070892334,1.7320507764816284,0.6637077927589417,0.33629220724105835,2.6457512378692627,0.3721576929092407,0.6278423070907593
survset:UnempDur,Weibull_AFT,7,48,2841,1.7320507764816284,0,1.0,0.9446220397949219,0.055377960205078125,1.7320507764816284,0.8366449475288391,0.1633550524711609,2.6457512378692627,0.6504606008529663,0.3495393991470337
survset:UnempDur,Weibull_AFT,7,48,3005,1.7320507764816284,1,1.0,0.8374024033546448,0.16259759664535522,1.7320507764816284,0.5737627148628235,0.4262372851371765,2.6457512378692627,0.2619529366493225,0.7380470633506775
survset:UnempDur,Weibull_AFT,7,48,827,3.7416574954986572,0,1.0,0.9445114135742188,0.05548858642578125,1.7320507764816284,0.8363381624221802,0.16366183757781982,2.6457512378692627,0.6498856544494629,0.3501143455505371
survset:UnempDur,Weibull_AFT,7,48,3080,3.7416574954986572,1,1.0,0.8608902096748352,0.1391097903251648,1.7320507764816284,0.6256664395332336,0.37433356046676636,2.6457512378692627,0.3227860629558563,0.6772139370441437
survset:UnempDur,Weibull_AFT,7,48,1579,1.4142135381698608,1,1.0,0.8251975774765015,0.17480242252349854,1.7320507764816284,0.547987163066864,0.452012836933136,2.6457512378692627,0.23447054624557495,0.765529453754425
survset:UnempDur,Weibull_AFT,7,48,1995,1.0,1,1.0,0.9422835111618042,0.0577164888381958,1.7320507764816284,0.8301777243614197,0.16982227563858032,2.6457512378692627,0.6384024024009705,0.36159759759902954
survset:UnempDur,Weibull_AFT,7,48,1848,1.0,1,1.0,0.8180806040763855,0.1819193959236145,1.7320507764816284,0.5333266258239746,0.4666733741760254,2.6457512378692627,0.21962904930114746,0.7803709506988525
survset:UnempDur,Weibull_AFT,7,48,506,2.2360680103302,1,1.0,0.9421326518058777,0.057867348194122314,1.7320507764816284,0.8297616839408875,0.17023831605911255,2.6457512378692627,0.6376312375068665,0.36236876249313354
survset:UnempDur,Weibull_AFT,7,48,567,1.7320507764816284,0,1.0,0.9416987299919128,0.05830127000808716,1.7320507764816284,0.828565776348114,0.171434223651886,2.6457512378692627,0.6354174613952637,0.36458253860473633
survset:UnempDur,Weibull_AFT,7,48,1537,5.099019527435303,0,1.0,0.9444751143455505,0.05552488565444946,1.7320507764816284,0.8362375497817993,0.16376245021820068,2.6457512378692627,0.6496971845626831,0.3503028154373169
survset:UnempDur,Weibull_AFT,7,48,1540,1.7320507764816284,0,1.0,0.858338475227356,0.14166152477264404,1.7320507764816284,0.619878888130188,0.380121111869812,2.6457512378692627,0.3156331181526184,0.6843668818473816
survset:UnempDur,Weibull_AFT,7,48,365,1.0,1,1.0,0.9345638155937195,0.06543618440628052,1.7320507764816284,0.8090704679489136,0.19092953205108643,2.6457512378692627,0.5999628901481628,0.40003710985183716
survset:UnempDur,Weibull_AFT,7,48,259,4.795831680297852,0,1.0,0.9431753158569336,0.056824684143066406,1.7320507764816284,0.8326400518417358,0.16735994815826416,2.6457512378692627,0.6429778337478638,0.35702216625213623
survset:UnempDur,Weibull_AFT,7,48,243,4.582575798034668,0,1.0,0.9548009037971497,0.04519909620285034,1.7320507764816284,0.8651943802833557,0.1348056197166443,2.6457512378692627,0.705277681350708,0.294722318649292
survset:UnempDur,Weibull_AFT,7,48,1951,2.6457512378692627,0,1.0,0.939675509929657,0.06032449007034302,1.7320507764816284,0.8230055570602417,0.1769944429397583,2.6457512378692627,0.6251840591430664,0.3748159408569336
survset:UnempDur,Weibull_AFT,7,48,1569,3.1622776985168457,0,1.0,0.9520387053489685,0.047961294651031494,1.7320507764816284,0.8573825359344482,0.14261746406555176,2.6457512378692627,0.6900201439857483,0.3099798560142517
survset:UnempDur,Weibull_AFT,7,48,1597,2.4494898319244385,0,1.0,0.8450436592102051,0.15495634078979492,1.7320507764816284,0.5903134346008301,0.4096865653991699,2.6457512378692627,0.2805459797382355,0.7194540202617645
survset:UnempDur,Weibull_AFT,7,48,347,1.4142135381698608,0,1.0,0.8459922671318054,0.15400773286819458,1.7320507764816284,0.5923905968666077,0.40760940313339233,2.6457512378692627,0.28293225169181824,0.7170677483081818
survset:UnempDur,Weibull_AFT,7,48,1204,4.123105525970459,0,1.0,0.9382535815238953,0.061746418476104736,1.7320507764816284,0.8191128373146057,0.1808871626853943,2.6457512378692627,0.6180773973464966,0.3819226026535034
survset:UnempDur,Weibull_AFT,7,48,2424,1.4142135381698608,1,1.0,0.9327033758163452,0.06729662418365479,1.7320507764816284,0.8040388226509094,0.19596117734909058,2.6457512378692627,0.591005265712738,0.40899473428726196
survset:UnempDur,Weibull_AFT,7,48,909,1.4142135381698608,0,1.0,0.9475464224815369,0.052453577518463135,1.7320507764816284,0.844780445098877,0.15521955490112305,2.6457512378692627,0.6658172011375427,0.3341827988624573
survset:UnempDur,Weibull_AFT,7,48,1596,3.605551242828369,1,1.0,0.9454742670059204,0.05452573299407959,1.7320507764816284,0.8390102982521057,0.1609897017478943,2.6457512378692627,0.6549038290977478,0.3450961709022522
survset:UnempDur,Weibull_AFT,7,48,674,3.872983455657959,1,1.0,0.9494267702102661,0.05057322978973389,1.7320507764816284,0.8500398397445679,0.14996016025543213,2.6457512378692627,0.6758566498756409,0.32414335012435913
survset:UnempDur,Weibull_AFT,7,48,1498,1.4142135381698608,1,1.0,0.8643614649772644,0.1356385350227356,1.7320507764816284,0.6335985064506531,0.3664014935493469,2.6457512378692627,0.33274218440055847,0.6672578155994415
survset:UnempDur,Weibull_AFT,7,48,2325,2.6457512378692627,1,1.0,0.8629223704338074,0.13707762956619263,1.7320507764816284,0.6303018927574158,0.36969810724258423,2.6457512378692627,0.3285828232765198,0.6714171767234802
survset:UnempDur,Weibull_AFT,7,48,427,2.4494898319244385,1,1.0,0.9539346098899841,0.04606539011001587,1.7320507764816284,0.8627391457557678,0.13726085424423218,2.6457512378692627,0.7004613280296326,0.29953867197036743
survset:UnempDur,Weibull_AFT,7,48,2901,1.4142135381698608,1,1.0,0.8535247445106506,0.14647525548934937,1.7320507764816284,0.6090603470802307,0.3909396529197693,2.6457512378692627,0.30251315236091614,0.6974868476390839
survset:UnempDur,Weibull_AFT,7,48,2753,1.0,1,1.0,0.8357102274894714,0.16428977251052856,1.7320507764816284,0.5701407790184021,0.4298592209815979,2.6457512378692627,0.2579832673072815,0.7420167326927185
survset:UnempDur,Weibull_AFT,7,48,2774,1.4142135381698608,1,1.0,0.9379956126213074,0.06200438737869263,1.7320507764816284,0.8184080719947815,0.1815919280052185,2.6457512378692627,0.6167958378791809,0.3832041621208191
survset:UnempDur,Weibull_AFT,7,48,1083,2.2360680103302,0,1.0,0.9473609328269958,0.05263906717300415,1.7320507764816284,0.8442628979682922,0.15573710203170776,2.6457512378692627,0.6648340225219727,0.33516597747802734
survset:UnempDur,Weibull_AFT,7,48,1050,2.6457512378692627,0,1.0,0.9382908344268799,0.06170916557312012,1.7320507764816284,0.8192146420478821,0.18078535795211792,2.6457512378692627,0.6182626485824585,0.3817373514175415
survset:UnempDur,Weibull_AFT,7,48,2201,5.099019527435303,0,1.0,0.942331075668335,0.05766892433166504,1.7320507764816284,0.8303089141845703,0.1696910858154297,2.6457512378692627,0.6386457085609436,0.3613542914390564
survset:UnempDur,Weibull_AFT,7,48,1789,1.7320507764816284,0,1.0,0.9404869079589844,0.059513092041015625,1.7320507764816284,0.8252323269844055,0.17476767301559448,2.6457512378692627,0.6292706727981567,0.37072932720184326
survset:UnempDur,Weibull_AFT,7,48,2230,1.0,1,1.0,0.8220179080963135,0.17798209190368652,1.7320507764816284,0.5414038300514221,0.4585961699485779,2.6457512378692627,0.22773566842079163,0.7722643315792084
survset:UnempDur,Weibull_AFT,7,48,362,2.2360680103302,0,1.0,0.8260076642036438,0.1739923357963562,1.7320507764816284,0.5496731400489807,0.4503268599510193,2.6457512378692627,0.23621386289596558,0.7637861371040344
survset:UnempDur,Weibull_AFT,7,48,1654,1.0,1,1.0,0.8202060461044312,0.17979395389556885,1.7320507764816284,0.5376766324043274,0.4623233675956726,2.6457512378692627,0.22397354245185852,0.7760264575481415
survset:UnempDur,Weibull_AFT,7,48,2150,1.7320507764816284,1,1.0,0.869142472743988,0.13085752725601196,1.7320507764816284,0.6446349620819092,0.3553650379180908,2.6457512378692627,0.34689033031463623,0.6531096696853638
survset:UnempDur,Weibull_AFT,7,48,3066,3.0,0,1.0,0.9389222264289856,0.061077773571014404,1.7320507764816284,0.8209418654441833,0.17905813455581665,2.6457512378692627,0.6214105486869812,0.3785894513130188
survset:UnempDur,Weibull_AFT,7,48,983,3.0,1,1.0,0.9489593505859375,0.0510406494140625,1.7320507764816284,0.8487304449081421,0.1512695550918579,2.6457512378692627,0.6733489632606506,0.32665103673934937
survset:UnempDur,Weibull_AFT,7,48,2436,2.8284270763397217,0,1.0,0.8649476766586304,0.13505232334136963,1.7320507764816284,0.6349447965621948,0.3650552034378052,2.6457512378692627,0.3344495892524719,0.6655504107475281
survset:UnempDur,Weibull_AFT,7,48,164,3.0,0,1.0,0.9471762776374817,0.05282372236251831,1.7320507764816284,0.8437477946281433,0.1562522053718567,2.6457512378692627,0.6638563871383667,0.3361436128616333
survset:UnempDur,Weibull_AFT,7,48,1488,4.123105525970459,1,1.0,0.8375323414802551,0.16246765851974487,1.7320507764816284,0.5740415453910828,0.42595845460891724,2.6457512378692627,0.26225996017456055,0.7377400398254395
survset:UnempDur,Weibull_AFT,7,48,1491,2.2360680103302,0,1.0,0.9422957301139832,0.057704269886016846,1.7320507764816284,0.8302114605903625,0.16978853940963745,2.6457512378692627,0.6384650468826294,0.3615349531173706
survset:UnempDur,Weibull_AFT,7,48,3010,2.4494898319244385,1,1.0,0.8275346159934998,0.17246538400650024,1.7320507764816284,0.5528605580329895,0.4471394419670105,2.6457512378692627,0.2395302951335907,0.7604697048664093
survset:UnempDur,Weibull_AFT,7,48,1593,2.2360680103302,0,1.0,0.8355888724327087,0.16441112756729126,1.7320507764816284,0.5698816776275635,0.4301183223724365,2.6457512378692627,0.2577006220817566,0.7422993779182434
survset:UnempDur,Weibull_AFT,7,48,1817,1.4142135381698608,1,1.0,0.9388412833213806,0.061158716678619385,1.7320507764816284,0.8207202553749084,0.17927974462509155,2.6457512378692627,0.6210061311721802,0.3789938688278198
survset:UnempDur,Weibull_AFT,7,48,4,3.0,1,1.0,0.9291620850563049,0.07083791494369507,1.7320507764816284,0.7945201992988586,0.20547980070114136,2.6457512378692627,0.5742747187614441,0.4257252812385559
survset:UnempDur,Weibull_AFT,7,48,1440,1.7320507764816284,1,1.0,0.8544929623603821,0.14550703763961792,1.7320507764816284,0.611225962638855,0.388774037361145,2.6457512378692627,0.30511337518692017,0.6948866248130798
survset:UnempDur,Weibull_AFT,7,48,693,2.8284270763397217,1,1.0,0.8788003921508789,0.1211996078491211,1.7320507764816284,0.6673272252082825,0.33267277479171753,2.6457512378692627,0.3770703971385956,0.6229296028614044
survset:UnempDur,Weibull_AFT,7,48,2509,2.0,0,1.0,0.8546757102012634,0.14532428979873657,1.7320507764816284,0.6116352677345276,0.3883647322654724,2.6457512378692627,0.30560630559921265,0.6943936944007874
survset:UnempDur,Weibull_AFT,7,48,2475,1.4142135381698608,0,1.0,0.8683745861053467,0.13162541389465332,1.7320507764816284,0.6428537368774414,0.3571462631225586,2.6457512378692627,0.34458351135253906,0.6554164886474609
survset:UnempDur,Weibull_AFT,7,48,301,3.1622776985168457,0,1.0,0.8418572545051575,0.15814274549484253,1.7320507764816284,0.583372950553894,0.41662704944610596,2.6457512378692627,0.2726581394672394,0.7273418605327606
survset:UnempDur,Weibull_AFT,7,48,2745,3.316624879837036,1,1.0,0.9357286095619202,0.06427139043807983,1.7320507764816284,0.8122316002845764,0.18776839971542358,2.6457512378692627,0.6056310534477234,0.3943689465522766
survset:UnempDur,Weibull_AFT,7,48,2985,1.7320507764816284,1,1.0,0.8810332417488098,0.11896675825119019,1.7320507764816284,0.6726498007774353,0.3273501992225647,2.6457512378692627,0.3843633234500885,0.6156366765499115
survset:UnempDur,Weibull_AFT,7,48,153,2.6457512378692627,0,1.0,0.9360555410385132,0.06394445896148682,1.7320507764816284,0.8131203651428223,0.18687963485717773,2.6457512378692627,0.6072301864624023,0.39276981353759766
survset:UnempDur,Weibull_AFT,7,48,2643,2.6457512378692627,0,1.0,0.9349737763404846,0.06502622365951538,1.7320507764816284,0.8101820349693298,0.18981796503067017,2.6457512378692627,0.6019524335861206,0.3980475664138794
survset:UnempDur,Weibull_AFT,7,48,901,1.0,1,1.0,0.8310850858688354,0.16891491413116455,1.7320507764816284,0.5603204369544983,0.4396795630455017,2.6457512378692627,0.24739819765090942,0.7526018023490906
survset:UnempDur,Weibull_AFT,7,48,922,1.4142135381698608,1,1.0,0.8666124939918518,0.1333875060081482,1.7320507764816284,0.6387786269187927,0.3612213730812073,2.6457512378692627,0.3393399119377136,0.6606600880622864
survset:UnempDur,Weibull_AFT,7,48,1955,2.0,1,1.0,0.9492674469947815,0.050732553005218506,1.7320507764816284,0.8495934009552002,0.1504065990447998,2.6457512378692627,0.6750010251998901,0.32499897480010986
survset:UnempDur,Weibull_AFT,7,48,2857,1.7320507764816284,1,1.0,0.9465155005455017,0.05348449945449829,1.7320507764816284,0.8419063687324524,0.1580936312675476,2.6457512378692627,0.6603680849075317,0.33963191509246826
survset:UnempDur,Weibull_AFT,7,48,291,1.0,1,1.0,0.8534075617790222,0.14659243822097778,1.7320507764816284,0.608798623085022,0.391201376914978,2.6457512378692627,0.30219975113868713,0.6978002488613129
survset:UnempDur,Weibull_AFT,7,48,306,3.0,1,1.0,0.8356298804283142,0.1643701195716858,1.7320507764816284,0.5699691772460938,0.43003082275390625,2.6457512378692627,0.25779610872268677,0.7422038912773132
survset:UnempDur,Weibull_AFT,7,48,2412,2.4494898319244385,0,1.0,0.939139187335968,0.06086081266403198,1.7320507764816284,0.8215358257293701,0.17846417427062988,2.6457512378692627,0.6224952340126038,0.37750476598739624
survset:UnempDur,Weibull_AFT,7,48,3015,2.2360680103302,1,1.0,0.8464465141296387,0.15355348587036133,1.7320507764816284,0.5933868885040283,0.4066131114959717,2.6457512378692627,0.2840810716152191,0.7159189283847809
survset:UnempDur,Weibull_AFT,7,48,487,3.1622776985168457,1,1.0,0.9434548020362854,0.0565451979637146,1.7320507764816284,0.8334127068519592,0.16658729314804077,2.6457512378692627,0.6444175839424133,0.35558241605758667
survset:UnempDur,Weibull_AFT,7,48,1432,2.4494898319244385,0,1.0,0.9356148838996887,0.06438511610031128,1.7320507764816284,0.811922550201416,0.18807744979858398,2.6457512378692627,0.605075478553772,0.394924521446228
survset:UnempDur,Weibull_AFT,7,48,1966,3.0,0,1.0,0.9533998966217041,0.0466001033782959,1.7320507764816284,0.8612260818481445,0.13877391815185547,2.6457512378692627,0.6975026726722717,0.30249732732772827
survset:UnempDur,Weibull_AFT,7,48,3098,3.464101552963257,1,1.0,0.9595348834991455,0.04046511650085449,1.7320507764816284,0.8786949515342712,0.12130504846572876,2.6457512378692627,0.7321078181266785,0.26789218187332153
survset:UnempDur,Weibull_AFT,7,48,2372,1.7320507764816284,1,1.0,0.9276634454727173,0.07233655452728271,1.7320507764816284,0.790515124797821,0.20948487520217896,2.6457512378692627,0.5673190951347351,0.4326809048652649
survset:UnempDur,Weibull_AFT,7,48,951,3.7416574954986572,0,1.0,0.9502000212669373,0.049799978733062744,1.7320507764816284,0.8522091507911682,0.1477908492088318,2.6457512378692627,0.680023193359375,0.319976806640625
survset:UnempDur,Weibull_AFT,7,48,626,4.690415859222412,0,1.0,0.9453327059745789,0.05466729402542114,1.7320507764816284,0.8386169672012329,0.1613830327987671,2.6457512378692627,0.6541637778282166,0.34583622217178345
survset:UnempDur,Weibull_AFT,7,48,2054,1.0,1,1.0,0.8487282395362854,0.1512717604637146,1.7320507764816284,0.5984089970588684,0.4015910029411316,2.6457512378692627,0.2899133265018463,0.7100866734981537
survset:UnempDur,Weibull_AFT,7,48,1591,1.7320507764816284,1,1.0,0.8629801869392395,0.1370198130607605,1.7320507764816284,0.6304340958595276,0.3695659041404724,2.6457512378692627,0.32874903082847595,0.671250969171524
survset:UnempDur,Weibull_AFT,7,48,1954,2.2360680103302,0,1.0,0.8454465270042419,0.15455347299575806,1.7320507764816284,0.5911949872970581,0.4088050127029419,2.6457512378692627,0.28155726194381714,0.7184427380561829
survset:UnempDur,Weibull_AFT,7,48,1191,1.0,1,1.0,0.8139193058013916,0.1860806941986084,1.7320507764816284,0.5248795747756958,0.4751204252243042,2.6457512378692627,0.21133460104465485,0.7886653989553452
survset:UnempDur,Weibull_AFT,7,48,2442,3.0,0,1.0,0.8547064661979675,0.14529353380203247,1.7320507764816284,0.6117042303085327,0.3882957696914673,2.6457512378692627,0.30568939447402954,0.6943106055259705
survset:UnempDur,Weibull_AFT,7,48,2545,2.0,1,1.0,0.9438506364822388,0.05614936351776123,1.7320507764816284,0.8345077633857727,0.1654922366142273,2.6457512378692627,0.6464612483978271,0.35353875160217285
survset:UnempDur,Weibull_AFT,7,48,2184,2.6457512378692627,1,1.0,0.9554121494293213,0.04458785057067871,1.7320507764816284,0.8669295907020569,0.13307040929794312,2.6457512378692627,0.7086933255195618,0.29130667448043823
survset:UnempDur,Weibull_AFT,7,48,770,2.0,0,1.0,0.9477176070213318,0.05228239297866821,1.7320507764816284,0.8452584147453308,0.1547415852546692,2.6457512378692627,0.6667259931564331,0.3332740068435669
survset:UnempDur,Weibull_AFT,7,48,2272,1.0,1,1.0,0.840342104434967,0.15965789556503296,1.7320507764816284,0.580092191696167,0.419907808303833,2.6457512378692627,0.2689753770828247,0.7310246229171753
survset:UnempDur,Weibull_AFT,7,48,2459,4.242640495300293,1,1.0,0.9593300223350525,0.04066997766494751,1.7320507764816284,0.8781078457832336,0.12189215421676636,2.6457512378692627,0.7309288382530212,0.26907116174697876
survset:UnempDur,Weibull_AFT,7,48,455,2.2360680103302,1,1.0,0.95665442943573,0.04334557056427002,1.7320507764816284,0.8704634308815002,0.12953656911849976,2.6457512378692627,0.7156792879104614,0.2843207120895386
survset:UnempDur,Weibull_AFT,7,48,359,3.316624879837036,0,1.0,0.945767343044281,0.054232656955718994,1.7320507764816284,0.8398247361183167,0.16017526388168335,2.6457512378692627,0.6564377546310425,0.3435622453689575
survset:UnempDur,Weibull_AFT,7,48,272,3.0,1,1.0,0.8306035399436951,0.16939646005630493,1.7320507764816284,0.5593046545982361,0.4406953454017639,2.6457512378692627,0.2463180422782898,0.7536819577217102
survset:UnempDur,Weibull_AFT,7,48,2350,2.8284270763397217,0,1.0,0.9397254586219788,0.06027454137802124,1.7320507764816284,0.8231423497200012,0.17685765027999878,2.6457512378692627,0.6254346966743469,0.3745653033256531
survset:UnempDur,Weibull_AFT,7,48,936,4.123105525970459,1,1.0,0.9407280087471008,0.05927199125289917,1.7320507764816284,0.8258948922157288,0.17410510778427124,2.6457512378692627,0.6304896473884583,0.36951035261154175
survset:UnempDur,Weibull_AFT,7,48,1978,4.0,1,1.0,0.8622808456420898,0.13771915435791016,1.7320507764816284,0.6288360357284546,0.3711639642715454,2.6457512378692627,0.3267432153224945,0.6732567846775055
survset:UnempDur,Weibull_AFT,7,48,1648,2.0,1,1.0,0.8452379703521729,0.15476202964782715,1.7320507764816284,0.5907384753227234,0.4092615246772766,2.6457512378692627,0.28103330731391907,0.7189666926860809
survset:UnempDur,Weibull_AFT,7,48,1786,5.196152210235596,0,1.0,0.854602575302124,0.14539742469787598,1.7320507764816284,0.6114714741706848,0.3885285258293152,2.6457512378692627,0.3054089844226837,0.6945910155773163
survset:UnempDur,Weibull_AFT,7,48,2878,3.1622776985168457,0,1.0,0.8732970952987671,0.1267029047012329,1.7320507764816284,0.6543312072753906,0.3456687927246094,2.6457512378692627,0.3596057891845703,0.6403942108154297
survset:UnempDur,Weibull_AFT,7,48,2486,3.7416574954986572,0,1.0,0.9386317133903503,0.06136828660964966,1.7320507764816284,0.8201468586921692,0.1798531413078308,2.6457512378692627,0.6199605464935303,0.3800394535064697
survset:UnempDur,Weibull_AFT,7,48,853,1.4142135381698608,1,1.0,0.8270995616912842,0.17290043830871582,1.7320507764816284,0.5519510507583618,0.4480489492416382,2.6457512378692627,0.23858124017715454,0.7614187598228455
survset:UnempDur,Weibull_AFT,7,48,1959,3.7416574954986572,1,1.0,0.9451711773872375,0.05482882261276245,1.7320507764816284,0.8381685614585876,0.16183143854141235,2.6457512378692627,0.6533206701278687,0.34667932987213135
survset:UnempDur,Weibull_AFT,7,48,1111,2.2360680103302,0,1.0,0.9417711496353149,0.05822885036468506,1.7320507764816284,0.828765332698822,0.17123466730117798,2.6457512378692627,0.6357865929603577,0.36421340703964233
survset:UnempDur,Weibull_AFT,7,48,341,2.2360680103302,1,1.0,0.93680340051651,0.06319659948348999,1.7320507764816284,0.8151559233665466,0.18484407663345337,2.6457512378692627,0.6109022498130798,0.38909775018692017
survset:UnempDur,Weibull_AFT,7,48,1678,2.6457512378692627,1,1.0,0.8193027377128601,0.1806972622871399,1.7320507764816284,0.5358249545097351,0.4641750454902649,2.6457512378692627,0.22211813926696777,0.7778818607330322
survset:UnempDur,Weibull_AFT,7,48,264,3.1622776985168457,0,1.0,0.9413982033729553,0.05860179662704468,1.7320507764816284,0.8277382850646973,0.17226171493530273,2.6457512378692627,0.633888304233551,0.366111695766449
survset:UnempDur,Weibull_AFT,7,48,2502,3.872983455657959,1,1.0,0.8556386828422546,0.14436131715774536,1.7320507764816284,0.6137953400611877,0.38620465993881226,2.6457512378692627,0.30821529030799866,0.6917847096920013
survset:UnempDur,Weibull_AFT,7,48,1886,1.4142135381698608,1,1.0,0.9451313018798828,0.05486869812011719,1.7320507764816284,0.8380578756332397,0.16194212436676025,2.6457512378692627,0.6531125903129578,0.34688740968704224
survset:UnempDur,Weibull_AFT,7,48,2470,1.7320507764816284,0,1.0,0.868998646736145,0.13100135326385498,1.7320507764816284,0.6443011164665222,0.3556988835334778,2.6457512378692627,0.346457302570343,0.653542697429657
survset:UnempDur,Weibull_AFT,7,48,1115,2.6457512378692627,0,1.0,0.9485877156257629,0.05141228437423706,1.7320507764816284,0.8476902842521667,0.15230971574783325,2.6457512378692627,0.6713608503341675,0.3286391496658325
survset:UnempDur,Weibull_AFT,7,48,2579,2.0,0,1.0,0.9456411600112915,0.054358839988708496,1.7320507764816284,0.8394739627838135,0.16052603721618652,2.6457512378692627,0.6557769179344177,0.3442230820655823
survset:UnempDur,Weibull_AFT,7,48,2235,1.0,1,1.0,0.8170722126960754,0.18292778730392456,1.7320507764816284,0.5312712788581848,0.4687287211418152,2.6457512378692627,0.21759361028671265,0.7824063897132874
survset:UnempDur,Weibull_AFT,7,48,805,2.6457512378692627,0,1.0,0.9558920860290527,0.044107913970947266,1.7320507764816284,0.8682936429977417,0.1317063570022583,2.6457512378692627,0.7113851308822632,0.2886148691177368
survset:UnempDur,Weibull_AFT,7,48,3040,1.0,1,1.0,0.8225217461585999,0.17747825384140015,1.7320507764816284,0.5424433946609497,0.4575566053390503,2.6457512378692627,0.22879153490066528,0.7712084650993347
survset:UnempDur,Weibull_AFT,7,48,2038,1.7320507764816284,1,1.0,0.8206382393836975,0.1793617606163025,1.7320507764816284,0.538564145565033,0.46143585443496704,2.6457512378692627,0.22486601769924164,0.7751339823007584
survset:UnempDur,Weibull_AFT,7,48,1409,2.0,1,1.0,0.8655974268913269,0.1344025731086731,1.7320507764816284,0.6364391446113586,0.36356085538864136,2.6457512378692627,0.33635079860687256,0.6636492013931274
survset:UnempDur,Weibull_AFT,7,48,533,1.0,1,1.0,0.8169913291931152,0.18300867080688477,1.7320507764816284,0.5311066508293152,0.4688933491706848,2.6457512378692627,0.21743105351924896,0.782568946480751
survset:UnempDur,Weibull_AFT,7,48,3121,1.7320507764816284,1,1.0,0.8570448756217957,0.14295512437820435,1.7320507764816284,0.6169588565826416,0.3830411434173584,2.6457512378692627,0.31205981969833374,0.6879401803016663
survset:UnempDur,Weibull_AFT,7,48,2802,1.4142135381698608,1,1.0,0.836938202381134,0.16306179761886597,1.7320507764816284,0.5727676749229431,0.4272323250770569,2.6457512378692627,0.26085883378982544,0.7391411662101746
survset:UnempDur,Weibull_AFT,7,48,2257,2.0,1,1.0,0.8289276957511902,0.17107230424880981,1.7320507764816284,0.5557793974876404,0.4442206025123596,2.6457512378692627,0.24259108304977417,0.7574089169502258
survset:UnempDur,Weibull_AFT,7,48,2807,1.7320507764816284,0,1.0,0.9562758803367615,0.043724119663238525,1.7320507764816284,0.8693854808807373,0.1306145191192627,2.6457512378692627,0.7135440111160278,0.28645598888397217
survset:UnempDur,Weibull_AFT,7,48,1496,1.7320507764816284,1,1.0,0.9467225074768066,0.05327749252319336,1.7320507764816284,0.8424829840660095,0.15751701593399048,2.6457512378692627,0.66145920753479,0.33854079246520996
survset:UnempDur,Weibull_AFT,7,48,2682,2.0,0,1.0,0.943551778793335,0.05644822120666504,1.7320507764816284,0.8336809277534485,0.1663190722465515,2.6457512378692627,0.6449177265167236,0.35508227348327637
survset:UnempDur,Weibull_AFT,7,48,629,2.4494898319244385,0,1.0,0.8535793423652649,0.1464206576347351,1.7320507764816284,0.6091823577880859,0.39081764221191406,2.6457512378692627,0.3026593029499054,0.6973406970500946
survset:UnempDur,Weibull_AFT,7,48,3087,1.7320507764816284,0,1.0,0.949813187122345,0.05018681287765503,1.7320507764816284,0.8511235117912292,0.14887648820877075,2.6457512378692627,0.6779361963272095,0.3220638036727905
survset:UnempDur,Weibull_AFT,7,48,870,2.2360680103302,1,1.0,0.9340093731880188,0.0659906268119812,1.7320507764816284,0.8075686097145081,0.19243139028549194,2.6457512378692627,0.5972809791564941,0.40271902084350586
survset:UnempDur,Weibull_AFT,7,48,218,1.0,1,1.0,0.949678897857666,0.050321102142333984,1.7320507764816284,0.8507466912269592,0.14925330877304077,2.6457512378692627,0.677212655544281,0.322787344455719
survset:UnempDur,Weibull_AFT,7,48,1947,2.2360680103302,0,1.0,0.8578643798828125,0.1421356201171875,1.7320507764816284,0.6188076734542847,0.38119232654571533,2.6457512378692627,0.3143194615840912,0.6856805384159088
survset:UnempDur,Weibull_AFT,7,48,2830,2.4494898319244385,1,1.0,0.8519716262817383,0.14802837371826172,1.7320507764816284,0.6055974364280701,0.39440256357192993,2.6457512378692627,0.29838231205940247,0.7016176879405975
survset:UnempDur,Weibull_AFT,7,48,2386,1.0,1,1.0,0.8484716415405273,0.15152835845947266,1.7320507764816284,0.597842812538147,0.402157187461853,2.6457512378692627,0.28925231099128723,0.7107476890087128
survset:UnempDur,Weibull_AFT,7,48,1960,1.0,1,1.0,0.8236058354377747,0.17639416456222534,1.7320507764816284,0.5446847677230835,0.4553152322769165,2.6457512378692627,0.23107776045799255,0.7689222395420074
survset:UnempDur,Weibull_AFT,7,48,517,2.2360680103302,1,1.0,0.9416844844818115,0.05831551551818848,1.7320507764816284,0.8285265564918518,0.1714734435081482,2.6457512378692627,0.635344922542572,0.364655077457428
survset:UnempDur,Weibull_AFT,7,48,422,1.4142135381698608,1,1.0,0.8452751040458679,0.15472489595413208,1.7320507764816284,0.5908198356628418,0.4091801643371582,2.6457512378692627,0.28112661838531494,0.7188733816146851
survset:UnempDur,Weibull_AFT,7,48,19,2.6457512378692627,0,1.0,0.9485393166542053,0.05146068334579468,1.7320507764816284,0.8475549221038818,0.15244507789611816,2.6457512378692627,0.6711022853851318,0.32889771461486816
survset:UnempDur,Weibull_AFT,7,48,1937,1.0,1,1.0,0.8175596594810486,0.18244034051895142,1.7320507764816284,0.5322641134262085,0.4677358865737915,2.6457512378692627,0.21857546269893646,0.7814245373010635
survset:UnempDur,Weibull_AFT,7,48,1101,2.6457512378692627,0,1.0,0.9434646368026733,0.05653536319732666,1.7320507764816284,0.833439826965332,0.16656017303466797,2.6457512378692627,0.6444681286811829,0.35553187131881714
survset:UnempDur,Weibull_AFT,7,48,889,4.0,0,1.0,0.951428234577179,0.048571765422821045,1.7320507764816284,0.8556625843048096,0.14433741569519043,2.6457512378692627,0.6866869926452637,0.31331300735473633
survset:UnempDur,Weibull_AFT,7,48,2178,3.7416574954986572,1,1.0,0.8519387245178223,0.14806127548217773,1.7320507764816284,0.6055241823196411,0.3944758176803589,2.6457512378692627,0.298295259475708,0.701704740524292
survset:UnempDur,Weibull_AFT,7,48,1307,4.123105525970459,0,1.0,0.9399680495262146,0.0600319504737854,1.7320507764816284,0.8238078951835632,0.17619210481643677,2.6457512378692627,0.6266546845436096,0.3733453154563904
survset:UnempDur,Weibull_AFT,7,48,2916,1.0,1,1.0,0.8365423083305359,0.1634576916694641,1.7320507764816284,0.5719199180603027,0.42808008193969727,2.6457512378692627,0.25992873311042786,0.7400712668895721
survset:UnempDur,Weibull_AFT,7,48,2358,4.4721360206604,0,1.0,0.9524169564247131,0.047583043575286865,1.7320507764816284,0.8584493398666382,0.14155066013336182,2.6457512378692627,0.6920922994613647,0.30790770053863525
survset:UnempDur,Weibull_AFT,7,48,955,1.0,1,1.0,0.863306999206543,0.13669300079345703,1.7320507764816284,0.6311818361282349,0.36881816387176514,2.6457512378692627,0.3296900987625122,0.6703099012374878
survset:UnempDur,Weibull_AFT,7,48,1525,1.4142135381698608,1,1.0,0.8479433655738831,0.15205663442611694,1.7320507764816284,0.5966781973838806,0.4033218026161194,2.6457512378692627,0.28789544105529785,0.7121045589447021
survset:UnempDur,Weibull_AFT,7,48,2070,1.7320507764816284,0,1.0,0.834618866443634,0.16538113355636597,1.7320507764816284,0.5678130984306335,0.43218690156936646,2.6457512378692627,0.2554508149623871,0.7445491850376129
survset:UnempDur,Weibull_AFT,7,48,2009,2.8284270763397217,1,1.0,0.929520845413208,0.07047915458679199,1.7320507764816284,0.7954810261726379,0.20451897382736206,2.6457512378692627,0.5759508609771729,0.42404913902282715
survset:UnempDur,Weibull_AFT,7,48,2752,1.4142135381698608,1,1.0,0.8323512673377991,0.16764873266220093,1.7320507764816284,0.5629974007606506,0.43700259923934937,2.6457512378692627,0.2502578794956207,0.7497421205043793
survset:UnempDur,Weibull_AFT,7,48,490,2.4494898319244385,1,1.0,0.8337051272392273,0.1662948727607727,1.7320507764816284,0.5658692717552185,0.4341307282447815,2.6457512378692627,0.2533471882343292,0.7466528117656708
survset:UnempDur,Weibull_AFT,7,48,1396,1.7320507764816284,1,1.0,0.8717250823974609,0.12827491760253906,1.7320507764816284,0.6506507396697998,0.3493492603302002,2.6457512378692627,0.3547477722167969,0.6452522277832031
survset:UnempDur,Weibull_AFT,7,48,124,2.6457512378692627,1,1.0,0.9391320943832397,0.060867905616760254,1.7320507764816284,0.8215163350105286,0.17848366498947144,2.6457512378692627,0.6224596500396729,0.37754034996032715
survset:UnempDur,Weibull_AFT,7,48,2992,4.242640495300293,1,1.0,0.8188644051551819,0.18113559484481812,1.7320507764816284,0.534928023815155,0.46507197618484497,2.6457512378692627,0.22122260928153992,0.7787773907184601
survset:UnempDur,Weibull_AFT,7,48,2124,2.0,0,1.0,0.9417421817779541,0.0582578182220459,1.7320507764816284,0.8286855816841125,0.17131441831588745,2.6457512378692627,0.6356390118598938,0.3643609881401062
survset:UnempDur,Weibull_AFT,7,48,769,1.7320507764816284,0,1.0,0.9401314854621887,0.05986851453781128,1.7320507764816284,0.824256420135498,0.17574357986450195,2.6457512378692627,0.6274777054786682,0.3725222945213318
survset:UnempDur,Weibull_AFT,7,48,1583,2.6457512378692627,1,1.0,0.9523470997810364,0.04765290021896362,1.7320507764816284,0.8582522869110107,0.14174771308898926,2.6457512378692627,0.6917091608047485,0.30829083919525146
survset:UnempDur,Weibull_AFT,7,48,2892,2.2360680103302,1,1.0,0.9539992213249207,0.046000778675079346,1.7320507764816284,0.8629220128059387,0.13707798719406128,2.6457512378692627,0.7008193135261536,0.29918068647384644
survset:UnempDur,Weibull_AFT,7,48,265,2.2360680103302,1,1.0,0.9443811178207397,0.055618882179260254,1.7320507764816284,0.8359771370887756,0.16402286291122437,2.6457512378692627,0.6492093801498413,0.3507906198501587
survset:UnempDur,Weibull_AFT,7,48,2589,2.2360680103302,0,1.0,0.9407118558883667,0.0592881441116333,1.7320507764816284,0.8258504867553711,0.1741495132446289,2.6457512378692627,0.6304079294204712,0.3695920705795288
survset:UnempDur,Weibull_AFT,7,48,1448,1.4142135381698608,0,1.0,0.9427313804626465,0.057268619537353516,1.7320507764816284,0.8314135670661926,0.16858643293380737,2.6457512378692627,0.6406965255737305,0.35930347442626953
survset:UnempDur,Weibull_AFT,7,48,2585,1.7320507764816284,0,1.0,0.9451836347579956,0.054816365242004395,1.7320507764816284,0.8382031321525574,0.16179686784744263,2.6457512378692627,0.653385579586029,0.34661442041397095
survset:UnempDur,Weibull_AFT,7,48,1480,3.464101552963257,0,1.0,0.9473298192024231,0.052670180797576904,1.7320507764816284,0.8441759943962097,0.15582400560379028,2.6457512378692627,0.6646690368652344,0.3353309631347656
survset:UnempDur,Weibull_AFT,7,48,892,3.7416574954986572,0,1.0,0.9423763155937195,0.05762368440628052,1.7320507764816284,0.8304336071014404,0.16956639289855957,2.6457512378692627,0.6388770341873169,0.3611229658126831
survset:UnempDur,Weibull_AFT,7,48,1625,1.7320507764816284,0,1.0,0.8348793983459473,0.16512060165405273,1.7320507764816284,0.568368136882782,0.431631863117218,2.6457512378692627,0.2560533881187439,0.7439466118812561
survset:UnempDur,Weibull_AFT,7,48,3050,3.464101552963257,1,1.0,0.9504779577255249,0.0495220422744751,1.7320507764816284,0.852989673614502,0.14701032638549805,2.6457512378692627,0.6815260052680969,0.3184739947319031
survset:UnempDur,Weibull_AFT,7,48,2158,1.4142135381698608,1,1.0,0.9344416856765747,0.06555831432342529,1.7320507764816284,0.8087394833564758,0.19126051664352417,2.6457512378692627,0.5993712544441223,0.4006287455558777
survset:UnempDur,Weibull_AFT,7,48,2761,1.4142135381698608,1,1.0,0.8633206486701965,0.13667935132980347,1.7320507764816284,0.6312129497528076,0.3687870502471924,2.6457512378692627,0.329729288816452,0.670270711183548
survset:UnempDur,Weibull_AFT,7,48,2859,1.0,1,1.0,0.8388723731040955,0.16112762689590454,1.7320507764816284,0.5769218802452087,0.42307811975479126,2.6457512378692627,0.2654443383216858,0.7345556616783142
survset:UnempDur,Weibull_AFT,7,48,2167,2.2360680103302,0,1.0,0.9343298077583313,0.0656701922416687,1.7320507764816284,0.808436393737793,0.19156360626220703,2.6457512378692627,0.5988297462463379,0.4011702537536621
survset:UnempDur,Weibull_AFT,7,48,2015,5.0,0,1.0,0.8621855974197388,0.13781440258026123,1.7320507764816284,0.6286184787750244,0.3713815212249756,2.6457512378692627,0.3264707326889038,0.6735292673110962
survset:UnempDur,Weibull_AFT,7,48,837,2.6457512378692627,1,1.0,0.9394746422767639,0.060525357723236084,1.7320507764816284,0.8224547505378723,0.17754524946212769,2.6457512378692627,0.6241756081581116,0.3758243918418884
survset:UnempDur,Weibull_AFT,7,48,3034,2.6457512378692627,1,1.0,0.8341360092163086,0.1658639907836914,1.7320507764816284,0.5667852759361267,0.4332147240638733,2.6457512378692627,0.25433725118637085,0.7456627488136292
survset:UnempDur,Weibull_AFT,7,48,82,3.1622776985168457,0,1.0,0.9486159682273865,0.051384031772613525,1.7320507764816284,0.8477693200111389,0.15223067998886108,2.6457512378692627,0.6715117692947388,0.32848823070526123
survset:UnempDur,Weibull_AFT,7,48,1193,1.4142135381698608,1,1.0,0.857487678527832,0.14251232147216797,1.7320507764816284,0.6179574131965637,0.3820425868034363,2.6457512378692627,0.31327906250953674,0.6867209374904633
survset:UnempDur,Weibull_AFT,7,48,2951,1.7320507764816284,1,1.0,0.8070647716522217,0.19293522834777832,1.7320507764816284,0.511164665222168,0.48883533477783203,2.6457512378692627,0.19826358556747437,0.8017364144325256
survset:UnempDur,Weibull_AFT,7,48,3094,1.7320507764816284,1,1.0,0.8491418957710266,0.1508581042289734,1.7320507764816284,0.599322497844696,0.40067750215530396,2.6457512378692627,0.290981650352478,0.709018349647522
survset:UnempDur,Weibull_AFT,7,48,115,2.2360680103302,0,1.0,0.9404571652412415,0.059542834758758545,1.7320507764816284,0.8251506090164185,0.17484939098358154,2.6457512378692627,0.6291203498840332,0.3708796501159668
survset:UnempDur,Weibull_AFT,7,48,520,2.0,1,1.0,0.826740562915802,0.173259437084198,1.7320507764816284,0.551201343536377,0.44879865646362305,2.6457512378692627,0.23780056834220886,0.7621994316577911
survset:UnempDur,Weibull_AFT,7,48,3173,3.316624879837036,0,1.0,0.9610201120376587,0.03897988796234131,1.7320507764816284,0.8829600214958191,0.11703997850418091,2.6457512378692627,0.7407059669494629,0.2592940330505371
survset:UnempDur,Weibull_AFT,7,48,3084,1.0,1,1.0,0.8503466248512268,0.1496533751487732,1.7320507764816284,0.6019884943962097,0.3980115056037903,2.6457512378692627,0.2941126227378845,0.7058873772621155
survset:UnempDur,Weibull_AFT,7,48,257,2.2360680103302,1,1.0,0.9416496753692627,0.058350324630737305,1.7320507764816284,0.828430712223053,0.17156928777694702,2.6457512378692627,0.6351677179336548,0.3648322820663452
survset:UnempDur,Weibull_AFT,7,48,2845,1.7320507764816284,1,1.0,0.8678848147392273,0.1321151852607727,1.7320507764816284,0.6417192220687866,0.3582807779312134,2.6457512378692627,0.3431189954280853,0.6568810045719147
survset:UnempDur,Weibull_AFT,7,48,2708,1.7320507764816284,1,1.0,0.8433592319488525,0.15664076805114746,1.7320507764816284,0.5866374969482422,0.4133625030517578,2.6457512378692627,0.2763519287109375,0.7236480712890625
survset:UnempDur,Weibull_AFT,7,48,2071,2.6457512378692627,0,1.0,0.8390827775001526,0.1609172224998474,1.7320507764816284,0.5773749351501465,0.4226250648498535,2.6457512378692627,0.26594728231430054,0.7340527176856995
