dataset,method,run_id,seed,sample_id,observed_time,event,horizon_t25,pred_survival_t25,pred_risk_t25,horizon_t50,pred_survival_t50,pred_risk_t50,horizon_t75,pred_survival_t75,pred_risk_t75
survset:UnempDur,Weibull_AFT,5,46,2332,3.464101552963257,0,1.4142135381698608,0.8731255531311035,0.12687444686889648,1.7320507764816284,0.8130413293838501,0.1869586706161499,2.6457512378692627,0.6063778400421143,0.39362215995788574
survset:UnempDur,Weibull_AFT,5,46,2678,2.4494898319244385,1,1.4142135381698608,0.8632530570030212,0.13674694299697876,1.7320507764816284,0.7990589141845703,0.2009410858154297,2.6457512378692627,0.5814792513847351,0.4185207486152649
survset:UnempDur,Weibull_AFT,5,46,1116,1.0,1,1.4142135381698608,0.6996903419494629,0.3003096580505371,1.7320507764816284,0.5799682140350342,0.4200317859649658,2.6457512378692627,0.26800990104675293,0.7319900989532471
survset:UnempDur,Weibull_AFT,5,46,1702,1.7320507764816284,1,1.4142135381698608,0.7400875091552734,0.25991249084472656,1.7320507764816284,0.6318173408508301,0.3681826591491699,2.6457512378692627,0.3296341896057129,0.6703658103942871
survset:UnempDur,Weibull_AFT,5,46,656,2.4494898319244385,1,1.4142135381698608,0.866233766078949,0.13376623392105103,1.7320507764816284,0.8032717108726501,0.19672828912734985,2.6457512378692627,0.5889165997505188,0.4110834002494812
survset:UnempDur,Weibull_AFT,5,46,2748,1.0,1,1.4142135381698608,0.720366358757019,0.27963364124298096,1.7320507764816284,0.606314480304718,0.393685519695282,2.6457512378692627,0.29838958382606506,0.7016104161739349
survset:UnempDur,Weibull_AFT,5,46,2526,1.0,1,1.4142135381698608,0.6299244165420532,0.3700755834579468,1.7320507764816284,0.4940999448299408,0.5059000551700592,2.6457512378692627,0.1819509118795395,0.8180490881204605
survset:UnempDur,Weibull_AFT,5,46,2972,1.4142135381698608,1,1.4142135381698608,0.7034482955932617,0.2965517044067383,1.7320507764816284,0.5847266912460327,0.4152733087539673,2.6457512378692627,0.27335572242736816,0.7266442775726318
survset:UnempDur,Weibull_AFT,5,46,341,2.2360680103302,1,1.4142135381698608,0.8745341300964355,0.12546586990356445,1.7320507764816284,0.815043032169342,0.18495696783065796,2.6457512378692627,0.6099924445152283,0.39000755548477173
survset:UnempDur,Weibull_AFT,5,46,1748,3.1622776985168457,1,1.4142135381698608,0.8882492184638977,0.1117507815361023,1.7320507764816284,0.8346222639083862,0.16537773609161377,2.6457512378692627,0.646014392375946,0.35398560762405396
survset:UnempDur,Weibull_AFT,5,46,2734,1.4142135381698608,1,1.4142135381698608,0.8725594282150269,0.12744057178497314,1.7320507764816284,0.8122372031211853,0.1877627968788147,2.6457512378692627,0.6049293279647827,0.3950706720352173
survset:UnempDur,Weibull_AFT,5,46,633,1.0,1,1.4142135381698608,0.7141164541244507,0.2858835458755493,1.7320507764816284,0.5983081459999084,0.40169185400009155,2.6457512378692627,0.28895503282546997,0.71104496717453
survset:UnempDur,Weibull_AFT,5,46,1753,3.0,0,1.4142135381698608,0.8981341123580933,0.10186588764190674,1.7320507764816284,0.8488326072692871,0.1511673927307129,2.6457512378692627,0.6729205846786499,0.3270794153213501
survset:UnempDur,Weibull_AFT,5,46,3095,1.4142135381698608,1,1.4142135381698608,0.7265143990516663,0.27348560094833374,1.7320507764816284,0.6142261624336243,0.38577383756637573,2.6457512378692627,0.30788755416870117,0.6921124458312988
survset:UnempDur,Weibull_AFT,5,46,1204,4.123105525970459,0,1.4142135381698608,0.8729304075241089,0.1270695924758911,1.7320507764816284,0.8127641081809998,0.18723589181900024,2.6457512378692627,0.6058782339096069,0.39412176609039307
survset:UnempDur,Weibull_AFT,5,46,2242,2.0,1,1.4142135381698608,0.8712390661239624,0.1287609338760376,1.7320507764816284,0.8103630542755127,0.1896369457244873,2.6457512378692627,0.6015611886978149,0.39843881130218506
survset:UnempDur,Weibull_AFT,5,46,3240,2.8284270763397217,1,1.4142135381698608,0.8431334495544434,0.15686655044555664,1.7320507764816284,0.7708235383033752,0.22917646169662476,2.6457512378692627,0.5330544710159302,0.4669455289840698
survset:UnempDur,Weibull_AFT,5,46,81,3.1622776985168457,0,1.4142135381698608,0.8969787955284119,0.10302120447158813,1.7320507764816284,0.8471674919128418,0.1528325080871582,2.6457512378692627,0.6697344183921814,0.3302655816078186
survset:UnempDur,Weibull_AFT,5,46,203,2.8284270763397217,0,1.4142135381698608,0.7255818247795105,0.2744181752204895,1.7320507764816284,0.6130237579345703,0.3869762420654297,2.6457512378692627,0.306432843208313,0.693567156791687
survset:UnempDur,Weibull_AFT,5,46,1774,3.0,1,1.4142135381698608,0.8794249892234802,0.12057501077651978,1.7320507764816284,0.8220066428184509,0.17799335718154907,2.6457512378692627,0.6226654648780823,0.3773345351219177
survset:UnempDur,Weibull_AFT,5,46,2487,2.0,1,1.4142135381698608,0.6779248714447021,0.32207512855529785,1.7320507764816284,0.5526723265647888,0.4473276734352112,2.6457512378692627,0.23853258788585663,0.7614674121141434
survset:UnempDur,Weibull_AFT,5,46,1274,1.4142135381698608,0,1.4142135381698608,0.8582754135131836,0.1417245864868164,1.7320507764816284,0.7920408844947815,0.2079591155052185,2.6457512378692627,0.5692122578620911,0.43078774213790894
survset:UnempDur,Weibull_AFT,5,46,2974,5.196152210235596,0,1.4142135381698608,0.7667149305343628,0.2332850694656372,1.7320507764816284,0.6668208837509155,0.3331791162490845,2.6457512378692627,0.37551945447921753,0.6244805455207825
survset:UnempDur,Weibull_AFT,5,46,1875,5.291502475738525,0,1.4142135381698608,0.9002287983894348,0.09977120161056519,1.7320507764816284,0.8518545031547546,0.14814549684524536,2.6457512378692627,0.6787253618240356,0.32127463817596436
survset:UnempDur,Weibull_AFT,5,46,2795,2.2360680103302,0,1.4142135381698608,0.8699894547462463,0.13001054525375366,1.7320507764816284,0.8085905313491821,0.19140946865081787,2.6457512378692627,0.5983858704566956,0.40161412954330444
survset:UnempDur,Weibull_AFT,5,46,2538,2.8284270763397217,0,1.4142135381698608,0.864795982837677,0.135204017162323,1.7320507764816284,0.8012385964393616,0.19876140356063843,2.6457512378692627,0.5853204131126404,0.4146795868873596
survset:UnempDur,Weibull_AFT,5,46,468,1.0,1,1.4142135381698608,0.6847856640815735,0.3152143359184265,1.7320507764816284,0.5612274408340454,0.4387725591659546,2.6457512378692627,0.24755506217479706,0.7524449378252029
survset:UnempDur,Weibull_AFT,5,46,1518,2.2360680103302,1,1.4142135381698608,0.6583379507064819,0.34166204929351807,1.7320507764816284,0.5284988880157471,0.47150111198425293,2.6457512378692627,0.21409229934215546,0.7859077006578445
survset:UnempDur,Weibull_AFT,5,46,3154,1.0,1,1.4142135381698608,0.6854570508003235,0.3145429491996765,1.7320507764816284,0.5620670318603516,0.43793296813964844,2.6457512378692627,0.2484511286020279,0.7515488713979721
survset:UnempDur,Weibull_AFT,5,46,1666,1.7320507764816284,1,1.4142135381698608,0.7532488703727722,0.24675112962722778,1.7320507764816284,0.6490375399589539,0.35096246004104614,2.6457512378692627,0.3517698049545288,0.6482301950454712
survset:UnempDur,Weibull_AFT,5,46,1656,2.8284270763397217,1,1.4142135381698608,0.6588684916496277,0.3411315083503723,1.7320507764816284,0.5291486978530884,0.4708513021469116,2.6457512378692627,0.21472910046577454,0.7852708995342255
survset:UnempDur,Weibull_AFT,5,46,958,1.0,1,1.4142135381698608,0.7287521958351135,0.2712478041648865,1.7320507764816284,0.6171145439147949,0.3828854560852051,2.6457512378692627,0.3113986551761627,0.6886013448238373
survset:UnempDur,Weibull_AFT,5,46,452,3.0,1,1.4142135381698608,0.8544530272483826,0.14554697275161743,1.7320507764816284,0.7866661548614502,0.2133338451385498,2.6457512378692627,0.5599210858345032,0.4400789141654968
survset:UnempDur,Weibull_AFT,5,46,3045,1.0,1,1.4142135381698608,0.6526299715042114,0.3473700284957886,1.7320507764816284,0.5215246677398682,0.47847533226013184,2.6457512378692627,0.2073274701833725,0.7926725298166275
survset:UnempDur,Weibull_AFT,5,46,2221,2.0,0,1.4142135381698608,0.6483401656150818,0.3516598343849182,1.7320507764816284,0.5163041949272156,0.4836958050727844,2.6457512378692627,0.20234693586826324,0.7976530641317368
survset:UnempDur,Weibull_AFT,5,46,787,3.605551242828369,1,1.4142135381698608,0.6974549889564514,0.3025450110435486,1.7320507764816284,0.5771440267562866,0.4228559732437134,2.6457512378692627,0.264866441488266,0.735133558511734
survset:UnempDur,Weibull_AFT,5,46,2093,3.0,1,1.4142135381698608,0.9105957746505737,0.08940422534942627,1.7320507764816284,0.8668646812438965,0.13313531875610352,2.6457512378692627,0.70799320936203,0.29200679063796997
survset:UnempDur,Weibull_AFT,5,46,1954,2.2360680103302,0,1.4142135381698608,0.7048180103302002,0.2951819896697998,1.7320507764816284,0.5864644050598145,0.41353559494018555,2.6457512378692627,0.2753233313560486,0.7246766686439514
survset:UnempDur,Weibull_AFT,5,46,2556,2.2360680103302,1,1.4142135381698608,0.6849672794342041,0.3150327205657959,1.7320507764816284,0.5614545345306396,0.43854546546936035,2.6457512378692627,0.24779728055000305,0.752202719449997
survset:UnempDur,Weibull_AFT,5,46,2395,4.0,0,1.4142135381698608,0.734216034412384,0.26578396558761597,1.7320507764816284,0.6241866946220398,0.3758133053779602,2.6457512378692627,0.32009413838386536,0.6799058616161346
survset:UnempDur,Weibull_AFT,5,46,1297,3.605551242828369,0,1.4142135381698608,0.8882192373275757,0.11178076267242432,1.7320507764816284,0.8345792889595032,0.16542071104049683,2.6457512378692627,0.6459341049194336,0.3540658950805664
survset:UnempDur,Weibull_AFT,5,46,1114,1.7320507764816284,0,1.4142135381698608,0.8714056611061096,0.12859433889389038,1.7320507764816284,0.8105993866920471,0.18940061330795288,2.6457512378692627,0.6019853353500366,0.3980146646499634
survset:UnempDur,Weibull_AFT,5,46,642,1.0,1,1.4142135381698608,0.6818687915802002,0.3181312084197998,1.7320507764816284,0.5575847029685974,0.4424152970314026,2.6457512378692627,0.24368929862976074,0.7563107013702393
survset:UnempDur,Weibull_AFT,5,46,1785,1.0,1,1.4142135381698608,0.6592265963554382,0.34077340364456177,1.7320507764816284,0.5295875072479248,0.4704124927520752,2.6457512378692627,0.21515971422195435,0.7848402857780457
survset:UnempDur,Weibull_AFT,5,46,2516,3.1622776985168457,1,1.4142135381698608,0.7172209620475769,0.2827790379524231,1.7320507764816284,0.6022805571556091,0.39771944284439087,2.6457512378692627,0.29361388087272644,0.7063861191272736
survset:UnempDur,Weibull_AFT,5,46,1693,3.0,1,1.4142135381698608,0.874599039554596,0.12540096044540405,1.7320507764816284,0.8151353001594543,0.18486469984054565,2.6457512378692627,0.6101593971252441,0.38984060287475586
survset:UnempDur,Weibull_AFT,5,46,1446,2.0,0,1.4142135381698608,0.8750007152557373,0.1249992847442627,1.7320507764816284,0.8157064914703369,0.18429350852966309,2.6457512378692627,0.6111933588981628,0.38880664110183716
survset:UnempDur,Weibull_AFT,5,46,2207,2.2360680103302,1,1.4142135381698608,0.8858924508094788,0.11410754919052124,1.7320507764816284,0.8312464356422424,0.16875356435775757,2.6457512378692627,0.6397170424461365,0.3602829575538635
survset:UnempDur,Weibull_AFT,5,46,2532,1.7320507764816284,1,1.4142135381698608,0.9028178453445435,0.09718215465545654,1.7320507764816284,0.8555946946144104,0.1444053053855896,2.6457512378692627,0.6859505772590637,0.3140494227409363
survset:UnempDur,Weibull_AFT,5,46,2661,1.0,1,1.4142135381698608,0.6984677314758301,0.3015322685241699,1.7320507764816284,0.5784229636192322,0.4215770363807678,2.6457512378692627,0.26628726720809937,0.7337127327919006
survset:UnempDur,Weibull_AFT,5,46,2976,4.0,0,1.4142135381698608,0.9073402881622314,0.09265971183776855,1.7320507764816284,0.8621413707733154,0.13785862922668457,2.6457512378692627,0.69870525598526,0.30129474401474
survset:UnempDur,Weibull_AFT,5,46,1136,1.7320507764816284,1,1.4142135381698608,0.8944157361984253,0.10558426380157471,1.7320507764816284,0.8434774279594421,0.15652257204055786,2.6457512378692627,0.6627053618431091,0.33729463815689087
survset:UnempDur,Weibull_AFT,5,46,2739,2.2360680103302,1,1.4142135381698608,0.9033503532409668,0.0966496467590332,1.7320507764816284,0.8563646674156189,0.1436353325843811,2.6457512378692627,0.6874435544013977,0.3125564455986023
survset:UnempDur,Weibull_AFT,5,46,1555,3.1622776985168457,0,1.4142135381698608,0.9057275056838989,0.09427249431610107,1.7320507764816284,0.8598047494888306,0.14019525051116943,2.6457512378692627,0.6941370964050293,0.3058629035949707
survset:UnempDur,Weibull_AFT,5,46,889,4.0,0,1.4142135381698608,0.9051048755645752,0.0948951244354248,1.7320507764816284,0.8589032888412476,0.14109671115875244,2.6457512378692627,0.692379355430603,0.307620644569397
survset:UnempDur,Weibull_AFT,5,46,985,3.605551242828369,0,1.4142135381698608,0.7512337565422058,0.2487662434577942,1.7320507764816284,0.6463907361030579,0.35360926389694214,2.6457512378692627,0.34831252694129944,0.6516874730587006
survset:UnempDur,Weibull_AFT,5,46,41,2.6457512378692627,1,1.4142135381698608,0.707489550113678,0.292510449886322,1.7320507764816284,0.589858889579773,0.41014111042022705,2.6457512378692627,0.2791908085346222,0.7208091914653778
survset:UnempDur,Weibull_AFT,5,46,3187,1.7320507764816284,1,1.4142135381698608,0.886889636516571,0.11311036348342896,1.7320507764816284,0.8326742053031921,0.16732579469680786,2.6457512378692627,0.6423760652542114,0.3576239347457886
survset:UnempDur,Weibull_AFT,5,46,2150,1.7320507764816284,1,1.4142135381698608,0.7538177371025085,0.24618226289749146,1.7320507764816284,0.6497855186462402,0.35021448135375977,2.6457512378692627,0.35275042057037354,0.6472495794296265
survset:UnempDur,Weibull_AFT,5,46,3061,5.099019527435303,1,1.4142135381698608,0.6942962408065796,0.3057037591934204,1.7320507764816284,0.5731613039970398,0.4268386960029602,2.6457512378692627,0.26047033071517944,0.7395296692848206
survset:UnempDur,Weibull_AFT,5,46,2997,1.0,1,1.4142135381698608,0.758065402507782,0.24193459749221802,1.7320507764816284,0.6553792953491211,0.3446207046508789,2.6457512378692627,0.36013489961624146,0.6398651003837585
survset:UnempDur,Weibull_AFT,5,46,1963,4.242640495300293,0,1.4142135381698608,0.8945755362510681,0.10542446374893188,1.7320507764816284,0.8437073230743408,0.15629267692565918,2.6457512378692627,0.6631420254707336,0.33685797452926636
survset:UnempDur,Weibull_AFT,5,46,1470,1.4142135381698608,1,1.4142135381698608,0.6884859800338745,0.3115140199661255,1.7320507764816284,0.5658602714538574,0.4341397285461426,2.6457512378692627,0.25252318382263184,0.7474768161773682
survset:UnempDur,Weibull_AFT,5,46,1231,1.7320507764816284,0,1.4142135381698608,0.872527539730072,0.12747246026992798,1.7320507764816284,0.8121919631958008,0.18780803680419922,2.6457512378692627,0.6048479080200195,0.39515209197998047
survset:UnempDur,Weibull_AFT,5,46,613,1.0,1,1.4142135381698608,0.6802799105644226,0.3197200894355774,1.7320507764816284,0.5556038618087769,0.44439613819122314,2.6457512378692627,0.24160218238830566,0.7583978176116943
survset:UnempDur,Weibull_AFT,5,46,2964,2.0,1,1.4142135381698608,0.7253628969192505,0.2746371030807495,1.7320507764816284,0.6127416491508484,0.3872583508491516,2.6457512378692627,0.30609211325645447,0.6939078867435455
survset:UnempDur,Weibull_AFT,5,46,1301,2.6457512378692627,1,1.4142135381698608,0.8775182366371155,0.12248176336288452,1.7320507764816284,0.8192894458770752,0.1807105541229248,2.6457512378692627,0.6177021861076355,0.3822978138923645
survset:UnempDur,Weibull_AFT,5,46,1970,3.0,0,1.4142135381698608,0.8641939759254456,0.13580602407455444,1.7320507764816284,0.800387978553772,0.19961202144622803,2.6457512378692627,0.5838195085525513,0.41618049144744873
survset:UnempDur,Weibull_AFT,5,46,3200,2.0,1,1.4142135381698608,0.8954993486404419,0.1045006513595581,1.7320507764816284,0.8450368642807007,0.15496313571929932,2.6457512378692627,0.6656705737113953,0.33432942628860474
survset:UnempDur,Weibull_AFT,5,46,3223,1.4142135381698608,0,1.4142135381698608,0.9027367234230042,0.09726327657699585,1.7320507764816284,0.8554774522781372,0.1445225477218628,2.6457512378692627,0.6857233643531799,0.31427663564682007
survset:UnempDur,Weibull_AFT,5,46,2064,2.2360680103302,1,1.4142135381698608,0.8814830780029297,0.11851692199707031,1.7320507764816284,0.8249431848526001,0.1750568151473999,2.6457512378692627,0.6280553936958313,0.3719446063041687
survset:UnempDur,Weibull_AFT,5,46,1021,2.0,0,1.4142135381698608,0.8786027431488037,0.12139725685119629,1.7320507764816284,0.8208345174789429,0.17916548252105713,2.6457512378692627,0.620521605014801,0.379478394985199
survset:UnempDur,Weibull_AFT,5,46,3213,2.6457512378692627,0,1.4142135381698608,0.8640720248222351,0.1359279751777649,1.7320507764816284,0.8002156615257263,0.19978433847427368,2.6457512378692627,0.5835158228874207,0.41648417711257935
survset:UnempDur,Weibull_AFT,5,46,1453,2.2360680103302,1,1.4142135381698608,0.8690365552902222,0.13096344470977783,1.7320507764816284,0.8072399497032166,0.19276005029678345,2.6457512378692627,0.5959729552268982,0.4040270447731018
survset:UnempDur,Weibull_AFT,5,46,1540,1.7320507764816284,0,1.4142135381698608,0.7245094180107117,0.27549058198928833,1.7320507764816284,0.6116421222686768,0.38835787773132324,2.6457512378692627,0.3047662079334259,0.6952337920665741
survset:UnempDur,Weibull_AFT,5,46,1706,1.4142135381698608,0,1.4142135381698608,0.8911786675453186,0.1088213324546814,1.7320507764816284,0.8388249278068542,0.16117507219314575,2.6457512378692627,0.6539048552513123,0.34609514474868774
survset:UnempDur,Weibull_AFT,5,46,2802,1.4142135381698608,1,1.4142135381698608,0.6866182684898376,0.31338173151016235,1.7320507764816284,0.5635202527046204,0.43647974729537964,2.6457512378692627,0.2500065863132477,0.7499934136867523
survset:UnempDur,Weibull_AFT,5,46,1014,2.4494898319244385,0,1.4142135381698608,0.8813697695732117,0.11863023042678833,1.7320507764816284,0.8247813582420349,0.1752186417579651,2.6457512378692627,0.6277576684951782,0.3722423315048218
survset:UnempDur,Weibull_AFT,5,46,54,2.6457512378692627,1,1.4142135381698608,0.8934367299079895,0.1065632700920105,1.7320507764816284,0.8420694470405579,0.15793055295944214,2.6457512378692627,0.6600347757339478,0.33996522426605225
survset:UnempDur,Weibull_AFT,5,46,1894,1.4142135381698608,1,1.4142135381698608,0.6444515585899353,0.3555484414100647,1.7320507764816284,0.5115876793861389,0.4884123206138611,2.6457512378692627,0.19790807366371155,0.8020919263362885
survset:UnempDur,Weibull_AFT,5,46,2012,2.0,0,1.4142135381698608,0.8972401022911072,0.10275989770889282,1.7320507764816284,0.8475439548492432,0.15245604515075684,2.6457512378692627,0.6704540848731995,0.32954591512680054
survset:UnempDur,Weibull_AFT,5,46,1851,1.7320507764816284,1,1.4142135381698608,0.6765924096107483,0.3234075903892517,1.7320507764816284,0.5510161519050598,0.4489838480949402,2.6457512378692627,0.23680855333805084,0.7631914466619492
survset:UnempDur,Weibull_AFT,5,46,51,3.605551242828369,0,1.4142135381698608,0.9017453193664551,0.09825468063354492,1.7320507764816284,0.8540446162223816,0.1459553837776184,2.6457512378692627,0.6829507350921631,0.3170492649078369
survset:UnempDur,Weibull_AFT,5,46,2325,2.6457512378692627,1,1.4142135381698608,0.7342091798782349,0.26579082012176514,1.7320507764816284,0.6241778135299683,0.37582218647003174,2.6457512378692627,0.3200831115245819,0.6799168884754181
survset:UnempDur,Weibull_AFT,5,46,2701,2.0,0,1.4142135381698608,0.8633220791816711,0.13667792081832886,1.7320507764816284,0.7991564273834229,0.20084357261657715,2.6457512378692627,0.5816507339477539,0.4183492660522461
survset:UnempDur,Weibull_AFT,5,46,2203,1.7320507764816284,1,1.4142135381698608,0.8939909934997559,0.10600900650024414,1.7320507764816284,0.8428664207458496,0.1571335792541504,2.6457512378692627,0.6615456938743591,0.33845430612564087
survset:UnempDur,Weibull_AFT,5,46,1069,3.316624879837036,0,1.4142135381698608,0.8856090903282166,0.11439090967178345,1.7320507764816284,0.8308408856391907,0.16915911436080933,2.6457512378692627,0.6389629244804382,0.36103707551956177
survset:UnempDur,Weibull_AFT,5,46,2336,2.6457512378692627,1,1.4142135381698608,0.6222294569015503,0.3777705430984497,1.7320507764816284,0.48492199182510376,0.5150780081748962,2.6457512378692627,0.17388930916786194,0.8261106908321381
survset:UnempDur,Weibull_AFT,5,46,3054,1.7320507764816284,1,1.4142135381698608,0.7123627066612244,0.28763729333877563,1.7320507764816284,0.5960680842399597,0.4039319157600403,2.6457512378692627,0.2863472104072571,0.7136527895927429
survset:UnempDur,Weibull_AFT,5,46,2651,2.6457512378692627,0,1.4142135381698608,0.872546911239624,0.12745308876037598,1.7320507764816284,0.812219500541687,0.187780499458313,2.6457512378692627,0.6048974394798279,0.3951025605201721
survset:UnempDur,Weibull_AFT,5,46,2770,2.6457512378692627,0,1.4142135381698608,0.6945391297340393,0.3054608702659607,1.7320507764816284,0.5734671950340271,0.4265328049659729,2.6457512378692627,0.26080644130706787,0.7391935586929321
survset:UnempDur,Weibull_AFT,5,46,43,1.0,1,1.4142135381698608,0.7060228586196899,0.29397714138031006,1.7320507764816284,0.5879945158958435,0.4120054841041565,2.6457512378692627,0.27706271409988403,0.722937285900116
survset:UnempDur,Weibull_AFT,5,46,2670,1.0,1,1.4142135381698608,0.6840935349464417,0.31590646505355835,1.7320507764816284,0.5603623390197754,0.4396376609802246,2.6457512378692627,0.24663381278514862,0.7533661872148514
survset:UnempDur,Weibull_AFT,5,46,198,2.2360680103302,0,1.4142135381698608,0.887295663356781,0.112704336643219,1.7320507764816284,0.8332558870315552,0.16674411296844482,2.6457512378692627,0.6434611678123474,0.3565388321876526
survset:UnempDur,Weibull_AFT,5,46,2489,1.7320507764816284,1,1.4142135381698608,0.8610242605209351,0.13897573947906494,1.7320507764816284,0.7959139347076416,0.2040860652923584,2.6457512378692627,0.575963020324707,0.42403697967529297
survset:UnempDur,Weibull_AFT,5,46,1024,2.2360680103302,0,1.4142135381698608,0.9023630023002625,0.09763699769973755,1.7320507764816284,0.8549372553825378,0.14506274461746216,2.6457512378692627,0.684677243232727,0.31532275676727295
survset:UnempDur,Weibull_AFT,5,46,2063,3.872983455657959,0,1.4142135381698608,0.723365068435669,0.27663493156433105,1.7320507764816284,0.610168993473053,0.389831006526947,2.6457512378692627,0.30299514532089233,0.6970048546791077
survset:UnempDur,Weibull_AFT,5,46,2278,1.4142135381698608,0,1.4142135381698608,0.654036819934845,0.34596318006515503,1.7320507764816284,0.5232406258583069,0.4767593741416931,2.6457512378692627,0.20898009836673737,0.7910199016332626
survset:UnempDur,Weibull_AFT,5,46,2816,2.6457512378692627,1,1.4142135381698608,0.8713054060935974,0.1286945939064026,1.7320507764816284,0.810457170009613,0.18954282999038696,2.6457512378692627,0.6017301082611084,0.3982698917388916
survset:UnempDur,Weibull_AFT,5,46,1876,1.7320507764816284,0,1.4142135381698608,0.8721314072608948,0.12786859273910522,1.7320507764816284,0.8116295337677002,0.1883704662322998,2.6457512378692627,0.6038360595703125,0.3961639404296875
survset:UnempDur,Weibull_AFT,5,46,352,5.0,0,1.4142135381698608,0.92062908411026,0.07937091588973999,1.7320507764816284,0.8814775347709656,0.11852246522903442,2.6457512378692627,0.7371845841407776,0.2628154158592224
survset:UnempDur,Weibull_AFT,5,46,583,4.123105525970459,0,1.4142135381698608,0.8656426668167114,0.13435733318328857,1.7320507764816284,0.8024356365203857,0.19756436347961426,2.6457512378692627,0.5874361991882324,0.4125638008117676
survset:UnempDur,Weibull_AFT,5,46,1965,4.582575798034668,1,1.4142135381698608,0.7257286310195923,0.2742713689804077,1.7320507764816284,0.6132130026817322,0.3867869973182678,2.6457512378692627,0.30666154623031616,0.6933384537696838
survset:UnempDur,Weibull_AFT,5,46,151,1.4142135381698608,1,1.4142135381698608,0.6866884827613831,0.31331151723861694,1.7320507764816284,0.5636081695556641,0.43639183044433594,2.6457512378692627,0.25010085105895996,0.74989914894104
survset:UnempDur,Weibull_AFT,5,46,1646,2.0,1,1.4142135381698608,0.8908881545066833,0.10911184549331665,1.7320507764816284,0.8384078145027161,0.16159218549728394,2.6457512378692627,0.6531192660331726,0.3468807339668274
survset:UnempDur,Weibull_AFT,5,46,1852,2.4494898319244385,1,1.4142135381698608,0.8746474385261536,0.12535256147384644,1.7320507764816284,0.8152041435241699,0.18479585647583008,2.6457512378692627,0.6102839708328247,0.3897160291671753
survset:UnempDur,Weibull_AFT,5,46,1882,1.0,1,1.4142135381698608,0.6871240139007568,0.31287598609924316,1.7320507764816284,0.5641535520553589,0.4358464479446411,2.6457512378692627,0.2506862282752991,0.7493137717247009
survset:UnempDur,Weibull_AFT,5,46,1502,3.7416574954986572,0,1.4142135381698608,0.9104927778244019,0.08950722217559814,1.7320507764816284,0.866715133190155,0.13328486680984497,2.6457512378692627,0.7076980471611023,0.2923019528388977
survset:UnempDur,Weibull_AFT,5,46,3141,1.0,1,1.4142135381698608,0.6834850907325745,0.31651490926742554,1.7320507764816284,0.5596022009849548,0.44039779901504517,2.6457512378692627,0.24582596123218536,0.7541740387678146
survset:UnempDur,Weibull_AFT,5,46,1833,2.6457512378692627,1,1.4142135381698608,0.8679900765419006,0.13200992345809937,1.7320507764816284,0.8057575225830078,0.1942424774169922,2.6457512378692627,0.5933310985565186,0.40666890144348145
survset:UnempDur,Weibull_AFT,5,46,440,2.4494898319244385,0,1.4142135381698608,0.895781934261322,0.10421806573867798,1.7320507764816284,0.8454436659812927,0.15455633401870728,2.6457512378692627,0.6664453744888306,0.33355462551116943
survset:UnempDur,Weibull_AFT,5,46,2410,1.4142135381698608,1,1.4142135381698608,0.7153770923614502,0.2846229076385498,1.7320507764816284,0.5999200940132141,0.4000799059867859,2.6457512378692627,0.2908402681350708,0.7091597318649292
survset:UnempDur,Weibull_AFT,5,46,2406,1.7320507764816284,0,1.4142135381698608,0.8667547106742859,0.1332452893257141,1.7320507764816284,0.8040087223052979,0.19599127769470215,2.6457512378692627,0.5902234315872192,0.40977656841278076
survset:UnempDur,Weibull_AFT,5,46,1148,3.605551242828369,0,1.4142135381698608,0.904201328754425,0.09579867124557495,1.7320507764816284,0.8575955629348755,0.1424044370651245,2.6457512378692627,0.6898341774940491,0.3101658225059509
survset:UnempDur,Weibull_AFT,5,46,1608,3.7416574954986572,0,1.4142135381698608,0.8964200019836426,0.10357999801635742,1.7320507764816284,0.8463625311851501,0.15363746881484985,2.6457512378692627,0.6681973934173584,0.3318026065826416
survset:UnempDur,Weibull_AFT,5,46,995,4.582575798034668,1,1.4142135381698608,0.6686307787895203,0.33136922121047974,1.7320507764816284,0.5411555171012878,0.45884448289871216,2.6457512378692627,0.2266954779624939,0.7733045220375061
survset:UnempDur,Weibull_AFT,5,46,1941,2.2360680103302,0,1.4142135381698608,0.8723073601722717,0.12769263982772827,1.7320507764816284,0.8118793368339539,0.18812066316604614,2.6457512378692627,0.6042853593826294,0.3957146406173706
survset:UnempDur,Weibull_AFT,5,46,857,1.0,1,1.4142135381698608,0.740411639213562,0.259588360786438,1.7320507764816284,0.6322395205497742,0.36776047945022583,2.6457512378692627,0.3301667869091034,0.6698332130908966
survset:UnempDur,Weibull_AFT,5,46,1822,2.2360680103302,0,1.4142135381698608,0.8840088844299316,0.11599111557006836,1.7320507764816284,0.8285518288612366,0.17144817113876343,2.6457512378692627,0.6347163915634155,0.3652836084365845
survset:UnempDur,Weibull_AFT,5,46,1747,3.464101552963257,0,1.4142135381698608,0.8921900987625122,0.10780990123748779,1.7320507764816284,0.8402776718139648,0.15972232818603516,2.6457512378692627,0.6566454768180847,0.3433545231819153
survset:UnempDur,Weibull_AFT,5,46,287,4.690415859222412,1,1.4142135381698608,0.8854711055755615,0.11452889442443848,1.7320507764816284,0.8306434154510498,0.1693565845489502,2.6457512378692627,0.6385959386825562,0.36140406131744385
survset:UnempDur,Weibull_AFT,5,46,1170,2.2360680103302,0,1.4142135381698608,0.8687824606895447,0.13121753931045532,1.7320507764816284,0.8068798780441284,0.19312012195587158,2.6457512378692627,0.5953307151794434,0.40466928482055664
survset:UnempDur,Weibull_AFT,5,46,456,4.0,1,1.4142135381698608,0.8891555666923523,0.1108444333076477,1.7320507764816284,0.8359217643737793,0.1640782356262207,2.6457512378692627,0.6484482884407043,0.35155171155929565
survset:UnempDur,Weibull_AFT,5,46,2825,4.123105525970459,1,1.4142135381698608,0.7052701115608215,0.29472988843917847,1.7320507764816284,0.5870383977890015,0.41296160221099854,2.6457512378692627,0.2759750783443451,0.7240249216556549
survset:UnempDur,Weibull_AFT,5,46,142,1.7320507764816284,0,1.4142135381698608,0.7628891468048096,0.23711085319519043,1.7320507764816284,0.6617517471313477,0.33824825286865234,2.6457512378692627,0.36865684390068054,0.6313431560993195
survset:UnempDur,Weibull_AFT,5,46,2680,3.316624879837036,1,1.4142135381698608,0.8575658202171326,0.14243417978286743,1.7320507764816284,0.7910420894622803,0.20895791053771973,2.6457512378692627,0.5674788951873779,0.43252110481262207
survset:UnempDur,Weibull_AFT,5,46,2677,3.316624879837036,0,1.4142135381698608,0.8992621898651123,0.1007378101348877,1.7320507764816284,0.850459635257721,0.14954036474227905,2.6457512378692627,0.6760422587394714,0.32395774126052856
survset:UnempDur,Weibull_AFT,5,46,3108,2.4494898319244385,0,1.4142135381698608,0.8882087469100952,0.11179125308990479,1.7320507764816284,0.8345642685890198,0.16543573141098022,2.6457512378692627,0.6459059715270996,0.3540940284729004
survset:UnempDur,Weibull_AFT,5,46,428,2.4494898319244385,0,1.4142135381698608,0.9035744667053223,0.09642553329467773,1.7320507764816284,0.8566887974739075,0.14331120252609253,2.6457512378692627,0.6880725622177124,0.3119274377822876
survset:UnempDur,Weibull_AFT,5,46,80,2.6457512378692627,0,1.4142135381698608,0.8895533680915833,0.11044663190841675,1.7320507764816284,0.8364923596382141,0.1635076403617859,2.6457512378692627,0.6495185494422913,0.35048145055770874
survset:UnempDur,Weibull_AFT,5,46,918,1.4142135381698608,0,1.4142135381698608,0.9031147956848145,0.09688520431518555,1.7320507764816284,0.8560240268707275,0.14397597312927246,2.6457512378692627,0.686782717704773,0.31321728229522705
survset:UnempDur,Weibull_AFT,5,46,2860,3.7416574954986572,1,1.4142135381698608,0.9103006720542908,0.08969932794570923,1.7320507764816284,0.8664361238479614,0.13356387615203857,2.6457512378692627,0.7071475386619568,0.2928524613380432
survset:UnempDur,Weibull_AFT,5,46,3228,2.2360680103302,1,1.4142135381698608,0.9099453687667847,0.09005463123321533,1.7320507764816284,0.8659203052520752,0.1340796947479248,2.6457512378692627,0.7061304450035095,0.2938695549964905
survset:UnempDur,Weibull_AFT,5,46,797,1.7320507764816284,1,1.4142135381698608,0.6788113713264465,0.32118862867355347,1.7320507764816284,0.5537751913070679,0.44622480869293213,2.6457512378692627,0.23968470096588135,0.7603152990341187
survset:UnempDur,Weibull_AFT,5,46,413,3.316624879837036,0,1.4142135381698608,0.9148945212364197,0.08510547876358032,1.7320507764816284,0.8731151819229126,0.1268848180770874,2.6457512378692627,0.7203949689865112,0.27960503101348877
survset:UnempDur,Weibull_AFT,5,46,2123,2.4494898319244385,1,1.4142135381698608,0.9212672114372253,0.07873278856277466,1.7320507764816284,0.8824097514152527,0.11759024858474731,2.6457512378692627,0.7390703558921814,0.2609296441078186
survset:UnempDur,Weibull_AFT,5,46,2705,1.0,1,1.4142135381698608,0.6852542757987976,0.3147457242012024,1.7320507764816284,0.5618134140968323,0.4381865859031677,2.6457512378692627,0.24818024039268494,0.7518197596073151
survset:UnempDur,Weibull_AFT,5,46,2932,2.2360680103302,0,1.4142135381698608,0.654920756816864,0.345079243183136,1.7320507764816284,0.5243197679519653,0.47568023204803467,2.6457512378692627,0.21002337336540222,0.7899766266345978
survset:UnempDur,Weibull_AFT,5,46,2983,1.7320507764816284,0,1.4142135381698608,0.8943032026290894,0.10569679737091064,1.7320507764816284,0.8433155417442322,0.15668445825576782,2.6457512378692627,0.6623979806900024,0.33760201930999756
survset:UnempDur,Weibull_AFT,5,46,83,3.605551242828369,1,1.4142135381698608,0.8843529224395752,0.1156470775604248,1.7320507764816284,0.8290437459945679,0.17095625400543213,2.6457512378692627,0.6356275677680969,0.3643724322319031
survset:UnempDur,Weibull_AFT,5,46,763,1.0,1,1.4142135381698608,0.6667534112930298,0.3332465887069702,1.7320507764816284,0.5388392806053162,0.46116071939468384,2.6457512378692627,0.22435739636421204,0.775642603635788
survset:UnempDur,Weibull_AFT,5,46,1662,3.872983455657959,0,1.4142135381698608,0.8869452476501465,0.11305475234985352,1.7320507764816284,0.8327538967132568,0.16724610328674316,2.6457512378692627,0.6425246000289917,0.3574753999710083
survset:UnempDur,Weibull_AFT,5,46,539,5.099019527435303,1,1.4142135381698608,0.868462324142456,0.13153767585754395,1.7320507764816284,0.8064264059066772,0.19357359409332275,2.6457512378692627,0.59452223777771,0.40547776222229004
survset:UnempDur,Weibull_AFT,5,46,1834,1.7320507764816284,0,1.4142135381698608,0.8708677291870117,0.12913227081298828,1.7320507764816284,0.8098361492156982,0.19016385078430176,2.6457512378692627,0.6006162166595459,0.3993837833404541
survset:UnempDur,Weibull_AFT,5,46,909,1.4142135381698608,0,1.4142135381698608,0.896630048751831,0.10336995124816895,1.7320507764816284,0.84666508436203,0.15333491563796997,2.6457512378692627,0.6687749028205872,0.33122509717941284
survset:UnempDur,Weibull_AFT,5,46,3051,1.0,1,1.4142135381698608,0.7639394402503967,0.23606055974960327,1.7320507764816284,0.6631420850753784,0.3368579149246216,2.6457512378692627,0.37053170800209045,0.6294682919979095
survset:UnempDur,Weibull_AFT,5,46,2791,1.0,1,1.4142135381698608,0.7154674530029297,0.2845325469970703,1.7320507764816284,0.6000357270240784,0.39996427297592163,2.6457512378692627,0.29097577929496765,0.7090242207050323
survset:UnempDur,Weibull_AFT,5,46,243,4.582575798034668,0,1.4142135381698608,0.9107295274734497,0.08927047252655029,1.7320507764816284,0.8670589327812195,0.13294106721878052,2.6457512378692627,0.7083767652511597,0.29162323474884033
survset:UnempDur,Weibull_AFT,5,46,1825,3.1622776985168457,1,1.4142135381698608,0.8830851316452026,0.11691486835479736,1.7320507764816284,0.8272314071655273,0.17276859283447266,2.6457512378692627,0.6322742700576782,0.3677257299423218
survset:UnempDur,Weibull_AFT,5,46,2177,1.7320507764816284,0,1.4142135381698608,0.6847568154335022,0.3152431845664978,1.7320507764816284,0.5611913800239563,0.4388086199760437,2.6457512378692627,0.24751664698123932,0.7524833530187607
survset:UnempDur,Weibull_AFT,5,46,434,3.605551242828369,1,1.4142135381698608,0.893557608127594,0.106442391872406,1.7320507764816284,0.8422432541847229,0.1577567458152771,2.6457512378692627,0.6603641510009766,0.33963584899902344
survset:UnempDur,Weibull_AFT,5,46,522,2.4494898319244385,1,1.4142135381698608,0.6690093874931335,0.33099061250686646,1.7320507764816284,0.5416229963302612,0.45837700366973877,2.6457512378692627,0.22716908156871796,0.772830918431282
survset:UnempDur,Weibull_AFT,5,46,1934,3.0,0,1.4142135381698608,0.8672530651092529,0.13274693489074707,1.7320507764816284,0.804714024066925,0.19528597593307495,2.6457512378692627,0.5914756655693054,0.4085243344306946
survset:UnempDur,Weibull_AFT,5,46,474,1.0,1,1.4142135381698608,0.6689234375953674,0.33107656240463257,1.7320507764816284,0.5415168404579163,0.45848315954208374,2.6457512378692627,0.22706148028373718,0.7729385197162628
survset:UnempDur,Weibull_AFT,5,46,505,2.6457512378692627,0,1.4142135381698608,0.8772163987159729,0.1227836012840271,1.7320507764816284,0.8188595175743103,0.1811404824256897,2.6457512378692627,0.6169191598892212,0.3830808401107788
survset:UnempDur,Weibull_AFT,5,46,1220,1.4142135381698608,1,1.4142135381698608,0.6690407991409302,0.3309592008590698,1.7320507764816284,0.54166179895401,0.45833820104599,2.6457512378692627,0.22720840573310852,0.7727915942668915
survset:UnempDur,Weibull_AFT,5,46,523,2.2360680103302,1,1.4142135381698608,0.877773106098175,0.12222689390182495,1.7320507764816284,0.8196524977684021,0.1803475022315979,2.6457512378692627,0.6183640360832214,0.38163596391677856
survset:UnempDur,Weibull_AFT,5,46,584,2.8284270763397217,0,1.4142135381698608,0.8798540234565735,0.12014597654342651,1.7320507764816284,0.8226186037063599,0.17738139629364014,2.6457512378692627,0.6237863302230835,0.3762136697769165
survset:UnempDur,Weibull_AFT,5,46,1980,1.0,1,1.4142135381698608,0.7104519605636597,0.28954803943634033,1.7320507764816284,0.593630850315094,0.406369149684906,2.6457512378692627,0.2835254669189453,0.7164745330810547
survset:UnempDur,Weibull_AFT,5,46,2277,1.0,1,1.4142135381698608,0.6696875691413879,0.33031243085861206,1.7320507764816284,0.5424607992172241,0.4575392007827759,2.6457512378692627,0.22801931202411652,0.7719806879758835
survset:UnempDur,Weibull_AFT,5,46,3220,3.316624879837036,1,1.4142135381698608,0.9120254516601562,0.08797454833984375,1.7320507764816284,0.8689418435096741,0.13105815649032593,2.6457512378692627,0.7121005058288574,0.2878994941711426
survset:UnempDur,Weibull_AFT,5,46,2344,2.8284270763397217,1,1.4142135381698608,0.6898800730705261,0.3101199269294739,1.7320507764816284,0.5676091313362122,0.43239086866378784,2.6457512378692627,0.2544136643409729,0.7455863356590271
survset:UnempDur,Weibull_AFT,5,46,209,1.7320507764816284,1,1.4142135381698608,0.8669392466545105,0.1330607533454895,1.7320507764816284,0.8042698502540588,0.19573014974594116,2.6457512378692627,0.5906868577003479,0.4093131422996521
survset:UnempDur,Weibull_AFT,5,46,2048,5.196152210235596,0,1.4142135381698608,0.8944354057312012,0.10556459426879883,1.7320507764816284,0.8435057401657104,0.15649425983428955,2.6457512378692627,0.6627591848373413,0.3372408151626587
survset:UnempDur,Weibull_AFT,5,46,1217,2.6457512378692627,0,1.4142135381698608,0.9031890630722046,0.09681093692779541,1.7320507764816284,0.8561314344406128,0.1438685655593872,2.6457512378692627,0.6869910955429077,0.3130089044570923
survset:UnempDur,Weibull_AFT,5,46,2202,2.2360680103302,0,1.4142135381698608,0.8896592259407043,0.11034077405929565,1.7320507764816284,0.8366442322731018,0.1633557677268982,2.6457512378692627,0.649803638458252,0.35019636154174805
survset:UnempDur,Weibull_AFT,5,46,1385,3.872983455657959,0,1.4142135381698608,0.8911455273628235,0.10885447263717651,1.7320507764816284,0.8387774229049683,0.16122257709503174,2.6457512378692627,0.6538153290748596,0.3461846709251404
survset:UnempDur,Weibull_AFT,5,46,1384,1.7320507764816284,1,1.4142135381698608,0.8792739510536194,0.12072604894638062,1.7320507764816284,0.8217912912368774,0.17820870876312256,2.6457512378692627,0.6222712397575378,0.37772876024246216
survset:UnempDur,Weibull_AFT,5,46,2726,1.7320507764816284,0,1.4142135381698608,0.7212191820144653,0.27878081798553467,1.7320507764816284,0.6074098944664001,0.39259010553359985,2.6457512378692627,0.2996942102909088,0.7003057897090912
survset:UnempDur,Weibull_AFT,5,46,3077,1.4142135381698608,1,1.4142135381698608,0.7307994365692139,0.26920056343078613,1.7320507764816284,0.6197611689567566,0.3802388310432434,2.6457512378692627,0.31463634967803955,0.6853636503219604
survset:UnempDur,Weibull_AFT,5,46,1369,1.4142135381698608,1,1.4142135381698608,0.6924593448638916,0.3075406551361084,1.7320507764816284,0.570849597454071,0.42915040254592896,2.6457512378692627,0.257938414812088,0.742061585187912
survset:UnempDur,Weibull_AFT,5,46,546,3.0,0,1.4142135381698608,0.8833817839622498,0.11661821603775024,1.7320507764816284,0.8276553750038147,0.1723446249961853,2.6457512378692627,0.6330577731132507,0.36694222688674927
survset:UnempDur,Weibull_AFT,5,46,974,3.316624879837036,0,1.4142135381698608,0.9003851413726807,0.09961485862731934,1.7320507764816284,0.8520801663398743,0.14791983366012573,2.6457512378692627,0.6791600584983826,0.32083994150161743
survset:UnempDur,Weibull_AFT,5,46,3071,3.0,1,1.4142135381698608,0.8776774406433105,0.12232255935668945,1.7320507764816284,0.819516122341156,0.180483877658844,2.6457512378692627,0.6181154251098633,0.3818845748901367
survset:UnempDur,Weibull_AFT,5,46,1639,1.7320507764816284,1,1.4142135381698608,0.7239563465118408,0.2760436534881592,1.7320507764816284,0.6109300255775452,0.38906997442245483,2.6457512378692627,0.3039093613624573,0.6960906386375427
survset:UnempDur,Weibull_AFT,5,46,228,4.123105525970459,0,1.4142135381698608,0.8949875235557556,0.10501247644424438,1.7320507764816284,0.8443002104759216,0.15569978952407837,2.6457512378692627,0.6642688512802124,0.3357311487197876
survset:UnempDur,Weibull_AFT,5,46,1784,3.7416574954986572,1,1.4142135381698608,0.7234394550323486,0.27656054496765137,1.7320507764816284,0.6102647185325623,0.38973528146743774,2.6457512378692627,0.3031100630760193,0.6968899369239807
survset:UnempDur,Weibull_AFT,5,46,2569,1.4142135381698608,1,1.4142135381698608,0.7049121260643005,0.29508787393569946,1.7320507764816284,0.5865839123725891,0.4134160876274109,2.6457512378692627,0.2754589021205902,0.7245410978794098
survset:UnempDur,Weibull_AFT,5,46,2080,2.4494898319244385,0,1.4142135381698608,0.8763529062271118,0.12364709377288818,1.7320507764816284,0.8176302909851074,0.18236970901489258,2.6457512378692627,0.6146830916404724,0.3853169083595276
survset:UnempDur,Weibull_AFT,5,46,173,2.6457512378692627,0,1.4142135381698608,0.8737412095069885,0.12625879049301147,1.7320507764816284,0.813916027545929,0.18608397245407104,2.6457512378692627,0.607955813407898,0.39204418659210205
survset:UnempDur,Weibull_AFT,5,46,2400,1.4142135381698608,1,1.4142135381698608,0.8787103295326233,0.12128967046737671,1.7320507764816284,0.82098788022995,0.17901211977005005,2.6457512378692627,0.6208018064498901,0.37919819355010986
survset:UnempDur,Weibull_AFT,5,46,3116,1.7320507764816284,1,1.4142135381698608,0.9287202954292297,0.07127970457077026,1.7320507764816284,0.8933230042457581,0.10667699575424194,2.6457512378692627,0.7613568305969238,0.23864316940307617
survset:UnempDur,Weibull_AFT,5,46,1535,1.4142135381698608,0,1.4142135381698608,0.8739615082740784,0.12603849172592163,1.7320507764816284,0.8142290711402893,0.1857709288597107,2.6457512378692627,0.6085211634635925,0.39147883653640747
survset:UnempDur,Weibull_AFT,5,46,2603,1.0,1,1.4142135381698608,0.7033217549324036,0.29667824506759644,1.7320507764816284,0.5845662951469421,0.41543370485305786,2.6457512378692627,0.2731744945049286,0.7268255054950714
survset:UnempDur,Weibull_AFT,5,46,1560,1.4142135381698608,1,1.4142135381698608,0.7185816764831543,0.2814183235168457,1.7320507764816284,0.6040245294570923,0.3959754705429077,2.6457512378692627,0.2956729829311371,0.7043270170688629
survset:UnempDur,Weibull_AFT,5,46,750,1.4142135381698608,0,1.4142135381698608,0.9003112316131592,0.09968876838684082,1.7320507764816284,0.8519735336303711,0.1480264663696289,2.6457512378692627,0.6789546012878418,0.3210453987121582
survset:UnempDur,Weibull_AFT,5,46,1966,3.0,0,1.4142135381698608,0.9099887013435364,0.09001129865646362,1.7320507764816284,0.865983247756958,0.134016752243042,2.6457512378692627,0.7062545418739319,0.2937454581260681
survset:UnempDur,Weibull_AFT,5,46,1394,1.0,1,1.4142135381698608,0.7031530737876892,0.2968469262123108,1.7320507764816284,0.584352433681488,0.41564756631851196,2.6457512378692627,0.2729329764842987,0.7270670235157013
survset:UnempDur,Weibull_AFT,5,46,1603,2.2360680103302,1,1.4142135381698608,0.7408901453018188,0.25910985469818115,1.7320507764816284,0.6328628659248352,0.3671371340751648,2.6457512378692627,0.3309541642665863,0.6690458357334137
survset:UnempDur,Weibull_AFT,5,46,2153,1.4142135381698608,1,1.4142135381698608,0.6739255785942078,0.32607442140579224,1.7320507764816284,0.5477063059806824,0.4522936940193176,2.6457512378692627,0.2333851456642151,0.7666148543357849
survset:UnempDur,Weibull_AFT,5,46,150,5.291502475738525,0,1.4142135381698608,0.8861525654792786,0.11384743452072144,1.7320507764816284,0.8316188454627991,0.16838115453720093,2.6457512378692627,0.6404099464416504,0.3595900535583496
survset:UnempDur,Weibull_AFT,5,46,1471,2.0,0,1.4142135381698608,0.8718187212944031,0.12818127870559692,1.7320507764816284,0.8111855983734131,0.18881440162658691,2.6457512378692627,0.6030380725860596,0.39696192741394043
survset:UnempDur,Weibull_AFT,5,46,1498,1.4142135381698608,1,1.4142135381698608,0.7430265545845032,0.2569734454154968,1.7320507764816284,0.6356489062309265,0.3643510937690735,2.6457512378692627,0.33448660373687744,0.6655133962631226
survset:UnempDur,Weibull_AFT,5,46,88,1.7320507764816284,1,1.4142135381698608,0.919514536857605,0.08048546314239502,1.7320507764816284,0.8798501491546631,0.12014985084533691,2.6457512378692627,0.7338994145393372,0.26610058546066284
survset:UnempDur,Weibull_AFT,5,46,607,1.4142135381698608,1,1.4142135381698608,0.6708192229270935,0.3291807770729065,1.7320507764816284,0.5438598394393921,0.4561401605606079,2.6457512378692627,0.2294432818889618,0.7705567181110382
survset:UnempDur,Weibull_AFT,5,46,477,5.196152210235596,1,1.4142135381698608,0.868314802646637,0.13168519735336304,1.7320507764816284,0.8062174320220947,0.19378256797790527,2.6457512378692627,0.5941500067710876,0.40584999322891235
survset:UnempDur,Weibull_AFT,5,46,3023,1.0,1,1.4142135381698608,0.6523440480232239,0.3476559519767761,1.7320507764816284,0.5211761593818665,0.47882384061813354,2.6457512378692627,0.2069927603006363,0.7930072396993637
survset:UnempDur,Weibull_AFT,5,46,144,3.872983455657959,0,1.4142135381698608,0.8875917792320251,0.11240822076797485,1.7320507764816284,0.8336800932884216,0.16631990671157837,2.6457512378692627,0.6442531943321228,0.3557468056678772
survset:UnempDur,Weibull_AFT,5,46,704,2.2360680103302,1,1.4142135381698608,0.6820462346076965,0.31795376539230347,1.7320507764816284,0.5578060746192932,0.4421939253807068,2.6457512378692627,0.24392323195934296,0.756076768040657
survset:UnempDur,Weibull_AFT,5,46,2142,1.4142135381698608,1,1.4142135381698608,0.6967884302139282,0.3032115697860718,1.7320507764816284,0.5763027667999268,0.42369723320007324,2.6457512378692627,0.26393425464630127,0.7360657453536987
survset:UnempDur,Weibull_AFT,5,46,691,1.7320507764816284,1,1.4142135381698608,0.8733944296836853,0.1266055703163147,1.7320507764816284,0.813423216342926,0.18657678365707397,2.6457512378692627,0.6070665121078491,0.3929334878921509
survset:UnempDur,Weibull_AFT,5,46,1295,1.7320507764816284,0,1.4142135381698608,0.868276834487915,0.13172316551208496,1.7320507764816284,0.8061636686325073,0.19383633136749268,2.6457512378692627,0.5940542221069336,0.4059457778930664
survset:UnempDur,Weibull_AFT,5,46,2393,2.0,0,1.4142135381698608,0.9083406329154968,0.09165936708450317,1.7320507764816284,0.8635917901992798,0.13640820980072021,2.6457512378692627,0.7015497088432312,0.2984502911567688
survset:UnempDur,Weibull_AFT,5,46,1767,1.0,1,1.4142135381698608,0.751646876335144,0.24835312366485596,1.7320507764816284,0.6469330787658691,0.35306692123413086,2.6457512378692627,0.34901928901672363,0.6509807109832764
survset:UnempDur,Weibull_AFT,5,46,1215,1.7320507764816284,0,1.4142135381698608,0.6967170834541321,0.3032829165458679,1.7320507764816284,0.5762127637863159,0.4237872362136841,2.6457512378692627,0.2638346254825592,0.7361653745174408
survset:UnempDur,Weibull_AFT,5,46,355,4.4721360206604,0,1.4142135381698608,0.8883382081985474,0.11166179180145264,1.7320507764816284,0.8347498178482056,0.16525018215179443,2.6457512378692627,0.6462530493736267,0.3537469506263733
survset:UnempDur,Weibull_AFT,5,46,2884,1.4142135381698608,0,1.4142135381698608,0.8584675192832947,0.14153248071670532,1.7320507764816284,0.7923113703727722,0.20768862962722778,2.6457512378692627,0.5696821212768555,0.43031787872314453
survset:UnempDur,Weibull_AFT,5,46,2004,2.0,0,1.4142135381698608,0.6755489706993103,0.3244510293006897,1.7320507764816284,0.5497203469276428,0.4502796530723572,2.6457512378692627,0.23546478152275085,0.7645352184772491
survset:UnempDur,Weibull_AFT,5,46,1337,4.358899116516113,1,1.4142135381698608,0.8806742429733276,0.11932575702667236,1.7320507764816284,0.8237886428833008,0.17621135711669922,2.6457512378692627,0.625933051109314,0.37406694889068604
survset:UnempDur,Weibull_AFT,5,46,520,2.0,1,1.4142135381698608,0.6641960740089417,0.33580392599105835,1.7320507764816284,0.535689651966095,0.46431034803390503,2.6457512378692627,0.2212008386850357,0.7787991613149643
survset:UnempDur,Weibull_AFT,5,46,1257,1.7320507764816284,0,1.4142135381698608,0.9053718447685242,0.09462815523147583,1.7320507764816284,0.8592897653579712,0.1407102346420288,2.6457512378692627,0.6931326985359192,0.3068673014640808
survset:UnempDur,Weibull_AFT,5,46,921,2.4494898319244385,0,1.4142135381698608,0.6919354200363159,0.3080645799636841,1.7320507764816284,0.5701909065246582,0.4298090934753418,2.6457512378692627,0.2572196125984192,0.7427803874015808
survset:UnempDur,Weibull_AFT,5,46,2481,2.8284270763397217,0,1.4142135381698608,0.9269164204597473,0.07308357954025269,1.7320507764816284,0.8906773924827576,0.10932260751724243,2.6457512378692627,0.7559183835983276,0.24408161640167236
survset:UnempDur,Weibull_AFT,5,46,1191,1.0,1,1.4142135381698608,0.641454815864563,0.358545184135437,1.7320507764816284,0.5079630613327026,0.49203693866729736,2.6457512378692627,0.1945360004901886,0.8054639995098114
survset:UnempDur,Weibull_AFT,5,46,896,1.7320507764816284,1,1.4142135381698608,0.8797963857650757,0.12020361423492432,1.7320507764816284,0.8225363492965698,0.17746365070343018,2.6457512378692627,0.6236356496810913,0.3763643503189087
survset:UnempDur,Weibull_AFT,5,46,2292,2.2360680103302,1,1.4142135381698608,0.6767993569374084,0.32320064306259155,1.7320507764816284,0.5512732267379761,0.4487267732620239,2.6457512378692627,0.23707570135593414,0.7629242986440659
survset:UnempDur,Weibull_AFT,5,46,3210,1.7320507764816284,1,1.4142135381698608,0.9027397632598877,0.0972602367401123,1.7320507764816284,0.8554818034172058,0.1445181965827942,2.6457512378692627,0.685731828212738,0.31426817178726196
survset:UnempDur,Weibull_AFT,5,46,1711,2.2360680103302,1,1.4142135381698608,0.6939374804496765,0.3060625195503235,1.7320507764816284,0.5727095603942871,0.4272904396057129,2.6457512378692627,0.2599743902683258,0.7400256097316742
survset:UnempDur,Weibull_AFT,5,46,2465,3.872983455657959,0,1.4142135381698608,0.8886507749557495,0.11134922504425049,1.7320507764816284,0.8351979851722717,0.16480201482772827,2.6457512378692627,0.6470919847488403,0.35290801525115967
survset:UnempDur,Weibull_AFT,5,46,72,3.0,0,1.4142135381698608,0.8450154662132263,0.15498453378677368,1.7320507764816284,0.7734498381614685,0.2265501618385315,2.6457512378692627,0.5374547243118286,0.4625452756881714
survset:UnempDur,Weibull_AFT,5,46,1865,1.0,1,1.4142135381698608,0.6874000430107117,0.31259995698928833,1.7320507764816284,0.5644993185997009,0.4355006814002991,2.6457512378692627,0.2510577440261841,0.7489422559738159
survset:UnempDur,Weibull_AFT,5,46,1247,1.7320507764816284,0,1.4142135381698608,0.8890657424926758,0.11093425750732422,1.7320507764816284,0.8357930183410645,0.16420698165893555,2.6457512378692627,0.6482068300247192,0.35179316997528076
survset:UnempDur,Weibull_AFT,5,46,810,1.7320507764816284,1,1.4142135381698608,0.7546574473381042,0.24534255266189575,1.7320507764816284,0.650890052318573,0.349109947681427,2.6457512378692627,0.35420137643814087,0.6457986235618591
survset:UnempDur,Weibull_AFT,5,46,2721,1.4142135381698608,0,1.4142135381698608,0.6750630736351013,0.3249369263648987,1.7320507764816284,0.5491172075271606,0.45088279247283936,2.6457512378692627,0.23484089970588684,0.7651591002941132
survset:UnempDur,Weibull_AFT,5,46,63,2.0,1,1.4142135381698608,0.7284383177757263,0.2715616822242737,1.7320507764816284,0.6167091131210327,0.3832908868789673,2.6457512378692627,0.31090444326400757,0.6890955567359924
survset:UnempDur,Weibull_AFT,5,46,337,2.6457512378692627,0,1.4142135381698608,0.8761113286018372,0.12388867139816284,1.7320507764816284,0.8172864317893982,0.1827135682106018,2.6457512378692627,0.6140585541725159,0.38594144582748413
survset:UnempDur,Weibull_AFT,5,46,848,4.0,0,1.4142135381698608,0.6896347999572754,0.3103652000427246,1.7320507764816284,0.567301332950592,0.43269866704940796,2.6457512378692627,0.25408032536506653,0.7459196746349335
survset:UnempDur,Weibull_AFT,5,46,2276,2.0,1,1.4142135381698608,0.6593026518821716,0.34069734811782837,1.7320507764816284,0.5296807289123535,0.4703192710876465,2.6457512378692627,0.21525126695632935,0.7847487330436707
survset:UnempDur,Weibull_AFT,5,46,463,1.0,1,1.4142135381698608,0.711185097694397,0.288814902305603,1.7320507764816284,0.5945655703544617,0.40543442964553833,2.6457512378692627,0.2846057415008545,0.7153942584991455
survset:UnempDur,Weibull_AFT,5,46,376,2.2360680103302,0,1.4142135381698608,0.9164344668388367,0.08356553316116333,1.7320507764816284,0.8753581643104553,0.12464183568954468,2.6457512378692627,0.7248760461807251,0.2751239538192749
survset:UnempDur,Weibull_AFT,5,46,2924,1.7320507764816284,1,1.4142135381698608,0.6959633827209473,0.30403661727905273,1.7320507764816284,0.5752621293067932,0.4247378706932068,2.6457512378692627,0.26278382539749146,0.7372161746025085
survset:UnempDur,Weibull_AFT,5,46,77,1.7320507764816284,1,1.4142135381698608,0.906683623790741,0.09331637620925903,1.7320507764816284,0.8611897230148315,0.13881027698516846,2.6457512378692627,0.6968426704406738,0.30315732955932617
survset:UnempDur,Weibull_AFT,5,46,2003,2.2360680103302,1,1.4142135381698608,0.6726909279823303,0.3273090720176697,1.7320507764816284,0.5461763739585876,0.45382362604141235,2.6457512378692627,0.2318125218153,0.7681874781847
survset:UnempDur,Weibull_AFT,5,46,218,1.0,1,1.4142135381698608,0.9009369611740112,0.09906303882598877,1.7320507764816284,0.8528769612312317,0.1471230387687683,2.6457512378692627,0.6806960701942444,0.3193039298057556
survset:UnempDur,Weibull_AFT,5,46,2711,2.0,1,1.4142135381698608,0.6997056007385254,0.3002943992614746,1.7320507764816284,0.5799874663352966,0.42001253366470337,2.6457512378692627,0.26803141832351685,0.7319685816764832
survset:UnempDur,Weibull_AFT,5,46,2428,2.8284270763397217,1,1.4142135381698608,0.8871806263923645,0.1128193736076355,1.7320507764816284,0.8330910801887512,0.16690891981124878,2.6457512378692627,0.6431536078453064,0.3568463921546936
survset:UnempDur,Weibull_AFT,5,46,1066,2.8284270763397217,0,1.4142135381698608,0.9136495590209961,0.0863504409790039,1.7320507764816284,0.8713034391403198,0.12869656085968018,2.6457512378692627,0.7167871594429016,0.2832128405570984
survset:UnempDur,Weibull_AFT,5,46,853,1.4142135381698608,1,1.4142135381698608,0.6648187637329102,0.33518123626708984,1.7320507764816284,0.5364560484886169,0.46354395151138306,2.6457512378692627,0.2219664752483368,0.7780335247516632
survset:UnempDur,Weibull_AFT,5,46,1541,3.1622776985168457,0,1.4142135381698608,0.882695734500885,0.11730426549911499,1.7320507764816284,0.8266749382019043,0.1733250617980957,2.6457512378692627,0.6312468647956848,0.3687531352043152
survset:UnempDur,Weibull_AFT,5,46,781,2.6457512378692627,1,1.4142135381698608,0.8584139943122864,0.14158600568771362,1.7320507764816284,0.7922359704971313,0.20776402950286865,2.6457512378692627,0.5695511102676392,0.43044888973236084
survset:UnempDur,Weibull_AFT,5,46,1971,1.4142135381698608,0,1.4142135381698608,0.8850901126861572,0.11490988731384277,1.7320507764816284,0.8300982117652893,0.1699017882347107,2.6457512378692627,0.637583315372467,0.36241668462753296
survset:UnempDur,Weibull_AFT,5,46,837,2.6457512378692627,1,1.4142135381698608,0.8781450390815735,0.12185496091842651,1.7320507764816284,0.8201822638511658,0.17981773614883423,2.6457512378692627,0.6193305253982544,0.3806694746017456
survset:UnempDur,Weibull_AFT,5,46,1820,3.7416574954986572,1,1.4142135381698608,0.6724430322647095,0.3275569677352905,1.7320507764816284,0.5458693504333496,0.4541306495666504,2.6457512378692627,0.23149773478507996,0.76850226521492
survset:UnempDur,Weibull_AFT,5,46,1349,2.6457512378692627,1,1.4142135381698608,0.7159218192100525,0.2840781807899475,1.7320507764816284,0.6006170511245728,0.39938294887542725,2.6457512378692627,0.29165762662887573,0.7083423733711243
survset:UnempDur,Weibull_AFT,5,46,1915,2.6457512378692627,1,1.4142135381698608,0.6441256403923035,0.35587435960769653,1.7320507764816284,0.511193037033081,0.48880696296691895,2.6457512378692627,0.197539284825325,0.802460715174675
survset:UnempDur,Weibull_AFT,5,46,430,1.0,1,1.4142135381698608,0.8678885698318481,0.13211143016815186,1.7320507764816284,0.8056138157844543,0.19438618421554565,2.6457512378692627,0.5930753946304321,0.40692460536956787
survset:UnempDur,Weibull_AFT,5,46,821,1.0,1,1.4142135381698608,0.7253503799438477,0.27464962005615234,1.7320507764816284,0.6127254962921143,0.38727450370788574,2.6457512378692627,0.3060725927352905,0.6939274072647095
survset:UnempDur,Weibull_AFT,5,46,298,1.4142135381698608,0,1.4142135381698608,0.6686961054801941,0.3313038945198059,1.7320507764816284,0.5412361025810242,0.45876389741897583,2.6457512378692627,0.2267770916223526,0.7732229083776474
survset:UnempDur,Weibull_AFT,5,46,2586,5.196152210235596,0,1.4142135381698608,0.924780547618866,0.07521945238113403,1.7320507764816284,0.8875483870506287,0.11245161294937134,2.6457512378692627,0.7495158910751343,0.2504841089248657
survset:UnempDur,Weibull_AFT,5,46,2444,2.2360680103302,1,1.4142135381698608,0.7246205806732178,0.2753794193267822,1.7320507764816284,0.6117852926254272,0.38821470737457275,2.6457512378692627,0.3049387037754059,0.6950612962245941
survset:UnempDur,Weibull_AFT,5,46,636,1.7320507764816284,0,1.4142135381698608,0.9136344790458679,0.08636552095413208,1.7320507764816284,0.8712814450263977,0.1287185549736023,2.6457512378692627,0.716743528842926,0.283256471157074
survset:UnempDur,Weibull_AFT,5,46,863,1.4142135381698608,1,1.4142135381698608,0.685295045375824,0.314704954624176,1.7320507764816284,0.56186443567276,0.43813556432724,2.6457512378692627,0.24823474884033203,0.751765251159668
survset:UnempDur,Weibull_AFT,5,46,1658,2.6457512378692627,1,1.4142135381698608,0.6722553968429565,0.32774460315704346,1.7320507764816284,0.5456370115280151,0.45436298847198486,2.6457512378692627,0.23125964403152466,0.7687403559684753
survset:UnempDur,Weibull_AFT,5,46,646,2.0,1,1.4142135381698608,0.6728041768074036,0.32719582319259644,1.7320507764816284,0.5463166832923889,0.4536833167076111,2.6457512378692627,0.23195649683475494,0.7680435031652451
survset:UnempDur,Weibull_AFT,5,46,1594,1.7320507764816284,1,1.4142135381698608,0.7573258280754089,0.24267417192459106,1.7320507764816284,0.6544042229652405,0.3455957770347595,2.6457512378692627,0.3588411808013916,0.6411588191986084
survset:UnempDur,Weibull_AFT,5,46,2232,1.4142135381698608,1,1.4142135381698608,0.6729017496109009,0.3270982503890991,1.7320507764816284,0.5464375019073486,0.45356249809265137,2.6457512378692627,0.23208053410053253,0.7679194658994675
survset:UnempDur,Weibull_AFT,5,46,2092,2.2360680103302,1,1.4142135381698608,0.6779443621635437,0.3220556378364563,1.7320507764816284,0.5526965856552124,0.4473034143447876,2.6457512378692627,0.23855790495872498,0.761442095041275
survset:UnempDur,Weibull_AFT,5,46,3215,2.6457512378692627,1,1.4142135381698608,0.8851378560066223,0.11486214399337769,1.7320507764816284,0.8301665782928467,0.16983342170715332,2.6457512378692627,0.6377102732658386,0.3622897267341614
survset:UnempDur,Weibull_AFT,5,46,716,2.6457512378692627,1,1.4142135381698608,0.9038674235343933,0.09613257646560669,1.7320507764816284,0.8571125268936157,0.14288747310638428,2.6457512378692627,0.6888954043388367,0.31110459566116333
survset:UnempDur,Weibull_AFT,5,46,2260,3.316624879837036,1,1.4142135381698608,0.8863730430603027,0.11362695693969727,1.7320507764816284,0.8319344520568848,0.16806554794311523,2.6457512378692627,0.640997588634491,0.35900241136550903
survset:UnempDur,Weibull_AFT,5,46,1847,3.464101552963257,1,1.4142135381698608,0.8790964484214783,0.12090355157852173,1.7320507764816284,0.8215382695198059,0.1784617304801941,2.6457512378692627,0.6218082308769226,0.3781917691230774
survset:UnempDur,Weibull_AFT,5,46,2577,2.2360680103302,0,1.4142135381698608,0.9063234925270081,0.09367650747299194,1.7320507764816284,0.8606679439544678,0.13933205604553223,2.6457512378692627,0.6958225965499878,0.3041774034500122
survset:UnempDur,Weibull_AFT,5,46,1843,2.2360680103302,0,1.4142135381698608,0.8746474385261536,0.12535256147384644,1.7320507764816284,0.8152041435241699,0.18479585647583008,2.6457512378692627,0.6102839708328247,0.3897160291671753
survset:UnempDur,Weibull_AFT,5,46,3037,2.4494898319244385,0,1.4142135381698608,0.6583240628242493,0.34167593717575073,1.7320507764816284,0.5284819006919861,0.4715180993080139,2.6457512378692627,0.21407565474510193,0.7859243452548981
survset:UnempDur,Weibull_AFT,5,46,3191,2.2360680103302,1,1.4142135381698608,0.6797900199890137,0.32020998001098633,1.7320507764816284,0.5549936294555664,0.4450063705444336,2.6457512378692627,0.24096131324768066,0.7590386867523193
survset:UnempDur,Weibull_AFT,5,46,2956,2.0,1,1.4142135381698608,0.8911433219909668,0.1088566780090332,1.7320507764816284,0.8387742638587952,0.16122573614120483,2.6457512378692627,0.6538093686103821,0.3461906313896179
survset:UnempDur,Weibull_AFT,5,46,3131,2.4494898319244385,0,1.4142135381698608,0.884390115737915,0.11560988426208496,1.7320507764816284,0.8290969729423523,0.1709030270576477,2.6457512378692627,0.6357261538505554,0.3642738461494446
survset:UnempDur,Weibull_AFT,5,46,2982,2.2360680103302,0,1.4142135381698608,0.899783194065094,0.100216805934906,1.7320507764816284,0.8512113094329834,0.1487886905670166,2.6457512378692627,0.6774874329566956,0.32251256704330444
survset:UnempDur,Weibull_AFT,5,46,527,2.8284270763397217,1,1.4142135381698608,0.8857676386833191,0.11423236131668091,1.7320507764816284,0.8310677409172058,0.1689322590827942,2.6457512378692627,0.6393847465515137,0.36061525344848633
survset:UnempDur,Weibull_AFT,5,46,2542,1.4142135381698608,1,1.4142135381698608,0.8734289407730103,0.12657105922698975,1.7320507764816284,0.813472330570221,0.18652766942977905,2.6457512378692627,0.6071550846099854,0.39284491539001465
survset:UnempDur,Weibull_AFT,5,46,2184,2.6457512378692627,1,1.4142135381698608,0.913154125213623,0.08684587478637695,1.7320507764816284,0.8705827593803406,0.12941724061965942,2.6457512378692627,0.7153550982475281,0.2846449017524719
survset:UnempDur,Weibull_AFT,5,46,1543,1.0,1,1.4142135381698608,0.6873888373374939,0.3126111626625061,1.7320507764816284,0.5644852519035339,0.43551474809646606,2.6457512378692627,0.2510426342487335,0.7489573657512665
survset:UnempDur,Weibull_AFT,5,46,551,1.0,1,1.4142135381698608,0.6671490669250488,0.33285093307495117,1.7320507764816284,0.5393271446228027,0.46067285537719727,2.6457512378692627,0.224848672747612,0.775151327252388
survset:UnempDur,Weibull_AFT,5,46,2783,2.2360680103302,1,1.4142135381698608,0.9126768112182617,0.08732318878173828,1.7320507764816284,0.8698886036872864,0.13011139631271362,2.6457512378692627,0.7139772772789001,0.28602272272109985
survset:UnempDur,Weibull_AFT,5,46,1287,1.0,1,1.4142135381698608,0.6461212038993835,0.35387879610061646,1.7320507764816284,0.5136109590530396,0.48638904094696045,2.6457512378692627,0.1998051404953003,0.8001948595046997
survset:UnempDur,Weibull_AFT,5,46,1632,1.0,1,1.4142135381698608,0.6977291107177734,0.30227088928222656,1.7320507764816284,0.5774900317192078,0.42250996828079224,2.6457512378692627,0.26525041460990906,0.7347495853900909
survset:UnempDur,Weibull_AFT,5,46,3163,1.0,1,1.4142135381698608,0.673765242099762,0.32623475790023804,1.7320507764816284,0.5475075840950012,0.4524924159049988,2.6457512378692627,0.23318053781986237,0.7668194621801376
survset:UnempDur,Weibull_AFT,5,46,2676,2.2360680103302,1,1.4142135381698608,0.8833414316177368,0.11665856838226318,1.7320507764816284,0.8275976777076721,0.17240232229232788,2.6457512378692627,0.6329511404037476,0.36704885959625244
survset:UnempDur,Weibull_AFT,5,46,2008,2.6457512378692627,0,1.4142135381698608,0.8739760518074036,0.12602394819259644,1.7320507764816284,0.8142496943473816,0.1857503056526184,2.6457512378692627,0.6085584163665771,0.39144158363342285
survset:UnempDur,Weibull_AFT,5,46,2343,1.7320507764816284,1,1.4142135381698608,0.8667535185813904,0.13324648141860962,1.7320507764816284,0.8040070533752441,0.19599294662475586,2.6457512378692627,0.5902204513549805,0.40977954864501953
survset:UnempDur,Weibull_AFT,5,46,1746,5.196152210235596,0,1.4142135381698608,0.9076306223869324,0.09236937761306763,1.7320507764816284,0.8625622987747192,0.13743770122528076,2.6457512378692627,0.6995300650596619,0.30046993494033813
survset:UnempDur,Weibull_AFT,5,46,1616,1.0,1,1.4142135381698608,0.6925637125968933,0.3074362874031067,1.7320507764816284,0.5709809064865112,0.42901909351348877,2.6457512378692627,0.2580817937850952,0.7419182062149048
survset:UnempDur,Weibull_AFT,5,46,2874,1.0,1,1.4142135381698608,0.6749875545501709,0.3250124454498291,1.7320507764816284,0.5490235090255737,0.45097649097442627,2.6457512378692627,0.23474405705928802,0.765255942940712
survset:UnempDur,Weibull_AFT,5,46,2763,1.0,1,1.4142135381698608,0.6846723556518555,0.31532764434814453,1.7320507764816284,0.5610857605934143,0.4389142394065857,2.6457512378692627,0.2474040687084198,0.7525959312915802
survset:UnempDur,Weibull_AFT,5,46,196,1.7320507764816284,1,1.4142135381698608,0.6753436923027039,0.32465630769729614,1.7320507764816284,0.5494654774665833,0.45053452253341675,2.6457512378692627,0.23520103096961975,0.7647989690303802
survset:UnempDur,Weibull_AFT,5,46,3160,1.0,1,1.4142135381698608,0.6595708131790161,0.3404291868209839,1.7320507764816284,0.5300094485282898,0.4699905514717102,2.6457512378692627,0.2155742645263672,0.7844257354736328
survset:UnempDur,Weibull_AFT,5,46,657,3.316624879837036,1,1.4142135381698608,0.8918115496635437,0.1081884503364563,1.7320507764816284,0.839733898639679,0.16026610136032104,2.6457512378692627,0.6556187868118286,0.3443812131881714
survset:UnempDur,Weibull_AFT,5,46,1006,2.6457512378692627,0,1.4142135381698608,0.6982366442680359,0.3017633557319641,1.7320507764816284,0.5781310200691223,0.4218689799308777,2.6457512378692627,0.26596251130104065,0.7340374886989594
survset:UnempDur,Weibull_AFT,5,46,3186,1.4142135381698608,1,1.4142135381698608,0.7093632221221924,0.2906367778778076,1.7320507764816284,0.5922436714172363,0.40775632858276367,2.6457512378692627,0.2819267809391022,0.7180732190608978
survset:UnempDur,Weibull_AFT,5,46,3014,2.2360680103302,0,1.4142135381698608,0.7544657588005066,0.2455342411994934,1.7320507764816284,0.6506378054618835,0.34936219453811646,2.6457512378692627,0.3538697063922882,0.6461302936077118
survset:UnempDur,Weibull_AFT,5,46,2497,1.7320507764816284,0,1.4142135381698608,0.6560385823249817,0.3439614176750183,1.7320507764816284,0.5256855487823486,0.47431445121765137,2.6457512378692627,0.21134811639785767,0.7886518836021423
survset:UnempDur,Weibull_AFT,5,46,714,3.316624879837036,1,1.4142135381698608,0.6764057874679565,0.32359421253204346,1.7320507764816284,0.5507842302322388,0.44921576976776123,2.6457512378692627,0.23656776547431946,0.7634322345256805
survset:UnempDur,Weibull_AFT,5,46,2592,2.0,0,1.4142135381698608,0.869652509689331,0.13034749031066895,1.7320507764816284,0.8081128597259521,0.19188714027404785,2.6457512378692627,0.5975318551063538,0.40246814489364624
survset:UnempDur,Weibull_AFT,5,46,813,4.123105525970459,0,1.4142135381698608,0.8864326477050781,0.11356735229492188,1.7320507764816284,0.8320198059082031,0.16798019409179688,2.6457512378692627,0.6411564946174622,0.35884350538253784
survset:UnempDur,Weibull_AFT,5,46,945,1.4142135381698608,1,1.4142135381698608,0.8609075546264648,0.13909244537353516,1.7320507764816284,0.795749306678772,0.20425069332122803,2.6457512378692627,0.5756751894950867,0.42432481050491333
survset:UnempDur,Weibull_AFT,5,46,2715,2.2360680103302,1,1.4142135381698608,0.6737072467803955,0.3262927532196045,1.7320507764816284,0.5474357008934021,0.4525642991065979,2.6457512378692627,0.23310650885105133,0.7668934911489487
survset:UnempDur,Weibull_AFT,5,46,2475,1.4142135381698608,0,1.4142135381698608,0.7452331185340881,0.25476688146591187,1.7320507764816284,0.6385308504104614,0.3614691495895386,2.6457512378692627,0.33816373348236084,0.6618362665176392
survset:UnempDur,Weibull_AFT,5,46,2022,1.0,1,1.4142135381698608,0.8897231221199036,0.11027687788009644,1.7320507764816284,0.8367359042167664,0.16326409578323364,2.6457512378692627,0.6499757170677185,0.3500242829322815
survset:UnempDur,Weibull_AFT,5,46,849,4.4721360206604,0,1.4142135381698608,0.89361971616745,0.10638028383255005,1.7320507764816284,0.8423325419425964,0.15766745805740356,2.6457512378692627,0.6605333685874939,0.3394666314125061
survset:UnempDur,Weibull_AFT,5,46,1451,3.0,0,1.4142135381698608,0.8641642332077026,0.13583576679229736,1.7320507764816284,0.8003458976745605,0.19965410232543945,2.6457512378692627,0.5837454199790955,0.41625458002090454
survset:UnempDur,Weibull_AFT,5,46,1573,2.6457512378692627,0,1.4142135381698608,0.6535195708274841,0.34648042917251587,1.7320507764816284,0.5226094722747803,0.4773905277252197,2.6457512378692627,0.2083713710308075,0.7916286289691925
survset:UnempDur,Weibull_AFT,5,46,892,3.7416574954986572,0,1.4142135381698608,0.8825781941413879,0.11742180585861206,1.7320507764816284,0.8265070915222168,0.1734929084777832,2.6457512378692627,0.6309370994567871,0.3690629005432129
survset:UnempDur,Weibull_AFT,5,46,3096,2.2360680103302,1,1.4142135381698608,0.6943265795707703,0.30567342042922974,1.7320507764816284,0.5731995105743408,0.4268004894256592,2.6457512378692627,0.26051226258277893,0.7394877374172211
survset:UnempDur,Weibull_AFT,5,46,70,1.7320507764816284,0,1.4142135381698608,0.6810219287872314,0.31897807121276855,1.7320507764816284,0.556528627872467,0.44347137212753296,2.6457512378692627,0.24257522821426392,0.7574247717857361
survset:UnempDur,Weibull_AFT,5,46,2632,1.4142135381698608,1,1.4142135381698608,0.6797948479652405,0.3202051520347595,1.7320507764816284,0.5549996495246887,0.4450003504753113,2.6457512378692627,0.24096760153770447,0.7590323984622955
survset:UnempDur,Weibull_AFT,5,46,2688,2.0,1,1.4142135381698608,0.6564630270004272,0.34353697299957275,1.7320507764816284,0.5262044668197632,0.4737955331802368,2.6457512378692627,0.21185271441936493,0.7881472855806351
survset:UnempDur,Weibull_AFT,5,46,224,1.7320507764816284,1,1.4142135381698608,0.8908968567848206,0.10910314321517944,1.7320507764816284,0.8384203910827637,0.16157960891723633,2.6457512378692627,0.6531429290771484,0.34685707092285156
survset:UnempDur,Weibull_AFT,5,46,1432,2.4494898319244385,0,1.4142135381698608,0.8707075119018555,0.12929248809814453,1.7320507764816284,0.8096089363098145,0.19039106369018555,2.6457512378692627,0.6002090573310852,0.3997909426689148
survset:UnempDur,Weibull_AFT,5,46,922,1.4142135381698608,1,1.4142135381698608,0.7462342381477356,0.2537657618522644,1.7320507764816284,0.6398398280143738,0.3601601719856262,2.6457512378692627,0.33984169363975525,0.6601583063602448
survset:UnempDur,Weibull_AFT,5,46,2513,1.0,1,1.4142135381698608,0.7952338457107544,0.2047661542892456,1.7320507764816284,0.7050259113311768,0.29497408866882324,2.6457512378692627,0.429648756980896,0.570351243019104
survset:UnempDur,Weibull_AFT,5,46,2548,1.0,1,1.4142135381698608,0.8814458250999451,0.11855417490005493,1.7320507764816284,0.8248899579048157,0.17511004209518433,2.6457512378692627,0.6279574632644653,0.37204253673553467
survset:UnempDur,Weibull_AFT,5,46,256,2.4494898319244385,0,1.4142135381698608,0.9041470885276794,0.09585291147232056,1.7320507764816284,0.8575171232223511,0.14248287677764893,2.6457512378692627,0.6896817088127136,0.3103182911872864
survset:UnempDur,Weibull_AFT,5,46,1814,1.4142135381698608,1,1.4142135381698608,0.711689293384552,0.288310706615448,1.7320507764816284,0.5952087044715881,0.40479129552841187,2.6457512378692627,0.28535041213035583,0.7146495878696442
survset:UnempDur,Weibull_AFT,5,46,263,3.1622776985168457,0,1.4142135381698608,0.8826570510864258,0.11734294891357422,1.7320507764816284,0.8266197443008423,0.17338025569915771,2.6457512378692627,0.6311449408531189,0.3688550591468811
survset:UnempDur,Weibull_AFT,5,46,2423,3.872983455657959,1,1.4142135381698608,0.8673134446144104,0.1326865553855896,1.7320507764816284,0.8047995567321777,0.19520044326782227,2.6457512378692627,0.5916275382041931,0.4083724617958069
survset:UnempDur,Weibull_AFT,5,46,1,3.605551242828369,1,1.4142135381698608,0.8901708722114563,0.1098291277885437,1.7320507764816284,0.8373783826828003,0.1626216173171997,2.6457512378692627,0.6511826515197754,0.3488173484802246
survset:UnempDur,Weibull_AFT,5,46,1717,2.0,0,1.4142135381698608,0.8826066255569458,0.1173933744430542,1.7320507764816284,0.8265476822853088,0.17345231771469116,2.6457512378692627,0.631011962890625,0.368988037109375
survset:UnempDur,Weibull_AFT,5,46,3112,4.242640495300293,0,1.4142135381698608,0.874144971370697,0.12585502862930298,1.7320507764816284,0.8144897818565369,0.18551021814346313,2.6457512378692627,0.6089921593666077,0.39100784063339233
survset:UnempDur,Weibull_AFT,5,46,1330,2.0,0,1.4142135381698608,0.9069366455078125,0.0930633544921875,1.7320507764816284,0.861556351184845,0.13844364881515503,2.6457512378692627,0.6975598931312561,0.3024401068687439
survset:UnempDur,Weibull_AFT,5,46,1732,3.7416574954986572,1,1.4142135381698608,0.751335859298706,0.24866414070129395,1.7320507764816284,0.6465247273445129,0.35347527265548706,2.6457512378692627,0.34848710894584656,0.6515128910541534
survset:UnempDur,Weibull_AFT,5,46,3052,1.0,1,1.4142135381698608,0.8809024691581726,0.11909753084182739,1.7320507764816284,0.8241143822669983,0.1758856177330017,2.6457512378692627,0.6265313029289246,0.37346869707107544
survset:UnempDur,Weibull_AFT,5,46,1881,3.464101552963257,1,1.4142135381698608,0.8843553066253662,0.11564469337463379,1.7320507764816284,0.8290471434593201,0.17095285654067993,2.6457512378692627,0.6356338858604431,0.3643661141395569
survset:UnempDur,Weibull_AFT,5,46,2617,4.0,1,1.4142135381698608,0.8947376608848572,0.10526233911514282,1.7320507764816284,0.8439406156539917,0.1560593843460083,2.6457512378692627,0.6635853052139282,0.3364146947860718
survset:UnempDur,Weibull_AFT,5,46,2841,1.7320507764816284,0,1.4142135381698608,0.8894583582878113,0.11054164171218872,1.7320507764816284,0.8363560438156128,0.1636439561843872,2.6457512378692627,0.6492627859115601,0.35073721408843994
survset:UnempDur,Weibull_AFT,5,46,2682,2.0,0,1.4142135381698608,0.885763943195343,0.11423605680465698,1.7320507764816284,0.8310624957084656,0.16893750429153442,2.6457512378692627,0.6393749713897705,0.3606250286102295
survset:UnempDur,Weibull_AFT,5,46,1995,1.0,1,1.4142135381698608,0.8838946223258972,0.11610537767410278,1.7320507764816284,0.8283884525299072,0.17161154747009277,2.6457512378692627,0.6344138979911804,0.3655861020088196
survset:UnempDur,Weibull_AFT,5,46,729,1.0,1,1.4142135381698608,0.8840610980987549,0.11593890190124512,1.7320507764816284,0.8286264538764954,0.17137354612350464,2.6457512378692627,0.6348545551300049,0.3651454448699951
survset:UnempDur,Weibull_AFT,5,46,1890,2.0,0,1.4142135381698608,0.8946126103401184,0.10538738965988159,1.7320507764816284,0.8437606692314148,0.1562393307685852,2.6457512378692627,0.6632434129714966,0.3367565870285034
survset:UnempDur,Weibull_AFT,5,46,2939,2.2360680103302,0,1.4142135381698608,0.8902313113212585,0.10976868867874146,1.7320507764816284,0.8374650478363037,0.1625349521636963,2.6457512378692627,0.6513456106185913,0.3486543893814087
survset:UnempDur,Weibull_AFT,5,46,1542,1.0,1,1.4142135381698608,0.8877443075180054,0.11225569248199463,1.7320507764816284,0.833898663520813,0.166101336479187,2.6457512378692627,0.644661545753479,0.355338454246521
survset:UnempDur,Weibull_AFT,5,46,2507,3.605551242828369,1,1.4142135381698608,0.8570998907089233,0.14290010929107666,1.7320507764816284,0.7903865575790405,0.20961344242095947,2.6457512378692627,0.5663429498672485,0.43365705013275146
survset:UnempDur,Weibull_AFT,5,46,793,2.6457512378692627,1,1.4142135381698608,0.8907572031021118,0.10924279689788818,1.7320507764816284,0.8382198810577393,0.16178011894226074,2.6457512378692627,0.6527654528617859,0.3472345471382141
survset:UnempDur,Weibull_AFT,5,46,309,1.0,1,1.4142135381698608,0.7272398471832275,0.27276015281677246,1.7320507764816284,0.6151619553565979,0.3848380446434021,2.6457512378692627,0.30902260541915894,0.6909773945808411
survset:UnempDur,Weibull_AFT,5,46,638,1.4142135381698608,1,1.4142135381698608,0.7499604821205139,0.2500395178794861,1.7320507764816284,0.6447201371192932,0.3552798628807068,2.6457512378692627,0.34614071249961853,0.6538592875003815
survset:UnempDur,Weibull_AFT,5,46,475,1.7320507764816284,1,1.4142135381698608,0.8862156271934509,0.11378437280654907,1.7320507764816284,0.831709086894989,0.168290913105011,2.6457512378692627,0.6405779123306274,0.35942208766937256
survset:UnempDur,Weibull_AFT,5,46,2298,1.4142135381698608,1,1.4142135381698608,0.6781211495399475,0.3218788504600525,1.7320507764816284,0.5529164671897888,0.4470835328102112,2.6457512378692627,0.23878732323646545,0.7612126767635345
survset:UnempDur,Weibull_AFT,5,46,2443,3.316624879837036,1,1.4142135381698608,0.8948361277580261,0.10516387224197388,1.7320507764816284,0.8440822958946228,0.1559177041053772,2.6457512378692627,0.6638545989990234,0.33614540100097656
survset:UnempDur,Weibull_AFT,5,46,1786,5.196152210235596,0,1.4142135381698608,0.7221384048461914,0.2778615951538086,1.7320507764816284,0.6085912585258484,0.3914087414741516,2.6457512378692627,0.30110499262809753,0.6988950073719025
survset:UnempDur,Weibull_AFT,5,46,8,2.2360680103302,0,1.4142135381698608,0.8887625932693481,0.11123740673065186,1.7320507764816284,0.8353583216667175,0.16464167833328247,2.6457512378692627,0.6473922729492188,0.35260772705078125
survset:UnempDur,Weibull_AFT,5,46,1094,3.7416574954986572,0,1.4142135381698608,0.9093714952468872,0.09062850475311279,1.7320507764816284,0.8650873899459839,0.1349126100540161,2.6457512378692627,0.7044898867607117,0.29551011323928833
survset:UnempDur,Weibull_AFT,5,46,2089,3.0,0,1.4142135381698608,0.7306932210922241,0.2693067789077759,1.7320507764816284,0.6196237802505493,0.3803762197494507,2.6457512378692627,0.31446781754493713,0.6855321824550629
survset:UnempDur,Weibull_AFT,5,46,1818,1.4142135381698608,1,1.4142135381698608,0.8661471009254456,0.13385289907455444,1.7320507764816284,0.8031491041183472,0.19685089588165283,2.6457512378692627,0.5886993408203125,0.4113006591796875
survset:UnempDur,Weibull_AFT,5,46,1058,3.605551242828369,0,1.4142135381698608,0.8809564113616943,0.11904358863830566,1.7320507764816284,0.8241913914680481,0.1758086085319519,2.6457512378692627,0.6266728639602661,0.3733271360397339
survset:UnempDur,Weibull_AFT,5,46,1363,1.0,1,1.4142135381698608,0.7113322019577026,0.28866779804229736,1.7320507764816284,0.5947531461715698,0.4052468538284302,2.6457512378692627,0.28482282161712646,0.7151771783828735
survset:UnempDur,Weibull_AFT,5,46,784,1.0,1,1.4142135381698608,0.6933614611625671,0.30663853883743286,1.7320507764816284,0.5719844698905945,0.4280155301094055,2.6457512378692627,0.25917956233024597,0.740820437669754
survset:UnempDur,Weibull_AFT,5,46,1271,2.2360680103302,0,1.4142135381698608,0.9087420105934143,0.0912579894065857,1.7320507764816284,0.8641740083694458,0.1358259916305542,2.6457512378692627,0.7026934027671814,0.2973065972328186
survset:UnempDur,Weibull_AFT,5,46,882,3.605551242828369,0,1.4142135381698608,0.8881451487541199,0.11185485124588013,1.7320507764816284,0.8344731330871582,0.1655268669128418,2.6457512378692627,0.6457354426383972,0.3542645573616028
survset:UnempDur,Weibull_AFT,5,46,1819,3.605551242828369,1,1.4142135381698608,0.7195106744766235,0.28048932552337646,1.7320507764816284,0.6052161455154419,0.3947838544845581,2.6457512378692627,0.2970848083496094,0.7029151916503906
survset:UnempDur,Weibull_AFT,5,46,692,3.605551242828369,1,1.4142135381698608,0.8725492358207703,0.12745076417922974,1.7320507764816284,0.8122227787971497,0.18777722120285034,2.6457512378692627,0.6049033403396606,0.39509665966033936
survset:UnempDur,Weibull_AFT,5,46,2113,3.316624879837036,0,1.4142135381698608,0.7219275832176208,0.27807241678237915,1.7320507764816284,0.6083202362060547,0.3916797637939453,2.6457512378692627,0.3007810115814209,0.6992189884185791
survset:UnempDur,Weibull_AFT,5,46,3209,2.4494898319244385,1,1.4142135381698608,0.8803281188011169,0.11967188119888306,1.7320507764816284,0.8232948184013367,0.17670518159866333,2.6457512378692627,0.6250264644622803,0.3749735355377197
survset:UnempDur,Weibull_AFT,5,46,1564,2.2360680103302,1,1.4142135381698608,0.9084893465042114,0.09151065349578857,1.7320507764816284,0.8638075590133667,0.1361924409866333,2.6457512378692627,0.7019734382629395,0.29802656173706055
survset:UnempDur,Weibull_AFT,5,46,770,2.0,0,1.4142135381698608,0.898967444896698,0.101032555103302,1.7320507764816284,0.8500343561172485,0.14996564388275146,2.6457512378692627,0.675225555896759,0.32477444410324097
survset:UnempDur,Weibull_AFT,5,46,85,4.582575798034668,0,1.4142135381698608,0.6938888430595398,0.3061111569404602,1.7320507764816284,0.572648286819458,0.427351713180542,2.6457512378692627,0.25990718603134155,0.7400928139686584
survset:UnempDur,Weibull_AFT,5,46,1660,3.1622776985168457,0,1.4142135381698608,0.8746830224990845,0.12531697750091553,1.7320507764816284,0.8152547478675842,0.18474525213241577,2.6457512378692627,0.6103754639625549,0.38962453603744507
survset:UnempDur,Weibull_AFT,5,46,1382,2.2360680103302,1,1.4142135381698608,0.875115692615509,0.12488430738449097,1.7320507764816284,0.8158699870109558,0.1841300129890442,2.6457512378692627,0.6114894151687622,0.3885105848312378
survset:UnempDur,Weibull_AFT,5,46,48,2.2360680103302,1,1.4142135381698608,0.8734519481658936,0.12654805183410645,1.7320507764816284,0.8135049939155579,0.18649500608444214,2.6457512378692627,0.6072140336036682,0.3927859663963318
survset:UnempDur,Weibull_AFT,5,46,1514,2.2360680103302,1,1.4142135381698608,0.6805815100669861,0.3194184899330139,1.7320507764816284,0.5559796690940857,0.4440203309059143,2.6457512378692627,0.2419973611831665,0.7580026388168335
survset:UnempDur,Weibull_AFT,5,46,2865,2.2360680103302,1,1.4142135381698608,0.6574037671089172,0.34259623289108276,1.7320507764816284,0.5273552536964417,0.47264474630355835,2.6457512378692627,0.21297428011894226,0.7870257198810577
survset:UnempDur,Weibull_AFT,5,46,2907,1.0,1,1.4142135381698608,0.7054125070571899,0.29458749294281006,1.7320507764816284,0.5872191786766052,0.4127808213233948,2.6457512378692627,0.27618053555488586,0.7238194644451141
survset:UnempDur,Weibull_AFT,5,46,3133,3.605551242828369,1,1.4142135381698608,0.8789124488830566,0.12108755111694336,1.7320507764816284,0.8212760090827942,0.1787239909172058,2.6457512378692627,0.6213285326957703,0.37867146730422974
survset:UnempDur,Weibull_AFT,5,46,640,2.4494898319244385,1,1.4142135381698608,0.887589693069458,0.11241030693054199,1.7320507764816284,0.8336770534515381,0.16632294654846191,2.6457512378692627,0.6442475914955139,0.3557524085044861
survset:UnempDur,Weibull_AFT,5,46,2120,2.6457512378692627,0,1.4142135381698608,0.8761748671531677,0.12382513284683228,1.7320507764816284,0.8173768520355225,0.18262314796447754,2.6457512378692627,0.6142227053642273,0.3857772946357727
survset:UnempDur,Weibull_AFT,5,46,620,1.7320507764816284,0,1.4142135381698608,0.6525303721427917,0.34746962785720825,1.7320507764816284,0.5214031934738159,0.4785968065261841,2.6457512378692627,0.20721079409122467,0.7927892059087753
survset:UnempDur,Weibull_AFT,5,46,1163,1.7320507764816284,0,1.4142135381698608,0.7226868271827698,0.2773131728172302,1.7320507764816284,0.609296441078186,0.39070355892181396,2.6457512378692627,0.3019489347934723,0.6980510652065277
survset:UnempDur,Weibull_AFT,5,46,206,2.4494898319244385,0,1.4142135381698608,0.9205113649368286,0.07948863506317139,1.7320507764816284,0.8813056349754333,0.11869436502456665,2.6457512378692627,0.7368372082710266,0.2631627917289734
survset:UnempDur,Weibull_AFT,5,46,2200,2.6457512378692627,1,1.4142135381698608,0.8703882098197937,0.1296117901802063,1.7320507764816284,0.809156060218811,0.19084393978118896,2.6457512378692627,0.5993978977203369,0.4006021022796631
survset:UnempDur,Weibull_AFT,5,46,535,4.0,1,1.4142135381698608,0.7074215412139893,0.29257845878601074,1.7320507764816284,0.5897723436355591,0.4102276563644409,2.6457512378692627,0.27909183502197266,0.7209081649780273
survset:UnempDur,Weibull_AFT,5,46,2695,1.7320507764816284,1,1.4142135381698608,0.6875811219215393,0.3124188780784607,1.7320507764816284,0.5647262334823608,0.43527376651763916,2.6457512378692627,0.25130170583724976,0.7486982941627502
survset:UnempDur,Weibull_AFT,5,46,1909,3.605551242828369,1,1.4142135381698608,0.6943681836128235,0.3056318163871765,1.7320507764816284,0.5732519030570984,0.4267480969429016,2.6457512378692627,0.26056981086730957,0.7394301891326904
survset:UnempDur,Weibull_AFT,5,46,1407,2.0,1,1.4142135381698608,0.885750949382782,0.11424905061721802,1.7320507764816284,0.8310438990592957,0.16895610094070435,2.6457512378692627,0.6393404006958008,0.3606595993041992
survset:UnempDur,Weibull_AFT,5,46,647,2.6457512378692627,0,1.4142135381698608,0.8774292469024658,0.12257075309753418,1.7320507764816284,0.8191626667976379,0.18083733320236206,2.6457512378692627,0.6174712777137756,0.38252872228622437
survset:UnempDur,Weibull_AFT,5,46,2,4.582575798034668,1,1.4142135381698608,0.8611577749252319,0.13884222507476807,1.7320507764816284,0.7961021661758423,0.20389783382415771,2.6457512378692627,0.5762923359870911,0.42370766401290894
survset:UnempDur,Weibull_AFT,5,46,897,1.4142135381698608,1,1.4142135381698608,0.681936502456665,0.31806349754333496,1.7320507764816284,0.5576691627502441,0.44233083724975586,2.6457512378692627,0.2437785267829895,0.7562214732170105
survset:UnempDur,Weibull_AFT,5,46,490,2.4494898319244385,1,1.4142135381698608,0.6771132946014404,0.32288670539855957,1.7320507764816284,0.5516633987426758,0.4483366012573242,2.6457512378692627,0.23748144507408142,0.7625185549259186
survset:UnempDur,Weibull_AFT,5,46,1797,1.4142135381698608,1,1.4142135381698608,0.712450385093689,0.28754961490631104,1.7320507764816284,0.5961800217628479,0.4038199782371521,2.6457512378692627,0.2864772081375122,0.7135227918624878
survset:UnempDur,Weibull_AFT,5,46,1973,1.0,1,1.4142135381698608,0.683833122253418,0.31616687774658203,1.7320507764816284,0.5600369572639465,0.43996304273605347,2.6457512378692627,0.2462877780199051,0.7537122219800949
survset:UnempDur,Weibull_AFT,5,46,737,1.0,1,1.4142135381698608,0.6875371336936951,0.31246286630630493,1.7320507764816284,0.5646710991859436,0.4353289008140564,2.6457512378692627,0.25124239921569824,0.7487576007843018
survset:UnempDur,Weibull_AFT,5,46,1201,1.4142135381698608,1,1.4142135381698608,0.7031673789024353,0.2968326210975647,1.7320507764816284,0.5843705534934998,0.41562944650650024,2.6457512378692627,0.27295348048210144,0.7270465195178986
survset:UnempDur,Weibull_AFT,5,46,2128,4.582575798034668,0,1.4142135381698608,0.884889543056488,0.11511045694351196,1.7320507764816284,0.8298112750053406,0.17018872499465942,2.6457512378692627,0.6370508074760437,0.3629491925239563
survset:UnempDur,Weibull_AFT,5,46,137,2.0,0,1.4142135381698608,0.8817320466041565,0.1182679533958435,1.7320507764816284,0.8252986073493958,0.17470139265060425,2.6457512378692627,0.628709614276886,0.371290385723114
survset:UnempDur,Weibull_AFT,5,46,2461,1.4142135381698608,0,1.4142135381698608,0.8742684125900269,0.12573158740997314,1.7320507764816284,0.8146653175354004,0.1853346824645996,2.6457512378692627,0.6093093752861023,0.3906906247138977
survset:UnempDur,Weibull_AFT,5,46,893,1.7320507764816284,1,1.4142135381698608,0.6314163208007812,0.36858367919921875,1.7320507764816284,0.4958862066268921,0.5041137933731079,2.6457512378692627,0.18354485929012299,0.816455140709877
survset:UnempDur,Weibull_AFT,5,46,1350,1.0,1,1.4142135381698608,0.9065496921539307,0.09345030784606934,1.7320507764816284,0.8609956502914429,0.13900434970855713,2.6457512378692627,0.6964631676673889,0.3035368323326111
survset:UnempDur,Weibull_AFT,5,46,1510,2.0,0,1.4142135381698608,0.8784476518630981,0.12155234813690186,1.7320507764816284,0.8206135034561157,0.17938649654388428,2.6457512378692627,0.6201177835464478,0.37988221645355225
survset:UnempDur,Weibull_AFT,5,46,2297,1.7320507764816284,0,1.4142135381698608,0.8841367363929749,0.11586326360702515,1.7320507764816284,0.8287346363067627,0.1712653636932373,2.6457512378692627,0.635054886341095,0.36494511365890503
survset:UnempDur,Weibull_AFT,5,46,1952,1.4142135381698608,0,1.4142135381698608,0.8901194334030151,0.10988056659698486,1.7320507764816284,0.8373045325279236,0.16269546747207642,2.6457512378692627,0.6510438323020935,0.3489561676979065
survset:UnempDur,Weibull_AFT,5,46,2966,2.2360680103302,1,1.4142135381698608,0.6917740702629089,0.30822592973709106,1.7320507764816284,0.5699880719184875,0.43001192808151245,2.6457512378692627,0.25699853897094727,0.7430014610290527
survset:UnempDur,Weibull_AFT,5,46,1547,2.2360680103302,1,1.4142135381698608,0.8599812388420105,0.1400187611579895,1.7320507764816284,0.7944435477256775,0.2055564522743225,2.6457512378692627,0.5733945965766907,0.4266054034233093
survset:UnempDur,Weibull_AFT,5,46,1899,2.4494898319244385,0,1.4142135381698608,0.8980076909065247,0.10199230909347534,1.7320507764816284,0.8486503958702087,0.15134960412979126,2.6457512378692627,0.6725714802742004,0.32742851972579956
survset:UnempDur,Weibull_AFT,5,46,694,2.2360680103302,1,1.4142135381698608,0.888444185256958,0.11155581474304199,1.7320507764816284,0.8349018096923828,0.1650981903076172,2.6457512378692627,0.6465375423431396,0.35346245765686035
survset:UnempDur,Weibull_AFT,5,46,484,2.8284270763397217,1,1.4142135381698608,0.8782239556312561,0.1217760443687439,1.7320507764816284,0.8202947378158569,0.17970526218414307,2.6457512378692627,0.6195358037948608,0.38046419620513916
survset:UnempDur,Weibull_AFT,5,46,2311,2.6457512378692627,1,1.4142135381698608,0.6577072739601135,0.3422927260398865,1.7320507764816284,0.5277267098426819,0.4722732901573181,2.6457512378692627,0.2133370339870453,0.7866629660129547
survset:UnempDur,Weibull_AFT,5,46,1473,1.7320507764816284,1,1.4142135381698608,0.6998665928840637,0.3001334071159363,1.7320507764816284,0.5801910758018494,0.41980892419815063,2.6457512378692627,0.2682589292526245,0.7317410707473755
survset:UnempDur,Weibull_AFT,5,46,3126,1.4142135381698608,1,1.4142135381698608,0.6679257154464722,0.33207428455352783,1.7320507764816284,0.5402852296829224,0.45971477031707764,2.6457512378692627,0.2258152961730957,0.7741847038269043
survset:UnempDur,Weibull_AFT,5,46,3008,3.7416574954986572,0,1.4142135381698608,0.8868916630744934,0.11310833692550659,1.7320507764816284,0.8326771855354309,0.1673228144645691,2.6457512378692627,0.6423815488815308,0.35761845111846924
survset:UnempDur,Weibull_AFT,5,46,2254,1.7320507764816284,1,1.4142135381698608,0.6501137614250183,0.3498862385749817,1.7320507764816284,0.5184603929519653,0.48153960704803467,2.6457512378692627,0.20439541339874268,0.7956045866012573
survset:UnempDur,Weibull_AFT,5,46,976,3.872983455657959,0,1.4142135381698608,0.9082487225532532,0.09175127744674683,1.7320507764816284,0.8634585738182068,0.1365414261817932,2.6457512378692627,0.701288104057312,0.298711895942688
survset:UnempDur,Weibull_AFT,5,46,42,2.2360680103302,1,1.4142135381698608,0.8651537895202637,0.13484621047973633,1.7320507764816284,0.8017444014549255,0.19825559854507446,2.6457512378692627,0.5862138867378235,0.4137861132621765
survset:UnempDur,Weibull_AFT,5,46,1017,1.7320507764816284,1,1.4142135381698608,0.739971399307251,0.260028600692749,1.7320507764816284,0.6316661238670349,0.3683338761329651,2.6457512378692627,0.3294435441493988,0.6705564558506012
survset:UnempDur,Weibull_AFT,5,46,3216,1.0,1,1.4142135381698608,0.7397163510322571,0.2602836489677429,1.7320507764816284,0.6313340067863464,0.36866599321365356,2.6457512378692627,0.3290250599384308,0.6709749400615692
survset:UnempDur,Weibull_AFT,5,46,2446,3.316624879837036,0,1.4142135381698608,0.9011402130126953,0.09885978698730469,1.7320507764816284,0.8531705141067505,0.1468294858932495,2.6457512378692627,0.6812625527381897,0.3187374472618103
survset:UnempDur,Weibull_AFT,5,46,1652,3.464101552963257,0,1.4142135381698608,0.9059098362922668,0.09409016370773315,1.7320507764816284,0.8600688576698303,0.13993114233016968,2.6457512378692627,0.6946524977684021,0.3053475022315979
survset:UnempDur,Weibull_AFT,5,46,1849,3.316624879837036,1,1.4142135381698608,0.8901337385177612,0.10986626148223877,1.7320507764816284,0.8373250365257263,0.16267496347427368,2.6457512378692627,0.6510823369026184,0.3489176630973816
survset:UnempDur,Weibull_AFT,5,46,2061,2.6457512378692627,0,1.4142135381698608,0.902085542678833,0.09791445732116699,1.7320507764816284,0.854536235332489,0.145463764667511,2.6457512378692627,0.6839012503623962,0.31609874963760376
survset:UnempDur,Weibull_AFT,5,46,1923,1.4142135381698608,1,1.4142135381698608,0.7164725661277771,0.2835274338722229,1.7320507764816284,0.6013220548629761,0.3986779451370239,2.6457512378692627,0.292485773563385,0.707514226436615
survset:UnempDur,Weibull_AFT,5,46,2288,1.0,1,1.4142135381698608,0.7293667793273926,0.2706332206726074,1.7320507764816284,0.6179087162017822,0.3820912837982178,2.6457512378692627,0.31236809492111206,0.6876319050788879
survset:UnempDur,Weibull_AFT,5,46,1029,1.0,0,1.4142135381698608,0.8610740900039673,0.13892590999603271,1.7320507764816284,0.7959840893745422,0.20401591062545776,2.6457512378692627,0.5760858058929443,0.42391419410705566
survset:UnempDur,Weibull_AFT,5,46,2826,1.0,1,1.4142135381698608,0.7006091475486755,0.29939085245132446,1.7320507764816284,0.5811303853988647,0.41886961460113525,2.6457512378692627,0.2693098485469818,0.7306901514530182
survset:UnempDur,Weibull_AFT,5,46,2130,1.7320507764816284,0,1.4142135381698608,0.7410328984260559,0.2589671015739441,1.7320507764816284,0.633048951625824,0.366951048374176,2.6457512378692627,0.33118942379951477,0.6688105762004852
survset:UnempDur,Weibull_AFT,5,46,937,4.690415859222412,0,1.4142135381698608,0.908962070941925,0.09103792905807495,1.7320507764816284,0.8644932508468628,0.1355067491531372,2.6457512378692627,0.703321099281311,0.29667890071868896
survset:UnempDur,Weibull_AFT,5,46,1939,2.0,0,1.4142135381698608,0.5943621397018433,0.40563786029815674,1.7320507764816284,0.45218414068222046,0.5478158593177795,2.6457512378692627,0.1468593180179596,0.8531406819820404
survset:UnempDur,Weibull_AFT,5,46,2833,1.0,1,1.4142135381698608,0.887199878692627,0.11280012130737305,1.7320507764816284,0.8331186175346375,0.16688138246536255,2.6457512378692627,0.6432049870491028,0.3567950129508972
survset:UnempDur,Weibull_AFT,5,46,2238,2.4494898319244385,0,1.4142135381698608,0.8633360266685486,0.13666397333145142,1.7320507764816284,0.7991760969161987,0.20082390308380127,2.6457512378692627,0.5816853046417236,0.41831469535827637
survset:UnempDur,Weibull_AFT,5,46,208,2.0,0,1.4142135381698608,0.7602724432945251,0.23972755670547485,1.7320507764816284,0.658292293548584,0.341707706451416,2.6457512378692627,0.36401599645614624,0.6359840035438538
survset:UnempDur,Weibull_AFT,5,46,1559,1.4142135381698608,0,1.4142135381698608,0.874850332736969,0.125149667263031,1.7320507764816284,0.8154926300048828,0.1845073699951172,2.6457512378692627,0.6108061075210571,0.38919389247894287
survset:UnempDur,Weibull_AFT,5,46,954,2.4494898319244385,0,1.4142135381698608,0.778400182723999,0.22159981727600098,1.7320507764816284,0.6823861598968506,0.3176138401031494,2.6457512378692627,0.39705726504325867,0.6029427349567413
survset:UnempDur,Weibull_AFT,5,46,193,2.8284270763397217,0,1.4142135381698608,0.9151697754859924,0.08483022451400757,1.7320507764816284,0.8735160231590271,0.1264839768409729,2.6457512378692627,0.7211945652961731,0.2788054347038269
survset:UnempDur,Weibull_AFT,5,46,1671,2.0,0,1.4142135381698608,0.8784186840057373,0.1215813159942627,1.7320507764816284,0.8205721974372864,0.17942780256271362,2.6457512378692627,0.6200423836708069,0.3799576163291931
survset:UnempDur,Weibull_AFT,5,46,2979,1.0,1,1.4142135381698608,0.7188133001327515,0.28118669986724854,1.7320507764816284,0.6043215394020081,0.39567846059799194,2.6457512378692627,0.29602453112602234,0.7039754688739777
survset:UnempDur,Weibull_AFT,5,46,244,4.0,1,1.4142135381698608,0.8810561895370483,0.11894381046295166,1.7320507764816284,0.8243337273597717,0.17566627264022827,2.6457512378692627,0.6269345283508301,0.3730654716491699
survset:UnempDur,Weibull_AFT,5,46,2210,1.4142135381698608,0,1.4142135381698608,0.8539832830429077,0.14601671695709229,1.7320507764816284,0.7860064506530762,0.21399354934692383,2.6457512378692627,0.558786928653717,0.44121307134628296
survset:UnempDur,Weibull_AFT,5,46,792,1.4142135381698608,1,1.4142135381698608,0.6985978484153748,0.30140215158462524,1.7320507764816284,0.5785873532295227,0.4214126467704773,2.6457512378692627,0.26647019386291504,0.733529806137085
survset:UnempDur,Weibull_AFT,5,46,2536,1.0,1,1.4142135381698608,0.6707620024681091,0.32923799753189087,1.7320507764816284,0.5437890291213989,0.4562109708786011,2.6457512378692627,0.2293711155653,0.7706288844347
survset:UnempDur,Weibull_AFT,5,46,1178,1.0,1,1.4142135381698608,0.8601502180099487,0.13984978199005127,1.7320507764816284,0.7946816682815552,0.20531833171844482,2.6457512378692627,0.5738101005554199,0.4261898994445801
survset:UnempDur,Weibull_AFT,5,46,2893,1.4142135381698608,1,1.4142135381698608,0.6847594380378723,0.3152405619621277,1.7320507764816284,0.561194658279419,0.43880534172058105,2.6457512378692627,0.24752014875411987,0.7524798512458801
survset:UnempDur,Weibull_AFT,5,46,1538,1.7320507764816284,1,1.4142135381698608,0.9027439951896667,0.09725600481033325,1.7320507764816284,0.8554879426956177,0.14451205730438232,2.6457512378692627,0.6857437491416931,0.3142562508583069
survset:UnempDur,Weibull_AFT,5,46,735,2.8284270763397217,1,1.4142135381698608,0.7407912015914917,0.2592087984085083,1.7320507764816284,0.632733941078186,0.36726605892181396,2.6457512378692627,0.3307912349700928,0.6692087650299072
survset:UnempDur,Weibull_AFT,5,46,2965,1.7320507764816284,1,1.4142135381698608,0.6543285846710205,0.3456714153289795,1.7320507764816284,0.5235967040061951,0.47640329599380493,2.6457512378692627,0.20932403206825256,0.7906759679317474
survset:UnempDur,Weibull_AFT,5,46,1635,3.0,1,1.4142135381698608,0.8712926506996155,0.12870734930038452,1.7320507764816284,0.8104390501976013,0.18956094980239868,2.6457512378692627,0.6016975045204163,0.39830249547958374
survset:UnempDur,Weibull_AFT,5,46,2809,1.0,1,1.4142135381698608,0.6774968504905701,0.32250314950942993,1.7320507764816284,0.5521401762962341,0.44785982370376587,2.6457512378692627,0.23797781765460968,0.7620221823453903
survset:UnempDur,Weibull_AFT,5,46,1192,1.0,1,1.4142135381698608,0.6633395552635193,0.3366604447364807,1.7320507764816284,0.5346362590789795,0.4653637409210205,2.6457512378692627,0.22015094757080078,0.7798490524291992
survset:UnempDur,Weibull_AFT,5,46,261,1.4142135381698608,1,1.4142135381698608,0.7165654301643372,0.28343456983566284,1.7320507764816284,0.6014410257339478,0.39855897426605225,2.6457512378692627,0.2926256060600281,0.7073743939399719
survset:UnempDur,Weibull_AFT,5,46,3149,1.4142135381698608,1,1.4142135381698608,0.861260175704956,0.13873982429504395,1.7320507764816284,0.7962465286254883,0.20375347137451172,2.6457512378692627,0.576545000076294,0.42345499992370605
survset:UnempDur,Weibull_AFT,5,46,2580,1.0,1,1.4142135381698608,0.9172545671463013,0.08274543285369873,1.7320507764816284,0.8765533566474915,0.12344664335250854,2.6457512378692627,0.7272706031799316,0.27272939682006836
survset:UnempDur,Weibull_AFT,5,46,1568,1.4142135381698608,1,1.4142135381698608,0.7078431844711304,0.29215681552886963,1.7320507764816284,0.5903087854385376,0.4096912145614624,2.6457512378692627,0.2797057330608368,0.7202942669391632
survset:UnempDur,Weibull_AFT,5,46,602,2.2360680103302,1,1.4142135381698608,0.8945239782333374,0.1054760217666626,1.7320507764816284,0.8436331152915955,0.15636688470840454,2.6457512378692627,0.6630011200904846,0.3369988799095154
survset:UnempDur,Weibull_AFT,5,46,2418,1.7320507764816284,1,1.4142135381698608,0.7125430107116699,0.2874569892883301,1.7320507764816284,0.5962982773780823,0.4037017226219177,2.6457512378692627,0.2866145074367523,0.7133854925632477
survset:UnempDur,Weibull_AFT,5,46,1009,1.4142135381698608,1,1.4142135381698608,0.6711803078651428,0.3288196921348572,1.7320507764816284,0.5443064570426941,0.4556935429573059,2.6457512378692627,0.22989894449710846,0.7701010555028915
survset:UnempDur,Weibull_AFT,5,46,1142,1.4142135381698608,0,1.4142135381698608,0.7558553218841553,0.24414467811584473,1.7320507764816284,0.6524667739868164,0.3475332260131836,2.6457512378692627,0.35627877712249756,0.6437212228775024
survset:UnempDur,Weibull_AFT,5,46,2284,1.4142135381698608,1,1.4142135381698608,0.7233831286430359,0.2766168713569641,1.7320507764816284,0.6101922392845154,0.3898077607154846,2.6457512378692627,0.3030230700969696,0.6969769299030304
survset:UnempDur,Weibull_AFT,5,46,1598,2.6457512378692627,1,1.4142135381698608,0.7157416343688965,0.2842583656311035,1.7320507764816284,0.6003865003585815,0.39961349964141846,2.6457512378692627,0.29138708114624023,0.7086129188537598
survset:UnempDur,Weibull_AFT,5,46,1553,1.4142135381698608,1,1.4142135381698608,0.7314616441726685,0.26853835582733154,1.7320507764816284,0.6206180453300476,0.3793819546699524,2.6457512378692627,0.315688818693161,0.684311181306839
survset:UnempDur,Weibull_AFT,5,46,1416,2.6457512378692627,1,1.4142135381698608,0.6539451479911804,0.3460548520088196,1.7320507764816284,0.5231287479400635,0.4768712520599365,2.6457512378692627,0.20887213945388794,0.7911278605461121
survset:UnempDur,Weibull_AFT,5,46,279,1.0,1,1.4142135381698608,0.6290425658226013,0.3709574341773987,1.7320507764816284,0.4930451810359955,0.5069548189640045,2.6457512378692627,0.18101352453231812,0.8189864754676819
survset:UnempDur,Weibull_AFT,5,46,246,2.2360680103302,1,1.4142135381698608,0.9126831293106079,0.08731687068939209,1.7320507764816284,0.8698978424072266,0.13010215759277344,2.6457512378692627,0.7139955759048462,0.2860044240951538
survset:UnempDur,Weibull_AFT,5,46,930,1.7320507764816284,1,1.4142135381698608,0.6734405755996704,0.3265594244003296,1.7320507764816284,0.5471051335334778,0.4528948664665222,2.6457512378692627,0.23276644945144653,0.7672335505485535
survset:UnempDur,Weibull_AFT,5,46,1509,1.0,1,1.4142135381698608,0.7639703750610352,0.23602962493896484,1.7320507764816284,0.6631830334663391,0.3368169665336609,2.6457512378692627,0.370587021112442,0.629412978887558
survset:UnempDur,Weibull_AFT,5,46,2693,2.0,1,1.4142135381698608,0.7042410373687744,0.2957589626312256,1.7320507764816284,0.5857322216033936,0.41426777839660645,2.6457512378692627,0.2744932770729065,0.7255067229270935
survset:UnempDur,Weibull_AFT,5,46,1054,1.7320507764816284,1,1.4142135381698608,0.6902405023574829,0.3097594976425171,1.7320507764816284,0.5680615901947021,0.43193840980529785,2.6457512378692627,0.2549040913581848,0.7450959086418152
survset:UnempDur,Weibull_AFT,5,46,3016,2.2360680103302,1,1.4142135381698608,0.9149541258811951,0.08504587411880493,1.7320507764816284,0.8732020258903503,0.12679797410964966,2.6457512378692627,0.7205681204795837,0.27943187952041626
survset:UnempDur,Weibull_AFT,5,46,2401,4.123105525970459,0,1.4142135381698608,0.6867738366127014,0.3132261633872986,1.7320507764816284,0.5637150406837463,0.43628495931625366,2.6457512378692627,0.2502155303955078,0.7497844696044922
survset:UnempDur,Weibull_AFT,5,46,1306,2.4494898319244385,0,1.4142135381698608,0.8598432540893555,0.14015674591064453,1.7320507764816284,0.7942490577697754,0.2057509422302246,2.6457512378692627,0.5730553865432739,0.4269446134567261
survset:UnempDur,Weibull_AFT,5,46,779,1.0,1,1.4142135381698608,0.7720004916191101,0.2279995083808899,1.7320507764816284,0.6738461852073669,0.32615381479263306,2.6457512378692627,0.38515326380729675,0.6148467361927032
survset:UnempDur,Weibull_AFT,5,46,1836,1.7320507764816284,0,1.4142135381698608,0.8779231905937195,0.12207680940628052,1.7320507764816284,0.8198662996292114,0.18013370037078857,2.6457512378692627,0.618753969669342,0.38124603033065796
survset:UnempDur,Weibull_AFT,5,46,723,2.0,1,1.4142135381698608,0.8955730199813843,0.10442698001861572,1.7320507764816284,0.8451429009437561,0.1548570990562439,2.6457512378692627,0.6658725142478943,0.3341274857521057
survset:UnempDur,Weibull_AFT,5,46,1829,2.6457512378692627,0,1.4142135381698608,0.7194341421127319,0.28056585788726807,1.7320507764816284,0.6051179766654968,0.3948820233345032,2.6457512378692627,0.2969683110713959,0.7030316889286041
survset:UnempDur,Weibull_AFT,5,46,367,4.0,1,1.4142135381698608,0.8616024255752563,0.13839757442474365,1.7320507764816284,0.796729326248169,0.20327067375183105,2.6457512378692627,0.5773902535438538,0.42260974645614624
survset:UnempDur,Weibull_AFT,5,46,1948,1.7320507764816284,1,1.4142135381698608,0.663593590259552,0.336406409740448,1.7320507764816284,0.5349486470222473,0.4650513529777527,2.6457512378692627,0.22046197950839996,0.7795380204916
survset:UnempDur,Weibull_AFT,5,46,767,1.0,1,1.4142135381698608,0.7496681809425354,0.2503318190574646,1.7320507764816284,0.6443368792533875,0.35566312074661255,2.6457512378692627,0.345643550157547,0.654356449842453
survset:UnempDur,Weibull_AFT,5,46,1421,1.7320507764816284,1,1.4142135381698608,0.7113789319992065,0.28862106800079346,1.7320507764816284,0.59481281042099,0.40518718957901,2.6457512378692627,0.28489184379577637,0.7151081562042236
survset:UnempDur,Weibull_AFT,5,46,927,2.4494898319244385,1,1.4142135381698608,0.9104133248329163,0.08958667516708374,1.7320507764816284,0.8665997982025146,0.13340020179748535,2.6457512378692627,0.7074704170227051,0.2925295829772949
survset:UnempDur,Weibull_AFT,5,46,1123,1.0,1,1.4142135381698608,0.9050331115722656,0.09496688842773438,1.7320507764816284,0.8587993383407593,0.14120066165924072,2.6457512378692627,0.6921768188476562,0.30782318115234375
survset:UnempDur,Weibull_AFT,5,46,544,4.123105525970459,0,1.4142135381698608,0.7043023109436035,0.2956976890563965,1.7320507764816284,0.5858100056648254,0.41418999433517456,2.6457512378692627,0.2745813727378845,0.7254186272621155
survset:UnempDur,Weibull_AFT,5,46,1255,1.0,1,1.4142135381698608,0.6353053450584412,0.36469465494155884,1.7320507764816284,0.5005530714988708,0.49944692850112915,2.6457512378692627,0.1877477616071701,0.8122522383928299
survset:UnempDur,Weibull_AFT,5,46,89,1.4142135381698608,1,1.4142135381698608,0.8868575692176819,0.11314243078231812,1.7320507764816284,0.8326283097267151,0.1673716902732849,2.6457512378692627,0.6422904133796692,0.3577095866203308
survset:UnempDur,Weibull_AFT,5,46,753,2.2360680103302,1,1.4142135381698608,0.883573591709137,0.11642640829086304,1.7320507764816284,0.8279295563697815,0.1720704436302185,2.6457512378692627,0.6335647702217102,0.3664352297782898
survset:UnempDur,Weibull_AFT,5,46,2305,3.7416574954986572,0,1.4142135381698608,0.9010958075523376,0.09890419244766235,1.7320507764816284,0.8531063199043274,0.1468936800956726,2.6457512378692627,0.6811386346817017,0.31886136531829834
survset:UnempDur,Weibull_AFT,5,46,1364,2.2360680103302,1,1.4142135381698608,0.8647040128707886,0.13529598712921143,1.7320507764816284,0.8011086583137512,0.19889134168624878,2.6457512378692627,0.5850909352302551,0.4149090647697449
survset:UnempDur,Weibull_AFT,5,46,1207,3.1622776985168457,0,1.4142135381698608,0.9029682874679565,0.09703171253204346,1.7320507764816284,0.8558121919631958,0.1441878080368042,2.6457512378692627,0.6863720417022705,0.3136279582977295
survset:UnempDur,Weibull_AFT,5,46,1989,2.6457512378692627,1,1.4142135381698608,0.8844558000564575,0.11554419994354248,1.7320507764816284,0.8291909098625183,0.1708090901374817,2.6457512378692627,0.6359002590179443,0.36409974098205566
survset:UnempDur,Weibull_AFT,5,46,2712,3.605551242828369,1,1.4142135381698608,0.7297216653823853,0.27027833461761475,1.7320507764816284,0.6183674335479736,0.38163256645202637,2.6457512378692627,0.3129288852214813,0.6870711147785187
survset:UnempDur,Weibull_AFT,5,46,1691,2.2360680103302,1,1.4142135381698608,0.7079280018806458,0.29207199811935425,1.7320507764816284,0.590416669845581,0.40958333015441895,2.6457512378692627,0.2798292934894562,0.7201707065105438
survset:UnempDur,Weibull_AFT,5,46,801,1.0,1,1.4142135381698608,0.704268217086792,0.295731782913208,1.7320507764816284,0.5857667326927185,0.4142332673072815,2.6457512378692627,0.27453234791755676,0.7254676520824432
survset:UnempDur,Weibull_AFT,5,46,3000,3.872983455657959,0,1.4142135381698608,0.8748703598976135,0.12512964010238647,1.7320507764816284,0.8155211210250854,0.18447887897491455,2.6457512378692627,0.6108576059341431,0.38914239406585693
survset:UnempDur,Weibull_AFT,5,46,1670,1.4142135381698608,1,1.4142135381698608,0.7160640358924866,0.2839359641075134,1.7320507764816284,0.6007991433143616,0.3992008566856384,2.6457512378692627,0.2918713688850403,0.7081286311149597
survset:UnempDur,Weibull_AFT,5,46,2179,2.6457512378692627,1,1.4142135381698608,0.8679082989692688,0.1320917010307312,1.7320507764816284,0.8056416511535645,0.19435834884643555,2.6457512378692627,0.5931249856948853,0.40687501430511475
survset:UnempDur,Weibull_AFT,5,46,769,1.7320507764816284,0,1.4142135381698608,0.8793702721595764,0.12062972784042358,1.7320507764816284,0.8219286799430847,0.17807132005691528,2.6457512378692627,0.6225226521492004,0.37747734785079956
survset:UnempDur,Weibull_AFT,5,46,1433,1.4142135381698608,1,1.4142135381698608,0.6987602710723877,0.3012397289276123,1.7320507764816284,0.5787925124168396,0.4212074875831604,2.6457512378692627,0.2666986584663391,0.7333013415336609
survset:UnempDur,Weibull_AFT,5,46,2208,5.099019527435303,0,1.4142135381698608,0.9015367031097412,0.09846329689025879,1.7320507764816284,0.8537431955337524,0.14625680446624756,2.6457512378692627,0.6823683381080627,0.31763166189193726
survset:UnempDur,Weibull_AFT,5,46,1080,3.1622776985168457,0,1.4142135381698608,0.7033976316452026,0.29660236835479736,1.7320507764816284,0.5846624374389648,0.41533756256103516,2.6457512378692627,0.27328312397003174,0.7267168760299683
survset:UnempDur,Weibull_AFT,5,46,604,1.4142135381698608,1,1.4142135381698608,0.6908541917800903,0.30914580821990967,1.7320507764816284,0.5688322186470032,0.4311677813529968,2.6457512378692627,0.2557407319545746,0.7442592680454254
survset:UnempDur,Weibull_AFT,5,46,182,2.0,0,1.4142135381698608,0.9030346274375916,0.09696537256240845,1.7320507764816284,0.8559080958366394,0.1440919041633606,2.6457512378692627,0.6865580081939697,0.3134419918060303
survset:UnempDur,Weibull_AFT,5,46,2952,2.6457512378692627,1,1.4142135381698608,0.8889398574829102,0.11106014251708984,1.7320507764816284,0.835612416267395,0.16438758373260498,2.6457512378692627,0.6478683948516846,0.35213160514831543
survset:UnempDur,Weibull_AFT,5,46,1757,1.4142135381698608,1,1.4142135381698608,0.6826274394989014,0.31737256050109863,1.7320507764816284,0.5585314035415649,0.44146859645843506,2.6457512378692627,0.24469053745269775,0.7553094625473022
survset:UnempDur,Weibull_AFT,5,46,3172,2.0,0,1.4142135381698608,0.8767467737197876,0.1232532262802124,1.7320507764816284,0.8181909322738647,0.18180906772613525,2.6457512378692627,0.6157023310661316,0.3842976689338684
survset:UnempDur,Weibull_AFT,5,46,1669,2.2360680103302,1,1.4142135381698608,0.6910735368728638,0.30892646312713623,1.7320507764816284,0.5691077709197998,0.4308922290802002,2.6457512378692627,0.2560402452945709,0.7439597547054291
survset:UnempDur,Weibull_AFT,5,46,2271,1.4142135381698608,1,1.4142135381698608,0.7046283483505249,0.2953716516494751,1.7320507764816284,0.5862237215042114,0.4137762784957886,2.6457512378692627,0.2750503122806549,0.7249496877193451
survset:UnempDur,Weibull_AFT,5,46,747,3.7416574954986572,0,1.4142135381698608,0.7662003636360168,0.23379963636398315,1.7320507764816284,0.6661384105682373,0.3338615894317627,2.6457512378692627,0.3745911419391632,0.6254088580608368
survset:UnempDur,Weibull_AFT,5,46,2616,1.7320507764816284,1,1.4142135381698608,0.720775306224823,0.279224693775177,1.7320507764816284,0.606839656829834,0.393160343170166,2.6457512378692627,0.2990146577358246,0.7009853422641754
survset:UnempDur,Weibull_AFT,5,46,388,4.358899116516113,1,1.4142135381698608,0.6589980721473694,0.3410019278526306,1.7320507764816284,0.52930748462677,0.47069251537323,2.6457512378692627,0.21488483250141144,0.7851151674985886
survset:UnempDur,Weibull_AFT,5,46,3136,2.2360680103302,1,1.4142135381698608,0.8952451348304749,0.10475486516952515,1.7320507764816284,0.8446708917617798,0.15532910823822021,2.6457512378692627,0.66497403383255,0.33502596616744995
survset:UnempDur,Weibull_AFT,5,46,1765,3.605551242828369,1,1.4142135381698608,0.7394763827323914,0.26052361726760864,1.7320507764816284,0.6310216188430786,0.3689783811569214,2.6457512378692627,0.3286316692829132,0.6713683307170868
survset:UnempDur,Weibull_AFT,5,46,3184,1.4142135381698608,1,1.4142135381698608,0.7124167680740356,0.28758323192596436,1.7320507764816284,0.5961371064186096,0.4038628935813904,2.6457512378692627,0.2864273190498352,0.7135726809501648
survset:UnempDur,Weibull_AFT,5,46,210,5.196152210235596,0,1.4142135381698608,0.9145094752311707,0.08549052476882935,1.7320507764816284,0.8725547194480896,0.1274452805519104,2.6457512378692627,0.7192777991294861,0.2807222008705139
survset:UnempDur,Weibull_AFT,5,46,935,3.7416574954986572,0,1.4142135381698608,0.8778461217880249,0.1221538782119751,1.7320507764816284,0.8197564482688904,0.18024355173110962,2.6457512378692627,0.618553638458252,0.38144636154174805
survset:UnempDur,Weibull_AFT,5,46,632,2.0,1,1.4142135381698608,0.8695661425590515,0.1304338574409485,1.7320507764816284,0.8079904913902283,0.19200950860977173,2.6457512378692627,0.5973131656646729,0.40268683433532715
survset:UnempDur,Weibull_AFT,5,46,977,3.0,1,1.4142135381698608,0.885299026966095,0.11470097303390503,1.7320507764816284,0.8303971886634827,0.16960281133651733,2.6457512378692627,0.6381385326385498,0.3618614673614502
survset:UnempDur,Weibull_AFT,5,46,105,2.6457512378692627,0,1.4142135381698608,0.7231123447418213,0.2768876552581787,1.7320507764816284,0.6098438501358032,0.3901561498641968,2.6457512378692627,0.3026050329208374,0.6973949670791626
survset:UnempDur,Weibull_AFT,5,46,154,2.6457512378692627,1,1.4142135381698608,0.7004621624946594,0.2995378375053406,1.7320507764816284,0.5809443593025208,0.41905564069747925,2.6457512378692627,0.2691015303134918,0.7308984696865082
survset:UnempDur,Weibull_AFT,5,46,2640,3.316624879837036,1,1.4142135381698608,0.9003334641456604,0.0996665358543396,1.7320507764816284,0.8520056009292603,0.14799439907073975,2.6457512378692627,0.6790164709091187,0.32098352909088135
survset:UnempDur,Weibull_AFT,5,46,2839,3.872983455657959,1,1.4142135381698608,0.9154114723205566,0.08458852767944336,1.7320507764816284,0.873867928981781,0.126132071018219,2.6457512378692627,0.7218970060348511,0.2781029939651489
survset:UnempDur,Weibull_AFT,5,46,1117,4.4721360206604,0,1.4142135381698608,0.882712185382843,0.11728781461715698,1.7320507764816284,0.8266985416412354,0.17330145835876465,2.6457512378692627,0.6312903165817261,0.3687096834182739
survset:UnempDur,Weibull_AFT,5,46,2241,1.4142135381698608,1,1.4142135381698608,0.6784988045692444,0.3215011954307556,1.7320507764816284,0.5533863306045532,0.4466136693954468,2.6457512378692627,0.23927807807922363,0.7607219219207764
survset:UnempDur,Weibull_AFT,5,46,1808,5.196152210235596,0,1.4142135381698608,0.7507756948471069,0.24922430515289307,1.7320507764816284,0.6457895636558533,0.35421043634414673,2.6457512378692627,0.3475300371646881,0.6524699628353119
survset:UnempDur,Weibull_AFT,5,46,1203,2.6457512378692627,0,1.4142135381698608,0.7293299436569214,0.2706700563430786,1.7320507764816284,0.6178610920906067,0.3821389079093933,2.6457512378692627,0.3123098909854889,0.6876901090145111
survset:UnempDur,Weibull_AFT,5,46,2727,1.0,1,1.4142135381698608,0.7150660753250122,0.2849339246749878,1.7320507764816284,0.5995222926139832,0.40047770738601685,2.6457512378692627,0.2903743386268616,0.7096256613731384
survset:UnempDur,Weibull_AFT,5,46,1354,2.4494898319244385,0,1.4142135381698608,0.9095565676689148,0.0904434323310852,1.7320507764816284,0.8653560280799866,0.13464397192001343,2.6457512378692627,0.7050186991691589,0.29498130083084106
survset:UnempDur,Weibull_AFT,5,46,2609,1.4142135381698608,1,1.4142135381698608,0.708942174911499,0.291057825088501,1.7320507764816284,0.5917074680328369,0.4082925319671631,2.6457512378692627,0.2813102602958679,0.7186897397041321
survset:UnempDur,Weibull_AFT,5,46,1949,3.605551242828369,1,1.4142135381698608,0.8825544714927673,0.11744552850723267,1.7320507764816284,0.8264732360839844,0.17352676391601562,2.6457512378692627,0.6308745741844177,0.3691254258155823
survset:UnempDur,Weibull_AFT,5,46,1121,3.605551242828369,0,1.4142135381698608,0.7066264748573303,0.2933735251426697,1.7320507764816284,0.588761568069458,0.411238431930542,2.6457512378692627,0.2779370844364166,0.7220629155635834
survset:UnempDur,Weibull_AFT,5,46,585,4.0,0,1.4142135381698608,0.8884847164154053,0.11151528358459473,1.7320507764816284,0.8349598050117493,0.16504019498825073,2.6457512378692627,0.6466461420059204,0.3533538579940796
survset:UnempDur,Weibull_AFT,5,46,2037,1.4142135381698608,0,1.4142135381698608,0.6573482751846313,0.34265172481536865,1.7320507764816284,0.5272873640060425,0.4727126359939575,2.6457512378692627,0.21290801465511322,0.7870919853448868
survset:UnempDur,Weibull_AFT,5,46,865,2.4494898319244385,0,1.4142135381698608,0.8768925666809082,0.1231074333190918,1.7320507764816284,0.8183984160423279,0.18160158395767212,2.6457512378692627,0.6160798668861389,0.3839201331138611
survset:UnempDur,Weibull_AFT,5,46,3239,1.0,1,1.4142135381698608,0.7253769040107727,0.2746230959892273,1.7320507764816284,0.6127597093582153,0.38724029064178467,2.6457512378692627,0.3061138987541199,0.6938861012458801
survset:UnempDur,Weibull_AFT,5,46,1159,1.0,1,1.4142135381698608,0.6321079730987549,0.3678920269012451,1.7320507764816284,0.49671509861946106,0.5032849013805389,2.6457512378692627,0.18428726494312286,0.8157127350568771
survset:UnempDur,Weibull_AFT,5,46,1837,3.316624879837036,0,1.4142135381698608,0.8744655251502991,0.12553447484970093,1.7320507764816284,0.8149455189704895,0.1850544810295105,2.6457512378692627,0.6098160743713379,0.3901839256286621
survset:UnempDur,Weibull_AFT,5,46,951,3.7416574954986572,0,1.4142135381698608,0.9005826115608215,0.09941738843917847,1.7320507764816284,0.8523653149604797,0.14763468503952026,2.6457512378692627,0.6797095537185669,0.3202904462814331
survset:UnempDur,Weibull_AFT,5,46,446,2.0,1,1.4142135381698608,0.873055100440979,0.126944899559021,1.7320507764816284,0.8129411935806274,0.18705880641937256,2.6457512378692627,0.6061973571777344,0.3938026428222656
survset:UnempDur,Weibull_AFT,5,46,2126,2.2360680103302,1,1.4142135381698608,0.9172136187553406,0.08278638124465942,1.7320507764816284,0.8764936923980713,0.12350630760192871,2.6457512378692627,0.7271508574485779,0.2728491425514221
survset:UnempDur,Weibull_AFT,5,46,1162,1.0,1,1.4142135381698608,0.7413221597671509,0.2586778402328491,1.7320507764816284,0.6334258913993835,0.36657410860061646,2.6457512378692627,0.3316662609577179,0.6683337390422821
survset:UnempDur,Weibull_AFT,5,46,1083,2.2360680103302,0,1.4142135381698608,0.8953552842140198,0.10464471578598022,1.7320507764816284,0.8448294997215271,0.1551705002784729,2.6457512378692627,0.6652758121490479,0.33472418785095215
survset:UnempDur,Weibull_AFT,5,46,312,2.2360680103302,0,1.4142135381698608,0.662543535232544,0.33745646476745605,1.7320507764816284,0.5336577892303467,0.4663422107696533,2.6457512378692627,0.21917840838432312,0.7808215916156769
survset:UnempDur,Weibull_AFT,5,46,3067,1.4142135381698608,0,1.4142135381698608,0.7112191319465637,0.2887808680534363,1.7320507764816284,0.5946089625358582,0.40539103746414185,2.6457512378692627,0.28465595841407776,0.7153440415859222
survset:UnempDur,Weibull_AFT,5,46,1007,1.7320507764816284,0,1.4142135381698608,0.8983678221702576,0.10163217782974243,1.7320507764816284,0.8491695523262024,0.1508304476737976,2.6457512378692627,0.6735664010047913,0.32643359899520874
survset:UnempDur,Weibull_AFT,5,46,727,1.7320507764816284,1,1.4142135381698608,0.6479247212409973,0.3520752787590027,1.7320507764816284,0.5157995820045471,0.4842004179954529,2.6457512378692627,0.20186926424503326,0.7981307357549667
survset:UnempDur,Weibull_AFT,5,46,410,3.605551242828369,0,1.4142135381698608,0.8911060094833374,0.1088939905166626,1.7320507764816284,0.8387206196784973,0.16127938032150269,2.6457512378692627,0.6537083387374878,0.3462916612625122
survset:UnempDur,Weibull_AFT,5,46,2704,2.2360680103302,1,1.4142135381698608,0.88493412733078,0.11506587266921997,1.7320507764816284,0.8298750519752502,0.17012494802474976,2.6457512378692627,0.6371691226959229,0.36283087730407715
survset:UnempDur,Weibull_AFT,5,46,1505,3.316624879837036,1,1.4142135381698608,0.7002068161964417,0.29979318380355835,1.7320507764816284,0.5806213617324829,0.4193786382675171,2.6457512378692627,0.26874005794525146,0.7312599420547485
survset:UnempDur,Weibull_AFT,5,46,3120,1.4142135381698608,0,1.4142135381698608,0.7075902223587036,0.2924097776412964,1.7320507764816284,0.5899869799613953,0.41001302003860474,2.6457512378692627,0.2793373763561249,0.7206626236438751
survset:UnempDur,Weibull_AFT,5,46,599,1.4142135381698608,1,1.4142135381698608,0.8923459649085999,0.10765403509140015,1.7320507764816284,0.8405016660690308,0.15949833393096924,2.6457512378692627,0.6570685505867004,0.34293144941329956
survset:UnempDur,Weibull_AFT,5,46,2876,3.605551242828369,1,1.4142135381698608,0.8752851486206055,0.12471485137939453,1.7320507764816284,0.8161109685897827,0.18388903141021729,2.6457512378692627,0.6119261384010315,0.3880738615989685
survset:UnempDur,Weibull_AFT,5,46,3026,1.4142135381698608,1,1.4142135381698608,0.7064248919487,0.29357510805130005,1.7320507764816284,0.5885053873062134,0.4114946126937866,2.6457512378692627,0.2776448726654053,0.7223551273345947
survset:UnempDur,Weibull_AFT,5,46,3147,1.0,1,1.4142135381698608,0.6731902360916138,0.32680976390838623,1.7320507764816284,0.5467949509620667,0.45320504903793335,2.6457512378692627,0.23244760930538177,0.7675523906946182
survset:UnempDur,Weibull_AFT,5,46,2949,1.7320507764816284,0,1.4142135381698608,0.891005277633667,0.10899472236633301,1.7320507764816284,0.8385760188102722,0.16142398118972778,2.6457512378692627,0.6534359455108643,0.34656405448913574
survset:UnempDur,Weibull_AFT,5,46,2549,4.795831680297852,1,1.4142135381698608,0.7032104134559631,0.29678958654403687,1.7320507764816284,0.5844250917434692,0.41557490825653076,2.6457512378692627,0.27301502227783203,0.726984977722168
survset:UnempDur,Weibull_AFT,5,46,2793,2.2360680103302,0,1.4142135381698608,0.9103696942329407,0.08963030576705933,1.7320507764816284,0.8665363788604736,0.13346362113952637,2.6457512378692627,0.7073452472686768,0.29265475273132324
survset:UnempDur,Weibull_AFT,5,46,2144,1.4142135381698608,1,1.4142135381698608,0.6788452863693237,0.32115471363067627,1.7320507764816284,0.5538174510002136,0.4461825489997864,2.6457512378692627,0.2397288829088211,0.7602711170911789
survset:UnempDur,Weibull_AFT,5,46,2352,1.4142135381698608,1,1.4142135381698608,0.699428915977478,0.300571084022522,1.7320507764816284,0.5796376466751099,0.42036235332489014,2.6457512378692627,0.2676408588886261,0.7323591411113739
survset:UnempDur,Weibull_AFT,5,46,3029,2.4494898319244385,0,1.4142135381698608,0.8950684666633606,0.1049315333366394,1.7320507764816284,0.8444166779518127,0.15558332204818726,2.6457512378692627,0.6644903421401978,0.33550965785980225
survset:UnempDur,Weibull_AFT,5,46,1427,2.2360680103302,1,1.4142135381698608,0.8686082363128662,0.1313917636871338,1.7320507764816284,0.8066330552101135,0.19336694478988647,2.6457512378692627,0.5948905944824219,0.4051094055175781
survset:UnempDur,Weibull_AFT,5,46,227,2.2360680103302,1,1.4142135381698608,0.6992578506469727,0.30074214935302734,1.7320507764816284,0.5794214010238647,0.42057859897613525,2.6457512378692627,0.2673995792865753,0.7326004207134247
survset:UnempDur,Weibull_AFT,5,46,1244,2.6457512378692627,1,1.4142135381698608,0.899161696434021,0.100838303565979,1.7320507764816284,0.8503145575523376,0.14968544244766235,2.6457512378692627,0.6757636666297913,0.32423633337020874
survset:UnempDur,Weibull_AFT,5,46,741,1.7320507764816284,1,1.4142135381698608,0.6968761682510376,0.3031238317489624,1.7320507764816284,0.5764134526252747,0.42358654737472534,2.6457512378692627,0.26405683159828186,0.7359431684017181
survset:UnempDur,Weibull_AFT,5,46,464,1.0,1,1.4142135381698608,0.7636514902114868,0.23634850978851318,1.7320507764816284,0.6627607941627502,0.33723920583724976,2.6457512378692627,0.37001699209213257,0.6299830079078674
survset:UnempDur,Weibull_AFT,5,46,1817,1.4142135381698608,1,1.4142135381698608,0.8762789368629456,0.12372106313705444,1.7320507764816284,0.8175249695777893,0.1824750304222107,2.6457512378692627,0.6144917607307434,0.3855082392692566
survset:UnempDur,Weibull_AFT,5,46,2148,2.2360680103302,1,1.4142135381698608,0.9133793115615845,0.08662068843841553,1.7320507764816284,0.8709103465080261,0.12908965349197388,2.6457512378692627,0.716005802154541,0.283994197845459
survset:UnempDur,Weibull_AFT,5,46,1969,1.4142135381698608,1,1.4142135381698608,0.7303546667098999,0.2696453332901001,1.7320507764816284,0.6191858649253845,0.3808141350746155,2.6457512378692627,0.3139309287071228,0.6860690712928772
survset:UnempDur,Weibull_AFT,5,46,2100,1.0,1,1.4142135381698608,0.7095659971237183,0.29043400287628174,1.7320507764816284,0.5925019383430481,0.4074980616569519,2.6457512378692627,0.28222402930259705,0.717775970697403
survset:UnempDur,Weibull_AFT,5,46,1760,2.0,0,1.4142135381698608,0.6970778703689575,0.3029221296310425,1.7320507764816284,0.5766679644584656,0.4233320355415344,2.6457512378692627,0.2643387019634247,0.7356612980365753
survset:UnempDur,Weibull_AFT,5,46,1095,1.4142135381698608,0,1.4142135381698608,0.742972195148468,0.257027804851532,1.7320507764816284,0.6355779767036438,0.3644220232963562,2.6457512378692627,0.3343963921070099,0.6656036078929901
survset:UnempDur,Weibull_AFT,5,46,888,3.7416574954986572,1,1.4142135381698608,0.8753994107246399,0.12460058927536011,1.7320507764816284,0.81627357006073,0.18372642993927002,2.6457512378692627,0.612220823764801,0.387779176235199
survset:UnempDur,Weibull_AFT,5,46,1551,3.605551242828369,0,1.4142135381698608,0.8947662115097046,0.10523378849029541,1.7320507764816284,0.8439816832542419,0.15601831674575806,2.6457512378692627,0.6636633276939392,0.3363366723060608
survset:UnempDur,Weibull_AFT,5,46,824,3.464101552963257,0,1.4142135381698608,0.8865504264831543,0.1134495735168457,1.7320507764816284,0.8321884870529175,0.16781151294708252,2.6457512378692627,0.641470730304718,0.358529269695282
survset:UnempDur,Weibull_AFT,5,46,2283,3.316624879837036,0,1.4142135381698608,0.7202900052070618,0.27970999479293823,1.7320507764816284,0.6062164902687073,0.3937835097312927,2.6457512378692627,0.2982730567455292,0.7017269432544708
survset:UnempDur,Weibull_AFT,5,46,2647,1.4142135381698608,1,1.4142135381698608,0.8855797052383423,0.11442029476165771,1.7320507764816284,0.8307988047599792,0.16920119524002075,2.6457512378692627,0.6388846635818481,0.36111533641815186
survset:UnempDur,Weibull_AFT,5,46,1571,1.0,1,1.4142135381698608,0.6955543160438538,0.30444568395614624,1.7320507764816284,0.5747464299201965,0.42525357007980347,2.6457512378692627,0.2622147798538208,0.7377852201461792
survset:UnempDur,Weibull_AFT,5,46,561,1.0,1,1.4142135381698608,0.7032206654548645,0.2967793345451355,1.7320507764816284,0.5844380855560303,0.4155619144439697,2.6457512378692627,0.27302971482276917,0.7269702851772308
survset:UnempDur,Weibull_AFT,5,46,1082,2.4494898319244385,0,1.4142135381698608,0.8775901198387146,0.1224098801612854,1.7320507764816284,0.8193918466567993,0.18060815334320068,2.6457512378692627,0.617888867855072,0.382111132144928
survset:UnempDur,Weibull_AFT,5,46,2299,1.4142135381698608,1,1.4142135381698608,0.6786450743675232,0.3213549256324768,1.7320507764816284,0.5535683035850525,0.4464316964149475,2.6457512378692627,0.2394683063030243,0.7605316936969757
survset:UnempDur,Weibull_AFT,5,46,671,1.0,1,1.4142135381698608,0.7503092288970947,0.24969077110290527,1.7320507764816284,0.6451775431632996,0.35482245683670044,2.6457512378692627,0.34673455357551575,0.6532654464244843
survset:UnempDur,Weibull_AFT,5,46,911,1.7320507764816284,1,1.4142135381698608,0.8758397102355957,0.1241602897644043,1.7320507764816284,0.8168999552726746,0.18310004472732544,2.6457512378692627,0.6133569478988647,0.38664305210113525
survset:UnempDur,Weibull_AFT,5,46,2692,2.8284270763397217,0,1.4142135381698608,0.8662987351417542,0.13370126485824585,1.7320507764816284,0.803363561630249,0.19663643836975098,2.6457512378692627,0.5890794396400452,0.41092056035995483
survset:UnempDur,Weibull_AFT,5,46,3070,1.0,1,1.4142135381698608,0.6716775298118591,0.32832247018814087,1.7320507764816284,0.5449216961860657,0.4550783038139343,2.6457512378692627,0.23052754998207092,0.7694724500179291
survset:UnempDur,Weibull_AFT,5,46,1782,1.7320507764816284,0,1.4142135381698608,0.8850008845329285,0.11499911546707153,1.7320507764816284,0.8299705982208252,0.1700294017791748,2.6457512378692627,0.6373465061187744,0.3626534938812256
survset:UnempDur,Weibull_AFT,5,46,724,3.0,1,1.4142135381698608,0.8961014151573181,0.10389858484268188,1.7320507764816284,0.8459036946296692,0.1540963053703308,2.6457512378692627,0.6673221588134766,0.33267784118652344
survset:UnempDur,Weibull_AFT,5,46,3028,1.0,1,1.4142135381698608,0.7086654901504517,0.29133450984954834,1.7320507764816284,0.5913552045822144,0.40864479541778564,2.6457512378692627,0.2809056341648102,0.7190943658351898
survset:UnempDur,Weibull_AFT,5,46,2691,3.0,1,1.4142135381698608,0.8651768565177917,0.13482314348220825,1.7320507764816284,0.8017770051956177,0.19822299480438232,2.6457512378692627,0.5862714648246765,0.4137285351753235
survset:UnempDur,Weibull_AFT,5,46,749,1.7320507764816284,1,1.4142135381698608,0.6787558794021606,0.32124412059783936,1.7320507764816284,0.553706169128418,0.44629383087158203,2.6457512378692627,0.23961246013641357,0.7603875398635864
survset:UnempDur,Weibull_AFT,5,46,2272,1.0,1,1.4142135381698608,0.692581057548523,0.30741894245147705,1.7320507764816284,0.571002721786499,0.428997278213501,2.6457512378692627,0.25810563564300537,0.7418943643569946
survset:UnempDur,Weibull_AFT,5,46,1331,4.582575798034668,0,1.4142135381698608,0.7039193511009216,0.29608064889907837,1.7320507764816284,0.5853241682052612,0.41467583179473877,2.6457512378692627,0.27403125166893005,0.72596874833107
survset:UnempDur,Weibull_AFT,5,46,1723,2.2360680103302,1,1.4142135381698608,0.9011555910110474,0.09884440898895264,1.7320507764816284,0.8531927466392517,0.1468072533607483,2.6457512378692627,0.6813054084777832,0.3186945915222168
survset:UnempDur,Weibull_AFT,5,46,960,2.2360680103302,0,1.4142135381698608,0.8807775974273682,0.11922240257263184,1.7320507764816284,0.8239361643791199,0.17606383562088013,2.6457512378692627,0.6262039542198181,0.3737960457801819
survset:UnempDur,Weibull_AFT,5,46,1740,1.7320507764816284,0,1.4142135381698608,0.8847222924232483,0.11527770757675171,1.7320507764816284,0.8295720219612122,0.17042797803878784,2.6457512378692627,0.6366069912910461,0.36339300870895386
survset:UnempDur,Weibull_AFT,5,46,563,2.2360680103302,1,1.4142135381698608,0.9046366214752197,0.09536337852478027,1.7320507764816284,0.8582254648208618,0.14177453517913818,2.6457512378692627,0.691059410572052,0.308940589427948
survset:UnempDur,Weibull_AFT,5,46,2045,1.7320507764816284,1,1.4142135381698608,0.8857857584953308,0.11421424150466919,1.7320507764816284,0.8310937881469727,0.16890621185302734,2.6457512378692627,0.6394330859184265,0.3605669140815735
survset:UnempDur,Weibull_AFT,5,46,1091,2.6457512378692627,0,1.4142135381698608,0.9152991771697998,0.0847008228302002,1.7320507764816284,0.8737044334411621,0.1262955665588379,2.6457512378692627,0.7215705513954163,0.27842944860458374
survset:UnempDur,Weibull_AFT,5,46,2901,1.4142135381698608,1,1.4142135381698608,0.7195003032684326,0.2804996967315674,1.7320507764816284,0.605202853679657,0.394797146320343,2.6457512378692627,0.2970690131187439,0.7029309868812561
survset:UnempDur,Weibull_AFT,5,46,978,2.6457512378692627,1,1.4142135381698608,0.8875876665115356,0.11241233348846436,1.7320507764816284,0.8336741328239441,0.1663258671760559,2.6457512378692627,0.6442421674728394,0.35575783252716064
survset:UnempDur,Weibull_AFT,5,46,1134,2.6457512378692627,1,1.4142135381698608,0.6905084848403931,0.30949151515960693,1.7320507764816284,0.5683980584144592,0.43160194158554077,2.6457512378692627,0.2552691400051117,0.7447308599948883
survset:UnempDur,Weibull_AFT,5,46,1034,1.4142135381698608,1,1.4142135381698608,0.6825001239776611,0.31749987602233887,1.7320507764816284,0.558372437953949,0.441627562046051,2.6457512378692627,0.24452224373817444,0.7554777562618256
survset:UnempDur,Weibull_AFT,5,46,3144,1.4142135381698608,0,1.4142135381698608,0.893622100353241,0.10637789964675903,1.7320507764816284,0.8423359990119934,0.1576640009880066,2.6457512378692627,0.6605399250984192,0.3394600749015808
survset:UnempDur,Weibull_AFT,5,46,1379,2.8284270763397217,0,1.4142135381698608,0.9029874801635742,0.09701251983642578,1.7320507764816284,0.8558399677276611,0.14416003227233887,2.6457512378692627,0.6864258646965027,0.3135741353034973
survset:UnempDur,Weibull_AFT,5,46,139,2.4494898319244385,1,1.4142135381698608,0.8814783692359924,0.11852163076400757,1.7320507764816284,0.8249364495277405,0.17506355047225952,2.6457512378692627,0.6280429363250732,0.37195706367492676
survset:UnempDur,Weibull_AFT,5,46,596,1.0,1,1.4142135381698608,0.6531360745429993,0.34686392545700073,1.7320507764816284,0.5221417546272278,0.4778582453727722,2.6457512378692627,0.2079208940267563,0.7920791059732437
survset:UnempDur,Weibull_AFT,5,46,878,1.4142135381698608,1,1.4142135381698608,0.8806989789009094,0.11930102109909058,1.7320507764816284,0.8238239884376526,0.1761760115623474,2.6457512378692627,0.6259979009628296,0.3740020990371704
survset:UnempDur,Weibull_AFT,5,46,2762,2.0,1,1.4142135381698608,0.8798282742500305,0.12017172574996948,1.7320507764816284,0.8225817680358887,0.17741823196411133,2.6457512378692627,0.6237189173698425,0.37628108263015747
survset:UnempDur,Weibull_AFT,5,46,2845,1.7320507764816284,1,1.4142135381698608,0.7485445737838745,0.2514554262161255,1.7320507764816284,0.6428642272949219,0.3571357727050781,2.6457512378692627,0.34373727440834045,0.6562627255916595
survset:UnempDur,Weibull_AFT,5,46,2206,1.7320507764816284,0,1.4142135381698608,0.7769649028778076,0.22303509712219238,1.7320507764816284,0.6804677248001099,0.31953227519989014,2.6457512378692627,0.39436453580856323,0.6056354641914368
survset:UnempDur,Weibull_AFT,5,46,1313,3.605551242828369,0,1.4142135381698608,0.9140310883522034,0.08596891164779663,1.7320507764816284,0.8718584775924683,0.12814152240753174,2.6457512378692627,0.7178913950920105,0.2821086049079895
survset:UnempDur,Weibull_AFT,5,46,2368,4.123105525970459,0,1.4142135381698608,0.9026069641113281,0.09739303588867188,1.7320507764816284,0.8552898168563843,0.14471018314361572,2.6457512378692627,0.6853599548339844,0.3146400451660156
survset:UnempDur,Weibull_AFT,5,46,885,3.0,0,1.4142135381698608,0.7227754592895508,0.2772245407104492,1.7320507764816284,0.6094104051589966,0.3905895948410034,2.6457512378692627,0.3020854890346527,0.6979145109653473
survset:UnempDur,Weibull_AFT,5,46,110,2.6457512378692627,0,1.4142135381698608,0.7530392408370972,0.24696075916290283,1.7320507764816284,0.6487621068954468,0.3512378931045532,2.6457512378692627,0.35140904784202576,0.6485909521579742
survset:UnempDur,Weibull_AFT,5,46,688,1.4142135381698608,0,1.4142135381698608,0.8874382972717285,0.11256170272827148,1.7320507764816284,0.8334601521492004,0.16653984785079956,2.6457512378692627,0.6438425183296204,0.35615748167037964
survset:UnempDur,Weibull_AFT,5,46,2523,2.2360680103302,1,1.4142135381698608,0.7430187463760376,0.2569812536239624,1.7320507764816284,0.6356387734413147,0.3643612265586853,2.6457512378692627,0.3344736695289612,0.6655263304710388
survset:UnempDur,Weibull_AFT,5,46,1260,1.0,1,1.4142135381698608,0.7511178255081177,0.24888217449188232,1.7320507764816284,0.6462385654449463,0.3537614345550537,2.6457512378692627,0.34811434149742126,0.6518856585025787
survset:UnempDur,Weibull_AFT,5,46,1103,1.7320507764816284,1,1.4142135381698608,0.6941041350364685,0.3058958649635315,1.7320507764816284,0.5729194283485413,0.42708057165145874,2.6457512378692627,0.2602047026157379,0.7397952973842621
survset:UnempDur,Weibull_AFT,5,46,2738,1.4142135381698608,1,1.4142135381698608,0.7315497398376465,0.2684502601623535,1.7320507764816284,0.6207321286201477,0.3792678713798523,2.6457512378692627,0.3158290684223175,0.6841709315776825
survset:UnempDur,Weibull_AFT,5,46,530,1.7320507764816284,1,1.4142135381698608,0.9010568857192993,0.09894311428070068,1.7320507764816284,0.8530501127243042,0.1469498872756958,2.6457512378692627,0.6810302138328552,0.3189697861671448
survset:UnempDur,Weibull_AFT,5,46,1649,1.4142135381698608,1,1.4142135381698608,0.6922794580459595,0.3077205419540405,1.7320507764816284,0.5706234574317932,0.4293765425682068,2.6457512378692627,0.25769147276878357,0.7423085272312164
survset:UnempDur,Weibull_AFT,5,46,3018,2.2360680103302,0,1.4142135381698608,0.8742514252662659,0.12574857473373413,1.7320507764816284,0.8146411180496216,0.18535888195037842,2.6457512378692627,0.6092656850814819,0.39073431491851807
survset:UnempDur,Weibull_AFT,5,46,2937,2.6457512378692627,1,1.4142135381698608,0.8803468942642212,0.11965310573577881,1.7320507764816284,0.8233215808868408,0.17667841911315918,2.6457512378692627,0.6250755786895752,0.3749244213104248
survset:UnempDur,Weibull_AFT,5,46,1715,3.872983455657959,1,1.4142135381698608,0.8901599645614624,0.1098400354385376,1.7320507764816284,0.8373627066612244,0.16263729333877563,2.6457512378692627,0.6511531472206116,0.3488468527793884
survset:UnempDur,Weibull_AFT,5,46,104,2.4494898319244385,0,1.4142135381698608,0.9015017747879028,0.09849822521209717,1.7320507764816284,0.8536927103996277,0.14630728960037231,2.6457512378692627,0.6822708249092102,0.3177291750907898
survset:UnempDur,Weibull_AFT,5,46,852,1.0,1,1.4142135381698608,0.7220590114593506,0.2779409885406494,1.7320507764816284,0.6084892153739929,0.3915107846260071,2.6457512378692627,0.3009829521179199,0.6990170478820801
survset:UnempDur,Weibull_AFT,5,46,1389,2.6457512378692627,0,1.4142135381698608,0.7447366118431091,0.25526338815689087,1.7320507764816284,0.6378819942474365,0.3621180057525635,2.6457512378692627,0.3373337984085083,0.6626662015914917
survset:UnempDur,Weibull_AFT,5,46,2920,1.0,1,1.4142135381698608,0.7183198928833008,0.2816801071166992,1.7320507764816284,0.6036888957023621,0.39631110429763794,2.6457512378692627,0.29527604579925537,0.7047239542007446
survset:UnempDur,Weibull_AFT,5,46,2266,2.2360680103302,1,1.4142135381698608,0.7607558965682983,0.23924410343170166,1.7320507764816284,0.6589309573173523,0.3410690426826477,2.6457512378692627,0.3648701608181,0.6351298391819
survset:UnempDur,Weibull_AFT,5,46,1684,2.6457512378692627,1,1.4142135381698608,0.6570246815681458,0.34297531843185425,1.7320507764816284,0.5268914103507996,0.47310858964920044,2.6457512378692627,0.21252179145812988,0.7874782085418701
survset:UnempDur,Weibull_AFT,5,46,2186,2.6457512378692627,0,1.4142135381698608,0.8688195943832397,0.13118040561676025,1.7320507764816284,0.8069325089454651,0.1930674910545349,2.6457512378692627,0.5954245328903198,0.4045754671096802
survset:UnempDur,Weibull_AFT,5,46,929,3.0,0,1.4142135381698608,0.8751278519630432,0.12487214803695679,1.7320507764816284,0.8158872723579407,0.18411272764205933,2.6457512378692627,0.6115208268165588,0.38847917318344116
survset:UnempDur,Weibull_AFT,5,46,2015,5.0,0,1.4142135381698608,0.736780047416687,0.263219952583313,1.7320507764816284,0.6275150179862976,0.3724849820137024,2.6457512378692627,0.32423511147499084,0.6757648885250092
survset:UnempDur,Weibull_AFT,5,46,1269,1.0,1,1.4142135381698608,0.7433777451515198,0.2566222548484802,1.7320507764816284,0.636107325553894,0.36389267444610596,2.6457512378692627,0.3350698947906494,0.6649301052093506
survset:UnempDur,Weibull_AFT,5,46,2229,1.0,1,1.4142135381698608,0.6332026124000549,0.36679738759994507,1.7320507764816284,0.49802789092063904,0.501972109079361,2.6457512378692627,0.1854666918516159,0.8145333081483841
survset:UnempDur,Weibull_AFT,5,46,1886,1.4142135381698608,1,1.4142135381698608,0.8894716501235962,0.11052834987640381,1.7320507764816284,0.8363751173019409,0.16362488269805908,2.6457512378692627,0.6492985486984253,0.3507014513015747
survset:UnempDur,Weibull_AFT,5,46,2340,1.0,1,1.4142135381698608,0.6595776677131653,0.3404223322868347,1.7320507764816284,0.5300177931785583,0.46998220682144165,2.6457512378692627,0.21558250486850739,0.7844174951314926
survset:UnempDur,Weibull_AFT,5,46,851,3.316624879837036,0,1.4142135381698608,0.6931931376457214,0.30680686235427856,1.7320507764816284,0.5717726945877075,0.4282273054122925,2.6457512378692627,0.2589477002620697,0.7410522997379303
survset:UnempDur,Weibull_AFT,5,46,2199,3.7416574954986572,0,1.4142135381698608,0.8600232005119324,0.13997679948806763,1.7320507764816284,0.7945026755332947,0.20549732446670532,2.6457512378692627,0.5734978318214417,0.42650216817855835
survset:UnempDur,Weibull_AFT,5,46,898,3.0,0,1.4142135381698608,0.8727282285690308,0.12727177143096924,1.7320507764816284,0.8124769330024719,0.18752306699752808,2.6457512378692627,0.6053609848022461,0.3946390151977539
survset:UnempDur,Weibull_AFT,5,46,680,1.4142135381698608,1,1.4142135381698608,0.7321539521217346,0.2678460478782654,1.7320507764816284,0.6215144395828247,0.3784855604171753,2.6457512378692627,0.31679195165634155,0.6832080483436584
survset:UnempDur,Weibull_AFT,5,46,1957,2.2360680103302,0,1.4142135381698608,0.8749459981918335,0.1250540018081665,1.7320507764816284,0.815628707408905,0.18437129259109497,2.6457512378692627,0.6110524535179138,0.3889475464820862
survset:UnempDur,Weibull_AFT,5,46,1582,1.0,1,1.4142135381698608,0.8953285217285156,0.10467147827148438,1.7320507764816284,0.8447909355163574,0.15520906448364258,2.6457512378692627,0.6652024984359741,0.3347975015640259
survset:UnempDur,Weibull_AFT,5,46,11,1.4142135381698608,1,1.4142135381698608,0.7373798489570618,0.26262015104293823,1.7320507764816284,0.6282944679260254,0.3717055320739746,2.6457512378692627,0.3252093493938446,0.6747906506061554
survset:UnempDur,Weibull_AFT,5,46,762,4.582575798034668,1,1.4142135381698608,0.8892003893852234,0.11079961061477661,1.7320507764816284,0.8359860777854919,0.16401392221450806,2.6457512378692627,0.6485688090324402,0.3514311909675598
survset:UnempDur,Weibull_AFT,5,46,2540,2.2360680103302,0,1.4142135381698608,0.6903218626976013,0.3096781373023987,1.7320507764816284,0.5681636929512024,0.4318363070487976,2.6457512378692627,0.25501489639282227,0.7449851036071777
survset:UnempDur,Weibull_AFT,5,46,3237,2.0,0,1.4142135381698608,0.8775129914283752,0.12248700857162476,1.7320507764816284,0.8192819952964783,0.18071800470352173,2.6457512378692627,0.6176885962486267,0.3823114037513733
survset:UnempDur,Weibull_AFT,5,46,1070,1.4142135381698608,0,1.4142135381698608,0.7733963131904602,0.2266036868095398,1.7320507764816284,0.6757056713104248,0.3242943286895752,2.6457512378692627,0.38772711157798767,0.6122728884220123
survset:UnempDur,Weibull_AFT,5,46,1648,2.0,1,1.4142135381698608,0.704830527305603,0.295169472694397,1.7320507764816284,0.5864803194999695,0.4135196805000305,2.6457512378692627,0.2753413915634155,0.7246586084365845
survset:UnempDur,Weibull_AFT,5,46,3036,1.7320507764816284,1,1.4142135381698608,0.655066967010498,0.34493303298950195,1.7320507764816284,0.5244983434677124,0.4755016565322876,2.6457512378692627,0.21019628643989563,0.7898037135601044
survset:UnempDur,Weibull_AFT,5,46,552,1.0,1,1.4142135381698608,0.880122721195221,0.11987727880477905,1.7320507764816284,0.8230018615722656,0.17699813842773438,2.6457512378692627,0.6244890093803406,0.3755109906196594
survset:UnempDur,Weibull_AFT,5,46,1606,1.7320507764816284,0,1.4142135381698608,0.874668300151825,0.12533169984817505,1.7320507764816284,0.8152337670326233,0.1847662329673767,2.6457512378692627,0.6103375554084778,0.3896624445915222
survset:UnempDur,Weibull_AFT,5,46,191,3.316624879837036,0,1.4142135381698608,0.8555752635002136,0.14442473649978638,1.7320507764816284,0.7882428765296936,0.2117571234703064,2.6457512378692627,0.5626373887062073,0.4373626112937927
survset:UnempDur,Weibull_AFT,5,46,825,1.4142135381698608,1,1.4142135381698608,0.9142798185348511,0.08572018146514893,1.7320507764816284,0.8722204566001892,0.1277795433998108,2.6457512378692627,0.7186119556427002,0.2813880443572998
survset:UnempDur,Weibull_AFT,5,46,1417,2.4494898319244385,0,1.4142135381698608,0.6640212535858154,0.33597874641418457,1.7320507764816284,0.5354745984077454,0.46452540159225464,2.6457512378692627,0.2209862321615219,0.7790137678384781
survset:UnempDur,Weibull_AFT,5,46,2434,1.0,1,1.4142135381698608,0.7439113259315491,0.2560886740684509,1.7320507764816284,0.6368039846420288,0.3631960153579712,2.6457512378692627,0.33595752716064453,0.6640424728393555
survset:UnempDur,Weibull_AFT,5,46,418,3.0,1,1.4142135381698608,0.8836957216262817,0.11630427837371826,1.7320507764816284,0.8281040787696838,0.17189592123031616,2.6457512378692627,0.6338876485824585,0.3661123514175415
survset:UnempDur,Weibull_AFT,5,46,1726,3.605551242828369,0,1.4142135381698608,0.9303989410400391,0.06960105895996094,1.7320507764816284,0.8957874178886414,0.10421258211135864,2.6457512378692627,0.766443133354187,0.233556866645813
survset:UnempDur,Weibull_AFT,5,46,2687,3.0,0,1.4142135381698608,0.8785930275917053,0.12140697240829468,1.7320507764816284,0.820820689201355,0.17917931079864502,2.6457512378692627,0.6204963326454163,0.37950366735458374
survset:UnempDur,Weibull_AFT,5,46,1958,1.4142135381698608,1,1.4142135381698608,0.8685990571975708,0.1314009428024292,1.7320507764816284,0.8066200613975525,0.1933799386024475,2.6457512378692627,0.5948674082756042,0.40513259172439575
survset:UnempDur,Weibull_AFT,5,46,635,1.0,1,1.4142135381698608,0.730675995349884,0.26932400465011597,1.7320507764816284,0.6196014881134033,0.3803985118865967,2.6457512378692627,0.3144404888153076,0.6855595111846924
survset:UnempDur,Weibull_AFT,5,46,366,3.872983455657959,0,1.4142135381698608,0.8680389523506165,0.13196104764938354,1.7320507764816284,0.805826723575592,0.19417327642440796,2.6457512378692627,0.5934543013572693,0.4065456986427307
survset:UnempDur,Weibull_AFT,5,46,1659,3.7416574954986572,0,1.4142135381698608,0.8768609166145325,0.12313908338546753,1.7320507764816284,0.8183534145355225,0.18164658546447754,2.6457512378692627,0.6159979104995728,0.38400208950042725
survset:UnempDur,Weibull_AFT,5,46,1946,1.0,1,1.4142135381698608,0.6618953943252563,0.33810460567474365,1.7320507764816284,0.532861590385437,0.467138409614563,2.6457512378692627,0.2183888703584671,0.7816111296415329
survset:UnempDur,Weibull_AFT,5,46,405,1.0,1,1.4142135381698608,0.8915015459060669,0.1084984540939331,1.7320507764816284,0.839288592338562,0.160711407661438,2.6457512378692627,0.6547788381576538,0.3452211618423462
survset:UnempDur,Weibull_AFT,5,46,1344,1.0,1,1.4142135381698608,0.6910865902900696,0.3089134097099304,1.7320507764816284,0.5691242218017578,0.4308757781982422,2.6457512378692627,0.25605809688568115,0.7439419031143188
survset:UnempDur,Weibull_AFT,5,46,988,1.4142135381698608,1,1.4142135381698608,0.8913876414299011,0.10861235857009888,1.7320507764816284,0.8391250371932983,0.16087496280670166,2.6457512378692627,0.6544705033302307,0.3455294966697693
survset:UnempDur,Weibull_AFT,5,46,278,3.0,1,1.4142135381698608,0.8627997040748596,0.13720029592514038,1.7320507764816284,0.7984188199043274,0.2015811800956726,2.6457512378692627,0.5803539752960205,0.4196460247039795
survset:UnempDur,Weibull_AFT,5,46,2259,2.2360680103302,1,1.4142135381698608,0.6495665311813354,0.35043346881866455,1.7320507764816284,0.5177947878837585,0.48220521211624146,2.6457512378692627,0.2037617564201355,0.7962382435798645
survset:UnempDur,Weibull_AFT,5,46,608,1.7320507764816284,0,1.4142135381698608,0.9131839275360107,0.08681607246398926,1.7320507764816284,0.8706260919570923,0.12937390804290771,2.6457512378692627,0.7154411673545837,0.28455883264541626
