time,S_low,S_high
0.0,1.0,1.0
0.40824830532073975,,1.0
0.5,1.0,0.9998112138946585
0.64549720287323,,0.9998112138946585
0.7071067690849304,,0.9998112138946585
0.7359800934791565,,0.9998112138946585
1.1902379989624023,,0.9996223207879344
1.5138251781463623,,0.9994334276812082
1.8142950534820557,,0.9992445345744836
1.8484227657318115,,0.9992445345744836
1.8596594333648682,,0.9992445345744836
1.9685019254684448,,0.999055212002567
2.0916500091552734,1.0,
2.1213202476501465,,0.999055212002567
2.2638463973999023,,0.9988658535469186
2.354074478149414,,0.9986764950912705
2.6614532470703125,1.0,
2.692582368850708,,0.9986764950912705
2.7462093830108643,,0.9986764950912705
2.872281312942505,,0.9986764950912705
2.9083213806152344,,0.9986764950912705
2.972092390060425,,0.998486956944546
2.986078977584839,,0.9982974187978212
2.9930474758148193,,0.9982974187978212
3.041381359100342,,0.9982974187978212
3.0550503730773926,1.0,
3.221024751663208,,0.9981078086518002
3.2532033920288086,1.0,
3.3726844787597656,,0.9981078086518002
3.5059473514556885,1.0,
3.5118844509124756,,0.9981078086518002
3.5178117752075195,,0.9981078086518002
3.523729085922241,,0.9981078086518002
3.535533905029297,,0.9979178014542655
3.5648748874664307,,0.9979178014542655
3.570714235305786,,0.9979178014542655
3.6514837741851807,,0.9979178014542655
3.758324146270752,,0.9977275769400723
3.8024115562438965,,0.997537352425879
4.163331985473633,,0.9973471279116879
4.188277244567871,,0.9971569033974947
4.306003570556641,,0.9971569033974947
4.3108391761779785,,0.9971569033974947
4.315669059753418,1.0,0.9971569033974947
4.3827314376831055,,0.9971569033974947
4.392228126525879,,0.9969659868929188
4.40170431137085,1.0,
4.495368003845215,,0.996775070388343
4.504627227783203,,0.996775070388343
4.509249687194824,,0.996775070388343
4.5230889320373535,0.9998069125313762,
4.527692794799805,0.9998069125313762,
4.536885738372803,,0.996775070388343
4.56435489654541,0.9996137877655786,
4.573474407196045,,0.996775070388343
4.641300201416016,,0.996775070388343
4.663689613342285,,0.9965837140684375
4.77842378616333,,0.9963923577485303
4.932882785797119,,0.9962010014286247
4.949747562408447,,0.9962010014286247
5.004164695739746,0.9996137877655786,
5.090841293334961,,0.9960092768325075
5.1031036376953125,,0.9960092768325075
5.224142551422119,,0.9960092768325075
5.228128910064697,,0.9960092768325075
5.236092567443848,,0.9960092768325075
5.24006986618042,,0.9960092768325075
5.318991184234619,,0.9958168856258558
5.435224533081055,,0.9958168856258558
5.515130519866943,,0.9956244572421586
5.552777290344238,,0.9954320288584632
5.590169906616211,0.9996137877655786,0.9954320288584632
5.593895435333252,0.9996137877655786,0.9954320288584632
5.597618579864502,,0.9954320288584632
5.601339340209961,,0.9954320288584632
5.6087727546691895,0.9996137877655786,
5.612485885620117,0.9996137877655786,
5.616196632385254,0.9996137877655786,
5.667891979217529,0.9996137877655786,
5.682575702667236,0.9996137877655786,0.9954320288584632
5.6862406730651855,,0.9954320288584632
5.689903259277344,,0.9954320288584632
5.697221279144287,0.9994198386410607,
5.784317970275879,,0.9954320288584632
5.8594651222229,,0.9952378739864414
5.8736701011657715,,0.9952378739864414
5.947688579559326,,0.9950436812305418
5.965176582336426,0.9994198386410607,
6.191391944885254,,0.9950436812305418
6.254998207092285,,0.9950436812305418
6.258327960968018,,0.9950436812305418
6.264982223510742,,0.9950436812305418
6.271629333496094,,0.9950436812305418
6.347571849822998,0.9994198386410607,0.9950436812305418
6.416125774383545,,0.9948486893274987
6.493586540222168,,0.9946536974244554
6.695769786834717,,0.9944587055214121
6.77618408203125,,0.9944587055214121
6.803798198699951,,0.9944587055214121
6.961202144622803,,0.9944587055214121
7.008923053741455,,0.9944587055214121
7.011894702911377,0.9994198386410607,0.9942632153099881
7.026734828948975,,0.994067648194467
7.029698848724365,0.9994198386410607,
7.08284330368042,,0.994067648194467
7.085783958435059,,0.994067648194467
7.088723659515381,,0.994067648194467
7.150174617767334,,0.994067648194467
7.153088092803955,,0.994067648194467
7.155999660491943,,0.994067648194467
7.158910751342773,,0.994067648194467
7.173446178436279,,0.994067648194467
7.219764709472656,,0.994067648194467
7.222649574279785,0.9992257388471903,0.994067648194467
7.225533485412598,0.9992257388471903,0.994067648194467
7.2284159660339355,,0.994067648194467
7.231297969818115,,0.994067648194467
7.234178066253662,,0.994067648194467
7.237057209014893,,0.994067648194467
7.239935398101807,,0.994067648194467
7.242812633514404,,0.994067648194467
7.245688438415527,,0.994067648194467
7.2629194259643555,,0.993863820503634
7.29725980758667,0.9992257388471903,
7.3172173500061035,0.9992257388471903,
7.368288040161133,0.9992257388471903,
7.371114730834961,0.9992257388471903,
7.416198253631592,0.9992257388471903,
7.477745056152344,,0.9936599928128002
7.563619136810303,,0.9936599928128002
7.577378749847412,,0.9934561233025795
7.585622310638428,,0.9932522537923596
7.626707553863525,,0.9932522537923596
7.702813148498535,,0.993048342428411
7.759402751922607,0.9992257388471903,
7.762087345123291,,0.993048342428411
7.764770984649658,,0.993048342428411
7.823575496673584,,0.993048342428411
7.828899383544922,,0.9928439694416997
7.834219932556152,,0.992639596454989
7.836878776550293,0.9992257388471903,
7.968688488006592,,0.992639596454989
8.059673309326172,,0.992435181381584
8.080326080322266,,0.992435181381584
8.082903861999512,,0.992435181381584
8.085480690002441,,0.992435181381584
8.090632438659668,,0.992435181381584
8.093207359313965,,0.992435181381584
8.095780372619629,,0.992435181381584
8.139410018920898,,0.992435181381584
8.14452838897705,,0.992435181381584
8.147085189819336,,0.992435181381584
8.15219783782959,,0.992435181381584
8.164965629577637,,0.992435181381584
8.195527076721191,,0.992435181381584
8.25378704071045,,0.992435181381584
8.25631046295166,,0.992435181381584
8.258833885192871,,0.992435181381584
8.26135540008545,,0.992435181381584
8.273955345153809,,0.992435181381584
8.276473045349121,,0.992435181381584
8.319154739379883,,0.992435181381584
8.32165813446045,,0.992435181381584
8.324161529541016,,0.992435181381584
8.359127044677734,0.9992257388471903,
8.376554489135742,0.9992257388471903,
8.443439483642578,,0.992435181381584
8.445906639099121,,0.992435181381584
8.480369567871094,,0.992435181381584
8.482826232910156,,0.9922260274972046
8.502450942993164,,0.9922260274972046
8.507349967956543,,0.9922260274972046
8.509798049926758,,0.9922260274972046
8.512246131896973,,0.9922260274972046
8.563488960266113,0.9992257388471903,0.9922260274972046
8.609587669372559,0.9992257388471903,0.9922260274972046
8.612007141113281,0.9992257388471903,
8.614425659179688,,0.9920156764207795
8.616844177246094,,0.9920156764207795
8.619260787963867,,0.9920156764207795
8.667468070983887,0.9992257388471903,
8.66987133026123,0.9992257388471903,0.9920156764207795
8.672273635864258,,0.9920156764207795
8.674675941467285,,0.9918046990331951
8.677077293395996,,0.9918046990331951
8.732124328613281,,0.9918046990331951
8.73451042175293,,0.9918046990331951
8.739278793334961,,0.9915929107139483
8.748808860778809,,0.9915929107139483
8.76070785522461,,0.9915929107139483
8.772589683532715,,0.9913809866039427
8.777338027954102,,0.9913809866039427
8.784456253051758,,0.9913809866039427
8.786827087402344,,0.9913809866039427
8.8034086227417,,0.9911688357401287
8.904586791992188,,0.9911688357401287
8.906926155090332,,0.9911688357401287
8.916276931762695,0.9990304631507182,
8.953583717346191,,0.9909562298122565
9.009254455566406,,0.9909562298122565
9.016188621520996,0.9990304631507182,
9.020809173583984,,0.9907435782607948
9.023118019104004,,0.9907435782607948
9.073771476745605,,0.9907435782607948
9.115006446838379,,0.9905303775768567
9.12870979309082,,0.9905303775768567
9.130990982055664,,0.9905303775768567
9.14011287689209,,0.9905303775768567
9.183318138122559,,0.9905303775768567
9.192388534545898,,0.9905303775768567
9.2240629196167,,0.9905303775768567
9.293815612792969,,0.9903169012023785
9.354143142700195,,0.9903169012023785
9.5,,0.9901033327526891
9.52846622467041,,0.9898897643030021
9.54157543182373,,0.9898897643030021
9.604686737060547,,0.9898897643030021
9.706097602844238,0.9988351492771794,
9.731821060180664,,0.9898897643030021
9.755340576171875,,0.9898897643030021
9.808585166931152,,0.9896756877968806
9.848857879638672,,0.9896756877968806
9.850973129272461,,0.9896756877968806
9.857315063476562,,0.9896756877968806
9.859428405761719,,0.9894607278299397
9.861541748046875,,0.9894607278299397
9.922616958618164,0.998639835403641,
9.949873924255371,,0.9894607278299397
9.956153869628906,,0.9894607278299397
9.958246231079102,0.998639835403641,0.9894607278299397
9.960338592529297,,0.9894607278299397
9.972880363464355,,0.9892449710205569
10.12834358215332,0.998639835403641,
10.163250923156738,,0.9890292142111728
10.255080223083496,,0.9890292142111728
10.257111549377441,,0.9888134103241522
10.263202667236328,,0.988597606437133
10.267261505126953,,0.988597606437133
10.269290924072266,,0.988597606437133
10.301698684692383,,0.988597606437133
10.410331726074219,,0.9883815667504122
10.440306663513184,,0.9881655270636898
10.452272415161133,,0.9879494873769687
10.458250045776367,,0.9879494873769687
10.46024227142334,,0.9879494873769687
10.498015403747559,0.9984444451012715,
10.50396728515625,0.9984444451012715,
10.537631034851074,,0.9879494873769687
10.543560028076172,,0.9879494873769687
10.545536041259766,,0.9879494873769687
10.547511100769043,,0.9877311559985429
10.54948616027832,,0.9877311559985429
10.551461219787598,,0.9877311559985429
10.57906723022461,0.9984444451012715,
10.596776008605957,,0.9875122924585482
10.598742485046387,0.9984444451012715,
10.63994026184082,,0.9875122924585482
10.641898155212402,,0.9875122924585482
10.643856048583984,,0.9875122924585482
10.64581298828125,,0.9875122924585482
10.647769927978516,,0.9875122924585482
10.649725914001465,,0.9875122924585482
10.719919204711914,0.9984444451012715,
10.72186279296875,0.9984444451012715,0.9875122924585482
10.72380542755127,,0.9875122924585482
10.725748062133789,0.9984444451012715,0.9875122924585482
10.727689743041992,0.9984444451012715,0.9875122924585482
10.729631423950195,0.9984444451012715,0.9875122924585482
10.733514785766602,,0.9875122924585482
10.739336013793945,0.9984444451012715,
10.74321460723877,,0.9872900299574316
10.779996871948242,,0.9872900299574316
10.78579330444336,0.9984444451012715,
10.789655685424805,,0.9870672156875235
10.839741706848145,,0.9870672156875235
10.87044906616211,0.9984444451012715,
10.87811279296875,0.9984444451012715,
10.923979759216309,,0.9870672156875235
10.931605339050293,,0.9870672156875235
11.03592586517334,,0.9868442000490958
11.075498580932617,,0.9866211844106654
11.088658332824707,,0.9863981687722373
11.15048599243164,,0.9863981687722373
11.19151496887207,,0.9863981687722373
11.195237159729004,,0.9863981687722373
11.215688705444336,,0.9861750017657274
11.407234191894531,,0.9861750017657274
11.423659324645996,,0.9861750017657274
11.429129600524902,,0.9859514300128899
11.450982093811035,,0.985727858260052
11.454620361328125,0.9982482870570465,
11.550613403320312,,0.985727858260052
11.561429977416992,0.9982482870570465,
11.584832191467285,0.9982482870570465,
11.710038185119629,,0.985727858260052
11.711817741394043,,0.985727858260052
11.71359634399414,,0.985727858260052
11.715374946594238,,0.985727858260052
11.749114036560059,0.9982482870570465,
11.750885963439941,0.9982482870570465,0.9855028576076312
11.757975578308105,0.9982482870570465,
11.761519432067871,,0.9852778569552086
11.807483673095703,,0.9850528563027873
11.88486385345459,,0.9850528563027873
11.968708992004395,,0.9850528563027873
12.00867748260498,,0.9850528563027873
12.010412216186523,,0.9850528563027873
12.012146949768066,,0.9850528563027873
12.013880729675293,,0.9850528563027873
12.03813362121582,0.9982482870570465,
12.046783447265625,0.9982482870570465,
12.048513412475586,,0.9850528563027873
12.050241470336914,,0.9850528563027873
12.051970481872559,,0.9850528563027873
12.053699493408203,,0.9850528563027873
12.0606107711792,0.9982482870570465,
12.064064979553223,0.9982482870570465,
12.081321716308594,0.9982482870570465,
12.083045959472656,,0.9850528563027873
12.12435531616211,,0.9850528563027873
12.174084663391113,0.9980516653735595,
12.223610877990723,,0.9850528563027873
12.276331901550293,,0.9850528563027873
12.296679496765137,,0.9850528563027873
12.29837417602539,,0.9850528563027873
12.300067901611328,,0.9850528563027873
12.340651512145996,,0.9850528563027873
12.342338562011719,0.9980516653735595,0.9850528563027873
12.382783889770508,,0.9850528563027873
12.384466171264648,,0.9850528563027873
12.466622352600098,,0.9848205872963494
12.48666000366211,,0.9848205872963494
12.539936065673828,,0.9848205872963494
12.543258666992188,,0.9848205872963494
12.54491901397705,0.9980516653735595,0.9848205872963494
12.548239707946777,,0.9848205872963494
12.556538581848145,0.9978549661884248,
12.568147659301758,,0.9848205872963494
12.569805145263672,,0.9848205872963494
12.578088760375977,,0.9848205872963494
12.579745292663574,0.9978549661884248,
12.581401824951172,,0.9848205872963494
12.583057403564453,,0.9848205872963494
12.584712982177734,,0.9848205872963494
12.601256370544434,0.9978549661884248,
12.602909088134766,0.9978549661884248,
12.604562759399414,0.9978549661884248,
12.606215476989746,0.9978549661884248,
12.617777824401855,,0.9848205872963494
12.62108039855957,0.9978549661884248,
12.6293306350708,,0.9848205872963494
12.696784019470215,,0.9845833954400653
12.739375114440918,,0.9843462035837803
12.884099006652832,,0.9843462035837803
12.88571548461914,,0.9843462035837803
12.892180442810059,,0.9843462035837803
12.893796920776367,,0.9841081512975437
12.89541244506836,,0.9841081512975437
12.897027969360352,,0.9841081512975437
12.898643493652344,,0.9838680077759975
12.911558151245117,0.9978549661884248,
12.919623374938965,,0.9838680077759975
12.921235084533691,,0.9838680077759975
12.924460411071777,,0.9838680077759975
12.92768383026123,,0.9838680077759975
12.929295539855957,,0.9838680077759975
12.930906295776367,,0.9838680077759975
12.932517051696777,,0.9838680077759975
12.934127807617188,,0.9836247169728884
12.945398330688477,,0.9836247169728884
12.958266258239746,0.9978549661884248,
12.96790885925293,,0.9836247169728884
12.969515800476074,,0.9836247169728884
12.971121788024902,,0.9836247169728884
13.001603126525879,,0.9836247169728884
13.00640869140625,0.9978549661884248,
13.019216537475586,0.9976577226687203,
13.114876747131348,0.9976577226687203,
13.241349220275879,,0.9836247169728884
13.31352710723877,0.9976577226687203,
13.344786643981934,0.9976577226687203,
13.34634780883789,0.9976577226687203,
13.365066528320312,0.9976577226687203,
13.3822021484375,0.9976577226687203,
13.386871337890625,,0.9836247169728884
13.393095016479492,,0.9836247169728884
13.39465045928955,,0.9836247169728884
13.403979301452637,,0.9836247169728884
13.408641815185547,,0.9833778232186273
13.42261791229248,0.9976577226687203,
13.424169540405273,0.9976577226687203,0.9833778232186273
13.425721168518066,0.9976577226687203,
13.427273750305176,0.9976577226687203,
13.428824424743652,0.9976577226687203,
13.452075004577637,0.9976577226687203,
13.45362377166748,0.9976577226687203,
13.456720352172852,0.9976577226687203,
13.458269119262695,0.9976577226687203,
13.459816932678223,0.9976577226687203,
13.46136474609375,0.9976577226687203,
13.462911605834961,0.9976577226687203,
13.4660062789917,,0.9833778232186273
13.470646858215332,0.9976577226687203,
13.476832389831543,,0.9831306191403921
13.489192962646484,0.9976577226687203,
13.527749061584473,,0.9831306191403921
13.540063858032227,,0.9831306191403921
13.569266319274902,0.9976577226687203,
13.610657691955566,0.9976577226687203,
13.612188339233398,0.9976577226687203,
13.615248680114746,0.9976577226687203,0.9828832284460935
13.616779327392578,0.9976577226687203,
13.618309020996094,0.9976577226687203,
13.61983871459961,0.9976577226687203,
13.621368408203125,0.9976577226687203,
13.638181686401367,0.9976577226687203,
13.63970947265625,0.9976577226687203,
13.648870468139648,0.9976577226687203,
13.650396347045898,0.9976577226687203,
13.651923179626465,0.9976577226687203,
13.690020561218262,,0.9828832284460935
13.691542625427246,0.9976577226687203,
13.693063735961914,0.9976577226687203,
13.699148178100586,0.9976577226687203,
13.761359214782715,0.9974508255881167,
13.791603088378906,,0.9828832284460935
13.87143325805664,0.9974508255881167,
13.883443832397461,,0.9826357131531078
13.898441314697266,0.9974508255881167,
13.90143871307373,0.9974508255881167,
13.907432556152344,0.9974508255881167,
13.937359809875488,0.9974508255881167,
13.938855171203613,,0.9826357131531078
13.944831848144531,0.9974508255881167,0.9823881354979924
13.968714714050293,0.9974508255881167,
13.974679946899414,0.9974508255881167,
13.97616958618164,0.9974508255881167,
13.979151725769043,,0.9823881354979924
13.997023582458496,0.9974508255881167,
13.99851131439209,0.9974508255881167,
14.068285942077637,,0.9821404954335862
14.094916343688965,,0.9818928553691801
14.118545532226562,0.9974508255881167,
14.146553993225098,0.9974508255881167,
14.148027420043945,0.9974508255881167,
14.14949893951416,0.9974508255881167,
14.21853256225586,,0.9816452153047749
14.249269485473633,,0.9816452153047749
14.252192497253418,0.9974508255881167,
14.288690567016602,,0.9816452153047749
14.29306411743164,,0.9816452153047749
14.29452133178711,,0.9816452153047749
14.295978546142578,,0.9816452153047749
14.365757942199707,0.9974508255881167,
14.367208480834961,0.9974508255881167,
14.368658065795898,0.9974508255881167,
14.370107650756836,0.9974508255881167,
14.412089347839355,,0.9816452153047749
14.436643600463867,,0.9816452153047749
14.44529914855957,,0.9813970117105131
14.4769926071167,,0.9813970117105131
14.494251251220703,,0.9813970117105131
14.512925148010254,,0.9813970117105131
14.56737232208252,0.9974508255881167,
14.58023738861084,,0.981148619654903
14.604508399963379,0.9974508255881167,
14.605935096740723,0.9974508255881167,
14.634434700012207,,0.981148619654903
14.63728141784668,0.9974508255881167,
14.638704299926758,0.9974508255881167,
14.64439582824707,0.9974508255881167,
14.645818710327148,0.9974508255881167,
14.657194137573242,0.9974508255881167,
14.658615112304688,0.9974508255881167,
14.667140007019043,0.9974508255881167,
14.668560981750488,0.9974508255881167,
14.6699800491333,0.9974508255881167,
14.671401023864746,0.9974508255881167,
14.672821044921875,0.9974508255881167,
14.699772834777832,0.9974508255881167,
14.702608108520508,0.9974508255881167,
14.704024314880371,0.9974508255881167,
14.70544147491455,0.9974508255881167,
14.706857681274414,0.9974508255881167,
14.708273887634277,0.9974508255881167,
14.735161781311035,,0.981148619654903
14.736576080322266,,0.981148619654903
14.742229461669922,,0.9809000388037105
14.743642807006836,,0.980651457952519
14.787382125854492,0.9974508255881167,
14.788790702819824,0.9974508255881167,
14.805685997009277,0.9974508255881167,
14.816938400268555,0.9974508255881167,
14.842226028442383,0.9974508255881167,
14.854853630065918,,0.9804028140737283
14.875875473022461,0.9974508255881167,
14.877275466918945,0.9974508255881167,0.9801541701949364
14.878676414489746,0.9974508255881167,0.9799055263161457
14.88007640838623,,0.9799055263161457
14.8828763961792,0.9974508255881167,
14.884276390075684,0.9974508255881167,
14.898265838623047,,0.9799055263161457
14.899664878845215,0.9974508255881167,
14.902460098266602,0.9974508255881167,
14.905256271362305,0.9974508255881167,
14.90665340423584,0.9974508255881167,
14.908051490783691,0.9974508255881167,
14.910845756530762,0.9974508255881167,
14.912242889404297,0.9974508255881167,
14.913640022277832,0.9974508255881167,
14.916434288024902,,0.9799055263161457
14.93597412109375,,0.9799055263161457
14.941553115844727,0.9974508255881167,
14.942947387695312,0.9974508255881167,
14.945734977722168,0.9974508255881167,
14.95688247680664,,0.9796566298146667
14.961060523986816,0.9974508255881167,
14.976370811462402,0.9974508255881167,
15.006942749023438,,0.9796566298146667
15.019432067871094,0.9974508255881167,
15.045763969421387,,0.9796566298146667
15.048532485961914,,0.9796566298146667
15.058219909667969,0.9974508255881167,
15.091388702392578,0.9974508255881167,
15.10380744934082,0.9974508255881167,
15.10932445526123,0.9974508255881167,
15.110702514648438,0.9974508255881167,
15.114837646484375,0.9974508255881167,
15.117594718933105,,0.9796566298146667
15.138252258300781,,0.9794074801122723
15.139627456665039,,0.9794074801122723
15.142379760742188,0.9974508255881167,
15.143754959106445,0.9974508255881167,
15.14925765991211,0.9974508255881167,0.9791582670130073
15.150632858276367,0.9974508255881167,
15.164377212524414,,0.9791582670130073
15.16712474822998,0.9974508255881167,
15.168498039245605,0.9974508255881167,
15.17261791229248,0.9974508255881167,
15.173991203308105,0.9974508255881167,
15.175363540649414,0.9974508255881167,
15.176736831665039,0.9974508255881167,
15.178109169006348,0.9974508255881167,
15.179481506347656,0.9974508255881167,
15.180853843688965,0.9974508255881167,
15.182226181030273,0.9974508255881167,
15.183598518371582,0.9974508255881167,
15.18497085571289,0.9974508255881167,0.9791582670130073
15.194571495056152,0.9974508255881167,
15.200055122375488,0.9974508255881167,
15.238383293151855,0.9974508255881167,
15.271160125732422,,0.9791582670130073
15.28207015991211,,0.9791582670130073
15.305228233337402,0.9974508255881167,
15.306589126586914,0.9974508255881167,
15.307950019836426,0.9974508255881167,
15.332427024841309,0.9974508255881167,
15.333786010742188,0.9974508255881167,
15.341936111450195,0.9974508255881167,
15.343294143676758,0.9974508255881167,
15.346009254455566,0.9974508255881167,
15.347367286682129,0.9974508255881167,
15.348724365234375,,0.9791582670130073
15.351438522338867,,0.9791582670130073
15.359579086303711,,0.9791582670130073
15.36093521118164,,0.9791582670130073
15.370426177978516,0.9974508255881167,
15.382619857788086,,0.9789080348977485
15.396157264709473,0.9974508255881167,
15.397510528564453,,0.9789080348977485
15.398863792419434,0.9974508255881167,
15.412386894226074,,0.9789080348977485
15.465014457702637,,0.9789080348977485
15.473094940185547,,0.9789080348977485
15.475787162780762,0.997216351957278,
15.533565521240234,0.997216351957278,
15.542950630187988,,0.9789080348977485
15.564382553100586,0.997216351957278,
15.56572151184082,0.997216351957278,
15.567059516906738,0.997216351957278,
15.583110809326172,,0.9789080348977485
15.59914493560791,0.997216351957278,
15.60582160949707,,0.9789080348977485
15.625833511352539,0.997216351957278,0.9789080348977485
15.627166748046875,0.997216351957278,
15.648482322692871,0.997216351957278,
15.66312026977539,,0.9789080348977485
15.668439865112305,,0.9786572257676183
15.717559814453125,,0.9784064166374876
15.726834297180176,,0.9781556075073577
15.754629135131836,0.997216351957278,
15.75859546661377,0.997216351957278,
15.759917259216309,0.997216351957278,
15.767847061157227,,0.9781556075073577
15.788972854614258,0.997216351957278,
15.790291786193848,0.997216351957278,
15.792930603027344,0.997216351957278,0.9781556075073577
15.794249534606934,0.997216351957278,0.9781556075073577
15.79556941986084,0.997216351957278,0.9781556075073577
15.800844192504883,,0.9781556075073577
15.8232421875,0.997216351957278,
15.845608711242676,0.997216351957278,
15.852182388305664,0.997216351957278,
15.854809761047363,,0.9779044764142885
15.857438087463379,0.997216351957278,
15.85875129699707,0.997216351957278,
15.883691787719727,0.997216351957278,
15.885003089904785,0.997216351957278,
15.945219039916992,,0.9779044764142885
15.980456352233887,0.997216351957278,
15.98176097869873,0.997216351957278,
15.983063697814941,0.997216351957278,
16.022119522094727,,0.9779044764142885
16.045509338378906,0.997216351957278,
16.04680633544922,0.997216351957278,0.9779044764142885
16.13097381591797,0.997216351957278,
16.191560745239258,0.997216351957278,
16.194135665893555,0.997216351957278,
16.19542121887207,0.997216351957278,
16.19670867919922,0.997216351957278,
16.197994232177734,0.997216351957278,
16.200565338134766,0.997216351957278,
16.20185089111328,0.997216351957278,
16.2249813079834,0.997216351957278,
16.22626495361328,0.997216351957278,
16.227548599243164,0.997216351957278,
16.228832244873047,0.997216351957278,
16.23011589050293,0.997216351957278,
16.24166488647461,0.997216351957278,
16.254486083984375,0.997216351957278,
16.255767822265625,0.997216351957278,0.9779044764142885
16.257049560546875,0.997216351957278,
16.28137969970703,0.997216351957278,
16.28265953063965,0.997216351957278,
16.2890567779541,0.997216351957278,
16.29161262512207,0.997216351957278,
16.349056243896484,0.997216351957278,
16.411378860473633,,0.9779044764142885
16.431676864624023,0.997216351957278,
16.43294334411621,0.997216351957278,
16.43801498413086,0.997216351957278,0.977652957773237
16.439281463623047,0.997216351957278,
16.453216552734375,,0.977652957773237
16.460811614990234,0.997216351957278,
16.47093391418457,0.997216351957278,0.977652957773237
16.474727630615234,0.997216351957278,
16.47599220275879,0.997216351957278,
16.48610496520996,,0.977652957773237
16.51136016845703,,0.9774012448592886
16.51262092590332,0.997216351957278,
16.59819221496582,,0.9771495319453417
16.61701011657715,,0.9768978190313932
16.683324813842773,,0.9766461061174448
16.712020874023438,0.997216351957278,
16.713268280029297,0.997216351957278,
16.715761184692383,,0.976394393203497
16.71700668334961,0.997216351957278,
16.744401931762695,0.997216351957278,
16.828794479370117,,0.976394393203497
16.85971450805664,,0.9761426153816289
16.881942749023438,,0.9761426153816289
16.889345169067383,0.997216351957278,
16.890579223632812,0.997216351957278,
16.891813278198242,0.997216351957278,
16.89304542541504,0.997216351957278,
16.904142379760742,0.997216351957278,
16.90537452697754,,0.9758907726016028
16.906606674194336,0.997216351957278,
16.907838821411133,0.997216351957278,
16.912765502929688,,0.9758907726016028
16.917694091796875,,0.9758907726016028
16.91892433166504,,0.9756386695862059
16.92138671875,0.997216351957278,
16.922618865966797,0.997216351957278,
16.92384910583496,0.997216351957278,
16.925081253051758,,0.9756386695862059
16.947221755981445,,0.9756386695862059
16.950910568237305,0.997216351957278,
16.96442413330078,,0.9756386695862059
16.96687889099121,,0.9756386695862059
16.968107223510742,,0.9756386695862059
16.97792625427246,0.997216351957278,
16.998775482177734,,0.9756386695862059
17.01102638244629,0.997216351957278,
17.01347541809082,0.997216351957278,
17.014699935913086,0.997216351957278,
17.03183364868164,0.997216351957278,
17.04283905029297,0.997216351957278,
17.04405975341797,0.997216351957278,0.9756386695862059
17.0452823638916,0.997216351957278,
17.06116485595703,,0.9756386695862059
17.06482696533203,,0.9756386695862059
17.06604766845703,0.997216351957278,0.9756386695862059
17.06726837158203,0.997216351957278,0.9756386695862059
17.06848907470703,0.997216351957278,0.9756386695862059
17.06970977783203,0.997216351957278,
17.0831298828125,,0.9756386695862059
17.091665267944336,0.997216351957278,
17.092884063720703,0.997216351957278,
17.097759246826172,0.997216351957278,
17.098976135253906,,0.9756386695862059
17.111156463623047,,0.9756386695862059
17.118459701538086,0.997216351957278,0.9756386695862059
17.11967658996582,0.997216351957278,0.9756386695862059
17.120893478393555,,0.9756386695862059
17.12211036682129,0.997216351957278,
17.123327255249023,0.997216351957278,0.9756386695862059
17.124544143676758,0.997216351957278,0.9756386695862059
17.12575912475586,0.997216351957278,0.9756386695862059
17.126977920532227,0.997216351957278,
17.128192901611328,0.997216351957278,
17.13670539855957,,0.9753834672138305
17.16343116760254,,0.9753834672138305
17.173137664794922,,0.9753834672138305
17.19495964050293,,0.9753834672138305
17.1961727142334,,0.9753834672138305
17.23610496520996,,0.9753834672138305
17.24214744567871,0.997216351957278,
17.243356704711914,0.997216351957278,
17.244564056396484,0.997216351957278,
17.245771408081055,0.997216351957278,
17.26026153564453,0.997216351957278,
17.269916534423828,0.997216351957278,
17.271121978759766,0.997216351957278,
17.278358459472656,,0.975127930544401
17.298843383789062,,0.975127930544401
17.31810188293457,,0.975127930544401
17.322914123535156,0.997216351957278,
17.326520919799805,0.997216351957278,
17.327722549438477,0.997216351957278,
17.386537551879883,,0.975127930544401
17.38773536682129,,0.975127930544401
17.39971351623535,,0.975127930544401
17.400909423828125,,0.975127930544401
17.423643112182617,,0.975127930544401
17.42483901977539,,0.975127930544401
17.489282608032227,,0.975127930544401
17.501190185546875,0.997216351957278,
17.50238037109375,0.997216351957278,
17.503570556640625,0.997216351957278,
17.505950927734375,0.997216351957278,
17.50714111328125,0.997216351957278,
17.508331298828125,0.997216351957278,
17.529735565185547,0.997216351957278,0.975127930544401
17.530925750732422,0.997216351957278,
17.532114028930664,0.997216351957278,
17.533302307128906,,0.975127930544401
17.580766677856445,,0.975127930544401
17.6221923828125,,0.9748714529193238
17.632829666137695,,0.9748714529193238
17.64227867126465,0.997216351957278,
17.64345932006836,0.997216351957278,
17.64463996887207,0.997216351957278,
17.668237686157227,0.997216351957278,
17.669418334960938,0.997216351957278,
17.670597076416016,0.997216351957278,
17.671775817871094,0.997216351957278,
17.698869705200195,,0.9748714529193238
17.705930709838867,,0.9748714529193238
17.718870162963867,,0.9748714529193238
17.756454467773438,,0.9746147051044911
17.822036743164062,,0.9743579572896595
17.825544357299805,,0.9743579572896595
17.845401763916016,,0.9743579572896595
17.862903594970703,0.997216351957278,
17.874563217163086,,0.9743579572896595
17.895530700683594,,0.9743579572896595
17.899023056030273,0.997216351957278,
17.919960021972656,0.997216351957278,
17.94900131225586,,0.9743579572896595
17.954803466796875,,0.9743579572896595
17.955965042114258,,0.9743579572896595
17.959444046020508,,0.9743579572896595
17.96872329711914,,0.9743579572896595
18.002315521240234,,0.9741005311450643
18.016197204589844,,0.9741005311450643
18.040464401245117,0.997216351957278,0.9741005311450643
18.04161834716797,0.997216351957278,
18.04277229309082,0.997216351957278,
18.058931350708008,0.997216351957278,
18.071617126464844,,0.9741005311450643
18.072769165039062,0.997216351957278,0.9741005311450643
18.078533172607422,,0.9738424228962188
18.09465789794922,,0.9738424228962188
18.11307144165039,,0.9738424228962188
18.1429500579834,0.997216351957278,
18.145246505737305,,0.9735841777562305
18.146394729614258,,0.9735841777562305
18.149839401245117,,0.9735841777562305
18.15098762512207,,0.9735841777562305
18.179658889770508,,0.9735841777562305
18.19798469543457,0.997216351957278,
18.202564239501953,,0.9735841777562305
18.20370864868164,0.997216351957278,0.9735841777562305
18.216293334960938,0.997216351957278,
18.220867156982422,0.997216351957278,
18.225439071655273,0.997216351957278,
18.22658348083496,0.997216351957278,
18.230012893676758,0.997216351957278,
18.231155395507812,0.997216351957278,
18.234582901000977,0.997216351957278,
18.23572540283203,0.997216351957278,
18.251712799072266,,0.9735841777562305
18.272247314453125,0.997216351957278,
18.273386001586914,0.997216351957278,
18.275667190551758,0.997216351957278,
18.2813663482666,0.997216351957278,
18.28250503540039,0.997216351957278,
18.28364372253418,0.997216351957278,
18.2847843170166,0.997216351957278,
18.28592300415039,0.997216351957278,
18.31779670715332,,0.9735841777562305
18.329166412353516,,0.9735841777562305
18.330303192138672,,0.9735841777562305
18.331439971923828,,0.9735841777562305
18.354154586791992,,0.9735841777562305
18.36323356628418,,0.9735841777562305
18.439088821411133,,0.9735841777562305
18.444738388061523,,0.9733242086833991
18.46392822265625,0.997216351957278,
18.466184616088867,,0.9733242086833991
18.46957015991211,,0.9733242086833991
18.4706974029541,,0.9733242086833991
18.477462768554688,0.997216351957278,
18.49662208557129,,0.9733242086833991
18.52363395690918,,0.9733242086833991
18.52813148498535,,0.9733242086833991
18.55060577392578,,0.9733242086833991
18.571931838989258,,0.9733242086833991
18.597715377807617,,0.9733242086833991
18.59995460510254,0.997216351957278,
18.605554580688477,,0.9733242086833991
18.6077938079834,0.997216351957278,
18.60891342163086,0.997216351957278,
18.61003303527832,0.997216351957278,0.9733242086833991
18.61115264892578,0.997216351957278,0.9730625623907421
18.631290435791016,0.997216351957278,
18.650291442871094,0.997216351957278,
18.659223556518555,,0.9730625623907421
18.660341262817383,,0.9730625623907421
18.68265724182129,,0.9728002106618681
18.71385383605957,,0.9728002106618681
18.74944496154785,,0.9728002106618681
18.763883590698242,,0.9728002106618681
18.794946670532227,,0.9728002106618681
18.80159568786621,,0.9728002106618681
18.802703857421875,,0.9728002106618681
18.80381202697754,,0.9728002106618681
18.819316864013672,,0.9728002106618681
18.820423126220703,,0.9728002106618681
18.82927703857422,,0.972535575131221
18.83148956298828,,0.972535575131221
18.832595825195312,,0.972535575131221
18.833702087402344,,0.972535575131221
18.834808349609375,,0.972535575131221
18.858022689819336,,0.972269855028727
18.87348175048828,,0.9720041349262317
18.876792907714844,,0.9717384148237365
18.897750854492188,,0.9717384148237365
18.898853302001953,,0.9717384148237365
18.91648292541504,0.997216351957278,
18.98134994506836,0.997216351957278,
18.98244857788086,0.997216351957278,
18.985740661621094,0.997216351957278,
18.98683738708496,0.997216351957278,
19.029582977294922,0.997216351957278,
19.03177261352539,0.997216351957278,
19.032865524291992,0.997216351957278,
19.033960342407227,,0.9717384148237365
19.03505516052246,,0.9717384148237365
19.05146598815918,0.997216351957278,0.9717384148237365
19.05583953857422,,0.9717384148237365
19.059118270874023,0.997216351957278,
19.060211181640625,0.997216351957278,
19.061304092407227,0.997216351957278,
19.062397003173828,0.997216351957278,
19.06458282470703,0.997216351957278,
19.065675735473633,0.997216351957278,
19.08533477783203,0.997216351957278,
19.08642578125,0.997216351957278,
19.127859115600586,,0.9717384148237365
19.146366119384766,0.997216351957278,
19.14745330810547,0.997216351957278,
19.161592483520508,0.997216351957278,
19.162681579589844,0.997216351957278,
19.163768768310547,0.997216351957278,
19.181154251098633,0.997216351957278,
19.182239532470703,0.997216351957278,
19.183326721191406,0.997216351957278,
19.18984031677246,,0.9717384148237365
19.192012786865234,0.997216351957278,
19.193098068237305,0.997216351957278,
19.194183349609375,0.997216351957278,
19.195268630981445,0.997216351957278,
19.197439193725586,,0.9717384148237365
19.205034255981445,0.997216351957278,
19.206119537353516,,0.9717384148237365
19.207202911376953,0.997216351957278,0.9717384148237365
19.208288192749023,0.997216351957278,
19.209373474121094,0.997216351957278,
19.21045684814453,0.997216351957278,
19.2115421295166,0.997216351957278,
19.21371078491211,,0.9717384148237365
19.214794158935547,,0.9717384148237365
19.215879440307617,,0.9717384148237365
19.22021484375,,0.9717384148237365
19.22130012512207,,0.9717384148237365
19.23430061340332,,0.9714675092160345
19.236467361450195,0.997216351957278,
19.24188232421875,,0.9711966036083349
19.268930435180664,0.997216351957278,
19.335847854614258,0.997216351957278,
19.348772048950195,0.997216351957278,0.9711966036083349
19.349849700927734,,0.9711966036083349
19.356307983398438,,0.9709248642116888
19.36814308166504,,0.9706531248150455
19.372446060180664,,0.9706531248150455
19.37352180480957,,0.9706531248150455
19.385347366333008,,0.9706531248150455
19.39394187927246,0.997216351957278,
19.395015716552734,,0.9706531248150455
19.411121368408203,,0.9706531248150455
19.49038314819336,,0.9703800859613703
19.514951705932617,,0.9703800859613703
19.516019821166992,,0.9703800859613703
19.520288467407227,,0.9703800859613703
19.525623321533203,,0.9703800859613703
19.526691436767578,,0.9703800859613703
19.58102798461914,,0.9703800859613703
19.58209228515625,,0.9703800859613703
19.58315658569336,0.997216351957278,0.9703800859613703
19.58740997314453,,0.9703800859613703
19.58953857421875,,0.9701054241764965
19.605484008789062,,0.9701054241764965
19.60654640197754,,0.9701054241764965
19.607608795166016,,0.9701054241764965
19.658544540405273,,0.9701054241764965
19.698772430419922,,0.9701054241764965
19.699831008911133,,0.9701054241764965
19.70088768005371,,0.9701054241764965
19.701946258544922,,0.9701054241764965
19.7030029296875,,0.9701054241764965
19.714630126953125,,0.9701054241764965
19.715686798095703,,0.9701054241764965
19.71674346923828,,0.9701054241764965
19.720970153808594,0.997216351957278,0.9701054241764965
19.722026824951172,,0.9701054241764965
19.725194931030273,,0.9701054241764965
19.72625160217285,,0.9701054241764965
19.72730827331543,,0.9701054241764965
19.729419708251953,,0.9701054241764965
19.7304744720459,,0.9701054241764965
19.731531143188477,,0.9701054241764965
19.732587814331055,,0.9701054241764965
19.735754013061523,,0.9701054241764965
19.73680877685547,,0.9701054241764965
19.74208641052246,,0.9698213523099735
19.75052833557129,,0.9698213523099735
19.767396926879883,,0.9698213523099735
19.768451690673828,,0.9698213523099735
19.76950454711914,,0.9698213523099735
19.770559310913086,,0.9698213523099735
19.78109359741211,,0.9698213523099735
19.797937393188477,,0.9698213523099735
19.805301666259766,,0.9695354379962029
19.816869735717773,,0.9695354379962029
19.86097526550293,,0.9695354379962029
19.86621856689453,,0.9692493549516481
19.871461868286133,,0.9689632719070927
19.8892765045166,,0.9689632719070927
19.902889251708984,,0.9686771043725669
19.907075881958008,,0.96839093683804
19.910215377807617,,0.96839093683804
19.9185848236084,,0.96839093683804
19.91963005065918,,0.96839093683804
19.930086135864258,,0.96839093683804
19.93113136291504,,0.96839093683804
19.93217658996582,,0.96839093683804
19.940536499023438,,0.96839093683804
19.94158172607422,,0.96839093683804
19.94471549987793,,0.96839093683804
19.94576072692871,,0.96839093683804
19.94993782043457,,0.96839093683804
19.95098114013672,,0.96839093683804
19.954113006591797,,0.96839093683804
19.955158233642578,,0.96839093683804
19.956201553344727,,0.96839093683804
19.957244873046875,,0.96839093683804
19.969768524169922,,0.96839093683804
20.02498435974121,,0.96839093683804
20.054092407226562,,0.9680980176193956
20.059288024902344,,0.9680980176193956
20.06447982788086,,0.9680980176193956
20.06551742553711,,0.9680980176193956
20.06655502319336,,0.9680980176193956
20.085235595703125,0.997216351957278,0.9680980176193956
20.101823806762695,,0.9678042094198147
20.1845645904541,,0.9678042094198147
20.185598373413086,,0.9678042094198147
20.186628341674805,,0.9678042094198147
20.19900894165039,,0.9678042094198147
20.203134536743164,,0.9675099545674534
20.25051498413086,,0.9675099545674534
20.251543045043945,,0.9675099545674534
20.271080017089844,,0.9675099545674534
20.27210807800293,,0.9675099545674534
20.273134231567383,,0.9675099545674534
20.29470443725586,,0.9675099545674534
20.295730590820312,,0.9675099545674534
20.302915573120117,,0.9675099545674534
20.303939819335938,0.997216351957278,
20.319326400756836,,0.9675099545674534
20.336748123168945,,0.9672133543361319
20.385860443115234,,0.9672133543361319
20.39607810974121,,0.9672133543361319
20.415475845336914,,0.9669165720856456
20.419557571411133,,0.9669165720856456
20.422618865966797,,0.9669165720856456
20.42363739013672,,0.9669165720856456
20.47254180908203,,0.9669165720856456
20.473560333251953,,0.9669165720856456
20.474578857421875,,0.9669165720856456
20.475595474243164,,0.9669165720856456
20.510160446166992,,0.9669165720856456
20.514223098754883,,0.9669165720856456
20.516252517700195,,0.9669165720856456
20.51828384399414,,0.9669165720856456
20.520315170288086,,0.9669165720856456
20.523361206054688,,0.9669165720856456
20.52843475341797,,0.9669165720856456
20.55885887145996,,0.9669165720856456
20.567975997924805,,0.9669165720856456
20.56899070739746,,0.9666060658004544
20.58316421508789,0.997216351957278,
20.599353790283203,,0.9666060658004544
20.600364685058594,,0.9666060658004544
20.601375579833984,,0.9666060658004544
20.602386474609375,,0.9666060658004544
20.61249542236328,,0.9666060658004544
20.613506317138672,,0.9666060658004544
20.614517211914062,,0.9666060658004544
20.615528106689453,,0.9666060658004544
20.616539001464844,,0.9666060658004544
20.617549896240234,,0.9666060658004544
20.618558883666992,,0.9666060658004544
20.619569778442383,,0.9666060658004544
20.622600555419922,,0.9666060658004544
20.634719848632812,,0.9666060658004544
20.658935546875,,0.9666060658004544
20.660953521728516,,0.9666060658004544
20.66901969909668,,0.9666060658004544
20.684133529663086,,0.9666060658004544
20.685138702392578,,0.9666060658004544
20.686145782470703,,0.9666060658004544
20.691181182861328,,0.9666060658004544
20.70326042175293,,0.9666060658004544
20.710302352905273,,0.9666060658004544
20.7113094329834,,0.9666060658004544
20.71231460571289,,0.9666060658004544
20.714326858520508,,0.9666060658004544
20.75853157043457,,0.9666060658004544
20.785612106323242,,0.9666060658004544
20.792627334594727,,0.9666060658004544
20.793628692626953,,0.9666060658004544
20.79463005065918,,0.9666060658004544
20.813657760620117,,0.9666060658004544
20.81766128540039,,0.9666060658004544
20.827665328979492,,0.9666060658004544
20.838666915893555,,0.9666060658004544
20.843664169311523,,0.9666060658004544
20.863643646240234,,0.9662873694385012
20.871631622314453,,0.9662873694385012
20.872629165649414,,0.9662873694385012
20.873628616333008,,0.9662873694385012
20.87562370300293,,0.9662873694385012
20.908531188964844,,0.9662873694385012
20.909526824951172,,0.9662873694385012
20.916500091552734,,0.9662873694385012
20.91948890686035,,0.9662873694385012
20.922475814819336,,0.9662873694385012
20.923471450805664,,0.9662873694385012
20.929445266723633,,0.9659661302864269
20.949342727661133,0.997216351957278,
20.95332145690918,,0.9659661302864269
20.968229293823242,,0.9659661302864269
20.975183486938477,0.997216351957278,
20.979156494140625,,0.9659661302864269
20.997024536132812,,0.9659661302864269
20.998016357421875,,0.9659661302864269
20.999008178710938,,0.9659661302864269
21.008926391601562,,0.9656442488701362
21.032712936401367,,0.9656442488701362
21.03667449951172,,0.9656442488701362
21.053503036499023,0.9968761211991893,
21.121671676635742,,0.9656442488701362
21.12364387512207,,0.9656442488701362
21.127588272094727,,0.9656442488701362
21.12857437133789,,0.9656442488701362
21.129560470581055,,0.9656442488701362
21.14631462097168,,0.9656442488701362
21.147300720214844,,0.9656442488701362
21.148286819458008,,0.9656442488701362
21.156166076660156,,0.9656442488701362
21.159120559692383,,0.9656442488701362
21.160104751586914,,0.9656442488701362
21.161088943481445,,0.9656442488701362
21.162073135375977,,0.9656442488701362
21.192569732666016,,0.9653179074544992
21.237741470336914,0.9968761211991893,0.9653179074544992
21.242645263671875,,0.9649914556765298
21.249509811401367,,0.9649914556765298
21.2514705657959,,0.9646648934241857
21.260292053222656,,0.9646648934241857
21.26127052307129,,0.9646648934241857
21.262250900268555,,0.9646648934241857
21.27204704284668,,0.9646648934241857
21.296518325805664,,0.9646648934241857
21.297496795654297,,0.9646648934241857
21.306297302246094,,0.9646648934241857
21.33365821838379,,0.9646648934241857
21.33463478088379,,0.9646648934241857
21.33561134338379,,0.9646648934241857
21.33658790588379,,0.9646648934241857
21.33756446838379,,0.9646648934241857
21.354156494140625,,0.9646648934241857
21.355131149291992,,0.9646648934241857
21.36781120300293,,0.9646648934241857
21.368785858154297,,0.9646648934241857
21.37073516845703,,0.9646648934241857
21.3717098236084,,0.9646648934241857
21.372684478759766,,0.9646648934241857
21.399961471557617,,0.9643284215394897
21.407747268676758,,0.9643284215394897
21.408721923828125,,0.9643284215394897
21.440811157226562,0.9968761211991893,
21.456350326538086,,0.9643284215394897
21.47382164001465,0.9968761211991893,
21.48740005493164,,0.9643284215394897
21.529050827026367,,0.9639910078160677
21.5657901763916,,0.9639910078160677
21.585102081298828,,0.9639910078160677
21.590892791748047,,0.9639910078160677
21.59185791015625,,0.9639910078160677
21.592823028564453,,0.9639910078160677
21.59475326538086,,0.9639910078160677
21.59571647644043,,0.9639910078160677
21.596681594848633,,0.9639910078160677
21.60439682006836,,0.9639910078160677
21.605361938476562,,0.9639910078160677
21.618858337402344,,0.9639910078160677
21.62656593322754,0.9968761211991893,
21.63138198852539,,0.9636521709064662
21.63812255859375,0.9968761211991893,
21.63908576965332,0.9968761211991893,
21.640047073364258,,0.9636521709064662
21.641010284423828,,0.9636521709064662
21.642934799194336,0.9968761211991893,
21.647748947143555,,0.9636521709064662
21.65736961364746,0.9968761211991893,
21.669872283935547,,0.9633126176397618
21.675640106201172,,0.9633126176397618
21.676599502563477,,0.9633126176397618
21.677560806274414,,0.9633126176397618
21.681406021118164,,0.9633126176397618
21.68236541748047,,0.9633126176397618
21.683326721191406,,0.9633126176397618
21.684288024902344,,0.9633126176397618
21.68524932861328,,0.9633126176397618
21.69293212890625,0.9968761211991893,
21.693893432617188,,0.9633126176397618
21.694852828979492,,0.9633126176397618
21.70061492919922,,0.9633126176397618
21.701574325561523,,0.9633126176397618
21.711172103881836,,0.9633126176397618
21.71213150024414,,0.9633126176397618
21.71405029296875,,0.9633126176397618
21.715009689331055,,0.9633126176397618
21.71596908569336,,0.9633126176397618
21.718847274780273,,0.9633126176397618
21.719806671142578,,0.9633126176397618
21.720766067504883,,0.9633126176397618
21.721725463867188,,0.9633126176397618
21.722684860229492,,0.9633126176397618
21.723642349243164,,0.9633126176397618
21.72460174560547,,0.9633126176397618
21.725561141967773,,0.9633126176397618
21.726520538330078,,0.9633126176397618
21.742815017700195,,0.9633126176397618
21.743772506713867,,0.9633126176397618
21.744731903076172,,0.9633126176397618
21.745689392089844,,0.9633126176397618
21.746646881103516,,0.9633126176397618
21.74760627746582,,0.9633126176397618
21.748563766479492,,0.9633126176397618
21.749521255493164,,0.9633126176397618
21.750478744506836,,0.9633126176397618
21.751436233520508,,0.9633126176397618
21.760055541992188,,0.9633126176397618
21.785890579223633,,0.9629555707095767
21.810739517211914,,0.9629555707095767
21.81264877319336,0.9968761211991893,
21.8136043548584,,0.9629555707095767
21.814559936523438,,0.9629555707095767
21.85844612121582,,0.9625977276881313
21.88606834411621,,0.9625977276881313
21.887020111083984,,0.9625977276881313
21.890827178955078,,0.9625977276881313
21.89177894592285,,0.9625977276881313
21.895586013793945,,0.9622381469157413
21.933612823486328,0.9968761211991893,0.9622381469157413
21.93456268310547,,0.9622381469157413
21.94500732421875,,0.9618770819450416
21.94595718383789,,0.9618770819450416
21.969675064086914,,0.9618770819450416
22.006628036499023,0.9968761211991893,
22.0075740814209,0.9968761211991893,
22.024608612060547,,0.9615157457008855
22.044462203979492,,0.9615157457008855
22.056745529174805,0.9968761211991893,
22.057689666748047,0.9968761211991893,
22.090721130371094,,0.9611542736160353
22.097322463989258,,0.9611542736160353
22.105806350708008,0.9968761211991893,
22.108633041381836,,0.9611542736160353
22.114286422729492,,0.9611542736160353
22.126529693603516,,0.9611542736160353
22.212045669555664,,0.9611542736160353
22.25140380859375,0.9968761211991893,
22.253276824951172,0.9968761211991893,0.9611542736160353
22.254213333129883,0.9968761211991893,
22.267314910888672,,0.9611542736160353
22.28227996826172,,0.9611542736160353
22.307510375976562,,0.9607915738901425
22.321514129638672,,0.9607915738901425
22.332712173461914,,0.9604287371930542
22.360679626464844,,0.9600659004959659
22.361610412597656,,0.9600659004959659
22.3625431060791,,0.9600659004959659
22.373720169067383,,0.9600659004959659
22.374650955200195,,0.9600659004959659
22.375581741333008,,0.9600659004959659
22.393264770507812,,0.9600659004959659
22.43230628967285,,0.9597004395517339
22.46014976501465,,0.9593349786075026
22.51758575439453,,0.9593349786075026
22.518510818481445,,0.9593349786075026
22.51943588256836,,0.9593349786075026
22.523136138916016,,0.9593349786075026
22.53423309326172,,0.9593349786075026
22.542552947998047,,0.9593349786075026
22.543476104736328,,0.9593349786075026
22.544401168823242,,0.9593349786075026
22.557334899902344,,0.9593349786075026
22.558258056640625,,0.9593349786075026
22.559181213378906,,0.9593349786075026
22.560104370117188,,0.9593349786075026
22.56195068359375,,0.9593349786075026
22.562875747680664,,0.9593349786075026
22.57672119140625,,0.9593349786075026
22.57948875427246,,0.9593349786075026
22.580411911010742,,0.9593349786075026
22.581335067749023,,0.9593349786075026
22.622812271118164,,0.9593349786075026
22.623733520507812,,0.9593349786075026
22.62465476989746,,0.9593349786075026
22.63662338256836,,0.9593349786075026
22.637542724609375,0.9968761211991893,
22.643983840942383,,0.9593349786075026
22.64490509033203,,0.9593349786075026
22.645822525024414,,0.9593349786075026
22.653182983398438,,0.9593349786075026
22.654102325439453,,0.9593349786075026
22.65502166748047,,0.9593349786075026
22.655941009521484,,0.9593349786075026
22.6568603515625,,0.9593349786075026
22.657779693603516,,0.9593349786075026
22.658700942993164,,0.9593349786075026
22.67799949645996,,0.9593349786075026
22.678916931152344,,0.9593349786075026
22.67983627319336,,0.9593349786075026
22.680755615234375,,0.9593349786075026
22.681673049926758,,0.9593349786075026
22.689022064208984,,0.9593349786075026
22.689939498901367,,0.9593349786075026
22.69085693359375,,0.9593349786075026
22.72296905517578,,0.958950167143962
22.72663688659668,,0.9585653556804213
22.727554321289062,,0.9585653556804213
22.746795654296875,0.9968761211991893,
22.749542236328125,,0.9585653556804213
22.77699851989746,,0.9581802350071867
22.777912139892578,,0.9581802350071867
22.780656814575195,,0.9581802350071867
22.781572341918945,,0.9581802350071867
22.80442237854004,,0.9581802350071867
22.811729431152344,,0.9581802350071867
22.81264305114746,,0.9581802350071867
22.813554763793945,,0.9581802350071867
22.8181209564209,,0.9577893005987792
22.828163146972656,,0.9577893005987792
22.82907485961914,,0.9577893005987792
22.829986572265625,,0.9577893005987792
22.83181381225586,,0.9577893005987792
22.832725524902344,,0.9577893005987792
22.83728790283203,,0.9577893005987792
22.840023040771484,,0.9577893005987792
22.85552406311035,,0.9577893005987792
22.85734748840332,,0.9577893005987792
22.858259201049805,,0.957393846717442
22.862815856933594,,0.9569983928361047
22.898324966430664,,0.9569983928361047
22.90924072265625,,0.9569983928361047
22.91924285888672,,0.9569983928361047
22.92197036743164,,0.9569983928361047
22.931055068969727,,0.9569983928361047
22.931964874267578,,0.9569983928361047
22.932872772216797,,0.9569983928361047
22.933780670166016,,0.9569983928361047
22.934690475463867,,0.9569983928361047
22.936506271362305,,0.9569983928361047
22.937414169311523,,0.9569983928361047
22.938323974609375,,0.9569983928361047
22.93922996520996,,0.9569983928361047
22.940139770507812,,0.9569983928361047
22.954666137695312,,0.9565937423528758
22.956480026245117,,0.9565937423528758
22.98097038269043,,0.9565937423528758
22.98187828063965,,0.9565937423528758
22.9827823638916,,0.9565937423528758
22.98369026184082,,0.9565937423528758
22.986408233642578,,0.9561880622246515
22.99094009399414,,0.9561880622246515
22.9936580657959,,0.9561880622246515
22.996376037597656,,0.9561880622246515
22.999094009399414,,0.9557815196811882
23.007244110107422,0.9968761211991893,
23.008150100708008,0.9968761211991893,
23.02353858947754,,0.9557815196811882
23.024442672729492,,0.9557815196811882
23.04976463317871,,0.9557815196811882
23.054283142089844,,0.9557815196811882
23.06422233581543,,0.9553730660402993
23.13096809387207,,0.9553730660402993
23.131868362426758,,0.9553730660402993
23.133670806884766,,0.9553730660402993
23.136371612548828,,0.9553730660402993
23.137271881103516,,0.9553730660402993
23.138172149658203,,0.9553730660402993
23.141773223876953,,0.9553730660402993
23.14627456665039,,0.9553730660402993
23.14897346496582,,0.9553730660402993
23.150774002075195,,0.9553730660402993
23.151674270629883,,0.9553730660402993
23.15257453918457,,0.9553730660402993
23.17416000366211,,0.9553730660402993
23.1921329498291,0.9968761211991893,0.9553730660402993
23.193031311035156,,0.9553730660402993
23.19841957092285,,0.9553730660402993
23.202011108398438,,0.9549593055093161
23.22355079650879,,0.954545365628298
23.228933334350586,,0.954545365628298
23.274627685546875,,0.954545365628298
23.277313232421875,,0.9541310664244659
23.303255081176758,,0.9541310664244659
23.304147720336914,,0.9541310664244659
23.312192916870117,,0.9541310664244659
23.31487274169922,,0.9541310664244659
23.315767288208008,,0.9541310664244659
23.316661834716797,,0.9541310664244659
23.317554473876953,,0.9541310664244659
23.31844711303711,,0.9541310664244659
23.327381134033203,,0.9541310664244659
23.329166412353516,0.9968761211991893,
23.330059051513672,,0.9541310664244659
23.333629608154297,,0.95371477887367
23.360401153564453,,0.95371477887367
23.361291885375977,,0.95371477887367
23.362184524536133,,0.95371477887367
23.38001251220703,0.9968761211991893,0.953296482918024
23.380905151367188,,0.953296482918024
23.400497436523438,0.9968761211991893,
23.402278900146484,,0.9528780033381654
23.41651725769043,,0.952459523758307
23.42630386352539,,0.9520410441784481
23.428081512451172,,0.9516225645985898
23.43608283996582,,0.9516225645985898
23.4378604888916,,0.9512039009098091
23.445859909057617,0.9968761211991893,
23.468952178955078,,0.9512039009098091
23.473388671875,,0.9512039009098091
23.47516441345215,,0.9512039009098091
23.483150482177734,,0.9512039009098091
23.484037399291992,,0.9512039009098091
23.491132736206055,,0.9512039009098091
23.492019653320312,,0.9512039009098091
23.49290657043457,,0.9512039009098091
23.51152229309082,,0.9512039009098091
23.512407302856445,,0.9512039009098091
23.513294219970703,,0.9512039009098091
23.531007766723633,,0.9512039009098091
23.561975479125977,,0.9507817065463342
23.580535888671875,,0.9503595121828586
23.646705627441406,0.9968761211991893,
23.662559509277344,,0.9499373178193834
23.690715789794922,,0.9499373178193834
23.692474365234375,,0.9499373178193834
23.73113250732422,,0.9495147478381473
23.733766555786133,,0.9490921778569106
23.737276077270508,,0.9486696078756748
23.745174407958984,,0.9482470378944379
23.770605087280273,,0.9482470378944379
23.773235321044922,0.9968761211991893,
23.774986267089844,,0.9478242795182036
23.778491973876953,,0.9478242795182036
23.779367446899414,,0.9478242795182036
23.780244827270508,,0.9478242795182036
23.789878845214844,,0.9474005762193575
23.798633575439453,,0.9474005762193575
23.8170108795166,,0.9474005762193575
23.817886352539062,,0.9474005762193575
23.81875991821289,,0.9474005762193575
23.81963539123535,,0.9474005762193575
23.82050895690918,,0.9474005762193575
23.82138442993164,,0.9474005762193575
23.82225799560547,,0.9474005762193575
23.82313346862793,,0.9474005762193575
23.824007034301758,,0.9474005762193575
23.829254150390625,0.9968761211991893,
23.830127716064453,,0.9474005762193575
23.831003189086914,,0.9474005762193575
23.83275032043457,,0.9474005762193575
23.83362579345703,,0.9474005762193575
23.834497451782227,,0.9474005762193575
23.835372924804688,,0.9474005762193575
23.836246490478516,,0.9474005762193575
23.837120056152344,,0.9474005762193575
23.837995529174805,,0.9474005762193575
23.838869094848633,,0.9474005762193575
23.83974266052246,,0.9474005762193575
23.84061622619629,,0.9474005762193575
23.84149169921875,,0.9474005762193575
23.842363357543945,,0.9474005762193575
23.843238830566406,,0.9474005762193575
23.844112396240234,,0.9474005762193575
23.844985961914062,,0.9474005762193575
23.84585952758789,,0.9474005762193575
23.84673309326172,,0.9474005762193575
23.849353790283203,0.9968761211991893,
23.854595184326172,,0.9474005762193575
23.855466842651367,,0.9474005762193575
23.856340408325195,,0.9474005762193575
23.857213973999023,,0.9474005762193575
23.85808753967285,,0.9474005762193575
23.86245346069336,,0.9469468403112066
23.863325119018555,,0.946493104403056
23.864198684692383,,0.946493104403056
23.86507225036621,,0.946493104403056
23.865943908691406,,0.946493104403056
23.875545501708984,,0.946493104403056
23.90258026123047,0.9965314199124671,
23.905193328857422,,0.946493104403056
23.908679962158203,,0.946493104403056
23.912166595458984,,0.946493104403056
23.913036346435547,,0.946493104403056
23.9156494140625,,0.946493104403056
23.916521072387695,,0.946493104403056
23.91739273071289,0.9965314199124671,0.946493104403056
23.933067321777344,,0.9460363027117423
23.935678482055664,,0.9460363027117423
23.93741798400879,,0.9460363027117423
23.943510055541992,,0.9455777296129975
23.96351432800293,,0.9455777296129975
24.00260353088379,,0.9455777296129975
24.023426055908203,,0.9455777296129975
24.039030075073242,,0.9455777296129975
24.039897918701172,,0.9455777296129975
24.048561096191406,,0.9451180418494514
24.052026748657227,,0.9451180418494514
24.054624557495117,,0.9451180418494514
24.055492401123047,,0.9451180418494514
24.060688018798828,,0.944657682355126
24.066747665405273,,0.944657682355126
24.06934356689453,,0.9441970984046847
24.072805404663086,,0.9437365144542441
24.0788631439209,,0.9432759305038025
24.143667221069336,,0.942815346553361
24.150569915771484,,0.9423547626029195
24.154020309448242,,0.9418941786524783
24.160057067871094,,0.9418941786524783
24.160919189453125,,0.9418941786524783
24.162643432617188,,0.9418941786524783
24.182466506958008,,0.9414326920387336
24.201412200927734,,0.9414326920387336
24.20399284362793,,0.9414326920387336
24.2186222076416,,0.9414326920387336
24.219482421875,,0.9414326920387336
24.2203426361084,,0.9414326920387336
24.224641799926758,,0.940969388548557
24.22808265686035,0.9965314199124671,
24.235820770263672,,0.940969388548557
24.250429153442383,,0.940969388548557
24.27361297607422,,0.9405056283767733
24.321630477905273,,0.94004186820499
24.355867385864258,,0.94004186820499
24.35672378540039,,0.94004186820499
24.358434677124023,,0.94004186820499
24.360145568847656,,0.94004186820499
24.361000061035156,,0.94004186820499
24.370405197143555,,0.94004186820499
24.371259689331055,,0.94004186820499
24.377243041992188,,0.94004186820499
24.38066291809082,,0.94004186820499
24.381515502929688,,0.94004186820499
24.382369995117188,,0.94004186820499
24.38322639465332,,0.94004186820499
24.384078979492188,,0.94004186820499
24.384933471679688,,0.94004186820499
24.388351440429688,,0.94004186820499
24.389204025268555,,0.94004186820499
24.390058517456055,,0.94004186820499
24.395183563232422,,0.94004186820499
24.39859962463379,,0.94004186820499
24.399452209472656,0.9965314199124671,0.94004186820499
24.400306701660156,,0.94004186820499
24.401161193847656,,0.94004186820499
24.402013778686523,,0.94004186820499
24.40542984008789,,0.94004186820499
24.40628433227539,,0.94004186820499
24.407136917114258,,0.94004186820499
24.407991409301758,,0.94004186820499
24.408843994140625,,0.94004186820499
24.422496795654297,,0.94004186820499
24.423349380493164,,0.94004186820499
24.42420196533203,,0.94004186820499
24.4250545501709,,0.94004186820499
24.458297729492188,,0.9395568104814574
24.471071243286133,,0.9390717527579255
24.472774505615234,0.9965314199124671,
24.47362518310547,0.9965314199124671,
24.481285095214844,,0.9385866950343941
24.500850677490234,0.9965314199124671,
24.519550323486328,,0.9381016373108618
24.52294921875,,0.9381016373108618
24.52719497680664,,0.937616328652139
24.5416316986084,,0.9371310199934166
24.546724319458008,,0.9366457113346941
24.551816940307617,,0.9366457113346941
24.574716567993164,,0.9366457113346941
24.600135803222656,,0.9366457113346941
24.600982666015625,,0.9366457113346941
24.63736915588379,,0.9361591421340012
24.65005111694336,,0.9361591421340012
24.65427589416504,,0.9356723199072025
24.689741134643555,,0.9356723199072025
24.69058609008789,,0.9356723199072025
24.691429138183594,,0.9356723199072025
24.719257354736328,,0.9356723199072025
24.767250061035156,,0.9356723199072025
24.772296905517578,,0.9351832073510563
24.779865264892578,0.9965314199124671,0.9351832073510563
24.780704498291016,0.9965314199124671,0.9351832073510563
24.794153213500977,,0.9351832073510563
24.81515121459961,,0.9346928123812867
24.88808250427246,,0.9342024174115174
24.94577407836914,,0.933712022441747
24.949949264526367,,0.933712022441747
24.953290939331055,,0.9332213697762499
24.979158401489258,,0.9332213697762499
24.979991912841797,,0.9332213697762499
24.98082733154297,,0.9332213697762499
24.981658935546875,,0.9332213697762499
24.982494354248047,,0.9332213697762499
24.983327865600586,,0.9332213697762499
24.984161376953125,,0.9332213697762499
24.984994888305664,,0.9332213697762499
24.986661911010742,,0.9332213697762499
24.987497329711914,,0.9332213697762499
24.988330841064453,,0.9332213697762499
24.989164352416992,,0.9332213697762499
24.99083137512207,,0.9332213697762499
24.99916648864746,,0.9327074813567698
25.00083351135254,,0.9327074813567698
25.001667022705078,,0.9327074813567698
25.002500534057617,,0.9327074813567698
25.0049991607666,,0.9327074813567698
25.00583267211914,,0.9327074813567698
25.00666618347168,,0.9327074813567698
25.00749969482422,,0.9327074813567698
25.014162063598633,,0.9327074813567698
25.01582908630371,,0.9327074813567698
25.018327713012695,,0.9327074813567698
25.0191593170166,,0.9327074813567698
25.01999282836914,,0.9327074813567698
25.020824432373047,0.9965314199124671,0.9327074813567698
25.021656036376953,0.9965314199124671,
25.022489547729492,0.9965314199124671,
25.02332305908203,0.9965314199124671,
25.040800094604492,0.9965314199124671,0.9327074813567698
25.0416316986084,,0.9327074813567698
25.042463302612305,0.9965314199124671,0.9327074813567698
25.06574821472168,,0.9327074813567698
25.077381134033203,,0.9321828989713044
25.11888313293457,,0.9316583165858398
25.129663467407227,,0.9311337342003749
25.148723602294922,,0.9311337342003749
25.158662796020508,,0.9311337342003749
25.164459228515625,,0.9306085600694107
25.198379516601562,,0.9300833859384461
25.206645965576172,,0.9300833859384461
25.207473754882812,,0.9300833859384461
25.210777282714844,,0.9300833859384461
25.211605072021484,,0.9300833859384461
25.212430953979492,,0.9300833859384461
25.224822998046875,,0.9295546290391065
25.264434814453125,,0.9290258721397667
25.2751522064209,,0.9290258721397667
25.277624130249023,,0.9290258721397667
25.28009796142578,,0.9284965126684622
25.280921936035156,,0.9284965126684622
25.28339385986328,,0.9284965126684622
25.28504180908203,,0.9284965126684622
25.285865783691406,,0.9284965126684622
25.28668975830078,,0.9279650321231457
25.287513732910156,,0.9279650321231457
25.28998374938965,,0.9279650321231457
25.290807723999023,,0.9279650321231457
25.292455673217773,,0.9279650321231457
25.314685821533203,,0.9274317188862933
25.343473434448242,,0.9268984056494408
25.344295501708984,,0.9263650924125881
25.355802536010742,0.9965314199124671,
25.36237335205078,,0.9263650924125881
25.363195419311523,,0.9263650924125881
25.364015579223633,,0.9263650924125881
25.364837646484375,,0.9263650924125881
25.365659713745117,,0.9263650924125881
25.36730194091797,,0.9263650924125881
25.36812400817871,0.9965314199124671,0.9263650924125881
25.377155303955078,,0.9258252526151444
25.382902145385742,,0.9252854128177017
25.38782501220703,,0.924745573020258
25.39356803894043,,0.924745573020258
25.39438819885254,,0.924745573020258
25.40997314453125,,0.9242051022002576
25.410791397094727,,0.9236646313802576
25.428821563720703,,0.9236646313802576
25.43783187866211,,0.9231238441253509
25.439470291137695,,0.9231238441253509
25.440288543701172,,0.9231238441253509
25.44110870361328,,0.9231238441253509
25.441926956176758,,0.9231238441253509
25.442745208740234,,0.9231238441253509
25.443565368652344,,0.9231238441253509
25.44438362121582,,0.9231238441253509
25.445201873779297,,0.9231238441253509
25.44765853881836,,0.9231238441253509
25.448476791381836,,0.9231238441253509
25.449296951293945,,0.9231238441253509
25.453388214111328,,0.9231238441253509
25.454208374023438,,0.9231238441253509
25.46075439453125,,0.9231238441253509
25.461572647094727,,0.9231238441253509
25.46320915222168,,0.9231238441253509
25.464027404785156,,0.9231238441253509
25.46484375,,0.9231238441253509
25.46566390991211,,0.9231238441253509
25.466482162475586,,0.9231238441253509
25.468116760253906,,0.9231238441253509
25.478750228881836,,0.9231238441253509
25.47956657409668,,0.9231238441253509
25.480384826660156,,0.9231238441253509
25.482019424438477,,0.9231238441253509
25.482837677001953,,0.9231238441253509
25.48365592956543,,0.9231238441253509
25.484472274780273,,0.9231238441253509
25.5,,0.9225468917227726
25.561201095581055,,0.9219699393201943
25.56446075439453,,0.9213929869176161
25.565275192260742,,0.9213929869176161
25.566091537475586,,0.9213929869176161
25.566905975341797,,0.9213929869176161
25.567720413208008,,0.9213929869176161
25.590524673461914,,0.9213929869176161
25.596223831176758,,0.9213929869176161
25.598665237426758,,0.9213929869176161
25.611682891845703,,0.9213929869176161
25.61737632751465,,0.9213929869176161
25.61819076538086,,0.9213929869176161
25.619003295898438,,0.9213929869176161
25.623882293701172,,0.9213929869176161
25.630386352539062,,0.9213929869176161
25.63201141357422,,0.9213929869176161
25.67586326599121,,0.9208061124036556
25.717212677001953,0.9965314199124671,
25.806976318359375,,0.9202192378896955
25.812625885009766,,0.9196323633757354
25.824729919433594,,0.919045488861775
25.825536727905273,,0.9184586143478147
25.85536766052246,,0.9184586143478147
25.857784271240234,,0.9184586143478147
25.858591079711914,,0.9184586143478147
25.85939598083496,,0.9184586143478147
25.867450714111328,,0.9178698588257967
25.882749557495117,0.9965314199124671,
25.88918685913086,,0.9178698588257967
25.8916015625,,0.9172807254119163
25.902862548828125,,0.9166915919980355
25.9189453125,,0.9161024585841552
25.99919891357422,,0.9155133251702747
26.06801986694336,,0.9149241917563941
26.099170684814453,,0.914335058342514
26.14542579650879,,0.9137459249286335
26.166135787963867,,0.9137459249286335
26.16693115234375,0.9965314199124671,0.9137459249286335
26.167728424072266,0.9965314199124671,0.9137459249286335
26.16852378845215,,0.9137459249286335
26.170116424560547,,0.9131502626568421
26.170913696289062,0.9965314199124671,
26.175689697265625,0.9965314199124671,
26.178075790405273,0.9965314199124671,
26.179668426513672,0.9965314199124671,
26.180463790893555,0.9965314199124671,
26.18205451965332,0.9965314199124671,
26.182851791381836,0.9965314199124671,
26.183645248413086,0.9965314199124671,
26.1844425201416,0.9965314199124671,
26.1892147064209,0.9965314199124671,
26.190011978149414,0.9965314199124671,
26.190805435180664,0.9965314199124671,
26.191600799560547,0.9965314199124671,
26.192398071289062,0.9965314199124671,
26.193191528320312,0.9965314199124671,
26.193988800048828,0.9965314199124671,
26.19478416442871,0.9965314199124671,
26.19557762145996,0.9965314199124671,
26.19717025756836,0.9965314199124671,
26.19796371459961,0.9965314199124671,
26.198759078979492,0.9965314199124671,
26.199554443359375,0.9965314199124671,0.9125546003850499
26.200349807739258,,0.9125546003850499
26.20114517211914,,0.9125546003850499
26.20829963684082,,0.9119565960597651
26.2122745513916,,0.9113585917344801
26.22101593017578,,0.9107605874091949
26.234519958496094,,0.9101625830839098
26.236106872558594,0.9965314199124671,0.9101625830839098
26.236902236938477,0.9965314199124671,0.9101625830839098
26.237695693969727,0.9965314199124671,
26.244840621948242,0.9965314199124671,
26.245634078979492,0.9965314199124671,
26.246427536010742,0.9965314199124671,
26.247222900390625,0.9965314199124671,
26.248016357421875,0.9965314199124671,
26.248809814453125,0.9965314199124671,
26.251190185546875,0.9965314199124671,0.9095637919108284
26.283708572387695,0.9965314199124671,
26.284502029418945,0.9965314199124671,
26.288463592529297,0.9965314199124671,0.9095637919108284
26.294803619384766,,0.9089646062771585
26.329641342163086,,0.9089646062771585
26.36759376525879,,0.9089646062771585
26.373125076293945,,0.9083646296393517
26.37786293029785,0.9965314199124671,
26.378652572631836,0.9965314199124671,
26.37944221496582,0.9965314199124671,0.9077646530015452
26.38102149963379,0.9965314199124671,
26.384180068969727,,0.9077646530015452
26.38812828063965,0.9965314199124671,
26.397600173950195,,0.9077646530015452
26.39838981628418,,0.9077646530015452
26.399967193603516,0.9965314199124671,
26.403913497924805,0.9965314199124671,0.9077646530015452
26.40470314025879,,0.9077646530015452
26.40785789489746,,0.9077646530015452
26.418113708496094,,0.907162287604729
26.42047882080078,0.9965314199124671,0.907162287604729
26.422054290771484,,0.907162287604729
26.434667587280273,,0.907162287604729
26.435455322265625,,0.907162287604729
26.43624496459961,,0.907162287604729
26.43703269958496,,0.907162287604729
26.453575134277344,0.9965314199124671,
26.46381187438965,,0.907162287604729
26.466960906982422,,0.907162287604729
26.467748641967773,,0.907162287604729
26.468534469604492,,0.907162287604729
26.475616455078125,0.9965314199124671,
26.476404190063477,0.9965314199124671,
26.477191925048828,0.9965314199124671,
26.503931045532227,,0.9065518150020342
26.5361385345459,0.9965314199124671,
26.592605590820312,,0.905941342399339
26.602787017822266,,0.9053308697966437
26.616098403930664,,0.9053308697966437
26.616880416870117,,0.9041082757793625
26.61766242980957,,0.9041082757793625
26.618446350097656,,0.9034953210161224
26.6215763092041,,0.9028823662528824
26.634878158569336,,0.9028823662528824
26.640350341796875,,0.9028823662528824
26.65207862854004,,0.9028823662528824
26.6544246673584,,0.9022681605615538
26.664583206176758,0.9965314199124671,
26.66536521911621,0.9965314199124671,
26.66614532470703,0.9965314199124671,
26.681766510009766,,0.9022681605615538
26.695037841796875,,0.9016535364739778
26.699718475341797,,0.9016535364739778
26.70050048828125,,0.9016535364739778
26.706741333007812,,0.9016535364739778
26.712200164794922,,0.9016535364739778
26.71765899658203,,0.9016535364739778
26.72467613220215,,0.9016535364739778
26.74649429321289,,0.9010359655585842
26.763626098632812,,0.9004183946431916
26.774520874023438,,0.9004183946431916
26.79629898071289,,0.9004183946431916
26.797077178955078,,0.9004183946431916
26.797853469848633,,0.9004183946431916
26.79863166809082,,0.9004183946431916
26.799407958984375,,0.9004183946431916
26.81417465209961,,0.9004183946431916
26.825050354003906,,0.8997969878836034
26.861528396606445,0.9965314199124671,
26.862302780151367,0.9965314199124671,
26.863855361938477,0.9965314199124671,
26.8646297454834,0.9965314199124671,
26.869281768798828,0.9965314199124671,0.8997969878836034
26.870058059692383,0.9965314199124671,
26.870832443237305,0.9965314199124671,
26.87703514099121,,0.8997969878836034
26.880908966064453,,0.8991747216402538
26.88245964050293,0.9965314199124671,
26.88323402404785,0.9965314199124671,0.8991747216402538
26.884010314941406,0.9965314199124671,
26.890209197998047,0.9965314199124671,
26.89098358154297,0.9965314199124671,
26.89175796508789,0.9965314199124671,
26.892532348632812,0.9965314199124671,
26.893308639526367,0.9965314199124671,0.8991747216402538
26.89872932434082,,0.8991747216402538
26.904150009155273,,0.8991747216402538
26.914989471435547,,0.8991747216402538
26.918859481811523,,0.8985498608191004
26.919633865356445,,0.8979249999979463
26.925823211669922,0.9965314199124671,
26.940521240234375,,0.8973001391767925
26.945932388305664,,0.8973001391767925
26.947479248046875,,0.8973001391767925
26.948251724243164,,0.8973001391767925
26.949798583984375,,0.8973001391767925
26.95752716064453,,0.8973001391767925
26.95984649658203,,0.8973001391767925
26.96061897277832,,0.8973001391767925
26.96371078491211,,0.8973001391767925
26.97684097290039,0.9965314199124671,
26.977615356445312,0.9965314199124671,
26.97838592529297,0.9965314199124671,
26.979930877685547,0.9965314199124671,
26.980703353881836,0.9965314199124671,
26.99305534362793,0.9965314199124671,
27.002315521240234,,0.8966713373974114
27.00308609008789,,0.8966713373974114
27.003856658935547,,0.8966713373974114
27.004629135131836,,0.8960403230853798
27.005401611328125,,0.8960403230853798
27.00617218017578,,0.8954075262470429
27.015426635742188,,0.8954075262470429
27.01774024963379,,0.8947738337302366
27.02930450439453,,0.8947738337302366
27.030075073242188,,0.8947738337302366
27.030847549438477,,0.8947738337302366
27.0316162109375,,0.8947738337302366
27.041635513305664,,0.894136984026514
27.04933738708496,,0.8935001343227916
27.05318832397461,,0.892863284619069
27.05472755432129,,0.892226434915346
27.061656951904297,,0.8915895852116236
27.067047119140625,,0.8915895852116236
27.083974838256836,,0.8909522802900995
27.085512161254883,,0.8909522802900995
27.08628273010254,,0.8909522802900995
27.087051391601562,,0.8909522802900995
27.087820053100586,,0.8903126878419375
27.08858871459961,,0.8903126878419375
27.124711990356445,,0.8903126878419375
27.13239097595215,,0.8896717139845999
27.181488037109375,,0.8896717139845999
27.194515228271484,,0.8896717139845999
27.195281982421875,,0.8896717139845999
27.196046829223633,,0.8896717139845999
27.212129592895508,,0.8890288876016635
27.214426040649414,0.9965314199124671,
27.215957641601562,,0.8883860612187268
27.254968643188477,,0.8877432348357899
27.257261276245117,,0.8871004084528524
27.267961502075195,,0.886457582069916
27.271780014038086,,0.8858147556869792
27.30994987487793,,0.8858147556869792
27.324440002441406,,0.8851714624729731
27.325963973999023,,0.8845281692589662
27.32672691345215,,0.8838848760449598
27.348066329956055,,0.8838848760449598
27.358728408813477,0.9965314199124671,0.8838848760449598
27.35948944091797,0.9965314199124671,
27.36025047302246,0.9965314199124671,
27.361011505126953,0.9965314199124671,
27.36253547668457,,0.8838848760449598
27.363296508789062,,0.8838848760449598
27.367103576660156,,0.8838848760449598
27.36786460876465,,0.8838848760449598
27.36862564086914,,0.8832354382227371
27.369386672973633,,0.8832354382227371
27.374713897705078,,0.882584564649986
27.37851905822754,,0.8819336910772356
27.385366439819336,,0.8819336910772356
27.38688850402832,0.9965314199124671,
27.389171600341797,0.9965314199124671,
27.39145278930664,0.9965314199124671,0.8819336910772356
27.394495010375977,0.9965314199124671,
27.396015167236328,0.9965314199124671,
27.39677619934082,0.9965314199124671,
27.398296356201172,0.9965314199124671,0.8819336910772356
27.401338577270508,,0.8812804068616223
27.406660079956055,,0.8812804068616223
27.408939361572266,,0.8812804068616223
27.410459518432617,0.9965314199124671,0.8806261526620225
27.4119815826416,0.9965314199124671,
27.41349983215332,0.9965314199124671,
27.414260864257812,0.9965314199124671,
27.415019989013672,0.9965314199124671,
27.415781021118164,0.9965314199124671,
27.418819427490234,0.9965314199124671,
27.419578552246094,0.9965314199124671,
27.420339584350586,0.9965314199124671,
27.421098709106445,0.9965314199124671,
27.421857833862305,0.9965314199124671,
27.422618865966797,0.9965314199124671,
27.423377990722656,0.9965314199124671,
27.424137115478516,0.9965314199124671,
27.424898147583008,0.9965314199124671,
27.432493209838867,0.9965314199124671,
27.441604614257812,,0.8806261526620225
27.442363739013672,,0.8806261526620225
27.44388198852539,,0.8806261526620225
27.44540023803711,,0.8806261526620225
27.44615936279297,,0.8806261526620225
27.446918487548828,,0.8806261526620225
27.447677612304688,0.9965314199124671,
27.448436737060547,,0.8806261526620225
27.473472595214844,,0.8806261526620225
27.479537963867188,,0.8799670013501502
27.490907669067383,0.9965314199124671,
27.492422103881836,,0.8793078500382769
27.504545211791992,,0.8793078500382769
27.52650260925293,,0.8793078500382769
27.55449104309082,,0.8793078500382769
27.556758880615234,,0.878647213035994
27.55751609802246,,0.8779860789404059
27.56053924560547,,0.8773239476591537
27.568098068237305,,0.8773239476591537
27.569608688354492,,0.8773239476591537
27.571121215820312,,0.876660815423583
27.5726318359375,,0.876660815423583
27.585472106933594,,0.876660815423583
27.58622932434082,,0.876660815423583
27.589248657226562,,0.876660815423583
27.592269897460938,,0.876660815423583
27.59302520751953,,0.876660815423583
27.609630584716797,,0.8759946597887628
27.618682861328125,,0.8759946597887628
27.621700286865234,,0.8759946597887628
27.64130401611328,,0.8759946597887628
27.645071029663086,0.9965314199124671,
27.659387588500977,,0.8753269809322168
27.660139083862305,,0.8746567458779045
27.661645889282227,,0.8746567458779045
27.662399291992188,,0.8746567458779045
27.67896270751953,0.9965314199124671,
27.679716110229492,0.9965314199124671,0.8746567458779045
27.68046760559082,0.9965314199124671,
27.697021484375,0.9965314199124671,
27.707550048828125,,0.8739844501470225
27.73760986328125,0.9965314199124671,
27.74061393737793,,0.8739844501470225
27.742116928100586,,0.8726388235879047
27.74286651611328,,0.8719660103083455
27.74361801147461,,0.8712921571319098
27.744369506835938,0.9965314199124671,
27.77288818359375,,0.8712921571319098
27.774389266967773,,0.8712921571319098
27.783388137817383,0.9965314199124671,0.8712921571319098
27.784137725830078,,0.8712921571319098
27.784887313842773,0.9965314199124671,0.8712921571319098
27.787887573242188,,0.8706146360143894
27.79088592529297,,0.8699371148968682
27.793134689331055,,0.8692595937793471
27.823850631713867,,0.8692595937793471
27.82459831237793,,0.8692595937793471
27.837326049804688,,0.8692595937793471
27.83807373046875,,0.8692595937793471
27.839570999145508,,0.8685778215489321
27.84406089782715,,0.8678960493185174
27.845556259155273,,0.8678960493185174
27.85677719116211,0.9965314199124671,
27.857524871826172,,0.8672126666025183
27.85976791381836,,0.8672126666025183
27.863506317138672,,0.8672126666025183
27.865001678466797,,0.8672126666025183
27.866497039794922,,0.8672126666025183
27.901613235473633,,0.866526037412809
27.90907859802246,,0.866526037412809
27.92176628112793,,0.866526037412809
27.92922592163086,,0.866526037412809
27.93146324157715,,0.866526037412809
27.932954788208008,,0.866526037412809
27.93370246887207,,0.866526037412809
27.935192108154297,,0.866526037412809
27.937429428100586,,0.866526037412809
27.939666748046875,,0.8651384857115876
27.942649841308594,,0.8637498204054694
27.943395614624023,,0.8630538092689627
27.944141387939453,,0.8623572363801261
27.95308494567871,0.9965314199124671,
27.969478607177734,,0.8623572363801261
27.97022247314453,,0.8623572363801261
27.970966339111328,,0.8623572363801261
27.973947525024414,0.9965314199124671,0.8623572363801261
27.97469139099121,0.9965314199124671,
27.975435256958008,0.9965314199124671,
27.976181030273438,0.9961192894658535,
27.985858917236328,0.9961192894658535,
27.986604690551758,0.9961192894658535,
27.987348556518555,0.9961192894658535,
27.98809242248535,0.9961192894658535,
27.98883628845215,0.9961192894658535,
27.993303298950195,0.9961192894658535,
27.994047164916992,0.9961192894658535,
27.99479103088379,0.9961192894658535,
27.995534896850586,0.9961192894658535,0.8623572363801261
27.996280670166016,0.9961192894658535,
27.99702262878418,0.9961192894658535,
27.998512268066406,0.9961192894658535,
27.999256134033203,0.9961192894658535,
28.006694793701172,0.9961192894658535,
28.0074405670166,0.9961192894658535,
28.011157989501953,0.9961192894658535,
28.01190185546875,0.9961192894658535,
28.013389587402344,0.9961192894658535,
28.01636505126953,,0.8616561329359144
28.023056030273438,0.9961192894658535,
28.023799896240234,0.9961192894658535,
28.02454376220703,0.9961192894658535,
28.027517318725586,0.9961192894658535,0.8616561329359144
28.02825927734375,0.9961192894658535,0.8616561329359144
28.029003143310547,0.9961192894658535,0.8609538866988031
28.029747009277344,0.9961192894658535,0.8602499178625821
28.030488967895508,0.9961192894658535,0.8595453724753076
28.031232833862305,0.9961192894658535,0.8588385095045217
28.0319766998291,0.9961192894658535,
28.060945510864258,,0.8581310642742873
28.07133674621582,,0.8574236190440526
28.083951950073242,,0.8574236190440526
28.086917877197266,0.9961192894658535,
28.09581756591797,,0.8574236190440526
28.096559524536133,,0.8574236190440526
28.098783493041992,,0.8574236190440526
28.1387939453125,,0.8567132432204869
28.1395320892334,0.9961192894658535,
28.140274047851562,,0.8567132432204869
28.141014099121094,0.9961192894658535,0.8567132432204869
28.141754150390625,,0.8567132432204869
28.144716262817383,,0.8567132432204869
28.146936416625977,,0.8567132432204869
28.152116775512695,,0.8559981236518552
28.15433692932129,,0.855282406157163
28.15507698059082,,0.855282406157163
28.15581703186035,,0.8545660892340828
28.156557083129883,,0.8538491713739866
28.158777236938477,,0.8538491713739866
28.170610427856445,,0.8538491713739866
28.18687629699707,,0.8538491713739866
28.19205093383789,,0.8538491713739866
28.198699951171875,0.9961192894658535,
28.200916290283203,0.9961192894658535,
28.2016544342041,,0.8531298376154578
28.20313262939453,,0.852410503856928
28.20534896850586,0.9961192894658535,
28.206087112426758,0.9961192894658535,0.852410503856928
28.220855712890625,0.9961192894658535,
28.225284576416016,,0.852410503856928
28.249631881713867,0.9961192894658535,
28.25110626220703,0.9961192894658535,
28.25184440612793,0.9961192894658535,
28.261428833007812,,0.852410503856928
28.268062591552734,0.9961192894658535,
28.282060623168945,,0.852410503856928
28.282798767089844,,0.851687509366803
28.28353500366211,,0.851687509366803
28.284271240234375,,0.851687509366803
28.286479949951172,,0.851687509366803
28.28721809387207,,0.851687509366803
28.301206588745117,,0.8509608135396984
28.301942825317383,0.9961192894658535,
28.30856704711914,,0.8502341177125942
28.310039520263672,,0.8495074218854887
28.3129825592041,,0.8495074218854887
28.313718795776367,,0.8495074218854887
28.314455032348633,,0.8495074218854887
28.315189361572266,,0.8495074218854887
28.31592559814453,,0.8495074218854887
28.318134307861328,,0.8495074218854887
28.31886863708496,,0.8495074218854887
28.319604873657227,,0.8495074218854887
28.320341110229492,,0.8495074218854887
28.321075439453125,,0.8495074218854887
28.32328224182129,,0.8495074218854887
28.32843017578125,,0.8495074218854887
28.329166412353516,,0.8495074218854887
28.32990074157715,,0.8495074218854887
28.33137321472168,,0.8495074218854887
28.341665267944336,,0.8487661414126393
28.344606399536133,,0.8480248609397893
28.3460750579834,,0.8480248609397893
28.346811294555664,,0.8472829319275942
28.347545623779297,,0.8472829319275942
28.34827995300293,,0.8465383950805578
28.349016189575195,,0.8465383950805578
28.353424072265625,,0.8465383950805578
28.354894638061523,,0.8465383950805578
28.35636329650879,,0.8457905696432076
28.366647720336914,,0.8457905696432076
28.367382049560547,,0.845042082413435
28.36811637878418,,0.845042082413435
28.368850708007812,,0.845042082413435
28.369585037231445,,0.8442922669010895
28.370319366455078,,0.8435424513887438
28.371788024902344,,0.8435424513887438
28.378395080566406,,0.8427919687807467
28.37912940979004,,0.8420414861727495
28.381332397460938,0.9961192894658535,
28.38206672668457,,0.8420414861727495
28.383533477783203,0.9961192894658535,
28.384267807006836,0.9961192894658535,
28.386470794677734,,0.8420414861727495
28.390138626098633,,0.8420414861727495
28.3916072845459,,0.8420414861727495
28.39307403564453,,0.8420414861727495
28.394540786743164,,0.8420414861727495
28.39600944519043,,0.8420414861727495
28.398210525512695,,0.8420414861727495
28.40407943725586,,0.8420414861727495
28.407011032104492,,0.8420414861727495
28.409212112426758,0.9961192894658535,
28.409944534301758,0.9961192894658535,
28.41067886352539,0.9961192894658535,
28.41581153869629,0.9961192894658535,
28.41654396057129,0.9961192894658535,
28.418743133544922,,0.8420414861727495
28.419477462768555,0.9961192894658535,
28.420209884643555,0.9961192894658535,
28.420942306518555,,0.8420414861727495
28.429004669189453,,0.8420414861727495
28.429737091064453,,0.8420414861727495
28.430471420288086,,0.8420414861727495
28.431203842163086,,0.8420414861727495
28.431936264038086,,0.8420414861727495
28.432668685913086,0.9961192894658535,
28.44219207763672,,0.8420414861727495
28.44292449951172,,0.8420414861727495
28.44365882873535,,0.8420414861727495
28.44438934326172,,0.8420414861727495
28.44512176513672,,0.8412675509832529
28.44585609436035,,0.8412675509832529
28.45317840576172,,0.8412675509832529
28.45464324951172,,0.8404921891851117
28.455373764038086,,0.8404921891851117
28.456106185913086,,0.8404921891851117
28.456838607788086,,0.8404921891851117
28.461231231689453,,0.8404921891851117
28.465621948242188,,0.8404921891851117
28.468549728393555,0.9961192894658535,
28.470014572143555,,0.8404921891851117
28.470745086669922,,0.8404921891851117
28.471477508544922,,0.8404921891851117
28.474403381347656,,0.8404921891851117
28.475135803222656,,0.8404921891851117
28.475866317749023,,0.8404921891851117
28.482450485229492,,0.8404921891851117
28.485376358032227,,0.8404921891851117
28.486106872558594,,0.8404921891851117
28.486839294433594,,0.8404921891851117
28.490495681762695,,0.8404921891851117
28.49561309814453,0.9961192894658535,0.8404921891851117
28.49634552001953,0.9961192894658535,
28.4970760345459,,0.8404921891851117
28.500730514526367,,0.8404921891851117
28.516807556152344,,0.839697021551067
28.532875061035156,0.9961192894658535,
28.533605575561523,0.9961192894658535,
28.543825149536133,,0.8389018539170227
28.548934936523438,,0.8389018539170227
28.551124572753906,,0.8389018539170227
28.553312301635742,,0.8389018539170227
28.557689666748047,,0.8389018539170227
28.56060791015625,,0.8389018539170227
28.561338424682617,,0.8389018539170227
28.562795639038086,,0.8389018539170227
28.563526153564453,,0.8389018539170227
28.564254760742188,,0.8389018539170227
28.564983367919922,,0.8389018539170227
28.57008934020996,,0.8389018539170227
28.576650619506836,,0.8389018539170227
28.581754684448242,0.9961192894658535,
28.582483291625977,0.9961192894658535,
28.58321189880371,0.9961192894658535,
28.583940505981445,0.9961192894658535,
28.585397720336914,0.9961192894658535,
28.58612823486328,0.9961192894658535,
28.591957092285156,,0.8389018539170227
28.59268569946289,,0.8389018539170227
28.59414291381836,,0.8389018539170227
28.595600128173828,,0.8389018539170227
28.597057342529297,,0.8389018539170227
28.61235237121582,,0.8389018539170227
28.621814727783203,,0.8389018539170227
28.624727249145508,,0.8389018539170227
28.634187698364258,,0.8389018539170227
28.64946174621582,,0.838088176076172
28.654550552368164,,0.8372744982353211
28.6567325592041,,0.8364608203944701
28.674901962280273,,0.8364608203944701
28.675628662109375,,0.8364608203944701
28.676355361938477,,0.8364608203944701
28.677082061767578,,0.8364608203944701
28.67780876159668,0.9956717965235955,
28.67853355407715,,0.8364608203944701
28.67926025390625,,0.8364608203944701
28.690881729125977,,0.8364608203944701
28.692333221435547,,0.8364608203944701
28.69305992126465,,0.8364608203944701
28.693784713745117,,0.8364608203944701
28.69451141357422,,0.8364608203944701
28.700319290161133,,0.8356326413643766
28.702497482299805,,0.8348044623342836
28.731515884399414,,0.8348044623342836
28.732240676879883,,0.8348044623342836
28.73296546936035,,0.8348044623342836
28.73369026184082,,0.8348044623342836
28.748912811279297,,0.8339729837861424
28.765575408935547,,0.8331415052380002
28.767024993896484,,0.8323100266898585
28.76774787902832,,0.8323100266898585
28.76847267150879,,0.8323100266898585
28.789464950561523,0.9956717965235955,
28.790189743041992,0.9956717965235955,
28.79525375366211,0.9956717965235955,
28.795976638793945,0.9956717965235955,
28.798147201538086,0.9956717965235955,
28.798871994018555,0.9956717965235955,
28.825626373291016,0.9956717965235955,
28.82634735107422,0.9956717965235955,
28.82779312133789,0.9956717965235955,
28.83574104309082,,0.8314760487072032
28.837186813354492,,0.830642070724548
28.841520309448242,,0.8298080927418928
28.844409942626953,,0.8298080927418928
28.85451889038086,,0.8298080927418928
28.86751365661621,0.9956717965235955,
28.868234634399414,0.9956717965235955,
28.873287200927734,0.9956717965235955,0.8289724350452741
28.874008178710938,0.9956717965235955,0.8289724350452741
28.87472915649414,0.9956717965235955,
28.876171112060547,0.9956717965235955,
28.877614974975586,0.9956717965235955,
28.87833595275879,0.9956717965235955,
28.879058837890625,0.9956717965235955,
28.879779815673828,,0.8281359341017368
28.893482208251953,0.9956717965235955,
28.894203186035156,0.9956717965235955,
28.89492416381836,0.9956717965235955,
28.900691986083984,,0.8281359341017368
28.908620834350586,0.9956717965235955,0.8281359341017368
28.90934181213379,,0.8272960396452443
28.910062789916992,,0.8272960396452443
28.910781860351562,0.9956717965235955,0.8264518600129535
28.911502838134766,0.9956717965235955,
28.91222381591797,,0.8264518600129535
28.91294288635254,,0.8264518600129535
28.913663864135742,,0.8264518600129535
28.914384841918945,,0.8264518600129535
28.91510581970215,,0.8264518600129535
28.91582679748535,0.9956717965235955,
28.92591094970703,,0.8255989685165516
28.938152313232422,,0.8255989685165516
28.938871383666992,,0.8255989685165516
28.939592361450195,,0.8255989685165516
28.94103240966797,,0.8255989685165516
28.94822883605957,,0.8255989685165516
28.949668884277344,0.9956717965235955,
28.957584381103516,,0.8255989685165516
28.98778533935547,,0.8255989685165516
29.02082633972168,,0.8247362736696164
29.02872085571289,,0.8247362736696164
29.029438018798828,0.9956717965235955,0.8247362736696164
29.0301570892334,0.9956717965235955,0.8247362736696164
29.031591415405273,,0.8247362736696164
29.038049697875977,,0.8238653800332175
29.038766860961914,,0.8238653800332175
29.03948402404785,,0.8238653800332175
29.04020118713379,,0.8238653800332175
29.04092025756836,,0.8238653800332175
29.041637420654297,,0.8238653800332175
29.042354583740234,,0.8238653800332175
29.0595645904541,0.9956717965235955,
29.06028175354004,0.9956717965235955,
29.061716079711914,0.9956717965235955,
29.06243324279785,0.9956717965235955,
29.068883895874023,0.9956717965235955,
29.06960105895996,0.9956717965235955,
29.070316314697266,0.9956717965235955,
29.0760498046875,,0.8238653800332175
29.077482223510742,,0.8238653800332175
29.07819938659668,,0.8238653800332175
29.09467315673828,,0.8229814043035685
29.102548599243164,,0.8220974285739187
29.13831901550293,,0.8220974285739187
29.14332389831543,,0.8212125013095769
29.154760360717773,,0.8212125013095769
29.155473709106445,,0.8212125013095769
29.156902313232422,,0.8212125013095769
29.157617568969727,,0.8212125013095769
29.172618865966797,,0.8203208482136928
29.190465927124023,0.9956717965235955,
29.207590103149414,0.9956717965235955,
29.22470474243164,,0.8203208482136928
29.244657516479492,0.9956717965235955,
29.245370864868164,0.9956717965235955,
29.246793746948242,0.9956717965235955,
29.247507095336914,0.9956717965235955,
29.248218536376953,0.9956717965235955,
29.254629135131836,0.9956717965235955,
29.255340576171875,0.9956717965235955,
29.256053924560547,0.9956717965235955,
29.256765365600586,0.9956717965235955,
29.268869400024414,0.9956717965235955,
29.285234451293945,,0.8194282248750492
29.286657333374023,0.9956717965235955,0.818535601536405
29.287368774414062,0.9956717965235955,
29.28950309753418,,0.818535601536405
29.29021453857422,,0.818535601536405
29.290925979614258,,0.818535601536405
29.291637420654297,,0.818535601536405
29.292348861694336,,0.818535601536405
29.293058395385742,,0.818535601536405
29.341381072998047,,0.818535601536405
29.34564208984375,0.9956717965235955,
29.346351623535156,0.9956717965235955,
29.348480224609375,0.9956717965235955,
29.354867935180664,,0.818535601536405
29.35628890991211,,0.818535601536405
29.356998443603516,,0.818535601536405
29.37473487854004,0.9956717965235955,
29.375444412231445,0.9956717965235955,
29.376861572265625,0.9956717965235955,
29.37757110595703,0.9956717965235955,
29.43708038330078,0.9956717965235955,
29.437788009643555,0.9956717965235955,
29.4392032623291,,0.8176281341289362
29.441326141357422,,0.8176281341289362
29.465373992919922,,0.8176281341289362
29.468910217285156,,0.8176281341289362
29.485872268676758,0.9956717965235955,
29.4865779876709,0.9956717965235955,
29.4901123046875,0.9956717965235955,
29.49081802368164,0.9956717965235955,
29.49152374267578,0.9956717965235955,0.8176281341289362
29.492231369018555,0.9956717965235955,
29.49576187133789,0.9956717965235955,
29.496469497680664,0.9956717965235955,
29.50635528564453,,0.8167166200440656
29.524002075195312,0.9956717965235955,
29.52470588684082,0.9956717965235955,
29.525413513183594,0.9956717965235955,
29.526823043823242,,0.8167166200440656
29.543048858642578,0.9956717965235955,
29.543752670288086,0.9956717965235955,
29.544458389282227,0.9956717965235955,
29.564899444580078,,0.8167166200440656
29.578990936279297,,0.8167166200440656
29.580398559570312,,0.8167166200440656
29.581806182861328,,0.8167166200440656
29.583215713500977,,0.8167166200440656
29.584625244140625,,0.8167166200440656
29.602224349975586,,0.8167166200440656
29.602928161621094,,0.8167166200440656
29.6036319732666,,0.8167166200440656
29.621923446655273,0.9956717965235955,
29.628252029418945,0.9956717965235955,0.8167166200440656
29.628955841064453,0.9956717965235955,
29.62965965270996,,0.8167166200440656
29.63176727294922,,0.8167166200440656
29.634580612182617,,0.8167166200440656
29.635282516479492,,0.8167166200440656
29.636688232421875,,0.8167166200440656
29.650041580200195,,0.8167166200440656
29.650745391845703,,0.8167166200440656
29.651447296142578,,0.8167166200440656
29.652149200439453,,0.8167166200440656
29.65496063232422,,0.8167166200440656
29.655662536621094,,0.8157713461782741
29.657068252563477,,0.8157713461782741
29.658472061157227,,0.8157713461782741
29.661983489990234,0.9956717965235955,
29.662687301635742,0.9956717965235955,
29.663389205932617,0.9956717965235955,
29.664091110229492,0.9956717965235955,0.8157713461782741
29.674623489379883,,0.8157713461782741
29.68234634399414,,0.8157713461782741
29.683048248291016,,0.8157713461782741
29.68375015258789,,0.8157713461782741
29.68515396118164,,0.8157713461782741
29.68655776977539,,0.8157713461782741
29.698484420776367,0.9956717965235955,
29.699186325073242,0.9956717965235955,
29.71251106262207,0.9956717965235955,
29.714614868164062,,0.8148104847575691
29.718820571899414,0.9956717965235955,
29.730735778808594,0.9956717965235955,
29.742645263671875,0.9956717965235955,
29.744747161865234,,0.8148104847575691
29.74544906616211,,0.8148104847575691
29.74614715576172,,0.8148104847575691
29.746849060058594,,0.8148104847575691
29.748249053955078,0.9956717965235955,
29.74894905090332,,0.8148104847575691
29.749650955200195,,0.8148104847575691
29.75105094909668,,0.8148104847575691
29.751750946044922,,0.8148104847575691
29.76645278930664,,0.8148104847575691
29.78814125061035,0.9956717965235955,
29.789539337158203,0.9956717965235955,
29.790239334106445,0.9956717965235955,
29.79233741760254,0.9956717965235955,
29.79373550415039,0.9956717965235955,
29.79443359375,0.9956717965235955,
29.798629760742188,0.9956717965235955,
29.79932975769043,,0.8138346638177401
29.80002784729004,,0.8138346638177401
29.80142593383789,,0.8138346638177401
29.802125930786133,,0.8138346638177401
29.803524017333984,,0.8138346638177401
29.815404891967773,0.9956717965235955,
29.816102981567383,0.9956717965235955,
29.816802978515625,0.9956717965235955,
29.8174991607666,0.9956717965235955,
29.823787689208984,,0.8138346638177401
29.824485778808594,,0.8128505832085287
29.827978134155273,0.9956717965235955,
29.828678131103516,0.9956717965235955,
29.829376220703125,0.9956717965235955,
29.83705711364746,0.9956717965235955,
29.83775520324707,0.9956717965235955,
29.83845329284668,0.9956717965235955,
29.83915138244629,0.9956717965235955,
29.83985137939453,0.9956717965235955,
29.840547561645508,0.9956717965235955,
29.84962272644043,0.9956717965235955,
29.85101890563965,0.9956717965235955,
29.851716995239258,0.9956717965235955,
29.85660171508789,0.9956717965235955,
29.8572998046875,0.9956717965235955,
29.905406951904297,0.9956717965235955,
29.910980224609375,,0.8128505832085287
29.923513412475586,,0.8128505832085287
29.947175979614258,,0.8128505832085287
29.949262619018555,,0.8128505832085287
29.94995880126953,,0.8128505832085287
29.950654983520508,,0.8128505832085287
29.956912994384766,,0.8128505832085287
29.957609176635742,,0.8128505832085287
29.958999633789062,,0.8128505832085287
29.959693908691406,,0.8128505832085287
29.99652862548828,,0.8128505832085287
30.021520614624023,,0.8118445800114888
30.025684356689453,,0.8118445800114888
30.027070999145508,,0.8118445800114888
30.02776527404785,,0.8108348230711759
30.028457641601562,,0.8108348230711759
30.029151916503906,,0.8108348230711759
30.03470230102539,,0.8108348230711759
30.036088943481445,0.9956717965235955,
30.04441261291504,,0.8108348230711759
30.049959182739258,,0.8108348230711759
30.06174087524414,,0.8108348230711759
30.06451416015625,,0.8088001058238203
30.06520652770996,,0.8088001058238203
30.065898895263672,,0.8077801813524161
30.067285537719727,,0.8077801813524161
30.08460235595703,,0.8067576747937417
30.09083366394043,,0.8057351682350683
30.092220306396484,,0.8057351682350683
30.092910766601562,,0.8057351682350683
30.093603134155273,,0.8057351682350683
30.094297409057617,,0.8057351682350683
30.09844970703125,,0.8057351682350683
30.099834442138672,,0.8057351682350683
30.11298179626465,,0.8057351682350683
30.113672256469727,,0.8057351682350683
30.11505699157715,,0.8057351682350683
30.116439819335938,,0.8057351682350683
30.11713218688965,,0.8057351682350683
30.11782455444336,,0.8057351682350683
30.118515014648438,,0.8057351682350683
30.126123428344727,,0.8057351682350683
30.126815795898438,,0.8057351682350683
30.133037567138672,,0.8057351682350683
30.133729934692383,0.9956717965235955,
30.13442039489746,,0.8057351682350683
30.135112762451172,,0.8057351682350683
30.14409828186035,,0.8057351682350683
30.159299850463867,0.9956717965235955,
30.206235885620117,,0.8057351682350683
30.24001121520996,,0.8057351682350683
30.24070167541504,,0.8057351682350683
30.241390228271484,,0.8057351682350683
30.24207878112793,,0.8057351682350683
30.243457794189453,,0.8057351682350683
30.259296417236328,,0.8057351682350683
30.259984970092773,,0.8057351682350683
30.26067352294922,,0.8057351682350683
30.261362075805664,,0.8057351682350683
30.268932342529297,0.9956717965235955,
30.269620895385742,,0.8057351682350683
30.270998001098633,,0.8057351682350683
30.271686553955078,,0.8057351682350683
30.28131866455078,,0.8057351682350683
30.310888290405273,,0.8057351682350683
30.31157684326172,,0.8057351682350683
30.31363868713379,,0.8057351682350683
30.32050895690918,0.9956717965235955,
30.330127716064453,,0.8057351682350683
30.340429306030273,,0.8057351682350683
30.341115951538086,,0.8057351682350683
30.3418025970459,,0.8057351682350683
30.343175888061523,,0.8057351682350683
30.376113891601562,,0.804620735083982
30.382972717285156,,0.8035063019328966
30.38434410095215,0.9956717965235955,
30.443937301635742,,0.8023918687818108
30.539592742919922,,0.801277435630725
30.540956497192383,,0.8001630024796388
30.56550407409668,,0.799048569328553
30.614538192749023,,0.799048569328553
30.622703552246094,,0.799048569328553
30.625425338745117,,0.799048569328553
30.63290786743164,,0.799048569328553
30.633586883544922,,0.799048569328553
30.634267807006836,,0.799048569328553
30.639026641845703,0.9956717965235955,
30.656021118164062,,0.799048569328553
30.67368507385254,,0.7979119426296499
30.679119110107422,,0.7979119426296499
30.682514190673828,,0.7979119426296499
30.68387222290039,,0.7979119426296499
30.685230255126953,,0.7979119426296499
30.685909271240234,,0.7979119426296499
30.689302444458008,,0.7979119426296499
30.68998146057129,,0.7979119426296499
30.704912185668945,,0.7979119426296499
30.706270217895508,,0.7979119426296499
30.73136329650879,,0.7967588906894342
30.736106872558594,,0.7967588906894342
30.738819122314453,,0.7967588906894342
30.7394962310791,,0.7967588906894342
30.74017333984375,0.9956717965235955,
30.743562698364258,,0.7956008109064553
30.753726959228516,,0.7956008109064553
30.784194946289062,,0.7956008109064553
30.78487205505371,,0.7956008109064553
30.786901473999023,,0.7956008109064553
30.803813934326172,,0.7956008109064553
30.80449104309082,,0.7956008109064553
30.805166244506836,,0.7956008109064553
30.805843353271484,,0.7956008109064553
30.80719566345215,,0.7956008109064553
30.80922508239746,0.9956717965235955,
30.815309524536133,,0.7944256250705523
30.816661834716797,,0.7944256250705523
30.83558464050293,,0.7944256250705523
30.836936950683594,,0.7944256250705523
30.838287353515625,,0.7944256250705523
30.923965454101562,,0.7944256250705523
30.924638748168945,,0.7944256250705523
30.92531394958496,,0.7944256250705523
30.925987243652344,,0.7944256250705523
30.928009033203125,,0.7944256250705523
30.93137550354004,0.9956717965235955,
30.932722091674805,0.9956717965235955,
30.948209762573242,,0.79322920093641
30.949556350708008,0.9956717965235955,
30.952247619628906,,0.7920327768022677
31.004703521728516,,0.7920327768022677
31.00604820251465,0.9956717965235955,
31.02552604675293,,0.7920327768022677
31.026199340820312,,0.7920327768022677
31.027542114257812,,0.7920327768022677
31.028213500976562,,0.7920327768022677
31.028884887695312,0.9956717965235955,0.7920327768022677
31.029556274414062,,0.7920327768022677
31.030227661132812,,0.7920327768022677
31.030899047851562,,0.7920327768022677
31.03358268737793,,0.7920327768022677
31.036941528320312,,0.7920327768022677
31.057741165161133,0.9956717965235955,
31.063108444213867,0.9956717965235955,
31.11001968383789,,0.7920327768022677
31.112028121948242,,0.7908067198722332
31.11269760131836,,0.7908067198722332
31.11336898803711,,0.7908067198722332
31.12274169921875,,0.7908067198722332
31.13746452331543,,0.7908067198722332
31.153518676757812,,0.7895691506705553
31.154855728149414,,0.7895691506705553
31.1568603515625,,0.7895691506705553
31.157529830932617,,0.7895691506705553
31.16221046447754,,0.7895691506705553
31.19695472717285,,0.7883198323941774
31.214981079101562,,0.7883198323941774
31.230993270874023,,0.7883198323941774
31.243000030517578,,0.7883198323941774
31.244998931884766,,0.7883198323941774
31.249666213989258,,0.7883198323941774
31.334884643554688,,0.7883198323941774
31.33555030822754,,0.7883198323941774
31.337543487548828,,0.7883198323941774
31.372095108032227,,0.7870503962711596
31.39798355102539,0.9956717965235955,
31.399972915649414,0.9956717965235955,
31.445720672607422,,0.7870503962711596
31.447046279907227,,0.7870503962711596
31.447708129882812,,0.7870503962711596
31.4483699798584,,0.7870503962711596
31.449033737182617,,0.7870503962711596
31.454994201660156,,0.7857685552348876
31.455656051635742,,0.7857685552348876
31.48412322998047,,0.7857685552348876
31.5079345703125,0.9956717965235955,
31.583223342895508,,0.7857685552348876
31.640560150146484,,0.7857685552348876
31.650434494018555,0.9956717965235955,
31.687273025512695,0.9951424654249658,
31.695819854736328,0.9951424654249658,
31.697792053222656,0.9951424654249658,
31.857757568359375,0.9951424654249658,
31.878023147583008,0.9951424654249658,
31.87867546081543,0.9951424654249658,0.7857685552348876
31.879329681396484,0.9951424654249658,
31.90219497680664,,0.7857685552348876
31.931568145751953,0.9951424654249658,
32.04814147949219,,0.7857685552348876
32.089717864990234,,0.7857685552348876
32.10789108276367,,0.7857685552348876
32.10853958129883,,0.7857685552348876
32.124107360839844,,0.7857685552348876
32.157814025878906,0.9951424654249658,
32.177242279052734,0.9951424654249658,
32.18307113647461,0.9951424654249658,
32.27486038208008,,0.7857685552348876
32.40177536010742,,0.7844611200348296
32.47691345214844,,0.7844611200348296
32.504486083984375,,0.7844611200348296
32.53779983520508,,0.7831493121417952
32.546119689941406,,0.7818375042487604
32.5518798828125,,0.7805256963557257
32.64008331298828,,0.7805256963557257
32.655399322509766,0.9951424654249658,
32.713401794433594,0.9951424654249658,
32.71403884887695,0.9951424654249658,
32.71467590332031,0.9951424654249658,
32.71595001220703,0.9951424654249658,
32.71658706665039,0.9951424654249658,
32.72422790527344,,0.7805256963557257
32.72677230834961,0.9951424654249658,
32.72740936279297,0.9951424654249658,
32.72804641723633,0.9951424654249658,
32.72868347167969,0.9951424654249658,
32.74077606201172,0.9951424654249658,
32.74140930175781,0.9951424654249658,0.7805256963557257
32.74650192260742,0.9945947810741537,
32.792274475097656,0.994047096723342,
32.81513977050781,,0.7805256963557257
32.81767654418945,0.994047096723342,
32.872859954833984,,0.7805256963557257
32.87919616699219,,0.7805256963557257
32.88363265991211,0.994047096723342,
32.895668029785156,0.994047096723342,
32.89630126953125,0.994047096723342,
32.90833282470703,0.994047096723342,
32.908966064453125,0.994047096723342,
32.90959930419922,0.994047096723342,
32.91023254394531,0.994047096723342,
32.910865783691406,0.994047096723342,
32.912132263183594,0.994047096723342,
32.91276168823242,0.994047096723342,0.7805256963557257
32.913394927978516,0.994047096723342,
32.92478561401367,0.994047096723342,0.7805256963557257
32.92542266845703,0.994047096723342,0.7805256963557257
32.92605209350586,0.994047096723342,
32.92668533325195,0.994047096723342,
32.92795181274414,0.994047096723342,
32.962730407714844,0.994047096723342,
32.96336364746094,0.994047096723342,
32.96399688720703,0.994047096723342,0.7805256963557257
32.96525955200195,0.994047096723342,0.7805256963557257
32.96589279174805,0.994047096723342,
32.971580505371094,,0.7805256963557257
32.97663497924805,,0.7805256963557257
32.98484420776367,,0.7791845869118148
32.995582580566406,0.994047096723342,
33.017669677734375,,0.7791845869118148
33.01830291748047,,0.7791845869118148
33.0189323425293,,0.7791845869118148
33.039119720458984,,0.7791845869118148
33.06559371948242,0.994047096723342,
33.13105392456055,,0.7791845869118148
33.16184997558594,,0.7791845869118148
33.25031280517578,0.994047096723342,
33.26847839355469,,0.7791845869118148
33.29289245605469,,0.7791845869118148
33.33041763305664,0.994047096723342,
33.40034866333008,,0.7791845869118148
33.438377380371094,0.994047096723342,
33.450836181640625,0.994047096723342,
33.47947311401367,,0.7778199904373634
33.50559616088867,,0.7764553939629115
33.538536071777344,,0.7764553939629115
33.53915786743164,,0.7764553939629115
33.542884826660156,,0.7764553939629115
33.57454299926758,,0.7750738007352195
33.610511779785156,0.994047096723342,
33.658206939697266,,0.7736922075075275
33.707069396972656,,0.7736922075075275
33.726226806640625,,0.7736922075075275
33.726844787597656,,0.7736922075075275
33.73178482055664,,0.7736922075075275
33.74536895751953,,0.7722829320840169
33.77560806274414,,0.7708736566605057
33.83353805541992,0.994047096723342,
33.83415603637695,0.994047096723342,
33.83477020263672,0.994047096723342,0.7708736566605057
33.83538818359375,0.994047096723342,
33.86738967895508,0.994047096723342,
33.93252944946289,0.994047096723342,
34.06121826171875,0.994047096723342,
34.13148498535156,0.994047096723342,
34.13331604003906,0.9934609840483869,
34.163211822509766,,0.7708736566605057
34.190643310546875,0.9934609840483869,
34.19124984741211,0.9934609840483869,
34.19186019897461,0.9934609840483869,
34.20282745361328,0.9934609840483869,
34.203433990478516,0.9934609840483869,0.7708736566605057
34.204654693603516,0.9934609840483869,0.7708736566605057
34.20526123046875,0.9934609840483869,
34.216224670410156,,0.7708736566605057
34.22840118408203,,0.7708736566605057
34.23631286621094,0.9934609840483869,
34.23691940307617,0.9934609840483869,
34.243614196777344,0.9934609840483869,
34.24848175048828,0.9934609840483869,
34.249088287353516,0.9934609840483869,
34.25273895263672,0.9934609840483869,
34.267940521240234,,0.7694487515650155
34.27766418457031,0.9934609840483869,
34.27827453613281,0.9934609840483869,0.7694487515650155
34.27888107299805,0.9934609840483869,
34.27948760986328,0.9934609840483869,
34.29346466064453,,0.7694487515650155
34.299537658691406,0.9934609840483869,
34.3189697265625,0.9934609840483869,
34.36871337890625,,0.7694487515650155
34.380226135253906,,0.7680158861058625
34.390525817871094,,0.7680158861058625
34.40264129638672,0.9934609840483869,
34.40324783325195,0.9934609840483869,
34.40385055541992,0.9934609840483869,
34.404457092285156,0.9934609840483869,
34.40808868408203,0.9934609840483869,
34.408695220947266,0.9934609840483869,0.7680158861058625
34.4093017578125,0.9934609840483869,
34.414146423339844,0.9934609840483869,
34.41474914550781,0.9934609840483869,
34.41596221923828,0.9934609840483869,
34.41656494140625,0.9934609840483869,
34.419593811035156,0.9934609840483869,
34.420196533203125,0.9934609840483869,
34.4226188659668,,0.7665776541094091
34.42504119873047,,0.7665776541094091
34.42564392089844,,0.7665776541094091
34.42625045776367,,0.7665776541094091
34.426856994628906,,0.7665776541094091
34.45709991455078,,0.7665776541094091
34.4752311706543,,0.7651175061968198
34.48671340942383,,0.7651175061968198
34.53440475463867,,0.7651175061968198
34.53500747680664,,0.7651175061968198
34.53561019897461,,0.7651175061968198
34.53621292114258,,0.7651175061968198
34.55189514160156,,0.7651175061968198
34.569976806640625,,0.7636318411362436
34.60070037841797,,0.7636318411362436
34.609127044677734,,0.7636318411362436
34.61033248901367,0.9934609840483869,
34.610931396484375,0.9934609840483869,
34.611534118652344,0.9934609840483869,0.7636318411362436
34.61213684082031,0.9934609840483869,
34.61273956298828,0.9934609840483869,0.7636318411362436
34.61334228515625,0.9934609840483869,
34.65544509887695,,0.7636318411362436
34.65604782104492,,0.7636318411362436
34.65665054321289,,0.7636318411362436
34.657249450683594,,0.7636318411362436
34.65785217285156,,0.7621136863824933
34.72631072998047,0.9928369507669492,
34.728111267089844,,0.7605955316287434
34.739505767822266,0.9922129174855121,
34.7526969909668,,0.7605955316287434
34.755096435546875,,0.7590743405654863
34.76887893676758,,0.7575531495022285
34.778465270996094,,0.7560319584389713
34.8407096862793,,0.7560319584389713
34.841304779052734,,0.7560319584389713
34.84250259399414,,0.7560319584389713
34.851470947265625,0.9922129174855121,
34.85206604003906,0.9922129174855121,
34.855655670166016,0.9922129174855121,
34.85625457763672,0.9922129174855121,
34.868202209472656,,0.7560319584389713
34.86880111694336,,0.7560319584389713
34.875972747802734,,0.7560319584389713
34.883140563964844,0.9922129174855121,
34.912986755371094,,0.7560319584389713
34.97499084472656,0.9922129174855121,
34.984519958496094,,0.7560319584389713
34.98511505126953,,0.7560319584389713
34.99761962890625,0.9922129174855121,0.7560319584389713
35.001190185546875,,0.7560319584389713
35.02201461791992,0.9922129174855121,
35.022613525390625,0.9922129174855121,0.7544666748811268
35.02499008178711,0.9922129174855121,
35.02677536010742,0.9922129174855121,
35.02737045288086,0.9922129174855121,
35.0279655456543,0.9922129174855121,
35.032127380371094,0.9922129174855121,
35.03272247314453,0.9922129174855121,
35.03331756591797,0.9922129174855121,
35.03510284423828,0.9922129174855121,
35.03569793701172,0.9922129174855121,
35.03628921508789,0.9922129174855121,
35.03688430786133,0.9922129174855121,0.7544666748811268
35.03866958618164,0.9922129174855121,0.7544666748811268
35.03926467895508,0.9922129174855121,
35.04164123535156,,0.7544666748811268
35.042236328125,,0.7544666748811268
35.04283142089844,,0.7544666748811268
35.050559997558594,0.9922129174855121,0.7544666748811268
35.05115509033203,0.9922129174855121,
35.1170654296875,0.9922129174855121,
35.11766052246094,0.9922129174855121,
35.11884689331055,0.9922129174855121,
35.11943817138672,0.9922129174855121,
35.13248825073242,0.9922129174855121,
35.15679168701172,,0.7528580039325534
35.18522262573242,0.9922129174855121,
35.185813903808594,0.9922129174855121,
35.18640899658203,0.9922129174855121,
35.208309173583984,0.9922129174855121,
35.208900451660156,0.9922129174855121,
35.213043212890625,0.9922129174855121,
35.2136344909668,0.9922129174855121,
35.215999603271484,0.9922129174855121,
35.22487258911133,,0.7528580039325534
35.22605514526367,,0.7528580039325534
35.226646423339844,,0.7528580039325534
35.227237701416016,0.9922129174855121,0.7528580039325534
35.22782897949219,0.9922129174855121,
35.234336853027344,,0.7512249063101403
35.237884521484375,0.9922129174855121,
35.23847198486328,0.9922129174855121,
35.23906326293945,0.9922129174855121,
35.239654541015625,0.9922129174855121,
35.245567321777344,0.9922129174855121,
35.31583786010742,0.9922129174855121,
35.3382453918457,0.9922129174855121,
35.34885787963867,0.9922129174855121,
35.351802825927734,0.9922129174855121,
35.35475158691406,0.9922129174855121,
35.355926513671875,0.9922129174855121,
35.378902435302734,,0.7495918086877268
35.4471435546875,,0.7479551453499806
35.44890594482422,,0.7463184820122345
35.451847076416016,,0.744681818674488
35.500587463378906,,0.7430451553367423
35.5088005065918,,0.741408491998996
35.51994705200195,,0.741408491998996
35.546329498291016,0.9922129174855121,
35.54691696166992,0.9922129174855121,
35.55219268798828,0.9922129174855121,
35.55277633666992,0.9922129174855121,
35.553951263427734,0.9922129174855121,0.741408491998996
35.554534912109375,0.9922129174855121,0.741408491998996
35.557464599609375,0.9922129174855121,
35.55805206298828,0.9922129174855121,
35.55863571166992,0.9922129174855121,0.741408491998996
35.55922317504883,0.9922129174855121,
35.62653350830078,,0.739757248141537
35.62712097167969,,0.7381060042840786
35.68788146972656,,0.7381060042840786
35.70188903808594,,0.7381060042840786
35.730472564697266,,0.7364473391059121
35.734554290771484,0.9922129174855121,
35.735137939453125,0.9922129174855121,
35.7357177734375,0.9922129174855121,
35.73630142211914,0.9922129174855121,
35.73688507080078,0.9922129174855121,0.7364473391059121
35.73746871948242,0.9922129174855121,
35.759033203125,,0.7347849297625577
35.7689323425293,0.9922129174855121,
35.76951599121094,0.9922129174855121,
35.77009963989258,0.9922129174855121,0.7347849297625577
35.77067947387695,0.9922129174855121,0.7347849297625577
35.774173736572266,,0.7347849297625577
35.77592086791992,,0.733111159990889
35.77766799926758,0.9922129174855121,
35.77825164794922,0.9922129174855121,
35.78290939331055,0.9914990952427172,
35.803863525390625,,0.733111159990889
35.80561065673828,0.9914990952427172,
35.806190490722656,0.9914990952427172,0.733111159990889
35.83061981201172,,0.7314297123762312
35.84050369262695,0.9914990952427172,
35.860260009765625,,0.7314297123762312
35.8654899597168,,0.7314297123762312
35.89800262451172,,0.7297404982598893
35.92700958251953,0.9914990952427172,
35.927589416503906,0.9914990952427172,
35.92816925048828,0.9914990952427172,
35.928749084472656,0.9914990952427172,
35.929908752441406,0.9914990952427172,
35.93048858642578,0.9914990952427172,
35.931068420410156,0.9914990952427172,
35.93164825439453,0.9914990952427172,
35.946720123291016,0.9914990952427172,
35.94729995727539,0.9914990952427172,
35.94845962524414,0.9914990952427172,
35.949039459228516,0.9914990952427172,
35.95367431640625,0.9914990952427172,
35.954254150390625,0.9914990952427172,
35.95541000366211,0.9914990952427172,
35.95599365234375,0.9914990952427172,
36.010414123535156,0.9914990952427172,
36.01099395751953,0.9914990952427172,
36.011573791503906,,0.7297404982598893
36.01272964477539,0.9914990952427172,
36.013309478759766,0.9914990952427172,
36.0219841003418,0.9914990952427172,
36.023719787597656,0.9914990952427172,
36.03007888793945,0.9914990952427172,
36.03065872192383,0.9914990952427172,
36.03239440917969,0.9914990952427172,0.7297404982598893
36.0329704284668,0.9914990952427172,
36.03412628173828,0.9914990952427172,
36.034706115722656,0.9914990952427172,
36.03643798828125,0.9914990952427172,
36.03817367553711,0.9914990952427172,0.7297404982598893
36.038753509521484,0.9914990952427172,
36.0526237487793,0.9914990952427172,
36.05320358276367,0.9914990952427172,
36.05435562133789,0.9914990952427172,
36.054935455322266,0.9914990952427172,
36.055511474609375,0.9914990952427172,
36.057247161865234,,0.7297404982598893
36.09074020385742,,0.7280315041187655
36.11209487915039,,0.7263225099776416
36.15418243408203,0.9914990952427172,
36.157066345214844,,0.7263225099776416
36.208309173583984,0.9914990952427172,
36.208885192871094,0.9914990952427172,
36.2094612121582,0.9914990952427172,
36.21003341674805,,0.7263225099776416
36.21061325073242,,0.7263225099776416
36.211185455322266,0.9914990952427172,
36.214637756347656,0.9914990952427172,
36.215213775634766,0.9914990952427172,
36.215789794921875,,0.7263225099776416
36.21636199951172,0.9914990952427172,
36.21693801879883,0.9914990952427172,
36.240516662597656,,0.7263225099776416
36.27154541015625,,0.7263225099776416
36.33237838745117,0.9914990952427172,
36.34613800048828,0.9914990952427172,
36.35816955566406,0.9914990952427172,
36.35874557495117,,0.7263225099776416
36.36046600341797,,0.7263225099776416
36.41142272949219,,0.7263225099776416
36.44230651855469,0.9914990952427172,
36.443450927734375,0.9914990952427172,
36.44401931762695,0.9914990952427172,
36.45259475708008,,0.7245765424055797
36.45487976074219,0.9914990952427172,
36.45545196533203,0.9914990952427172,
36.45659637451172,0.9914990952427172,
36.4571647644043,0.9914990952427172,
36.45773696899414,0.9914990952427172,
36.45888137817383,0.9914990952427172,
36.45945358276367,0.9914990952427172,
36.460025787353516,0.9914990952427172,
36.460594177246094,0.9914990952427172,
36.46116638183594,0.9914990952427172,
36.46173858642578,0.9914990952427172,
36.462310791015625,0.9914990952427172,
36.4628791809082,0.9914990952427172,
36.47145080566406,,0.7245765424055797
36.49143600463867,,0.7245765424055797
36.492008209228516,,0.7245765424055797
36.49258041381836,,0.7245765424055797
36.526817321777344,,0.7245765424055797
36.553043365478516,,0.7228092825460539
36.56216049194336,0.9914990952427172,
36.5798225402832,,0.7210420226865276
36.587223052978516,0.9914990952427172,0.7210420226865276
36.58779525756836,0.9914990952427172,
36.58836364746094,0.9914990952427172,0.7210420226865276
36.588932037353516,0.9914990952427172,0.7210420226865276
36.589500427246094,0.9914990952427172,0.7210420226865276
36.59007263183594,,0.7210420226865276
36.60771942138672,0.9914990952427172,
36.624786376953125,,0.7210420226865276
36.69184875488281,,0.7210420226865276
36.749717712402344,,0.7192394176298117
36.79164123535156,,0.7174368125730952
36.79787063598633,0.9914990952427172,
36.82051086425781,,0.7174368125730952
36.83522033691406,0.9914990952427172,
36.84878921508789,0.9914990952427172,
36.885520935058594,,0.7156296669494852
36.91657257080078,0.9914990952427172,
36.925601959228516,0.9914990952427172,
36.938011169433594,,0.7156296669494852
36.9588737487793,,0.7156296669494852
36.97071075439453,,0.7138133479978366
36.9954948425293,0.9914990952427172,
36.99605941772461,0.9914990952427172,
36.99718475341797,0.9914990952427172,
36.99774932861328,0.9914990952427172,
36.99831008911133,,0.711997029046188
36.99887466430664,0.9914990952427172,0.711997029046188
36.99943923950195,0.9914990952427172,
37.0,0.9914990952427172,
37.00056076049805,0.9914990952427172,
37.00225067138672,0.9914990952427172,
37.00281524658203,0.9914990952427172,
37.007320404052734,0.9914990952427172,
37.00957107543945,0.9914990952427172,
37.010135650634766,0.9914990952427172,0.711997029046188
37.01069641113281,0.9914990952427172,
37.01182174682617,,0.711997029046188
37.03770446777344,0.9914990952427172,
37.0545768737793,,0.711997029046188
37.08717346191406,,0.711997029046188
37.08773422241211,,0.711997029046188
37.11132049560547,,0.7101524771574674
37.188148498535156,0.9914990952427172,
37.1887092590332,0.9914990952427172,
37.1898307800293,0.9914990952427172,0.7101524771574674
37.19038772583008,0.9914990952427172,
37.190948486328125,0.9914990952427172,
37.22622299194336,,0.7082982931440018
37.288291931152344,,0.7064441091305359
37.31007385253906,0.9914990952427172,
37.31565856933594,0.9914990952427172,
37.324031829833984,0.9914990952427172,
37.33463668823242,,0.7064441091305359
37.344120025634766,,0.7064441091305359
37.360294342041016,0.9914990952427172,
37.40543746948242,0.9914990952427172,
37.42158508300781,0.9914990952427172,
37.423255920410156,0.9914990952427172,
37.468318939208984,0.9914990952427172,
37.468875885009766,0.9914990952427172,
37.46998977661133,0.9914990952427172,
37.470542907714844,0.9914990952427172,
37.471099853515625,0.9914990952427172,
37.47943878173828,,0.7064441091305359
37.49611282348633,,0.7064441091305359
37.496665954589844,0.9914990952427172,0.7064441091305359
37.497222900390625,0.9914990952427172,
37.53331756591797,0.9914990952427172,
37.53387451171875,0.9914990952427172,
37.534427642822266,0.9914990952427172,
37.55551528930664,,0.7045602581728548
37.587677001953125,,0.7026764072151734
37.649147033691406,,0.7026764072151734
37.64970016479492,,0.7026764072151734
37.65025329589844,,0.7026764072151734
37.65081024169922,,0.7026764072151734
37.65135955810547,,0.7026764072151734
37.68122863769531,0.9914990952427172,
37.684547424316406,0.9914990952427172,
37.685096740722656,0.9914990952427172,
37.6867561340332,0.9914990952427172,
37.68730926513672,0.9914990952427172,
37.68952178955078,0.9914990952427172,
37.6900749206543,0.9914990952427172,
37.69062805175781,0.9914990952427172,
37.69118118286133,0.9914990952427172,
37.69173049926758,0.9914990952427172,
37.692283630371094,0.9914990952427172,
37.693389892578125,0.9914990952427172,
37.69394302368164,0.9914990952427172,
37.694496154785156,0.9914990952427172,0.7026764072151734
37.69504928588867,0.9914990952427172,0.7026764072151734
37.76131057739258,,0.7026764072151734
37.780616760253906,,0.7026764072151734
37.781166076660156,0.9914990952427172,0.7026764072151734
37.78171920776367,0.9914990952427172,
37.78227233886719,0.9914990952427172,
37.78502655029297,0.9914990952427172,
37.79164505004883,,0.7026764072151734
37.805423736572266,,0.7026764072151734
37.83076477050781,0.9914990952427172,
37.83131408691406,0.9914990952427172,
37.84672927856445,,0.7026764072151734
37.850582122802734,,0.7006970370540037
37.870391845703125,0.9914990952427172,0.7006970370540037
37.87094497680664,,0.7006970370540037
37.87149429321289,,0.7006970370540037
37.87204360961914,,0.7006970370540037
37.874244689941406,,0.7006970370540037
37.875892639160156,,0.7006970370540037
37.89788818359375,0.9914990952427172,
37.8984375,0.9914990952427172,
37.898990631103516,0.9914990952427172,
37.91162872314453,0.9914990952427172,0.7006970370540037
37.91217803955078,0.9914990952427172,0.7006970370540037
37.91272735595703,0.9914990952427172,0.7006970370540037
37.91327667236328,,0.7006970370540037
37.91492462158203,0.9914990952427172,0.7006970370540037
37.9160270690918,0.9914990952427172,
37.91657638549805,0.9914990952427172,
37.9171257019043,0.9914990952427172,
37.9248161315918,0.9914990952427172,
37.92536544799805,0.9914990952427172,
37.9259147644043,0.9914990952427172,
37.92646408081055,0.9914990952427172,
37.9270133972168,0.9914990952427172,
37.92866134643555,0.9914990952427172,
37.958309173583984,,0.6986361634156091
37.958858489990234,,0.6986361634156091
38.02192306518555,0.9914990952427172,
38.0224723815918,,0.6965691925179296
38.03178405761719,0.9914990952427172,
38.03233337402344,0.9914990952427172,
38.03287887573242,0.9914990952427172,
38.03342819213867,0.9914990952427172,
38.03397750854492,0.9914990952427172,0.6965691925179296
38.03616714477539,0.9914990952427172,
38.05259704589844,,0.69449606992115
38.05314254760742,,0.6924229473243708
38.06245040893555,,0.6924229473243708
38.12370300292969,0.9914990952427172,
38.12424850463867,0.9914990952427172,0.6924229473243708
38.124794006347656,0.9914990952427172,
38.12588882446289,,0.6924229473243708
38.13845443725586,0.9914990952427172,
38.138999938964844,0.9914990952427172,
38.15647506713867,0.9914990952427172,
38.15702438354492,,0.6924229473243708
38.16521072387695,0.9914990952427172,
38.17176055908203,,0.6924229473243708
38.172306060791016,0.9914990952427172,
38.1728515625,0.9914990952427172,
38.17558288574219,0.9914990952427172,
38.176124572753906,0.9914990952427172,
38.17721939086914,0.9914990952427172,
38.17940139770508,0.9914990952427172,0.6924229473243708
38.17994689941406,0.9914990952427172,0.6924229473243708
38.181583404541016,,0.6924229473243708
38.20558547973633,0.9914990952427172,
38.20613098144531,0.9914990952427172,
38.2066764831543,0.9914990952427172,
38.207218170166016,0.9914990952427172,
38.22248458862305,0.9914990952427172,
38.23392868041992,,0.6924229473243708
38.23501968383789,0.9903568151790728,
38.245914459228516,0.9903568151790728,
38.2464599609375,0.9903568151790728,
38.247005462646484,0.9903568151790728,0.6924229473243708
38.250816345214844,0.9903568151790728,
38.25136184692383,0.9903568151790728,
38.25190734863281,0.9903568151790728,
38.299259185791016,,0.6924229473243708
38.3057861328125,0.9903568151790728,
38.306331634521484,0.9903568151790728,
38.3068733215332,0.9903568151790728,
38.30741882324219,0.9903568151790728,0.6924229473243708
38.30796432495117,0.9903568151790728,0.6924229473243708
38.3106803894043,0.9903568151790728,
38.31122589111328,0.9903568151790728,
38.311767578125,0.9903568151790728,
38.33894729614258,0.9903568151790728,
38.37425231933594,0.9903568151790728,0.6924229473243708
38.37479782104492,,0.6924229473243708
38.37533950805664,,0.6902247792376266
38.39107894897461,,0.6902247792376266
38.39813232421875,0.9903568151790728,
38.398677825927734,0.9903568151790728,0.6902247792376266
38.39921951293945,0.9903568151790728,
38.39976119995117,0.9903568151790728,0.6902247792376266
38.40030288696289,0.9903568151790728,
38.42525100708008,,0.6902247792376266
38.429588317871094,,0.6902247792376266
38.43013000488281,,0.6902247792376266
38.457767486572266,0.9903568151790728,
38.46210479736328,0.9903568151790728,0.6902247792376266
38.462642669677734,0.9903568151790728,
38.46426773071289,0.9903568151790728,
38.46480941772461,0.9903568151790728,
38.519474029541016,0.9903568151790728,
38.520015716552734,0.9903568151790728,
38.52055740356445,0.9903568151790728,
38.52272033691406,0.9903568151790728,
38.5643424987793,,0.6902247792376266
38.56650161743164,0.9903568151790728,
38.567039489746094,0.9903568151790728,0.6902247792376266
38.56758117675781,0.9903568151790728,
38.57352066040039,,0.6902247792376266
38.57406234741211,,0.6902247792376266
38.57460403442383,,0.6902247792376266
38.57676315307617,0.9903568151790728,
38.59943771362305,,0.6902247792376266
38.60591506958008,0.9903568151790728,
38.609153747558594,0.9903568151790728,
38.610233306884766,0.9903568151790728,
38.61185073852539,,0.687900790081944
38.61454772949219,0.9903568151790728,
38.61616897583008,0.9903568151790728,
38.61670684814453,0.9903568151790728,
38.6177864074707,0.9903568151790728,
38.618324279785156,0.9903568151790728,
38.61886215209961,0.9903568151790728,
38.6204833984375,0.9903568151790728,
38.63180923461914,0.9903568151790728,
38.632347106933594,0.9903568151790728,
38.63288879394531,0.9903568151790728,
38.633426666259766,,0.687900790081944
38.63558578491211,0.9903568151790728,
38.63612365722656,0.9903568151790728,
38.637203216552734,0.9903568151790728,
38.63774108886719,0.9903568151790728,0.687900790081944
38.646907806396484,0.9903568151790728,
38.64798355102539,,0.685544965458376
38.65121841430664,0.9903568151790728,
38.651756286621094,0.9903568151790728,
38.65229797363281,0.9903568151790728,
38.6619987487793,0.9903568151790728,
38.668460845947266,0.9903568151790728,
38.669002532958984,0.9903568151790728,
38.66954040527344,0.9903568151790728,
38.67007827758789,0.9903568151790728,
38.670616149902344,0.9903568151790728,0.685544965458376
38.67115783691406,0.9903568151790728,
38.671695709228516,0.9903568151790728,
38.67223358154297,0.9903568151790728,
38.67277145385742,0.9903568151790728,
38.68462371826172,,0.685544965458376
38.69539260864258,0.9903568151790728,
38.69593048095703,0.9903568151790728,
38.696468353271484,0.9903568151790728,
38.69862365722656,,0.685544965458376
38.699161529541016,,0.685544965458376
38.70023727416992,,0.685544965458376
38.700775146484375,,0.685544965458376
38.70992660522461,,0.6831139549425657
38.74166488647461,0.9903568151790728,
38.742740631103516,0.9903568151790728,
38.74327850341797,0.9903568151790728,
38.74381637573242,0.9903568151790728,
38.744354248046875,0.9903568151790728,
38.74489212036133,0.9903568151790728,
38.761558532714844,0.9903568151790728,
38.7620964050293,0.9903568151790728,
38.762630462646484,0.9903568151790728,
38.77015686035156,0.9903568151790728,
38.77284240722656,,0.6806829444267558
38.860862731933594,,0.6782519339109461
38.87104797363281,,0.6758209233951363
38.89515686035156,0.9903568151790728,0.6758209233951363
38.895694732666016,0.9903568151790728,0.6758209233951363
38.8962287902832,0.9903568151790728,
38.896766662597656,0.9903568151790728,0.6758209233951363
38.9267463684082,0.9903568151790728,
38.933170318603516,0.9903568151790728,
38.9337043762207,0.9903568151790728,
38.93477249145508,,0.6758209233951363
38.947078704833984,0.9903568151790728,
38.94921875,0.9903568151790728,
38.96044921875,,0.6733362876473599
39.00640869140625,0.9903568151790728,
39.00694274902344,0.9903568151790728,
39.007476806640625,0.9903568151790728,
39.00801086425781,0.9903568151790728,
39.008544921875,0.9903568151790728,0.6733362876473599
39.009613037109375,0.9903568151790728,0.6733362876473599
39.08164596557617,,0.6733362876473599
39.1551399230957,0.9903568151790728,
39.17375946044922,,0.6707953959958604
39.22743606567383,0.9903568151790728,
39.22796630859375,0.9903568151790728,
39.22849655151367,0.9903568151790728,
39.230621337890625,0.9903568151790728,0.6707953959958604
39.23115158081055,0.9903568151790728,
39.24230194091797,,0.6682351082248842
39.25185775756836,0.9903568151790728,
39.25238800048828,0.9903568151790728,
39.2529182434082,0.9903568151790728,
39.25345230102539,0.9903568151790728,
39.25398254394531,0.9903568151790728,
39.2730827331543,0.9903568151790728,
39.29482650756836,0.9903568151790728,
39.29747772216797,,0.6682351082248842
39.29800796508789,0.9903568151790728,0.6682351082248842
39.31549835205078,0.9903568151790728,0.6682351082248842
39.331390380859375,0.9903568151790728,
39.33880615234375,0.9903568151790728,
39.37903594970703,,0.6682351082248842
39.4461669921875,,0.6682351082248842
39.44827651977539,0.9903568151790728,
39.45725631713867,,0.6656248148333807
39.469398498535156,0.9903568151790728,
39.475730895996094,0.9903568151790728,
39.47625732421875,0.9903568151790728,
39.478370666503906,,0.6656248148333807
39.47889709472656,0.9903568151790728,0.6656248148333807
39.47942352294922,0.9903568151790728,
39.47995376586914,0.9903568151790728,
39.486812591552734,0.9903568151790728,0.6629834465205494
39.48733901977539,0.9903568151790728,
39.48839569091797,0.9903568151790728,
39.488922119140625,0.9903568151790728,0.6629834465205494
39.4899787902832,,0.6629834465205494
39.49050521850586,,0.6629834465205494
39.49525451660156,,0.6629834465205494
39.50474548339844,,0.660277391636792
39.511600494384766,,0.660277391636792
39.52952575683594,,0.660277391636792
39.54954528808594,0.9903568151790728,
39.55007553100586,0.9903568151790728,
39.550601959228516,0.9903568151790728,
39.57114028930664,,0.6575489726630859
39.59903335571289,,0.6575489726630859
39.60639572143555,0.9903568151790728,
39.632164001464844,0.9903568151790728,
39.64687728881836,0.9903568151790728,
39.647403717041016,0.9903568151790728,
39.66579055786133,,0.65480918527699
39.666316986083984,0.9903568151790728,
39.71827697753906,,0.6520693978908938
39.72037887573242,0.9903568151790728,
39.72090148925781,0.9903568151790728,0.6520693978908938
39.7214241027832,0.9903568151790728,
39.72562026977539,0.9903568151790728,
39.72614669799805,0.9903568151790728,
39.727718353271484,0.9903568151790728,
39.73296356201172,0.9903568151790728,
39.73348617553711,0.9903568151790728,
39.734012603759766,0.9903568151790728,
39.748165130615234,,0.6520693978908938
39.75130844116211,,0.649306391967627
39.827232360839844,,0.6465433860443607
39.84082794189453,0.9903568151790728,
39.84292221069336,,0.6437803801210937
39.848148345947266,0.9903568151790728,
39.8612174987793,,0.6410054646895371
39.86435317993164,0.9903568151790728,
39.8721923828125,,0.6382305492579811
39.87428283691406,0.9903568151790728,0.6382305492579811
39.87480545043945,0.9903568151790728,
39.87532424926758,0.9903568151790728,0.6382305492579811
39.875850677490234,0.9903568151790728,
39.876373291015625,0.9903568151790728,0.6382305492579811
39.87689208984375,0.9903568151790728,0.6382305492579811
39.87793731689453,,0.6353939690390564
39.8967399597168,,0.6325573888201323
39.913448333740234,0.9903568151790728,0.6325573888201323
39.913970947265625,0.9903568151790728,
39.924407958984375,0.9903568151790728,
39.924930572509766,0.9903568151790728,
39.94788360595703,0.9903568151790728,
39.95622634887695,0.9903568151790728,
39.96039581298828,,0.6325573888201323
39.96144104003906,0.9903568151790728,
39.98280715942383,,0.6296951381919874
39.985416412353516,,0.6296951381919874
40.08064651489258,0.9903568151790728,
40.08116912841797,0.9903568151790728,
40.081687927246094,0.9903568151790728,
40.0853271484375,0.9903568151790728,0.6296951381919874
40.085845947265625,0.9903568151790728,
40.08636474609375,0.9903568151790728,0.6296951381919874
40.088443756103516,0.9903568151790728,
40.108184814453125,0.9903568151790728,0.6296951381919874
40.108707427978516,0.9903568151790728,
40.109745025634766,,0.6296951381919874
40.11286163330078,0.9903568151790728,
40.113380432128906,0.9903568151790728,
40.11389923095703,0.9903568151790728,
40.12792205810547,0.9903568151790728,
40.18498992919922,,0.6267663235957457
40.209346771240234,,0.6267663235957457
40.20986557006836,,0.6267663235957457
40.25025939941406,0.9903568151790728,
40.25129318237305,0.9903568151790728,0.6267663235957457
40.27457809448242,,0.6267663235957457
40.275611877441406,0.9903568151790728,
40.277164459228516,0.9903568151790728,
40.27768325805664,0.9903568151790728,
40.2781982421875,0.9903568151790728,0.6267663235957457
40.278717041015625,0.9903568151790728,
40.3355712890625,,0.6237674416646656
40.37480545043945,,0.6237674416646656
40.37532043457031,0.9903568151790728,
40.376869201660156,0.9903568151790728,
40.37738800048828,0.9903568151790728,
40.37790298461914,0.9903568151790728,
40.37841796875,0.9903568151790728,
40.37893295288086,0.9903568151790728,
40.40936279296875,,0.6207540723812617
40.43461990356445,0.9903568151790728,
40.435646057128906,0.9903568151790728,
40.43616485595703,0.9903568151790728,
40.44389343261719,0.9903568151790728,
40.44440460205078,0.9903568151790728,
40.4474983215332,,0.6207540723812617
40.44852828979492,0.9903568151790728,
40.44904327392578,0.9903568151790728,
40.453163146972656,,0.6207540723812617
40.455223083496094,,0.6207540723812617
40.47581481933594,0.9903568151790728,
40.53702163696289,0.9875827064530813,
40.594539642333984,0.9875827064530813,
40.595054626464844,0.9875827064530813,
40.59556579589844,,0.6207540723812617
40.60018539428711,,0.617681032418978
40.613525390625,,0.617681032418978
40.628395080566406,0.9875827064530813,
40.63813781738281,0.9875827064530813,
40.699100494384766,0.9875827064530813,
40.708824157714844,0.9875827064530813,
40.77478790283203,0.9875827064530813,
40.776832580566406,,0.617681032418978
40.79317855834961,0.9875827064530813,
40.81155776977539,0.9875827064530813,
40.86359405517578,0.9875827064530813,
40.8646125793457,0.9875827064530813,
40.87174987792969,,0.617681032418978
40.874298095703125,,0.6145614312451447
40.89570236206055,0.9875827064530813,0.6145614312451447
40.901302337646484,0.9875827064530813,
40.91963577270508,,0.6145614312451447
40.92167282104492,0.9875827064530813,
40.92879867553711,0.9875827064530813,
40.93898010253906,,0.6114098341618364
40.944576263427734,0.9875827064530813,
40.94508361816406,0.9875827064530813,
40.945594787597656,0.9875827064530813,
40.94915771484375,0.9875827064530813,
40.94966506958008,0.9875827064530813,
40.950172424316406,0.9875827064530813,
40.95119094848633,0.9875827064530813,
40.98221206665039,0.9875827064530813,
40.98271942138672,0.9875827064530813,
41.01117706298828,0.9875827064530813,
41.012699127197266,0.9875827064530813,
41.022857666015625,0.9875827064530813,
41.03403091430664,0.9875827064530813,
41.03453826904297,0.9875827064530813,
41.1096076965332,0.9875827064530813,
41.1334228515625,0.9875827064530813,0.6114098341618364
41.13392639160156,0.9875827064530813,
41.13443374633789,0.9875827064530813,
41.20275115966797,,0.6082254079422436
41.282562255859375,0.9875827064530813,
41.35668182373047,0.9875827064530813,
41.35718536376953,0.9875827064530813,
41.357688903808594,0.9875827064530813,
41.36322784423828,0.9875827064530813,0.6082254079422436
41.363731384277344,0.9875827064530813,
41.364234924316406,0.9875827064530813,
41.36473846435547,0.9875827064530813,
41.44524383544922,,0.6050242215846529
41.4779052734375,0.9875827064530813,
41.48543930053711,0.9875827064530813,0.6050242215846529
41.48644256591797,0.9875827064530813,
41.48694610595703,0.9875827064530813,
41.53562927246094,0.9875827064530813,
41.53813552856445,0.9875827064530813,
41.54214859008789,,0.6018060076400538
41.55418014526367,0.9875827064530813,
41.5742301940918,0.9875827064530813,
41.576236724853516,0.9875827064530813,
41.58024215698242,0.9875827064530813,
41.612796783447266,0.9875827064530813,
41.613800048828125,0.9875827064530813,
41.61429977416992,0.9875827064530813,
41.61479949951172,0.9875827064530813,0.6018060076400538
41.61530303955078,,0.6018060076400538
41.65833282470703,0.9875827064530813,
41.659332275390625,0.9875827064530813,0.6018060076400538
41.65983200073242,0.9875827064530813,
41.66583251953125,0.9875827064530813,
41.69182586669922,0.9875827064530813,
41.70881271362305,,0.5985174502212552
41.776187896728516,,0.5985174502212552
41.77918243408203,0.9875827064530813,
41.77967834472656,0.9875827064530813,
41.78017807006836,0.9875827064530813,0.5985174502212552
41.79862594604492,,0.5951923532755816
41.8917236328125,0.9875827064530813,
41.896202087402344,0.9875827064530813,
41.92801284790039,,0.5951923532755816
41.939937591552734,0.9875827064530813,
41.940433502197266,0.9875827064530813,
41.941429138183594,0.9875827064530813,0.5951923532755816
41.942420959472656,0.9875827064530813,
41.9627799987793,0.9875827064530813,
41.9702262878418,,0.5918296846130077
41.98511505126953,,0.5884670159504342
41.988094329833984,,0.5884670159504342
42.01239776611328,,0.5884670159504342
42.01686096191406,0.9875827064530813,
42.018348693847656,0.9875827064530813,
42.01884460449219,,0.5884670159504342
42.021820068359375,,0.5850456960902577
42.02330780029297,,0.5850456960902577
42.0238037109375,,0.5850456960902577
42.02429962158203,,0.5850456960902577
42.10354232788086,,0.5850456960902577
42.17770004272461,0.9875827064530813,
42.18757629394531,,0.5850456960902577
42.19547653198242,0.9875827064530813,
42.21275329589844,,0.5850456960902577
42.21670150756836,,0.5814783442848291
42.2245979309082,,0.5814783442848291
42.24186325073242,0.9875827064530813,
42.29410934448242,,0.5814783442848291
42.313316345214844,,0.5778666775501404
42.31380844116211,,0.5778666775501404
42.41019821166992,,0.5742322959303283
42.48970413208008,,0.5705979143105159
42.51274490356445,0.9875827064530813,
42.52597427368164,,0.5669635326907039
42.53723907470703,,0.5669635326907039
42.54360580444336,0.9875827064530813,
42.56808090209961,0.9875827064530813,
42.583251953125,0.9875827064530813,
42.583740234375,0.9875827064530813,
42.58716583251953,0.9830731963779528,
42.58765411376953,,0.5669635326907039
42.596946716308594,,0.5669635326907039
42.622371673583984,,0.5669635326907039
42.63752365112305,,0.5669635326907039
42.64192199707031,0.9830731963779528,
42.68001174926758,0.9830731963779528,
42.710750579833984,,0.5669635326907039
42.72148132324219,,0.5669635326907039
42.72294616699219,,0.5669635326907039
42.726844787597656,0.9830731963779528,
42.746829986572266,0.9830731963779528,
42.82084655761719,,0.5631326980103614
42.85002899169922,,0.5631326980103614
42.886962890625,,0.5592756247363176
42.90590286254883,0.9830731963779528,
42.944732666015625,,0.5554185514622743
42.98061752319336,,0.5515614781882305
43.05955123901367,0.9830731963779528,
43.113704681396484,0.9830731963779528,
43.12385177612305,0.9830731963779528,
43.12820053100586,0.9830731963779528,
43.13737869262695,,0.5515614781882305
43.15910720825195,,0.5515614781882305
43.17068862915039,0.9830731963779528,
43.19239807128906,,0.5515614781882305
43.19577407836914,,0.5515614781882305
43.196739196777344,,0.5515614781882305
43.20493698120117,,0.5475646558825186
43.21265411376953,,0.5475646558825186
43.33734130859375,,0.5475646558825186
43.36137008666992,0.9830731963779528,
43.440093994140625,,0.5435086213944996
43.47317123413086,,0.5394525869064811
43.48563003540039,0.9830731963779528,
43.48994064331055,,0.5353965524184623
43.51197052001953,0.9830731963779528,
43.52537536621094,,0.5353965524184623
43.5426025390625,,0.5313095558351154
43.54643249511719,,0.5313095558351154
43.5550422668457,0.9830731963779528,
43.55647659301758,0.9830731963779528,
43.55695724487305,0.9830731963779528,
43.55791091918945,0.9830731963779528,
43.55839157104492,0.9830731963779528,
43.558868408203125,0.9830731963779528,
43.5598258972168,0.9830731963779528,
43.571781158447266,0.9830731963779528,
43.57225799560547,0.9830731963779528,
43.57273483276367,0.9830731963779528,
43.590423583984375,,0.5313095558351154
43.59138107299805,,0.5313095558351154
43.594722747802734,,0.5270928133284877
43.597591400146484,,0.5228760708218597
43.634849548339844,,0.5186593283152314
43.63580322265625,,0.5186593283152314
43.64678192138672,0.9830731963779528,
43.69496536254883,,0.5186593283152314
43.726898193359375,,0.5186593283152314
43.73166275024414,,0.5186593283152314
43.7349967956543,,0.5186593283152314
43.773563385009766,,0.5142639102786616
43.786888122558594,,0.5142639102786616
43.84822082519531,0.9830731963779528,
43.849647521972656,0.9830731963779528,
43.85107421875,0.9830731963779528,0.5142639102786616
43.85202407836914,0.9830731963779528,
43.85249710083008,0.9830731963779528,0.5142639102786616
43.853450775146484,0.9830731963779528,
43.85392379760742,0.9830731963779528,0.5142639102786616
43.854400634765625,0.9830731963779528,
43.86484909057617,0.9830731963779528,
43.90852355957031,,0.5142639102786616
43.91041946411133,,0.5142639102786616
43.98011016845703,,0.5142639102786616
43.981056213378906,,0.5142639102786616
43.98200225830078,,0.5142639102786616
43.985321044921875,0.9777592872083428,
44.02272033691406,,0.5142639102786616
44.02461242675781,,0.5142639102786616
44.049686431884766,,0.5092710567808103
44.0648193359375,0.9777592872083428,
44.06623840332031,0.9777592872083428,
44.06813049316406,0.9777592872083428,
44.07758331298828,0.9777592872083428,
44.07805633544922,,0.5092710567808103
44.078529357910156,0.9777592872083428,
44.079002380371094,0.9777592872083428,
44.08089065551758,0.9777592872083428,0.5092710567808103
44.081363677978516,0.9777592872083428,
44.08183670043945,,0.5092710567808103
44.08278274536133,0.9777592872083428,0.5092710567808103
44.11443328857422,0.9777592872083428,
44.120574951171875,,0.5040208397005956
44.17720031738281,0.9777592872083428,
44.177669525146484,0.9777592872083428,
44.17814254760742,0.9777592872083428,
44.17955780029297,0.9777592872083428,
44.180030822753906,0.9777592872083428,
44.18050003051758,0.9777592872083428,
44.18474578857422,0.9777592872083428,
44.212554931640625,,0.5040208397005956
44.2130241394043,,0.5040208397005956
44.21397018432617,,0.5040208397005956
44.32503128051758,0.9777592872083428,
44.329261779785156,,0.5040208397005956
44.32973098754883,,0.5040208397005956
44.40110778808594,0.9777592872083428,
44.41846466064453,0.9777592872083428,0.5040208397005956
44.428314208984375,0.9716098577290452,
44.44190979003906,0.9716098577290452,
44.46908950805664,,0.4983576841983421
44.470027923583984,,0.4983576841983421
44.470497131347656,0.9716098577290452,
44.471900939941406,0.9716098577290452,
44.473304748535156,0.9716098577290452,
44.475181579589844,0.9716098577290452,
44.475650787353516,0.9716098577290452,
44.47611618041992,0.9716098577290452,
44.5028076171875,,0.4925628274053384
44.52714538574219,,0.4925628274053384
44.5860595703125,0.9716098577290452,
44.59400177001953,,0.4925628274053384
44.620155334472656,0.9716098577290452,
44.621559143066406,0.9716098577290452,
44.62202453613281,0.9716098577290452,
44.62248992919922,,0.4925628274053384
44.62295913696289,0.9716098577290452,
44.6234245300293,0.9716098577290452,0.4925628274053384
44.624359130859375,,0.4925628274053384
44.62575912475586,0.9716098577290452,
44.63369369506836,0.9716098577290452,
44.638362884521484,0.9716098577290452,
44.63882827758789,0.9716098577290452,
44.642093658447266,0.9716098577290452,
44.64349365234375,0.9716098577290452,
44.64862823486328,0.9716098577290452,
44.650028228759766,0.9716098577290452,
44.65049362182617,0.9716098577290452,
44.65236282348633,0.9716098577290452,0.4925628274053384
44.652828216552734,,0.4925628274053384
44.65376281738281,,0.4925628274053384
44.65702819824219,0.9716098577290452,
44.68687438964844,0.9716098577290452,
44.70598220825195,,0.4925628274053384
44.732540130615234,0.9716098577290452,
44.739990234375,,0.4925628274053384
44.74092102050781,0.9716098577290452,
44.74371337890625,,0.4925628274053384
44.763267517089844,,0.4856253227939958
44.80699157714844,0.9716098577290452,
44.84928512573242,0.9716098577290452,
44.861358642578125,0.9716098577290452,
44.86228942871094,0.9716098577290452,
44.86368179321289,,0.4856253227939958
44.8669319152832,0.9716098577290452,
44.868324279785156,0.9716098577290452,
44.86925506591797,0.9716098577290452,
44.870182037353516,,0.4856253227939958
44.87111282348633,0.9716098577290452,
44.871578216552734,0.9716098577290452,
44.87668228149414,,0.4856253227939958
44.8785400390625,0.9716098577290452,
44.879005432128906,0.9716098577290452,
44.87946701049805,0.9716098577290452,
44.881324768066406,0.9716098577290452,
44.88179016113281,0.9716098577290452,
44.88225173950195,0.9716098577290452,
44.88689422607422,0.9716098577290452,
44.887359619140625,0.9716098577290452,
44.887821197509766,0.9716098577290452,
44.88828659057617,0.9716098577290452,
44.88921356201172,,0.4856253227939958
44.89060592651367,,0.4856253227939958
44.89107131958008,0.9716098577290452,
44.93143081665039,0.9716098577290452,
44.93189239501953,0.9716098577290452,
44.93281936645508,0.9716098577290452,
44.93467330932617,,0.4856253227939958
44.936065673828125,0.9716098577290452,0.4856253227939958
44.936527252197266,0.9716098577290452,
44.93791961669922,0.9716098577290452,
44.93977355957031,0.9716098577290452,0.4856253227939958
44.94023895263672,0.9716098577290452,
44.94070053100586,0.9716098577290452,
44.941165924072266,0.9716098577290452,
44.941627502441406,0.9716098577290452,
44.96989822387695,0.9716098577290452,
44.97221374511719,0.9716098577290452,
44.97267532348633,0.9716098577290452,
44.973140716552734,0.9716098577290452,
44.97406768798828,0.9716098577290452,
44.97452926635742,0.9716098577290452,
44.97499465942383,0.9716098577290452,
44.9777717590332,0.9716098577290452,
44.97869873046875,0.9716098577290452,
44.98194122314453,0.9716098577290452,
44.98286819458008,0.9716098577290452,
44.984256744384766,,0.4856253227939958
44.986572265625,0.9716098577290452,
44.98703384399414,,0.4856253227939958
44.98749923706055,,0.4856253227939958
44.98796081542969,0.9716098577290452,0.4856253227939958
44.988426208496094,0.9716098577290452,0.4856253227939958
45.03794479370117,0.9716098577290452,
45.03841018676758,0.9716098577290452,
45.040260314941406,0.9716098577290452,
45.04118347167969,0.9716098577290452,
45.042110443115234,0.9716098577290452,
45.042572021484375,0.9716098577290452,0.4856253227939958
45.043033599853516,0.9716098577290452,
45.10820388793945,0.9716098577290452,
45.109588623046875,0.9716098577290452,
45.11235809326172,0.9716098577290452,
45.113746643066406,,0.4856253227939958
45.2193717956543,0.9716098577290452,
45.221214294433594,0.9716098577290452,
45.227203369140625,0.9716098577290452,
45.29072570800781,,0.4856253227939958
45.371612548828125,0.9716098577290452,
45.37482833862305,0.9716098577290452,
45.37712097167969,0.9716098577290452,
45.37895965576172,0.9716098577290452,0.4856253227939958
45.37942123413086,,0.4856253227939958
45.38033676147461,0.9716098577290452,
45.38079833984375,,0.4856253227939958
45.40053176879883,,0.4856253227939958
45.402366638183594,0.9716098577290452,
45.40328598022461,,0.4856253227939958
45.404205322265625,,0.4856253227939958
45.423927307128906,0.9716098577290452,
45.44272994995117,,0.4856253227939958
45.44502258300781,,0.4750682505593436
45.45235824584961,0.9716098577290452,
45.4573974609375,0.9716098577290452,
45.524261474609375,,0.4750682505593436
45.584171295166016,,0.4750682505593436
45.58919906616211,0.9716098577290452,
45.589656829833984,,0.4750682505593436
45.590110778808594,,0.4750682505593436
45.59056854248047,,0.4750682505593436
45.59559631347656,,0.4750682505593436
45.64582824707031,,0.4750682505593436
45.65130615234375,,0.4750682505593436
45.65541458129883,0.9716098577290452,
45.667274475097656,,0.4750682505593436
45.67274856567383,0.9716098577290452,
45.67457580566406,0.9716098577290452,
45.68415069580078,0.9716098577290452,
45.68552017211914,,0.4750682505593436
45.71287155151367,,0.4750682505593436
45.727909088134766,,0.4750682505593436
45.76844024658203,,0.4750682505593436
45.7921028137207,,0.4750682505593436
45.852569580078125,,0.4592326422073655
45.86211013793945,,0.4592326422073655
45.86302185058594,,0.4592326422073655
46.03938674926758,,0.4592326422073655
46.30784606933594,,0.4592326422073655
46.310546875,,0.4592326422073655
46.31144714355469,,0.4592326422073655
46.31189727783203,,0.4592326422073655
46.31504440307617,0.9479120563210195,
46.38022232055664,,0.4592326422073655
46.38381576538086,,0.4592326422073655
46.44710159301758,,0.43371971764028977
46.45697021484375,,0.43371971764028977
46.5161247253418,0.9479120563210195,
46.522396087646484,0.9479120563210195,
46.52866744995117,0.9479120563210195,
46.53001022338867,0.9479120563210195,
46.53135299682617,0.9479120563210195,
46.54612350463867,0.9479120563210195,
46.55731201171875,0.9479120563210195,
46.55775833129883,0.9479120563210195,
46.57878494262695,,0.43371971764028977
46.58012771606445,0.9479120563210195,
46.59130859375,,0.43371971764028977
46.59801483154297,0.9479120563210195,
46.6006965637207,,0.43371971764028977
46.61410903930664,,0.43371971764028977
46.619468688964844,0.9479120563210195,
46.62572479248047,,0.43371971764028977
46.627960205078125,0.9479120563210195,
46.641361236572266,,0.43371971764028977
46.651634216308594,,0.43371971764028977
46.65297317504883,0.9479120563210195,
46.65654754638672,0.9479120563210195,
46.673065185546875,,0.43371971764028977
46.67842102050781,,0.43371971764028977
46.73016357421875,0.9479120563210195,
46.764034271240234,0.9479120563210195,
46.767154693603516,0.9479120563210195,
46.78274154663086,0.9479120563210195,
46.893497467041016,0.9479120563210195,
46.90815353393555,0.9479120563210195,
46.9112663269043,0.9479120563210195,
46.91703414916992,0.9479120563210195,
46.91836929321289,,0.43371971764028977
46.93168640136719,0.9479120563210195,
46.93878936767578,0.9479120563210195,
46.93967819213867,0.9479120563210195,
46.94234085083008,,0.43371971764028977
46.95077133178711,0.9479120563210195,
46.97295379638672,0.9479120563210195,
46.984039306640625,0.9479120563210195,
47.03854751586914,,0.43371971764028977
47.05537414550781,0.9479120563210195,
47.18756866455078,0.9479120563210195,
47.18977737426758,0.9479120563210195,
47.24448776245117,0.9479120563210195,
47.2612419128418,0.9479120563210195,
47.263885498046875,0.9479120563210195,0.43371971764028977
47.26520919799805,0.9479120563210195,
47.26653289794922,0.9479120563210195,
47.27446365356445,,0.43371971764028977
50.428165435791016,0.9479120563210195,
57.39555740356445,0.9479120563210195,
57.75811767578125,0.9479120563210195,
60.02256393432617,,0.43371971764028977
82.59590148925781,0.9479120563210195,
