time,S_low,S_high
0.0,1.0,1.0
0.7071067690849304,,1.0
1.1902379989624023,,0.9998101746393314
1.8484227657318115,,0.9998101746393314
1.8596594333648682,,0.9998101746393314
1.9257032871246338,1.0,
2.071633815765381,0.9998082454458296,
2.3273732662200928,,0.9996201689048873
2.4748737812042236,,0.9994301631704454
2.6220221519470215,,0.9992401574360013
2.7462093830108643,,0.9990501517015594
2.872281312942505,,0.9990501517015594
2.9083213806152344,,0.9990501517015594
2.92973256111145,0.9998082454458296,
2.9580399990081787,,0.9990501517015594
3.041381359100342,,0.9988600013110567
3.0686588287353516,,0.9986698509205543
3.109126329421997,,0.9984797005300499
3.214550256729126,,0.9984797005300499
3.221024751663208,,0.9982895139204259
3.240370273590088,,0.998099327310801
3.2532033920288086,0.9998082454458296,
3.278719186782837,0.9998082454458296,
3.360307455062866,0.9998082454458296,
3.3788559436798096,,0.997909104454444
3.391165018081665,,0.997909104454444
3.5059473514556885,0.9998082454458296,
3.5118844509124756,0.9998082454458296,
3.5178117752075195,0.9998082454458296,0.997909104454444
3.5648748874664307,0.9998082454458296,
3.570714235305786,0.9998082454458296,
3.6457738876342773,,0.997909104454444
3.6514837741851807,,0.997909104454444
3.758324146270752,,0.9977187364452001
3.8024115562438965,,0.9975283684359558
3.8837265968322754,0.9998082454458296,
4.031128883361816,,0.9975283684359558
4.051748752593994,,0.9973379640900052
4.062019348144531,,0.997147559744054
4.281744480133057,0.9998082454458296,
4.286607265472412,,0.997147559744054
4.296316146850586,0.9998082454458296,
4.3108391761779785,0.9998082454458296,
4.315669059753418,0.9998082454458296,
4.3827314376831055,,0.997147559744054
4.509249687194824,0.9998082454458296,
4.5230889320373535,,0.9969567911273044
4.527692794799805,0.9998082454458296,
4.536885738372803,,0.9969567911273044
4.605250835418701,,0.9967659494750978
4.641300201416016,,0.9965751078228906
4.663689613342285,,0.9963842296179842
4.817502975463867,,0.9961933514130766
4.949747562408447,0.9998082454458296,0.9961933514130766
4.9749369621276855,,0.9961933514130766
5.070338726043701,,0.9960023634239261
5.127540111541748,,0.9960023634239261
5.135659694671631,0.9998082454458296,
5.228128910064697,0.9998082454458296,0.9960023634239261
5.236092567443848,,0.9960023634239261
5.24006986618042,,0.9960023634239261
5.248015403747559,,0.9960023634239261
5.299371242523193,0.9998082454458296,
5.315073013305664,,0.9960023634239261
5.590169906616211,0.9998082454458296,
5.593895435333252,0.9998082454458296,
5.597618579864502,0.9998082454458296,0.9960023634239261
5.601339340209961,,0.9960023634239261
5.6087727546691895,0.9998082454458296,
5.612485885620117,0.9998082454458296,
5.616196632385254,0.9998082454458296,0.9958104184704801
5.634713649749756,,0.9958104184704801
5.671566486358643,0.9998082454458296,
5.682575702667236,0.9998082454458296,0.9956184365120314
5.6862406730651855,,0.9956184365120314
5.689903259277344,,0.9956184365120314
5.784317970275879,,0.9956184365120314
5.852349758148193,,0.9954257858857714
5.8594651222229,,0.9952331352595121
5.86657190322876,,0.9952331352595121
5.8736701011657715,,0.9952331352595121
5.916079998016357,,0.9950404100203072
5.954689979553223,,0.9950404100203072
6.034622669219971,,0.9950404100203072
6.099863052368164,0.9998082454458296,
6.254998207092285,,0.9950404100203072
6.258327960968018,,0.9950404100203072
6.261655807495117,,0.9950404100203072
6.264982223510742,,0.9950404100203072
6.27495002746582,0.9996130466474207,
6.281586647033691,,0.9950404100203072
6.347571849822998,,0.9950404100203072
6.350852966308594,0.9994178478490131,
6.363961219787598,,0.9950404100203072
6.432340145111084,,0.9950404100203072
6.493586540222168,,0.9948470105237054
6.78233003616333,,0.994653611027102
6.803798198699951,,0.994653611027102
7.008923053741455,,0.994653611027102
7.011894702911377,,0.994653611027102
7.014864921569824,,0.994653611027102
7.023768901824951,,0.9944593806793136
7.026734828948975,,0.994265150331525
7.035623550415039,,0.994265150331525
7.085783958435059,,0.994265150331525
7.088723659515381,,0.994265150331525
7.153088092803955,,0.994265150331525
7.155999660491943,,0.994265150331525
7.158910751342773,,0.994265150331525
7.173446178436279,,0.994265150331525
7.176350116729736,,0.994265150331525
7.219764709472656,,0.994265150331525
7.222649574279785,,0.994265150331525
7.225533485412598,0.9994178478490131,0.994265150331525
7.2284159660339355,0.9994178478490131,0.9940690041191881
7.231297969818115,0.9994178478490131,0.9940690041191881
7.234178066253662,0.9994178478490131,0.9940690041191881
7.237057209014893,0.9994178478490131,0.9938695920822546
7.239935398101807,,0.9938695920822546
7.242812633514404,,0.9938695920822546
7.245688438415527,,0.9938695920822546
7.277247428894043,,0.9936695780770056
7.29725980758667,0.9994178478490131,
7.368288040161133,0.9994178478490131,
7.371114730834961,0.9994178478490131,
7.41057825088501,,0.9936695780770056
7.416198253631592,0.9994178478490131,
7.477745056152344,,0.9934695238031827
7.505553245544434,,0.9934695238031827
7.563619136810303,,0.9934695238031827
7.585622310638428,,0.9932693889273158
7.648529052734375,,0.9932693889273158
7.700108528137207,,0.9932693889273158
7.759402751922607,,0.9932693889273158
7.762087345123291,0.9994178478490131,0.9932693889273158
7.764770984649658,,0.9932693889273158
7.8209123611450195,,0.9932693889273158
7.828899383544922,,0.9930688904636658
7.834219932556152,,0.9928683920000135
7.968688488006592,,0.9928683920000135
8.080326080322266,,0.9926678530398034
8.082903861999512,,0.9926678530398034
8.088056564331055,,0.9924669894515724
8.090632438659668,,0.9924669894515724
8.093207359313965,,0.9924669894515724
8.095780372619629,,0.9924669894515724
8.14452838897705,,0.9924669894515724
8.147085189819336,,0.9924669894515724
8.164965629577637,,0.9924669894515724
8.208227157592773,,0.9924669894515724
8.21076488494873,,0.9922646928781002
8.243684768676758,,0.9922646928781002
8.25631046295166,,0.9922646928781002
8.258833885192871,,0.9922646928781002
8.26135540008545,,0.9922646928781002
8.273955345153809,0.9994178478490131,0.9922646928781002
8.276473045349121,,0.9922646928781002
8.319154739379883,,0.9922646928781002
8.32165813446045,,0.9922646928781002
8.376554489135742,0.9994178478490131,
8.386497497558594,,0.9920603550088914
8.440971374511719,0.9994178478490131,0.9920603550088914
8.443439483642578,,0.9920603550088914
8.445906639099121,,0.9920603550088914
8.490190505981445,,0.9918554262018239
8.497549057006836,,0.9918554262018239
8.502450942993164,,0.9918554262018239
8.504900932312012,,0.9918554262018239
8.509798049926758,,0.9918554262018239
8.512246131896973,,0.9918554262018239
8.519585609436035,,0.9918554262018239
8.563488960266113,,0.9918554262018239
8.60716724395752,,0.9918554262018239
8.609587669372559,,0.9918554262018239
8.612007141113281,,0.9918554262018239
8.616844177246094,,0.9918554262018239
8.619260787963867,,0.9918554262018239
8.667468070983887,,0.9918554262018239
8.66987133026123,,0.9918554262018239
8.674675941467285,,0.9918554262018239
8.677077293395996,,0.9918554262018239
8.713016510009766,,0.9916470969797694
8.732124328613281,,0.9916470969797694
8.73451042175293,,0.9916470969797694
8.76070785522461,,0.9916470969797694
8.774964332580566,,0.9914380651296473
8.777338027954102,,0.9914380651296473
8.784456253051758,,0.9914380651296473
8.786827087402344,,0.9914380651296473
8.796305656433105,,0.9914380651296473
8.881159782409668,,0.9914380651296473
8.902246475219727,,0.9914380651296473
8.904586791992188,,0.9914380651296473
8.906926155090332,0.9994178478490131,0.9914380651296473
8.965210914611816,,0.9912280591849054
8.969857215881348,0.9994178478490131,
8.986100196838379,,0.9910180532401613
9.011567115783691,,0.9910180532401613
9.016188621520996,,0.9910180532401613
9.020809173583984,0.9994178478490131,0.9908079582532544
9.023118019104004,,0.9908079582532544
9.057684898376465,0.9994178478490131,
9.115006446838379,,0.9905974615550922
9.130990982055664,,0.990386964856929
9.169696807861328,,0.9901764234103181
9.176509857177734,,0.9899658819637079
9.192388534545898,,0.9899658819637079
9.284844398498535,0.9994178478490131,
9.293815612792969,,0.9897552957305729
9.374166488647461,,0.9897552957305729
9.383051872253418,,0.9895446646823227
9.5,,0.9893340336340712
9.52627944946289,,0.9893340336340712
9.54157543182373,,0.9893340336340712
9.55684757232666,,0.9893340336340712
9.602517127990723,,0.9893340336340712
9.604686737060547,,0.9893340336340712
9.755340576171875,,0.9893340336340712
9.795832633972168,,0.9891228179992225
9.810708045959473,,0.9891228179992225
9.850973129272461,,0.9891228179992225
9.855201721191406,,0.9891228179992225
9.857315063476562,,0.9891228179992225
9.859428405761719,0.9994178478490131,
9.861541748046875,0.9994178478490131,
9.882644653320312,,0.9889106509425946
9.914215087890625,,0.9889106509425946
9.958246231079102,,0.9889106509425946
9.960338592529297,,0.9889106509425946
10.066446304321289,0.9994178478490131,
10.234745025634766,,0.9889106509425946
10.255080223083496,,0.9889106509425946
10.267261505126953,0.9994178478490131,
10.269290924072266,,0.9889106509425946
10.346094131469727,,0.9889106509425946
10.378262519836426,,0.9886980734165974
10.458250045776367,,0.9886980734165974
10.46024227142334,,0.9886980734165974
10.498015403747559,,0.9886980734165974
10.5,0.9994178478490131,
10.535654067993164,,0.9886980734165974
10.537631034851074,,0.9886980734165974
10.543560028076172,,0.9886980734165974
10.545536041259766,,0.9886980734165974
10.547511100769043,,0.9884834190367856
10.54948616027832,0.9994178478490131,0.9884834190367856
10.551461219787598,0.9994178478490131,0.9884834190367856
10.596776008605957,,0.988268437866921
10.63994026184082,0.9994178478490131,0.988268437866921
10.641898155212402,,0.988268437866921
10.643856048583984,,0.988268437866921
10.647769927978516,0.9994178478490131,0.988268437866921
10.649725914001465,,0.988268437866921
10.719919204711914,,0.988268437866921
10.72186279296875,,0.988268437866921
10.72380542755127,,0.988268437866921
10.725748062133789,,0.988268437866921
10.727689743041992,,0.988268437866921
10.729631423950195,,0.988268437866921
10.731573104858398,,0.988268437866921
10.739336013793945,,0.9880503733395898
10.74321460723877,,0.9880503733395898
10.778063774108887,,0.9880503733395898
10.779996871948242,,0.9880503733395898
10.78579330444336,0.9994178478490131,
10.789655685424805,,0.9878318264753245
10.87811279296875,,0.9878318264753245
10.954451560974121,0.9994178478490131,
11.009466171264648,,0.9878318264753245
11.013249397277832,,0.9876131828660994
11.054787635803223,,0.9873944908415491
11.088658332824707,,0.9871757988169999
11.111180305480957,,0.9871757988169999
11.15048599243164,,0.9871757988169999
11.25462818145752,,0.9869570098544961
11.267579078674316,0.9994178478490131,
11.282361030578613,,0.9869570098544961
11.32107162475586,,0.9869570098544961
11.407234191894531,,0.9869570098544961
11.418187141418457,,0.9867378321929687
11.421835899353027,,0.9865186545314426
11.423659324645996,,0.9865186545314426
11.43459701538086,,0.9865186545314426
11.450982093811035,,0.9862993306865039
11.454620361328125,,0.9860800068415655
11.46371078491211,,0.9858606829966282
11.472793579101562,,0.9858606829966282
11.487311363220215,0.9994178478490131,
11.498188018798828,0.9994178478490131,
11.710038185119629,0.9994178478490131,
11.711817741394043,0.9994178478490131,0.9858606829966282
11.71359634399414,,0.9858606829966282
11.715374946594238,0.9994178478490131,0.9858606829966282
11.727816581726074,0.9994178478490131,
11.750885963439941,,0.9858606829966282
11.763290405273438,,0.9858606829966282
11.76860237121582,0.9992181240584754,
11.78629207611084,0.9990184002679382,
11.968708992004395,,0.9858606829966282
11.982625961303711,,0.9856402311444384
12.00867748260498,,0.9856402311444384
12.010412216186523,,0.9856402311444384
12.012146949768066,0.9990184002679382,0.9856402311444384
12.013880729675293,0.9990184002679382,0.9856402311444384
12.03813362121582,0.9990184002679382,
12.048513412475586,,0.9856402311444384
12.050241470336914,,0.9856402311444384
12.053699493408203,,0.9856402311444384
12.081321716308594,0.9990184002679382,
12.083045959472656,,0.9856402311444384
12.084770202636719,,0.9856402311444384
12.086493492126465,,0.9856402311444384
12.088217735290527,,0.9856402311444384
12.174084663391113,,0.985416577813116
12.29837417602539,,0.985416577813116
12.300067901611328,,0.985416577813116
12.32713794708252,0.9990184002679382,
12.340651512145996,,0.985416577813116
12.342338562011719,,0.985416577813116
12.344026565551758,,0.985416577813116
12.367631912231445,,0.9851915454820334
12.382783889770508,0.9990184002679382,
12.384466171264648,0.9990184002679382,0.98496651315095
12.48666000366211,0.9990184002679382,
12.51499080657959,,0.98496651315095
12.538274765014648,0.9990184002679382,
12.539936065673828,0.9990184002679382,
12.543258666992188,,0.98496651315095
12.54491901397705,0.9990184002679382,0.98496651315095
12.54658031463623,0.9990184002679382,
12.568147659301758,,0.98496651315095
12.569805145263672,,0.9847409138579691
12.576433181762695,0.9990184002679382,
12.578088760375977,0.9990184002679382,0.9847409138579691
12.581401824951172,0.9990184002679382,0.9847409138579691
12.583057403564453,0.9990184002679382,
12.584712982177734,0.9990184002679382,0.9847409138579691
12.589678764343262,,0.9847409138579691
12.602909088134766,0.9990184002679382,
12.604562759399414,0.9990184002679382,
12.606215476989746,0.9990184002679382,0.9847409138579691
12.617777824401855,,0.9847409138579691
12.62108039855957,0.9990184002679382,
12.736103057861328,,0.9845142239606737
12.739375114440918,,0.9842875340633769
12.778562545776367,,0.9840608441660794
12.853339195251465,,0.9838341542687826
12.884099006652832,,0.9838341542687826
12.88571548461914,,0.9838341542687826
12.892180442810059,,0.9838341542687826
12.893796920776367,,0.9838341542687826
12.89541244506836,,0.9838341542687826
12.897027969360352,,0.9838341542687826
12.919623374938965,,0.9838341542687826
12.921235084533691,0.9990184002679382,
12.922847747802734,,0.9836048757429692
12.924460411071777,0.9990184002679382,0.9836048757429692
12.926072120666504,,0.9836048757429692
12.92768383026123,,0.9836048757429692
12.929295539855957,,0.9836048757429692
12.930906295776367,,0.9836048757429692
12.932517051696777,,0.9836048757429692
12.934127807617188,,0.9836048757429692
12.945398330688477,,0.9836048757429692
12.947007179260254,,0.9836048757429692
12.96790885925293,,0.9836048757429692
12.969515800476074,,0.9836048757429692
12.971121788024902,,0.9836048757429692
13.00640869140625,0.9990184002679382,
13.040002822875977,0.9990184002679382,
13.075103759765625,,0.9836048757429692
13.078289985656738,,0.9836048757429692
13.159280776977539,,0.9833706841058877
13.162446975708008,,0.9833706841058877
13.171939849853516,,0.9831364366823272
13.201956748962402,0.9990184002679382,
13.241349220275879,0.9990184002679382,0.9831364366823272
13.264928817749023,0.9990184002679382,
13.344786643981934,0.9990184002679382,
13.34634780883789,0.9990184002679382,
13.3822021484375,,0.9831364366823272
13.393095016479492,,0.9831364366823272
13.39465045928955,,0.9831364366823272
13.42261791229248,0.9990184002679382,0.9831364366823272
13.424169540405273,0.9990184002679382,0.9831364366823272
13.427273750305176,0.9990184002679382,0.9831364366823272
13.428824424743652,,0.9831364366823272
13.452075004577637,,0.9831364366823272
13.455172538757324,0.9990184002679382,
13.456720352172852,,0.9831364366823272
13.458269119262695,0.9990184002679382,
13.459816932678223,0.9990184002679382,
13.46136474609375,0.9990184002679382,0.9831364366823272
13.462911605834961,0.9990184002679382,
13.4660062789917,,0.9831364366823272
13.470646858215332,0.9990184002679382,
13.475285530090332,,0.9831364366823272
13.476832389831543,,0.9828996504499868
13.498456954956055,,0.9828996504499868
13.509256362915039,,0.9828996504499868
13.532368659973145,,0.9828996504499868
13.55390453338623,,0.9828996504499868
13.580010414123535,0.9990184002679382,
13.610657691955566,0.9990184002679382,
13.612188339233398,0.9990184002679382,0.9828996504499868
13.615248680114746,0.9990184002679382,
13.616779327392578,0.9990184002679382,
13.618309020996094,0.9990184002679382,0.9828996504499868
13.61983871459961,0.9990184002679382,0.9828996504499868
13.621368408203125,0.9990184002679382,0.9828996504499868
13.635126113891602,,0.9828996504499868
13.638181686401367,,0.9828996504499868
13.647343635559082,0.9990184002679382,
13.648870468139648,0.9990184002679382,
13.650396347045898,0.9990184002679382,0.9828996504499868
13.651923179626465,0.9990184002679382,0.9828996504499868
13.686976432800293,,0.9828996504499868
13.693063735961914,0.9990184002679382,
13.752272605895996,,0.9826619479952214
13.761359214782715,,0.9824242455404578
13.791603088378906,,0.9824242455404578
13.794624328613281,,0.9821864280034117
13.851895332336426,,0.9821864280034117
13.856406211853027,,0.98194855286948
13.87143325805664,0.9990184002679382,
13.883443832397461,,0.9817106777355493
13.907432556152344,0.9990184002679382,
13.941843032836914,,0.9817106777355493
13.944831848144531,,0.9814727449488959
13.974679946899414,0.9990184002679382,0.9814727449488959
13.97616958618164,0.9990184002679382,
13.997023582458496,0.9990184002679382,
13.99851131439209,0.9990184002679382,
14.146553993225098,0.9990184002679382,
14.148027420043945,0.9990184002679382,0.9814727449488959
14.14949893951416,0.9990184002679382,
14.168627738952637,0.9990184002679382,
14.175976753234863,,0.9814727449488959
14.178915977478027,,0.9814727449488959
14.18038558959961,,0.9814727449488959
14.21267032623291,0.9988038344603201,
14.21853256225586,,0.9812345234088604
14.22146224975586,,0.9812345234088604
14.256577491760254,,0.9812345234088604
14.271183013916016,,0.9812345234088604
14.288690567016602,,0.9812345234088604
14.29452133178711,,0.9812345234088604
14.295978546142578,,0.9812345234088604
14.359955787658691,,0.9812345234088604
14.365757942199707,0.9988038344603201,
14.367208480834961,0.9988038344603201,
14.368658065795898,0.9988038344603201,0.9812345234088604
14.370107650756836,0.9988038344603201,
14.433756828308105,,0.9809955476359895
14.436643600463867,,0.9809955476359895
14.45971393585205,,0.9809955476359895
14.46691608428955,,0.9809955476359895
14.469796180725098,0.9988038344603201,
14.472675323486328,,0.9809955476359895
14.475554466247559,,0.9809955476359895
14.494251251220703,,0.9809955476359895
14.511489868164062,,0.9809955476359895
14.56594181060791,,0.9809955476359895
14.56737232208252,,0.9809955476359895
14.58023738861084,,0.9809955476359895
14.601655006408691,0.9985879702211883,
14.604508399963379,0.9985879702211883,
14.605935096740723,0.9985879702211883,
14.624465942382812,,0.9809955476359895
14.63728141784668,0.9985879702211883,
14.638704299926758,0.9985879702211883,
14.64439582824707,0.9985879702211883,
14.645818710327148,0.9985879702211883,
14.664299011230469,0.9985879702211883,
14.667140007019043,0.9985879702211883,
14.668560981750488,0.9985879702211883,
14.6699800491333,0.9985879702211883,
14.671401023864746,0.9985879702211883,0.9809955476359895
14.672821044921875,0.9985879702211883,
14.702608108520508,0.9985879702211883,0.9809955476359895
14.704024314880371,0.9985879702211883,
14.70544147491455,0.9985879702211883,0.9809955476359895
14.706857681274414,0.9985879702211883,
14.7280912399292,0.9985879702211883,
14.73091983795166,,0.9809955476359895
14.735161781311035,,0.9809955476359895
14.736576080322266,0.9985879702211883,
14.739402770996094,,0.9809955476359895
14.743642807006836,,0.9807552253558255
14.788790702819824,0.9985879702211883,
14.800056457519531,0.9985879702211883,
14.816938400268555,0.9985879702211883,
14.842226028442383,,0.9807552253558255
14.846436500549316,,0.9805148441731395
14.854853630065918,,0.9802744629904546
14.875875473022461,0.9985879702211883,
14.877275466918945,0.9985879702211883,0.9802744629904546
14.878676414489746,0.9985879702211883,
14.8828763961792,0.9985879702211883,
14.884276390075684,0.9985879702211883,
14.898265838623047,,0.9802744629904546
14.903858184814453,0.9985879702211883,
14.905256271362305,0.9985879702211883,
14.90665340423584,0.9985879702211883,
14.908051490783691,0.9985879702211883,0.9802744629904546
14.910845756530762,0.9985879702211883,
14.912242889404297,0.9985879702211883,
14.916434288024902,,0.9802744629904546
14.93597412109375,,0.9802744629904546
14.941553115844727,0.9985879702211883,
14.942947387695312,0.9985879702211883,0.9800337867167032
14.95688247680664,,0.979793110442952
14.968021392822266,,0.9795524341692005
14.974979400634766,0.9985879702211883,
14.976370811462402,,0.9795524341692005
15.001388549804688,,0.9793116395688652
15.005555152893066,,0.9793116395688652
15.02220630645752,0.9985879702211883,
15.048532485961914,,0.9793116395688652
15.049917221069336,,0.9793116395688652
15.054069519042969,,0.9793116395688652
15.091388702392578,0.9985879702211883,
15.10242748260498,,0.9793116395688652
15.10380744934082,0.9985879702211883,
15.105186462402344,0.9985879702211883,
15.10932445526123,0.9985879702211883,
15.110702514648438,0.9985879702211883,
15.114837646484375,,0.979070548569464
15.142379760742188,0.9985879702211883,
15.143754959106445,0.9985879702211883,
15.14925765991211,0.9985879702211883,0.978829457570062
15.150632858276367,0.9985879702211883,
15.16712474822998,0.9985879702211883,
15.168498039245605,0.9985879702211883,
15.17261791229248,0.9985879702211883,
15.173991203308105,0.9985879702211883,
15.175363540649414,0.9985879702211883,
15.176736831665039,0.9985879702211883,
15.178109169006348,0.9985879702211883,
15.179481506347656,0.9985879702211883,
15.180853843688965,0.9985879702211883,0.978829457570062
15.182226181030273,0.9985879702211883,
15.183598518371582,0.9985879702211883,0.978829457570062
15.18497085571289,0.9985879702211883,
15.186342239379883,,0.978829457570062
15.201425552368164,0.9985879702211883,
15.205535888671875,0.9985879702211883,
15.249317169189453,,0.978829457570062
15.271160125732422,,0.978829457570062
15.305228233337402,0.9985879702211883,
15.306589126586914,0.9985879702211883,0.978829457570062
15.332427024841309,0.9985879702211883,
15.341936111450195,0.9985879702211883,
15.343294143676758,0.9985879702211883,
15.346009254455566,0.9985879702211883,
15.347367286682129,0.9985879702211883,
15.351438522338867,,0.978829457570062
15.359579086303711,,0.978829457570062
15.36093521118164,,0.978829457570062
15.36500358581543,0.9985879702211883,
15.374491691589355,,0.978829457570062
15.38532829284668,0.9985879702211883,
15.398863792419434,,0.978829457570062
15.52685832977295,,0.9785868126871726
15.533565521240234,0.9985879702211883,
15.534906387329102,,0.9785868126871726
15.548312187194824,,0.9785868126871726
15.564382553100586,0.9985879702211883,0.9785868126871726
15.56572151184082,0.9985879702211883,
15.567059516906738,0.9985879702211883,
15.569735527038574,,0.9785868126871726
15.597809791564941,,0.9785868126871726
15.600481033325195,,0.9785868126871726
15.604486465454102,,0.9785868126871726
15.625833511352539,,0.9785868126871726
15.627166748046875,,0.9785868126871726
15.628499984741211,,0.9785868126871726
15.632497787475586,,0.9785868126871726
15.635163307189941,0.9985879702211883,
15.641824722290039,,0.9783432013322583
15.647150993347168,0.9985879702211883,
15.648482322692871,0.9985879702211883,
15.65247631072998,,0.9783432013322583
15.657798767089844,,0.9783432013322583
15.667109489440918,,0.9783432013322583
15.668439865112305,0.9985879702211883,
15.697664260864258,,0.9783432013322583
15.7241849899292,,0.9780993470946372
15.754629135131836,0.9985879702211883,
15.75859546661377,0.9985879702211883,
15.759917259216309,0.9985879702211883,0.9780993470946372
15.769168853759766,,0.9780993470946372
15.777092933654785,0.9985879702211883,
15.788972854614258,0.9985879702211883,
15.790291786193848,0.9985879702211883,
15.792930603027344,0.9985879702211883,0.9780993470946372
15.794249534606934,0.9985879702211883,0.9780993470946372
15.79556941986084,0.9985879702211883,0.9780993470946372
15.821925163269043,,0.9780993470946372
15.8232421875,0.9985879702211883,
15.857438087463379,,0.9780993470946372
15.85875129699707,0.9985879702211883,0.9780993470946372
15.883691787719727,0.9985879702211883,0.9780993470946372
15.885003089904785,0.9985879702211883,0.9780993470946372
15.886314392089844,,0.9778543322281302
15.907283782958984,0.9985879702211883,
15.980456352233887,0.9985879702211883,0.9778543322281302
15.98176097869873,0.9985879702211883,0.9778543322281302
15.983063697814941,0.9985879702211883,0.9778543322281302
15.984367370605469,0.9985879702211883,0.9778543322281302
16.02081871032715,,0.9778543322281302
16.022119522094727,,0.9778543322281302
16.03251838684082,,0.9778543322281302
16.044208526611328,,0.9776077107067619
16.045509338378906,,0.9776077107067619
16.04680633544922,,0.9776077107067619
16.04940414428711,,0.9776077107067619
16.11029624938965,,0.9776077107067619
16.191560745239258,0.9985879702211883,
16.194135665893555,0.9985879702211883,
16.19542121887207,0.9985879702211883,
16.19670867919922,0.9985879702211883,
16.197994232177734,0.9985879702211883,
16.200565338134766,0.9985879702211883,0.9776077107067619
16.20185089111328,0.9985879702211883,
16.2249813079834,0.9985879702211883,
16.22626495361328,0.9985879702211883,
16.227548599243164,0.9985879702211883,0.9776077107067619
16.228832244873047,0.9985879702211883,
16.23011589050293,0.9985879702211883,
16.24166488647461,0.9985879702211883,
16.246795654296875,0.9985879702211883,
16.254486083984375,0.9985879702211883,0.9776077107067619
16.255767822265625,0.9985879702211883,0.9776077107067619
16.257049560546875,0.9985879702211883,
16.258331298828125,,0.9776077107067619
16.2890567779541,0.9985879702211883,
16.29161262512207,0.9985879702211883,
16.292892456054688,0.9985879702211883,
16.309507369995117,,0.9776077107067619
16.31972312927246,,0.9776077107067619
16.385969161987305,,0.9776077107067619
16.430408477783203,0.9985879702211883,
16.431676864624023,0.9985879702211883,
16.43294334411621,0.9985879702211883,
16.43421173095703,0.9985879702211883,
16.43801498413086,0.9985879702211883,0.977359775705314
16.439281463623047,,0.977359775705314
16.47093391418457,0.9985879702211883,0.977359775705314
16.474727630615234,0.9985879702211883,0.977359775705314
16.47599220275879,0.9985879702211883,
16.48610496520996,,0.977359775705314
16.61701011657715,,0.9771113365147438
16.649574279785156,,0.9771113365147438
16.680828094482422,,0.9768628341402487
16.712020874023438,0.9985879702211883,
16.713268280029297,0.9985879702211883,
16.71700668334961,,0.9768628341402487
16.736934661865234,0.9985879702211883,
16.77547836303711,,0.9768628341402487
16.857242584228516,,0.9766142052692522
16.890579223632812,0.9985879702211883,0.9766142052692522
16.891813278198242,0.9985879702211883,0.9766142052692522
16.89304542541504,0.9985879702211883,0.9766142052692522
16.906606674194336,0.9985879702211883,
16.907838821411133,0.9985879702211883,
16.911535263061523,,0.9766142052692522
16.912765502929688,,0.9766142052692522
16.916461944580078,,0.9766142052692522
16.917694091796875,,0.9766142052692522
16.920154571533203,0.9985879702211883,
16.92138671875,0.9985879702211883,
16.922618865966797,0.9985879702211883,
16.92384910583496,0.9985879702211883,
16.926311492919922,,0.9766142052692522
16.947221755981445,0.9985879702211883,
16.968107223510742,,0.9766142052692522
16.969335556030273,0.9985879702211883,
16.97792625427246,0.9985879702211883,
16.998775482177734,,0.9766142052692522
17.0,,0.9766142052692522
17.001224517822266,,0.9766142052692522
17.01347541809082,0.9985879702211883,
17.014699935913086,0.9985879702211883,
17.02571678161621,,0.9766142052692522
17.03183364868164,0.9985879702211883,
17.033056259155273,0.9985879702211883,
17.04283905029297,0.9985879702211883,0.9766142052692522
17.04405975341797,0.9985879702211883,
17.0452823638916,0.9985879702211883,0.9766142052692522
17.06238555908203,,0.9766142052692522
17.06482696533203,0.9985879702211883,0.9766142052692522
17.06604766845703,0.9985879702211883,0.9766142052692522
17.06726837158203,0.9985879702211883,0.9766142052692522
17.06848907470703,0.9985879702211883,0.9766142052692522
17.06970977783203,0.9985879702211883,
17.07215118408203,0.9985879702211883,
17.091665267944336,0.9985879702211883,
17.092884063720703,0.9985879702211883,
17.097759246826172,0.9985879702211883,0.9766142052692522
17.118459701538086,0.9985879702211883,
17.11967658996582,0.9985879702211883,0.9766142052692522
17.120893478393555,0.9985879702211883,0.9766142052692522
17.12211036682129,0.9985879702211883,
17.123327255249023,0.9985879702211883,0.9766142052692522
17.124544143676758,0.9985879702211883,0.9766142052692522
17.12575912475586,0.9985879702211883,0.9766142052692522
17.126977920532227,0.9985879702211883,
17.128192901611328,0.9985879702211883,
17.139137268066406,,0.9766142052692522
17.16343116760254,,0.9766142052692522
17.173137664794922,,0.9766142052692522
17.185264587402344,,0.9766142052692522
17.23610496520996,,0.9766142052692522
17.24214744567871,0.9985879702211883,0.9766142052692522
17.243356704711914,0.9985879702211883,0.9766142052692522
17.244564056396484,0.9985879702211883,0.9766142052692522
17.245771408081055,0.9985879702211883,
17.262676239013672,,0.9766142052692522
17.268709182739258,0.9985879702211883,
17.269916534423828,0.9985879702211883,
17.271121978759766,0.9985879702211883,
17.298843383789062,,0.9766142052692522
17.316898345947266,,0.9766142052692522
17.31810188293457,,0.9766142052692522
17.326520919799805,0.9985879702211883,
17.327722549438477,0.9985879702211883,
17.345748901367188,,0.9766142052692522
17.376949310302734,,0.9766142052692522
17.400909423828125,0.9985879702211883,
17.423643112182617,0.9985879702211883,
17.42483901977539,0.9985879702211883,0.9766142052692522
17.455896377563477,,0.9766142052692522
17.473791122436523,,0.9766142052692522
17.4749813079834,,0.9766142052692522
17.476173400878906,,0.9766142052692522
17.492855072021484,,0.9766142052692522
17.501190185546875,0.9985879702211883,
17.50238037109375,0.9985879702211883,
17.503570556640625,0.9985879702211883,
17.505950927734375,0.9985879702211883,
17.50714111328125,0.9985879702211883,
17.508331298828125,0.9985879702211883,
17.52260398864746,,0.9766142052692522
17.528547286987305,0.9985879702211883,
17.529735565185547,0.9985879702211883,0.9766142052692522
17.530925750732422,0.9985879702211883,
17.532114028930664,0.9985879702211883,
17.577211380004883,,0.9766142052692522
17.61273193359375,,0.9766142052692522
17.639917373657227,,0.9766142052692522
17.64227867126465,0.9985879702211883,0.9766142052692522
17.64345932006836,0.9985879702211883,0.9766142052692522
17.64463996887207,0.9985879702211883,
17.649362564086914,,0.9766142052692522
17.66705894470215,0.9985879702211883,
17.668237686157227,0.9985879702211883,
17.670597076416016,0.9985879702211883,
17.671775817871094,0.9985879702211883,
17.68474006652832,,0.9766142052692522
17.705930709838867,,0.9766142052692522
17.7376708984375,,0.9766142052692522
17.759973526000977,,0.9763598124051543
17.813852310180664,,0.9761054195410576
17.854738235473633,,0.9761054195410576
17.871065139770508,,0.9761054195410576
17.87805938720703,,0.9758508940079302
17.87922477722168,,0.9758508940079302
17.895530700683594,,0.9755963020710632
17.899023056030273,,0.9755963020710632
17.901350021362305,,0.9755963020710632
17.939714431762695,,0.9755963020710632
17.942035675048828,,0.9753415106628451
17.94900131225586,,0.9753415106628451
17.953643798828125,,0.9753415106628451
18.03122329711914,,0.9753415106628451
18.040464401245117,0.9985879702211883,0.9753415106628451
18.04161834716797,0.9985879702211883,
18.04277229309082,0.9985879702211883,
18.071617126464844,,0.9753415106628451
18.072769165039062,,0.9753415106628451
18.07968521118164,,0.9753415106628451
18.084293365478516,,0.9753415106628451
18.087749481201172,,0.9750857169280802
18.122268676757812,,0.9750857169280802
18.141801834106445,,0.9750857169280802
18.146394729614258,,0.9750857169280802
18.15098762512207,,0.9750857169280802
18.202564239501953,0.9985879702211883,0.9750857169280802
18.20370864868164,0.9985879702211883,0.9750857169280802
18.220867156982422,,0.9750857169280802
18.225439071655273,0.9985879702211883,
18.22658348083496,0.9985879702211883,
18.22886848449707,0.9985879702211883,
18.230012893676758,0.9985879702211883,
18.231155395507812,0.9985879702211883,0.9750857169280802
18.234582901000977,0.9985879702211883,
18.23572540283203,0.9985879702211883,
18.251712799072266,0.9985879702211883,
18.256277084350586,,0.9748289126834323
18.265403747558594,,0.9748289126834323
18.272247314453125,0.9985879702211883,
18.273386001586914,0.9985879702211883,
18.27794647216797,,0.9745720407696815
18.2813663482666,0.9985879702211883,
18.28250503540039,0.9985879702211883,
18.28364372253418,0.9985879702211883,
18.2847843170166,0.9985879702211883,
18.28592300415039,0.9985879702211883,
18.28706169128418,,0.9745720407696815
18.31779670715332,0.9985879702211883,
18.326892852783203,,0.9745720407696815
18.329166412353516,,0.9745720407696815
18.330303192138672,0.9985879702211883,0.9745720407696815
18.331439971923828,0.9985879702211883,0.9745720407696815
18.38817596435547,,0.9745720407696815
18.434568405151367,,0.9743147619838408
18.44586753845215,,0.9743147619838408
18.46392822265625,0.9985879702211883,
18.466184616088867,,0.9743147619838408
18.467313766479492,,0.9743147619838408
18.468441009521484,,0.9743147619838408
18.46957015991211,,0.9743147619838408
18.4706974029541,,0.9743147619838408
18.471826553344727,,0.9743147619838408
18.477462768554688,0.9985879702211883,
18.485355377197266,,0.9740563230549327
18.513507843017578,,0.9737978841260243
18.52363395690918,,0.9737978841260243
18.571931838989258,,0.9737978841260243
18.57866096496582,,0.9737978841260243
18.584266662597656,,0.9737978841260243
18.605554580688477,,0.9737978841260243
18.6077938079834,0.9985879702211883,
18.60891342163086,0.9985879702211883,
18.61003303527832,0.9985879702211883,0.9737978841260243
18.61115264892578,0.9985879702211883,0.9737978841260243
18.650291442871094,,0.9737978841260243
18.655874252319336,,0.9737978841260243
18.656991958618164,,0.9737978841260243
18.65810775756836,,0.9737978841260243
18.659223556518555,0.9985879702211883,0.9737978841260243
18.660341262817383,,0.9737978841260243
18.727209091186523,,0.9735382046902582
18.74388885498047,,0.9735382046902582
18.773874282836914,,0.9735382046902582
18.79827117919922,,0.9735382046902582
18.802703857421875,0.9985879702211883,0.9735382046902582
18.80381202697754,,0.9735382046902582
18.8071346282959,,0.9732774122432479
18.819316864013672,,0.9732774122432479
18.82927703857422,,0.973016129716472
18.83148956298828,,0.973016129716472
18.833702087402344,,0.973016129716472
18.86133575439453,,0.9727544959090728
18.881208419799805,,0.9727544959090728
18.897750854492188,,0.9727544959090728
18.898853302001953,,0.9727544959090728
18.98244857788086,0.9985879702211883,0.9727544959090728
18.985740661621094,0.9985879702211883,
18.98683738708496,0.9985879702211883,
18.990129470825195,,0.9727544959090728
19.00986671447754,,0.9727544959090728
19.023012161254883,,0.9727544959090728
19.029582977294922,0.9985879702211883,0.9727544959090728
19.030675888061523,0.9985879702211883,
19.03177261352539,0.9985879702211883,
19.032865524291992,0.9985879702211883,
19.033960342407227,0.9985879702211883,0.9727544959090728
19.03505516052246,0.9985879702211883,0.9727544959090728
19.03724479675293,,0.9727544959090728
19.044902801513672,,0.9724912335285834
19.05146598815918,,0.9724912335285834
19.059118270874023,0.9985879702211883,
19.060211181640625,0.9985879702211883,
19.061304092407227,0.9985879702211883,
19.062397003173828,0.9985879702211883,
19.06458282470703,0.9985879702211883,
19.065675735473633,0.9985879702211883,
19.07550811767578,,0.9724912335285834
19.08533477783203,0.9985879702211883,
19.08642578125,0.9985879702211883,
19.108243942260742,,0.9722278285357525
19.127859115600586,,0.9722278285357525
19.143102645874023,,0.9722278285357525
19.146366119384766,0.9985879702211883,
19.14745330810547,0.9985879702211883,
19.161592483520508,,0.9719642807372871
19.162681579589844,0.9985879702211883,0.9719642807372871
19.181154251098633,0.9985879702211883,
19.182239532470703,0.9985879702211883,
19.184412002563477,,0.9719642807372871
19.192012786865234,0.9985879702211883,
19.193098068237305,0.9985879702211883,
19.194183349609375,0.9985879702211883,
19.195268630981445,0.9985879702211883,
19.198524475097656,,0.9719642807372871
19.201780319213867,,0.9719642807372871
19.206119537353516,,0.9719642807372871
19.207202911376953,0.9985879702211883,
19.208288192749023,0.9985879702211883,
19.209373474121094,0.9985879702211883,
19.21045684814453,0.9985879702211883,0.9719642807372871
19.2115421295166,0.9985879702211883,
19.21371078491211,0.9985879702211883,0.9719642807372871
19.214794158935547,0.9985879702211883,0.9719642807372871
19.215879440307617,,0.9719642807372871
19.218048095703125,,0.9719642807372871
19.22021484375,0.9985879702211883,0.9719642807372871
19.233217239379883,,0.9719642807372871
19.239715576171875,,0.9719642807372871
19.275415420532227,,0.9719642807372871
19.316444396972656,,0.9719642807372871
19.348772048950195,0.9985879702211883,0.9719642807372871
19.349849700927734,,0.9719642807372871
19.372446060180664,0.9985879702211883,0.9719642807372871
19.37352180480957,,0.9719642807372871
19.385347366333008,,0.9719642807372871
19.39931297302246,,0.9719642807372871
19.411121368408203,,0.9719642807372871
19.422924041748047,,0.9719642807372871
19.45079231262207,,0.9719642807372871
19.5,,0.9716957081258663
19.514951705932617,,0.9716957081258663
19.516019821166992,,0.9716957081258663
19.51922035217285,,0.9716957081258663
19.520288467407227,,0.9716957081258663
19.525623321533203,,0.9716957081258663
19.526691436767578,,0.9716957081258663
19.548017501831055,,0.9716957081258663
19.58102798461914,,0.9716957081258663
19.58209228515625,,0.9716957081258663
19.58315658569336,0.9985879702211883,
19.58847427368164,,0.9716957081258663
19.605484008789062,0.9985879702211883,0.9716957081258663
19.60654640197754,,0.9716957081258663
19.607608795166016,,0.9716957081258663
19.688194274902344,,0.971423600674696
19.692426681518555,,0.971423600674696
19.699831008911133,,0.971423600674696
19.70088768005371,,0.971423600674696
19.701946258544922,,0.971423600674696
19.7030029296875,,0.971423600674696
19.714630126953125,,0.971423600674696
19.715686798095703,,0.971423600674696
19.71674346923828,,0.971423600674696
19.720970153808594,,0.971423600674696
19.722026824951172,,0.971423600674696
19.724138259887695,,0.9711494969498997
19.725194931030273,,0.9711494969498997
19.72625160217285,,0.9711494969498997
19.728363037109375,,0.9711494969498997
19.729419708251953,,0.9711494969498997
19.7304744720459,0.9985879702211883,0.9711494969498997
19.731531143188477,,0.9711494969498997
19.732587814331055,,0.9711494969498997
19.733642578125,,0.9711494969498997
19.760019302368164,,0.9711494969498997
19.768451690673828,,0.9711494969498997
19.76950454711914,,0.9711494969498997
19.770559310913086,,0.9711494969498997
19.780040740966797,,0.9711494969498997
19.78109359741211,,0.9711494969498997
19.787410736083984,,0.9708692229248059
19.805301666259766,,0.9705889488997128
19.846284866333008,,0.9703086748746189
19.86621856689453,,0.9700284008495251
19.869365692138672,,0.9700284008495251
19.873558044433594,,0.9700284008495251
19.890323638916016,,0.9700284008495251
19.9039363861084,,0.9700284008495251
19.9185848236084,0.9985879702211883,0.9700284008495251
19.91963005065918,0.9985879702211883,0.9700284008495251
19.920677185058594,,0.9700284008495251
19.926950454711914,,0.9700284008495251
19.930086135864258,,0.9700284008495251
19.93113136291504,,0.9700284008495251
19.93217658996582,,0.9700284008495251
19.94576072692871,0.9985879702211883,0.9700284008495251
19.94993782043457,0.9985879702211883,
19.95098114013672,0.9985879702211883,0.9700284008495251
19.9520263671875,0.9985879702211883,
19.95306968688965,,0.9697463338530596
19.954113006591797,,0.9697463338530596
19.955158233642578,,0.9697463338530596
19.956201553344727,,0.9697463338530596
19.957244873046875,0.9985879702211883,0.9697463338530596
19.958290100097656,,0.9697463338530596
19.960376739501953,,0.9697463338530596
20.006248474121094,,0.9697463338530596
20.012496948242188,,0.9697463338530596
20.059288024902344,,0.9697463338530596
20.06551742553711,,0.9697463338530596
20.06655502319336,,0.9697463338530596
20.101823806762695,,0.9694611143431028
20.107006072998047,,0.9691758948331469
20.12978744506836,,0.9691758948331469
20.130821228027344,,0.968890591361014
20.1825008392334,,0.968890591361014
20.1845645904541,,0.968890591361014
20.185598373413086,,0.968890591361014
20.19900894165039,,0.968890591361014
20.200040817260742,,0.968890591361014
20.2237491607666,0.9985879702211883,
20.229928970336914,,0.9686044452915047
20.24536895751953,0.9985879702211883,
20.25051498413086,,0.9686044452915047
20.251543045043945,,0.9686044452915047
20.25257110595703,,0.9686044452915047
20.26182746887207,,0.9683170255748018
20.271080017089844,,0.9683170255748018
20.27210807800293,0.9985879702211883,0.9683170255748018
20.273134231567383,0.9985879702211883,0.9683170255748018
20.285463333129883,,0.9683170255748018
20.29470443725586,,0.9683170255748018
20.295730590820312,,0.9683170255748018
20.373594284057617,,0.968028320438971
20.385860443115234,,0.968028320438971
20.39403533935547,,0.968028320438971
20.420578002929688,,0.968028320438971
20.422618865966797,,0.968028320438971
20.427717208862305,,0.968028320438971
20.4542179107666,,0.9677391841425449
20.471525192260742,,0.9677391841425449
20.47254180908203,,0.9677391841425449
20.473560333251953,,0.9677391841425449
20.474578857421875,0.9985879702211883,0.9677391841425449
20.475595474243164,,0.9677391841425449
20.476612091064453,,0.9677391841425449
20.513206481933594,,0.9677391841425449
20.5223445892334,,0.9677391841425449
20.523361206054688,,0.9677391841425449
20.56392478942871,,0.9677391841425449
20.57202911376953,,0.9677391841425449
20.573040008544922,,0.9674366711121779
20.57911491394043,,0.9674366711121779
20.599353790283203,,0.9674366711121779
20.600364685058594,,0.9674366711121779
20.601375579833984,,0.9674366711121779
20.61249542236328,0.9985879702211883,0.9674366711121779
20.613506317138672,,0.9674366711121779
20.614517211914062,0.9985879702211883,0.9674366711121779
20.615528106689453,,0.9674366711121779
20.616539001464844,,0.9674366711121779
20.617549896240234,,0.9674366711121779
20.618558883666992,,0.9674366711121779
20.619569778442383,,0.9671304233530412
20.62664222717285,,0.9671304233530412
20.63572883605957,,0.9671304233530412
20.64279556274414,,0.9671304233530412
20.684133529663086,,0.9671304233530412
20.685138702392578,,0.9671304233530412
20.686145782470703,,0.9671304233530412
20.691181182861328,,0.9671304233530412
20.704267501831055,,0.9671304233530412
20.710302352905273,,0.9671304233530412
20.7113094329834,,0.9671304233530412
20.75853157043457,,0.9671304233530412
20.778594970703125,0.9985879702211883,
20.783607482910156,,0.9671304233530412
20.79062271118164,,0.9671304233530412
20.792627334594727,,0.9671304233530412
20.793628692626953,,0.9671304233530412
20.79463005065918,0.9985879702211883,0.9671304233530412
20.802644729614258,,0.9671304233530412
20.814659118652344,0.9985879702211883,
20.81766128540039,,0.9671304233530412
20.871631622314453,,0.9671304233530412
20.873628616333008,,0.9671304233530412
20.904544830322266,,0.9671304233530412
20.909526824951172,0.9985879702211883,
20.910524368286133,,0.9671304233530412
20.921480178833008,,0.9671304233530412
20.922475814819336,,0.9671304233530412
20.949342727661133,,0.9671304233530412
20.97816276550293,,0.9671304233530412
20.979156494140625,,0.9671304233530412
20.984121322631836,,0.9668181435908991
20.997024536132812,,0.9668181435908991
20.998016357421875,,0.9668181435908991
20.999008178710938,,0.9668181435908991
21.008926391601562,,0.9665054598445891
21.032712936401367,,0.9665054598445891
21.03667449951172,,0.9665054598445891
21.053503036499023,,0.9665054598445891
21.066362380981445,,0.9661924723252083
21.080204010009766,,0.9661924723252083
21.087120056152344,,0.9658793833840785
21.120685577392578,,0.9658793833840785
21.121671676635742,,0.9658793833840785
21.12364387512207,,0.9658793833840785
21.127588272094727,,0.9658793833840785
21.12857437133789,,0.9658793833840785
21.129560470581055,,0.9658793833840785
21.14631462097168,0.9985879702211883,
21.147300720214844,0.9985879702211883,
21.148286819458008,0.9985879702211883,0.9658793833840785
21.159120559692383,,0.9658793833840785
21.160104751586914,,0.9658793833840785
21.161088943481445,,0.9658793833840785
21.162073135375977,,0.9658793833840785
21.237741470336914,,0.9658793833840785
21.24460792541504,,0.9655633233764258
21.24656867980957,,0.9655633233764258
21.26127052307129,,0.9655633233764258
21.262250900268555,,0.9655633233764258
21.29553985595703,,0.9655633233764258
21.296518325805664,,0.9655633233764258
21.318029403686523,,0.9655633233764258
21.324867248535156,,0.9655633233764258
21.33365821838379,,0.9655633233764258
21.33463478088379,,0.9655633233764258
21.33561134338379,,0.9655633233764258
21.33658790588379,,0.9655633233764258
21.33756446838379,,0.9655633233764258
21.354156494140625,,0.9655633233764258
21.355131149291992,,0.9655633233764258
21.360010147094727,,0.9652421113593336
21.36781120300293,,0.9652421113593336
21.368785858154297,,0.9652421113593336
21.37073516845703,,0.9652421113593336
21.3717098236084,,0.9652421113593336
21.372684478759766,,0.9652421113593336
21.399961471557617,,0.9649170045518698
21.407747268676758,,0.9649170045518698
21.408721923828125,,0.9649170045518698
21.419422149658203,,0.9649170045518698
21.4660587310791,,0.9645906883514799
21.522275924682617,,0.9642643721510908
21.543560028076172,,0.9639380559507013
21.5657901763916,0.9985879702211883,
21.586069107055664,,0.9639380559507013
21.58896255493164,,0.9639380559507013
21.590892791748047,,0.9639380559507013
21.59185791015625,,0.9639380559507013
21.592823028564453,,0.9639380559507013
21.593788146972656,,0.9639380559507013
21.596681594848633,,0.9639380559507013
21.60343360900879,,0.9639380559507013
21.605361938476562,,0.9639380559507013
21.613075256347656,,0.9636100743052602
21.62849235534668,,0.9636100743052602
21.63138198852539,,0.9636100743052602
21.63234519958496,,0.9632818692390798
21.642934799194336,,0.9632818692390798
21.65736961364746,,0.9632818692390798
21.676599502563477,,0.9632818692390798
21.677560806274414,,0.9632818692390798
21.681406021118164,,0.9632818692390798
21.68236541748047,,0.9632818692390798
21.683326721191406,,0.9632818692390798
21.684288024902344,,0.9632818692390798
21.68524932861328,,0.9632818692390798
21.693893432617188,,0.9632818692390798
21.694852828979492,,0.9632818692390798
21.69965362548828,,0.9632818692390798
21.70061492919922,,0.9632818692390798
21.701574325561523,,0.9632818692390798
21.71405029296875,,0.9632818692390798
21.715009689331055,,0.9632818692390798
21.71596908569336,,0.9632818692390798
21.71788787841797,,0.9632818692390798
21.718847274780273,,0.9632818692390798
21.719806671142578,,0.9632818692390798
21.720766067504883,,0.9632818692390798
21.721725463867188,,0.9632818692390798
21.722684860229492,,0.9632818692390798
21.723642349243164,,0.9632818692390798
21.72460174560547,,0.9632818692390798
21.725561141967773,,0.9632818692390798
21.736106872558594,,0.9629429241760121
21.742815017700195,,0.9629429241760121
21.743772506713867,,0.9629429241760121
21.744731903076172,,0.9629429241760121
21.745689392089844,,0.9629429241760121
21.746646881103516,,0.9629429241760121
21.74760627746582,,0.9629429241760121
21.748563766479492,,0.9629429241760121
21.749521255493164,,0.9629429241760121
21.750478744506836,,0.9629429241760121
21.751436233520508,,0.9629429241760121
21.75239372253418,0.9985879702211883,
21.76771354675293,,0.9629429241760121
21.771541595458984,,0.9629429241760121
21.792583465576172,,0.9629429241760121
21.810739517211914,,0.9629429241760121
21.8136043548584,,0.9629429241760121
21.814559936523438,,0.9629429241760121
21.85844612121582,,0.9629429241760121
21.8603515625,,0.9629429241760121
21.885116577148438,,0.9629429241760121
21.88606834411621,,0.9629429241760121
21.887020111083984,,0.9629429241760121
21.889875411987305,,0.9629429241760121
21.890827178955078,,0.9629429241760121
21.89177894592285,,0.9629429241760121
21.92601203918457,,0.9629429241760121
21.933612823486328,0.9985879702211883,0.9629429241760121
21.93456268310547,,0.9629429241760121
21.94120979309082,,0.9629429241760121
21.94595718383789,,0.9629429241760121
21.949752807617188,,0.9629429241760121
21.961139678955078,,0.9629429241760121
22.006628036499023,0.9985879702211883,
22.01136016845703,,0.9625957926243989
22.02555274963379,,0.9625957926243989
22.056745529174805,0.9985879702211883,
22.057689666748047,0.9985879702211883,0.9622485358449527
22.08506202697754,,0.9622485358449527
22.091665267944336,,0.9622485358449527
22.108633041381836,,0.9622485358449527
22.110517501831055,,0.9622485358449527
22.112401962280273,,0.9622485358449527
22.121822357177734,,0.9619006513417557
22.21673583984375,,0.9619006513417557
22.227985382080078,,0.9619006513417557
22.25140380859375,0.9985879702211883,
22.253276824951172,,0.961552515022052
22.254213333129883,0.9985879702211883,
22.261701583862305,,0.961552515022052
22.265443801879883,,0.961552515022052
22.268251419067383,,0.961552515022052
22.28227996826172,,0.961552515022052
22.29256248474121,,0.9612038737910794
22.300037384033203,,0.9608552325601071
22.321514129638672,,0.9608552325601071
22.32431411743164,,0.9608552325601071
22.332712173461914,,0.9605063381401506
22.35508918762207,,0.9605063381401506
22.360679626464844,,0.9605063381401506
22.361610412597656,,0.9605063381401506
22.3625431060791,,0.9605063381401506
22.373720169067383,,0.9605063381401506
22.374650955200195,,0.9605063381401506
22.375581741333008,,0.9605063381401506
22.399776458740234,,0.9601552758820586
22.46014976501465,,0.9598042136239662
22.50555419921875,,0.9598042136239662
22.51758575439453,,0.9598042136239662
22.518510818481445,,0.9598042136239662
22.51943588256836,,0.9598042136239662
22.523136138916016,,0.9598042136239662
22.542552947998047,,0.9598042136239662
22.543476104736328,,0.9598042136239662
22.544401168823242,,0.9598042136239662
22.557334899902344,,0.9598042136239662
22.558258056640625,,0.9598042136239662
22.559181213378906,,0.9598042136239662
22.560104370117188,,0.9598042136239662
22.56195068359375,,0.9598042136239662
22.562875747680664,,0.9598042136239662
22.56749153137207,,0.9598042136239662
22.572107315063477,,0.9598042136239662
22.57579803466797,,0.9598042136239662
22.580411911010742,,0.9598042136239662
22.622812271118164,,0.9598042136239662
22.623733520507812,,0.9598042136239662
22.62557601928711,,0.9598042136239662
22.633861541748047,,0.9594455423931652
22.643983840942383,,0.9594455423931652
22.64490509033203,,0.9594455423931652
22.645822525024414,,0.9594455423931652
22.653182983398438,,0.9594455423931652
22.654102325439453,,0.9594455423931652
22.65502166748047,,0.9594455423931652
22.655941009521484,,0.9594455423931652
22.6568603515625,,0.9594455423931652
22.657779693603516,,0.9594455423931652
22.658700942993164,,0.9594455423931652
22.677080154418945,,0.9594455423931652
22.67799949645996,,0.9594455423931652
22.678916931152344,,0.9594455423931652
22.680755615234375,,0.9594455423931652
22.681673049926758,,0.9594455423931652
22.682592391967773,,0.9594455423931652
22.689022064208984,,0.9594455423931652
22.689939498901367,,0.9594455423931652
22.69085693359375,,0.9594455423931652
22.69361114501953,,0.9594455423931652
22.7147159576416,0.9985879702211883,
22.727554321289062,,0.9594455423931652
22.735801696777344,,0.9594455423931652
22.748626708984375,0.9985879702211883,
22.777912139892578,,0.9594455423931652
22.811729431152344,,0.9594455423931652
22.81264305114746,0.9985879702211883,0.9594455423931652
22.813554763793945,,0.9594455423931652
22.814468383789062,,0.9594455423931652
22.828163146972656,,0.9594455423931652
22.82907485961914,0.9985879702211883,0.9594455423931652
22.829986572265625,,0.9594455423931652
22.836374282836914,,0.9594455423931652
22.83728790283203,,0.9594455423931652
22.84093475341797,,0.9594455423931652
22.85552406311035,,0.9594455423931652
22.856435775756836,,0.9594455423931652
22.85734748840332,,0.9594455423931652
22.858259201049805,,0.9590675102645624
22.86919403076172,,0.9590675102645624
22.87010383605957,,0.9590675102645624
22.880123138427734,,0.9590675102645624
22.89923667907715,,0.9586890305841111
22.904693603515625,,0.9586890305841111
22.90924072265625,,0.9586890305841111
22.920150756835938,,0.9586890305841111
22.931055068969727,,0.9586890305841111
22.931964874267578,,0.9586890305841111
22.932872772216797,,0.9586890305841111
22.933780670166016,,0.9586890305841111
22.934690475463867,,0.9586890305841111
22.935598373413086,,0.9586890305841111
22.936506271362305,,0.9586890305841111
22.937414169311523,,0.9586890305841111
22.938323974609375,,0.9586890305841111
22.93922996520996,,0.9586890305841111
22.940139770507812,,0.9586890305841111
22.961925506591797,,0.9586890305841111
22.98187828063965,0.9985879702211883,0.9583016814808445
22.99094009399414,0.9985879702211883,0.9583016814808445
22.991846084594727,0.9985879702211883,
22.994564056396484,,0.9583016814808445
23.02353858947754,0.9985879702211883,0.9583016814808445
23.024442672729492,0.9985879702211883,0.9583016814808445
23.03258514404297,,0.9583016814808445
23.042531967163086,0.9985879702211883,
23.054283142089844,0.9985879702211883,
23.055187225341797,,0.9583016814808445
23.130067825317383,,0.9583016814808445
23.13096809387207,0.9985879702211883,0.9583016814808445
23.133670806884766,0.9985879702211883,0.9583016814808445
23.13547134399414,,0.9583016814808445
23.136371612548828,,0.9583016814808445
23.137271881103516,,0.9583016814808445
23.138172149658203,0.9985879702211883,0.9583016814808445
23.140872955322266,,0.9583016814808445
23.141773223876953,,0.9583016814808445
23.14627456665039,,0.9583016814808445
23.150774002075195,,0.9583016814808445
23.151674270629883,,0.9583016814808445
23.15257453918457,,0.9583016814808445
23.22355079650879,,0.9579069938031337
23.228933334350586,,0.9579069938031337
23.274627685546875,,0.9579069938031337
23.31487274169922,0.9985879702211883,
23.316661834716797,0.9985879702211883,
23.31844711303711,0.9985879702211883,
23.346128463745117,,0.9575119806098125
23.348804473876953,,0.957116967416492
23.361291885375977,,0.957116967416492
23.362184524536133,,0.957116967416492
23.428081512451172,,0.957116967416492
23.458295822143555,0.9985879702211883,
23.468952178955078,,0.957116967416492
23.473388671875,,0.957116967416492
23.48847198486328,,0.957116967416492
23.491132736206055,,0.957116967416492
23.49290657043457,,0.957116967416492
23.495567321777344,,0.9567194935928142
23.49645233154297,,0.9563220197691359
23.50265884399414,,0.9563220197691359
23.512407302856445,,0.9563220197691359
23.513294219970703,,0.9563220197691359
23.531007766723633,,0.9563220197691359
23.566394805908203,,0.9559238840406721
23.577884674072266,,0.955525748312209
23.580535888671875,,0.9551276125837459
23.61055564880371,,0.9547294768552821
23.646705627441406,0.9985879702211883,
23.726741790771484,0.9985879702211883,
23.749561309814453,,0.9547294768552821
23.753068923950195,,0.9547294768552821
23.754823684692383,0.9985879702211883,
23.755701065063477,0.9985879702211883,
23.773235321044922,0.9985879702211883,
23.778491973876953,,0.9547294768552821
23.779367446899414,,0.9547294768552821
23.780244827270508,,0.9547294768552821
23.789878845214844,,0.9543301755266099
23.81088638305664,0.9985879702211883,
23.8170108795166,,0.9543301755266099
23.817886352539062,,0.9543301755266099
23.81875991821289,,0.9543301755266099
23.81963539123535,,0.9543301755266099
23.82050895690918,,0.9543301755266099
23.82138442993164,,0.9543301755266099
23.82225799560547,,0.9543301755266099
23.82313346862793,,0.9543301755266099
23.829254150390625,,0.9543301755266099
23.831003189086914,,0.9543301755266099
23.831876754760742,,0.9543301755266099
23.83362579345703,,0.9543301755266099
23.834497451782227,,0.9543301755266099
23.835372924804688,,0.9543301755266099
23.836246490478516,,0.9543301755266099
23.837120056152344,,0.9543301755266099
23.837995529174805,,0.9543301755266099
23.838869094848633,,0.9543301755266099
23.83974266052246,,0.9543301755266099
23.84061622619629,,0.9543301755266099
23.84149169921875,,0.9543301755266099
23.843238830566406,,0.9543301755266099
23.844112396240234,,0.9543301755266099
23.844985961914062,,0.9543301755266099
23.84585952758789,,0.9543301755266099
23.84673309326172,,0.9543301755266099
23.855466842651367,,0.9543301755266099
23.856340408325195,,0.9543301755266099
23.857213973999023,0.9985879702211883,0.9543301755266099
23.85808753967285,,0.9543301755266099
23.864198684692383,,0.9543301755266099
23.86507225036621,,0.9543301755266099
23.865943908691406,,0.9543301755266099
23.90258026123047,0.998237342422655,
23.908679962158203,,0.9543301755266099
23.910423278808594,,0.9543301755266099
23.918262481689453,,0.9539039449881881
23.920005798339844,,0.9539039449881881
23.93480682373047,0.998237342422655,
23.935678482055664,0.998237342422655,0.9539039449881881
23.936548233032227,0.998237342422655,
23.93741798400879,,0.9539039449881881
23.943510055541992,,0.9534759934650889
23.94873046875,,0.9534759934650889
23.962644577026367,,0.9534759934650889
23.96351432800293,,0.9534759934650889
23.964384078979492,,0.9534759934650889
23.97046661376953,,0.9534759934650889
23.98176383972168,,0.9534759934650889
23.992185592651367,,0.953046693152858
24.0,,0.9526173928406267
24.013017654418945,0.9978857265922839,
24.021692276000977,0.9978857265922839,
24.023426055908203,,0.9526173928406267
24.033830642700195,,0.9526173928406267
24.054624557495117,,0.9526173928406267
24.06934356689453,,0.9521875113456624
24.126401901245117,0.9978857265922839,
24.147981643676758,,0.9517576298506983
24.154020309448242,,0.9513277483557341
24.159194946289062,,0.9513277483557341
24.160057067871094,,0.9513277483557341
24.191940307617188,,0.950897283311229
24.208297729492188,,0.9504668182667243
24.215181350708008,0.9978857265922839,
24.216041564941406,0.9978857265922839,0.9500363532222199
24.2186222076416,,0.9500363532222199
24.219482421875,,0.9500363532222199
24.2203426361084,,0.9500363532222199
24.221202850341797,,0.9500363532222199
24.23324203491211,,0.9496045185162102
24.268463134765625,,0.9496045185162102
24.272756576538086,,0.9496045185162102
24.278762817382812,,0.9491722906971317
24.346458435058594,,0.9491722906971317
24.355012893676758,,0.9491722906971317
24.35672378540039,,0.9491722906971317
24.358434677124023,0.9978857265922839,
24.360145568847656,,0.9491722906971317
24.361000061035156,,0.9491722906971317
24.369550704956055,,0.9491722906971317
24.370405197143555,,0.9491722906971317
24.371259689331055,,0.9491722906971317
24.375534057617188,0.9978857265922839,
24.377243041992188,0.9978857265922839,
24.38066291809082,,0.9491722906971317
24.381515502929688,,0.9491722906971317
24.382369995117188,,0.9491722906971317
24.384078979492188,,0.9491722906971317
24.384933471679688,,0.9491722906971317
24.388351440429688,,0.9491722906971317
24.389204025268555,,0.9487310204550594
24.390058517456055,,0.9487310204550594
24.390914916992188,,0.9487310204550594
24.39774513244629,,0.9487310204550594
24.399452209472656,,0.9487310204550594
24.400306701660156,,0.9487310204550594
24.401161193847656,,0.9487310204550594
24.402013778686523,,0.9487310204550594
24.40542984008789,,0.9487310204550594
24.40628433227539,,0.9487310204550594
24.407136917114258,,0.9487310204550594
24.407991409301758,,0.9487310204550594
24.408843994140625,,0.9487310204550594
24.422496795654297,,0.9487310204550594
24.423349380493164,,0.9487310204550594
24.42420196533203,,0.9487310204550594
24.439552307128906,,0.9487310204550594
24.471071243286133,,0.9482794588080078
24.472774505615234,0.9978857265922839,
24.47362518310547,0.9978857265922839,
24.52294921875,,0.9482794588080078
24.5237979888916,,0.9482794588080078
24.525497436523438,,0.9478274666922749
24.570476531982422,,0.9478274666922749
24.59589958190918,,0.9473752589314484
24.601829528808594,,0.9469230511706223
24.62299156188965,,0.9464704110888008
24.656810760498047,,0.9460177710069797
24.66019058227539,,0.945565130925158
24.689741134643555,,0.945565130925158
24.69058609008789,,0.945565130925158
24.691429138183594,,0.945565130925158
24.714200973510742,,0.9451111870312909
24.715885162353516,,0.9451111870312909
24.719257354736328,0.9978857265922839,0.9451111870312909
24.725997924804688,,0.9446563693281956
24.754629135131836,,0.944201551625101
24.763885498046875,,0.9437467339220058
24.765567779541016,,0.9437467339220058
24.779865264892578,,0.9437467339220058
24.780704498291016,,0.9437467339220058
24.78995132446289,,0.9432908176254249
24.793312072753906,,0.9428349013288446
24.794153213500977,,0.9428349013288446
24.794992446899414,,0.9428349013288446
24.81515121459961,,0.9423776584087042
24.848709106445312,,0.9423776584087042
24.878036499023438,,0.9423776584087042
24.88808250427246,,0.9419199713477969
24.888919830322266,,0.9419199713477969
24.89561653137207,,0.9414620617846714
24.942434310913086,0.9978857265922839,
24.94577407836914,,0.9410041522215467
24.976655960083008,,0.9405462426584218
24.979158401489258,,0.9405462426584218
24.979991912841797,,0.9405462426584218
24.98082733154297,,0.9405462426584218
24.981658935546875,,0.9405462426584218
24.982494354248047,,0.9405462426584218
24.983327865600586,,0.9405462426584218
24.984161376953125,,0.9405462426584218
24.984994888305664,,0.9405462426584218
24.985830307006836,,0.9405462426584218
24.986661911010742,,0.9405462426584218
24.987497329711914,,0.9405462426584218
24.995832443237305,,0.9405462426584218
25.00083351135254,,0.9405462426584218
25.001667022705078,,0.9405462426584218
25.002500534057617,,0.9405462426584218
25.0049991607666,,0.9405462426584218
25.00583267211914,,0.9405462426584218
25.00666618347168,,0.9405462426584218
25.01582908630371,,0.9405462426584218
25.016660690307617,,0.9405462426584218
25.018327713012695,,0.9405462426584218
25.0191593170166,,0.9405462426584218
25.01999282836914,,0.9405462426584218
25.020824432373047,,0.9405462426584218
25.021656036376953,0.9978857265922839,0.9405462426584218
25.022489547729492,0.9978857265922839,
25.02332305908203,0.9978857265922839,0.9405462426584218
25.024154663085938,,0.9405462426584218
25.040800094604492,,0.9405462426584218
25.0856876373291,,0.9400576472076905
25.105609893798828,,0.9400576472076905
25.126346588134766,,0.9395687976771613
25.154521942138672,,0.9390799481466322
25.177701950073242,,0.9385910986161029
25.19011116027832,,0.9385910986161029
25.19920539855957,,0.9385910986161029
25.202512741088867,,0.9385910986161029
25.206645965576172,,0.938101484062834
25.207473754882812,,0.938101484062834
25.209125518798828,,0.938101484062834
25.209951400756836,,0.938101484062834
25.210777282714844,,0.938101484062834
25.211605072021484,,0.938101484062834
25.21491050720215,,0.9376095587958898
25.229778289794922,,0.9376095587958898
25.270206451416016,,0.9371173753004582
25.279273986816406,,0.9371173753004582
25.28339385986328,,0.9366249331694548
25.285865783691406,,0.9366249331694548
25.28668975830078,,0.9361322319947214
25.287513732910156,,0.9361322319947214
25.289161682128906,,0.9361322319947214
25.290807723999023,,0.9361322319947214
25.29327964782715,,0.9361322319947214
25.318801879882812,0.9978857265922839,
25.321269989013672,,0.9361322319947214
25.336896896362305,,0.9361322319947214
25.33854103088379,,0.9356377088927695
25.354158401489258,0.9978857265922839,
25.36237335205078,,0.9356377088927695
25.363195419311523,,0.9356377088927695
25.364015579223633,,0.9356377088927695
25.364837646484375,,0.9356377088927695
25.36730194091797,,0.9356377088927695
25.36812400817871,,0.9356377088927695
25.36894416809082,,0.9356377088927695
25.373870849609375,,0.9351397643962863
25.374692916870117,,0.9346418198998023
25.387004852294922,,0.9341438754033189
25.38782501220703,,0.9336459309068352
25.39356803894043,,0.9336459309068352
25.39438819885254,,0.9336459309068352
25.39849090576172,,0.9331474547023999
25.4083309173584,,0.9326489784979649
25.412431716918945,,0.9321505022935306
25.429641723632812,,0.9321505022935306
25.439470291137695,,0.9321505022935306
25.440288543701172,,0.9321505022935306
25.441926956176758,,0.9321505022935306
25.442745208740234,,0.9321505022935306
25.443565368652344,,0.9321505022935306
25.44438362121582,,0.9321505022935306
25.445201873779297,,0.9321505022935306
25.448476791381836,,0.9321505022935306
25.449296951293945,,0.9321505022935306
25.454208374023438,,0.9321505022935306
25.46075439453125,,0.9321505022935306
25.461572647094727,,0.9321505022935306
25.46320915222168,,0.9321505022935306
25.464027404785156,,0.9321505022935306
25.46484375,,0.9321505022935306
25.46566390991211,,0.9321505022935306
25.466482162475586,0.9978857265922839,0.9321505022935306
25.46729850769043,0.9978857265922839,0.9321505022935306
25.478750228881836,,0.9321505022935306
25.47956657409668,,0.9321505022935306
25.480384826660156,,0.9321505022935306
25.481203079223633,0.9978857265922839,
25.482019424438477,0.9978857265922839,
25.482837677001953,0.9978857265922839,
25.48365592956543,,0.9321505022935306
25.484472274780273,,0.9321505022935306
25.495098114013672,,0.9316271162731528
25.522865295410156,,0.9311037302527743
25.525314331054688,,0.9311037302527743
25.565275192260742,,0.9311037302527743
25.566091537475586,,0.9311037302527743
25.566905975341797,,0.9311037302527743
25.567720413208008,,0.9311037302527743
25.579938888549805,,0.9311037302527743
25.584012985229492,,0.930576192728552
25.590524673461914,,0.930576192728552
25.598665237426758,,0.930576192728552
25.602733612060547,,0.930576192728552
25.605175018310547,,0.9300477565032661
25.605989456176758,,0.9300477565032661
25.607616424560547,,0.9300477565032661
25.609243392944336,,0.9300477565032661
25.612497329711914,0.9978857265922839,
25.61737632751465,,0.9300477565032661
25.61819076538086,,0.9300477565032661
25.619003295898438,,0.9300477565032661
25.690465927124023,,0.9300477565032661
25.710731506347656,0.9978857265922839,
25.773048400878906,,0.9295153880107058
25.806976318359375,,0.9289830195181454
25.812625885009766,,0.928450651025585
25.842470169067383,,0.9279182825330242
25.84569549560547,,0.927385914040464
25.856172561645508,,0.927385914040464
25.857784271240234,,0.927385914040464
25.85939598083496,,0.927385914040464
25.867450714111328,,0.9268523203039616
25.880334854125977,,0.9263187265674602
25.897233963012695,0.9978857265922839,
25.92376708984375,,0.9263187265674602
25.925373077392578,0.9978857265922839,
25.997596740722656,,0.9257848252841355
26.011215209960938,,0.9257848252841355
26.036832809448242,,0.9252506159215944
26.03763198852539,0.9978857265922839,
26.068819046020508,,0.9247164065590527
26.088790893554688,,0.9241821971965114
26.116724014282227,,0.9236479878339707
26.12470054626465,,0.9231137784714287
26.149410247802734,,0.9225795691088875
26.151002883911133,,0.9225795691088875
26.152597427368164,,0.9220450502391834
26.16056251525879,0.9978857265922839,
26.166135787963867,0.9978857265922839,
26.16693115234375,0.9978857265922839,0.9220450502391834
26.167728424072266,0.9978857265922839,
26.16852378845215,,0.9220450502391834
26.16931915283203,,0.9220450502391834
26.170116424560547,,0.9215092890246341
26.170913696289062,0.9978857265922839,
26.174097061157227,,0.9215092890246341
26.17728042602539,0.9978857265922839,
26.178075790405273,0.9978857265922839,
26.179668426513672,0.9978857265922839,
26.180463790893555,0.9978857265922839,
26.18205451965332,0.9978857265922839,
26.182851791381836,0.9978857265922839,
26.183645248413086,0.9978857265922839,0.9215092890246341
26.1844425201416,0.9978857265922839,
26.18682861328125,0.9978857265922839,
26.187623977661133,,0.9209729041066925
26.1892147064209,0.9978857265922839,
26.190011978149414,0.9978857265922839,
26.190805435180664,0.9978857265922839,
26.191600799560547,0.9978857265922839,
26.192398071289062,0.9978857265922839,
26.193191528320312,0.9978857265922839,
26.193988800048828,0.9978857265922839,
26.19478416442871,0.9978857265922839,
26.19557762145996,0.9978857265922839,
26.19717025756836,0.9978857265922839,
26.19796371459961,0.9978857265922839,
26.198759078979492,0.9978857265922839,
26.199554443359375,0.9978857265922839,0.9209729041066925
26.200349807739258,0.9978857265922839,
26.20114517211914,,0.9209729041066925
26.2122745513916,,0.9204349526440134
26.23372459411621,,0.9204349526440134
26.235313415527344,,0.9204349526440134
26.236902236938477,0.9978857265922839,0.9204349526440134
26.244047164916992,0.9978857265922839,
26.244840621948242,0.9978857265922839,
26.245634078979492,0.9978857265922839,
26.246427536010742,0.9978857265922839,
26.247222900390625,0.9978857265922839,
26.248809814453125,0.9978857265922839,
26.251190185546875,,0.9198960563017158
26.28053855895996,0.9978857265922839,
26.283708572387695,0.9978857265922839,
26.284502029418945,0.9978857265922839,
26.28687858581543,0.9975117064548811,
26.288463592529297,0.9975117064548811,
26.34625244140625,,0.9193571599594184
26.36601448059082,,0.9193571599594184
26.37786293029785,0.9975117064548811,
26.378652572631836,0.9975117064548811,
26.37944221496582,0.9975117064548811,
26.38812828063965,0.9975117064548811,
26.388917922973633,0.9975117064548811,
26.399179458618164,,0.9193571599594184
26.40233612060547,,0.9193571599594184
26.403125762939453,,0.9193571599594184
26.405492782592773,,0.9193571599594184
26.40707015991211,,0.9193571599594184
26.40785789489746,,0.9193571599594184
26.408647537231445,,0.9193571599594184
26.409435272216797,,0.9193571599594184
26.419689178466797,,0.9188147663547224
26.422054290771484,,0.918272372750027
26.42284393310547,,0.918272372750027
26.43624496459961,0.9975117064548811,0.918272372750027
26.43703269958496,,0.918272372750027
26.461448669433594,,0.9177280500631569
26.466960906982422,,0.9177280500631569
26.469322204589844,,0.9177280500631569
26.474830627441406,0.9975117064548811,
26.475616455078125,0.9975117064548811,
26.493709564208984,,0.9177280500631569
26.516504287719727,,0.9177280500631569
26.564388275146484,,0.9177280500631569
26.602005004882812,,0.9171817833666905
26.602787017822266,,0.9166355166702244
26.606704711914062,,0.9160892499737586
26.616880416870117,,0.9160892499737586
26.61766242980957,,0.9160892499737586
26.632530212402344,,0.915541021816982
26.647388458251953,,0.9149927936602054
26.6544246673584,,0.9144445655034292
26.664583206176758,0.9975117064548811,
26.66536521911621,0.9975117064548811,
26.66614532470703,0.9975117064548811,
26.671613693237305,,0.9138963373466525
26.695037841796875,,0.9133481091898754
26.698938369750977,,0.9133481091898754
26.70050048828125,,0.9133481091898754
26.701278686523438,,0.9127992221050257
26.70284080505371,,0.9127992221050257
26.70595932006836,,0.9127992221050257
26.719219207763672,,0.912248679751524
26.72467613220215,,0.912248679751524
26.73324966430664,,0.912248679751524
26.740262985229492,,0.9116974720900426
26.749610900878906,,0.9111462644285612
26.754283905029297,,0.9105950567670797
26.77996826171875,,0.9100438491055991
26.795522689819336,,0.9100438491055991
26.79629898071289,,0.9100438491055991
26.797077178955078,,0.9094899575358452
26.79863166809082,,0.9089350521316136
26.804073333740234,,0.9089350521316136
26.80484962463379,,0.9083791285523284
26.81417465209961,,0.9083791285523284
26.831262588500977,,0.9078228645421922
26.86075210571289,0.9975117064548811,
26.861528396606445,0.9975117064548811,0.9078228645421922
26.862302780151367,0.9975117064548811,
26.863079071044922,0.9975117064548811,
26.863855361938477,0.9975117064548811,
26.8646297454834,0.9975117064548811,0.90726625947503
26.869281768798828,0.9975117064548811,
26.870058059692383,0.9975117064548811,
26.870832443237305,0.9975117064548811,
26.876258850097656,0.9975117064548811,0.90726625947503
26.87703514099121,,0.90726625947503
26.877809524536133,,0.9067089706178588
26.88323402404785,0.9975117064548811,
26.884010314941406,0.9975117064548811,
26.88555908203125,0.9975117064548811,
26.890209197998047,0.9975117064548811,
26.89098358154297,0.9975117064548811,
26.89175796508789,0.9975117064548811,0.9067089706178588
26.892532348632812,0.9975117064548811,
26.893308639526367,0.9975117064548811,0.9067089706178588
26.903377532958984,,0.9067089706178588
26.904150009155273,,0.9067089706178588
26.91111946105957,,0.9061503082822968
26.914215087890625,,0.9061503082822968
26.914989471435547,,0.9061503082822968
26.91576385498047,,0.9061503082822968
26.91653823852539,,0.9061503082822968
26.921955108642578,0.9971211380498474,
26.940521240234375,,0.9055899184812563
26.945932388305664,,0.9055899184812563
26.946706771850586,,0.9055899184812563
26.947479248046875,,0.9050288342690621
26.948251724243164,,0.9050288342690621
26.949026107788086,,0.9050288342690621
26.949798583984375,,0.9050288342690621
26.950571060180664,,0.9050288342690621
26.952117919921875,,0.9050288342690621
26.953664779663086,,0.9044660053920287
26.954437255859375,,0.9044660053920287
26.955209732055664,,0.9044660053920287
26.95984649658203,,0.9044660053920287
26.973752975463867,,0.9039021238425318
26.97684097290039,0.9971211380498474,
26.977615356445312,0.9971211380498474,
26.97838592529297,0.9971211380498474,0.9033382422930355
26.979930877685547,0.9971211380498474,
26.980703353881836,0.9971211380498474,
26.981475830078125,,0.9027743607435393
26.98379135131836,,0.9022104791940432
27.002315521240234,,0.901646597644547
27.00308609008789,,0.901646597644547
27.003856658935547,,0.901646597644547
27.004629135131836,,0.9010816561673257
27.005401611328125,,0.9010816561673257
27.016199111938477,,0.9010816561673257
27.028533935546875,,0.9010816561673257
27.030847549438477,,0.9010816561673257
27.0316162109375,,0.9010816561673257
27.04933738708496,,0.9005127914854018
27.050107955932617,,0.8999439268034775
27.061656951904297,,0.8993750621215544
27.074743270874023,0.9971211380498474,
27.083974838256836,,0.8988061974396305
27.08628273010254,,0.8988061974396305
27.087051391601562,,0.8988061974396305
27.087820053100586,,0.8988061974396305
27.08858871459961,,0.8988061974396305
27.118566513061523,,0.8982348012556259
27.122407913208008,,0.897663405071621
27.14006805419922,,0.897092008887616
27.168455123901367,,0.896520612703611
27.171524047851562,,0.8959492165196062
27.181488037109375,,0.8953778203356016
27.194515228271484,,0.8942350279675917
27.195281982421875,,0.8936629006304403
27.203706741333008,,0.8936629006304403
27.215957641601562,,0.8930889360186028
27.21672248840332,,0.8925149714067658
27.226673126220703,,0.8925149714067658
27.232027053833008,0.9971211380498474,
27.233558654785156,,0.8919406374483315
27.240442276000977,,0.8913663034898978
27.257261276245117,,0.8913663034898978
27.264904022216797,,0.8913663034898978
27.276363372802734,,0.8913663034898978
27.30994987487793,,0.8913663034898978
27.316814422607422,,0.890790485464387
27.322153091430664,,0.8902146674388766
27.32672691345215,,0.8896388494133664
27.34044647216797,,0.8896388494133664
27.358728408813477,0.9971211380498474,
27.35948944091797,0.9971211380498474,
27.36253547668457,,0.8896388494133664
27.363296508789062,,0.8896388494133664
27.367103576660156,,0.8896388494133664
27.36786460876465,,0.8896388494133664
27.36862564086914,,0.8896388494133664
27.369386672973633,,0.8896388494133664
27.37851905822754,,0.8890566250354778
27.383085250854492,,0.8890566250354778
27.385366439819336,,0.8890566250354778
27.386127471923828,,0.8884736370846349
27.38688850402832,0.9971211380498474,
27.389171600341797,0.9971211380498474,
27.39145278930664,0.9971211380498474,0.8884736370846349
27.393733978271484,0.9971211380498474,
27.394495010375977,0.9971211380498474,
27.396015167236328,0.9971211380498474,
27.39677619934082,0.9971211380498474,
27.398296356201172,0.9971211380498474,
27.405139923095703,,0.8884736370846349
27.406660079956055,,0.8884736370846349
27.4119815826416,0.9971211380498474,0.8878894992561774
27.41274070739746,0.9971211380498474,
27.41349983215332,0.9971211380498474,
27.414260864257812,0.9971211380498474,
27.415019989013672,0.9971211380498474,
27.415781021118164,0.9971211380498474,
27.416540145874023,0.9971211380498474,
27.418819427490234,0.9971211380498474,
27.419578552246094,0.9971211380498474,0.8878894992561774
27.420339584350586,0.9971211380498474,
27.421098709106445,0.9971211380498474,
27.421857833862305,,0.8878894992561774
27.422618865966797,0.9971211380498474,
27.423377990722656,0.9971211380498474,0.8878894992561774
27.424137115478516,0.9971211380498474,
27.424898147583008,0.9971211380498474,
27.434770584106445,,0.8873042062441435
27.44540023803711,,0.8873042062441435
27.44615936279297,,0.8867185269000879
27.446918487548828,,0.8867185269000879
27.448436737060547,,0.8867185269000879
27.459819793701172,0.9971211380498474,
27.467405319213867,,0.8861309069352767
27.480297088623047,,0.8861309069352767
27.490907669067383,0.9971211380498474,
27.504545211791992,,0.8861309069352767
27.537853240966797,,0.8855425065986661
27.54541778564453,,0.8849541062620562
27.547685623168945,,0.8849541062620562
27.55600357055664,,0.8849541062620562
27.556758880615234,,0.8843649224363158
27.558271408081055,,0.8843649224363158
27.585472106933594,,0.8843649224363158
27.58622932434082,,0.8843649224363158
27.586984634399414,,0.8843649224363158
27.59075927734375,,0.8843649224363158
27.594533920288086,,0.8837725815639537
27.600574493408203,,0.8831802406915916
27.604347229003906,0.9971211380498474,
27.60811996459961,,0.8825878998192304
27.64130401611328,,0.8825878998192304
27.642810821533203,,0.881995161135671
27.65336036682129,,0.8814024224521122
27.65411376953125,,0.8808096837685534
27.658634185791016,,0.8808096837685534
27.659387588500977,,0.8808096837685534
27.660139083862305,,0.8808096837685534
27.67670440673828,,0.8808096837685534
27.679716110229492,0.9971211380498474,0.8808096837685534
27.68046760559082,0.9971211380498474,
27.691003799438477,,0.8802133332717567
27.70454216003418,,0.8802133332717567
27.7113094329834,,0.8796165784695387
27.715068817138672,0.9971211380498474,
27.732351303100586,,0.8790198236673208
27.73460578918457,,0.8790198236673208
27.736108779907227,,0.8784226634610257
27.74061393737793,,0.8784226634610257
27.741365432739258,,0.877825097023297
27.74286651611328,,0.8772267159073985
27.74361801147461,,0.8760274996177098
27.744369506835938,0.9971211380498474,
27.77138900756836,,0.8760274996177098
27.772138595581055,,0.8760274996177098
27.783388137817383,0.9971211380498474,
27.784137725830078,0.9971211380498474,
27.784887313842773,0.9971211380498474,0.8760274996177098
27.7856388092041,0.9971211380498474,
27.788637161254883,,0.8754266577112502
27.805126190185547,,0.874825815804791
27.806623458862305,,0.874825815804791
27.823101043701172,,0.874825815804791
27.823850631713867,,0.874825815804791
27.82459831237793,,0.874825815804791
27.834331512451172,,0.8742212368028528
27.835081100463867,,0.8736166578009145
27.836576461791992,,0.8724074997970378
27.837326049804688,,0.8718029207950995
27.83807373046875,,0.8718029207950995
27.838821411132812,,0.8711979222379902
27.839570999145508,,0.8699879251237709
27.84406089782715,,0.8693829265666608
27.84480857849121,,0.8693829265666608
27.845556259155273,,0.8693829265666608
27.863506317138672,,0.8693829265666608
27.864253997802734,,0.8693829265666608
27.866497039794922,,0.8693829265666608
27.901613235473633,,0.8693829265666608
27.90683937072754,,0.8693829265666608
27.90907859802246,,0.868772404848566
27.92251205444336,0.9971211380498474,
27.92475128173828,0.9971211380498474,
27.92848014831543,0.9971211380498474,
27.93071746826172,,0.868772404848566
27.93146324157715,,0.868772404848566
27.932954788208008,,0.868772404848566
27.93370246887207,,0.868772404848566
27.934446334838867,,0.868772404848566
27.935192108154297,,0.868772404848566
27.93593978881836,,0.868772404848566
27.937429428100586,,0.868772404848566
27.941904067993164,,0.868772404848566
27.942649841308594,,0.868772404848566
27.943395614624023,,0.8675383531371337
27.94712257385254,0.9971211380498474,
27.95308494567871,,0.8675383531371337
27.96128273010254,,0.8669208881171073
27.96202850341797,,0.8663034230970812
27.967243194580078,,0.8656859580770547
27.967987060546875,,0.8656859580770547
27.968732833862305,,0.8650680523253939
27.969478607177734,,0.8650680523253939
27.971712112426758,,0.8644465953912518
27.973947525024414,0.9971211380498474,
27.97469139099121,0.9971211380498474,
27.975435256958008,0.9971211380498474,
27.98511505126953,0.9971211380498474,
27.985858917236328,0.9971211380498474,
27.986604690551758,0.9971211380498474,
27.987348556518555,0.9971211380498474,
27.98809242248535,0.9971211380498474,
27.98883628845215,0.9971211380498474,
27.992557525634766,0.9971211380498474,0.86382513845711
27.993303298950195,0.9971211380498474,
27.994047164916992,0.9971211380498474,0.86382513845711
27.99479103088379,0.9971211380498474,0.86382513845711
27.995534896850586,0.9971211380498474,0.86382513845711
27.996280670166016,0.9971211380498474,
27.99702262878418,0.9971211380498474,
27.99776840209961,0.9971211380498474,
27.998512268066406,0.9971211380498474,
27.999256134033203,0.9971211380498474,
28.005950927734375,0.9971211380498474,
28.011157989501953,0.9971211380498474,
28.01190185546875,0.9971211380498474,
28.012645721435547,0.9971211380498474,
28.013389587402344,0.9971211380498474,
28.023056030273438,0.9971211380498474,
28.023799896240234,0.9971211380498474,
28.02454376220703,0.9971211380498474,
28.027517318725586,0.9971211380498474,
28.02825927734375,,0.8632023373479127
28.029003143310547,0.9971211380498474,0.8625777336305842
28.029747009277344,,0.8625777336305842
28.030488967895508,0.9971211380498474,0.8625777336305842
28.031232833862305,0.9971211380498474,0.8613248974161608
28.0319766998291,0.9971211380498474,
28.032718658447266,,0.8606975668280935
28.04683494567871,,0.8606975668280935
28.07282066345215,0.9971211380498474,
28.095075607299805,,0.8606975668280935
28.09581756591797,,0.8606975668280935
28.1395320892334,0.9971211380498474,
28.140274047851562,0.9971211380498474,0.8606975668280935
28.141014099121094,0.9971211380498474,0.8606975668280935
28.141754150390625,,0.8594373946951096
28.15433692932129,,0.8588073086286176
28.15581703186035,,0.858177222562125
28.156557083129883,,0.8575466735374649
28.15729522705078,,0.856915660532655
28.166173934936523,,0.856915660532655
28.169132232666016,,0.856915660532655
28.183181762695312,,0.856915660532655
28.1876163482666,,0.8562832504510809
28.198699951171875,0.9971211380498474,
28.200178146362305,,0.8562832504510809
28.20387077331543,,0.8556503729562912
28.204608917236328,,0.8556503729562912
28.20534896850586,,0.8556503729562912
28.206087112426758,,0.8556503729562912
28.21125602722168,,0.8556503729562912
28.21199607849121,,0.8556503729562912
28.214210510253906,,0.8550113510198041
28.225284576416016,,0.8550113510198041
28.244468688964844,,0.8543718511312324
28.249631881713867,0.9971211380498474,
28.250368118286133,0.9971211380498474,
28.25110626220703,0.9971211380498474,
28.25184440612793,0.9971211380498474,0.8543718511312324
28.261428833007812,,0.8543718511312324
28.282060623168945,,0.8543718511312324
28.282798767089844,0.9971211380498474,
28.28353500366211,0.9971211380498474,
28.286479949951172,,0.8543718511312324
28.28721809387207,,0.8543718511312324
28.287954330444336,,0.8543718511312324
28.293107986450195,,0.8543718511312324
28.301942825317383,0.9971211380498474,
28.310039520263672,,0.8537284988336936
28.3129825592041,,0.8537284988336936
28.313718795776367,,0.8530846613534269
28.318134307861328,,0.8530846613534269
28.31886863708496,,0.8530846613534269
28.321075439453125,,0.8530846613534269
28.32181167602539,,0.8530846613534269
28.32328224182129,,0.8530846613534269
28.329166412353516,,0.8530846613534269
28.330636978149414,,0.8530846613534269
28.33137321472168,,0.8530846613534269
28.33357810974121,,0.8530846613534269
28.33872413635254,,0.8530846613534269
28.340930938720703,,0.8530846613534269
28.344606399536133,,0.8530846613534269
28.345340728759766,,0.8530846613534269
28.3460750579834,,0.8530846613534269
28.346811294555664,,0.8530846613534269
28.347545623779297,,0.8530846613534269
28.34827995300293,,0.8530846613534269
28.349016189575195,,0.8524284423831551
28.35048484802246,,0.8524284423831551
28.351953506469727,,0.8524284423831551
28.354894638061523,,0.8524284423831551
28.35636329650879,,0.8517701964817007
28.358566284179688,,0.8517701964817007
28.36077117919922,,0.8517701964817007
28.36591339111328,,0.8511104209615755
28.366647720336914,,0.8511104209615755
28.36811637878418,,0.8504501335907759
28.369585037231445,,0.8497898462199756
28.37105369567871,,0.8497898462199756
28.376192092895508,,0.8491290454064302
28.37912940979004,,0.8491290454064302
28.379863739013672,,0.8491290454064302
28.381332397460938,0.9971211380498474,
28.38279914855957,,0.8491290454064302
28.383533477783203,0.9971211380498474,
28.384267807006836,0.9971211380498474,
28.386470794677734,,0.8491290454064302
28.390872955322266,,0.8491290454064302
28.3916072845459,,0.8491290454064302
28.3923397064209,0.9971211380498474,
28.39307403564453,,0.8491290454064302
28.39674186706543,,0.8491290454064302
28.400409698486328,0.9971211380498474,
28.401878356933594,,0.848460965905717
28.407745361328125,0.9971211380498474,
28.409212112426758,0.9971211380498474,
28.41067886352539,0.9971211380498474,
28.41141128540039,0.9971211380498474,
28.41581153869629,0.9971211380498474,
28.41654396057129,0.9971211380498474,
28.417278289794922,,0.8477928864050036
28.418743133544922,,0.8477928864050036
28.419477462768555,0.9971211380498474,0.8477928864050036
28.420209884643555,0.9971211380498474,0.8477928864050036
28.420942306518555,,0.8477928864050036
28.42534065246582,,0.8477928864050036
28.429737091064453,,0.8477928864050036
28.430471420288086,,0.8477928864050036
28.431203842163086,,0.8477928864050036
28.431936264038086,,0.8471189651916454
28.43633270263672,0.9971211380498474,
28.43999481201172,,0.8471189651916454
28.44146156311035,,0.8471189651916454
28.44219207763672,,0.8471189651916454
28.44292449951172,,0.8471189651916454
28.44365882873535,,0.8471189651916454
28.44438934326172,,0.8471189651916454
28.44512176513672,,0.8471189651916454
28.45098114013672,,0.8471189651916454
28.45464324951172,,0.8464396396381637
28.456838607788086,,0.8464396396381637
28.457571029663086,,0.8464396396381637
28.458303451538086,,0.8464396396381637
28.460498809814453,,0.8464396396381637
28.461231231689453,,0.8464396396381637
28.467819213867188,0.9971211380498474,
28.468549728393555,0.9971211380498474,
28.470014572143555,,0.8464396396381637
28.470745086669922,,0.8464396396381637
28.471477508544922,,0.8457537080015036
28.472209930419922,,0.8457537080015036
28.47367286682129,,0.8457537080015036
28.474403381347656,,0.8450666619348894
28.475135803222656,,0.8450666619348894
28.475866317749023,,0.8450666619348894
28.480257034301758,,0.8443779360490423
28.482450485229492,,0.8443779360490423
28.483182907104492,,0.8443779360490423
28.48391342163086,,0.8443779360490423
28.48464584350586,,0.8443779360490423
28.485376358032227,,0.8443779360490423
28.486106872558594,,0.8443779360490423
28.486839294433594,,0.8443779360490423
28.49561309814453,0.9971211380498474,
28.49634552001953,0.9971211380498474,0.8443779360490423
28.497806549072266,,0.8443779360490423
28.508039474487305,,0.8443779360490423
28.516807556152344,,0.8436812545836551
28.526304244995117,,0.842984573118268
28.527034759521484,,0.8422878916528813
28.53214454650879,0.9971211380498474,
28.532875061035156,0.9971211380498474,
28.540176391601562,,0.8415912101874946
28.547473907470703,,0.8408945287221076
28.548934936523438,,0.8408945287221076
28.551124572753906,,0.8408945287221076
28.55185317993164,,0.8408945287221076
28.553312301635742,,0.8408945287221076
28.556230545043945,,0.8408945287221076
28.556961059570312,,0.8401943667498161
28.563526153564453,,0.8401943667498161
28.564254760742188,,0.8401943667498161
28.564983367919922,,0.8401943667498161
28.56571388244629,,0.8401943667498161
28.578109741210938,,0.8401943667498161
28.581026077270508,,0.8401943667498161
28.581754684448242,0.9971211380498474,
28.582483291625977,0.9971211380498474,
28.58321189880371,0.9971211380498474,
28.585397720336914,0.9971211380498474,
28.58612823486328,0.9971211380498474,
28.591957092285156,,0.8401943667498161
28.59414291381836,,0.8401943667498161
28.594871520996094,,0.8401943667498161
28.595600128173828,,0.8401943667498161
28.597057342529297,,0.8401943667498161
28.60288429260254,,0.8394817336991374
28.607254028320312,,0.8387691006484588
28.61235237121582,,0.8387691006484588
28.617446899414062,0.9971211380498474,
28.6210880279541,,0.8387691006484588
28.622543334960938,,0.8387691006484588
28.62763786315918,,0.8387691006484588
28.641462326049805,,0.8387691006484588
28.642189025878906,,0.8387691006484588
28.644371032714844,,0.8387691006484588
28.645099639892578,,0.8387691006484588
28.66472816467285,,0.8380515907248934
28.674901962280273,,0.8380515907248934
28.675628662109375,,0.8380515907248934
28.676355361938477,,0.8380515907248934
28.677082061767578,,0.8380515907248934
28.67780876159668,,0.83733037593081
28.67853355407715,,0.83733037593081
28.683618545532227,,0.83733037593081
28.690155029296875,,0.8366054145663682
28.691606521606445,,0.8366054145663682
28.693784713745117,,0.8366054145663682
28.729339599609375,,0.8358791945884458
28.732240676879883,,0.8358791945884458
28.73296546936035,,0.8358791945884458
28.734416961669922,,0.8358791945884458
28.738040924072266,,0.8351504420212371
28.739490509033203,,0.8351504420212371
28.74166488647461,,0.8344210529889037
28.767024993896484,,0.8336916639565706
28.76774787902832,,0.832232885891905
28.76847267150879,,0.8315034968595723
28.789464950561523,0.9971211380498474,
28.790189743041992,0.9971211380498474,
28.791635513305664,0.9971211380498474,
28.79525375366211,0.9971211380498474,
28.795976638793945,0.9971211380498474,
28.808996200561523,0.9971211380498474,
28.810443878173828,,0.830773467450565
28.825626373291016,0.9971211380498474,
28.82634735107422,0.9971211380498474,
28.827070236206055,0.9971211380498474,
28.82779312133789,0.9971211380498474,
28.86751365661621,0.9971211380498474,
28.873287200927734,0.9971211380498474,
28.874008178710938,0.9971211380498474,0.830773467450565
28.87472915649414,0.9971211380498474,
28.875452041625977,,0.8300427959752348
28.876171112060547,0.9971211380498474,
28.877614974975586,0.9971211380498474,
28.87833595275879,0.9971211380498474,0.8300427959752348
28.879058837890625,0.9971211380498474,
28.879779815673828,0.9971211380498474,
28.89276123046875,0.9971211380498474,
28.893482208251953,0.9971211380498474,
28.894203186035156,0.9971211380498474,
28.89492416381836,0.9971211380498474,
28.906457901000977,0.9971211380498474,0.8300427959752348
28.908620834350586,0.9971211380498474,0.8300427959752348
28.90934181213379,,0.8300427959752348
28.910062789916992,0.9971211380498474,
28.910781860351562,,0.8300427959752348
28.911502838134766,0.9971211380498474,
28.91294288635254,,0.8293069424327034
28.913663864135742,,0.8293069424327034
28.914384841918945,,0.8293069424327034
28.91582679748535,0.9971211380498474,
28.917987823486328,0.9971211380498474,
28.920148849487305,,0.8285658280963026
28.939592361450195,,0.8285658280963026
28.94103240966797,,0.8285658280963026
28.94175148010254,,0.8285658280963026
28.944631576538086,0.9971211380498474,
28.98778533935547,,0.8285658280963026
28.989221572875977,,0.8285658280963026
29.00071907043457,,0.8285658280963026
29.0064640045166,0.9971211380498474,
29.012928009033203,,0.8278200442726333
29.02872085571289,,0.8278200442726333
29.029438018798828,0.9971211380498474,0.8278200442726333
29.0301570892334,0.9971211380498474,0.8278200442726333
29.030874252319336,,0.8278200442726333
29.031591415405273,,0.8278200442726333
29.03948402404785,,0.8278200442726333
29.04020118713379,,0.8278200442726333
29.04092025756836,,0.8278200442726333
29.043071746826172,,0.8278200442726333
29.050243377685547,,0.8270626608835456
29.0595645904541,0.9971211380498474,
29.06028175354004,0.9971211380498474,
29.061716079711914,0.9971211380498474,
29.06243324279785,0.9971211380498474,0.8270626608835456
29.06960105895996,0.9971211380498474,
29.07175064086914,0.9971211380498474,
29.0760498046875,,0.8270626608835456
29.076765060424805,,0.8270626608835456
29.084646224975586,,0.8270626608835456
29.088943481445312,,0.8270626608835456
29.108274459838867,,0.8270626608835456
29.155473709106445,,0.8270626608835456
29.15618896484375,,0.8270626608835456
29.156902313232422,,0.8270626608835456
29.157617568969727,,0.8262947289792899
29.182615280151367,0.9971211380498474,
29.2054500579834,0.9971211380498474,
29.206876754760742,,0.8262947289792899
29.23895835876465,,0.8255260827197748
29.24180793762207,,0.8255260827197748
29.245370864868164,0.9971211380498474,
29.246793746948242,0.9971211380498474,
29.247507095336914,0.9971211380498474,
29.253917694091797,0.9971211380498474,
29.254629135131836,0.9971211380498474,
29.256053924560547,0.9971211380498474,
29.268869400024414,0.9971211380498474,
29.269580841064453,0.9971211380498474,
29.28096580505371,,0.8255260827197748
29.284523010253906,,0.8247560024187301
29.286657333374023,0.9971211380498474,
29.287368774414062,0.9971211380498474,0.8239852024164698
29.29021453857422,,0.8239852024164698
29.290925979614258,,0.8239852024164698
29.292348861694336,,0.8239852024164698
29.293058395385742,,0.8239852024164698
29.29376983642578,,0.8232115073907271
29.298748016357422,,0.8232115073907271
29.34564208984375,0.9971211380498474,
29.34777069091797,0.9971211380498474,
29.348480224609375,0.9971211380498474,
29.35416030883789,,0.8232115073907271
29.355579376220703,,0.8232115073907271
29.35628890991211,,0.8232115073907271
29.356998443603516,,0.8232115073907271
29.358417510986328,,0.8232115073907271
29.369768142700195,,0.8224326885568664
29.37473487854004,0.9971211380498474,
29.376861572265625,0.9971211380498474,
29.37757110595703,0.9971211380498474,
29.405216217041016,,0.8224326885568664
29.42787742614746,,0.8224326885568664
29.43354034423828,,0.8224326885568664
29.43708038330078,0.9971211380498474,
29.437788009643555,0.9971211380498474,
29.438495635986328,0.9971211380498474,
29.4392032623291,,0.8216516508659295
29.45264434814453,,0.8216516508659295
29.458303451538086,0.996620826390013,
29.485872268676758,0.996620826390013,0.8216516508659295
29.4865779876709,0.996620826390013,
29.4901123046875,0.996620826390013,
29.49081802368164,0.996620826390013,
29.49152374267578,0.996620826390013,
29.492231369018555,0.996620826390013,
29.49576187133789,0.996620826390013,
29.496469497680664,0.996620826390013,
29.517650604248047,,0.8216516508659295
29.52470588684082,0.996620826390013,
29.525413513183594,0.996620826390013,
29.526823043823242,,0.8216516508659295
29.534584045410156,,0.8216516508659295
29.543752670288086,0.996620826390013,
29.544458389282227,0.996620826390013,
29.56560516357422,,0.8216516508659295
29.56631088256836,,0.8216516508659295
29.569128036499023,,0.8216516508659295
29.579694747924805,,0.8216516508659295
29.580398559570312,,0.8216516508659295
29.581104278564453,,0.8216516508659295
29.58251190185547,,0.8216516508659295
29.584625244140625,,0.8216516508659295
29.602224349975586,,0.8216516508659295
29.602928161621094,,0.8216516508659295
29.6036319732666,,0.8216516508659295
29.60433578491211,,0.8216516508659295
29.605037689208984,,0.8216516508659295
29.61559295654297,,0.8216516508659295
29.62755012512207,0.996620826390013,
29.628252029418945,0.996620826390013,0.8216516508659295
29.628955841064453,0.996620826390013,0.8216516508659295
29.63176727294922,,0.8216516508659295
29.632471084594727,,0.8216516508659295
29.63387680053711,,0.8216516508659295
29.634580612182617,,0.8216516508659295
29.635282516479492,,0.8216516508659295
29.635986328125,,0.8216516508659295
29.636688232421875,,0.8216516508659295
29.64582633972168,,0.8216516508659295
29.650745391845703,,0.8216516508659295
29.652149200439453,,0.8216516508659295
29.65496063232422,,0.8216516508659295
29.65636444091797,,0.8216516508659295
29.661983489990234,0.996620826390013,
29.662687301635742,0.996620826390013,
29.663389205932617,0.996620826390013,
29.664091110229492,0.996620826390013,
29.672517776489258,,0.8216516508659295
29.673219680786133,,0.8216516508659295
29.67392349243164,,0.8216516508659295
29.674623489379883,,0.8216516508659295
29.68234634399414,,0.8216516508659295
29.683048248291016,,0.8216516508659295
29.68515396118164,,0.8216516508659295
29.698484420776367,0.996620826390013,
29.699186325073242,0.996620826390013,
29.699888229370117,0.996620826390013,
29.70549964904785,0.996620826390013,
29.70690155029297,,0.8216516508659295
29.714614868164062,,0.8208250395471509
29.744747161865234,,0.8208250395471509
29.746849060058594,,0.8199950850076695
29.747549057006836,,0.8199950850076695
29.748249053955078,,0.8191626026878644
29.74894905090332,,0.8191626026878644
29.749650955200195,,0.8191626026878644
29.750349044799805,,0.8191626026878644
29.75105094909668,,0.8191626026878644
29.751750946044922,,0.8191626026878644
29.781845092773438,,0.8191626026878644
29.78394317626953,,0.8191626026878644
29.78744125366211,0.996620826390013,
29.78814125061035,0.996620826390013,0.8191626026878644
29.789539337158203,0.996620826390013,
29.790239334106445,0.996620826390013,
29.79233741760254,0.996620826390013,
29.79373550415039,0.996620826390013,
29.79443359375,0.996620826390013,
29.797231674194336,,0.8191626026878644
29.798629760742188,0.996620826390013,
29.80072593688965,,0.8191626026878644
29.802824020385742,,0.8183198428085563
29.804222106933594,,0.8174770829292477
29.815404891967773,0.996620826390013,
29.816102981567383,0.996620826390013,
29.816802978515625,0.996620826390013,
29.8174991607666,0.996620826390013,0.8174770829292477
29.824485778808594,,0.8166334533287011
29.827978134155273,0.996620826390013,0.8166334533287011
29.828678131103516,0.996620826390013,
29.829376220703125,0.996620826390013,
29.83705711364746,0.996620826390013,
29.83845329284668,0.996620826390013,
29.83915138244629,0.996620826390013,
29.83985137939453,0.996620826390013,
29.840547561645508,0.996620826390013,
29.84962272644043,0.996620826390013,
29.85101890563965,0.996620826390013,
29.851716995239258,0.996620826390013,
29.85660171508789,0.996620826390013,
29.8572998046875,0.996620826390013,
29.89983367919922,,0.8166334533287011
29.910980224609375,,0.8166334533287011
29.923513412475586,,0.8166334533287011
29.94647979736328,,0.8166334533287011
29.947175979614258,,0.8166334533287011
29.947872161865234,,0.8166334533287011
29.948566436767578,,0.8166334533287011
29.949262619018555,,0.8166334533287011
29.95134925842285,,0.8166334533287011
29.957609176635742,,0.8166334533287011
29.958999633789062,,0.8166334533287011
29.96108627319336,,0.8166334533287011
29.973600387573242,,0.8166334533287011
29.984024047851562,0.996620826390013,
30.013885498046875,,0.8157711159967803
30.015968322753906,,0.8149087786648603
30.025684356689453,,0.8149087786648603
30.027070999145508,,0.8140446124096483
30.028457641601562,,0.8140446124096483
30.02984619140625,,0.8131795278056002
30.032621383666992,,0.8123144432015517
30.034008026123047,,0.8123144432015517
30.06174087524414,,0.8123144432015517
30.062435150146484,,0.8114475120988817
30.06451416015625,,0.8105805809962126
30.065898895263672,,0.8097136498935428
30.066593170166016,,0.8097136498935428
30.087371826171875,,0.8088457896042676
30.092220306396484,,0.8088457896042676
30.092910766601562,,0.8088457896042676
30.093603134155273,,0.8088457896042676
30.094297409057617,,0.8088457896042676
30.095680236816406,,0.8088457896042676
30.097064971923828,,0.8088457896042676
30.09844970703125,,0.8088457896042676
30.100526809692383,,0.8088457896042676
30.10121726989746,,0.8088457896042676
30.103986740112305,,0.8088457896042676
30.104679107666016,0.996620826390013,
30.112289428710938,,0.8088457896042676
30.113672256469727,,0.8088457896042676
30.11505699157715,,0.8088457896042676
30.11574935913086,,0.8088457896042676
30.116439819335938,,0.8088457896042676
30.11713218688965,,0.8088457896042676
30.11782455444336,,0.8088457896042676
30.11989974975586,,0.8088457896042676
30.124048233032227,,0.8088457896042676
30.126815795898438,,0.8088457896042676
30.130964279174805,,0.8088457896042676
30.131656646728516,,0.8088457896042676
30.133037567138672,,0.8088457896042676
30.13442039489746,,0.8088457896042676
30.135112762451172,,0.8088457896042676
30.141334533691406,,0.8079420512918601
30.143407821655273,,0.8079420512918601
30.14409828186035,,0.8079420512918601
30.14478874206543,,0.8079420512918601
30.160680770874023,,0.8079420512918601
30.163442611694336,,0.8070332300868074
30.204166412353516,,0.8061244088817544
30.233121871948242,0.996620826390013,
30.24001121520996,,0.8061244088817544
30.24070167541504,,0.8061244088817544
30.241390228271484,,0.8061244088817544
30.24207878112793,,0.8061244088817544
30.242767333984375,,0.8061244088817544
30.259296417236328,,0.8061244088817544
30.259984970092773,,0.8061244088817544
30.26067352294922,,0.8061244088817544
30.261362075805664,,0.8061244088817544
30.268932342529297,0.996620826390013,0.8061244088817544
30.269620895385742,,0.8061244088817544
30.270309448242188,,0.8061244088817544
30.273061752319336,,0.8061244088817544
30.310888290405273,,0.8061244088817544
30.31226348876953,,0.8061244088817544
30.312950134277344,,0.8061244088817544
30.31363868713379,,0.8061244088817544
30.33424949645996,,0.8051826747592289
30.340429306030273,,0.8051826747592289
30.341115951538086,,0.8051826747592289
30.34248924255371,,0.8042376246714839
30.343175888061523,,0.8042376246714839
30.343862533569336,,0.8042376246714839
30.382286071777344,0.996620826390013,
30.38434410095215,0.996620826390013,
30.429563522338867,,0.803289231246164
30.463092803955078,0.996620826390013,
30.48018455505371,0.996620826390013,
30.540273666381836,0.996620826390013,
30.59071159362793,,0.8023408378208432
30.602968215942383,,0.8013924443955235
30.62202262878418,,0.8013924443955235
30.624744415283203,,0.8013924443955235
30.625425338745117,,0.8013924443955235
30.627466201782227,,0.8013924443955235
30.633586883544922,,0.8013924443955235
30.634267807006836,,0.8013924443955235
30.634946823120117,,0.8013924443955235
30.639026641845703,,0.8013924443955235
30.65398406982422,,0.8013924443955235
30.656021118164062,,0.8013924443955235
30.656700134277344,,0.8013924443955235
30.662817001342773,,0.8013924443955235
30.679798126220703,,0.8013924443955235
30.681835174560547,,0.8004234087916593
30.685909271240234,,0.8004234087916593
30.686588287353516,,0.8004234087916593
30.689302444458008,,0.8004234087916593
30.68998146057129,,0.8004234087916593
30.704235076904297,,0.8004234087916593
30.735429763793945,0.996620826390013,
30.738819122314453,,0.8004234087916593
30.78487205505371,,0.8004234087916593
30.78554916381836,,0.8004234087916593
30.786226272583008,,0.8004234087916593
30.786901473999023,,0.8004234087916593
30.803138732910156,,0.8004234087916593
30.803813934326172,,0.8004234087916593
30.80449104309082,,0.8004234087916593
30.805843353271484,0.996620826390013,
30.806520462036133,0.996620826390013,
30.816661834716797,,0.8004234087916593
30.833559036254883,,0.7994327857609771
30.83558464050293,,0.7994327857609771
30.923965454101562,,0.7994327857609771
30.925987243652344,,0.7994327857609771
30.926660537719727,,0.7994327857609771
30.92733383178711,,0.7994327857609771
30.928009033203125,,0.7994327857609771
30.928680419921875,,0.7994327857609771
30.92935562133789,,0.7994327857609771
30.952247619628906,,0.7984259434615294
30.98924446105957,,0.7984259434615294
30.989917755126953,,0.7984259434615294
31.004703521728516,,0.7984259434615294
31.00604820251465,0.996620826390013,
31.00739097595215,,0.7984259434615294
31.012094497680664,,0.7984259434615294
31.02149772644043,,0.7984259434615294
31.026870727539062,,0.7974114251089736
31.027542114257812,,0.7974114251089736
31.028213500976562,,0.7974114251089736
31.028884887695312,,0.7974114251089736
31.030227661132812,,0.7974114251089736
31.030899047851562,,0.7974114251089736
31.03358268737793,,0.7974114251089736
31.034255981445312,,0.7974114251089736
31.034927368164062,,0.7974114251089736
31.03626823425293,,0.7974114251089736
31.06646156311035,,0.7974114251089736
31.112028121948242,,0.7974114251089736
31.11336898803711,,0.7974114251089736
31.126087188720703,,0.7974114251089736
31.130102157592773,,0.7963771690452783
31.142147064208984,,0.7953429129815838
31.156192779541016,,0.7953429129815838
31.1568603515625,,0.7953429129815838
31.157529830932617,,0.7953429129815838
31.1581974029541,,0.7953429129815838
31.16020393371582,,0.7953429129815838
31.160873413085938,,0.7953429129815838
31.16956329345703,,0.7953429129815838
31.204967498779297,,0.7953429129815838
31.214981079101562,,0.7953429129815838
31.240331649780273,,0.7942950303557843
31.243000030517578,,0.7942950303557843
31.244333267211914,,0.7942950303557843
31.246999740600586,,0.7942950303557843
31.249000549316406,,0.7942950303557843
31.28830909729004,,0.7942950303557843
31.334218978881836,,0.7942950303557843
31.334884643554688,,0.7942950303557843
31.33555030822754,,0.7942950303557843
31.33687973022461,,0.7942950303557843
31.337543487548828,,0.7942950303557843
31.33953857421875,,0.7942950303557843
31.363460540771484,,0.7942950303557843
31.372095108032227,,0.7932245518782156
31.399972915649414,0.996620826390013,
31.445720672607422,,0.7932245518782156
31.446382522583008,,0.7932245518782156
31.447046279907227,,0.7932245518782156
31.447708129882812,,0.7932245518782156
31.449033737182617,,0.7932245518782156
31.454994201660156,,0.7932245518782156
31.455656051635742,,0.7932245518782156
31.456981658935547,,0.7932245518782156
31.468900680541992,,0.7932245518782156
31.48412322998047,,0.7932245518782156
31.5079345703125,0.996620826390013,
31.596412658691406,,0.7932245518782156
31.599050521850586,,0.7932245518782156
31.660306930541992,,0.7932245518782156
31.811946868896484,0.996620826390013,
31.858409881591797,0.996620826390013,
31.86821746826172,0.996065915016744,
31.872793197631836,,0.7921304490480385
31.878023147583008,0.996065915016744,
31.87867546081543,,0.7921304490480385
31.879329681396484,0.996065915016744,0.7910348329359386
31.87998390197754,0.996065915016744,
31.90219497680664,,0.7910348329359386
31.944612503051758,,0.78993769724532
32.037086486816406,,0.78993769724532
32.06958770751953,,0.788839035635799
32.1059455871582,,0.788839035635799
32.10789108276367,,0.788839035635799
32.10853958129883,,0.788839035635799
32.10983657836914,,0.788839035635799
32.18048095703125,,0.7877342190592785
32.22317886352539,,0.7866294024827579
32.265174865722656,,0.7866294024827579
32.47691345214844,,0.7866294024827579
32.48461151123047,0.996065915016744,
32.546119689941406,,0.7855214737468664
32.60432052612305,0.996065915016744,
32.648380279541016,,0.7855214737468664
32.649017333984375,,0.7844119801398798
32.713401794433594,0.996065915016744,
32.71403884887695,0.996065915016744,
32.71467590332031,0.996065915016744,0.7844119801398798
32.71595001220703,0.996065915016744,
32.725502014160156,0.996065915016744,
32.72677230834961,0.996065915016744,
32.72740936279297,0.996065915016744,0.7844119801398798
32.72868347167969,0.996065915016744,
32.74077606201172,0.996065915016744,
32.74140930175781,0.996065915016744,
32.81767654418945,0.996065915016744,
32.872859954833984,,0.7844119801398798
32.882999420166016,,0.7844119801398798
32.895668029785156,0.996065915016744,
32.89630126953125,0.996065915016744,
32.89756774902344,,0.7832961736247445
32.898834228515625,,0.7832961736247445
32.90010070800781,,0.7832961736247445
32.90263366699219,,0.7832961736247445
32.90833282470703,0.996065915016744,
32.908966064453125,0.996065915016744,
32.90959930419922,0.996065915016744,
32.91023254394531,0.996065915016744,
32.910865783691406,0.996065915016744,
32.911495208740234,0.996065915016744,
32.912132263183594,0.996065915016744,
32.91276168823242,0.996065915016744,
32.913394927978516,,0.7832961736247445
32.920989990234375,0.996065915016744,
32.92478561401367,0.996065915016744,0.7832961736247445
32.92542266845703,0.996065915016744,0.7832961736247445
32.92605209350586,0.996065915016744,
32.92731857299805,0.996065915016744,
32.92795181274414,0.996065915016744,
32.93238067626953,0.996065915016744,
32.93743896484375,,0.7832961736247445
32.93933868408203,,0.7832961736247445
32.96336364746094,0.996065915016744,
32.96399688720703,0.996065915016744,0.7832961736247445
32.96525955200195,0.996065915016744,
32.96589279174805,0.996065915016744,
32.98358154296875,,0.7832961736247445
32.9930534362793,0.996065915016744,
32.99368667602539,,0.7832961736247445
32.995582580566406,0.996065915016744,
32.996212005615234,0.996065915016744,
33.017669677734375,,0.7832961736247445
33.01830291748047,,0.7832961736247445
33.0189323425293,,0.7832961736247445
33.13545608520508,0.996065915016744,
33.146141052246094,,0.7821560045219427
33.18383026123047,,0.7810158354191415
33.25031280517578,0.996065915016744,
33.29289245605469,,0.7810158354191415
33.31791305541992,,0.7810158354191415
33.341041564941406,,0.7798723276074007
33.46577835083008,0.996065915016744,
33.47013473510742,,0.7787288197956591
33.524864196777344,0.9954491559362387,
33.53667068481445,,0.777585311983918
33.53791427612305,,0.777585311983918
33.538536071777344,,0.777585311983918
33.53915786743164,,0.777585311983918
33.5478515625,,0.777585311983918
33.55467987060547,,0.777585311983918
33.624149322509766,,0.777585311983918
33.63034439086914,,0.777585311983918
33.63282012939453,,0.777585311983918
33.643348693847656,,0.777585311983918
33.665016174316406,,0.777585311983918
33.726226806640625,0.9954491559362387,0.777585311983918
33.726844787597656,0.9954491559362387,0.777585311983918
33.74907302856445,,0.7764053646212717
33.75463104248047,,0.7764053646212717
33.77499008178711,,0.7764053646212717
33.80397033691406,0.9948304802644323,
33.83353805541992,0.9948304802644323,
33.83477020263672,0.9948304802644323,
33.83538818359375,0.9948304802644323,0.7764053646212717
33.849544525146484,0.9948304802644323,
33.85323715209961,,0.7752182004551841
33.868003845214844,0.9948304802644323,
33.91840744018555,,0.7752182004551841
33.9263916015625,,0.7752182004551841
34.082618713378906,0.9948304802644323,
34.1491813659668,,0.7740273890873576
34.15833282470703,,0.7740273890873576
34.15955352783203,,0.7728347428792102
34.19124984741211,0.9948304802644323,0.7728347428792102
34.19186019897461,0.9948304802644323,
34.20221710205078,0.9948304802644323,
34.20282745361328,0.9948304802644323,
34.203433990478516,0.9948304802644323,
34.204654693603516,0.9948304802644323,0.7728347428792102
34.20526123046875,0.9948304802644323,
34.216224670410156,,0.7728347428792102
34.23387908935547,0.9948304802644323,
34.23631286621094,0.9948304802644323,
34.23691940307617,0.9948304802644323,
34.24604415893555,0.9948304802644323,
34.26307678222656,,0.7716365494793977
34.26428985595703,0.9948304802644323,
34.27098083496094,,0.7716365494793977
34.274017333984375,0.9948304802644323,
34.276451110839844,0.9948304802644323,
34.27766418457031,0.9948304802644323,
34.27827453613281,,0.7716365494793977
34.27948760986328,,0.7716365494793977
34.29164123535156,0.9948304802644323,
34.2928581237793,0.9948304802644323,
34.31229019165039,0.9948304802644323,
34.3189697265625,,0.7716365494793977
34.33899688720703,0.9948304802644323,
34.36871337890625,,0.7716365494793977
34.390525817871094,0.9948304802644323,
34.40264129638672,0.9948304802644323,
34.40324783325195,0.9948304802644323,
34.404457092285156,0.9948304802644323,
34.40808868408203,0.9948304802644323,
34.408695220947266,0.9948304802644323,0.7716365494793977
34.414146423339844,0.9948304802644323,
34.41474914550781,0.9948304802644323,
34.41596221923828,0.9948304802644323,
34.41656494140625,0.9948304802644323,0.7704251891191477
34.41898727416992,0.9948304802644323,
34.419593811035156,0.9948304802644323,
34.420196533203125,0.9948304802644323,
34.42504119873047,0.9948304802644323,0.7704251891191477
34.42564392089844,0.9948304802644323,
34.42625045776367,0.9948304802644323,0.7704251891191477
34.46072769165039,,0.7704251891191477
34.48671340942383,,0.7704251891191477
34.496978759765625,,0.7692061619211739
34.516902923583984,,0.7692061619211739
34.5211296081543,,0.7679851997593945
34.53440475463867,,0.7679851997593945
34.53500747680664,,0.7679851997593945
34.53621292114258,0.9948304802644323,0.7679851997593945
34.53681564331055,,0.7679851997593945
34.537418365478516,,0.7679851997593945
34.54646682739258,,0.7667485086164649
34.56756591796875,,0.7655118174735349
34.60070037841797,,0.7655118174735349
34.61033248901367,0.9948304802644323,0.7655118174735349
34.610931396484375,0.9948304802644323,
34.611534118652344,0.9948304802644323,
34.61213684082031,0.9948304802644323,
34.61334228515625,0.9948304802644323,
34.65484619140625,,0.7655118174735349
34.65544509887695,,0.7655118174735349
34.65604782104492,,0.7655118174735349
34.65665054321289,,0.7655118174735349
34.657249450683594,,0.7655118174735349
34.725711822509766,,0.7642506777412883
34.77127456665039,,0.7642506777412883
34.78145980834961,,0.7642506777412883
34.8407096862793,,0.7642506777412883
34.841304779052734,,0.7642506777412883
34.84250259399414,,0.7642506777412883
34.84967803955078,0.9948304802644323,
34.85087203979492,0.9948304802644323,
34.851470947265625,0.9948304802644323,
34.85206604003906,0.9948304802644323,
34.854461669921875,0.9948304802644323,
34.85505676269531,0.9948304802644323,
34.855655670166016,0.9948304802644323,
34.97499084472656,,0.7642506777412883
34.986305236816406,0.9948304802644323,
34.99225997924805,,0.7642506777412883
34.99583435058594,0.9948304802644323,
35.02201461791992,0.9948304802644323,
35.022613525390625,0.9948304802644323,
35.02499008178711,0.9948304802644323,
35.02677536010742,0.9948304802644323,
35.0279655456543,0.9948304802644323,
35.03272247314453,0.9948304802644323,
35.03331756591797,0.9948304802644323,
35.03510284423828,0.9948304802644323,
35.03569793701172,0.9948304802644323,0.7642506777412883
35.03628921508789,0.9948304802644323,
35.03688430786133,0.9948304802644323,
35.03866958618164,0.9948304802644323,0.7642506777412883
35.03926467895508,0.9948304802644323,
35.041046142578125,,0.7642506777412883
35.04164123535156,,0.7642506777412883
35.042236328125,0.9948304802644323,0.7642506777412883
35.04283142089844,0.9948304802644323,0.7642506777412883
35.04402160644531,,0.7642506777412883
35.050559997558594,0.9948304802644323,0.7642506777412883
35.05115509033203,0.9948304802644323,0.7642506777412883
35.054718017578125,,0.7642506777412883
35.101043701171875,,0.7642506777412883
35.11766052246094,0.9948304802644323,
35.11884689331055,0.9948304802644323,
35.11943817138672,0.9948304802644323,
35.1822624206543,,0.7642506777412883
35.183448791503906,,0.7642506777412883
35.18522262573242,0.9948304802644323,
35.185813903808594,0.9948304802644323,
35.18640899658203,0.9948304802644323,
35.208309173583984,0.9948304802644323,
35.213043212890625,0.9948304802644323,
35.2136344909668,0.9948304802644323,
35.21540832519531,,0.7642506777412883
35.215999603271484,0.9948304802644323,
35.224281311035156,,0.7642506777412883
35.2254638671875,,0.7642506777412883
35.226646423339844,0.9948304802644323,
35.227237701416016,0.9948304802644323,0.7642506777412883
35.22782897949219,0.9948304802644323,0.7642506777412883
35.23847198486328,0.9948304802644323,
35.23906326293945,0.9948304802644323,0.7642506777412883
35.245567321777344,0.9948304802644323,
35.2845573425293,0.9948304802644323,
35.3376579284668,0.9948304802644323,
35.34944534301758,0.9948304802644323,
35.35003662109375,0.9948304802644323,
35.350624084472656,0.9948304802644323,
35.35121536254883,,0.7642506777412883
35.351802825927734,0.9948304802644323,
35.35533905029297,0.9948304802644323,
35.378902435302734,,0.7642506777412883
35.4471435546875,,0.7629122352233527
35.453609466552734,,0.7629122352233527
35.46535873413086,0.9948304802644323,
35.50997543334961,,0.7629122352233527
35.51701354980469,,0.7615690798796491
35.546329498291016,0.9948304802644323,
35.54691696166992,0.9948304802644323,
35.54750442504883,0.9948304802644323,
35.55219268798828,0.9948304802644323,
35.55277633666992,0.9948304802644323,
35.55336380004883,0.9948304802644323,
35.553951263427734,0.9948304802644323,
35.554534912109375,0.9948304802644323,0.7615690798796491
35.557464599609375,,0.7615690798796491
35.55805206298828,0.9948304802644323,
35.55863571166992,0.9948304802644323,0.7615690798796491
35.55922317504883,0.9948304802644323,
35.64933395385742,0.9948304802644323,
35.66569137573242,0.9948304802644323,
35.6750373840332,,0.7602187800926283
35.679710388183594,,0.7602187800926283
35.68613052368164,,0.7602187800926283
35.734554290771484,,0.7602187800926283
35.735137939453125,0.9948304802644323,
35.7357177734375,0.9948304802644323,
35.73630142211914,0.9948304802644323,
35.73688507080078,0.9948304802644323,
35.73746871948242,0.9948304802644323,0.7602187800926283
35.742713928222656,,0.7602187800926283
35.759033203125,,0.7588563808451508
35.76951599121094,0.9948304802644323,
35.77009963989258,0.9948304802644323,0.7588563808451508
35.77067947387695,0.9948304802644323,
35.77650451660156,0.9948304802644323,
35.7770881652832,0.9948304802644323,
35.77766799926758,0.9948304802644323,
35.77825164794922,0.9948304802644323,
35.77883529663086,0.9948304802644323,
35.80561065673828,0.9948304802644323,
35.806190490722656,0.9948304802644323,0.7588563808451508
35.81084442138672,,0.7574866039844195
35.84050369262695,0.9948304802644323,
35.847476959228516,0.9948304802644323,
35.85154724121094,,0.7574866039844195
35.860843658447266,,0.7574866039844195
35.86142349243164,,0.7574866039844195
35.89800262451172,,0.756109355613539
35.92700958251953,,0.756109355613539
35.927589416503906,0.9948304802644323,
35.92816925048828,0.9948304802644323,
35.928749084472656,0.9948304802644323,
35.93048858642578,0.9948304802644323,
35.931068420410156,0.9948304802644323,
35.93164825439453,0.9948304802644323,
35.946720123291016,0.9948304802644323,
35.94729995727539,0.9948304802644323,
35.94845962524414,0.9948304802644323,
35.949039459228516,0.9948304802644323,
35.954254150390625,0.9948304802644323,
35.95541000366211,0.9948304802644323,
35.95599365234375,0.9948304802644323,
36.00694274902344,,0.756109355613539
36.010414123535156,0.9948304802644323,0.756109355613539
36.011573791503906,,0.756109355613539
36.01272964477539,0.9948304802644323,
36.0219841003418,0.9948304802644323,
36.023719787597656,0.9948304802644323,0.756109355613539
36.03065872192383,0.9948304802644323,
36.03181457519531,0.9948304802644323,
36.03239440917969,0.9948304802644323,0.756109355613539
36.03412628173828,0.9948304802644323,0.756109355613539
36.034706115722656,0.9948304802644323,
36.03643798828125,0.9948304802644323,
36.03817367553711,0.9948304802644323,
36.046844482421875,,0.756109355613539
36.05320358276367,0.9948304802644323,
36.05435562133789,0.9948304802644323,
36.054935455322266,0.9948304802644323,
36.055511474609375,0.9948304802644323,
36.05666732788086,,0.756109355613539
36.08496856689453,,0.756109355613539
36.09074020385742,,0.7547039478893504
36.139198303222656,,0.7547039478893504
36.157066345214844,,0.7547039478893504
36.18528747558594,0.9940256012350929,
36.18586349487305,,0.7547039478893504
36.204280853271484,,0.7547039478893504
36.20600891113281,,0.7547039478893504
36.206581115722656,,0.7547039478893504
36.208309173583984,0.9940256012350929,
36.208885192871094,0.9940256012350929,
36.2094612121582,0.9940256012350929,
36.21003341674805,,0.7547039478893504
36.214637756347656,0.9940256012350929,
36.215213775634766,0.9940256012350929,
36.21636199951172,0.9940256012350929,
36.21693801879883,0.9940256012350929,
36.229591369628906,,0.7532799781763516
36.240516662597656,,0.7532799781763516
36.24166488647461,,0.7532799781763516
36.24913787841797,0.9940256012350929,
36.31803894042969,0.9940256012350929,
36.33237838745117,0.9940256012350929,
36.33467102050781,,0.7518506044037211
36.335819244384766,,0.7504212306310901
36.34613800048828,0.9940256012350929,
36.37593078613281,,0.7504212306310901
36.443450927734375,0.9940256012350929,
36.44401931762695,0.9940256012350929,0.7504212306310901
36.45487976074219,0.9940256012350929,
36.45545196533203,0.9940256012350929,
36.45659637451172,0.9940256012350929,
36.4571647644043,0.9940256012350929,
36.45773696899414,0.9940256012350929,
36.45945358276367,0.9940256012350929,
36.460025787353516,0.9940256012350929,
36.46116638183594,0.9940256012350929,0.7504212306310901
36.46173858642578,0.9940256012350929,
36.462310791015625,0.9940256012350929,
36.4628791809082,0.9940256012350929,
36.4948616027832,0.9931694207000071,
36.509700775146484,,0.7504212306310901
36.51027297973633,,0.7504212306310901
36.51540756225586,,0.7489781128798764
36.53879165649414,0.9931694207000071,
36.56216049194336,0.9931694207000071,
36.587223052978516,0.9931694207000071,
36.58779525756836,0.9931694207000071,
36.58836364746094,0.9931694207000071,0.7489781128798764
36.588932037353516,0.9931694207000071,
36.589500427246094,0.9931694207000071,0.7489781128798764
36.59007263183594,,0.7489781128798764
36.60430145263672,,0.7489781128798764
36.60601043701172,0.9931694207000071,
36.7298698425293,0.9931694207000071,
36.770118713378906,,0.7489781128798764
36.797306060791016,0.9931694207000071,
36.823341369628906,,0.7489781128798764
36.866878509521484,,0.7475181165584731
36.885520935058594,,0.7460581202370699
36.911495208740234,,0.7445981239156665
36.91657257080078,0.9931694207000071,
36.92277908325195,,0.7431381275942632
36.941959381103516,,0.7431381275942632
36.99605941772461,0.9931694207000071,
36.99718475341797,0.9931694207000071,
36.99774932861328,0.9931694207000071,
36.99831008911133,,0.7416752572643533
36.99887466430664,0.9931694207000071,
36.99943923950195,0.9931694207000071,
37.0,0.9931694207000071,
37.00225067138672,0.9931694207000071,
37.00281524658203,0.9931694207000071,
37.003379821777344,,0.7416752572643533
37.00788116455078,0.9931694207000071,
37.008445739746094,0.9931694207000071,
37.00957107543945,0.9931694207000071,
37.010135650634766,0.9931694207000071,0.7416752572643533
37.01069641113281,0.9931694207000071,
37.082115173339844,,0.7416752572643533
37.09615707397461,,0.7402036793729558
37.1169319152832,,0.738732101481558
37.184226989746094,,0.7372605235901605
37.18758773803711,0.9931694207000071,
37.188148498535156,0.9931694207000071,0.7372605235901605
37.1887092590332,0.9931694207000071,
37.1898307800293,0.9931694207000071,0.7372605235901605
37.19038772583008,0.9931694207000071,
37.190948486328125,0.9931694207000071,
37.207191467285156,,0.7357830475909817
37.21782684326172,,0.7343055715918032
37.22510528564453,,0.7343055715918032
37.23237991333008,,0.7343055715918032
37.28605651855469,,0.7328221259926281
37.31007385253906,0.9931694207000071,
37.31454086303711,,0.7313386803934523
37.31509780883789,0.9931694207000071,
37.31565856933594,0.9931694207000071,
37.322357177734375,,0.7298552347942769
37.324031829833984,0.9931694207000071,
37.33463668823242,,0.7298552347942769
37.33686828613281,,0.7283687679209687
37.40376663208008,,0.7268823010476612
37.416019439697266,,0.7268823010476612
37.422142028808594,0.9931694207000071,
37.468875885009766,0.9931694207000071,
37.46943283081055,,0.7268823010476612
37.470542907714844,0.9931694207000071,
37.496665954589844,0.9931694207000071,
37.53331756591797,,0.7268823010476612
37.53387451171875,0.9931694207000071,
37.534427642822266,0.9931694207000071,
37.64970016479492,,0.7268823010476612
37.65025329589844,,0.7268823010476612
37.65081024169922,,0.7268823010476612
37.664085388183594,,0.7268823010476612
37.682334899902344,0.9931694207000071,
37.683441162109375,0.9931694207000071,
37.68399429321289,,0.7238599214175252
37.684547424316406,0.9931694207000071,0.7238599214175252
37.685096740722656,0.9931694207000071,0.7238599214175252
37.6867561340332,0.9931694207000071,
37.68730926513672,0.9931694207000071,0.7238599214175252
37.687862396240234,0.9931694207000071,
37.68952178955078,0.9931694207000071,0.7238599214175252
37.6900749206543,0.9931694207000071,
37.69062805175781,0.9931694207000071,
37.69118118286133,,0.7238599214175252
37.69173049926758,0.9931694207000071,
37.69394302368164,0.9931694207000071,
37.694496154785156,0.9931694207000071,0.7238599214175252
37.69504928588867,0.9931694207000071,0.7238599214175252
37.69560241699219,,0.7238599214175252
37.757999420166016,,0.7223132121837269
37.780067443847656,0.9931694207000071,
37.781166076660156,0.9931694207000071,0.7223132121837269
37.78171920776367,0.9931694207000071,
37.78447723388672,0.9931694207000071,
37.81534194946289,,0.7223132121837269
37.82029724121094,,0.7207598504370956
37.83076477050781,0.9931694207000071,
37.83131408691406,0.9931694207000071,0.7207598504370956
37.83186340332031,0.9931694207000071,0.7207598504370956
37.86599349975586,0.9921742609598265,
37.870391845703125,,0.7207598504370956
37.87149429321289,,0.7207598504370956
37.874244689941406,,0.7207598504370956
37.875343322753906,,0.7207598504370956
37.89788818359375,0.9921742609598265,
37.898990631103516,0.9921742609598265,
37.90613555908203,,0.7191722736740181
37.91162872314453,0.9921742609598265,0.7191722736740181
37.91217803955078,0.9921742609598265,0.7191722736740181
37.91272735595703,0.9921742609598265,0.7191722736740181
37.91327667236328,,0.7191722736740181
37.91492462158203,0.9921742609598265,
37.91547775268555,0.9921742609598265,
37.9160270690918,0.9921742609598265,
37.91657638549805,0.9921742609598265,
37.9248161315918,0.9921742609598265,
37.92536544799805,0.9921742609598265,
37.92646408081055,0.9921742609598265,
37.9270133972168,0.9921742609598265,
37.9281120300293,,0.7175669784202819
37.958858489990234,0.9921742609598265,
37.959407806396484,0.9921742609598265,
38.013702392578125,,0.7159616831665452
38.014251708984375,0.9921742609598265,
38.0312385559082,0.9921742609598265,
38.03178405761719,0.9921742609598265,
38.03233337402344,0.9921742609598265,0.7159616831665452
38.03342819213867,0.9921742609598265,
38.05040740966797,,0.7159616831665452
38.06299591064453,,0.7159616831665452
38.06354522705078,,0.7159616831665452
38.06463623046875,,0.7159616831665452
38.065185546875,0.9921742609598265,
38.08488464355469,,0.7143381872863487
38.12370300292969,0.9921742609598265,
38.12424850463867,0.9921742609598265,0.7143381872863487
38.124794006347656,0.9921742609598265,
38.12533950805664,0.9921742609598265,
38.13845443725586,0.9921742609598265,
38.138999938964844,0.9921742609598265,0.7143381872863487
38.13954544067383,0.9921742609598265,
38.15592956542969,0.9921742609598265,
38.15647506713867,0.9921742609598265,
38.15702438354492,0.9921742609598265,
38.16521072387695,0.9921742609598265,
38.17066955566406,,0.7143381872863487
38.17176055908203,,0.7143381872863487
38.172306060791016,0.9921742609598265,0.7143381872863487
38.1728515625,0.9921742609598265,
38.17558288574219,0.9921742609598265,0.7143381872863487
38.176124572753906,0.9921742609598265,
38.176673889160156,0.9921742609598265,
38.17721939086914,0.9921742609598265,
38.177764892578125,,0.7143381872863487
38.17994689941406,0.9921742609598265,0.7143381872863487
38.20613098144531,0.9921742609598265,0.7143381872863487
38.207218170166016,0.9921742609598265,
38.24536895751953,0.9921742609598265,
38.245914459228516,0.9921742609598265,0.7143381872863487
38.2464599609375,0.9921742609598265,0.7143381872863487
38.247005462646484,0.9921742609598265,
38.25190734863281,0.9921742609598265,0.7143381872863487
38.25735092163086,0.9921742609598265,
38.26606369018555,0.9921742609598265,
38.28239440917969,,0.7126613370814511
38.28783416748047,,0.7109844868765532
38.3057861328125,0.9921742609598265,0.7109844868765532
38.306331634521484,0.9921742609598265,0.7109844868765532
38.3068733215332,0.9921742609598265,0.7109844868765532
38.30741882324219,0.9921742609598265,
38.30796432495117,0.9921742609598265,0.7109844868765532
38.3106803894043,0.9921742609598265,
38.31122589111328,0.9921742609598265,
38.311767578125,0.9921742609598265,
38.34492492675781,,0.7092835670514898
38.37425231933594,0.9921742609598265,
38.37479782104492,0.9921742609598265,0.7092835670514898
38.37533950805664,0.9921742609598265,
38.37588119506836,0.9921742609598265,
38.39813232421875,0.9921742609598265,0.7092835670514898
38.398677825927734,0.9921742609598265,0.7092835670514898
38.39921951293945,0.9921742609598265,
38.39976119995117,0.9921742609598265,0.7092835670514898
38.40030288696289,0.9921742609598265,
38.417659759521484,,0.7092835670514898
38.42525100708008,,0.7092835670514898
38.4257926940918,,0.7092835670514898
38.42633819580078,,0.7092835670514898
38.429588317871094,,0.7092835670514898
38.43013000488281,,0.7092835670514898
38.457767486572266,0.9921742609598265,0.7092835670514898
38.458309173583984,,0.7092835670514898
38.46210479736328,0.9921742609598265,
38.462642669677734,0.9921742609598265,
38.46426773071289,0.9921742609598265,
38.46480941772461,0.9921742609598265,
38.46535110473633,0.9921742609598265,
38.519474029541016,0.9921742609598265,0.7092835670514898
38.520015716552734,0.9921742609598265,
38.52055740356445,0.9921742609598265,
38.52272033691406,0.9921742609598265,
38.56650161743164,,0.7092835670514898
38.567039489746094,0.9921742609598265,
38.571903228759766,0.9908635948291008,
38.57298278808594,,0.7092835670514898
38.57352066040039,,0.7092835670514898
38.57406234741211,,0.7092835670514898
38.57460403442383,,0.7092835670514898
38.57676315307617,0.9908635948291008,
38.585941314697266,0.9908635948291008,
38.592960357666016,,0.7092835670514898
38.5972785949707,0.9908635948291008,
38.59782028198242,0.9908635948291008,
38.598358154296875,0.9908635948291008,
38.61562728881836,0.9908635948291008,
38.617244720458984,0.9908635948291008,
38.6177864074707,0.9908635948291008,
38.61886215209961,0.9908635948291008,
38.61940383911133,0.9908635948291008,
38.61994171142578,0.9908635948291008,
38.6204833984375,0.9908635948291008,0.7092835670514898
38.63180923461914,0.9908635948291008,0.7092835670514898
38.632347106933594,0.9908635948291008,
38.63288879394531,0.9908635948291008,0.7092835670514898
38.633426666259766,,0.7092835670514898
38.633968353271484,0.9908635948291008,
38.63450622558594,0.9908635948291008,
38.63558578491211,0.9908635948291008,
38.636661529541016,0.9908635948291008,
38.637203216552734,0.9908635948291008,
38.63774108886719,0.9908635948291008,0.7092835670514898
38.63827896118164,0.9908635948291008,
38.64421081542969,0.9908635948291008,
38.64529037475586,0.9908635948291008,
38.646907806396484,0.9908635948291008,
38.64798355102539,,0.7074364744289595
38.65013885498047,0.9908635948291008,
38.65121841430664,0.9908635948291008,
38.651756286621094,0.9908635948291008,0.7074364744289595
38.65229797363281,0.9908635948291008,
38.669002532958984,0.9908635948291008,
38.66954040527344,0.9908635948291008,
38.67007827758789,0.9908635948291008,
38.670616149902344,0.9908635948291008,0.7074364744289595
38.67115783691406,0.9908635948291008,
38.671695709228516,0.9908635948291008,
38.67223358154297,0.9908635948291008,
38.67277145385742,0.9908635948291008,
38.68462371826172,,0.7074364744289595
38.69539260864258,0.9908635948291008,
38.69593048095703,0.9908635948291008,
38.696468353271484,0.9908635948291008,
38.699161529541016,,0.7074364744289595
38.70023727416992,,0.7074364744289595
38.73628616333008,,0.7074364744289595
38.74220275878906,0.9908635948291008,
38.742740631103516,0.9908635948291008,
38.74542999267578,0.9908635948291008,
38.74919509887695,,0.7055549944437759
38.761558532714844,0.9908635948291008,
38.7620964050293,0.9908635948291008,
38.762630462646484,0.9908635948291008,
38.8061408996582,0.9908635948291008,
38.845314025878906,,0.7055549944437759
38.850677490234375,0.9908635948291008,
38.89515686035156,0.9908635948291008,
38.895694732666016,0.9908635948291008,
38.8962287902832,0.9908635948291008,
38.896766662597656,0.9908635948291008,
38.897300720214844,,0.7055549944437759
38.91604232788086,,0.7036634260940602
38.9197883605957,,0.7036634260940602
38.9267463684082,0.9908635948291008,0.7036634260940602
38.927284240722656,0.9908635948291008,
38.92835235595703,,0.7036634260940602
38.933170318603516,0.9908635948291008,
38.9337043762207,0.9908635948291008,0.7036634260940602
38.94761276245117,,0.7036634260940602
38.94921875,0.9908635948291008,
38.97328186035156,0.9908635948291008,
39.00640869140625,0.9908635948291008,0.7036634260940602
39.00694274902344,0.9908635948291008,0.7036634260940602
39.007476806640625,0.9908635948291008,
39.00801086425781,0.9908635948291008,
39.008544921875,0.9908635948291008,0.7036634260940602
39.00907897949219,0.9908635948291008,0.7036634260940602
39.009613037109375,0.9908635948291008,0.7036634260940602
39.01655578613281,,0.7016978857977079
39.01922607421875,,0.6997323455013559
39.127994537353516,,0.6977668052050039
39.14023971557617,,0.6958012649086516
39.22796630859375,0.9908635948291008,
39.22849655151367,0.9908635948291008,
39.230621337890625,0.9908635948291008,
39.23115158081055,0.9908635948291008,0.6958012649086516
39.25185775756836,0.9908635948291008,0.6958012649086516
39.25238800048828,0.9908635948291008,
39.2529182434082,0.9908635948291008,
39.25398254394531,0.9908635948291008,
39.26671600341797,,0.6938245567697064
39.29482650756836,0.9908635948291008,
39.29535675048828,0.9908635948291008,
39.29694747924805,0.9908635948291008,
39.29747772216797,,0.6938245567697064
39.29800796508789,0.9908635948291008,0.6938245567697064
39.29853820800781,0.9908635948291008,
39.31549835205078,0.9908635948291008,0.6938245567697064
39.3303337097168,0.9908635948291008,
39.331390380859375,0.9908635948291008,
39.409706115722656,,0.691825062369794
39.427677154541016,,0.691825062369794
39.45725631713867,,0.6898197723339391
39.462005615234375,0.9908635948291008,
39.469398498535156,0.9908635948291008,
39.47520446777344,,0.6898197723339391
39.475730895996094,0.9908635948291008,0.6898197723339391
39.47625732421875,0.9908635948291008,
39.47889709472656,0.9908635948291008,
39.47942352294922,0.9908635948291008,
39.47995376586914,0.9908635948291008,
39.48311996459961,0.9908635948291008,
39.48628234863281,0.9908635948291008,
39.486812591552734,0.9908635948291008,0.6898197723339391
39.48733901977539,0.9908635948291008,
39.48786544799805,0.9908635948291008,
39.48839569091797,0.9908635948291008,0.6898197723339391
39.488922119140625,0.9908635948291008,0.6898197723339391
39.49525451660156,,0.6898197723339391
39.496307373046875,,0.6898197723339391
39.52952575683594,,0.6898197723339391
39.53163146972656,,0.6898197723339391
39.55007553100586,0.9908635948291008,0.6898197723339391
39.550601959228516,0.9908635948291008,
39.59798049926758,0.9908635948291008,
39.61796951293945,,0.6898197723339391
39.63899612426758,0.9908635948291008,
39.639522552490234,0.9908635948291008,
39.64687728881836,0.9908635948291008,
39.647403717041016,0.9908635948291008,
39.66579055786133,,0.6877420019353431
39.706214904785156,,0.6856642315367467
39.72090148925781,0.9908635948291008,
39.7214241027832,0.9908635948291008,0.6856642315367467
39.72562026977539,0.9908635948291008,
39.72614669799805,0.9908635948291008,
39.73296356201172,0.9908635948291008,
39.73348617553711,0.9908635948291008,0.6856642315367467
39.734012603759766,0.9908635948291008,
39.827232360839844,,0.683567399024402
39.83559799194336,0.9908635948291008,
39.84030532836914,0.9908635948291008,
39.84082794189453,0.9908635948291008,
39.84292221069336,,0.683567399024402
39.86330795288086,,0.683567399024402
39.87428283691406,0.9908635948291008,0.683567399024402
39.87480545043945,0.9908635948291008,
39.87532424926758,0.9908635948291008,0.683567399024402
39.876373291015625,0.9908635948291008,0.683567399024402
39.87793731689453,,0.6814245545133539
39.8946533203125,,0.6814245545133539
39.912925720214844,0.9908635948291008,
39.913448333740234,0.9908635948291008,0.6814245545133539
39.913970947265625,0.9908635948291008,0.6814245545133539
39.923885345458984,0.9908635948291008,
39.924407958984375,0.9908635948291008,0.6814245545133539
39.924930572509766,0.9908635948291008,0.6814245545133539
39.92544937133789,0.9908635948291008,0.6814245545133539
39.959354400634766,0.9908635948291008,
39.96039581298828,0.9908635948291008,
39.96144104003906,0.9908635948291008,0.6814245545133539
40.02238845825195,,0.6814245545133539
40.04372787475586,,0.6814245545133539
40.07648849487305,0.9908635948291008,
40.08064651489258,0.9908635948291008,
40.08116912841797,0.9908635948291008,
40.081687927246094,0.9908635948291008,0.6791976768842255
40.08480453491211,,0.6791976768842255
40.0853271484375,0.9908635948291008,
40.085845947265625,0.9908635948291008,0.6791976768842255
40.08636474609375,0.9908635948291008,
40.107666015625,0.9908635948291008,
40.108184814453125,0.9908635948291008,
40.108707427978516,0.9908635948291008,
40.113380432128906,0.9908635948291008,0.6791976768842255
40.11389923095703,0.9908635948291008,
40.16217041015625,,0.6791976768842255
40.18032455444336,0.9908635948291008,
40.19535446166992,,0.6769336846279451
40.20882797241211,,0.6769336846279451
40.209346771240234,,0.6769336846279451
40.20986557006836,,0.6769336846279451
40.21504592895508,0.9908635948291008,
40.25025939941406,0.9908635948291008,
40.25077819824219,0.9908635948291008,
40.25129318237305,0.9908635948291008,0.6769336846279451
40.25181198120117,0.9908635948291008,
40.265785217285156,,0.6746389941715788
40.277164459228516,0.9908635948291008,
40.27768325805664,0.9908635948291008,
40.2781982421875,0.9908635948291008,0.6746389941715788
40.278717041015625,0.9908635948291008,
40.3355712890625,,0.6723364720071705
40.3489990234375,,0.6723364720071705
40.37480545043945,0.9908635948291008,
40.37532043457031,0.9908635948291008,
40.3763542175293,0.9908635948291008,
40.388736724853516,,0.6723364720071705
40.435646057128906,0.9908635948291008,
40.43616485595703,0.9908635948291008,
40.44389343261719,0.9908635948291008,
40.44440460205078,0.9908635948291008,
40.44852828979492,0.9908635948291008,
40.44904327392578,0.9908635948291008,
40.453163146972656,,0.6723364720071705
40.453678131103516,,0.6723364720071705
40.45573806762695,,0.6723364720071705
40.45625305175781,,0.6723364720071705
40.47529983520508,,0.6723364720071705
40.477359771728516,,0.6699607247562619
40.595054626464844,0.9908635948291008,0.6675849775053527
40.59556579589844,0.9908635948291008,
40.64326477050781,0.9908635948291008,
40.70626449584961,,0.6675849775053527
40.708824157714844,0.9908635948291008,
40.7149658203125,0.9908635948291008,
40.82942199707031,0.9908635948291008,
40.861045837402344,0.9908635948291008,
40.86359405517578,0.9908635948291008,
40.8646125793457,0.9908635948291008,
40.8651237487793,0.9908635948291008,
40.86614227294922,0.9908635948291008,
40.89417266845703,0.9908635948291008,
40.89519119262695,0.9908635948291008,0.6675849775053527
40.89570236206055,0.9908635948291008,
40.896209716796875,,0.6675849775053527
40.90894317626953,0.9908635948291008,
40.92981719970703,0.9908635948291008,
40.930328369140625,0.9908635948291008,
40.944576263427734,0.9908635948291008,
40.94915771484375,0.9908635948291008,
40.94966506958008,0.9908635948291008,0.6675849775053527
40.950172424316406,0.9908635948291008,
40.95119094848633,0.9908635948291008,
40.957801818847656,,0.6651661913549716
40.9659423828125,0.9908635948291008,
40.973060607910156,,0.6651661913549716
40.98221206665039,0.9908635948291008,0.6651661913549716
41.01117706298828,0.9908635948291008,
41.01219177246094,0.9908635948291008,
41.012699127197266,0.9908635948291008,
41.016258239746094,,0.6651661913549716
41.03403091430664,0.9908635948291008,
41.08781433105469,,0.6651661913549716
41.1065673828125,,0.6651661913549716
41.13291549682617,0.9908635948291008,
41.1334228515625,0.9908635948291008,0.6651661913549716
41.13443374633789,0.9908635948291008,
41.15114212036133,,0.6626842279543935
41.24217224121094,0.9908635948291008,0.6602022645538151
41.24469757080078,0.9908635948291008,
41.2951774597168,0.9908635948291008,
41.30929946899414,,0.6577203011532368
41.32392501831055,,0.6552383377526585
41.32896423339844,0.9908635948291008,
41.35718536376953,0.9908635948291008,0.6552383377526585
41.357688903808594,0.9908635948291008,
41.36322784423828,0.9908635948291008,
41.363731384277344,0.9908635948291008,
41.364234924316406,0.9908635948291008,
41.36725616455078,,0.6527469372288839
41.4779052734375,0.9908635948291008,
41.48493576049805,,0.6527469372288839
41.48543930053711,0.9908635948291008,0.6527469372288839
41.48644256591797,0.9908635948291008,
41.48694610595703,0.9908635948291008,0.6527469372288839
41.49748992919922,0.9908635948291008,
41.58024215698242,0.9908635948291008,
41.58224868774414,0.9908635948291008,
41.612796783447266,0.9908635948291008,
41.61429977416992,0.9908635948291008,
41.61479949951172,0.9908635948291008,
41.61530303955078,,0.6527469372288839
41.62581253051758,0.9908635948291008,
41.62831497192383,,0.6502070658777984
41.629817962646484,0.9908635948291008,
41.63081741333008,0.9908635948291008,
41.63782501220703,0.9908635948291008,
41.64582824707031,,0.6476671945267132
41.65733337402344,0.9908635948291008,
41.65833282470703,0.9908635948291008,
41.659332275390625,0.9908635948291008,0.6476671945267132
41.65983200073242,0.9908635948291008,
41.685829162597656,,0.6476671945267132
41.69032669067383,,0.6476671945267132
41.705814361572266,0.9908635948291008,
41.73477554321289,0.9908635948291008,
41.747257232666016,0.9908635948291008,
41.776187896728516,,0.6476671945267132
41.77918243408203,0.9908635948291008,
41.77967834472656,0.9908635948291008,
41.78017807006836,0.9908635948291008,0.6476671945267132
41.780677795410156,0.9908635948291008,
41.78815460205078,,0.6476671945267132
41.80061721801758,0.9908635948291008,
41.89421081542969,0.9908635948291008,
41.896202087402344,0.9908635948291008,
41.90912628173828,0.9908635948291008,
41.9394416809082,0.9908635948291008,
41.941429138183594,0.9908635948291008,
41.942420959472656,0.9908635948291008,
41.975189208984375,,0.6476671945267132
41.97568893432617,0.9908635948291008,
41.99702453613281,,0.6476671945267132
42.01239776611328,,0.6476671945267132
42.01686096191406,0.9908635948291008,
42.01983642578125,,0.6476671945267132
42.02082824707031,0.9908635948291008,
42.021324157714844,0.9908635948291008,
42.021820068359375,0.9908635948291008,
42.02330780029297,,0.6476671945267132
42.02479553222656,,0.6476671945267132
42.052547454833984,0.9862116530693393,
42.137672424316406,0.9862116530693393,
42.18757629394531,,0.6476671945267132
42.19547653198242,0.9862116530693393,
42.19597244262695,,0.6476671945267132
42.21275329589844,,0.6476671945267132
42.2640495300293,0.9862116530693393,
42.29410934448242,,0.6476671945267132
42.31233215332031,0.9862116530693393,
42.33940124511719,,0.6449344215540267
42.430335998535156,,0.6449344215540267
42.452423095703125,0.9862116530693393,
42.472537994384766,0.9862116530693393,
42.47499084472656,,0.6449344215540267
42.50735092163086,0.9862116530693393,
42.51274490356445,0.9862116530693393,
42.53723907470703,,0.6449344215540267
42.582763671875,0.9862116530693393,0.6449344215540267
42.583251953125,0.9862116530693393,
42.583740234375,0.9862116530693393,
42.58716583251953,0.9862116530693393,
42.595481872558594,0.9862116530693393,
42.595970153808594,,0.6421545318059488
42.61161804199219,0.9862116530693393,
42.61503982543945,,0.6393746420578714
42.622371673583984,,0.6393746420578714
42.63752365112305,,0.6393746420578714
42.63947677612305,0.9862116530693393,
42.67415237426758,,0.6393746420578714
42.710750579833984,,0.6393746420578714
42.72148132324219,,0.6393746420578714
42.726844787597656,0.9862116530693393,
42.737083435058594,,0.6393746420578714
42.752193450927734,,0.6365202909772562
42.81111526489258,,0.6336659398966406
42.82084655761719,,0.6308115888160248
42.847110748291016,,0.6279572377354099
42.849056243896484,,0.6279572377354099
42.85002899169922,,0.6279572377354099
42.88404846191406,,0.6279572377354099
42.886962890625,,0.6250634255799472
42.887935638427734,0.9862116530693393,
42.89862060546875,,0.6250634255799472
42.95588684082031,0.9862116530693393,
42.95637512207031,,0.6250634255799472
43.01598358154297,0.9862116530693393,
43.063907623291016,,0.6221425684510694
43.07551574707031,,0.6221425684510694
43.091957092285156,0.9862116530693393,
43.113704681396484,0.9862116530693393,
43.11660385131836,0.9862116530693393,
43.11757278442383,,0.6221425684510694
43.12385177612305,0.9862116530693393,
43.16103744506836,,0.6221425684510694
43.16682815551758,0.9862116530693393,
43.16827392578125,0.9862116530693393,
43.19722366333008,,0.6221425684510694
43.20493698120117,,0.6191658097503465
43.21265411376953,,0.6191658097503465
43.220367431640625,0.9862116530693393,
43.224220275878906,,0.6191658097503465
43.258426666259766,,0.6191658097503465
43.26998519897461,0.9862116530693393,
43.27479934692383,,0.6191658097503465
43.308006286621094,,0.6161306832319626
43.33637619018555,,0.6161306832319626
43.4137077331543,0.9862116530693393,
43.43769454956055,,0.6161306832319626
43.440093994140625,,0.6130653564497138
43.44728469848633,,0.6099846260152932
43.48563003540039,,0.6099846260152932
43.52537536621094,,0.6099846260152932
43.54164505004883,0.9862116530693393,
43.54308319091797,0.9862116530693393,
43.55312728881836,,0.6068724595560318
43.555999755859375,0.9862116530693393,
43.55695724487305,0.9862116530693393,
43.55791091918945,0.9862116530693393,0.6068724595560318
43.55839157104492,0.9862116530693393,
43.56126022338867,0.9862116530693393,
43.56652069091797,0.9806081777678098,
43.57225799560547,0.9806081777678098,
43.57273483276367,0.9806081777678098,
43.61765670776367,,0.6037442510016192
43.6281623840332,,0.6037442510016192
43.63102722167969,0.9749399224049895,
43.64582824707031,0.9749399224049895,
43.646305084228516,,0.6037442510016192
43.64678192138672,0.9749399224049895,
43.688289642333984,0.9749399224049895,
43.69639587402344,,0.6037442510016192
43.73404312133789,0.9749399224049895,
43.757381439208984,0.9749399224049895,
43.76118850708008,,0.6037442510016192
43.803062438964844,,0.6005498369751555
43.82731246948242,0.9749399224049895,
43.849647521972656,0.9749399224049895,
43.85107421875,0.9749399224049895,
43.85202407836914,,0.6005498369751555
43.85249710083008,,0.6005498369751555
43.85297393798828,0.9749399224049895,
43.853450775146484,0.9749399224049895,
43.85392379760742,0.9749399224049895,
43.854400634765625,0.9749399224049895,0.6005498369751555
43.86674880981445,,0.6005498369751555
43.878143310546875,,0.6005498369751555
43.981056213378906,0.9749399224049895,
43.982479095458984,,0.6005498369751555
43.98342514038086,,0.6005498369751555
43.9838981628418,,0.6005498369751555
43.99763107299805,0.9749399224049895,
44.02461242675781,,0.6005498369751555
44.06623840332031,0.9749399224049895,
44.06671142578125,0.9749399224049895,
44.078529357910156,0.9749399224049895,
44.079002380371094,0.9749399224049895,
44.07947540283203,0.9749399224049895,0.6005498369751555
44.0799446105957,0.9749399224049895,
44.081363677978516,0.9749399224049895,
44.08230972290039,0.9749399224049895,
44.157859802246094,0.9749399224049895,
44.16352081298828,,0.6005498369751555
44.176727294921875,,0.6005498369751555
44.177669525146484,0.9749399224049895,
44.17814254760742,,0.6005498369751555
44.17908477783203,0.9749399224049895,
44.17955780029297,0.9749399224049895,
44.18050003051758,0.9749399224049895,
44.180973052978516,0.9749399224049895,
44.18144226074219,0.9749399224049895,
44.181915283203125,0.9749399224049895,
44.182857513427734,,0.6005498369751555
44.21208572387695,,0.6005498369751555
44.212554931640625,,0.6005498369751555
44.2130241394043,,0.6005498369751555
44.213497161865234,,0.6005498369751555
44.21397018432617,,0.6005498369751555
44.23987579345703,,0.6005498369751555
44.280357360839844,0.9749399224049895,
44.32221221923828,0.9749399224049895,
44.3236198425293,0.9749399224049895,
44.32455825805664,0.9749399224049895,
44.32503128051758,,0.6005498369751555
44.32691192626953,,0.6005498369751555
44.3273811340332,,0.6005498369751555
44.329261779785156,,0.6005498369751555
44.32973098754883,0.9749399224049895,0.6005498369751555
44.3917236328125,0.9749399224049895,
44.40110778808594,,0.6005498369751555
44.40392303466797,,0.6005498369751555
44.40861511230469,,0.6005498369751555
44.40955352783203,,0.5967488886398694
44.41143035888672,0.9749399224049895,0.5967488886398694
44.42081069946289,,0.5967488886398694
44.422218322753906,0.9749399224049895,
44.428314208984375,0.9670135815724291,
44.46206283569336,,0.5967488886398694
44.468624114990234,0.9670135815724291,
44.46908950805664,0.9670135815724291,0.5928738958564933
44.47237014770508,0.9670135815724291,
44.47283935546875,0.9670135815724291,0.5928738958564933
44.473304748535156,0.9670135815724291,0.5928738958564933
44.4742431640625,,0.5928738958564933
44.47471237182617,,0.5928738958564933
44.475181579589844,0.9670135815724291,0.5928738958564933
44.475650787353516,0.9670135815724291,
44.47611618041992,0.9670135815724291,
44.476585388183594,0.9670135815724291,
44.586524963378906,,0.5928738958564933
44.6052131652832,0.9670135815724291,
44.61922073364258,0.9670135815724291,
44.61968994140625,0.9670135815724291,
44.620155334472656,0.9670135815724291,0.5928738958564933
44.62062454223633,0.9670135815724291,
44.621089935302734,0.9670135815724291,
44.62202453613281,0.9670135815724291,
44.62248992919922,0.9670135815724291,
44.6234245300293,0.9670135815724291,
44.62809371948242,,0.5928738958564933
44.638362884521484,,0.5928738958564933
44.63882827758789,0.9670135815724291,
44.64116287231445,0.9670135815724291,
44.642093658447266,0.9670135815724291,
44.643028259277344,0.9670135815724291,
44.64396286010742,0.9670135815724291,
44.648162841796875,0.9670135815724291,0.5928738958564933
44.64862823486328,0.9670135815724291,
44.64909362792969,0.9670135815724291,
44.64956283569336,0.9670135815724291,
44.650028228759766,0.9670135815724291,
44.65049362182617,0.9670135815724291,
44.65236282348633,0.9670135815724291,0.5928738958564933
44.652828216552734,0.9670135815724291,0.5928738958564933
44.65329360961914,0.9670135815724291,
44.65376281738281,,0.5928738958564933
44.667755126953125,,0.5928738958564933
44.70831298828125,0.9670135815724291,
44.732540130615234,0.9670135815724291,
44.73300552368164,0.9670135815724291,
44.73347091674805,0.9670135815724291,
44.739990234375,0.9670135815724291,
44.740455627441406,0.9670135815724291,
44.74092102050781,0.9670135815724291,
44.74138641357422,0.9670135815724291,
44.741851806640625,0.9670135815724291,
44.74231719970703,0.9670135815724291,
44.74278259277344,0.9670135815724291,0.5928738958564933
44.743247985839844,0.9670135815724291,
44.74371337890625,0.9670135815724291,
44.74464797973633,0.9670135815724291,
44.80699157714844,0.9670135815724291,
44.815826416015625,,0.5928738958564933
44.84649658203125,,0.5928738958564933
44.865074157714844,,0.5928738958564933
44.8669319152832,0.9670135815724291,0.5928738958564933
44.86739730834961,0.9670135815724291,
44.867862701416016,0.9670135815724291,
44.86971664428711,0.9670135815724291,
44.870182037353516,0.9670135815724291,0.5928738958564933
44.87064743041992,0.9670135815724291,
44.87111282348633,0.9670135815724291,
44.871578216552734,0.9670135815724291,
44.87668228149414,,0.5928738958564933
44.8785400390625,0.9670135815724291,
44.87946701049805,0.9670135815724291,
44.87993240356445,0.9670135815724291,
44.88179016113281,0.9670135815724291,
44.88410949707031,,0.5883133274268281
44.88642883300781,0.9670135815724291,
44.88689422607422,0.9670135815724291,0.5883133274268281
44.887359619140625,0.9670135815724291,
44.887821197509766,0.9670135815724291,
44.88828659057617,,0.5883133274268281
44.88875198364258,0.9670135815724291,
44.88921356201172,0.9670135815724291,
44.889678955078125,0.9670135815724291,
44.89014434814453,0.9670135815724291,
44.89060592651367,0.9670135815724291,0.5883133274268281
44.915199279785156,,0.5883133274268281
44.93189239501953,0.9670135815724291,
44.935604095458984,,0.5883133274268281
44.936065673828125,0.9670135815724291,
44.93977355957031,0.9670135815724291,
44.94023895263672,0.9670135815724291,
44.96989822387695,,0.5883133274268281
44.973140716552734,0.9670135815724291,
44.973602294921875,0.9670135815724291,
44.97406768798828,0.9670135815724291,
44.9777717590332,0.9670135815724291,
44.9796257019043,0.9670135815724291,
44.98332977294922,0.9670135815724291,
44.986572265625,,0.5883133274268281
44.98703384399414,,0.5883133274268281
44.98749923706055,,0.5883133274268281
44.98796081542969,0.9670135815724291,
44.988426208496094,,0.5883133274268281
45.03748321533203,0.9670135815724291,
45.03794479370117,,0.5883133274268281
45.03841018676758,0.9670135815724291,
45.03887176513672,0.9670135815724291,0.5883133274268281
45.040260314941406,0.9670135815724291,
45.04118347167969,0.9670135815724291,
45.041648864746094,,0.5883133274268281
45.042110443115234,0.9670135815724291,
45.042572021484375,0.9670135815724291,
45.043495178222656,,0.5883133274268281
45.04396057128906,,0.5883133274268281
45.04812240600586,,0.5883133274268281
45.108665466308594,0.9670135815724291,
45.110050201416016,0.9670135815724291,
45.11235809326172,,0.5883133274268281
45.11281967163086,0.9670135815724291,
45.113746643066406,,0.5883133274268281
45.15805435180664,,0.5829650244502201
45.228126525878906,,0.5829650244502201
45.22904586791992,,0.5829650244502201
45.29072570800781,,0.5829650244502201
45.33256912231445,,0.5829650244502201
45.35140609741211,,0.5774129765983134
45.37895965576172,0.9670135815724291,0.5774129765983134
45.38033676147461,,0.5774129765983134
45.404205322265625,0.9670135815724291,
45.408790588378906,,0.5774129765983134
45.455108642578125,,0.5774129765983134
45.584171295166016,,0.5774129765983134
45.58462905883789,,0.5774129765983134
45.58599853515625,,0.5774129765983134
45.589656829833984,,0.5774129765983134
45.59056854248047,,0.5774129765983134
45.59559631347656,,0.5774129765983134
45.61067199707031,,0.5711367485918097
45.66362762451172,,0.5711367485918097
45.668643951416016,,0.5711367485918097
45.67274856567383,,0.5711367485918097
45.677310943603516,,0.5711367485918097
45.727909088134766,,0.5711367485918097
45.739295959472656,,0.5711367485918097
45.752506256103516,,0.5711367485918097
45.765708923339844,,0.5711367485918097
45.76661682128906,,0.5711367485918097
45.76752853393555,,0.5711367485918097
45.770259857177734,,0.5711367485918097
45.7921028137207,,0.5711367485918097
45.7984733581543,,0.5711367485918097
45.848480224609375,,0.5711367485918097
45.852569580078125,,0.5636217913734962
45.86211013793945,,0.5636217913734962
45.8789176940918,,0.5636217913734962
46.0357666015625,,0.5636217913734962
46.03938674926758,,0.5636217913734962
46.04029083251953,,0.5636217913734962
46.30649948120117,,0.5636217913734962
46.30694580078125,,0.5636217913734962
46.30784606933594,,0.5636217913734962
46.310546875,,0.5636217913734962
46.31099319458008,,0.5636217913734962
46.3797721862793,,0.5636217913734962
46.38022232055664,,0.5636217913734962
46.38381576538086,,0.5636217913734962
46.45607376098633,,0.5636217913734962
46.45697021484375,,0.5636217913734962
46.457420349121094,,0.5636217913734962
46.5161247253418,,0.5636217913734962
46.52866744995117,,0.5636217913734962
46.53179931640625,,0.5636217913734962
46.53269577026367,,0.5636217913734962
46.53358840942383,,0.5636217913734962
46.536277770996094,,0.5636217913734962
46.551048278808594,0.9670135815724291,
46.55686569213867,,0.5636217913734962
46.55910110473633,,0.5636217913734962
46.56089401245117,,0.5636217913734962
46.568050384521484,,0.5636217913734962
46.59130859375,,0.5636217913734962
46.59801483154297,,0.5636217913734962
46.600250244140625,,0.5636217913734962
46.6006965637207,,0.5636217913734962
46.60874557495117,,0.5636217913734962
46.62349319458008,,0.5636217913734962
46.62617111206055,,0.5636217913734962
46.64046859741211,,0.5636217913734962
46.64448928833008,,0.5636217913734962
46.654762268066406,,0.5636217913734962
46.65788650512695,,0.5636217913734962
46.670833587646484,,0.5636217913734962
46.68824005126953,,0.5636217913734962
46.768489837646484,,0.5636217913734962
46.78096008300781,,0.5636217913734962
46.8966064453125,,0.5636217913734962
46.906822204589844,,0.5636217913734962
46.91082000732422,,0.5636217913734962
46.915260314941406,,0.5636217913734962
46.91703414916992,,0.5636217913734962
46.95077133178711,,0.5636217913734962
47.03854751586914,,0.5636217913734962
47.18712615966797,,0.5636217913734962
47.18756866455078,,0.5636217913734962
47.193748474121094,,0.5636217913734962
47.19816589355469,,0.5636217913734962
47.20301818847656,,0.5636217913734962
47.251983642578125,,0.5636217913734962
47.25727462768555,,0.5636217913734962
47.26036071777344,,0.5636217913734962
47.26432800292969,,0.5636217913734962
47.26520919799805,,0.5636217913734962
47.26741027832031,,0.5636217913734962
47.267852783203125,,0.5636217913734962
48.356746673583984,,0.5636217913734962
49.30728530883789,0.9670135815724291,
50.428165435791016,,0.5636217913734962
53.34244918823242,,0.5636217913734962
53.95098114013672,,0.5636217913734962
55.835697174072266,,0.5636217913734962
56.465328216552734,,0.5636217913734962
57.02156066894531,,0.5636217913734962
60.02256393432617,,0.5636217913734962
75.8010025024414,,0.0
