dataset,method,run_id,seed,sample_id,observed_time,event,horizon_t25,pred_survival_t25,pred_risk_t25,horizon_t50,pred_survival_t50,pred_risk_t50,horizon_t75,pred_survival_t75,pred_risk_t75
survset:UnempDur,UniSurv,3,44,657,3.316624879837036,1,1.4142135381698608,0.9947344064712524,0.005265593528747559,1.7320507764816284,0.9687340259552002,0.031265974044799805,2.6457512378692627,0.655023992061615,0.344976007938385
survset:UnempDur,UniSurv,3,44,2913,1.0,1,1.4142135381698608,0.552802562713623,0.44719743728637695,1.7320507764816284,0.3761337995529175,0.6238662004470825,2.6457512378692627,0.0641314685344696,0.9358685314655304
survset:UnempDur,UniSurv,3,44,122,2.0,1,1.4142135381698608,0.9928092360496521,0.0071907639503479,1.7320507764816284,0.959338903427124,0.04066109657287598,2.6457512378692627,0.5068206787109375,0.4931793212890625
survset:UnempDur,UniSurv,3,44,1608,3.7416574954986572,0,1.4142135381698608,0.9926353693008423,0.007364630699157715,1.7320507764816284,0.958234965801239,0.041765034198760986,2.6457512378692627,0.47742098569869995,0.5225790143013
survset:UnempDur,UniSurv,3,44,2403,1.7320507764816284,0,1.4142135381698608,0.9947845339775085,0.005215466022491455,1.7320507764816284,0.9761170744895935,0.023882925510406494,2.6457512378692627,0.6953568458557129,0.3046431541442871
survset:UnempDur,UniSurv,3,44,3194,1.7320507764816284,1,1.4142135381698608,0.7700233459472656,0.22997665405273438,1.7320507764816284,0.5785399079322815,0.4214600920677185,2.6457512378692627,0.10074739158153534,0.8992526084184647
survset:UnempDur,UniSurv,3,44,2226,2.2360680103302,1,1.4142135381698608,0.6189215779304504,0.38107842206954956,1.7320507764816284,0.38734370470046997,0.61265629529953,2.6457512378692627,0.043733395636081696,0.9562666043639183
survset:UnempDur,UniSurv,3,44,1661,2.2360680103302,1,1.4142135381698608,0.9946149587631226,0.005385041236877441,1.7320507764816284,0.9744934439659119,0.025506556034088135,2.6457512378692627,0.7249927520751953,0.2750072479248047
survset:UnempDur,UniSurv,3,44,54,2.6457512378692627,1,1.4142135381698608,0.9914485216140747,0.008551478385925293,1.7320507764816284,0.9642360806465149,0.03576391935348511,2.6457512378692627,0.6051105260848999,0.3948894739151001
survset:UnempDur,UniSurv,3,44,1470,1.4142135381698608,1,1.4142135381698608,0.7245162725448608,0.27548372745513916,1.7320507764816284,0.45239773392677307,0.5476022660732269,2.6457512378692627,0.062230147421360016,0.93776985257864
survset:UnempDur,UniSurv,3,44,312,2.2360680103302,0,1.4142135381698608,0.6720958352088928,0.3279041647911072,1.7320507764816284,0.4114987552165985,0.5885012447834015,2.6457512378692627,0.046866558492183685,0.9531334415078163
survset:UnempDur,UniSurv,3,44,1040,4.123105525970459,0,1.4142135381698608,0.9827138781547546,0.01728612184524536,1.7320507764816284,0.9300283789634705,0.06997162103652954,2.6457512378692627,0.41396376490592957,0.5860362350940704
survset:UnempDur,UniSurv,3,44,611,1.0,1,1.4142135381698608,0.7619659900665283,0.23803400993347168,1.7320507764816284,0.4839814305305481,0.5160185694694519,2.6457512378692627,0.06806471943855286,0.9319352805614471
survset:UnempDur,UniSurv,3,44,2192,1.0,1,1.4142135381698608,0.8261117339134216,0.17388826608657837,1.7320507764816284,0.5694615244865417,0.43053847551345825,2.6457512378692627,0.09917694330215454,0.9008230566978455
survset:UnempDur,UniSurv,3,44,2411,2.2360680103302,0,1.4142135381698608,0.9839645028114319,0.016035497188568115,1.7320507764816284,0.9242003560066223,0.07579964399337769,2.6457512378692627,0.4840814173221588,0.5159185826778412
survset:UnempDur,UniSurv,3,44,2582,3.0,1,1.4142135381698608,0.7851294875144958,0.21487051248550415,1.7320507764816284,0.5046682953834534,0.49533170461654663,2.6457512378692627,0.06311969459056854,0.9368803054094315
survset:UnempDur,UniSurv,3,44,722,2.4494898319244385,0,1.4142135381698608,0.9922215342521667,0.007778465747833252,1.7320507764816284,0.972078263759613,0.027921736240386963,2.6457512378692627,0.6045252084732056,0.39547479152679443
survset:UnempDur,UniSurv,3,44,2586,5.196152210235596,0,1.4142135381698608,0.9895430207252502,0.010456979274749756,1.7320507764816284,0.979000449180603,0.020999550819396973,2.6457512378692627,0.8555974364280701,0.14440256357192993
survset:UnempDur,UniSurv,3,44,1937,1.0,1,1.4142135381698608,0.6462840437889099,0.3537159562110901,1.7320507764816284,0.3996712863445282,0.6003287136554718,2.6457512378692627,0.04370703548192978,0.9562929645180702
survset:UnempDur,UniSurv,3,44,2742,3.7416574954986572,1,1.4142135381698608,0.5687732100486755,0.43122678995132446,1.7320507764816284,0.33370253443717957,0.6662974655628204,2.6457512378692627,0.03747730702161789,0.9625226929783821
survset:UnempDur,UniSurv,3,44,547,3.0,0,1.4142135381698608,0.9949825406074524,0.005017459392547607,1.7320507764816284,0.9822019934654236,0.017798006534576416,2.6457512378692627,0.7343631982803345,0.2656368017196655
survset:UnempDur,UniSurv,3,44,1240,2.2360680103302,0,1.4142135381698608,0.9943298101425171,0.00567018985748291,1.7320507764816284,0.9695976972579956,0.030402302742004395,2.6457512378692627,0.5648835301399231,0.4351164698600769
survset:UnempDur,UniSurv,3,44,2274,1.4142135381698608,1,1.4142135381698608,0.6987705826759338,0.30122941732406616,1.7320507764816284,0.44220036268234253,0.5577996373176575,2.6457512378692627,0.0542801134288311,0.9457198865711689
survset:UnempDur,UniSurv,3,44,1893,1.4142135381698608,0,1.4142135381698608,0.7625743746757507,0.23742562532424927,1.7320507764816284,0.4911063015460968,0.5088936984539032,2.6457512378692627,0.07521133124828339,0.9247886687517166
survset:UnempDur,UniSurv,3,44,2088,1.0,1,1.4142135381698608,0.6170016527175903,0.38299834728240967,1.7320507764816284,0.38305675983428955,0.6169432401657104,2.6457512378692627,0.042819004505872726,0.9571809954941273
survset:UnempDur,UniSurv,3,44,917,1.4142135381698608,1,1.4142135381698608,0.9891149997711182,0.010885000228881836,1.7320507764816284,0.9647347927093506,0.035265207290649414,2.6457512378692627,0.5296201109886169,0.47037988901138306
survset:UnempDur,UniSurv,3,44,894,3.7416574954986572,1,1.4142135381698608,0.993981659412384,0.006018340587615967,1.7320507764816284,0.9702339768409729,0.0297660231590271,2.6457512378692627,0.7182510495185852,0.2817489504814148
survset:UnempDur,UniSurv,3,44,3171,1.4142135381698608,0,1.4142135381698608,0.7874977588653564,0.21250224113464355,1.7320507764816284,0.5067505240440369,0.49324947595596313,2.6457512378692627,0.059891361743211746,0.9401086382567883
survset:UnempDur,UniSurv,3,44,1625,1.7320507764816284,0,1.4142135381698608,0.7441952228546143,0.25580477714538574,1.7320507764816284,0.4638877213001251,0.5361122786998749,2.6457512378692627,0.05927835404872894,0.9407216459512711
survset:UnempDur,UniSurv,3,44,2815,2.4494898319244385,0,1.4142135381698608,0.9929221272468567,0.0070778727531433105,1.7320507764816284,0.9720139503479004,0.02798604965209961,2.6457512378692627,0.6697602868080139,0.3302397131919861
survset:UnempDur,UniSurv,3,44,2558,1.7320507764816284,0,1.4142135381698608,0.5993020534515381,0.4006979465484619,1.7320507764816284,0.3631327450275421,0.6368672549724579,2.6457512378692627,0.037101179361343384,0.9628988206386566
survset:UnempDur,UniSurv,3,44,2569,1.4142135381698608,1,1.4142135381698608,0.7860674858093262,0.21393251419067383,1.7320507764816284,0.5097650289535522,0.49023497104644775,2.6457512378692627,0.07142812758684158,0.9285718724131584
survset:UnempDur,UniSurv,3,44,1545,1.4142135381698608,1,1.4142135381698608,0.9938801527023315,0.006119847297668457,1.7320507764816284,0.9707496762275696,0.02925032377243042,2.6457512378692627,0.6981814503669739,0.3018185496330261
survset:UnempDur,UniSurv,3,44,1526,1.0,1,1.4142135381698608,0.7788450121879578,0.22115498781204224,1.7320507764816284,0.5013575553894043,0.4986424446105957,2.6457512378692627,0.06516065448522568,0.9348393455147743
survset:UnempDur,UniSurv,3,44,1900,1.0,1,1.4142135381698608,0.652463972568512,0.34753602743148804,1.7320507764816284,0.39414459466934204,0.605855405330658,2.6457512378692627,0.049472626298666,0.950527373701334
survset:UnempDur,UniSurv,3,44,2761,1.4142135381698608,1,1.4142135381698608,0.8608656525611877,0.13913434743881226,1.7320507764816284,0.7731614708900452,0.22683852910995483,2.6457512378692627,0.1908922791481018,0.8091077208518982
survset:UnempDur,UniSurv,3,44,1046,3.0,1,1.4142135381698608,0.9871465563774109,0.012853443622589111,1.7320507764816284,0.9744932651519775,0.02550673484802246,2.6457512378692627,0.819032609462738,0.18096739053726196
survset:UnempDur,UniSurv,3,44,2545,2.0,1,1.4142135381698608,0.9907411932945251,0.009258806705474854,1.7320507764816284,0.9749354124069214,0.025064587593078613,2.6457512378692627,0.793513298034668,0.20648670196533203
survset:UnempDur,UniSurv,3,44,933,3.7416574954986572,0,1.4142135381698608,0.9942402243614197,0.005759775638580322,1.7320507764816284,0.9685198068618774,0.03148019313812256,2.6457512378692627,0.6685869097709656,0.3314130902290344
survset:UnempDur,UniSurv,3,44,1233,3.0,0,1.4142135381698608,0.9894570708274841,0.01054292917251587,1.7320507764816284,0.9495605230331421,0.05043947696685791,2.6457512378692627,0.525838315486908,0.47416168451309204
survset:UnempDur,UniSurv,3,44,1563,3.7416574954986572,1,1.4142135381698608,0.9859721064567566,0.014027893543243408,1.7320507764816284,0.9234660863876343,0.07653391361236572,2.6457512378692627,0.3669106066226959,0.6330893933773041
survset:UnempDur,UniSurv,3,44,1780,1.0,1,1.4142135381698608,0.7705000042915344,0.22949999570846558,1.7320507764816284,0.4895610809326172,0.5104389190673828,2.6457512378692627,0.057158734649419785,0.9428412653505802
survset:UnempDur,UniSurv,3,44,2238,2.4494898319244385,0,1.4142135381698608,0.9910379648208618,0.008962035179138184,1.7320507764816284,0.9448750019073486,0.05512499809265137,2.6457512378692627,0.44984087347984314,0.5501591265201569
survset:UnempDur,UniSurv,3,44,2721,1.4142135381698608,0,1.4142135381698608,0.7390937805175781,0.2609062194824219,1.7320507764816284,0.46875372529029846,0.5312462747097015,2.6457512378692627,0.06730356067419052,0.9326964393258095
survset:UnempDur,UniSurv,3,44,2642,1.0,1,1.4142135381698608,0.6654565334320068,0.33454346656799316,1.7320507764816284,0.41403982043266296,0.585960179567337,2.6457512378692627,0.04347305744886398,0.956526942551136
survset:UnempDur,UniSurv,3,44,2099,1.7320507764816284,1,1.4142135381698608,0.7030608654022217,0.2969391345977783,1.7320507764816284,0.4378606677055359,0.5621393322944641,2.6457512378692627,0.05481079965829849,0.9451892003417015
survset:UnempDur,UniSurv,3,44,3186,1.4142135381698608,1,1.4142135381698608,0.644559919834137,0.35544008016586304,1.7320507764816284,0.3952917754650116,0.6047082245349884,2.6457512378692627,0.04453534260392189,0.9554646573960781
survset:UnempDur,UniSurv,3,44,2057,1.4142135381698608,1,1.4142135381698608,0.9901865124702454,0.009813487529754639,1.7320507764816284,0.9561586976051331,0.04384130239486694,2.6457512378692627,0.5165764689445496,0.48342353105545044
survset:UnempDur,UniSurv,3,44,2581,1.7320507764816284,0,1.4142135381698608,0.7572395205497742,0.24276047945022583,1.7320507764816284,0.4803641140460968,0.5196358859539032,2.6457512378692627,0.06138484552502632,0.9386151544749737
survset:UnempDur,UniSurv,3,44,363,3.605551242828369,1,1.4142135381698608,0.9942631721496582,0.005736827850341797,1.7320507764816284,0.9786489009857178,0.021351099014282227,2.6457512378692627,0.7912942171096802,0.20870578289031982
survset:UnempDur,UniSurv,3,44,1848,1.0,1,1.4142135381698608,0.6410512924194336,0.3589487075805664,1.7320507764816284,0.39730381965637207,0.6026961803436279,2.6457512378692627,0.04348127171397209,0.9565187282860279
survset:UnempDur,UniSurv,3,44,2460,3.0,1,1.4142135381698608,0.9942553043365479,0.0057446956634521484,1.7320507764816284,0.9730297923088074,0.026970207691192627,2.6457512378692627,0.6738166809082031,0.3261833190917969
survset:UnempDur,UniSurv,3,44,2605,1.7320507764816284,1,1.4142135381698608,0.9610620141029358,0.03893798589706421,1.7320507764816284,0.8631128668785095,0.13688713312149048,2.6457512378692627,0.3048565089702606,0.6951434910297394
survset:UnempDur,UniSurv,3,44,1600,3.0,1,1.4142135381698608,0.6843329071998596,0.3156670928001404,1.7320507764816284,0.4215140640735626,0.5784859359264374,2.6457512378692627,0.04666338115930557,0.9533366188406944
survset:UnempDur,UniSurv,3,44,319,2.0,1,1.4142135381698608,0.9896199703216553,0.010380029678344727,1.7320507764816284,0.9474470615386963,0.05255293846130371,2.6457512378692627,0.5560513138771057,0.4439486861228943
survset:UnempDur,UniSurv,3,44,1029,1.0,0,1.4142135381698608,0.9935197830200195,0.006480216979980469,1.7320507764816284,0.9651527404785156,0.034847259521484375,2.6457512378692627,0.6150293946266174,0.38497060537338257
survset:UnempDur,UniSurv,3,44,2395,4.0,0,1.4142135381698608,0.823499321937561,0.17650067806243896,1.7320507764816284,0.5622363090515137,0.43776369094848633,2.6457512378692627,0.0850212574005127,0.9149787425994873
survset:UnempDur,UniSurv,3,44,2531,1.4142135381698608,1,1.4142135381698608,0.9924710392951965,0.007528960704803467,1.7320507764816284,0.9752163887023926,0.024783611297607422,2.6457512378692627,0.6908035278320312,0.30919647216796875
survset:UnempDur,UniSurv,3,44,715,5.196152210235596,1,1.4142135381698608,0.5951452255249023,0.40485477447509766,1.7320507764816284,0.3497307300567627,0.6502692699432373,2.6457512378692627,0.03916756808757782,0.9608324319124222
survset:UnempDur,UniSurv,3,44,1202,2.0,1,1.4142135381698608,0.9920307397842407,0.007969260215759277,1.7320507764816284,0.9592839479446411,0.04071605205535889,2.6457512378692627,0.5721121430397034,0.42788785696029663
survset:UnempDur,UniSurv,3,44,1307,4.123105525970459,0,1.4142135381698608,0.9942649602890015,0.005735039710998535,1.7320507764816284,0.9718090295791626,0.028190970420837402,2.6457512378692627,0.7181270122528076,0.2818729877471924
survset:UnempDur,UniSurv,3,44,1767,1.0,1,1.4142135381698608,0.7692863941192627,0.2307136058807373,1.7320507764816284,0.49736544489860535,0.5026345551013947,2.6457512378692627,0.06559932231903076,0.9344006776809692
survset:UnempDur,UniSurv,3,44,844,4.0,0,1.4142135381698608,0.9935185313224792,0.006481468677520752,1.7320507764816284,0.9740553498268127,0.025944650173187256,2.6457512378692627,0.7424848079681396,0.25751519203186035
survset:UnempDur,UniSurv,3,44,26,1.0,1,1.4142135381698608,0.6970822811126709,0.3029177188873291,1.7320507764816284,0.42819467186927795,0.571805328130722,2.6457512378692627,0.048097655177116394,0.9519023448228836
survset:UnempDur,UniSurv,3,44,2773,3.605551242828369,0,1.4142135381698608,0.9875456690788269,0.012454330921173096,1.7320507764816284,0.9742039442062378,0.025796055793762207,2.6457512378692627,0.7443284392356873,0.25567156076431274
survset:UnempDur,UniSurv,3,44,1026,5.291502475738525,0,1.4142135381698608,0.990453839302063,0.009546160697937012,1.7320507764816284,0.9484941363334656,0.051505863666534424,2.6457512378692627,0.5128575563430786,0.4871424436569214
survset:UnempDur,UniSurv,3,44,2878,3.1622776985168457,0,1.4142135381698608,0.9042474031448364,0.09575259685516357,1.7320507764816284,0.7705910205841064,0.22940897941589355,2.6457512378692627,0.15535575151443481,0.8446442484855652
survset:UnempDur,UniSurv,3,44,16,1.0,1,1.4142135381698608,0.5882159471511841,0.4117840528488159,1.7320507764816284,0.3563026785850525,0.6436973214149475,2.6457512378692627,0.03776709735393524,0.9622329026460648
survset:UnempDur,UniSurv,3,44,1691,2.2360680103302,1,1.4142135381698608,0.8142436742782593,0.18575632572174072,1.7320507764816284,0.545049250125885,0.454950749874115,2.6457512378692627,0.08682593703269958,0.9131740629673004
survset:UnempDur,UniSurv,3,44,1912,2.6457512378692627,1,1.4142135381698608,0.7681390643119812,0.2318609356880188,1.7320507764816284,0.4915961027145386,0.5084038972854614,2.6457512378692627,0.075612373650074,0.924387626349926
survset:UnempDur,UniSurv,3,44,1243,1.4142135381698608,1,1.4142135381698608,0.7580017447471619,0.24199825525283813,1.7320507764816284,0.48234349489212036,0.5176565051078796,2.6457512378692627,0.061578162014484406,0.9384218379855156
survset:UnempDur,UniSurv,3,44,104,2.4494898319244385,0,1.4142135381698608,0.9898112416267395,0.010188758373260498,1.7320507764816284,0.961816132068634,0.03818386793136597,2.6457512378692627,0.5307984352111816,0.46920156478881836
survset:UnempDur,UniSurv,3,44,399,2.8284270763397217,0,1.4142135381698608,0.9932859539985657,0.006714046001434326,1.7320507764816284,0.96537846326828,0.03462153673171997,2.6457512378692627,0.654788613319397,0.345211386680603
survset:UnempDur,UniSurv,3,44,2472,1.7320507764816284,0,1.4142135381698608,0.6298746466636658,0.37012535333633423,1.7320507764816284,0.4063354432582855,0.5936645567417145,2.6457512378692627,0.04870811477303505,0.951291885226965
survset:UnempDur,UniSurv,3,44,46,1.0,1,1.4142135381698608,0.7369101047515869,0.2630898952484131,1.7320507764816284,0.45832666754722595,0.541673332452774,2.6457512378692627,0.061121828854084015,0.938878171145916
survset:UnempDur,UniSurv,3,44,1520,3.464101552963257,0,1.4142135381698608,0.9934555888175964,0.0065444111824035645,1.7320507764816284,0.9768903851509094,0.023109614849090576,2.6457512378692627,0.6760038137435913,0.3239961862564087
survset:UnempDur,UniSurv,3,44,3060,1.4142135381698608,1,1.4142135381698608,0.9876343011856079,0.01236569881439209,1.7320507764816284,0.9418486952781677,0.058151304721832275,2.6457512378692627,0.48083463311195374,0.5191653668880463
survset:UnempDur,UniSurv,3,44,2818,1.4142135381698608,0,1.4142135381698608,0.626354455947876,0.373645544052124,1.7320507764816284,0.3881693184375763,0.6118306815624237,2.6457512378692627,0.04468560591340065,0.9553143940865993
survset:UnempDur,UniSurv,3,44,1054,1.7320507764816284,1,1.4142135381698608,0.7744358777999878,0.2255641222000122,1.7320507764816284,0.49277350306510925,0.5072264969348907,2.6457512378692627,0.05841272324323654,0.9415872767567635
survset:UnempDur,UniSurv,3,44,444,1.0,1,1.4142135381698608,0.7377256751060486,0.2622743248939514,1.7320507764816284,0.4640345275402069,0.5359654724597931,2.6457512378692627,0.05689782649278641,0.9431021735072136
survset:UnempDur,UniSurv,3,44,1626,1.4142135381698608,1,1.4142135381698608,0.6955652832984924,0.30443471670150757,1.7320507764816284,0.42743054032325745,0.5725694596767426,2.6457512378692627,0.044003769755363464,0.9559962302446365
survset:UnempDur,UniSurv,3,44,2726,1.7320507764816284,0,1.4142135381698608,0.8063751459121704,0.1936248540878296,1.7320507764816284,0.5387685894966125,0.46123141050338745,2.6457512378692627,0.09162524342536926,0.9083747565746307
survset:UnempDur,UniSurv,3,44,2891,4.123105525970459,1,1.4142135381698608,0.9941038489341736,0.005896151065826416,1.7320507764816284,0.9711143374443054,0.02888566255569458,2.6457512378692627,0.6736275553703308,0.3263724446296692
survset:UnempDur,UniSurv,3,44,1330,2.0,0,1.4142135381698608,0.987594723701477,0.01240527629852295,1.7320507764816284,0.9627557396888733,0.03724426031112671,2.6457512378692627,0.6275811791419983,0.3724188208580017
survset:UnempDur,UniSurv,3,44,3004,1.0,1,1.4142135381698608,0.49761533737182617,0.5023846626281738,1.7320507764816284,0.37058162689208984,0.6294183731079102,2.6457512378692627,0.06331053376197815,0.9366894662380219
survset:UnempDur,UniSurv,3,44,1335,1.0,1,1.4142135381698608,0.8206846714019775,0.17931532859802246,1.7320507764816284,0.5609517097473145,0.43904829025268555,2.6457512378692627,0.08239953219890594,0.917600467801094
survset:UnempDur,UniSurv,3,44,1620,5.196152210235596,1,1.4142135381698608,0.990004301071167,0.009995698928833008,1.7320507764816284,0.9651357531547546,0.03486424684524536,2.6457512378692627,0.6221427321434021,0.3778572678565979
survset:UnempDur,UniSurv,3,44,2438,2.4494898319244385,0,1.4142135381698608,0.7783570885658264,0.22164291143417358,1.7320507764816284,0.4977334439754486,0.5022665560245514,2.6457512378692627,0.0564362108707428,0.9435637891292572
survset:UnempDur,UniSurv,3,44,1993,1.7320507764816284,1,1.4142135381698608,0.7265177965164185,0.27348220348358154,1.7320507764816284,0.44981223344802856,0.5501877665519714,2.6457512378692627,0.05578751862049103,0.944212481379509
survset:UnempDur,UniSurv,3,44,1291,1.7320507764816284,1,1.4142135381698608,0.9928370714187622,0.007162928581237793,1.7320507764816284,0.9644655585289001,0.035534441471099854,2.6457512378692627,0.6602671146392822,0.3397328853607178
survset:UnempDur,UniSurv,3,44,1474,1.7320507764816284,1,1.4142135381698608,0.967243492603302,0.032756507396698,1.7320507764816284,0.9129049777984619,0.08709502220153809,2.6457512378692627,0.4592875838279724,0.5407124161720276
survset:UnempDur,UniSurv,3,44,1140,3.605551242828369,0,1.4142135381698608,0.9921939373016357,0.007806062698364258,1.7320507764816284,0.9813799262046814,0.018620073795318604,2.6457512378692627,0.8400988578796387,0.15990114212036133
survset:UnempDur,UniSurv,3,44,2168,2.4494898319244385,0,1.4142135381698608,0.984687328338623,0.015312671661376953,1.7320507764816284,0.9649168848991394,0.035083115100860596,2.6457512378692627,0.6526107788085938,0.34738922119140625
survset:UnempDur,UniSurv,3,44,1857,2.8284270763397217,0,1.4142135381698608,0.989886999130249,0.010113000869750977,1.7320507764816284,0.9454679489135742,0.05453205108642578,2.6457512378692627,0.5114004015922546,0.48859959840774536
survset:UnempDur,UniSurv,3,44,3208,4.582575798034668,1,1.4142135381698608,0.9863033294677734,0.013696670532226562,1.7320507764816284,0.9410686492919922,0.05893135070800781,2.6457512378692627,0.4165528416633606,0.5834471583366394
survset:UnempDur,UniSurv,3,44,3184,1.4142135381698608,1,1.4142135381698608,0.7684282064437866,0.23157179355621338,1.7320507764816284,0.49119606614112854,0.5088039338588715,2.6457512378692627,0.0626380518078804,0.9373619481921196
survset:UnempDur,UniSurv,3,44,579,2.2360680103302,1,1.4142135381698608,0.9948055744171143,0.005194425582885742,1.7320507764816284,0.976941704750061,0.023058295249938965,2.6457512378692627,0.7014585137367249,0.29854148626327515
survset:UnempDur,UniSurv,3,44,1378,1.0,1,1.4142135381698608,0.6868579387664795,0.3131420612335205,1.7320507764816284,0.4274098575115204,0.5725901424884796,2.6457512378692627,0.05247505009174347,0.9475249499082565
survset:UnempDur,UniSurv,3,44,2677,3.316624879837036,0,1.4142135381698608,0.994305431842804,0.005694568157196045,1.7320507764816284,0.9669137001037598,0.033086299896240234,2.6457512378692627,0.582900881767273,0.41709911823272705
survset:UnempDur,UniSurv,3,44,45,3.7416574954986572,1,1.4142135381698608,0.9906089305877686,0.009391069412231445,1.7320507764816284,0.9424120783805847,0.05758792161941528,2.6457512378692627,0.49170055985450745,0.5082994401454926
survset:UnempDur,UniSurv,3,44,1885,2.0,1,1.4142135381698608,0.9950132966041565,0.004986703395843506,1.7320507764816284,0.9788053631782532,0.021194636821746826,2.6457512378692627,0.7545931339263916,0.2454068660736084
survset:UnempDur,UniSurv,3,44,1127,1.7320507764816284,1,1.4142135381698608,0.6414830684661865,0.3585169315338135,1.7320507764816284,0.3964318335056305,0.6035681664943695,2.6457512378692627,0.04326063394546509,0.9567393660545349
survset:UnempDur,UniSurv,3,44,1859,2.4494898319244385,1,1.4142135381698608,0.6155261993408203,0.3844738006591797,1.7320507764816284,0.39301252365112305,0.606987476348877,2.6457512378692627,0.04474569857120514,0.9552543014287949
survset:UnempDur,UniSurv,3,44,32,2.4494898319244385,0,1.4142135381698608,0.7126933932304382,0.28730660676956177,1.7320507764816284,0.4361753463745117,0.5638246536254883,2.6457512378692627,0.05014120414853096,0.949858795851469
survset:UnempDur,UniSurv,3,44,2789,1.0,1,1.4142135381698608,0.6334524154663086,0.3665475845336914,1.7320507764816284,0.39408960938453674,0.6059103906154633,2.6457512378692627,0.044506266713142395,0.9554937332868576
survset:UnempDur,UniSurv,3,44,1443,1.4142135381698608,0,1.4142135381698608,0.798240602016449,0.20175939798355103,1.7320507764816284,0.5274437665939331,0.4725562334060669,2.6457512378692627,0.08413901180028915,0.9158609881997108
survset:UnempDur,UniSurv,3,44,2331,1.4142135381698608,1,1.4142135381698608,0.7352927923202515,0.26470720767974854,1.7320507764816284,0.45762544870376587,0.5423745512962341,2.6457512378692627,0.06385653465986252,0.9361434653401375
survset:UnempDur,UniSurv,3,44,1908,2.8284270763397217,1,1.4142135381698608,0.9927906394004822,0.007209360599517822,1.7320507764816284,0.9632188677787781,0.036781132221221924,2.6457512378692627,0.6153243184089661,0.38467568159103394
survset:UnempDur,UniSurv,3,44,2587,1.7320507764816284,0,1.4142135381698608,0.8114191889762878,0.18858081102371216,1.7320507764816284,0.5334693789482117,0.46653062105178833,2.6457512378692627,0.07110854983329773,0.9288914501667023
survset:UnempDur,UniSurv,3,44,3141,1.0,1,1.4142135381698608,0.6750082969665527,0.32499170303344727,1.7320507764816284,0.41268181800842285,0.5873181819915771,2.6457512378692627,0.044773589819669724,0.9552264101803303
survset:UnempDur,UniSurv,3,44,849,4.4721360206604,0,1.4142135381698608,0.9913904666900635,0.008609533309936523,1.7320507764816284,0.9753286838531494,0.024671316146850586,2.6457512378692627,0.775727391242981,0.22427260875701904
survset:UnempDur,UniSurv,3,44,2951,1.7320507764816284,1,1.4142135381698608,0.6567631959915161,0.3432368040084839,1.7320507764816284,0.40577781200408936,0.5942221879959106,2.6457512378692627,0.04458729177713394,0.9554127082228661
survset:UnempDur,UniSurv,3,44,1650,1.4142135381698608,1,1.4142135381698608,0.9887859225273132,0.011214077472686768,1.7320507764816284,0.9538891315460205,0.04611086845397949,2.6457512378692627,0.5432348847389221,0.4567651152610779
survset:UnempDur,UniSurv,3,44,796,1.4142135381698608,1,1.4142135381698608,0.9318371415138245,0.06816285848617554,1.7320507764816284,0.8658322691917419,0.13416773080825806,2.6457512378692627,0.20008152723312378,0.7999184727668762
survset:UnempDur,UniSurv,3,44,2847,2.6457512378692627,0,1.4142135381698608,0.9928593635559082,0.007140636444091797,1.7320507764816284,0.976860523223877,0.023139476776123047,2.6457512378692627,0.8037543892860413,0.19624561071395874
survset:UnempDur,UniSurv,3,44,2690,2.2360680103302,1,1.4142135381698608,0.9938493371009827,0.006150662899017334,1.7320507764816284,0.967207670211792,0.03279232978820801,2.6457512378692627,0.6623773574829102,0.33762264251708984
survset:UnempDur,UniSurv,3,44,1775,3.464101552963257,1,1.4142135381698608,0.9928421378135681,0.007157862186431885,1.7320507764816284,0.9617488980293274,0.03825110197067261,2.6457512378692627,0.5211594700813293,0.47884052991867065
survset:UnempDur,UniSurv,3,44,2883,1.4142135381698608,1,1.4142135381698608,0.9907063245773315,0.009293675422668457,1.7320507764816284,0.952161967754364,0.047838032245635986,2.6457512378692627,0.5651079416275024,0.43489205837249756
survset:UnempDur,UniSurv,3,44,2152,2.4494898319244385,0,1.4142135381698608,0.9939433336257935,0.006056666374206543,1.7320507764816284,0.964040994644165,0.03595900535583496,2.6457512378692627,0.5067137479782104,0.49328625202178955
survset:UnempDur,UniSurv,3,44,179,1.4142135381698608,1,1.4142135381698608,0.9933103322982788,0.006689667701721191,1.7320507764816284,0.9781228303909302,0.021877169609069824,2.6457512378692627,0.654872477054596,0.34512752294540405
survset:UnempDur,UniSurv,3,44,1085,2.4494898319244385,0,1.4142135381698608,0.9815987348556519,0.018401265144348145,1.7320507764816284,0.9082707762718201,0.09172922372817993,2.6457512378692627,0.34232085943222046,0.6576791405677795
survset:UnempDur,UniSurv,3,44,1955,2.0,1,1.4142135381698608,0.9938244819641113,0.006175518035888672,1.7320507764816284,0.9786500930786133,0.02134990692138672,2.6457512378692627,0.7954675555229187,0.2045324444770813
survset:UnempDur,UniSurv,3,44,1299,2.0,1,1.4142135381698608,0.9909842014312744,0.009015798568725586,1.7320507764816284,0.973446249961853,0.026553750038146973,2.6457512378692627,0.7738683223724365,0.22613167762756348
survset:UnempDur,UniSurv,3,44,200,1.4142135381698608,1,1.4142135381698608,0.7388656139373779,0.26113438606262207,1.7320507764816284,0.4641713798046112,0.5358286201953888,2.6457512378692627,0.0622849240899086,0.9377150759100914
survset:UnempDur,UniSurv,3,44,2207,2.2360680103302,1,1.4142135381698608,0.9829665422439575,0.01703345775604248,1.7320507764816284,0.9510436654090881,0.048956334590911865,2.6457512378692627,0.551372230052948,0.448627769947052
survset:UnempDur,UniSurv,3,44,193,2.8284270763397217,0,1.4142135381698608,0.9918935298919678,0.008106470108032227,1.7320507764816284,0.9791438579559326,0.020856142044067383,2.6457512378692627,0.7755120992660522,0.22448790073394775
survset:UnempDur,UniSurv,3,44,1845,2.4494898319244385,1,1.4142135381698608,0.9924498796463013,0.0075501203536987305,1.7320507764816284,0.951126217842102,0.04887378215789795,2.6457512378692627,0.5277894139289856,0.4722105860710144
survset:UnempDur,UniSurv,3,44,921,2.4494898319244385,0,1.4142135381698608,0.7781964540481567,0.22180354595184326,1.7320507764816284,0.4974171817302704,0.5025828182697296,2.6457512378692627,0.05713896453380585,0.9428610354661942
survset:UnempDur,UniSurv,3,44,156,3.605551242828369,0,1.4142135381698608,0.99215167760849,0.00784832239151001,1.7320507764816284,0.9759044051170349,0.024095594882965088,2.6457512378692627,0.8022665977478027,0.19773340225219727
survset:UnempDur,UniSurv,3,44,3053,1.0,1,1.4142135381698608,0.9924646019935608,0.007535398006439209,1.7320507764816284,0.9727158546447754,0.02728414535522461,2.6457512378692627,0.6707116365432739,0.3292883634567261
survset:UnempDur,UniSurv,3,44,1570,1.0,1,1.4142135381698608,0.634651780128479,0.365348219871521,1.7320507764816284,0.38447797298431396,0.615522027015686,2.6457512378692627,0.04162338376045227,0.9583766162395477
survset:UnempDur,UniSurv,3,44,1021,2.0,0,1.4142135381698608,0.9922106862068176,0.007789313793182373,1.7320507764816284,0.9775023460388184,0.02249765396118164,2.6457512378692627,0.8269035816192627,0.1730964183807373
survset:UnempDur,UniSurv,3,44,773,1.0,1,1.4142135381698608,0.9883676767349243,0.011632323265075684,1.7320507764816284,0.9697293639183044,0.030270636081695557,2.6457512378692627,0.6199544072151184,0.3800455927848816
survset:UnempDur,UniSurv,3,44,2538,2.8284270763397217,0,1.4142135381698608,0.9812744855880737,0.01872551441192627,1.7320507764816284,0.9170501232147217,0.08294987678527832,2.6457512378692627,0.4181658923625946,0.5818341076374054
survset:UnempDur,UniSurv,3,44,3158,1.0,1,1.4142135381698608,0.7638069987297058,0.2361930012702942,1.7320507764816284,0.48766833543777466,0.5123316645622253,2.6457512378692627,0.07417642325162888,0.9258235767483711
survset:UnempDur,UniSurv,3,44,196,1.7320507764816284,1,1.4142135381698608,0.7610034346580505,0.23899656534194946,1.7320507764816284,0.4831470251083374,0.5168529748916626,2.6457512378692627,0.06651479750871658,0.9334852024912834
survset:UnempDur,UniSurv,3,44,2053,2.0,1,1.4142135381698608,0.7816754579544067,0.21832454204559326,1.7320507764816284,0.5116825699806213,0.48831743001937866,2.6457512378692627,0.06624703854322433,0.9337529614567757
survset:UnempDur,UniSurv,3,44,1909,3.605551242828369,1,1.4142135381698608,0.7886253595352173,0.21137464046478271,1.7320507764816284,0.5185478925704956,0.4814521074295044,2.6457512378692627,0.08687955886125565,0.9131204411387444
survset:UnempDur,UniSurv,3,44,1936,3.7416574954986572,1,1.4142135381698608,0.9874986410140991,0.012501358985900879,1.7320507764816284,0.9631258845329285,0.03687411546707153,2.6457512378692627,0.646058201789856,0.35394179821014404
survset:UnempDur,UniSurv,3,44,1209,2.8284270763397217,0,1.4142135381698608,0.9916619062423706,0.008338093757629395,1.7320507764816284,0.9804822206497192,0.01951777935028076,2.6457512378692627,0.7765122652053833,0.2234877347946167
survset:UnempDur,UniSurv,3,44,1334,1.7320507764816284,0,1.4142135381698608,0.9925064444541931,0.007493555545806885,1.7320507764816284,0.9623555541038513,0.03764444589614868,2.6457512378692627,0.608834445476532,0.391165554523468
survset:UnempDur,UniSurv,3,44,86,3.0,0,1.4142135381698608,0.9947048425674438,0.005295157432556152,1.7320507764816284,0.9794157147407532,0.020584285259246826,2.6457512378692627,0.6699027419090271,0.3300972580909729
survset:UnempDur,UniSurv,3,44,3191,2.2360680103302,1,1.4142135381698608,0.5560961365699768,0.4439038634300232,1.7320507764816284,0.36772286891937256,0.6322771310806274,2.6457512378692627,0.04973085597157478,0.9502691440284252
survset:UnempDur,UniSurv,3,44,2307,2.8284270763397217,0,1.4142135381698608,0.9820681810379028,0.017931818962097168,1.7320507764816284,0.9494559168815613,0.05054408311843872,2.6457512378692627,0.5500643849372864,0.4499356150627136
survset:UnempDur,UniSurv,3,44,2000,2.4494898319244385,0,1.4142135381698608,0.7789141535758972,0.22108584642410278,1.7320507764816284,0.5025864839553833,0.4974135160446167,2.6457512378692627,0.0693020299077034,0.9306979700922966
survset:UnempDur,UniSurv,3,44,3059,4.4721360206604,0,1.4142135381698608,0.5615870356559753,0.43841296434402466,1.7320507764816284,0.3329107165336609,0.6670892834663391,2.6457512378692627,0.03709128499031067,0.9629087150096893
survset:UnempDur,UniSurv,3,44,2178,3.7416574954986572,1,1.4142135381698608,0.7764150500297546,0.22358494997024536,1.7320507764816284,0.49567392468452454,0.5043260753154755,2.6457512378692627,0.05964607745409012,0.9403539225459099
survset:UnempDur,UniSurv,3,44,1125,1.0,1,1.4142135381698608,0.7595995664596558,0.24040043354034424,1.7320507764816284,0.513028621673584,0.486971378326416,2.6457512378692627,0.0717911496758461,0.9282088503241539
survset:UnempDur,UniSurv,3,44,2140,2.6457512378692627,0,1.4142135381698608,0.7394691109657288,0.26053088903427124,1.7320507764816284,0.45790421962738037,0.5420957803726196,2.6457512378692627,0.0561412088572979,0.9438587911427021
survset:UnempDur,UniSurv,3,44,959,1.0,0,1.4142135381698608,0.990327000617981,0.009672999382019043,1.7320507764816284,0.9334916472434998,0.06650835275650024,2.6457512378692627,0.4400371015071869,0.5599628984928131
survset:UnempDur,UniSurv,3,44,1275,1.7320507764816284,1,1.4142135381698608,0.9897313714027405,0.010268628597259521,1.7320507764816284,0.9418766498565674,0.05812335014343262,2.6457512378692627,0.4959762692451477,0.5040237307548523
survset:UnempDur,UniSurv,3,44,3083,1.4142135381698608,1,1.4142135381698608,0.6316635012626648,0.3683364987373352,1.7320507764816284,0.39115074276924133,0.6088492572307587,2.6457512378692627,0.041066743433475494,0.9589332565665245
survset:UnempDur,UniSurv,3,44,1503,3.605551242828369,0,1.4142135381698608,0.9940612316131592,0.00593876838684082,1.7320507764816284,0.9794064164161682,0.020593583583831787,2.6457512378692627,0.7278332710266113,0.27216672897338867
survset:UnempDur,UniSurv,3,44,2810,1.0,1,1.4142135381698608,0.6900045871734619,0.3099954128265381,1.7320507764816284,0.42341989278793335,0.5765801072120667,2.6457512378692627,0.04754113778471947,0.9524588622152805
survset:UnempDur,UniSurv,3,44,1288,4.0,1,1.4142135381698608,0.9910987615585327,0.008901238441467285,1.7320507764816284,0.945736825466156,0.054263174533843994,2.6457512378692627,0.5056466460227966,0.49435335397720337
survset:UnempDur,UniSurv,3,44,1863,4.242640495300293,1,1.4142135381698608,0.9906063675880432,0.009393632411956787,1.7320507764816284,0.9572967886924744,0.042703211307525635,2.6457512378692627,0.5805555582046509,0.4194444417953491
survset:UnempDur,UniSurv,3,44,2340,1.0,1,1.4142135381698608,0.7037172317504883,0.2962827682495117,1.7320507764816284,0.4298434853553772,0.5701565146446228,2.6457512378692627,0.055195827037096024,0.944804172962904
survset:UnempDur,UniSurv,3,44,2515,3.605551242828369,1,1.4142135381698608,0.9888424873352051,0.011157512664794922,1.7320507764816284,0.9471437931060791,0.0528562068939209,2.6457512378692627,0.5058204531669617,0.49417954683303833
survset:UnempDur,UniSurv,3,44,3054,1.7320507764816284,1,1.4142135381698608,0.7289108037948608,0.27108919620513916,1.7320507764816284,0.4687846004962921,0.5312153995037079,2.6457512378692627,0.06384002417325974,0.9361599758267403
survset:UnempDur,UniSurv,3,44,764,1.4142135381698608,1,1.4142135381698608,0.8484483361244202,0.15155166387557983,1.7320507764816284,0.6000819206237793,0.3999180793762207,2.6457512378692627,0.09159203618764877,0.9084079638123512
survset:UnempDur,UniSurv,3,44,2775,1.0,1,1.4142135381698608,0.6608822345733643,0.33911776542663574,1.7320507764816284,0.4121374189853668,0.5878625810146332,2.6457512378692627,0.04682430997490883,0.9531756900250912
survset:UnempDur,UniSurv,3,44,1492,2.4494898319244385,1,1.4142135381698608,0.9873507618904114,0.012649238109588623,1.7320507764816284,0.9481523633003235,0.051847636699676514,2.6457512378692627,0.4847557246685028,0.5152442753314972
survset:UnempDur,UniSurv,3,44,410,3.605551242828369,0,1.4142135381698608,0.9925852417945862,0.007414758205413818,1.7320507764816284,0.9712027907371521,0.0287972092628479,2.6457512378692627,0.6643373370170593,0.3356626629829407
survset:UnempDur,UniSurv,3,44,954,2.4494898319244385,0,1.4142135381698608,0.7949613332748413,0.2050386667251587,1.7320507764816284,0.7299403548240662,0.27005964517593384,2.6457512378692627,0.27033859491348267,0.7296614050865173
survset:UnempDur,UniSurv,3,44,1674,1.4142135381698608,1,1.4142135381698608,0.7505919337272644,0.2494080662727356,1.7320507764816284,0.47368964552879333,0.5263103544712067,2.6457512378692627,0.06291057169437408,0.9370894283056259
survset:UnempDur,UniSurv,3,44,90,1.0,1,1.4142135381698608,0.992571234703064,0.007428765296936035,1.7320507764816284,0.9741783142089844,0.025821685791015625,2.6457512378692627,0.607756495475769,0.39224350452423096
survset:UnempDur,UniSurv,3,44,2061,2.6457512378692627,0,1.4142135381698608,0.9930030107498169,0.0069969892501831055,1.7320507764816284,0.9762811660766602,0.023718833923339844,2.6457512378692627,0.7129104733467102,0.2870895266532898
survset:UnempDur,UniSurv,3,44,3166,1.7320507764816284,1,1.4142135381698608,0.9877878427505493,0.012212157249450684,1.7320507764816284,0.9687231779098511,0.031276822090148926,2.6457512378692627,0.6637275218963623,0.3362724781036377
survset:UnempDur,UniSurv,3,44,2417,1.0,1,1.4142135381698608,0.6323196291923523,0.3676803708076477,1.7320507764816284,0.3928278684616089,0.6071721315383911,2.6457512378692627,0.045828159898519516,0.9541718401014805
survset:UnempDur,UniSurv,3,44,1469,3.605551242828369,0,1.4142135381698608,0.9944226145744324,0.005577385425567627,1.7320507764816284,0.9694394469261169,0.030560553073883057,2.6457512378692627,0.67815101146698,0.32184898853302
survset:UnempDur,UniSurv,3,44,2518,5.196152210235596,0,1.4142135381698608,0.9919118285179138,0.008088171482086182,1.7320507764816284,0.9574360251426697,0.04256397485733032,2.6457512378692627,0.5351092219352722,0.4648907780647278
survset:UnempDur,UniSurv,3,44,2922,3.0,0,1.4142135381698608,0.9918117523193359,0.008188247680664062,1.7320507764816284,0.9627978801727295,0.03720211982727051,2.6457512378692627,0.638633131980896,0.361366868019104
survset:UnempDur,UniSurv,3,44,2129,1.7320507764816284,0,1.4142135381698608,0.9565263390541077,0.043473660945892334,1.7320507764816284,0.8867066502571106,0.1132933497428894,2.6457512378692627,0.32910701632499695,0.670892983675003
survset:UnempDur,UniSurv,3,44,1751,3.7416574954986572,0,1.4142135381698608,0.9947830438613892,0.00521695613861084,1.7320507764816284,0.9776166677474976,0.02238333225250244,2.6457512378692627,0.7298130393028259,0.2701869606971741
survset:UnempDur,UniSurv,3,44,908,3.0,1,1.4142135381698608,0.9919888377189636,0.008011162281036377,1.7320507764816284,0.9815430641174316,0.01845693588256836,2.6457512378692627,0.796741247177124,0.20325875282287598
survset:UnempDur,UniSurv,3,44,275,1.0,1,1.4142135381698608,0.9928648471832275,0.007135152816772461,1.7320507764816284,0.965384840965271,0.034615159034729004,2.6457512378692627,0.6037974953651428,0.3962025046348572
survset:UnempDur,UniSurv,3,44,2033,3.0,1,1.4142135381698608,0.9938337206840515,0.006166279315948486,1.7320507764816284,0.9752978086471558,0.02470219135284424,2.6457512378692627,0.7178481817245483,0.28215181827545166
survset:UnempDur,UniSurv,3,44,606,1.7320507764816284,1,1.4142135381698608,0.825058102607727,0.17494189739227295,1.7320507764816284,0.6846684217453003,0.3153315782546997,2.6457512378692627,0.12585893273353577,0.8741410672664642
survset:UnempDur,UniSurv,3,44,303,3.316624879837036,0,1.4142135381698608,0.9923110008239746,0.007688999176025391,1.7320507764816284,0.9660032391548157,0.033996760845184326,2.6457512378692627,0.6725563406944275,0.3274436593055725
survset:UnempDur,UniSurv,3,44,3219,3.1622776985168457,0,1.4142135381698608,0.9933430552482605,0.006656944751739502,1.7320507764816284,0.9730796217918396,0.0269203782081604,2.6457512378692627,0.7533462047576904,0.24665379524230957
survset:UnempDur,UniSurv,3,44,276,2.8284270763397217,1,1.4142135381698608,0.9934157729148865,0.006584227085113525,1.7320507764816284,0.97323077917099,0.02676922082901001,2.6457512378692627,0.7441838383674622,0.25581616163253784
survset:UnempDur,UniSurv,3,44,2528,2.2360680103302,1,1.4142135381698608,0.8063094019889832,0.19369059801101685,1.7320507764816284,0.5349118709564209,0.4650881290435791,2.6457512378692627,0.08274389058351517,0.9172561094164848
survset:UnempDur,UniSurv,3,44,1849,3.316624879837036,1,1.4142135381698608,0.9921262264251709,0.007873773574829102,1.7320507764816284,0.9599116444587708,0.04008835554122925,2.6457512378692627,0.5688158869743347,0.4311841130256653
survset:UnempDur,UniSurv,3,44,782,3.0,0,1.4142135381698608,0.9926456212997437,0.007354378700256348,1.7320507764816284,0.9634848833084106,0.036515116691589355,2.6457512378692627,0.5926129817962646,0.40738701820373535
survset:UnempDur,UniSurv,3,44,756,4.0,0,1.4142135381698608,0.9940882921218872,0.005911707878112793,1.7320507764816284,0.9820916056632996,0.01790839433670044,2.6457512378692627,0.751705527305603,0.24829447269439697
survset:UnempDur,UniSurv,3,44,2214,2.2360680103302,0,1.4142135381698608,0.9877927303314209,0.012207269668579102,1.7320507764816284,0.9468953013420105,0.0531046986579895,2.6457512378692627,0.5084461569786072,0.4915538430213928
survset:UnempDur,UniSurv,3,44,1834,1.7320507764816284,0,1.4142135381698608,0.9917716979980469,0.008228302001953125,1.7320507764816284,0.9586952924728394,0.041304707527160645,2.6457512378692627,0.5617079138755798,0.43829208612442017
survset:UnempDur,UniSurv,3,44,2456,2.2360680103302,1,1.4142135381698608,0.6624377369880676,0.3375622630119324,1.7320507764816284,0.4012768268585205,0.5987231731414795,2.6457512378692627,0.05072074756026268,0.9492792524397373
survset:UnempDur,UniSurv,3,44,2390,1.4142135381698608,0,1.4142135381698608,0.8282516598701477,0.1717483401298523,1.7320507764816284,0.5659345388412476,0.43406546115875244,2.6457512378692627,0.08769748359918594,0.9123025164008141
survset:UnempDur,UniSurv,3,44,2074,5.196152210235596,1,1.4142135381698608,0.9937449097633362,0.006255090236663818,1.7320507764816284,0.9630672335624695,0.03693276643753052,2.6457512378692627,0.60627281665802,0.39372718334198
survset:UnempDur,UniSurv,3,44,661,2.2360680103302,0,1.4142135381698608,0.9220835566520691,0.07791644334793091,1.7320507764816284,0.7375028133392334,0.2624971866607666,2.6457512378692627,0.13387936353683472,0.8661206364631653
survset:UnempDur,UniSurv,3,44,1602,3.0,0,1.4142135381698608,0.9928510189056396,0.0071489810943603516,1.7320507764816284,0.9601767659187317,0.03982323408126831,2.6457512378692627,0.6199316382408142,0.3800683617591858
survset:UnempDur,UniSurv,3,44,262,3.605551242828369,1,1.4142135381698608,0.9892482161521912,0.010751783847808838,1.7320507764816284,0.9695302844047546,0.03046971559524536,2.6457512378692627,0.6993460059165955,0.30065399408340454
survset:UnempDur,UniSurv,3,44,2317,1.4142135381698608,1,1.4142135381698608,0.9902543425559998,0.009745657444000244,1.7320507764816284,0.9574070572853088,0.04259294271469116,2.6457512378692627,0.5905118584632874,0.40948814153671265
survset:UnempDur,UniSurv,3,44,873,2.6457512378692627,1,1.4142135381698608,0.9861926436424255,0.013807356357574463,1.7320507764816284,0.9511889219284058,0.04881107807159424,2.6457512378692627,0.5417839288711548,0.4582160711288452
survset:UnempDur,UniSurv,3,44,1055,2.2360680103302,0,1.4142135381698608,0.7720548510551453,0.22794514894485474,1.7320507764816284,0.4913014769554138,0.5086985230445862,2.6457512378692627,0.05785670131444931,0.9421432986855507
survset:UnempDur,UniSurv,3,44,1002,2.2360680103302,0,1.4142135381698608,0.9918253421783447,0.008174657821655273,1.7320507764816284,0.9651174545288086,0.034882545471191406,2.6457512378692627,0.641917884349823,0.358082115650177
survset:UnempDur,UniSurv,3,44,2423,3.872983455657959,1,1.4142135381698608,0.9936214089393616,0.006378591060638428,1.7320507764816284,0.970576822757721,0.029423177242279053,2.6457512378692627,0.7080253958702087,0.29197460412979126
survset:UnempDur,UniSurv,3,44,2909,2.8284270763397217,1,1.4142135381698608,0.9914335012435913,0.008566498756408691,1.7320507764816284,0.9767317771911621,0.02326822280883789,2.6457512378692627,0.7787566781044006,0.22124332189559937
survset:UnempDur,UniSurv,3,44,1818,1.4142135381698608,1,1.4142135381698608,0.9941058158874512,0.005894184112548828,1.7320507764816284,0.9712114334106445,0.02878856658935547,2.6457512378692627,0.6898306608200073,0.3101693391799927
survset:UnempDur,UniSurv,3,44,1927,3.316624879837036,1,1.4142135381698608,0.9898540377616882,0.010145962238311768,1.7320507764816284,0.9545586109161377,0.045441389083862305,2.6457512378692627,0.5584231019020081,0.44157689809799194
survset:UnempDur,UniSurv,3,44,2975,3.872983455657959,0,1.4142135381698608,0.9935323596000671,0.006467640399932861,1.7320507764816284,0.9610729813575745,0.03892701864242554,2.6457512378692627,0.5848088264465332,0.4151911735534668
survset:UnempDur,UniSurv,3,44,1964,3.316624879837036,1,1.4142135381698608,0.9925808906555176,0.007419109344482422,1.7320507764816284,0.9774450063705444,0.022554993629455566,2.6457512378692627,0.8044652342796326,0.19553476572036743
survset:UnempDur,UniSurv,3,44,2999,1.7320507764816284,1,1.4142135381698608,0.9941509962081909,0.005849003791809082,1.7320507764816284,0.9687644243240356,0.031235575675964355,2.6457512378692627,0.7051108479499817,0.2948891520500183
survset:UnempDur,UniSurv,3,44,440,2.4494898319244385,0,1.4142135381698608,0.9867757558822632,0.013224244117736816,1.7320507764816284,0.9660561680793762,0.03394383192062378,2.6457512378692627,0.6677940487861633,0.33220595121383667
survset:UnempDur,UniSurv,3,44,2337,3.0,1,1.4142135381698608,0.9936316013336182,0.006368398666381836,1.7320507764816284,0.9690423607826233,0.03095763921737671,2.6457512378692627,0.6513125896453857,0.34868741035461426
survset:UnempDur,UniSurv,3,44,1078,3.605551242828369,1,1.4142135381698608,0.9926719069480896,0.0073280930519104,1.7320507764816284,0.9799142479896545,0.02008575201034546,2.6457512378692627,0.8394231200218201,0.16057687997817993
survset:UnempDur,UniSurv,3,44,2389,2.2360680103302,0,1.4142135381698608,0.9929152727127075,0.0070847272872924805,1.7320507764816284,0.957237184047699,0.042762815952301025,2.6457512378692627,0.556995689868927,0.443004310131073
survset:UnempDur,UniSurv,3,44,1362,3.872983455657959,1,1.4142135381698608,0.793968915939331,0.20603108406066895,1.7320507764816284,0.5267066955566406,0.4732933044433594,2.6457512378692627,0.06653673201799393,0.9334632679820061
survset:UnempDur,UniSurv,3,44,421,3.316624879837036,1,1.4142135381698608,0.9917603135108948,0.008239686489105225,1.7320507764816284,0.9511330723762512,0.04886692762374878,2.6457512378692627,0.5173158049583435,0.4826841950416565
survset:UnempDur,UniSurv,3,44,3130,3.7416574954986572,0,1.4142135381698608,0.9934399724006653,0.006560027599334717,1.7320507764816284,0.9635484218597412,0.03645157814025879,2.6457512378692627,0.5839347839355469,0.4160652160644531
survset:UnempDur,UniSurv,3,44,2963,1.0,1,1.4142135381698608,0.4984511435031891,0.5015488564968109,1.7320507764816284,0.3706691861152649,0.6293308138847351,2.6457512378692627,0.05146221071481705,0.948537789285183
survset:UnempDur,UniSurv,3,44,1809,3.605551242828369,1,1.4142135381698608,0.9948906898498535,0.005109310150146484,1.7320507764816284,0.9772847294807434,0.022715270519256592,2.6457512378692627,0.7330589294433594,0.2669410705566406
survset:UnempDur,UniSurv,3,44,625,2.2360680103302,0,1.4142135381698608,0.9911805391311646,0.00881946086883545,1.7320507764816284,0.9761121273040771,0.02388787269592285,2.6457512378692627,0.7666050791740417,0.23339492082595825
survset:UnempDur,UniSurv,3,44,468,1.0,1,1.4142135381698608,0.7646727561950684,0.23532724380493164,1.7320507764816284,0.48635610938072205,0.513643890619278,2.6457512378692627,0.0614408403635025,0.9385591596364975
survset:UnempDur,UniSurv,3,44,281,2.6457512378692627,1,1.4142135381698608,0.9925079345703125,0.0074920654296875,1.7320507764816284,0.9795875549316406,0.020412445068359375,2.6457512378692627,0.8276516795158386,0.17234832048416138
survset:UnempDur,UniSurv,3,44,1344,1.0,1,1.4142135381698608,0.5751641392707825,0.42483586072921753,1.7320507764816284,0.33345723152160645,0.6665427684783936,2.6457512378692627,0.03672490268945694,0.9632750973105431
survset:UnempDur,UniSurv,3,44,814,1.7320507764816284,1,1.4142135381698608,0.7270790934562683,0.2729209065437317,1.7320507764816284,0.45107904076576233,0.5489209592342377,2.6457512378692627,0.054182205349206924,0.9458177946507931
survset:UnempDur,UniSurv,3,44,813,4.123105525970459,0,1.4142135381698608,0.9861418008804321,0.013858199119567871,1.7320507764816284,0.9337970614433289,0.06620293855667114,2.6457512378692627,0.43056076765060425,0.5694392323493958
survset:UnempDur,UniSurv,3,44,3168,1.7320507764816284,1,1.4142135381698608,0.9871841073036194,0.012815892696380615,1.7320507764816284,0.9228729605674744,0.07712703943252563,2.6457512378692627,0.356596440076828,0.643403559923172
survset:UnempDur,UniSurv,3,44,3057,2.6457512378692627,1,1.4142135381698608,0.7274994254112244,0.27250057458877563,1.7320507764816284,0.4648261070251465,0.5351738929748535,2.6457512378692627,0.06147873029112816,0.9385212697088718
survset:UnempDur,UniSurv,3,44,2109,2.2360680103302,1,1.4142135381698608,0.9766095876693726,0.02339041233062744,1.7320507764816284,0.9351053833961487,0.06489461660385132,2.6457512378692627,0.5025414824485779,0.4974585175514221
survset:UnempDur,UniSurv,3,44,1628,1.7320507764816284,0,1.4142135381698608,0.9947030544281006,0.005296945571899414,1.7320507764816284,0.9755321741104126,0.024467825889587402,2.6457512378692627,0.7259179949760437,0.2740820050239563
survset:UnempDur,UniSurv,3,44,618,2.2360680103302,0,1.4142135381698608,0.7390283346176147,0.26097166538238525,1.7320507764816284,0.45914724469184875,0.5408527553081512,2.6457512378692627,0.06301263719797134,0.9369873628020287
survset:UnempDur,UniSurv,3,44,2609,1.4142135381698608,1,1.4142135381698608,0.6589711904525757,0.3410288095474243,1.7320507764816284,0.4207751154899597,0.5792248845100403,2.6457512378692627,0.050253722816705704,0.9497462771832943
survset:UnempDur,UniSurv,3,44,272,3.0,1,1.4142135381698608,0.6759293079376221,0.32407069206237793,1.7320507764816284,0.416871577501297,0.583128422498703,2.6457512378692627,0.049961965531110764,0.9500380344688892
survset:UnempDur,UniSurv,3,44,355,4.4721360206604,0,1.4142135381698608,0.9921920299530029,0.00780797004699707,1.7320507764816284,0.9799361228942871,0.02006387710571289,2.6457512378692627,0.8470127582550049,0.15298724174499512
survset:UnempDur,UniSurv,3,44,919,1.0,1,1.4142135381698608,0.8067247867584229,0.19327521324157715,1.7320507764816284,0.5289126634597778,0.47108733654022217,2.6457512378692627,0.06978712975978851,0.9302128702402115
survset:UnempDur,UniSurv,3,44,984,2.8284270763397217,1,1.4142135381698608,0.9951342940330505,0.004865705966949463,1.7320507764816284,0.9743571281433105,0.025642871856689453,2.6457512378692627,0.68037348985672,0.31962651014328003
survset:UnempDur,UniSurv,3,44,2028,3.464101552963257,1,1.4142135381698608,0.9949147701263428,0.0050852298736572266,1.7320507764816284,0.9824861288070679,0.01751387119293213,2.6457512378692627,0.74643874168396,0.25356125831604004
survset:UnempDur,UniSurv,3,44,2082,4.4721360206604,1,1.4142135381698608,0.5956250429153442,0.40437495708465576,1.7320507764816284,0.3576511740684509,0.6423488259315491,2.6457512378692627,0.041212353855371475,0.9587876461446285
survset:UnempDur,UniSurv,3,44,124,2.6457512378692627,1,1.4142135381698608,0.9921544790267944,0.007845520973205566,1.7320507764816284,0.9697362780570984,0.03026372194290161,2.6457512378692627,0.6443300247192383,0.3556699752807617
survset:UnempDur,UniSurv,3,44,358,1.4142135381698608,0,1.4142135381698608,0.9941363334655762,0.005863666534423828,1.7320507764816284,0.9803063273429871,0.01969367265701294,2.6457512378692627,0.7160106301307678,0.2839893698692322
survset:UnempDur,UniSurv,3,44,1810,2.2360680103302,1,1.4142135381698608,0.9916849732398987,0.008315026760101318,1.7320507764816284,0.9696345329284668,0.030365467071533203,2.6457512378692627,0.5714600682258606,0.4285399317741394
survset:UnempDur,UniSurv,3,44,619,3.0,1,1.4142135381698608,0.9930445551872253,0.006955444812774658,1.7320507764816284,0.9747117161750793,0.025288283824920654,2.6457512378692627,0.7716793417930603,0.2283206582069397
survset:UnempDur,UniSurv,3,44,2439,3.7416574954986572,1,1.4142135381698608,0.9794266819953918,0.020573318004608154,1.7320507764816284,0.9051620960235596,0.09483790397644043,2.6457512378692627,0.33914729952812195,0.660852700471878
survset:UnempDur,UniSurv,3,44,2451,3.0,1,1.4142135381698608,0.9897099733352661,0.010290026664733887,1.7320507764816284,0.976262092590332,0.02373790740966797,2.6457512378692627,0.7353718876838684,0.2646281123161316
survset:UnempDur,UniSurv,3,44,61,1.4142135381698608,1,1.4142135381698608,0.7828753590583801,0.21712464094161987,1.7320507764816284,0.5062348246574402,0.4937651753425598,2.6457512378692627,0.06911272555589676,0.9308872744441032
survset:UnempDur,UniSurv,3,44,3125,1.4142135381698608,1,1.4142135381698608,0.6681179404258728,0.3318820595741272,1.7320507764816284,0.4092690646648407,0.5907309353351593,2.6457512378692627,0.04458342120051384,0.9554165787994862
survset:UnempDur,UniSurv,3,44,405,1.0,1,1.4142135381698608,0.9877581596374512,0.012241840362548828,1.7320507764816284,0.9639869928359985,0.036013007164001465,2.6457512378692627,0.6093907356262207,0.3906092643737793
survset:UnempDur,UniSurv,3,44,2902,1.0,1,1.4142135381698608,0.6284274458885193,0.3715725541114807,1.7320507764816284,0.383095383644104,0.616904616355896,2.6457512378692627,0.04105667024850845,0.9589433297514915
survset:UnempDur,UniSurv,3,44,2774,1.4142135381698608,1,1.4142135381698608,0.986958920955658,0.013041079044342041,1.7320507764816284,0.9468222856521606,0.053177714347839355,2.6457512378692627,0.49534204602241516,0.5046579539775848
survset:UnempDur,UniSurv,3,44,215,5.196152210235596,0,1.4142135381698608,0.6181091666221619,0.38189083337783813,1.7320507764816284,0.39372289180755615,0.6062771081924438,2.6457512378692627,0.05039723962545395,0.949602760374546
survset:UnempDur,UniSurv,3,44,1660,3.1622776985168457,0,1.4142135381698608,0.9936517477035522,0.006348252296447754,1.7320507764816284,0.9783272743225098,0.021672725677490234,2.6457512378692627,0.7858361005783081,0.2141638994216919
survset:UnempDur,UniSurv,3,44,1638,1.7320507764816284,1,1.4142135381698608,0.606814444065094,0.393185555934906,1.7320507764816284,0.374013215303421,0.625986784696579,2.6457512378692627,0.038194578140974045,0.961805421859026
survset:UnempDur,UniSurv,3,44,401,3.0,0,1.4142135381698608,0.6990503072738647,0.30094969272613525,1.7320507764816284,0.4244421124458313,0.5755578875541687,2.6457512378692627,0.04836256057024002,0.95163743942976
survset:UnempDur,UniSurv,3,44,867,2.2360680103302,0,1.4142135381698608,0.9906795620918274,0.009320437908172607,1.7320507764816284,0.943108856678009,0.05689114332199097,2.6457512378692627,0.49735939502716064,0.5026406049728394
survset:UnempDur,UniSurv,3,44,2821,2.2360680103302,1,1.4142135381698608,0.8121910095214844,0.18780899047851562,1.7320507764816284,0.545922577381134,0.45407742261886597,2.6457512378692627,0.07555681467056274,0.9244431853294373
survset:UnempDur,UniSurv,3,44,268,1.7320507764816284,1,1.4142135381698608,0.9859229922294617,0.01407700777053833,1.7320507764816284,0.9429736137390137,0.05702638626098633,2.6457512378692627,0.5364828109741211,0.4635171890258789
survset:UnempDur,UniSurv,3,44,1959,3.7416574954986572,1,1.4142135381698608,0.990794837474823,0.009205162525177002,1.7320507764816284,0.9628244638442993,0.037175536155700684,2.6457512378692627,0.5719918608665466,0.42800813913345337
survset:UnempDur,UniSurv,3,44,2924,1.7320507764816284,1,1.4142135381698608,0.7547838687896729,0.24521613121032715,1.7320507764816284,0.4741617739200592,0.5258382260799408,2.6457512378692627,0.06746189296245575,0.9325381070375443
survset:UnempDur,UniSurv,3,44,1215,1.7320507764816284,0,1.4142135381698608,0.6126843094825745,0.38731569051742554,1.7320507764816284,0.408255934715271,0.591744065284729,2.6457512378692627,0.054796118289232254,0.9452038817107677
survset:UnempDur,UniSurv,3,44,67,2.0,1,1.4142135381698608,0.9901679158210754,0.00983208417892456,1.7320507764816284,0.9435639381408691,0.05643606185913086,2.6457512378692627,0.4945617914199829,0.5054382085800171
survset:UnempDur,UniSurv,3,44,1281,1.7320507764816284,0,1.4142135381698608,0.9937673211097717,0.0062326788902282715,1.7320507764816284,0.9658291339874268,0.03417086601257324,2.6457512378692627,0.656407356262207,0.34359264373779297
survset:UnempDur,UniSurv,3,44,1315,1.7320507764816284,1,1.4142135381698608,0.993710458278656,0.006289541721343994,1.7320507764816284,0.9672694206237793,0.0327305793762207,2.6457512378692627,0.6587908864021301,0.3412091135978699
survset:UnempDur,UniSurv,3,44,684,1.4142135381698608,0,1.4142135381698608,0.9918529987335205,0.008147001266479492,1.7320507764816284,0.9580402970314026,0.04195970296859741,2.6457512378692627,0.5776095986366272,0.4223904013633728
survset:UnempDur,UniSurv,3,44,1016,1.0,1,1.4142135381698608,0.6937271952629089,0.30627280473709106,1.7320507764816284,0.4207695722579956,0.5792304277420044,2.6457512378692627,0.05448615178465843,0.9455138482153416
survset:UnempDur,UniSurv,3,44,819,3.316624879837036,1,1.4142135381698608,0.9868314862251282,0.013168513774871826,1.7320507764816284,0.933958113193512,0.06604188680648804,2.6457512378692627,0.43157750368118286,0.5684224963188171
survset:UnempDur,UniSurv,3,44,2825,4.123105525970459,1,1.4142135381698608,0.7651398181915283,0.23486018180847168,1.7320507764816284,0.4906672537326813,0.5093327462673187,2.6457512378692627,0.0664316862821579,0.9335683137178421
survset:UnempDur,UniSurv,3,44,134,2.0,0,1.4142135381698608,0.9917240738868713,0.008275926113128662,1.7320507764816284,0.9828551411628723,0.017144858837127686,2.6457512378692627,0.8703469038009644,0.12965309619903564
survset:UnempDur,UniSurv,3,44,2691,3.0,1,1.4142135381698608,0.9934722781181335,0.006527721881866455,1.7320507764816284,0.9651821851730347,0.03481781482696533,2.6457512378692627,0.6265978813171387,0.37340211868286133
survset:UnempDur,UniSurv,3,44,893,1.7320507764816284,1,1.4142135381698608,0.6691420674324036,0.33085793256759644,1.7320507764816284,0.3998061418533325,0.6001938581466675,2.6457512378692627,0.04504939913749695,0.954950600862503
survset:UnempDur,UniSurv,3,44,1832,3.464101552963257,1,1.4142135381698608,0.990222156047821,0.009777843952178955,1.7320507764816284,0.9759506583213806,0.024049341678619385,2.6457512378692627,0.7310957312583923,0.26890426874160767
survset:UnempDur,UniSurv,3,44,1928,2.0,0,1.4142135381698608,0.9718760848045349,0.028123915195465088,1.7320507764816284,0.9507790803909302,0.049220919609069824,2.6457512378692627,0.6382486820220947,0.3617513179779053
survset:UnempDur,UniSurv,3,44,1228,2.0,1,1.4142135381698608,0.9936086535453796,0.006391346454620361,1.7320507764816284,0.9815815091133118,0.018418490886688232,2.6457512378692627,0.7821804881095886,0.21781951189041138
survset:UnempDur,UniSurv,3,44,594,3.316624879837036,0,1.4142135381698608,0.992850661277771,0.007149338722229004,1.7320507764816284,0.9626896381378174,0.03731036186218262,2.6457512378692627,0.6348893642425537,0.3651106357574463
survset:UnempDur,UniSurv,3,44,330,2.6457512378692627,1,1.4142135381698608,0.9761423468589783,0.02385765314102173,1.7320507764816284,0.9470303654670715,0.05296963453292847,2.6457512378692627,0.5309604406356812,0.46903955936431885
survset:UnempDur,UniSurv,3,44,1850,2.4494898319244385,1,1.4142135381698608,0.7588456869125366,0.24115431308746338,1.7320507764816284,0.4827856719493866,0.5172143280506134,2.6457512378692627,0.06652644276618958,0.9334735572338104
survset:UnempDur,UniSurv,3,44,1395,1.0,1,1.4142135381698608,0.6121615171432495,0.3878384828567505,1.7320507764816284,0.3760516941547394,0.6239483058452606,2.6457512378692627,0.04144887253642082,0.9585511274635792
survset:UnempDur,UniSurv,3,44,2282,2.6457512378692627,0,1.4142135381698608,0.9914244413375854,0.00857555866241455,1.7320507764816284,0.9545711874961853,0.0454288125038147,2.6457512378692627,0.5328020453453064,0.4671979546546936
survset:UnempDur,UniSurv,3,44,2384,4.4721360206604,0,1.4142135381698608,0.9902776479721069,0.009722352027893066,1.7320507764816284,0.9433230757713318,0.05667692422866821,2.6457512378692627,0.4786655604839325,0.5213344395160675
survset:UnempDur,UniSurv,3,44,226,3.0,0,1.4142135381698608,0.9925995469093323,0.007400453090667725,1.7320507764816284,0.9591126441955566,0.04088735580444336,2.6457512378692627,0.5546868443489075,0.44531315565109253
survset:UnempDur,UniSurv,3,44,251,3.0,0,1.4142135381698608,0.99385666847229,0.006143331527709961,1.7320507764816284,0.9668033719062805,0.03319662809371948,2.6457512378692627,0.6628270745277405,0.3371729254722595
survset:UnempDur,UniSurv,3,44,2989,1.4142135381698608,0,1.4142135381698608,0.6030779480934143,0.3969220519065857,1.7320507764816284,0.38054347038269043,0.6194565296173096,2.6457512378692627,0.04553225263953209,0.9544677473604679
survset:UnempDur,UniSurv,3,44,2467,2.2360680103302,0,1.4142135381698608,0.9899104237556458,0.010089576244354248,1.7320507764816284,0.9740542769432068,0.025945723056793213,2.6457512378692627,0.6910673975944519,0.3089326024055481
survset:UnempDur,UniSurv,3,44,1684,2.6457512378692627,1,1.4142135381698608,0.6767217516899109,0.3232782483100891,1.7320507764816284,0.4161103367805481,0.5838896632194519,2.6457512378692627,0.04553646966814995,0.95446353033185
survset:UnempDur,UniSurv,3,44,1714,5.0,0,1.4142135381698608,0.8254303336143494,0.17456966638565063,1.7320507764816284,0.5608249306678772,0.4391750693321228,2.6457512378692627,0.0757564902305603,0.9242435097694397
survset:UnempDur,UniSurv,3,44,2312,3.464101552963257,1,1.4142135381698608,0.6512444615364075,0.34875553846359253,1.7320507764816284,0.4660378098487854,0.5339621901512146,2.6457512378692627,0.07850966602563858,0.9214903339743614
survset:UnempDur,UniSurv,3,44,348,4.582575798034668,0,1.4142135381698608,0.8121496438980103,0.18785035610198975,1.7320507764816284,0.5484669804573059,0.4515330195426941,2.6457512378692627,0.08753888309001923,0.9124611169099808
survset:UnempDur,UniSurv,3,44,397,2.6457512378692627,0,1.4142135381698608,0.9893367290496826,0.010663270950317383,1.7320507764816284,0.9636855721473694,0.036314427852630615,2.6457512378692627,0.6087929010391235,0.39120709896087646
survset:UnempDur,UniSurv,3,44,2647,1.4142135381698608,1,1.4142135381698608,0.9935345649719238,0.006465435028076172,1.7320507764816284,0.9806828498840332,0.019317150115966797,2.6457512378692627,0.813007116317749,0.18699288368225098
survset:UnempDur,UniSurv,3,44,855,1.7320507764816284,1,1.4142135381698608,0.9896616339683533,0.010338366031646729,1.7320507764816284,0.9443379044532776,0.05566209554672241,2.6457512378692627,0.4790276288986206,0.5209723711013794
survset:UnempDur,UniSurv,3,44,2388,1.4142135381698608,1,1.4142135381698608,0.7004784941673279,0.2995215058326721,1.7320507764816284,0.4419000446796417,0.5580999553203583,2.6457512378692627,0.05626499280333519,0.9437350071966648
survset:UnempDur,UniSurv,3,44,1958,1.4142135381698608,1,1.4142135381698608,0.9781269431114197,0.021873056888580322,1.7320507764816284,0.9276084303855896,0.0723915696144104,2.6457512378692627,0.4643228054046631,0.5356771945953369
survset:UnempDur,UniSurv,3,44,2730,1.4142135381698608,1,1.4142135381698608,0.6309530735015869,0.3690469264984131,1.7320507764816284,0.4471069276332855,0.5528930723667145,2.6457512378692627,0.06526295095682144,0.9347370490431786
survset:UnempDur,UniSurv,3,44,472,3.316624879837036,0,1.4142135381698608,0.8602695465087891,0.13973045349121094,1.7320507764816284,0.6305351257324219,0.3694648742675781,2.6457512378692627,0.09970157593488693,0.9002984240651131
survset:UnempDur,UniSurv,3,44,181,1.7320507764816284,0,1.4142135381698608,0.781171441078186,0.21882855892181396,1.7320507764816284,0.5011085867881775,0.4988914132118225,2.6457512378692627,0.057845018804073334,0.9421549811959267
survset:UnempDur,UniSurv,3,44,2998,1.4142135381698608,0,1.4142135381698608,0.9916786551475525,0.00832134485244751,1.7320507764816284,0.9568904638290405,0.04310953617095947,2.6457512378692627,0.5956901907920837,0.40430980920791626
survset:UnempDur,UniSurv,3,44,3070,1.0,1,1.4142135381698608,0.6839845776557922,0.31601542234420776,1.7320507764816284,0.4242094159126282,0.5757905840873718,2.6457512378692627,0.04949665069580078,0.9505033493041992
survset:UnempDur,UniSurv,3,44,2745,3.316624879837036,1,1.4142135381698608,0.9897525310516357,0.010247468948364258,1.7320507764816284,0.9454496502876282,0.054550349712371826,2.6457512378692627,0.5523393154144287,0.4476606845855713
survset:UnempDur,UniSurv,3,44,830,3.7416574954986572,0,1.4142135381698608,0.994769275188446,0.005230724811553955,1.7320507764816284,0.9721459150314331,0.027854084968566895,2.6457512378692627,0.5971715450286865,0.4028284549713135
survset:UnempDur,UniSurv,3,44,2846,1.4142135381698608,1,1.4142135381698608,0.6549845933914185,0.34501540660858154,1.7320507764816284,0.39996087551116943,0.6000391244888306,2.6457512378692627,0.04483054205775261,0.9551694579422474
survset:UnempDur,UniSurv,3,44,1294,3.0,0,1.4142135381698608,0.9882798194885254,0.01172018051147461,1.7320507764816284,0.9419152140617371,0.05808478593826294,2.6457512378692627,0.5003712177276611,0.49962878227233887
survset:UnempDur,UniSurv,3,44,2054,1.0,1,1.4142135381698608,0.710111141204834,0.289888858795166,1.7320507764816284,0.4575817286968231,0.5424182713031769,2.6457512378692627,0.06678920984268188,0.9332107901573181
survset:UnempDur,UniSurv,3,44,721,1.0,1,1.4142135381698608,0.8386387825012207,0.1613612174987793,1.7320507764816284,0.5807390213012695,0.41926097869873047,2.6457512378692627,0.09387359768152237,0.9061264023184776
survset:UnempDur,UniSurv,3,44,1120,3.872983455657959,0,1.4142135381698608,0.7424802184104919,0.25751978158950806,1.7320507764816284,0.46855032444000244,0.5314496755599976,2.6457512378692627,0.06300007551908493,0.9369999244809151
survset:UnempDur,UniSurv,3,44,1352,1.7320507764816284,0,1.4142135381698608,0.9855517148971558,0.014448285102844238,1.7320507764816284,0.9314836263656616,0.06851637363433838,2.6457512378692627,0.4453349709510803,0.5546650290489197
survset:UnempDur,UniSurv,3,44,512,2.0,1,1.4142135381698608,0.9931946992874146,0.006805300712585449,1.7320507764816284,0.9646952748298645,0.0353047251701355,2.6457512378692627,0.670096218585968,0.329903781414032
survset:UnempDur,UniSurv,3,44,1537,5.099019527435303,0,1.4142135381698608,0.9942349791526794,0.005765020847320557,1.7320507764816284,0.9687179923057556,0.031282007694244385,2.6457512378692627,0.676369845867157,0.323630154132843
survset:UnempDur,UniSurv,3,44,2683,1.7320507764816284,1,1.4142135381698608,0.9914397597312927,0.008560240268707275,1.7320507764816284,0.9731325507164001,0.026867449283599854,2.6457512378692627,0.7395941615104675,0.26040583848953247
survset:UnempDur,UniSurv,3,44,356,2.2360680103302,1,1.4142135381698608,0.8000612258911133,0.19993877410888672,1.7320507764816284,0.5270304083824158,0.47296959161758423,2.6457512378692627,0.07976102828979492,0.9202389717102051
survset:UnempDur,UniSurv,3,44,1130,2.6457512378692627,1,1.4142135381698608,0.9927281737327576,0.007271826267242432,1.7320507764816284,0.9787001013755798,0.021299898624420166,2.6457512378692627,0.811286449432373,0.18871355056762695
survset:UnempDur,UniSurv,3,44,39,2.2360680103302,1,1.4142135381698608,0.9918347001075745,0.008165299892425537,1.7320507764816284,0.9542970061302185,0.045702993869781494,2.6457512378692627,0.5171209573745728,0.48287904262542725
survset:UnempDur,UniSurv,3,44,199,4.358899116516113,0,1.4142135381698608,0.992555558681488,0.007444441318511963,1.7320507764816284,0.9565329551696777,0.043467044830322266,2.6457512378692627,0.5746168494224548,0.42538315057754517
survset:UnempDur,UniSurv,3,44,1594,1.7320507764816284,1,1.4142135381698608,0.5010995268821716,0.49890047311782837,1.7320507764816284,0.37989309430122375,0.6201069056987762,2.6457512378692627,0.05739371106028557,0.9426062889397144
survset:UnempDur,UniSurv,3,44,1327,1.7320507764816284,0,1.4142135381698608,0.9924451112747192,0.007554888725280762,1.7320507764816284,0.9628631472587585,0.037136852741241455,2.6457512378692627,0.6232803463935852,0.3767196536064148
survset:UnempDur,UniSurv,3,44,622,2.6457512378692627,1,1.4142135381698608,0.7390283346176147,0.26097166538238525,1.7320507764816284,0.45914724469184875,0.5408527553081512,2.6457512378692627,0.06301263719797134,0.9369873628020287
survset:UnempDur,UniSurv,3,44,13,1.0,1,1.4142135381698608,0.7580289840698242,0.24197101593017578,1.7320507764816284,0.4788229167461395,0.5211770832538605,2.6457512378692627,0.061870113015174866,0.9381298869848251
survset:UnempDur,UniSurv,3,44,2428,2.8284270763397217,1,1.4142135381698608,0.9806661009788513,0.01933389902114868,1.7320507764816284,0.9401542544364929,0.05984574556350708,2.6457512378692627,0.5194793343544006,0.48052066564559937
survset:UnempDur,UniSurv,3,44,2350,2.8284270763397217,0,1.4142135381698608,0.994026780128479,0.005973219871520996,1.7320507764816284,0.9675255417823792,0.03247445821762085,2.6457512378692627,0.6863624453544617,0.31363755464553833
survset:UnempDur,UniSurv,3,44,1822,2.2360680103302,0,1.4142135381698608,0.9922856688499451,0.007714331150054932,1.7320507764816284,0.9500740766525269,0.049925923347473145,2.6457512378692627,0.5371284484863281,0.4628715515136719
survset:UnempDur,UniSurv,3,44,965,4.4721360206604,0,1.4142135381698608,0.9862576127052307,0.013742387294769287,1.7320507764816284,0.9659773111343384,0.03402268886566162,2.6457512378692627,0.6642457246780396,0.33575427532196045
survset:UnempDur,UniSurv,3,44,3129,1.7320507764816284,1,1.4142135381698608,0.9889736771583557,0.011026322841644287,1.7320507764816284,0.933531641960144,0.06646835803985596,2.6457512378692627,0.4139220714569092,0.5860779285430908
survset:UnempDur,UniSurv,3,44,699,2.6457512378692627,1,1.4142135381698608,0.7211549282073975,0.27884507179260254,1.7320507764816284,0.4620038866996765,0.5379961133003235,2.6457512378692627,0.05851292982697487,0.9414870701730251
survset:UnempDur,UniSurv,3,44,769,1.7320507764816284,0,1.4142135381698608,0.9946783781051636,0.005321621894836426,1.7320507764816284,0.9776557087898254,0.02234429121017456,2.6457512378692627,0.741073489189148,0.25892651081085205
survset:UnempDur,UniSurv,3,44,1373,1.7320507764816284,1,1.4142135381698608,0.8441158533096313,0.15588414669036865,1.7320507764816284,0.5758179426193237,0.42418205738067627,2.6457512378692627,0.08272864669561386,0.9172713533043861
survset:UnempDur,UniSurv,3,44,1391,3.0,1,1.4142135381698608,0.9930297136306763,0.0069702863693237305,1.7320507764816284,0.9732853770256042,0.026714622974395752,2.6457512378692627,0.7475425004959106,0.25245749950408936
survset:UnempDur,UniSurv,3,44,466,2.0,0,1.4142135381698608,0.8014654517173767,0.1985345482826233,1.7320507764816284,0.5316714644432068,0.4683285355567932,2.6457512378692627,0.08022458851337433,0.9197754114866257
survset:UnempDur,UniSurv,3,44,2444,2.2360680103302,1,1.4142135381698608,0.8289223313331604,0.1710776686668396,1.7320507764816284,0.5509670972824097,0.44903290271759033,2.6457512378692627,0.07351653277873993,0.9264834672212601
survset:UnempDur,UniSurv,3,44,2755,1.0,1,1.4142135381698608,0.7111193537712097,0.2888806462287903,1.7320507764816284,0.4434637427330017,0.5565362572669983,2.6457512378692627,0.05794054642319679,0.9420594535768032
survset:UnempDur,UniSurv,3,44,2273,2.2360680103302,1,1.4142135381698608,0.9888697266578674,0.011130273342132568,1.7320507764816284,0.9465166926383972,0.05348330736160278,2.6457512378692627,0.5012339949607849,0.4987660050392151
survset:UnempDur,UniSurv,3,44,910,4.123105525970459,0,1.4142135381698608,0.9734053015708923,0.026594698429107666,1.7320507764816284,0.9249395728111267,0.07506042718887329,2.6457512378692627,0.4621448814868927,0.5378551185131073
survset:UnempDur,UniSurv,3,44,392,3.316624879837036,1,1.4142135381698608,0.6350672245025635,0.3649327754974365,1.7320507764816284,0.39672183990478516,0.6032781600952148,2.6457512378692627,0.04761844128370285,0.9523815587162971
survset:UnempDur,UniSurv,3,44,681,2.6457512378692627,1,1.4142135381698608,0.901517927646637,0.09848207235336304,1.7320507764816284,0.7071689367294312,0.29283106327056885,2.6457512378692627,0.13783039152622223,0.8621696084737778
survset:UnempDur,UniSurv,3,44,376,2.2360680103302,0,1.4142135381698608,0.9858535528182983,0.01414644718170166,1.7320507764816284,0.9721809029579163,0.02781909704208374,2.6457512378692627,0.7397212386131287,0.26027876138687134
survset:UnempDur,UniSurv,3,44,367,4.0,1,1.4142135381698608,0.9528933763504028,0.04710662364959717,1.7320507764816284,0.885798454284668,0.11420154571533203,2.6457512378692627,0.3979288339614868,0.6020711660385132
survset:UnempDur,UniSurv,3,44,2437,1.0,1,1.4142135381698608,0.9223583936691284,0.07764160633087158,1.7320507764816284,0.7518078684806824,0.24819213151931763,2.6457512378692627,0.1347953975200653,0.8652046024799347
survset:UnempDur,UniSurv,3,44,1064,1.4142135381698608,1,1.4142135381698608,0.9794247150421143,0.020575284957885742,1.7320507764816284,0.9503916501998901,0.04960834980010986,2.6457512378692627,0.5490677952766418,0.45093220472335815
survset:UnempDur,UniSurv,3,44,932,2.8284270763397217,0,1.4142135381698608,0.9820187091827393,0.017981290817260742,1.7320507764816284,0.9136070013046265,0.08639299869537354,2.6457512378692627,0.3898889720439911,0.6101110279560089
survset:UnempDur,UniSurv,3,44,1702,1.7320507764816284,1,1.4142135381698608,0.8275121450424194,0.17248785495758057,1.7320507764816284,0.5553646683692932,0.4446353316307068,2.6457512378692627,0.07246432453393936,0.9275356754660606
survset:UnempDur,UniSurv,3,44,58,1.7320507764816284,0,1.4142135381698608,0.9930495023727417,0.006950497627258301,1.7320507764816284,0.9553298950195312,0.04467010498046875,2.6457512378692627,0.5406322479248047,0.4593677520751953
survset:UnempDur,UniSurv,3,44,2554,2.4494898319244385,0,1.4142135381698608,0.7699347734451294,0.2300652265548706,1.7320507764816284,0.4917697608470917,0.5082302391529083,2.6457512378692627,0.06596086919307709,0.9340391308069229
survset:UnempDur,UniSurv,3,44,872,2.2360680103302,1,1.4142135381698608,0.9935581684112549,0.006441831588745117,1.7320507764816284,0.9760726690292358,0.02392733097076416,2.6457512378692627,0.7607027292251587,0.2392972707748413
survset:UnempDur,UniSurv,3,44,958,1.0,1,1.4142135381698608,0.8190315961837769,0.18096840381622314,1.7320507764816284,0.5553489923477173,0.4446510076522827,2.6457512378692627,0.08605846762657166,0.9139415323734283
survset:UnempDur,UniSurv,3,44,845,4.582575798034668,0,1.4142135381698608,0.9895690679550171,0.01043093204498291,1.7320507764816284,0.9742239713668823,0.025776028633117676,2.6457512378692627,0.6976538300514221,0.3023461699485779
survset:UnempDur,UniSurv,3,44,2705,1.0,1,1.4142135381698608,0.6053745746612549,0.3946254253387451,1.7320507764816284,0.3605187237262726,0.6394812762737274,2.6457512378692627,0.038774650543928146,0.9612253494560719
survset:UnempDur,UniSurv,3,44,487,3.1622776985168457,1,1.4142135381698608,0.9924991130828857,0.007500886917114258,1.7320507764816284,0.9642212986946106,0.035778701305389404,2.6457512378692627,0.6459412574768066,0.35405874252319336
survset:UnempDur,UniSurv,3,44,1582,1.0,1,1.4142135381698608,0.9935188293457031,0.006481170654296875,1.7320507764816284,0.9818517565727234,0.01814824342727661,2.6457512378692627,0.8029983043670654,0.19700169563293457
survset:UnempDur,UniSurv,3,44,2752,1.4142135381698608,1,1.4142135381698608,0.6938546895980835,0.3061453104019165,1.7320507764816284,0.4281047582626343,0.5718952417373657,2.6457512378692627,0.0535418838262558,0.9464581161737442
survset:UnempDur,UniSurv,3,44,649,4.0,1,1.4142135381698608,0.6267374157905579,0.37326258420944214,1.7320507764816284,0.3877356946468353,0.6122643053531647,2.6457512378692627,0.04437419772148132,0.9556258022785187
survset:UnempDur,UniSurv,3,44,1050,2.6457512378692627,0,1.4142135381698608,0.9819973111152649,0.018002688884735107,1.7320507764816284,0.9238408803939819,0.07615911960601807,2.6457512378692627,0.4080542325973511,0.5919457674026489
survset:UnempDur,UniSurv,3,44,891,3.7416574954986572,0,1.4142135381698608,0.9947134256362915,0.005286574363708496,1.7320507764816284,0.9752668738365173,0.024733126163482666,2.6457512378692627,0.7415270209312439,0.2584729790687561
survset:UnempDur,UniSurv,3,44,1017,1.7320507764816284,1,1.4142135381698608,0.791359007358551,0.20864099264144897,1.7320507764816284,0.5483356714248657,0.4516643285751343,2.6457512378692627,0.07738183438777924,0.9226181656122208
survset:UnempDur,UniSurv,3,44,924,1.4142135381698608,1,1.4142135381698608,0.9897623062133789,0.010237693786621094,1.7320507764816284,0.9485882520675659,0.05141174793243408,2.6457512378692627,0.45778733491897583,0.5422126650810242
survset:UnempDur,UniSurv,3,44,2161,2.2360680103302,0,1.4142135381698608,0.9026885032653809,0.09731149673461914,1.7320507764816284,0.6950305104255676,0.3049694895744324,2.6457512378692627,0.10998395830392838,0.8900160416960716
survset:UnempDur,UniSurv,3,44,1614,2.2360680103302,1,1.4142135381698608,0.9939233064651489,0.006076693534851074,1.7320507764816284,0.9808725714683533,0.01912742853164673,2.6457512378692627,0.780293881893158,0.21970611810684204
survset:UnempDur,UniSurv,3,44,2253,1.0,1,1.4142135381698608,0.9838201403617859,0.01617985963821411,1.7320507764816284,0.9570643901824951,0.04293560981750488,2.6457512378692627,0.5591930150985718,0.4408069849014282
survset:UnempDur,UniSurv,3,44,1393,3.464101552963257,0,1.4142135381698608,0.9911119341850281,0.008888065814971924,1.7320507764816284,0.9504103660583496,0.04958963394165039,2.6457512378692627,0.49913233518600464,0.5008676648139954
survset:UnempDur,UniSurv,3,44,2218,2.2360680103302,0,1.4142135381698608,0.9937188029289246,0.0062811970710754395,1.7320507764816284,0.9669795036315918,0.0330204963684082,2.6457512378692627,0.6980592608451843,0.3019407391548157
survset:UnempDur,UniSurv,3,44,1037,2.2360680103302,0,1.4142135381698608,0.9930340051651001,0.006965994834899902,1.7320507764816284,0.9609001278877258,0.03909987211227417,2.6457512378692627,0.5702505707740784,0.42974942922592163
survset:UnempDur,UniSurv,3,44,945,1.4142135381698608,1,1.4142135381698608,0.9885555505752563,0.011444449424743652,1.7320507764816284,0.9498863220214844,0.050113677978515625,2.6457512378692627,0.5178631544113159,0.4821368455886841
survset:UnempDur,UniSurv,3,44,682,3.7416574954986572,0,1.4142135381698608,0.6425126791000366,0.3574873208999634,1.7320507764816284,0.40826985239982605,0.591730147600174,2.6457512378692627,0.05870931223034859,0.9412906877696514
survset:UnempDur,UniSurv,3,44,523,2.2360680103302,1,1.4142135381698608,0.9917896389961243,0.008210361003875732,1.7320507764816284,0.9491913318634033,0.05080866813659668,2.6457512378692627,0.5168135762214661,0.48318642377853394
survset:UnempDur,UniSurv,3,44,1478,2.0,1,1.4142135381698608,0.6232805848121643,0.3767194151878357,1.7320507764816284,0.37717199325561523,0.6228280067443848,2.6457512378692627,0.04057251662015915,0.9594274833798409
survset:UnempDur,UniSurv,3,44,991,2.2360680103302,0,1.4142135381698608,0.9910565614700317,0.008943438529968262,1.7320507764816284,0.9579522013664246,0.04204779863357544,2.6457512378692627,0.46737146377563477,0.5326285362243652
survset:UnempDur,UniSurv,3,44,479,2.6457512378692627,1,1.4142135381698608,0.9940418004989624,0.005958199501037598,1.7320507764816284,0.9679004549980164,0.03209954500198364,2.6457512378692627,0.6845153570175171,0.3154846429824829
survset:UnempDur,UniSurv,3,44,1387,3.7416574954986572,0,1.4142135381698608,0.8484466671943665,0.15155333280563354,1.7320507764816284,0.6263568997383118,0.37364310026168823,2.6457512378692627,0.10683929920196533,0.8931607007980347
survset:UnempDur,UniSurv,3,44,508,1.0,1,1.4142135381698608,0.9890753030776978,0.010924696922302246,1.7320507764816284,0.9483124017715454,0.05168759822845459,2.6457512378692627,0.5428195595741272,0.4571804404258728
survset:UnempDur,UniSurv,3,44,2805,1.0,1,1.4142135381698608,0.9923866987228394,0.0076133012771606445,1.7320507764816284,0.9617593884468079,0.03824061155319214,2.6457512378692627,0.6262712478637695,0.37372875213623047
survset:UnempDur,UniSurv,3,44,751,2.8284270763397217,1,1.4142135381698608,0.645509660243988,0.35449033975601196,1.7320507764816284,0.40884995460510254,0.5911500453948975,2.6457512378692627,0.05032540485262871,0.9496745951473713
survset:UnempDur,UniSurv,3,44,3037,2.4494898319244385,0,1.4142135381698608,0.6776702404022217,0.3223297595977783,1.7320507764816284,0.41550618410110474,0.5844938158988953,2.6457512378692627,0.04489037021994591,0.9551096297800541
survset:UnempDur,UniSurv,3,44,2045,1.7320507764816284,1,1.4142135381698608,0.9947117567062378,0.005288243293762207,1.7320507764816284,0.973796010017395,0.02620398998260498,2.6457512378692627,0.7270257472991943,0.27297425270080566
survset:UnempDur,UniSurv,3,44,2584,1.0,1,1.4142135381698608,0.9918726086616516,0.008127391338348389,1.7320507764816284,0.9774981141090393,0.022501885890960693,2.6457512378692627,0.6394051909446716,0.36059480905532837
survset:UnempDur,UniSurv,3,44,2251,3.316624879837036,0,1.4142135381698608,0.9929302334785461,0.007069766521453857,1.7320507764816284,0.9554296135902405,0.04457038640975952,2.6457512378692627,0.5360482931137085,0.4639517068862915
survset:UnempDur,UniSurv,3,44,952,1.4142135381698608,1,1.4142135381698608,0.8113622665405273,0.18863773345947266,1.7320507764816284,0.5417815446853638,0.45821845531463623,2.6457512378692627,0.06904137134552002,0.93095862865448
survset:UnempDur,UniSurv,3,44,3032,3.7416574954986572,1,1.4142135381698608,0.976560115814209,0.023439884185791016,1.7320507764816284,0.9431306719779968,0.056869328022003174,2.6457512378692627,0.5020735263824463,0.4979264736175537
survset:UnempDur,UniSurv,3,44,1924,1.7320507764816284,0,1.4142135381698608,0.9924066066741943,0.007593393325805664,1.7320507764816284,0.9823248982429504,0.01767510175704956,2.6457512378692627,0.7973085641860962,0.2026914358139038
survset:UnempDur,UniSurv,3,44,755,1.7320507764816284,0,1.4142135381698608,0.7970238327980042,0.20297616720199585,1.7320507764816284,0.555141270160675,0.44485872983932495,2.6457512378692627,0.08102046698331833,0.9189795330166817
survset:UnempDur,UniSurv,3,44,1819,3.605551242828369,1,1.4142135381698608,0.6822823286056519,0.31771767139434814,1.7320507764816284,0.4389837682247162,0.5610162317752838,2.6457512378692627,0.05714140832424164,0.9428585916757584
survset:UnempDur,UniSurv,3,44,76,4.4721360206604,0,1.4142135381698608,0.7868991494178772,0.2131008505821228,1.7320507764816284,0.5128343105316162,0.4871656894683838,2.6457512378692627,0.06258062273263931,0.9374193772673607
survset:UnempDur,UniSurv,3,44,2540,2.2360680103302,0,1.4142135381698608,0.715019941329956,0.28498005867004395,1.7320507764816284,0.4386988580226898,0.5613011419773102,2.6457512378692627,0.04632868617773056,0.9536713138222694
survset:UnempDur,UniSurv,3,44,2151,1.0,0,1.4142135381698608,0.7736533284187317,0.2263466715812683,1.7320507764816284,0.4892762303352356,0.5107237696647644,2.6457512378692627,0.05902170389890671,0.9409782961010933
survset:UnempDur,UniSurv,3,44,1094,3.7416574954986572,0,1.4142135381698608,0.9942504167556763,0.0057495832443237305,1.7320507764816284,0.9813408255577087,0.01865917444229126,2.6457512378692627,0.7398189902305603,0.2601810097694397
survset:UnempDur,UniSurv,3,44,1757,1.4142135381698608,1,1.4142135381698608,0.6615877151489258,0.3384122848510742,1.7320507764816284,0.4120556116104126,0.5879443883895874,2.6457512378692627,0.044741660356521606,0.9552583396434784
survset:UnempDur,UniSurv,3,44,1749,1.7320507764816284,1,1.4142135381698608,0.8362082839012146,0.1637917160987854,1.7320507764816284,0.5765040516853333,0.42349594831466675,2.6457512378692627,0.09127790480852127,0.9087220951914787
survset:UnempDur,UniSurv,3,44,1129,1.0,1,1.4142135381698608,0.7638912796974182,0.2361087203025818,1.7320507764816284,0.48785877227783203,0.512141227722168,2.6457512378692627,0.06874600052833557,0.9312539994716644
survset:UnempDur,UniSurv,3,44,1813,1.7320507764816284,0,1.4142135381698608,0.7219634056091309,0.27803659439086914,1.7320507764816284,0.6091436743736267,0.3908563256263733,2.6457512378692627,0.1333949863910675,0.8666050136089325
survset:UnempDur,UniSurv,3,44,1577,1.4142135381698608,0,1.4142135381698608,0.9813278317451477,0.018672168254852295,1.7320507764816284,0.8655192852020264,0.13448071479797363,2.6457512378692627,0.3315463662147522,0.6684536337852478
survset:UnempDur,UniSurv,3,44,42,2.2360680103302,1,1.4142135381698608,0.9921477437019348,0.007852256298065186,1.7320507764816284,0.9527127742767334,0.0472872257232666,2.6457512378692627,0.4988643527030945,0.5011356472969055
survset:UnempDur,UniSurv,3,44,94,1.4142135381698608,1,1.4142135381698608,0.7249441742897034,0.27505582571029663,1.7320507764816284,0.4434479773044586,0.5565520226955414,2.6457512378692627,0.05032850056886673,0.9496714994311333
survset:UnempDur,UniSurv,3,44,1724,3.0,1,1.4142135381698608,0.9940448999404907,0.005955100059509277,1.7320507764816284,0.9690324068069458,0.0309675931930542,2.6457512378692627,0.6306753158569336,0.3693246841430664
survset:UnempDur,UniSurv,3,44,510,2.2360680103302,1,1.4142135381698608,0.9946603178977966,0.005339682102203369,1.7320507764816284,0.9743539094924927,0.025646090507507324,2.6457512378692627,0.7396763563156128,0.2603236436843872
survset:UnempDur,UniSurv,3,44,1097,1.0,1,1.4142135381698608,0.6577368378639221,0.3422631621360779,1.7320507764816284,0.4157341718673706,0.5842658281326294,2.6457512378692627,0.04562060534954071,0.9543793946504593
survset:UnempDur,UniSurv,3,44,1960,1.0,1,1.4142135381698608,0.7342137694358826,0.26578623056411743,1.7320507764816284,0.44988909363746643,0.5501109063625336,2.6457512378692627,0.054769691079854965,0.945230308920145
survset:UnempDur,UniSurv,3,44,3203,2.0,1,1.4142135381698608,0.993622362613678,0.0063776373863220215,1.7320507764816284,0.9603412747383118,0.03965872526168823,2.6457512378692627,0.47675177454948425,0.5232482254505157
survset:UnempDur,UniSurv,3,44,1081,2.6457512378692627,0,1.4142135381698608,0.9869650602340698,0.013034939765930176,1.7320507764816284,0.9276540279388428,0.07234597206115723,2.6457512378692627,0.37470680475234985,0.6252931952476501
survset:UnempDur,UniSurv,3,44,1870,1.7320507764816284,1,1.4142135381698608,0.992436945438385,0.00756305456161499,1.7320507764816284,0.9551987051963806,0.044801294803619385,2.6457512378692627,0.5315983295440674,0.4684016704559326
survset:UnempDur,UniSurv,3,44,2621,1.7320507764816284,0,1.4142135381698608,0.9944883584976196,0.005511641502380371,1.7320507764816284,0.970623254776001,0.029376745223999023,2.6457512378692627,0.6409154534339905,0.3590845465660095
survset:UnempDur,UniSurv,3,44,2232,1.4142135381698608,1,1.4142135381698608,0.7367129921913147,0.2632870078086853,1.7320507764816284,0.4633919298648834,0.5366080701351166,2.6457512378692627,0.06482317298650742,0.9351768270134926
survset:UnempDur,UniSurv,3,44,2917,2.4494898319244385,1,1.4142135381698608,0.9881148934364319,0.011885106563568115,1.7320507764816284,0.9440297484397888,0.05597025156021118,2.6457512378692627,0.5456196665763855,0.4543803334236145
survset:UnempDur,UniSurv,3,44,3080,3.7416574954986572,1,1.4142135381698608,0.8636821508407593,0.13631784915924072,1.7320507764816284,0.6196638941764832,0.38033610582351685,2.6457512378692627,0.11639509350061417,0.8836049064993858
survset:UnempDur,UniSurv,3,44,1695,2.2360680103302,1,1.4142135381698608,0.5680899620056152,0.43191003799438477,1.7320507764816284,0.3762233257293701,0.6237766742706299,2.6457512378692627,0.04545142501592636,0.9545485749840736
survset:UnempDur,UniSurv,3,44,107,2.6457512378692627,0,1.4142135381698608,0.9855675101280212,0.01443248987197876,1.7320507764816284,0.9391587972640991,0.06084120273590088,2.6457512378692627,0.43511173129081726,0.5648882687091827
survset:UnempDur,UniSurv,3,44,1461,2.0,0,1.4142135381698608,0.74068683385849,0.25931316614151,1.7320507764816284,0.4948675036430359,0.5051324963569641,2.6457512378692627,0.073035828769207,0.926964171230793
survset:UnempDur,UniSurv,3,44,3040,1.0,1,1.4142135381698608,0.6301063299179077,0.3698936700820923,1.7320507764816284,0.38528597354888916,0.6147140264511108,2.6457512378692627,0.04279917851090431,0.9572008214890957
survset:UnempDur,UniSurv,3,44,821,1.0,1,1.4142135381698608,0.8226990699768066,0.17730093002319336,1.7320507764816284,0.5617154836654663,0.4382845163345337,2.6457512378692627,0.09126590192317963,0.9087340980768204
survset:UnempDur,UniSurv,3,44,1970,3.0,0,1.4142135381698608,0.9754654169082642,0.02453458309173584,1.7320507764816284,0.9128214120864868,0.08717858791351318,2.6457512378692627,0.4192869961261749,0.5807130038738251
survset:UnempDur,UniSurv,3,44,190,2.2360680103302,1,1.4142135381698608,0.9950802326202393,0.004919767379760742,1.7320507764816284,0.9814572930335999,0.018542706966400146,2.6457512378692627,0.7257515788078308,0.2742484211921692
survset:UnempDur,UniSurv,3,44,1612,2.6457512378692627,1,1.4142135381698608,0.9836286306381226,0.01637136936187744,1.7320507764816284,0.9196633100509644,0.08033668994903564,2.6457512378692627,0.36165109276771545,0.6383489072322845
survset:UnempDur,UniSurv,3,44,2809,1.0,1,1.4142135381698608,0.7294724583625793,0.27052754163742065,1.7320507764816284,0.45281481742858887,0.5471851825714111,2.6457512378692627,0.05271090194582939,0.9472890980541706
survset:UnempDur,UniSurv,3,44,1213,1.4142135381698608,0,1.4142135381698608,0.9932660460472107,0.006733953952789307,1.7320507764816284,0.971045196056366,0.028954803943634033,2.6457512378692627,0.7146101593971252,0.28538984060287476
survset:UnempDur,UniSurv,3,44,1878,1.4142135381698608,0,1.4142135381698608,0.5623543858528137,0.4376456141471863,1.7320507764816284,0.3755851686000824,0.6244148313999176,2.6457512378692627,0.05677559971809387,0.9432244002819061
survset:UnempDur,UniSurv,3,44,1988,1.7320507764816284,1,1.4142135381698608,0.7988523244857788,0.2011476755142212,1.7320507764816284,0.5415831208229065,0.4584168791770935,2.6457512378692627,0.0746527835726738,0.9253472164273262
survset:UnempDur,UniSurv,3,44,138,1.4142135381698608,0,1.4142135381698608,0.641534149646759,0.35846585035324097,1.7320507764816284,0.5764994025230408,0.42350059747695923,2.6457512378692627,0.17756205797195435,0.8224379420280457
survset:UnempDur,UniSurv,3,44,2431,2.8284270763397217,0,1.4142135381698608,0.9904673099517822,0.009532690048217773,1.7320507764816284,0.9554393291473389,0.04456067085266113,2.6457512378692627,0.5857254266738892,0.41427457332611084
survset:UnempDur,UniSurv,3,44,969,1.7320507764816284,1,1.4142135381698608,0.9917802214622498,0.008219778537750244,1.7320507764816284,0.9595457315444946,0.04045426845550537,2.6457512378692627,0.5740004181861877,0.42599958181381226
survset:UnempDur,UniSurv,3,44,1967,3.0,0,1.4142135381698608,0.9776286482810974,0.022371351718902588,1.7320507764816284,0.9409825205802917,0.05901747941970825,2.6457512378692627,0.4880501627922058,0.5119498372077942
survset:UnempDur,UniSurv,3,44,3188,3.0,0,1.4142135381698608,0.7347320914268494,0.26526790857315063,1.7320507764816284,0.45430266857147217,0.5456973314285278,2.6457512378692627,0.058130040764808655,0.9418699592351913
survset:UnempDur,UniSurv,3,44,540,1.7320507764816284,1,1.4142135381698608,0.9758535623550415,0.024146437644958496,1.7320507764816284,0.9530878663063049,0.04691213369369507,2.6457512378692627,0.6261283755302429,0.3738716244697571
survset:UnempDur,UniSurv,3,44,3017,1.0,1,1.4142135381698608,0.7509626150131226,0.24903738498687744,1.7320507764816284,0.5020001530647278,0.4979998469352722,2.6457512378692627,0.06868327409029007,0.9313167259097099
survset:UnempDur,UniSurv,3,44,1439,2.0,1,1.4142135381698608,0.6105589866638184,0.38944101333618164,1.7320507764816284,0.409660667181015,0.590339332818985,2.6457512378692627,0.05704839155077934,0.9429516084492207
survset:UnempDur,UniSurv,3,44,1844,3.1622776985168457,0,1.4142135381698608,0.992829442024231,0.007170557975769043,1.7320507764816284,0.9771476984024048,0.022852301597595215,2.6457512378692627,0.8061150908470154,0.19388490915298462
survset:UnempDur,UniSurv,3,44,926,1.7320507764816284,1,1.4142135381698608,0.9896486401557922,0.010351359844207764,1.7320507764816284,0.9736649990081787,0.02633500099182129,2.6457512378692627,0.6914576888084412,0.30854231119155884
survset:UnempDur,UniSurv,3,44,3161,1.7320507764816284,1,1.4142135381698608,0.9916304349899292,0.0083695650100708,1.7320507764816284,0.968113124370575,0.03188687562942505,2.6457512378692627,0.6204630136489868,0.3795369863510132
survset:UnempDur,UniSurv,3,44,2220,1.4142135381698608,1,1.4142135381698608,0.6773639917373657,0.3226360082626343,1.7320507764816284,0.4202556312084198,0.5797443687915802,2.6457512378692627,0.0508648082613945,0.9491351917386055
survset:UnempDur,UniSurv,3,44,2493,1.0,1,1.4142135381698608,0.7749336361885071,0.22506636381149292,1.7320507764816284,0.4898793697357178,0.5101206302642822,2.6457512378692627,0.05803496390581131,0.9419650360941887
survset:UnempDur,UniSurv,3,44,2512,1.7320507764816284,1,1.4142135381698608,0.6559654474258423,0.3440345525741577,1.7320507764816284,0.40881431102752686,0.5911856889724731,2.6457512378692627,0.04286474734544754,0.9571352526545525
survset:UnempDur,UniSurv,3,44,1976,1.0,0,1.4142135381698608,0.6613892316818237,0.33861076831817627,1.7320507764816284,0.41365471482276917,0.5863452851772308,2.6457512378692627,0.04768875241279602,0.952311247587204
survset:UnempDur,UniSurv,3,44,1828,1.4142135381698608,1,1.4142135381698608,0.9905850291252136,0.009414970874786377,1.7320507764816284,0.9526574015617371,0.04734259843826294,2.6457512378692627,0.5618587732315063,0.43814122676849365
survset:UnempDur,UniSurv,3,44,314,3.605551242828369,0,1.4142135381698608,0.7314276695251465,0.2685723304748535,1.7320507764816284,0.4634847044944763,0.5365152955055237,2.6457512378692627,0.06780083477497101,0.932199165225029
survset:UnempDur,UniSurv,3,44,1132,1.4142135381698608,1,1.4142135381698608,0.7239384651184082,0.2760615348815918,1.7320507764816284,0.44724103808403015,0.5527589619159698,2.6457512378692627,0.054323386400938034,0.945676613599062
survset:UnempDur,UniSurv,3,44,900,2.2360680103302,0,1.4142135381698608,0.9871801733970642,0.012819826602935791,1.7320507764816284,0.9586976170539856,0.041302382946014404,2.6457512378692627,0.6206145286560059,0.37938547134399414
survset:UnempDur,UniSurv,3,44,554,5.099019527435303,0,1.4142135381698608,0.9914500713348389,0.008549928665161133,1.7320507764816284,0.9555906057357788,0.04440939426422119,2.6457512378692627,0.5897818207740784,0.41021817922592163
survset:UnempDur,UniSurv,3,44,2893,1.4142135381698608,1,1.4142135381698608,0.6645671725273132,0.33543282747268677,1.7320507764816284,0.4060088098049164,0.5939911901950836,2.6457512378692627,0.046898435801267624,0.9531015641987324
survset:UnempDur,UniSurv,3,44,1229,1.7320507764816284,1,1.4142135381698608,0.9935901761054993,0.006409823894500732,1.7320507764816284,0.9823960065841675,0.01760399341583252,2.6457512378692627,0.7785305380821228,0.2214694619178772
survset:UnempDur,UniSurv,3,44,1072,1.7320507764816284,0,1.4142135381698608,0.992803692817688,0.007196307182312012,1.7320507764816284,0.9628676772117615,0.037132322788238525,2.6457512378692627,0.5264604687690735,0.4735395312309265
survset:UnempDur,UniSurv,3,44,3106,1.0,0,1.4142135381698608,0.9912508130073547,0.008749186992645264,1.7320507764816284,0.9510129690170288,0.04898703098297119,2.6457512378692627,0.5318682789802551,0.4681317210197449
survset:UnempDur,UniSurv,3,44,350,4.4721360206604,0,1.4142135381698608,0.9787847399711609,0.02121526002883911,1.7320507764816284,0.9251787662506104,0.07482123374938965,2.6457512378692627,0.45753052830696106,0.5424694716930389
survset:UnempDur,UniSurv,3,44,676,3.1622776985168457,0,1.4142135381698608,0.9904849529266357,0.009515047073364258,1.7320507764816284,0.944541335105896,0.055458664894104004,2.6457512378692627,0.4702884554862976,0.5297115445137024
survset:UnempDur,UniSurv,3,44,2275,1.0,1,1.4142135381698608,0.7406906485557556,0.2593093514442444,1.7320507764816284,0.46415385603904724,0.5358461439609528,2.6457512378692627,0.06217801570892334,0.9378219842910767
survset:UnempDur,UniSurv,3,44,1048,2.6457512378692627,0,1.4142135381698608,0.9823564291000366,0.01764357089996338,1.7320507764816284,0.9376289248466492,0.06237107515335083,2.6457512378692627,0.43759921193122864,0.5624007880687714
survset:UnempDur,UniSurv,3,44,1731,3.1622776985168457,0,1.4142135381698608,0.9930135011672974,0.006986498832702637,1.7320507764816284,0.9607880711555481,0.039211928844451904,2.6457512378692627,0.5015702843666077,0.49842971563339233
survset:UnempDur,UniSurv,3,44,1176,1.4142135381698608,0,1.4142135381698608,0.7103233933448792,0.28967660665512085,1.7320507764816284,0.44296082854270935,0.5570391714572906,2.6457512378692627,0.05795665085315704,0.942043349146843
survset:UnempDur,UniSurv,3,44,245,2.6457512378692627,1,1.4142135381698608,0.9906845092773438,0.00931549072265625,1.7320507764816284,0.959226667881012,0.04077333211898804,2.6457512378692627,0.5889355540275574,0.4110644459724426
survset:UnempDur,UniSurv,3,44,2237,1.7320507764816284,1,1.4142135381698608,0.5151527523994446,0.4848472476005554,1.7320507764816284,0.4130259156227112,0.5869740843772888,2.6457512378692627,0.07683540135622025,0.9231645986437798
survset:UnempDur,UniSurv,3,44,2052,1.4142135381698608,1,1.4142135381698608,0.9920331835746765,0.007966816425323486,1.7320507764816284,0.9756449460983276,0.024355053901672363,2.6457512378692627,0.7869904637336731,0.2130095362663269
survset:UnempDur,UniSurv,3,44,710,2.2360680103302,1,1.4142135381698608,0.9935858249664307,0.006414175033569336,1.7320507764816284,0.9674313068389893,0.03256869316101074,2.6457512378692627,0.6277055144309998,0.37229448556900024
survset:UnempDur,UniSurv,3,44,2546,1.4142135381698608,1,1.4142135381698608,0.7891945242881775,0.2108054757118225,1.7320507764816284,0.5213732719421387,0.47862672805786133,2.6457512378692627,0.06794922798871994,0.9320507720112801
survset:UnempDur,UniSurv,3,44,3001,1.0,1,1.4142135381698608,0.6642208695411682,0.3357791304588318,1.7320507764816284,0.40691253542900085,0.5930874645709991,2.6457512378692627,0.04510295018553734,0.9548970498144627
survset:UnempDur,UniSurv,3,44,667,3.7416574954986572,0,1.4142135381698608,0.9937830567359924,0.006216943264007568,1.7320507764816284,0.9780523777008057,0.021947622299194336,2.6457512378692627,0.7865346074104309,0.2134653925895691
survset:UnempDur,UniSurv,3,44,626,4.690415859222412,0,1.4142135381698608,0.9939871430397034,0.006012856960296631,1.7320507764816284,0.9721989035606384,0.027801096439361572,2.6457512378692627,0.7279021739959717,0.2720978260040283
survset:UnempDur,UniSurv,3,44,2037,1.4142135381698608,0,1.4142135381698608,0.6720806360244751,0.3279193639755249,1.7320507764816284,0.40135034918785095,0.598649650812149,2.6457512378692627,0.04698450118303299,0.953015498816967
survset:UnempDur,UniSurv,3,44,470,2.2360680103302,0,1.4142135381698608,0.8818829655647278,0.11811703443527222,1.7320507764816284,0.6273459196090698,0.3726540803909302,2.6457512378692627,0.10682716965675354,0.8931728303432465
survset:UnempDur,UniSurv,3,44,2500,2.6457512378692627,1,1.4142135381698608,0.7694265246391296,0.23057347536087036,1.7320507764816284,0.4897550940513611,0.5102449059486389,2.6457512378692627,0.05543430522084236,0.9445656947791576
survset:UnempDur,UniSurv,3,44,2,4.582575798034668,1,1.4142135381698608,0.9909189939498901,0.009081006050109863,1.7320507764816284,0.9565073847770691,0.04349261522293091,2.6457512378692627,0.552808403968811,0.44719159603118896
survset:UnempDur,UniSurv,3,44,1067,3.1622776985168457,0,1.4142135381698608,0.7560388445854187,0.2439611554145813,1.7320507764816284,0.4758068323135376,0.5241931676864624,2.6457512378692627,0.054893847554922104,0.9451061524450779
survset:UnempDur,UniSurv,3,44,3213,2.6457512378692627,0,1.4142135381698608,0.9916590452194214,0.008340954780578613,1.7320507764816284,0.9514316320419312,0.04856836795806885,2.6457512378692627,0.48839130997657776,0.5116086900234222
survset:UnempDur,UniSurv,3,44,656,2.4494898319244385,1,1.4142135381698608,0.9918573498725891,0.008142650127410889,1.7320507764816284,0.955603837966919,0.044396162033081055,2.6457512378692627,0.5772605538368225,0.4227394461631775
survset:UnempDur,UniSurv,3,44,1519,2.2360680103302,1,1.4142135381698608,0.9909882545471191,0.00901174545288086,1.7320507764816284,0.9445955157279968,0.055404484272003174,2.6457512378692627,0.4822613298892975,0.5177386701107025
survset:UnempDur,UniSurv,3,44,1853,1.0,1,1.4142135381698608,0.8124984502792358,0.18750154972076416,1.7320507764816284,0.5489716529846191,0.45102834701538086,2.6457512378692627,0.08400008827447891,0.9159999117255211
survset:UnempDur,UniSurv,3,44,2481,2.8284270763397217,0,1.4142135381698608,0.9870017766952515,0.012998223304748535,1.7320507764816284,0.9732226133346558,0.02677738666534424,2.6457512378692627,0.7598790526390076,0.24012094736099243
survset:UnempDur,UniSurv,3,44,1777,1.4142135381698608,1,1.4142135381698608,0.9945509433746338,0.005449056625366211,1.7320507764816284,0.9658631682395935,0.034136831760406494,2.6457512378692627,0.5522331595420837,0.44776684045791626
survset:UnempDur,UniSurv,3,44,2199,3.7416574954986572,0,1.4142135381698608,0.9864378571510315,0.013562142848968506,1.7320507764816284,0.9322863221168518,0.0677136778831482,2.6457512378692627,0.4353669583797455,0.5646330416202545
survset:UnempDur,UniSurv,3,44,447,1.4142135381698608,1,1.4142135381698608,0.9902547597885132,0.009745240211486816,1.7320507764816284,0.9632247090339661,0.036775290966033936,2.6457512378692627,0.6337610483169556,0.36623895168304443
survset:UnempDur,UniSurv,3,44,152,2.6457512378692627,1,1.4142135381698608,0.9950487017631531,0.004951298236846924,1.7320507764816284,0.9761555790901184,0.023844420909881592,2.6457512378692627,0.7064249515533447,0.2935750484466553
survset:UnempDur,UniSurv,3,44,2757,2.2360680103302,1,1.4142135381698608,0.6100572943687439,0.3899427056312561,1.7320507764816284,0.3858754634857178,0.6141245365142822,2.6457512378692627,0.045524418354034424,0.9544755816459656
survset:UnempDur,UniSurv,3,44,1764,1.0,1,1.4142135381698608,0.6268478035926819,0.3731521964073181,1.7320507764816284,0.45596498250961304,0.544035017490387,2.6457512378692627,0.09419087320566177,0.9058091267943382
survset:UnempDur,UniSurv,3,44,687,2.0,1,1.4142135381698608,0.9943432211875916,0.005656778812408447,1.7320507764816284,0.9774741530418396,0.0225258469581604,2.6457512378692627,0.7089821696281433,0.2910178303718567
survset:UnempDur,UniSurv,3,44,1769,2.0,1,1.4142135381698608,0.980108916759491,0.019891083240509033,1.7320507764816284,0.8986678123474121,0.10133218765258789,2.6457512378692627,0.32718825340270996,0.67281174659729
survset:UnempDur,UniSurv,3,44,2436,2.8284270763397217,0,1.4142135381698608,0.7979146242141724,0.20208537578582764,1.7320507764816284,0.5280265212059021,0.4719734787940979,2.6457512378692627,0.07346997410058975,0.9265300258994102
survset:UnempDur,UniSurv,3,44,1133,1.4142135381698608,1,1.4142135381698608,0.8049346804618835,0.19506531953811646,1.7320507764816284,0.5440220832824707,0.4559779167175293,2.6457512378692627,0.08534112572669983,0.9146588742733002
survset:UnempDur,UniSurv,3,44,2566,2.2360680103302,1,1.4142135381698608,0.9946891665458679,0.00531083345413208,1.7320507764816284,0.97310471534729,0.02689528465270996,2.6457512378692627,0.7013125419616699,0.2986874580383301
survset:UnempDur,UniSurv,3,44,1597,2.4494898319244385,0,1.4142135381698608,0.7174503803253174,0.2825496196746826,1.7320507764816284,0.4450324773788452,0.5549675226211548,2.6457512378692627,0.05139058455824852,0.9486094154417515
survset:UnempDur,UniSurv,3,44,3165,1.0,1,1.4142135381698608,0.7919660806655884,0.20803391933441162,1.7320507764816284,0.5100107789039612,0.4899892210960388,2.6457512378692627,0.060903456062078476,0.9390965439379215
survset:UnempDur,UniSurv,3,44,2122,1.4142135381698608,1,1.4142135381698608,0.6469150185585022,0.3530849814414978,1.7320507764816284,0.4006068706512451,0.5993931293487549,2.6457512378692627,0.04689463973045349,0.9531053602695465
survset:UnempDur,UniSurv,3,44,2010,1.0,1,1.4142135381698608,0.6745623350143433,0.32543766498565674,1.7320507764816284,0.40884527564048767,0.5911547243595123,2.6457512378692627,0.04736365005373955,0.9526363499462605
survset:UnempDur,UniSurv,3,44,1978,4.0,1,1.4142135381698608,0.7930277585983276,0.20697224140167236,1.7320507764816284,0.5354737043380737,0.46452629566192627,2.6457512378692627,0.08041444420814514,0.9195855557918549
survset:UnempDur,UniSurv,3,44,273,4.123105525970459,0,1.4142135381698608,0.9946919083595276,0.005308091640472412,1.7320507764816284,0.9745625257492065,0.025437474250793457,2.6457512378692627,0.7386764287948608,0.26132357120513916
survset:UnempDur,UniSurv,3,44,2498,2.6457512378692627,0,1.4142135381698608,0.7610862851142883,0.23891371488571167,1.7320507764816284,0.48429378867149353,0.5157062113285065,2.6457512378692627,0.05447394400835037,0.9455260559916496
survset:UnempDur,UniSurv,3,44,1938,3.0,0,1.4142135381698608,0.9771184325218201,0.02288156747817993,1.7320507764816284,0.9163864850997925,0.08361351490020752,2.6457512378692627,0.4411081373691559,0.5588918626308441
survset:UnempDur,UniSurv,3,44,3003,2.6457512378692627,1,1.4142135381698608,0.9928237795829773,0.007176220417022705,1.7320507764816284,0.9617495536804199,0.03825044631958008,2.6457512378692627,0.6123210191726685,0.38767898082733154
survset:UnempDur,UniSurv,3,44,1862,2.0,0,1.4142135381698608,0.9923397898674011,0.007660210132598877,1.7320507764816284,0.9812686443328857,0.018731355667114258,2.6457512378692627,0.8361203670501709,0.1638796329498291
survset:UnempDur,UniSurv,3,44,777,1.4142135381698608,0,1.4142135381698608,0.9885286688804626,0.011471331119537354,1.7320507764816284,0.9419152140617371,0.05808478593826294,2.6457512378692627,0.4327929615974426,0.5672070384025574
survset:UnempDur,UniSurv,3,44,1268,1.0,1,1.4142135381698608,0.7521953582763672,0.2478046417236328,1.7320507764816284,0.47903069853782654,0.5209693014621735,2.6457512378692627,0.05805819109082222,0.9419418089091778
survset:UnempDur,UniSurv,3,44,23,3.872983455657959,1,1.4142135381698608,0.7675827741622925,0.23241722583770752,1.7320507764816284,0.4908738434314728,0.5091261565685272,2.6457512378692627,0.06632352620363235,0.9336764737963676
survset:UnempDur,UniSurv,3,44,533,1.0,1,1.4142135381698608,0.6147211194038391,0.3852788805961609,1.7320507764816284,0.38415732979774475,0.6158426702022552,2.6457512378692627,0.042799320071935654,0.9572006799280643
survset:UnempDur,UniSurv,3,44,3153,1.4142135381698608,1,1.4142135381698608,0.9856652021408081,0.014334797859191895,1.7320507764816284,0.9385013580322266,0.06149864196777344,2.6457512378692627,0.5206269025802612,0.47937309741973877
survset:UnempDur,UniSurv,3,44,1076,2.4494898319244385,0,1.4142135381698608,0.9909436106681824,0.009056389331817627,1.7320507764816284,0.9647412300109863,0.03525876998901367,2.6457512378692627,0.5529665946960449,0.4470334053039551
survset:UnempDur,UniSurv,3,44,2314,3.605551242828369,0,1.4142135381698608,0.9927467107772827,0.007253289222717285,1.7320507764816284,0.9801406264305115,0.019859373569488525,2.6457512378692627,0.8111699819564819,0.18883001804351807
survset:UnempDur,UniSurv,3,44,2923,1.4142135381698608,1,1.4142135381698608,0.6161113977432251,0.3838886022567749,1.7320507764816284,0.37376663088798523,0.6262333691120148,2.6457512378692627,0.04090113937854767,0.9590988606214523
survset:UnempDur,UniSurv,3,44,223,3.605551242828369,1,1.4142135381698608,0.6551692485809326,0.3448307514190674,1.7320507764816284,0.395974338054657,0.604025661945343,2.6457512378692627,0.043087996542453766,0.9569120034575462
survset:UnempDur,UniSurv,3,44,989,2.2360680103302,1,1.4142135381698608,0.9869917631149292,0.0130082368850708,1.7320507764816284,0.922224760055542,0.07777523994445801,2.6457512378692627,0.3606843054294586,0.6393156945705414
survset:UnempDur,UniSurv,3,44,1092,3.464101552963257,0,1.4142135381698608,0.9944928884506226,0.005507111549377441,1.7320507764816284,0.9723617434501648,0.027638256549835205,2.6457512378692627,0.6044155955314636,0.3955844044685364
survset:UnempDur,UniSurv,3,44,2071,2.6457512378692627,0,1.4142135381698608,0.6364784836769104,0.3635215163230896,1.7320507764816284,0.39070361852645874,0.6092963814735413,2.6457512378692627,0.04201013967394829,0.9579898603260517
survset:UnempDur,UniSurv,3,44,2905,1.0,1,1.4142135381698608,0.7984496355056763,0.20155036449432373,1.7320507764816284,0.523550808429718,0.476449191570282,2.6457512378692627,0.07700271904468536,0.9229972809553146
survset:UnempDur,UniSurv,3,44,598,1.4142135381698608,1,1.4142135381698608,0.6369414329528809,0.36305856704711914,1.7320507764816284,0.40153276920318604,0.598467230796814,2.6457512378692627,0.05494161695241928,0.9450583830475807
survset:UnempDur,UniSurv,3,44,1013,3.316624879837036,0,1.4142135381698608,0.9899045825004578,0.010095417499542236,1.7320507764816284,0.9461433291435242,0.05385667085647583,2.6457512378692627,0.5063377618789673,0.4936622381210327
survset:UnempDur,UniSurv,3,44,1237,3.605551242828369,0,1.4142135381698608,0.9914162755012512,0.00858372449874878,1.7320507764816284,0.9528670907020569,0.047132909297943115,2.6457512378692627,0.5190543532371521,0.4809456467628479
survset:UnempDur,UniSurv,3,44,1339,2.2360680103302,1,1.4142135381698608,0.7471938729286194,0.2528061270713806,1.7320507764816284,0.46901997923851013,0.5309800207614899,2.6457512378692627,0.062451932579278946,0.937548067420721
survset:UnempDur,UniSurv,3,44,1872,4.582575798034668,0,1.4142135381698608,0.988300621509552,0.011699378490447998,1.7320507764816284,0.955350935459137,0.04464906454086304,2.6457512378692627,0.5845612287521362,0.41543877124786377
survset:UnempDur,UniSurv,3,44,2564,1.4142135381698608,1,1.4142135381698608,0.9931883811950684,0.006811618804931641,1.7320507764816284,0.9671021103858948,0.032897889614105225,2.6457512378692627,0.6405890583992004,0.35941094160079956
survset:UnempDur,UniSurv,3,44,96,2.6457512378692627,1,1.4142135381698608,0.9882311224937439,0.011768877506256104,1.7320507764816284,0.9499924182891846,0.05000758171081543,2.6457512378692627,0.46762800216674805,0.532371997833252
survset:UnempDur,UniSurv,3,44,69,1.0,1,1.4142135381698608,0.9920521974563599,0.007947802543640137,1.7320507764816284,0.9587951302528381,0.041204869747161865,2.6457512378692627,0.492764949798584,0.507235050201416
survset:UnempDur,UniSurv,3,44,760,2.2360680103302,1,1.4142135381698608,0.993462324142456,0.006537675857543945,1.7320507764816284,0.9641743898391724,0.03582561016082764,2.6457512378692627,0.6230682730674744,0.37693172693252563
survset:UnempDur,UniSurv,3,44,775,3.605551242828369,1,1.4142135381698608,0.7240275144577026,0.27597248554229736,1.7320507764816284,0.4528830349445343,0.5471169650554657,2.6457512378692627,0.05468619242310524,0.9453138075768948
survset:UnempDur,UniSurv,3,44,249,2.2360680103302,0,1.4142135381698608,0.6696787476539612,0.3303212523460388,1.7320507764816284,0.40990859270095825,0.5900914072990417,2.6457512378692627,0.051091521978378296,0.9489084780216217
survset:UnempDur,UniSurv,3,44,2506,1.0,1,1.4142135381698608,0.744733989238739,0.255266010761261,1.7320507764816284,0.4638553559780121,0.5361446440219879,2.6457512378692627,0.055200621485710144,0.9447993785142899
survset:UnempDur,UniSurv,3,44,2254,1.7320507764816284,1,1.4142135381698608,0.6417802572250366,0.3582197427749634,1.7320507764816284,0.3966215252876282,0.6033784747123718,2.6457512378692627,0.04418699070811272,0.9558130092918873
survset:UnempDur,UniSurv,3,44,209,1.7320507764816284,1,1.4142135381698608,0.993264377117157,0.006735622882843018,1.7320507764816284,0.9655206799507141,0.03447932004928589,2.6457512378692627,0.6286881566047668,0.37131184339523315
survset:UnempDur,UniSurv,3,44,986,2.0,0,1.4142135381698608,0.8156333565711975,0.1843666434288025,1.7320507764816284,0.5397012829780579,0.46029871702194214,2.6457512378692627,0.07285090535879135,0.9271490946412086
survset:UnempDur,UniSurv,3,44,2386,1.0,1,1.4142135381698608,0.6301605105400085,0.36983948945999146,1.7320507764816284,0.3761426508426666,0.6238573491573334,2.6457512378692627,0.040042828768491745,0.9599571712315083
survset:UnempDur,UniSurv,3,44,2145,1.4142135381698608,1,1.4142135381698608,0.7597825527191162,0.2402174472808838,1.7320507764816284,0.47534388303756714,0.5246561169624329,2.6457512378692627,0.0600799024105072,0.9399200975894928
survset:UnempDur,UniSurv,3,44,2616,1.7320507764816284,1,1.4142135381698608,0.5518844127655029,0.44811558723449707,1.7320507764816284,0.3978020250797272,0.6021979749202728,2.6457512378692627,0.0654604583978653,0.9345395416021347
survset:UnempDur,UniSurv,3,44,729,1.0,1,1.4142135381698608,0.9935851693153381,0.006414830684661865,1.7320507764816284,0.9627735614776611,0.03722643852233887,2.6457512378692627,0.6069291830062866,0.3930708169937134
survset:UnempDur,UniSurv,3,44,823,2.4494898319244385,0,1.4142135381698608,0.9928997755050659,0.007100224494934082,1.7320507764816284,0.9572137594223022,0.042786240577697754,2.6457512378692627,0.5019451975822449,0.4980548024177551
survset:UnempDur,UniSurv,3,44,1419,2.2360680103302,1,1.4142135381698608,0.6724588871002197,0.3275411128997803,1.7320507764816284,0.42359694838523865,0.5764030516147614,2.6457512378692627,0.05023558437824249,0.9497644156217575
survset:UnempDur,UniSurv,3,44,2819,1.7320507764816284,0,1.4142135381698608,0.9939405918121338,0.006059408187866211,1.7320507764816284,0.9677851796150208,0.03221482038497925,2.6457512378692627,0.5697508454322815,0.4302491545677185
survset:UnempDur,UniSurv,3,44,211,2.4494898319244385,0,1.4142135381698608,0.9914293885231018,0.008570611476898193,1.7320507764816284,0.9456136226654053,0.05438637733459473,2.6457512378692627,0.5206518173217773,0.47934818267822266
survset:UnempDur,UniSurv,3,44,1587,1.4142135381698608,1,1.4142135381698608,0.9916360974311829,0.008363902568817139,1.7320507764816284,0.9415703415870667,0.05842965841293335,2.6457512378692627,0.4962911903858185,0.5037088096141815
survset:UnempDur,UniSurv,3,44,2101,2.2360680103302,0,1.4142135381698608,0.9916262626647949,0.008373737335205078,1.7320507764816284,0.9771132469177246,0.02288675308227539,2.6457512378692627,0.6830164790153503,0.31698352098464966
survset:UnempDur,UniSurv,3,44,1783,2.2360680103302,1,1.4142135381698608,0.8334665894508362,0.16653341054916382,1.7320507764816284,0.5603593587875366,0.4396406412124634,2.6457512378692627,0.08027181774377823,0.9197281822562218
survset:UnempDur,UniSurv,3,44,1693,3.0,1,1.4142135381698608,0.9893685579299927,0.010631442070007324,1.7320507764816284,0.9410728216171265,0.058927178382873535,2.6457512378692627,0.48534509539604187,0.5146549046039581
survset:UnempDur,UniSurv,3,44,2754,1.0,1,1.4142135381698608,0.6679997444152832,0.3320002555847168,1.7320507764816284,0.40163132548332214,0.5983686745166779,2.6457512378692627,0.04711202159523964,0.9528879784047604
survset:UnempDur,UniSurv,3,44,1641,2.2360680103302,1,1.4142135381698608,0.984559953212738,0.015440046787261963,1.7320507764816284,0.9419711232185364,0.05802887678146362,2.6457512378692627,0.49815690517425537,0.5018430948257446
survset:UnempDur,UniSurv,3,44,1719,1.0,1,1.4142135381698608,0.653396487236023,0.34660351276397705,1.7320507764816284,0.40343427658081055,0.5965657234191895,2.6457512378692627,0.042386528104543686,0.9576134718954563
survset:UnempDur,UniSurv,3,44,1692,1.4142135381698608,1,1.4142135381698608,0.9920259118080139,0.007974088191986084,1.7320507764816284,0.9690737128257751,0.030926287174224854,2.6457512378692627,0.6425216197967529,0.35747838020324707
survset:UnempDur,UniSurv,3,44,2402,2.6457512378692627,1,1.4142135381698608,0.9945467710494995,0.005453228950500488,1.7320507764816284,0.970760703086853,0.029239296913146973,2.6457512378692627,0.6768208146095276,0.3231791853904724
survset:UnempDur,UniSurv,3,44,2259,2.2360680103302,1,1.4142135381698608,0.6983328461647034,0.30166715383529663,1.7320507764816284,0.4260692894458771,0.5739307105541229,2.6457512378692627,0.048028264194726944,0.9519717358052731
survset:UnempDur,UniSurv,3,44,2058,1.4142135381698608,1,1.4142135381698608,0.9942582845687866,0.005741715431213379,1.7320507764816284,0.9838605523109436,0.016139447689056396,2.6457512378692627,0.756462574005127,0.24353742599487305
survset:UnempDur,UniSurv,3,44,128,2.2360680103302,1,1.4142135381698608,0.9950335025787354,0.0049664974212646484,1.7320507764816284,0.9740456938743591,0.02595430612564087,2.6457512378692627,0.6608065366744995,0.3391934633255005
survset:UnempDur,UniSurv,3,44,2685,2.4494898319244385,0,1.4142135381698608,0.9920661449432373,0.007933855056762695,1.7320507764816284,0.9534927606582642,0.04650723934173584,2.6457512378692627,0.5297070741653442,0.47029292583465576
survset:UnempDur,UniSurv,3,44,407,3.7416574954986572,0,1.4142135381698608,0.9936051368713379,0.006394863128662109,1.7320507764816284,0.9785075783729553,0.021492421627044678,2.6457512378692627,0.8024597764015198,0.19754022359848022
survset:UnempDur,UniSurv,3,44,750,1.4142135381698608,0,1.4142135381698608,0.9941107630729675,0.005889236927032471,1.7320507764816284,0.9639394879341125,0.03606051206588745,2.6457512378692627,0.5454754829406738,0.45452451705932617
survset:UnempDur,UniSurv,3,44,2138,1.4142135381698608,1,1.4142135381698608,0.628346860408783,0.37165313959121704,1.7320507764816284,0.3876919746398926,0.6123080253601074,2.6457512378692627,0.042507514357566833,0.9574924856424332
survset:UnempDur,UniSurv,3,44,2264,1.7320507764816284,1,1.4142135381698608,0.7498727440834045,0.25012725591659546,1.7320507764816284,0.48494192957878113,0.5150580704212189,2.6457512378692627,0.0687331110239029,0.9312668889760971
survset:UnempDur,UniSurv,3,44,78,2.0,0,1.4142135381698608,0.9922284483909607,0.007771551609039307,1.7320507764816284,0.9778528213500977,0.022147178649902344,2.6457512378692627,0.8285529613494873,0.1714470386505127
survset:UnempDur,UniSurv,3,44,2807,1.7320507764816284,0,1.4142135381698608,0.9948534965515137,0.005146503448486328,1.7320507764816284,0.9729529023170471,0.02704709768295288,2.6457512378692627,0.5998989343643188,0.40010106563568115
survset:UnempDur,UniSurv,3,44,3211,3.605551242828369,1,1.4142135381698608,0.9940907955169678,0.0059092044830322266,1.7320507764816284,0.9792633652687073,0.020736634731292725,2.6457512378692627,0.797967791557312,0.202032208442688
survset:UnempDur,UniSurv,3,44,3000,3.872983455657959,0,1.4142135381698608,0.990362286567688,0.009637713432312012,1.7320507764816284,0.9515979886054993,0.04840201139450073,2.6457512378692627,0.5681356191635132,0.4318643808364868
survset:UnempDur,UniSurv,3,44,2416,3.0,0,1.4142135381698608,0.9909264445304871,0.00907355546951294,1.7320507764816284,0.9648188948631287,0.03518110513687134,2.6457512378692627,0.6289358139038086,0.3710641860961914
survset:UnempDur,UniSurv,3,44,2186,2.6457512378692627,0,1.4142135381698608,0.9903954863548279,0.00960451364517212,1.7320507764816284,0.946923553943634,0.05307644605636597,2.6457512378692627,0.4938353896141052,0.5061646103858948
survset:UnempDur,UniSurv,3,44,189,3.316624879837036,0,1.4142135381698608,0.9900575876235962,0.009942412376403809,1.7320507764816284,0.9424505829811096,0.05754941701889038,2.6457512378692627,0.5123048424720764,0.4876951575279236
survset:UnempDur,UniSurv,3,44,809,2.0,1,1.4142135381698608,0.9933122992515564,0.0066877007484436035,1.7320507764816284,0.9828003644943237,0.01719963550567627,2.6457512378692627,0.7639122605323792,0.23608773946762085
survset:UnempDur,UniSurv,3,44,264,3.1622776985168457,0,1.4142135381698608,0.9838027358055115,0.016197264194488525,1.7320507764816284,0.9500632882118225,0.04993671178817749,2.6457512378692627,0.5577850937843323,0.4422149062156677
survset:UnempDur,UniSurv,3,44,2704,2.2360680103302,1,1.4142135381698608,0.9907971024513245,0.009202897548675537,1.7320507764816284,0.9462906718254089,0.053709328174591064,2.6457512378692627,0.5214902758598328,0.47850972414016724
survset:UnempDur,UniSurv,3,44,30,2.6457512378692627,1,1.4142135381698608,0.6292936205863953,0.37070637941360474,1.7320507764816284,0.4055553078651428,0.5944446921348572,2.6457512378692627,0.05308184400200844,0.9469181559979916
survset:UnempDur,UniSurv,3,44,1754,1.7320507764816284,0,1.4142135381698608,0.9941411018371582,0.005858898162841797,1.7320507764816284,0.9682892560958862,0.03171074390411377,2.6457512378692627,0.5482908487319946,0.45170915126800537
survset:UnempDur,UniSurv,3,44,3164,2.6457512378692627,1,1.4142135381698608,0.9912614822387695,0.008738517761230469,1.7320507764816284,0.9664762616157532,0.033523738384246826,2.6457512378692627,0.6796891689300537,0.3203108310699463
survset:UnempDur,UniSurv,3,44,1083,2.2360680103302,0,1.4142135381698608,0.992609977722168,0.007390022277832031,1.7320507764816284,0.9662123322486877,0.033787667751312256,2.6457512378692627,0.5569133162498474,0.4430866837501526
survset:UnempDur,UniSurv,3,44,333,1.7320507764816284,1,1.4142135381698608,0.9724661707878113,0.02753382921218872,1.7320507764816284,0.9175532460212708,0.08244675397872925,2.6457512378692627,0.4477183520793915,0.5522816479206085
survset:UnempDur,UniSurv,3,44,1523,1.7320507764816284,1,1.4142135381698608,0.9921218156814575,0.00787818431854248,1.7320507764816284,0.9495894908905029,0.05041050910949707,2.6457512378692627,0.4719837009906769,0.5280162990093231
survset:UnempDur,UniSurv,3,44,504,3.316624879837036,0,1.4142135381698608,0.9927811026573181,0.007218897342681885,1.7320507764816284,0.9760267734527588,0.02397322654724121,2.6457512378692627,0.7785983085632324,0.22140169143676758
survset:UnempDur,UniSurv,3,44,1036,4.0,1,1.4142135381698608,0.7892293334007263,0.21077066659927368,1.7320507764816284,0.5128819942474365,0.4871180057525635,2.6457512378692627,0.0737922191619873,0.9262077808380127
survset:UnempDur,UniSurv,3,44,712,2.2360680103302,1,1.4142135381698608,0.9916753172874451,0.008324682712554932,1.7320507764816284,0.9589550495147705,0.04104495048522949,2.6457512378692627,0.6042776703834534,0.39572232961654663
survset:UnempDur,UniSurv,3,44,1426,1.4142135381698608,1,1.4142135381698608,0.6363785862922668,0.36362141370773315,1.7320507764816284,0.38927343487739563,0.6107265651226044,2.6457512378692627,0.04145286604762077,0.9585471339523792
survset:UnempDur,UniSurv,3,44,1062,2.6457512378692627,0,1.4142135381698608,0.9936156868934631,0.006384313106536865,1.7320507764816284,0.9637504816055298,0.036249518394470215,2.6457512378692627,0.5631082653999329,0.43689173460006714
survset:UnempDur,UniSurv,3,44,2175,3.872983455657959,0,1.4142135381698608,0.9909783601760864,0.009021639823913574,1.7320507764816284,0.9625497460365295,0.03745025396347046,2.6457512378692627,0.5078034400939941,0.49219655990600586
survset:UnempDur,UniSurv,3,44,109,3.872983455657959,1,1.4142135381698608,0.988701581954956,0.011298418045043945,1.7320507764816284,0.9643745422363281,0.035625457763671875,2.6457512378692627,0.5541672110557556,0.4458327889442444
survset:UnempDur,UniSurv,3,44,1816,1.0,1,1.4142135381698608,0.7059216499328613,0.29407835006713867,1.7320507764816284,0.4478151500225067,0.5521848499774933,2.6457512378692627,0.05215203016996384,0.9478479698300362
survset:UnempDur,UniSurv,3,44,2179,2.6457512378692627,1,1.4142135381698608,0.9940139055252075,0.0059860944747924805,1.7320507764816284,0.9694247841835022,0.030575215816497803,2.6457512378692627,0.6549072861671448,0.3450927138328552
survset:UnempDur,UniSurv,3,44,1030,2.0,1,1.4142135381698608,0.8065488934516907,0.19345110654830933,1.7320507764816284,0.5344112515449524,0.4655887484550476,2.6457512378692627,0.0817120373249054,0.9182879626750946
survset:UnempDur,UniSurv,3,44,1622,2.0,1,1.4142135381698608,0.9935675859451294,0.0064324140548706055,1.7320507764816284,0.9726608991622925,0.02733910083770752,2.6457512378692627,0.6900330185890198,0.3099669814109802
survset:UnempDur,UniSurv,3,44,719,1.4142135381698608,1,1.4142135381698608,0.5370756983757019,0.4629243016242981,1.7320507764816284,0.39488378167152405,0.605116218328476,2.6457512378692627,0.0665445551276207,0.9334554448723793
survset:UnempDur,UniSurv,3,44,1056,1.4142135381698608,1,1.4142135381698608,0.9889453649520874,0.011054635047912598,1.7320507764816284,0.9489023089408875,0.05109769105911255,2.6457512378692627,0.47261613607406616,0.5273838639259338
survset:UnempDur,UniSurv,3,44,1217,2.6457512378692627,0,1.4142135381698608,0.9938418865203857,0.006158113479614258,1.7320507764816284,0.9814210534095764,0.018578946590423584,2.6457512378692627,0.7672461271286011,0.23275387287139893
survset:UnempDur,UniSurv,3,44,709,3.7416574954986572,1,1.4142135381698608,0.5124735236167908,0.48752647638320923,1.7320507764816284,0.36674290895462036,0.6332570910453796,2.6457512378692627,0.05246704816818237,0.9475329518318176
survset:UnempDur,UniSurv,3,44,2778,1.7320507764816284,1,1.4142135381698608,0.7550671100616455,0.2449328899383545,1.7320507764816284,0.4763856828212738,0.5236143171787262,2.6457512378692627,0.05691254884004593,0.9430874511599541
survset:UnempDur,UniSurv,3,44,2637,3.605551242828369,1,1.4142135381698608,0.9944440126419067,0.005555987358093262,1.7320507764816284,0.9625602960586548,0.037439703941345215,2.6457512378692627,0.4951298236846924,0.5048701763153076
survset:UnempDur,UniSurv,3,44,79,1.0,1,1.4142135381698608,0.7417482137680054,0.25825178623199463,1.7320507764816284,0.6727136373519897,0.32728636264801025,2.6457512378692627,0.3379262387752533,0.6620737612247467
survset:UnempDur,UniSurv,3,44,2035,3.316624879837036,0,1.4142135381698608,0.5094077587127686,0.49059224128723145,1.7320507764816284,0.369150847196579,0.630849152803421,2.6457512378692627,0.05289965495467186,0.9471003450453281
survset:UnempDur,UniSurv,3,44,537,3.872983455657959,1,1.4142135381698608,0.9934568405151367,0.006543159484863281,1.7320507764816284,0.9697105884552002,0.030289411544799805,2.6457512378692627,0.6684415340423584,0.3315584659576416
survset:UnempDur,UniSurv,3,44,2853,3.316624879837036,0,1.4142135381698608,0.9900869131088257,0.009913086891174316,1.7320507764816284,0.9614877104759216,0.03851228952407837,2.6457512378692627,0.6197554469108582,0.38024455308914185
survset:UnempDur,UniSurv,3,44,2442,3.0,0,1.4142135381698608,0.5830601453781128,0.4169398546218872,1.7320507764816284,0.3984329402446747,0.6015670597553253,2.6457512378692627,0.050994373857975006,0.949005626142025
survset:UnempDur,UniSurv,3,44,70,1.7320507764816284,0,1.4142135381698608,0.7651562690734863,0.23484373092651367,1.7320507764816284,0.4852254092693329,0.5147745907306671,2.6457512378692627,0.056696683168411255,0.9433033168315887
survset:UnempDur,UniSurv,3,44,1840,2.4494898319244385,0,1.4142135381698608,0.9897748827934265,0.010225117206573486,1.7320507764816284,0.9430026412010193,0.05699735879898071,2.6457512378692627,0.4950210750102997,0.5049789249897003
survset:UnempDur,UniSurv,3,44,2284,1.4142135381698608,1,1.4142135381698608,0.7284107208251953,0.2715892791748047,1.7320507764816284,0.4781491160392761,0.5218508839607239,2.6457512378692627,0.06890662014484406,0.931093379855156
survset:UnempDur,UniSurv,3,44,2895,2.2360680103302,1,1.4142135381698608,0.9905275106430054,0.009472489356994629,1.7320507764816284,0.9751935005187988,0.024806499481201172,2.6457512378692627,0.7664048671722412,0.2335951328277588
survset:UnempDur,UniSurv,3,44,2098,3.7416574954986572,1,1.4142135381698608,0.9939623475074768,0.006037652492523193,1.7320507764816284,0.9656099677085876,0.034390032291412354,2.6457512378692627,0.5441288352012634,0.4558711647987366
survset:UnempDur,UniSurv,3,44,1877,5.196152210235596,1,1.4142135381698608,0.7553141713142395,0.2446858286857605,1.7320507764816284,0.48578232526779175,0.5142176747322083,2.6457512378692627,0.07557964324951172,0.9244203567504883
survset:UnempDur,UniSurv,3,44,2373,1.7320507764816284,0,1.4142135381698608,0.9853585362434387,0.01464146375656128,1.7320507764816284,0.9349129796028137,0.06508702039718628,2.6457512378692627,0.45911702513694763,0.5408829748630524
survset:UnempDur,UniSurv,3,44,309,1.0,1,1.4142135381698608,0.7277121543884277,0.27228784561157227,1.7320507764816284,0.4651811718940735,0.5348188281059265,2.6457512378692627,0.06097116321325302,0.939028836786747
survset:UnempDur,UniSurv,3,44,1655,1.4142135381698608,1,1.4142135381698608,0.7727702260017395,0.2272297739982605,1.7320507764816284,0.4972119927406311,0.5027880072593689,2.6457512378692627,0.07138781994581223,0.9286121800541878
survset:UnempDur,UniSurv,3,44,1933,1.7320507764816284,0,1.4142135381698608,0.9818751215934753,0.018124878406524658,1.7320507764816284,0.9307165145874023,0.06928348541259766,2.6457512378692627,0.46841001510620117,0.5315899848937988
survset:UnempDur,UniSurv,3,44,361,4.0,0,1.4142135381698608,0.9913249611854553,0.008675038814544678,1.7320507764816284,0.9745942950248718,0.025405704975128174,2.6457512378692627,0.7023488879203796,0.29765111207962036
survset:UnempDur,UniSurv,3,44,2485,2.2360680103302,1,1.4142135381698608,0.7720258831977844,0.22797411680221558,1.7320507764816284,0.49630609154701233,0.5036939084529877,2.6457512378692627,0.07219164073467255,0.9278083592653275
survset:UnempDur,UniSurv,3,44,1939,2.0,0,1.4142135381698608,0.6050196886062622,0.3949803113937378,1.7320507764816284,0.37781599164009094,0.6221840083599091,2.6457512378692627,0.03965048864483833,0.9603495113551617
survset:UnempDur,UniSurv,3,44,2530,2.2360680103302,1,1.4142135381698608,0.9927464127540588,0.007253587245941162,1.7320507764816284,0.9634989500045776,0.03650104999542236,2.6457512378692627,0.5569161772727966,0.44308382272720337
survset:UnempDur,UniSurv,3,44,1220,1.4142135381698608,1,1.4142135381698608,0.7295016646385193,0.2704983353614807,1.7320507764816284,0.44474342465400696,0.555256575345993,2.6457512378692627,0.055604901164770126,0.9443950988352299
survset:UnempDur,UniSurv,3,44,2142,1.4142135381698608,1,1.4142135381698608,0.6986919045448303,0.3013080954551697,1.7320507764816284,0.43055254220962524,0.5694474577903748,2.6457512378692627,0.053399477154016495,0.9466005228459835
survset:UnempDur,UniSurv,3,44,3027,1.0,1,1.4142135381698608,0.7488009333610535,0.25119906663894653,1.7320507764816284,0.45975545048713684,0.5402445495128632,2.6457512378692627,0.05499263107776642,0.9450073689222336
survset:UnempDur,UniSurv,3,44,1424,1.0,1,1.4142135381698608,0.6319552659988403,0.36804473400115967,1.7320507764816284,0.3828989267349243,0.6171010732650757,2.6457512378692627,0.038661908358335495,0.9613380916416645
survset:UnempDur,UniSurv,3,44,2816,2.6457512378692627,1,1.4142135381698608,0.9942079782485962,0.005792021751403809,1.7320507764816284,0.9695284962654114,0.030471503734588623,2.6457512378692627,0.6878594756126404,0.3121405243873596
survset:UnempDur,UniSurv,3,44,7,2.6457512378692627,1,1.4142135381698608,0.9918795824050903,0.008120417594909668,1.7320507764816284,0.9591783285140991,0.04082167148590088,2.6457512378692627,0.5427451133728027,0.45725488662719727
survset:UnempDur,UniSurv,3,44,2876,3.605551242828369,1,1.4142135381698608,0.990074098110199,0.009925901889801025,1.7320507764816284,0.940386176109314,0.059613823890686035,2.6457512378692627,0.47387930750846863,0.5261206924915314
survset:UnempDur,UniSurv,3,44,997,1.4142135381698608,1,1.4142135381698608,0.6211106181144714,0.37888938188552856,1.7320507764816284,0.3852411210536957,0.6147588789463043,2.6457512378692627,0.04163102060556412,0.9583689793944359
survset:UnempDur,UniSurv,3,44,2567,3.605551242828369,0,1.4142135381698608,0.9914023280143738,0.00859767198562622,1.7320507764816284,0.9506874680519104,0.0493125319480896,2.6457512378692627,0.5149520635604858,0.48504793643951416
survset:UnempDur,UniSurv,3,44,1355,2.4494898319244385,0,1.4142135381698608,0.9895846247673035,0.010415375232696533,1.7320507764816284,0.9451097846031189,0.054890215396881104,2.6457512378692627,0.4779130220413208,0.5220869779586792
survset:UnempDur,UniSurv,3,44,2955,2.2360680103302,1,1.4142135381698608,0.9934110045433044,0.006588995456695557,1.7320507764816284,0.9637070298194885,0.036292970180511475,2.6457512378692627,0.511435329914093,0.488564670085907
survset:UnempDur,UniSurv,3,44,2478,1.4142135381698608,1,1.4142135381698608,0.9924404621124268,0.007559537887573242,1.7320507764816284,0.9525759816169739,0.04742401838302612,2.6457512378692627,0.5099239349365234,0.49007606506347656
survset:UnempDur,UniSurv,3,44,294,1.0,1,1.4142135381698608,0.6886609792709351,0.31133902072906494,1.7320507764816284,0.42354774475097656,0.5764522552490234,2.6457512378692627,0.051678366959095,0.948321633040905
survset:UnempDur,UniSurv,3,44,977,3.0,1,1.4142135381698608,0.9911982417106628,0.008801758289337158,1.7320507764816284,0.9701318740844727,0.029868125915527344,2.6457512378692627,0.7049180865287781,0.2950819134712219
survset:UnempDur,UniSurv,3,44,2852,3.1622776985168457,0,1.4142135381698608,0.9911675453186035,0.008832454681396484,1.7320507764816284,0.9773793816566467,0.02262061834335327,2.6457512378692627,0.744040846824646,0.255959153175354
survset:UnempDur,UniSurv,3,44,1421,1.7320507764816284,1,1.4142135381698608,0.8063900470733643,0.19360995292663574,1.7320507764816284,0.5321192145347595,0.4678807854652405,2.6457512378692627,0.07841427624225616,0.9215857237577438
survset:UnempDur,UniSurv,3,44,3162,1.7320507764816284,0,1.4142135381698608,0.9940819144248962,0.00591808557510376,1.7320507764816284,0.9698670506477356,0.030132949352264404,2.6457512378692627,0.7079004645347595,0.2920995354652405
survset:UnempDur,UniSurv,3,44,3236,3.316624879837036,1,1.4142135381698608,0.9890773892402649,0.010922610759735107,1.7320507764816284,0.9635560512542725,0.03644394874572754,2.6457512378692627,0.5032558441162109,0.49674415588378906
survset:UnempDur,UniSurv,3,44,2610,1.7320507764816284,0,1.4142135381698608,0.8432832360267639,0.15671676397323608,1.7320507764816284,0.5775728225708008,0.4224271774291992,2.6457512378692627,0.08345291763544083,0.9165470823645592
survset:UnempDur,UniSurv,3,44,2993,1.0,1,1.4142135381698608,0.7078545689582825,0.29214543104171753,1.7320507764816284,0.4465957283973694,0.5534042716026306,2.6457512378692627,0.06606215238571167,0.9339378476142883
survset:UnempDur,UniSurv,3,44,2654,2.2360680103302,0,1.4142135381698608,0.9937625527381897,0.006237447261810303,1.7320507764816284,0.9592726230621338,0.04072737693786621,2.6457512378692627,0.46771734952926636,0.5322826504707336
survset:UnempDur,UniSurv,3,44,1149,2.6457512378692627,0,1.4142135381698608,0.9844772219657898,0.015522778034210205,1.7320507764816284,0.9481522440910339,0.051847755908966064,2.6457512378692627,0.5274409651756287,0.47255903482437134
survset:UnempDur,UniSurv,3,44,1417,2.4494898319244385,0,1.4142135381698608,0.5685955286026001,0.4314044713973999,1.7320507764816284,0.3600817620754242,0.6399182379245758,2.6457512378692627,0.043701108545064926,0.9562988914549351
survset:UnempDur,UniSurv,3,44,3204,1.4142135381698608,0,1.4142135381698608,0.8445360660552979,0.15546393394470215,1.7320507764816284,0.5839059352874756,0.4160940647125244,2.6457512378692627,0.08104825019836426,0.9189517498016357
survset:UnempDur,UniSurv,3,44,2933,1.0,1,1.4142135381698608,0.625234842300415,0.37476515769958496,1.7320507764816284,0.40840035676956177,0.5915996432304382,2.6457512378692627,0.05175279825925827,0.9482472017407417
survset:UnempDur,UniSurv,3,44,2072,1.4142135381698608,1,1.4142135381698608,0.7654010653495789,0.23459893465042114,1.7320507764816284,0.4911874234676361,0.5088125765323639,2.6457512378692627,0.07216496765613556,0.9278350323438644
survset:UnempDur,UniSurv,3,44,3016,2.2360680103302,1,1.4142135381698608,0.9942051768302917,0.005794823169708252,1.7320507764816284,0.9846736788749695,0.015326321125030518,2.6457512378692627,0.7781766653060913,0.2218233346939087
survset:UnempDur,UniSurv,3,44,1108,2.4494898319244385,1,1.4142135381698608,0.9939155578613281,0.006084442138671875,1.7320507764816284,0.9600917100906372,0.03990828990936279,2.6457512378692627,0.4899607002735138,0.5100392997264862
survset:UnempDur,UniSurv,3,44,1760,2.0,0,1.4142135381698608,0.7783713936805725,0.2216286063194275,1.7320507764816284,0.4990803301334381,0.5009196698665619,2.6457512378692627,0.05726433917880058,0.9427356608211994
survset:UnempDur,UniSurv,3,44,1269,1.0,1,1.4142135381698608,0.8201898336410522,0.17981016635894775,1.7320507764816284,0.557424008846283,0.44257599115371704,2.6457512378692627,0.07549228519201279,0.9245077148079872
survset:UnempDur,UniSurv,3,44,2322,3.605551242828369,0,1.4142135381698608,0.9890844821929932,0.010915517807006836,1.7320507764816284,0.9486557841300964,0.051344215869903564,2.6457512378692627,0.5229381918907166,0.47706180810928345
survset:UnempDur,UniSurv,3,44,1234,1.7320507764816284,1,1.4142135381698608,0.9924647212028503,0.007535278797149658,1.7320507764816284,0.9645506739616394,0.035449326038360596,2.6457512378692627,0.6308600306510925,0.36913996934890747
survset:UnempDur,UniSurv,3,44,1991,1.7320507764816284,0,1.4142135381698608,0.5420595407485962,0.4579404592514038,1.7320507764816284,0.31772109866142273,0.6822789013385773,2.6457512378692627,0.0361170768737793,0.9638829231262207
survset:UnempDur,UniSurv,3,44,2116,3.7416574954986572,1,1.4142135381698608,0.9939369559288025,0.00606304407119751,1.7320507764816284,0.9649966359138489,0.03500336408615112,2.6457512378692627,0.6296083927154541,0.3703916072845459
survset:UnempDur,UniSurv,3,44,630,1.0,1,1.4142135381698608,0.8530378937721252,0.14696210622787476,1.7320507764816284,0.5853957533836365,0.4146042466163635,2.6457512378692627,0.08644885569810867,0.9135511443018913
survset:UnempDur,UniSurv,3,44,1012,1.0,1,1.4142135381698608,0.626730740070343,0.373269259929657,1.7320507764816284,0.3875741958618164,0.6124258041381836,2.6457512378692627,0.042426515370607376,0.9575734846293926
survset:UnempDur,UniSurv,3,44,2252,1.0,1,1.4142135381698608,0.6640740633010864,0.3359259366989136,1.7320507764816284,0.40395477414131165,0.5960452258586884,2.6457512378692627,0.044394947588443756,0.9556050524115562
survset:UnempDur,UniSurv,3,44,177,2.0,0,1.4142135381698608,0.991805374622345,0.00819462537765503,1.7320507764816284,0.982271671295166,0.017728328704833984,2.6457512378692627,0.8754093050956726,0.12459069490432739
survset:UnempDur,UniSurv,3,44,833,2.6457512378692627,0,1.4142135381698608,0.9761450886726379,0.02385491132736206,1.7320507764816284,0.9485197067260742,0.05148029327392578,2.6457512378692627,0.5525248050689697,0.4474751949310303
survset:UnempDur,UniSurv,3,44,2353,4.123105525970459,0,1.4142135381698608,0.9930915832519531,0.006908416748046875,1.7320507764816284,0.9696990251541138,0.03030097484588623,2.6457512378692627,0.695659875869751,0.304340124130249
survset:UnempDur,UniSurv,3,44,1042,1.4142135381698608,0,1.4142135381698608,0.9878372550010681,0.012162744998931885,1.7320507764816284,0.9749853610992432,0.025014638900756836,2.6457512378692627,0.8030641078948975,0.19693589210510254
survset:UnempDur,UniSurv,3,44,2855,2.6457512378692627,0,1.4142135381698608,0.613311231136322,0.386688768863678,1.7320507764816284,0.40651705861091614,0.5934829413890839,2.6457512378692627,0.056197308003902435,0.9438026919960976
survset:UnempDur,UniSurv,3,44,2363,2.6457512378692627,0,1.4142135381698608,0.9932026863098145,0.006797313690185547,1.7320507764816284,0.976229727268219,0.023770272731781006,2.6457512378692627,0.6553362011909485,0.3446637988090515
survset:UnempDur,UniSurv,3,44,1270,1.0,1,1.4142135381698608,0.7613344192504883,0.23866558074951172,1.7320507764816284,0.4848921597003937,0.5151078402996063,2.6457512378692627,0.0643010139465332,0.9356989860534668
survset:UnempDur,UniSurv,3,44,3140,2.4494898319244385,0,1.4142135381698608,0.6267240047454834,0.3732759952545166,1.7320507764816284,0.3878188729286194,0.6121811270713806,2.6457512378692627,0.04130280762910843,0.9586971923708916
survset:UnempDur,UniSurv,3,44,2940,3.872983455657959,0,1.4142135381698608,0.9868390560150146,0.013160943984985352,1.7320507764816284,0.9717783331871033,0.02822166681289673,2.6457512378692627,0.7244253754615784,0.27557462453842163
survset:UnempDur,UniSurv,3,44,207,1.0,1,1.4142135381698608,0.9885163903236389,0.011483609676361084,1.7320507764816284,0.9730022549629211,0.026997745037078857,2.6457512378692627,0.7443922162055969,0.2556077837944031
survset:UnempDur,UniSurv,3,44,1211,1.4142135381698608,1,1.4142135381698608,0.990282416343689,0.009717583656311035,1.7320507764816284,0.9597892165184021,0.0402107834815979,2.6457512378692627,0.5837439298629761,0.4162560701370239
survset:UnempDur,UniSurv,3,44,2820,1.7320507764816284,0,1.4142135381698608,0.9926394820213318,0.007360517978668213,1.7320507764816284,0.9526814818382263,0.04731851816177368,2.6457512378692627,0.5169986486434937,0.48300135135650635
survset:UnempDur,UniSurv,3,44,2139,1.0,1,1.4142135381698608,0.4915865659713745,0.5084134340286255,1.7320507764816284,0.4266386032104492,0.5733613967895508,2.6457512378692627,0.08854493498802185,0.9114550650119781
survset:UnempDur,UniSurv,3,44,2040,4.4721360206604,0,1.4142135381698608,0.9926648139953613,0.007335186004638672,1.7320507764816284,0.9790517687797546,0.02094823122024536,2.6457512378692627,0.830654501914978,0.16934549808502197
survset:UnempDur,UniSurv,3,44,1846,3.7416574954986572,0,1.4142135381698608,0.9789257645606995,0.021074235439300537,1.7320507764816284,0.9433837532997131,0.056616246700286865,2.6457512378692627,0.5259207487106323,0.4740792512893677
survset:UnempDur,UniSurv,3,44,565,3.0,1,1.4142135381698608,0.9925466775894165,0.007453322410583496,1.7320507764816284,0.9727703928947449,0.027229607105255127,2.6457512378692627,0.7484349012374878,0.2515650987625122
survset:UnempDur,UniSurv,3,44,1197,2.6457512378692627,1,1.4142135381698608,0.9671126008033752,0.032887399196624756,1.7320507764816284,0.8999669551849365,0.10003304481506348,2.6457512378692627,0.42750293016433716,0.5724970698356628
survset:UnempDur,UniSurv,3,44,1425,1.0,1,1.4142135381698608,0.5601226687431335,0.43987733125686646,1.7320507764816284,0.37798595428466797,0.622014045715332,2.6457512378692627,0.051103319972753525,0.9488966800272465
survset:UnempDur,UniSurv,3,44,246,2.2360680103302,1,1.4142135381698608,0.9903651475906372,0.009634852409362793,1.7320507764816284,0.960429310798645,0.03957068920135498,2.6457512378692627,0.5456651449203491,0.4543348550796509
survset:UnempDur,UniSurv,3,44,3174,1.7320507764816284,0,1.4142135381698608,0.9902973175048828,0.009702682495117188,1.7320507764816284,0.943859338760376,0.05614066123962402,2.6457512378692627,0.4196053445339203,0.5803946554660797
survset:UnempDur,UniSurv,3,44,71,3.7416574954986572,0,1.4142135381698608,0.986598014831543,0.013401985168457031,1.7320507764816284,0.9329723715782166,0.06702762842178345,2.6457512378692627,0.40843522548675537,0.5915647745132446
survset:UnempDur,UniSurv,3,44,2626,2.2360680103302,1,1.4142135381698608,0.9910343289375305,0.008965671062469482,1.7320507764816284,0.9540531039237976,0.04594689607620239,2.6457512378692627,0.46004486083984375,0.5399551391601562
survset:UnempDur,UniSurv,3,44,759,2.0,1,1.4142135381698608,0.6422843933105469,0.3577156066894531,1.7320507764816284,0.38822901248931885,0.6117709875106812,2.6457512378692627,0.04228917136788368,0.9577108286321163
survset:UnempDur,UniSurv,3,44,935,3.7416574954986572,0,1.4142135381698608,0.9929741024971008,0.00702589750289917,1.7320507764816284,0.9633771777153015,0.036622822284698486,2.6457512378692627,0.6145385503768921,0.3854614496231079
survset:UnempDur,UniSurv,3,44,2019,1.0,1,1.4142135381698608,0.6098711490631104,0.39012885093688965,1.7320507764816284,0.42640000581741333,0.5735999941825867,2.6457512378692627,0.07128918170928955,0.9287108182907104
survset:UnempDur,UniSurv,3,44,1124,1.7320507764816284,1,1.4142135381698608,0.9916013479232788,0.008398652076721191,1.7320507764816284,0.9480997323989868,0.051900267601013184,2.6457512378692627,0.5279204249382019,0.4720795750617981
survset:UnempDur,UniSurv,3,44,2840,2.2360680103302,1,1.4142135381698608,0.9891705513000488,0.010829448699951172,1.7320507764816284,0.9592205882072449,0.04077941179275513,2.6457512378692627,0.6102246642112732,0.3897753357887268
survset:UnempDur,UniSurv,3,44,2674,2.0,1,1.4142135381698608,0.5399961471557617,0.4600038528442383,1.7320507764816284,0.36259257793426514,0.6374074220657349,2.6457512378692627,0.05254655331373215,0.9474534466862679
survset:UnempDur,UniSurv,3,44,1680,3.0,0,1.4142135381698608,0.9910613298416138,0.00893867015838623,1.7320507764816284,0.9542042016983032,0.04579579830169678,2.6457512378692627,0.5577206611633301,0.4422793388366699
survset:UnempDur,UniSurv,3,44,3074,2.0,1,1.4142135381698608,0.9866334795951843,0.013366520404815674,1.7320507764816284,0.9455969929695129,0.05440300703048706,2.6457512378692627,0.5082346796989441,0.4917653203010559
survset:UnempDur,UniSurv,3,44,456,4.0,1,1.4142135381698608,0.9942494630813599,0.005750536918640137,1.7320507764816284,0.9627358913421631,0.037264108657836914,2.6457512378692627,0.5331090688705444,0.46689093112945557
survset:UnempDur,UniSurv,3,44,1332,1.0,1,1.4142135381698608,0.6472905874252319,0.35270941257476807,1.7320507764816284,0.4204399883747101,0.5795600116252899,2.6457512378692627,0.0551208071410656,0.9448791928589344
survset:UnempDur,UniSurv,3,44,3216,1.0,1,1.4142135381698608,0.7641925811767578,0.2358074188232422,1.7320507764816284,0.49887600541114807,0.5011239945888519,2.6457512378692627,0.0637865737080574,0.9362134262919426
survset:UnempDur,UniSurv,3,44,1589,2.6457512378692627,0,1.4142135381698608,0.9906874895095825,0.00931251049041748,1.7320507764816284,0.9631454944610596,0.03685450553894043,2.6457512378692627,0.5505676865577698,0.4494323134422302
survset:UnempDur,UniSurv,3,44,1997,1.7320507764816284,1,1.4142135381698608,0.9945675730705261,0.005432426929473877,1.7320507764816284,0.979884147644043,0.02011585235595703,2.6457512378692627,0.7054287791252136,0.2945712208747864
