dataset,method,run_id,seed,sample_id,observed_time,event,horizon_t25,pred_survival_t25,pred_risk_t25,horizon_t50,pred_survival_t50,pred_risk_t50,horizon_t75,pred_survival_t75,pred_risk_t75
survset:UnempDur,DSM,9,50,2393,2.0,0,1.0,0.9777815869355652,0.02221841306443484,1.7320507764816284,0.9106972204493582,0.08930277955064181,2.6457512378692627,0.754007592229152,0.24599240777084797
survset:UnempDur,DSM,9,50,2282,2.6457512378692627,0,1.0,0.9700892079060963,0.029910792093903682,1.7320507764816284,0.8750299155473588,0.12497008445264124,2.6457512378692627,0.6575399061394301,0.34246009386056986
survset:UnempDur,DSM,9,50,2175,3.872983455657959,0,1.0,0.9659423634875592,0.03405763651244076,1.7320507764816284,0.8753537617510686,0.1246462382489314,2.6457512378692627,0.6852038101183877,0.3147961898816123
survset:UnempDur,DSM,9,50,2102,1.4142135381698608,1,1.0,0.9761068209331429,0.023893179066857062,1.7320507764816284,0.9064342650700509,0.09356573492994913,2.6457512378692627,0.7486928498549765,0.2513071501450235
survset:UnempDur,DSM,9,50,1568,1.4142135381698608,1,1.0,0.8014309222366583,0.19856907776334165,1.7320507764816284,0.5229250751747281,0.4770749248252719,2.6457512378692627,0.22785081319233205,0.772149186807668
survset:UnempDur,DSM,9,50,1933,1.7320507764816284,0,1.0,0.9625559290403912,0.03744407095960878,1.7320507764816284,0.8526404962411605,0.14735950375883955,2.6457512378692627,0.6180668167215236,0.38193318327847636
survset:UnempDur,DSM,9,50,2468,2.8284270763397217,0,1.0,0.9671052951816094,0.03289470481839063,1.7320507764816284,0.9013682774541341,0.09863172254586594,2.6457512378692627,0.7701423936408195,0.2298576063591805
survset:UnempDur,DSM,9,50,2000,2.4494898319244385,0,1.0,0.8522091779982017,0.14779082200179827,1.7320507764816284,0.6031247594640348,0.39687524053596523,2.6457512378692627,0.2916336550559826,0.7083663449440174
survset:UnempDur,DSM,9,50,2644,1.4142135381698608,0,1.0,0.8558226959786928,0.14417730402130724,1.7320507764816284,0.5798737188612857,0.4201262811387143,2.6457512378692627,0.24174632662252338,0.7582536733774766
survset:UnempDur,DSM,9,50,2171,3.316624879837036,0,1.0,0.9544638137895171,0.04553618621048294,1.7320507764816284,0.8436484082447041,0.1563515917552959,2.6457512378692627,0.6282934333568387,0.37170656664316126
survset:UnempDur,DSM,9,50,1309,2.0,1,1.0,0.9704330676045436,0.02956693239545638,1.7320507764816284,0.8840812728761952,0.1159187271238048,2.6457512378692627,0.693596888645996,0.306403111354004
survset:UnempDur,DSM,9,50,2,4.582575798034668,1,1.0,0.9712126400228931,0.028787359977106908,1.7320507764816284,0.866446698700988,0.133553301299012,2.6457512378692627,0.6119382899564991,0.3880617100435009
survset:UnempDur,DSM,9,50,820,2.2360680103302,0,1.0,0.8414895465612139,0.15851045343878611,1.7320507764816284,0.6029090524723764,0.39709094752762364,2.6457512378692627,0.3139152985320472,0.6860847014679528
survset:UnempDur,DSM,9,50,2545,2.0,1,1.0,0.9697709300796994,0.03022906992030061,1.7320507764816284,0.8935600883103125,0.10643991168968747,2.6457512378692627,0.7352673435747509,0.2647326564252491
survset:UnempDur,DSM,9,50,708,1.4142135381698608,1,1.0,0.9762179995381565,0.023782000461843533,1.7320507764816284,0.9034923330859715,0.09650766691402846,2.6457512378692627,0.7350337514442095,0.26496624855579054
survset:UnempDur,DSM,9,50,834,3.872983455657959,1,1.0,0.9664705916664157,0.03352940833358431,1.7320507764816284,0.8724356346448525,0.12756436535514748,2.6457512378692627,0.6713655515158214,0.32863444848417855
survset:UnempDur,DSM,9,50,1944,1.7320507764816284,1,1.0,0.958998975386925,0.04100102461307498,1.7320507764816284,0.8629930984700682,0.13700690152993178,2.6457512378692627,0.6767273482061664,0.3232726517938336
survset:UnempDur,DSM,9,50,371,2.8284270763397217,0,1.0,0.9663222125499242,0.03367778745007577,1.7320507764816284,0.8767099660661021,0.12329003393389792,2.6457512378692627,0.6899210218670723,0.31007897813292773
survset:UnempDur,DSM,9,50,49,2.0,1,1.0,0.9647064038590801,0.03529359614091987,1.7320507764816284,0.8543491268332107,0.14565087316678926,2.6457512378692627,0.6109040173746936,0.3890959826253064
survset:UnempDur,DSM,9,50,1603,2.2360680103302,1,1.0,0.8333618496697894,0.16663815033021057,1.7320507764816284,0.6124155718882577,0.3875844281117423,2.6457512378692627,0.34974148810740546,0.6502585118925945
survset:UnempDur,DSM,9,50,875,2.8284270763397217,0,1.0,0.9628866400390701,0.037113359960929904,1.7320507764816284,0.8647016044947043,0.13529839550529565,2.6457512378692627,0.6627580388925282,0.33724196110747184
survset:UnempDur,DSM,9,50,602,2.2360680103302,1,1.0,0.9747270070721241,0.02527299292787588,1.7320507764816284,0.9023536679740457,0.0976463320259543,2.6457512378692627,0.7408451471761244,0.2591548528238756
survset:UnempDur,DSM,9,50,2830,2.4494898319244385,1,1.0,0.8258197259335751,0.1741802740664249,1.7320507764816284,0.5794261318479549,0.4205738681520451,2.6457512378692627,0.2945278932062572,0.7054721067937428
survset:UnempDur,DSM,9,50,2500,2.6457512378692627,1,1.0,0.852790640833545,0.14720935916645495,1.7320507764816284,0.5856462795674793,0.4143537204325207,2.6457512378692627,0.25874847159230213,0.7412515284076979
survset:UnempDur,DSM,9,50,140,3.316624879837036,0,1.0,0.972197029423537,0.02780297057646297,1.7320507764816284,0.894042002200871,0.10595799779912896,2.6457512378692627,0.7223687644541316,0.27763123554586844
survset:UnempDur,DSM,9,50,1706,1.4142135381698608,0,1.0,0.9623884833746337,0.037611516625366326,1.7320507764816284,0.8624298454965023,0.13757015450349774,2.6457512378692627,0.6563785347404367,0.3436214652595633
survset:UnempDur,DSM,9,50,1711,2.2360680103302,1,1.0,0.8583002725458857,0.1416997274541143,1.7320507764816284,0.6125350704270672,0.38746492957293277,2.6457512378692627,0.30009573545517376,0.6999042645448262
survset:UnempDur,DSM,9,50,2520,2.2360680103302,1,1.0,0.9750268899824333,0.024973110017566746,1.7320507764816284,0.9094546720506634,0.09054532794933656,2.6457512378692627,0.767439086552054,0.23256091344794605
survset:UnempDur,DSM,9,50,955,1.0,1,1.0,0.8686911843674536,0.13130881563254637,1.7320507764816284,0.6378888290539863,0.36211117094601375,2.6457512378692627,0.331067167184868,0.668932832815132
survset:UnempDur,DSM,9,50,1269,1.0,1,1.0,0.8639514205598237,0.13604857944017634,1.7320507764816284,0.6475317306456783,0.35246826935432174,2.6457512378692627,0.36433048735726303,0.635669512642737
survset:UnempDur,DSM,9,50,1669,2.2360680103302,1,1.0,0.8401133859158388,0.15988661408416116,1.7320507764816284,0.6097270585791225,0.39027294142087754,2.6457512378692627,0.3334268271189588,0.6665731728810411
survset:UnempDur,DSM,9,50,2748,1.0,1,1.0,0.8317755273090198,0.16822447269098018,1.7320507764816284,0.5586424289967683,0.4413575710032317,2.6457512378692627,0.24329709358898377,0.7567029064110162
survset:UnempDur,DSM,9,50,1457,1.7320507764816284,1,1.0,0.8454605093589778,0.15453949064102224,1.7320507764816284,0.6047774751651686,0.39522252483483145,2.6457512378692627,0.31084047125687153,0.6891595287431285
survset:UnempDur,DSM,9,50,1387,3.7416574954986572,0,1.0,0.8482181304317002,0.15178186956829975,1.7320507764816284,0.6174641485182464,0.3825358514817536,2.6457512378692627,0.33041203273625774,0.6695879672637423
survset:UnempDur,DSM,9,50,192,4.358899116516113,0,1.0,0.9733034618543892,0.026696538145610793,1.7320507764816284,0.9024311831662517,0.0975688168337483,2.6457512378692627,0.7501832548962708,0.2498167451037292
survset:UnempDur,DSM,9,50,2327,3.316624879837036,0,1.0,0.964146131085639,0.03585386891436104,1.7320507764816284,0.8560723571459053,0.14392764285409465,2.6457512378692627,0.6217300869091983,0.3782699130908017
survset:UnempDur,DSM,9,50,1552,4.358899116516113,1,1.0,0.8423440385441426,0.15765596145585736,1.7320507764816284,0.5795395127866663,0.42046048721333373,2.6457512378692627,0.26619282583685044,0.7338071741631496
survset:UnempDur,DSM,9,50,2122,1.4142135381698608,1,1.0,0.7834740026513906,0.21652599734860944,1.7320507764816284,0.4491572025295168,0.5508427974704833,2.6457512378692627,0.13759637953106707,0.8624036204689329
survset:UnempDur,DSM,9,50,1600,3.0,1,1.0,0.8233619734117326,0.17663802658826744,1.7320507764816284,0.5257045282513443,0.4742954717486557,2.6457512378692627,0.19900978245104883,0.8009902175489512
survset:UnempDur,DSM,9,50,879,3.7416574954986572,1,1.0,0.9683607851070953,0.031639214892904666,1.7320507764816284,0.8831762781617751,0.11682372183822487,2.6457512378692627,0.7025686019659684,0.2974313980340316
survset:UnempDur,DSM,9,50,3070,1.0,1,1.0,0.8131030277345062,0.18689697226549384,1.7320507764816284,0.5066831833108089,0.49331681668919114,2.6457512378692627,0.1829741932602321,0.8170258067397679
survset:UnempDur,DSM,9,50,3165,1.0,1,1.0,0.8686360071863561,0.13136399281364386,1.7320507764816284,0.6188729876406138,0.3811270123593862,2.6457512378692627,0.292238028775332,0.707761971224668
survset:UnempDur,DSM,9,50,2048,5.196152210235596,0,1.0,0.9694941478921814,0.030505852107818643,1.7320507764816284,0.8901743915854211,0.10982560841457889,2.6457512378692627,0.7235740727693596,0.2764259272306404
survset:UnempDur,DSM,9,50,761,2.2360680103302,1,1.0,0.9772133847973002,0.022786615202699756,1.7320507764816284,0.9143676782705448,0.08563232172945523,2.6457512378692627,0.7742691273904463,0.2257308726095537
survset:UnempDur,DSM,9,50,2224,2.0,1,1.0,0.9622491878337829,0.03775081216621712,1.7320507764816284,0.8584277400983897,0.14157225990161026,2.6457512378692627,0.6416424320656388,0.35835756793436124
survset:UnempDur,DSM,9,50,1221,1.4142135381698608,1,1.0,0.8436967897849923,0.1563032102150077,1.7320507764816284,0.6094872204181156,0.39051277958188435,2.6457512378692627,0.3248156226048087,0.6751843773951913
survset:UnempDur,DSM,9,50,1668,3.605551242828369,0,1.0,0.9648542461178239,0.03514575388217611,1.7320507764816284,0.8657884902269619,0.13421150977303808,2.6457512378692627,0.655370842525253,0.344629157474747
survset:UnempDur,DSM,9,50,456,4.0,1,1.0,0.9754934024244621,0.02450659757553786,1.7320507764816284,0.9016241086972457,0.09837589130275426,2.6457512378692627,0.7327212812835574,0.2672787187164426
survset:UnempDur,DSM,9,50,2964,2.0,1,1.0,0.8599961535448594,0.14000384645514063,1.7320507764816284,0.6223040386902762,0.3776959613097238,2.6457512378692627,0.3173974320796836,0.6826025679203165
survset:UnempDur,DSM,9,50,849,4.4721360206604,0,1.0,0.966795444592458,0.03320455540754197,1.7320507764816284,0.8895292086134506,0.11047079138654936,2.6457512378692627,0.7367481160292366,0.2632518839707634
survset:UnempDur,DSM,9,50,2531,1.4142135381698608,1,1.0,0.9683573852208258,0.03164261477917418,1.7320507764816284,0.890448161136366,0.10955183886363395,2.6457512378692627,0.7316144226517561,0.26838557734824386
survset:UnempDur,DSM,9,50,436,2.6457512378692627,1,1.0,0.9628499405437851,0.03715005945621486,1.7320507764816284,0.8663201408003963,0.13367985919960368,2.6457512378692627,0.669538618021692,0.330461381978308
survset:UnempDur,DSM,9,50,2628,2.4494898319244385,1,1.0,0.8760458513528976,0.12395414864710241,1.7320507764816284,0.6663970265428392,0.33360297345716083,2.6457512378692627,0.3805011659334562,0.6194988340665438
survset:UnempDur,DSM,9,50,2573,1.7320507764816284,1,1.0,0.9613307423914033,0.03866925760859674,1.7320507764816284,0.8601479158004487,0.1398520841995513,2.6457512378692627,0.6552181204843712,0.3447818795156288
survset:UnempDur,DSM,9,50,184,2.6457512378692627,1,1.0,0.852147080694065,0.14785291930593503,1.7320507764816284,0.593607936350868,0.40639206364913205,2.6457512378692627,0.27735263333049326,0.7226473666695068
survset:UnempDur,DSM,9,50,2059,2.2360680103302,1,1.0,0.7845893822592894,0.21541061774071057,1.7320507764816284,0.5884106704413149,0.4115893295586851,2.6457512378692627,0.37932203113067936,0.6206779688693207
survset:UnempDur,DSM,9,50,871,1.0,1,1.0,0.7936338797909872,0.2063661202090128,1.7320507764816284,0.5565065578472914,0.4434934421527086,2.6457512378692627,0.3005568263532951,0.6994431736467048
survset:UnempDur,DSM,9,50,556,3.7416574954986572,1,1.0,0.9680280267216929,0.03197197327830714,1.7320507764816284,0.8934165782828994,0.10658342171710056,2.6457512378692627,0.7448256304924171,0.2551743695075829
survset:UnempDur,DSM,9,50,3026,1.4142135381698608,1,1.0,0.8465831608945998,0.15341683910540016,1.7320507764816284,0.6141994304609102,0.3858005695390898,2.6457512378692627,0.32660226156523103,0.6733977384347689
survset:UnempDur,DSM,9,50,1015,2.2360680103302,1,1.0,0.9654837435647957,0.034516256435204284,1.7320507764816284,0.8778434588893357,0.12215654111066432,2.6457512378692627,0.6989174085889377,0.3010825914110623
survset:UnempDur,DSM,9,50,1467,2.6457512378692627,1,1.0,0.9361286398438504,0.06387136015614958,1.7320507764816284,0.7928307457296048,0.20716925427039523,2.6457512378692627,0.541541067618953,0.45845893238104696
survset:UnempDur,DSM,9,50,1406,1.4142135381698608,1,1.0,0.8388062089310284,0.16119379106897158,1.7320507764816284,0.5967099393477764,0.4032900606522236,2.6457512378692627,0.30460002992511714,0.6953999700748829
survset:UnempDur,DSM,9,50,2078,3.464101552963257,0,1.0,0.9631028730796549,0.03689712692034508,1.7320507764816284,0.8534974633052782,0.1465025366947218,2.6457512378692627,0.6174322538676228,0.3825677461323772
survset:UnempDur,DSM,9,50,1914,2.2360680103302,0,1.0,0.8347637402713296,0.1652362597286704,1.7320507764816284,0.5559299374313607,0.44407006256863935,2.6457512378692627,0.23315270792999113,0.7668472920700089
survset:UnempDur,DSM,9,50,2358,4.4721360206604,0,1.0,0.982049878721606,0.017950121278394016,1.7320507764816284,0.9312620384410951,0.06873796155890488,2.6457512378692627,0.8132150669859839,0.1867849330140161
survset:UnempDur,DSM,9,50,1396,1.7320507764816284,1,1.0,0.8468684032914336,0.15313159670856635,1.7320507764816284,0.6220427773074034,0.3779572226925966,2.6457512378692627,0.3435634118419462,0.6564365881580538
survset:UnempDur,DSM,9,50,1425,1.0,1,1.0,0.7889752000840865,0.2110247999159135,1.7320507764816284,0.5675593799106317,0.43244062008936834,2.6457512378692627,0.33013290579196736,0.6698670942080327
survset:UnempDur,DSM,9,50,843,3.7416574954986572,0,1.0,0.9748524786861638,0.02514752131383624,1.7320507764816284,0.9037826483592865,0.09621735164071354,2.6457512378692627,0.7440354750925171,0.2559645249074829
survset:UnempDur,DSM,9,50,1198,3.872983455657959,0,1.0,0.9662898716261378,0.033710128373862225,1.7320507764816284,0.8788683300738976,0.12113166992610236,2.6457512378692627,0.6982172514668241,0.3017827485331759
survset:UnempDur,DSM,9,50,1939,2.0,0,1.0,0.7282108908880016,0.2717891091119984,1.7320507764816284,0.38642993239038553,0.6135700676096145,2.6457512378692627,0.11078697235151175,0.8892130276484882
survset:UnempDur,DSM,9,50,1353,2.6457512378692627,0,1.0,0.9690025210011445,0.03099747899885552,1.7320507764816284,0.8863335434824618,0.11366645651753815,2.6457512378692627,0.7115284911715245,0.2884715088284755
survset:UnempDur,DSM,9,50,2600,3.316624879837036,0,1.0,0.9651273670157454,0.03487263298425458,1.7320507764816284,0.8996826269902543,0.10031737300974575,2.6457512378692627,0.7721982368570866,0.22780176314291345
survset:UnempDur,DSM,9,50,1530,1.4142135381698608,1,1.0,0.8467606585856653,0.1532393414143347,1.7320507764816284,0.5779176082782348,0.4220823917217652,2.6457512378692627,0.252621627375096,0.7473783726249039
survset:UnempDur,DSM,9,50,661,2.2360680103302,0,1.0,0.8824953243740183,0.11750467562598166,1.7320507764816284,0.6887663724459905,0.3112336275540095,2.6457512378692627,0.4208021526913867,0.5791978473086132
survset:UnempDur,DSM,9,50,497,1.0,1,1.0,0.8373068526475888,0.16269314735241125,1.7320507764816284,0.5973659235735763,0.4026340764264237,2.6457512378692627,0.30800156685902674,0.6919984331409732
survset:UnempDur,DSM,9,50,918,1.4142135381698608,0,1.0,0.9643223129197479,0.035677687080252096,1.7320507764816284,0.8681386627159334,0.13186133728406657,2.6457512378692627,0.6649828227046981,0.3350171772953019
survset:UnempDur,DSM,9,50,364,3.1622776985168457,0,1.0,0.9702163845503017,0.02978361544969832,1.7320507764816284,0.9016728944429899,0.09832710555701007,2.6457512378692627,0.7652124944781291,0.2347875055218709
survset:UnempDur,DSM,9,50,2259,2.2360680103302,1,1.0,0.8621349055550366,0.13786509444496342,1.7320507764816284,0.5854155691680805,0.41458443083191954,2.6457512378692627,0.23820262414317722,0.7617973758568228
survset:UnempDur,DSM,9,50,2490,1.7320507764816284,0,1.0,0.9717917652843774,0.028208234715622615,1.7320507764816284,0.892857133371665,0.10714286662833505,2.6457512378692627,0.7206234993655274,0.2793765006344726
survset:UnempDur,DSM,9,50,2469,1.4142135381698608,1,1.0,0.8552495811878817,0.14475041881211825,1.7320507764816284,0.5823278580317732,0.4176721419682268,2.6457512378692627,0.24836606502876127,0.7516339349712388
survset:UnempDur,DSM,9,50,2555,2.2360680103302,0,1.0,0.9664639044693462,0.03353609553065384,1.7320507764816284,0.877628396775317,0.12237160322468299,2.6457512378692627,0.6927846682742819,0.30721533172571813
survset:UnempDur,DSM,9,50,1185,2.2360680103302,1,1.0,0.9792743006072098,0.02072569939279023,1.7320507764816284,0.9133694792945561,0.08663052070544386,2.6457512378692627,0.7555291122099828,0.24447088779001724
survset:UnempDur,DSM,9,50,1787,1.7320507764816284,0,1.0,0.871883455766303,0.128116544233697,1.7320507764816284,0.627817716461639,0.372182283538361,2.6457512378692627,0.3035916959912501,0.6964083040087499
survset:UnempDur,DSM,9,50,220,1.0,1,1.0,0.8508244262078775,0.14917557379212254,1.7320507764816284,0.5998639236650741,0.40013607633492587,2.6457512378692627,0.28804708180652117,0.7119529181934788
survset:UnempDur,DSM,9,50,2570,1.0,1,1.0,0.8106014587948882,0.1893985412051118,1.7320507764816284,0.4983584045778852,0.5016415954221147,2.6457512378692627,0.17661336469049316,0.8233866353095068
survset:UnempDur,DSM,9,50,139,2.4494898319244385,1,1.0,0.962908256779828,0.03709174322017195,1.7320507764816284,0.8527716689959696,0.14722833100403043,2.6457512378692627,0.6093348204849753,0.39066517951502466
survset:UnempDur,DSM,9,50,1022,2.6457512378692627,0,1.0,0.9681083004097432,0.03189169959025684,1.7320507764816284,0.8900312668979157,0.10996873310208433,2.6457512378692627,0.7311714380799679,0.2688285619200321
survset:UnempDur,DSM,9,50,1533,1.4142135381698608,0,1.0,0.9643210341351097,0.03567896586489028,1.7320507764816284,0.8354955384907364,0.16450446150926357,2.6457512378692627,0.5384382048309849,0.4615617951690151
survset:UnempDur,DSM,9,50,1666,1.7320507764816284,1,1.0,0.8511744110864424,0.14882558891355757,1.7320507764816284,0.6309197165607465,0.3690802834392535,2.6457512378692627,0.35449086449594064,0.6455091355040594
survset:UnempDur,DSM,9,50,1959,3.7416574954986572,1,1.0,0.9640584749197652,0.03594152508023485,1.7320507764816284,0.8756123595678958,0.12438764043210415,2.6457512378692627,0.6981263288531688,0.30187367114683117
survset:UnempDur,DSM,9,50,1000,1.7320507764816284,0,1.0,0.9662076663203376,0.03379233367966239,1.7320507764816284,0.8702534348046761,0.1297465651953239,2.6457512378692627,0.6650660038111759,0.33493399618882413
survset:UnempDur,DSM,9,50,2300,1.7320507764816284,1,1.0,0.9716970895290997,0.028302910470900278,1.7320507764816284,0.8889602691763382,0.11103973082366181,2.6457512378692627,0.7047219235121701,0.2952780764878299
survset:UnempDur,DSM,9,50,228,4.123105525970459,0,1.0,0.9719431360132285,0.02805686398677154,1.7320507764816284,0.8949408990732561,0.10505910092674386,2.6457512378692627,0.7280787111136283,0.2719212888863717
survset:UnempDur,DSM,9,50,2801,1.4142135381698608,1,1.0,0.8463099328542566,0.1536900671457434,1.7320507764816284,0.5645655783133109,0.4354344216866891,2.6457512378692627,0.22877706832952377,0.7712229316704762
survset:UnempDur,DSM,9,50,1695,2.2360680103302,1,1.0,0.795304970702424,0.204695029297576,1.7320507764816284,0.540656475155509,0.45934352484449104,2.6457512378692627,0.26952581625566446,0.7304741837443356
survset:UnempDur,DSM,9,50,1490,1.0,1,1.0,0.9624215233507125,0.037578476649287484,1.7320507764816284,0.8678942875262241,0.1321057124737759,2.6457512378692627,0.6758765003826792,0.3241234996173208
survset:UnempDur,DSM,9,50,345,2.2360680103302,0,1.0,0.9662079994880257,0.033792000511974285,1.7320507764816284,0.880610806859731,0.11938919314026897,2.6457512378692627,0.7055521642088248,0.29444783579117517
survset:UnempDur,DSM,9,50,1775,3.464101552963257,1,1.0,0.9655453382020878,0.034454661797912234,1.7320507764816284,0.8490229766578685,0.15097702334213148,2.6457512378692627,0.5710453560399879,0.42895464396001215
survset:UnempDur,DSM,9,50,2087,1.4142135381698608,1,1.0,0.7896242471783631,0.2103757528216369,1.7320507764816284,0.4786982561503976,0.5213017438496024,2.6457512378692627,0.1722297177104185,0.8277702822895815
survset:UnempDur,DSM,9,50,198,2.2360680103302,0,1.0,0.9677122375309863,0.03228776246901366,1.7320507764816284,0.8842463919006122,0.11575360809938784,2.6457512378692627,0.7110695155475176,0.2889304844524824
survset:UnempDur,DSM,9,50,1788,1.4142135381698608,1,1.0,0.9632945018898187,0.03670549811018131,1.7320507764816284,0.8574980101693006,0.1425019898306994,2.6457512378692627,0.6309247059560427,0.36907529404395734
survset:UnempDur,DSM,9,50,740,2.2360680103302,1,1.0,0.8509296589173374,0.1490703410826626,1.7320507764816284,0.5930129283562295,0.40698707164377046,2.6457512378692627,0.27559558367705556,0.7244044163229444
survset:UnempDur,DSM,9,50,2857,1.7320507764816284,1,1.0,0.9631751209760743,0.03682487902392573,1.7320507764816284,0.8771962973015512,0.12280370269844876,2.6457512378692627,0.7093033786182096,0.2906966213817904
survset:UnempDur,DSM,9,50,964,3.0,0,1.0,0.9672477828908154,0.032752217109184634,1.7320507764816284,0.8781088693270707,0.12189113067292934,2.6457512378692627,0.6880321815156492,0.31196781848435085
survset:UnempDur,DSM,9,50,1957,2.2360680103302,0,1.0,0.9560642356735675,0.043935764326432536,1.7320507764816284,0.8446549374303791,0.15534506256962088,2.6457512378692627,0.6255731430708553,0.3744268569291447
survset:UnempDur,DSM,9,50,1927,3.316624879837036,1,1.0,0.9624773974215801,0.037522602578419884,1.7320507764816284,0.835877186615273,0.164122813384727,2.6457512378692627,0.5530173238145368,0.44698267618546317
survset:UnempDur,DSM,9,50,2364,2.4494898319244385,0,1.0,0.960638267393031,0.03936173260696896,1.7320507764816284,0.8445922064088861,0.1554077935911139,2.6457512378692627,0.5995701884235509,0.4004298115764491
survset:UnempDur,DSM,9,50,1840,2.4494898319244385,0,1.0,0.9644108500385657,0.03558914996143425,1.7320507764816284,0.8605111456058877,0.1394888543941123,2.6457512378692627,0.6375547232762585,0.3624452767237415
survset:UnempDur,DSM,9,50,404,4.358899116516113,0,1.0,0.8420601421597967,0.15793985784020326,1.7320507764816284,0.6239172042576149,0.3760827957423851,2.6457512378692627,0.35906748038157316,0.6409325196184268
survset:UnempDur,DSM,9,50,2969,1.0,1,1.0,0.8027986038628943,0.19720139613710574,1.7320507764816284,0.5643115975820708,0.43568840241792917,2.6457512378692627,0.3022780628825812,0.6977219371174188
survset:UnempDur,DSM,9,50,2025,2.2360680103302,0,1.0,0.9675920468247478,0.032407953175252247,1.7320507764816284,0.89158486356009,0.10841513643990996,2.6457512378692627,0.7381094030494654,0.2618905969505346
survset:UnempDur,DSM,9,50,599,1.4142135381698608,1,1.0,0.9678193489458227,0.032180651054177334,1.7320507764816284,0.8826234635064809,0.11737653649351909,2.6457512378692627,0.7038593607917396,0.2961406392082604
survset:UnempDur,DSM,9,50,2351,1.0,1,1.0,0.8087084721104454,0.1912915278895546,1.7320507764816284,0.5226184648601888,0.4773815351398112,2.6457512378692627,0.21604378429445997,0.78395621570554
survset:UnempDur,DSM,9,50,857,1.0,1,1.0,0.857441054482946,0.14255894551705395,1.7320507764816284,0.6373009444268991,0.3626990555731009,2.6457512378692627,0.35432101864109833,0.6456789813589017
survset:UnempDur,DSM,9,50,3232,2.2360680103302,1,1.0,0.9657144988508314,0.03428550114916862,1.7320507764816284,0.8667858796605523,0.13321412033944768,2.6457512378692627,0.6537423180247058,0.34625768197529416
survset:UnempDur,DSM,9,50,1064,1.4142135381698608,1,1.0,0.9555828113712549,0.04441718862874511,1.7320507764816284,0.8414198290995906,0.15858017090040943,2.6457512378692627,0.615341649909084,0.384658350090916
survset:UnempDur,DSM,9,50,679,2.8284270763397217,0,1.0,0.9695825230473086,0.03041747695269137,1.7320507764816284,0.8845762742794288,0.11542372572057125,2.6457512378692627,0.7005740871069737,0.29942591289302634
survset:UnempDur,DSM,9,50,2868,1.4142135381698608,1,1.0,0.9790636478181146,0.020936352181885387,1.7320507764816284,0.9149665980327942,0.08503340196720577,2.6457512378692627,0.7641283820708382,0.23587161792916178
survset:UnempDur,DSM,9,50,1497,3.316624879837036,1,1.0,0.960354883012925,0.03964511698707496,1.7320507764816284,0.8494185186611369,0.15058148133886307,2.6457512378692627,0.6190171748712315,0.38098282512876847
survset:UnempDur,DSM,9,50,1466,1.0,1,1.0,0.8302319342765333,0.1697680657234667,1.7320507764816284,0.6222040653644959,0.3777959346355041,2.6457512378692627,0.37617620951927244,0.6238237904807276
survset:UnempDur,DSM,9,50,1428,1.7320507764816284,0,1.0,0.8489194087647215,0.1510805912352785,1.7320507764816284,0.602496557269471,0.39750344273052896,2.6457512378692627,0.2998558780537802,0.7001441219462198
survset:UnempDur,DSM,9,50,683,1.0,0,1.0,0.9690630938697975,0.0309369061302025,1.7320507764816284,0.8836965462519066,0.11630345374809337,2.6457512378692627,0.7008745328067344,0.2991254671932656
survset:UnempDur,DSM,9,50,2722,1.4142135381698608,0,1.0,0.8415576226214027,0.15844237737859734,1.7320507764816284,0.5783709770272222,0.4216290229727778,2.6457512378692627,0.26286898457823654,0.7371310154217634
survset:UnempDur,DSM,9,50,609,2.8284270763397217,1,1.0,0.9611642411073259,0.0388357588926741,1.7320507764816284,0.8561328383264506,0.1438671616735494,2.6457512378692627,0.6402361023893521,0.35976389761064786
survset:UnempDur,DSM,9,50,1470,1.4142135381698608,1,1.0,0.8356785062412316,0.16432149375876837,1.7320507764816284,0.5565952418814228,0.44340475811857716,2.6457512378692627,0.23233441598615917,0.7676655840138409
survset:UnempDur,DSM,9,50,2544,3.0,1,1.0,0.9592105951475215,0.040789404852478506,1.7320507764816284,0.8594949660331527,0.14050503396684733,2.6457512378692627,0.663824745878398,0.336175254121602
survset:UnempDur,DSM,9,50,157,1.7320507764816284,0,1.0,0.8685691735346697,0.13143082646533033,1.7320507764816284,0.625313916509816,0.37468608349018395,2.6457512378692627,0.30560035200285884,0.6943996479971412
survset:UnempDur,DSM,9,50,1783,2.2360680103302,1,1.0,0.8676233527849743,0.13237664721502573,1.7320507764816284,0.6223288491830142,0.37767115081698577,2.6457512378692627,0.30105322573140825,0.6989467742685918
survset:UnempDur,DSM,9,50,1168,1.0,1,1.0,0.7904453881901813,0.2095546118098187,1.7320507764816284,0.5296213753067791,0.4703786246932209,2.6457512378692627,0.25456901276049126,0.7454309872395087
survset:UnempDur,DSM,9,50,499,1.7320507764816284,1,1.0,0.9612430127866844,0.03875698721331555,1.7320507764816284,0.8685575565590224,0.13144244344097755,2.6457512378692627,0.6861658421351086,0.31383415786489144
survset:UnempDur,DSM,9,50,2521,3.1622776985168457,1,1.0,0.8427147858997808,0.15728521410021923,1.7320507764816284,0.6010368461086069,0.39896315389139314,2.6457512378692627,0.3072059120885692,0.6927940879114308
survset:UnempDur,DSM,9,50,786,2.2360680103302,0,1.0,0.9610007547651482,0.038999245234851765,1.7320507764816284,0.8521508931650401,0.1478491068349599,2.6457512378692627,0.6247436876755459,0.3752563123244541
survset:UnempDur,DSM,9,50,2398,4.582575798034668,0,1.0,0.8505001925593879,0.1494998074406121,1.7320507764816284,0.5946068506869072,0.4053931493130928,2.6457512378692627,0.2782093518435102,0.7217906481564897
survset:UnempDur,DSM,9,50,1578,1.7320507764816284,0,1.0,0.9671737500266423,0.0328262499733577,1.7320507764816284,0.8604013583895186,0.1395986416104814,2.6457512378692627,0.6179907332391004,0.38200926676089964
survset:UnempDur,DSM,9,50,1705,3.605551242828369,1,1.0,0.9761433602981048,0.02385663970189522,1.7320507764816284,0.9144001095512857,0.0855998904487143,2.6457512378692627,0.7805093239917728,0.21949067600822725
survset:UnempDur,DSM,9,50,1863,4.242640495300293,1,1.0,0.9634147422894677,0.03658525771053234,1.7320507764816284,0.8694411026016219,0.13055889739837812,2.6457512378692627,0.6783854675586467,0.3216145324413533
survset:UnempDur,DSM,9,50,714,3.316624879837036,1,1.0,0.8262008137422907,0.1737991862577093,1.7320507764816284,0.5442193714650179,0.45578062853498214,2.6457512378692627,0.22607365791988285,0.7739263420801171
survset:UnempDur,DSM,9,50,26,1.0,1,1.0,0.8367334396536826,0.16326656034631737,1.7320507764816284,0.6108385166439896,0.3891614833560104,2.6457512378692627,0.33982437720634434,0.6601756227936557
survset:UnempDur,DSM,9,50,966,2.6457512378692627,0,1.0,0.9733047894854164,0.026695210514583567,1.7320507764816284,0.8983059786941334,0.10169402130586658,2.6457512378692627,0.7331711319410931,0.26682886805890693
survset:UnempDur,DSM,9,50,2415,1.7320507764816284,1,1.0,0.8274563566593441,0.17254364334065586,1.7320507764816284,0.5483897233294469,0.4516102766705531,2.6457512378692627,0.23278235813411005,0.7672176418658899
survset:UnempDur,DSM,9,50,2192,1.0,1,1.0,0.8318507368123818,0.16814926318761825,1.7320507764816284,0.5971741127885285,0.4028258872114715,2.6457512378692627,0.3189322157794795,0.6810677842205205
survset:UnempDur,DSM,9,50,648,1.0,1,1.0,0.8367273956985358,0.16327260430146417,1.7320507764816284,0.5625946044359118,0.4374053955640882,2.6457512378692627,0.24239820943008394,0.7576017905699161
survset:UnempDur,DSM,9,50,1328,2.4494898319244385,1,1.0,0.9673012635747105,0.03269873642528953,1.7320507764816284,0.8721186920462849,0.1278813079537151,2.6457512378692627,0.6650074274654526,0.3349925725345474
survset:UnempDur,DSM,9,50,669,1.4142135381698608,1,1.0,0.7959178995323692,0.20408210046763076,1.7320507764816284,0.5284845204271547,0.47151547957284534,2.6457512378692627,0.24540253902202425,0.7545974609779758
survset:UnempDur,DSM,9,50,3031,1.0,1,1.0,0.8316429032884226,0.1683570967115774,1.7320507764816284,0.6151248804221676,0.3848751195778324,2.6457512378692627,0.3580988515714001,0.6419011484285999
survset:UnempDur,DSM,9,50,2950,1.4142135381698608,1,1.0,0.9720112991478533,0.027988700852146664,1.7320507764816284,0.8952056048031081,0.10479439519689193,2.6457512378692627,0.7287531481707147,0.2712468518292853
survset:UnempDur,DSM,9,50,1479,3.464101552963257,0,1.0,0.9535213659810006,0.04647863401899943,1.7320507764816284,0.8479682986076263,0.15203170139237365,2.6457512378692627,0.6489026115040236,0.3510973884959764
survset:UnempDur,DSM,9,50,274,5.196152210235596,0,1.0,0.8118579301548923,0.18814206984510773,1.7320507764816284,0.5762102144830105,0.42378978551698954,2.6457512378692627,0.31069063908781985,0.6893093609121801
survset:UnempDur,DSM,9,50,1807,3.872983455657959,0,1.0,0.8570556307772897,0.14294436922271025,1.7320507764816284,0.6067137627007255,0.3932862372992745,2.6457512378692627,0.2926542626987031,0.7073457373012969
survset:UnempDur,DSM,9,50,1379,2.8284270763397217,0,1.0,0.9739221715731515,0.02607782842684847,1.7320507764816284,0.9086219215746526,0.0913780784253474,2.6457512378692627,0.7702713975760723,0.22972860242392767
survset:UnempDur,DSM,9,50,3224,1.4142135381698608,1,1.0,0.8342844967749927,0.16571550322500728,1.7320507764816284,0.5591425233135965,0.4408574766864035,2.6457512378692627,0.23901465056150495,0.760985349438495
survset:UnempDur,DSM,9,50,534,1.4142135381698608,1,1.0,0.8445737082898871,0.1554262917101129,1.7320507764816284,0.5636900436619947,0.4363099563380053,2.6457512378692627,0.23017020636522328,0.7698297936347767
survset:UnempDur,DSM,9,50,3115,1.7320507764816284,1,1.0,0.8183602511646211,0.18163974883537892,1.7320507764816284,0.5516371653306885,0.4483628346693115,2.6457512378692627,0.25452913589202386,0.7454708641079761
survset:UnempDur,DSM,9,50,2188,1.0,1,1.0,0.8121291673019247,0.18787083269807525,1.7320507764816284,0.5575790818294931,0.4424209181705069,2.6457512378692627,0.27346942401702584,0.7265305759829741
survset:UnempDur,DSM,9,50,2601,3.464101552963257,0,1.0,0.9701627939042979,0.029837206095702062,1.7320507764816284,0.8828541146298708,0.11714588537012915,2.6457512378692627,0.6909495769962042,0.3090504230037958
survset:UnempDur,DSM,9,50,346,1.7320507764816284,0,1.0,0.9622995107719857,0.03770048922801428,1.7320507764816284,0.868980070492573,0.13101992950742702,2.6457512378692627,0.6827518335761181,0.31724816642388187
survset:UnempDur,DSM,9,50,1764,1.0,1,1.0,0.8172932656217663,0.1827067343782337,1.7320507764816284,0.5534867099036948,0.44651329009630525,2.6457512378692627,0.26006563687322326,0.7399343631267767
survset:UnempDur,DSM,9,50,1241,1.7320507764816284,1,1.0,0.9671594212798396,0.03284057872016044,1.7320507764816284,0.8949623244019929,0.10503767559800714,2.6457512378692627,0.7499154812871828,0.2500845187128172
survset:UnempDur,DSM,9,50,158,2.6457512378692627,1,1.0,0.9575945668244704,0.04240543317552958,1.7320507764816284,0.8411888951911655,0.15881110480883454,2.6457512378692627,0.6002879174740591,0.3997120825259409
survset:UnempDur,DSM,9,50,337,2.6457512378692627,0,1.0,0.9711453006277783,0.028854699372221737,1.7320507764816284,0.8758901773078277,0.1241098226921723,2.6457512378692627,0.6537495668552054,0.34625043314479464
survset:UnempDur,DSM,9,50,3218,1.4142135381698608,1,1.0,0.832991490641314,0.16700850935868605,1.7320507764816284,0.6129180383735392,0.3870819616264608,2.6457512378692627,0.3496168183716184,0.6503831816283816
survset:UnempDur,DSM,9,50,557,1.4142135381698608,1,1.0,0.9587891006393291,0.041210899360670905,1.7320507764816284,0.8535456272913736,0.14645437270862638,2.6457512378692627,0.6435750080645802,0.35642499193541977
survset:UnempDur,DSM,9,50,729,1.0,1,1.0,0.9728110078357051,0.027188992164294934,1.7320507764816284,0.8872017450396364,0.11279825496036355,2.6457512378692627,0.6891135858407281,0.3108864141592719
survset:UnempDur,DSM,9,50,1378,1.0,1,1.0,0.8478122363324728,0.15218776366752718,1.7320507764816284,0.5900768365912538,0.40992316340874624,2.6457512378692627,0.2754092899359169,0.7245907100640832
survset:UnempDur,DSM,9,50,1645,2.2360680103302,1,1.0,0.956947118505,0.04305288149499997,1.7320507764816284,0.8471479736611236,0.1528520263388764,2.6457512378692627,0.6295425369948282,0.3704574630051718
survset:UnempDur,DSM,9,50,2884,1.4142135381698608,0,1.0,0.9552386455880485,0.044761354411951504,1.7320507764816284,0.8185105967833598,0.1814894032166402,2.6457512378692627,0.5339115415102759,0.46608845848972413
survset:UnempDur,DSM,9,50,1726,3.605551242828369,0,1.0,0.9501926425818603,0.049807357418139686,1.7320507764816284,0.8779925303057565,0.12200746969424348,2.6457512378692627,0.730092245611433,0.26990775438856696
survset:UnempDur,DSM,9,50,2871,3.316624879837036,1,1.0,0.8025538742244559,0.1974461257755441,1.7320507764816284,0.5286285483608105,0.4713714516391895,2.6457512378692627,0.23667759959179174,0.7633224004082082
survset:UnempDur,DSM,9,50,1027,1.4142135381698608,1,1.0,0.8329862224059772,0.1670137775940228,1.7320507764816284,0.5500087125509225,0.44999128744907746,2.6457512378692627,0.2265226625836672,0.7734773374163328
survset:UnempDur,DSM,9,50,1541,3.1622776985168457,0,1.0,0.9709745027271799,0.02902549727282011,1.7320507764816284,0.8881604941869033,0.11183950581309665,2.6457512378692627,0.7066018787440579,0.2933981212559421
survset:UnempDur,DSM,9,50,663,3.316624879837036,1,1.0,0.970368515232077,0.02963148476792299,1.7320507764816284,0.8887947284507056,0.11120527154929438,2.6457512378692627,0.7133964892105038,0.2866035107894962
survset:UnempDur,DSM,9,50,2987,3.872983455657959,1,1.0,0.9797834029233411,0.020216597076658904,1.7320507764816284,0.9161450976308705,0.08385490236912951,2.6457512378692627,0.7639196452800091,0.2360803547199909
survset:UnempDur,DSM,9,50,1356,1.0,1,1.0,0.8283314449547196,0.17166855504528045,1.7320507764816284,0.5335420095698975,0.4664579904301025,2.6457512378692627,0.2050155627756142,0.7949844372243858
survset:UnempDur,DSM,9,50,2734,1.4142135381698608,1,1.0,0.9648000516833758,0.03519994831662421,1.7320507764816284,0.8578926173723176,0.1421073826276824,2.6457512378692627,0.6256906757627558,0.37430932423724417
survset:UnempDur,DSM,9,50,2978,3.872983455657959,0,1.0,0.8493717937025743,0.15062820629742568,1.7320507764816284,0.5644187053470422,0.4355812946529578,2.6457512378692627,0.223218248321383,0.776781751678617
survset:UnempDur,DSM,9,50,2388,1.4142135381698608,1,1.0,0.8089222042502057,0.19107779574979433,1.7320507764816284,0.570608435960896,0.42939156403910395,2.6457512378692627,0.30397109906871894,0.696028900931281
survset:UnempDur,DSM,9,50,1891,2.2360680103302,1,1.0,0.9700748511066043,0.029925148893395703,1.7320507764816284,0.8743444495963675,0.12565555040363252,2.6457512378692627,0.6560693790533045,0.34393062094669546
survset:UnempDur,DSM,9,50,1088,2.6457512378692627,1,1.0,0.8531512270380349,0.14684877296196508,1.7320507764816284,0.6484500223289471,0.3515499776710529,2.6457512378692627,0.39082648751656424,0.6091735124834358
survset:UnempDur,DSM,9,50,1725,1.7320507764816284,1,1.0,0.8493203957167745,0.15067960428322547,1.7320507764816284,0.6055443128031184,0.3944556871968816,2.6457512378692627,0.3084912132624095,0.6915087867375904
survset:UnempDur,DSM,9,50,85,4.582575798034668,0,1.0,0.8633830959364147,0.1366169040635853,1.7320507764816284,0.6127935022366388,0.38720649776336125,2.6457512378692627,0.29050468393720374,0.7094953160627963
survset:UnempDur,DSM,9,50,3200,2.0,1,1.0,0.9668790156668221,0.033120984333177894,1.7320507764816284,0.8732275471825257,0.1267724528174743,2.6457512378692627,0.6708685721680577,0.32913142783194227
survset:UnempDur,DSM,9,50,1877,5.196152210235596,1,1.0,0.8172186805366152,0.18278131946338483,1.7320507764816284,0.559611676569733,0.440388323430267,2.6457512378692627,0.2683898409633961,0.731610159036604
survset:UnempDur,DSM,9,50,3104,3.1622776985168457,0,1.0,0.9619848225698912,0.03801517743010885,1.7320507764816284,0.8475317775713125,0.15246822242868752,2.6457512378692627,0.6024624577464192,0.39753754225358084
survset:UnempDur,DSM,9,50,2255,1.0,1,1.0,0.848066501146747,0.15193349885325302,1.7320507764816284,0.609891973191076,0.390108026808924,2.6457512378692627,0.3168124764311914,0.6831875235688085
survset:UnempDur,DSM,9,50,2365,2.8284270763397217,0,1.0,0.9557971387710282,0.04420286122897177,1.7320507764816284,0.834388050223201,0.16561194977679905,2.6457512378692627,0.5898692443020692,0.4101307556979308
survset:UnempDur,DSM,9,50,267,1.4142135381698608,1,1.0,0.8478685832165689,0.15213141678343112,1.7320507764816284,0.5995285627058502,0.4004714372941498,2.6457512378692627,0.2942276066809245,0.7057723933190755
survset:UnempDur,DSM,9,50,291,1.0,1,1.0,0.8205593700434393,0.17944062995656074,1.7320507764816284,0.5726448326376555,0.42735516736234447,2.6457512378692627,0.28927974530311706,0.7107202546968829
survset:UnempDur,DSM,9,50,3084,1.0,1,1.0,0.8539226391821059,0.14607736081789413,1.7320507764816284,0.602675678954509,0.397324321045491,2.6457512378692627,0.2883403493494671,0.7116596506505328
survset:UnempDur,DSM,9,50,2938,1.4142135381698608,1,1.0,0.9551374765072048,0.04486252349279518,1.7320507764816284,0.8664959690766991,0.13350403092330088,2.6457512378692627,0.7023900092428117,0.2976099907571883
survset:UnempDur,DSM,9,50,1325,2.6457512378692627,1,1.0,0.975063608567154,0.024936391432845983,1.7320507764816284,0.9017107475250145,0.09828925247498554,2.6457512378692627,0.734686054885886,0.265313945114114
survset:UnempDur,DSM,9,50,2193,1.0,1,1.0,0.8391009954292111,0.16089900457078887,1.7320507764816284,0.5980313748738558,0.4019686251261442,2.6457512378692627,0.3082412155396492,0.6917587844603508
survset:UnempDur,DSM,9,50,2617,4.0,1,1.0,0.9717046172780008,0.028295382721999163,1.7320507764816284,0.8876198069461535,0.1123801930538465,2.6457512378692627,0.6981767581922436,0.30182324180775644
survset:UnempDur,DSM,9,50,994,2.2360680103302,0,1.0,0.8401103559351021,0.15988964406489792,1.7320507764816284,0.5957424733374126,0.4042575266625874,2.6457512378692627,0.30193586160494024,0.6980641383950598
survset:UnempDur,DSM,9,50,244,4.0,1,1.0,0.9602309761927018,0.03976902380729819,1.7320507764816284,0.8561665604401207,0.14383343955987926,2.6457512378692627,0.6455601611687616,0.3544398388312384
survset:UnempDur,DSM,9,50,2015,5.0,0,1.0,0.8488118117243107,0.15118818827568925,1.7320507764816284,0.6235383326322517,0.37646166736774833,2.6457512378692627,0.34218120019708004,0.6578187998029199
survset:UnempDur,DSM,9,50,1063,2.0,1,1.0,0.9587036247605094,0.04129637523949059,1.7320507764816284,0.8450652521099358,0.15493474789006423,2.6457512378692627,0.6114183783325986,0.3885816216674014
survset:UnempDur,DSM,9,50,1624,2.6457512378692627,1,1.0,0.8338865487410347,0.16611345125896526,1.7320507764816284,0.5842507935463356,0.4157492064536644,2.6457512378692627,0.28930397780669725,0.7106960221933027
survset:UnempDur,DSM,9,50,1815,4.0,0,1.0,0.857572863379216,0.142427136620784,1.7320507764816284,0.651486613274881,0.348513386725119,2.6457512378692627,0.3889377092114604,0.6110622907885396
survset:UnempDur,DSM,9,50,75,3.872983455657959,1,1.0,0.9692176856120205,0.030782314387979515,1.7320507764816284,0.8930179636512786,0.10698203634872139,2.6457512378692627,0.7357453334343331,0.2642546665656669
survset:UnempDur,DSM,9,50,2277,1.0,1,1.0,0.8112527218514007,0.18874727814859926,1.7320507764816284,0.5147292825229614,0.48527071747703865,2.6457512378692627,0.20032577361381956,0.7996742263861805
survset:UnempDur,DSM,9,50,924,1.4142135381698608,1,1.0,0.9656174338349582,0.03438256616504176,1.7320507764816284,0.8699971372729459,0.13000286272705408,2.6457512378692627,0.665926720264401,0.33407327973559897
survset:UnempDur,DSM,9,50,1679,1.0,1,1.0,0.849191596044702,0.15080840395529804,1.7320507764816284,0.596499385736895,0.403500614263105,2.6457512378692627,0.2862294719314168,0.7137705280685832
survset:UnempDur,DSM,9,50,280,1.4142135381698608,0,1.0,0.9746977288691513,0.025302271130848708,1.7320507764816284,0.8993027091446306,0.10069729085536938,2.6457512378692627,0.7275699466125137,0.27243005338748627
survset:UnempDur,DSM,9,50,1047,1.0,1,1.0,0.9546691225431237,0.04533087745687625,1.7320507764816284,0.82271771166483,0.17728228833517,2.6457512378692627,0.5511184506732332,0.4488815493267668
survset:UnempDur,DSM,9,50,2879,1.0,1,1.0,0.9671883566792605,0.03281164332073949,1.7320507764816284,0.8407290467866905,0.15927095321330953,2.6457512378692627,0.5374797822296424,0.46252021777035757
survset:UnempDur,DSM,9,50,417,2.2360680103302,0,1.0,0.8640944544685243,0.1359055455314757,1.7320507764816284,0.6423183950629773,0.3576816049370227,2.6457512378692627,0.3512072450599849,0.6487927549400151
survset:UnempDur,DSM,9,50,2177,1.7320507764816284,0,1.0,0.8571735158133765,0.14282648418662347,1.7320507764816284,0.6105757669412769,0.3894242330587231,2.6457512378692627,0.29843734684027906,0.701562653159721
survset:UnempDur,DSM,9,50,2542,1.4142135381698608,1,1.0,0.9725123088249785,0.027487691175021478,1.7320507764816284,0.8913415383913501,0.10865846160864989,2.6457512378692627,0.7096558879023733,0.29034411209762667
survset:UnempDur,DSM,9,50,1108,2.4494898319244385,1,1.0,0.971259536908034,0.028740463091965984,1.7320507764816284,0.8862652316263372,0.11373476837366281,2.6457512378692627,0.6959466478508534,0.30405335214914664
survset:UnempDur,DSM,9,50,331,2.2360680103302,0,1.0,0.977592896058414,0.02240710394158596,1.7320507764816284,0.9150862275203149,0.08491377247968512,2.6457512378692627,0.7751039747425259,0.2248960252574741
survset:UnempDur,DSM,9,50,2843,1.0,1,1.0,0.8134439771103905,0.18655602288960949,1.7320507764816284,0.5528528900993069,0.44714710990069306,2.6457512378692627,0.2655593453149522,0.7344406546850478
survset:UnempDur,DSM,9,50,1340,2.6457512378692627,0,1.0,0.9704519990048996,0.029548000995100354,1.7320507764816284,0.8627525794994548,0.13724742050054517,2.6457512378692627,0.6024960421101075,0.39750395788989246
survset:UnempDur,DSM,9,50,1368,2.0,0,1.0,0.9654983725985389,0.03450162740146112,1.7320507764816284,0.8724114598577027,0.12758854014229726,2.6457512378692627,0.6777501434087843,0.32224985659121574
survset:UnempDur,DSM,9,50,2020,1.7320507764816284,1,1.0,0.837116008309979,0.162883991690021,1.7320507764816284,0.5802186062345683,0.41978139376543167,2.6457512378692627,0.27595605378522964,0.7240439462147703
survset:UnempDur,DSM,9,50,870,2.2360680103302,1,1.0,0.9675273518169536,0.032472648183046404,1.7320507764816284,0.8593592280764255,0.1406407719235745,2.6457512378692627,0.6107952660996713,0.3892047339003287
survset:UnempDur,DSM,9,50,1096,5.196152210235596,1,1.0,0.9632331965962052,0.03676680340379479,1.7320507764816284,0.8996886390852027,0.10031136091479731,2.6457512378692627,0.7736438660396745,0.2263561339603255
survset:UnempDur,DSM,9,50,2313,2.0,1,1.0,0.9652591904846376,0.0347408095153624,1.7320507764816284,0.8688205903813288,0.13117940961867125,2.6457512378692627,0.6636388106216503,0.3363611893783497
survset:UnempDur,DSM,9,50,2064,2.2360680103302,1,1.0,0.9632342925891423,0.03676570741085772,1.7320507764816284,0.8569708681358288,0.1430291318641712,2.6457512378692627,0.6310478638139442,0.3689521361860558
survset:UnempDur,DSM,9,50,423,5.099019527435303,0,1.0,0.9725046767302767,0.02749532326972326,1.7320507764816284,0.8984498869985931,0.10155011300140693,2.6457512378692627,0.7390558208291892,0.2609441791708108
survset:UnempDur,DSM,9,50,2852,3.1622776985168457,0,1.0,0.9667735750099793,0.03322642499002071,1.7320507764816284,0.8957830700801587,0.10421692991984133,2.6457512378692627,0.7581882715081623,0.24181172849183774
survset:UnempDur,DSM,9,50,2946,1.7320507764816284,0,1.0,0.9739683194295518,0.026031680570448246,1.7320507764816284,0.9021503241512562,0.09784967584874382,2.6457512378692627,0.7440753689138458,0.25592463108615415
survset:UnempDur,DSM,9,50,2598,1.7320507764816284,1,1.0,0.9591203946634196,0.040879605336580416,1.7320507764816284,0.8425098371803896,0.15749016281961037,2.6457512378692627,0.6006636627365276,0.3993363372634724
survset:UnempDur,DSM,9,50,1611,1.7320507764816284,1,1.0,0.8554203596460809,0.14457964035391913,1.7320507764816284,0.5936265268948637,0.4063734731051363,2.6457512378692627,0.2703535246793409,0.7296464753206591
survset:UnempDur,DSM,9,50,1316,1.7320507764816284,1,1.0,0.9678258562196204,0.03217414378037964,1.7320507764816284,0.8798969436157296,0.12010305638427043,2.6457512378692627,0.6924842808132854,0.3075157191867146
survset:UnempDur,DSM,9,50,1869,3.464101552963257,0,1.0,0.9671931120432667,0.032806887956733255,1.7320507764816284,0.8772989488988934,0.12270105110110663,2.6457512378692627,0.6868734927540598,0.31312650724594016
survset:UnempDur,DSM,9,50,2401,4.123105525970459,0,1.0,0.8434437650112783,0.15655623498872173,1.7320507764816284,0.5850654715204275,0.41493452847957246,2.6457512378692627,0.272856915053655,0.7271430849463449
survset:UnempDur,DSM,9,50,2272,1.0,1,1.0,0.8487076637038851,0.15129233629611494,1.7320507764816284,0.6005504102220104,0.3994495897779896,2.6457512378692627,0.2946941473052462,0.7053058526947538
survset:UnempDur,DSM,9,50,2145,1.4142135381698608,1,1.0,0.8495638606193812,0.15043613938061884,1.7320507764816284,0.5977052411897017,0.4022947588102983,2.6457512378692627,0.28636414374935504,0.713635856250645
survset:UnempDur,DSM,9,50,2462,1.0,1,1.0,0.8675033303316921,0.13249666966830786,1.7320507764816284,0.6270763621757581,0.37292363782424187,2.6457512378692627,0.3113797417968132,0.6886202582031868
survset:UnempDur,DSM,9,50,1798,3.605551242828369,0,1.0,0.8716886168129552,0.12831138318704483,1.7320507764816284,0.6313541455032585,0.3686458544967415,2.6457512378692627,0.3109241593844727,0.6890758406155273
survset:UnempDur,DSM,9,50,1139,2.2360680103302,0,1.0,0.850864155165569,0.149135844834431,1.7320507764816284,0.6010199890308188,0.39898001096918123,2.6457512378692627,0.29067377285427437,0.7093262271457257
survset:UnempDur,DSM,9,50,1749,1.7320507764816284,1,1.0,0.8578858047105984,0.1421141952894016,1.7320507764816284,0.6235304509304671,0.3764695490695329,2.6457512378692627,0.32505731914731256,0.6749426808526875
survset:UnempDur,DSM,9,50,2230,1.0,1,1.0,0.8292118446923054,0.17078815530769464,1.7320507764816284,0.5307244751707473,0.4692755248292527,2.6457512378692627,0.19790217314005634,0.8020978268599437
survset:UnempDur,DSM,9,50,577,2.0,1,1.0,0.9527040555523416,0.04729594444765839,1.7320507764816284,0.8567777033641649,0.14322229663583508,2.6457512378692627,0.6844123002692825,0.31558769973071754
survset:UnempDur,DSM,9,50,2083,1.7320507764816284,1,1.0,0.9644904064877595,0.03550959351224048,1.7320507764816284,0.8598949823261047,0.14010501767389527,2.6457512378692627,0.6344750329333119,0.36552496706668813
survset:UnempDur,DSM,9,50,2356,2.6457512378692627,1,1.0,0.9771174685227342,0.02288253147726582,1.7320507764816284,0.8838663604715844,0.1161336395284156,2.6457512378692627,0.636685479203733,0.363314520796267
survset:UnempDur,DSM,9,50,2696,1.0,1,1.0,0.9708013763387361,0.02919862366126391,1.7320507764816284,0.8984357573766003,0.10156424262339969,2.6457512378692627,0.7491083941413741,0.2508916058586259
survset:UnempDur,DSM,9,50,1171,1.0,1,1.0,0.7735887034861978,0.2264112965138022,1.7320507764816284,0.4660094870445406,0.5339905129554594,2.6457512378692627,0.1726343865777924,0.8273656134222076
survset:UnempDur,DSM,9,50,2988,2.2360680103302,1,1.0,0.9637575659180116,0.03624243408198835,1.7320507764816284,0.8571061888454862,0.14289381115451383,2.6457512378692627,0.6279419393316045,0.37205806066839553
survset:UnempDur,DSM,9,50,2209,3.316624879837036,0,1.0,0.9775827543288201,0.022417245671179864,1.7320507764816284,0.9170929820182723,0.08290701798172773,2.6457512378692627,0.7841819093865786,0.2158180906134214
survset:UnempDur,DSM,9,50,684,1.4142135381698608,0,1.0,0.9660662660740248,0.03393373392597521,1.7320507764816284,0.8743630877733273,0.12563691222667273,2.6457512378692627,0.6813737281944706,0.3186262718055294
survset:UnempDur,DSM,9,50,150,5.291502475738525,0,1.0,0.955572360943935,0.04442763905606495,1.7320507764816284,0.830242302191395,0.16975769780860495,2.6457512378692627,0.5724699255656279,0.4275300744343721
survset:UnempDur,DSM,9,50,2027,2.2360680103302,1,1.0,0.9625826904845196,0.03741730951548039,1.7320507764816284,0.851027117402364,0.14897288259763597,2.6457512378692627,0.6123183142967152,0.38768168570328476
survset:UnempDur,DSM,9,50,1056,1.4142135381698608,1,1.0,0.9619710526636003,0.03802894733639972,1.7320507764816284,0.8549017455601317,0.14509825443986835,2.6457512378692627,0.630376789905534,0.36962321009446597
survset:UnempDur,DSM,9,50,2478,1.4142135381698608,1,1.0,0.9717446441152824,0.028255355884717615,1.7320507764816284,0.8881645705248596,0.11183542947514036,2.6457512378692627,0.7019692033877797,0.2980307966122203
survset:UnempDur,DSM,9,50,2050,1.0,1,1.0,0.8184874387747056,0.18151256122529436,1.7320507764816284,0.5626404661659444,0.43735953383405557,2.6457512378692627,0.2764443829983611,0.7235556170016388
survset:UnempDur,DSM,9,50,143,4.0,0,1.0,0.9758839245050179,0.02411607549498207,1.7320507764816284,0.9108657272014228,0.08913427279857722,2.6457512378692627,0.7645362673438397,0.23546373265616027
survset:UnempDur,DSM,9,50,1505,3.316624879837036,1,1.0,0.8509839636245523,0.1490160363754477,1.7320507764816284,0.6008570077141109,0.3991429922858891,2.6457512378692627,0.29081337017988107,0.7091866298201189
survset:UnempDur,DSM,9,50,3025,2.2360680103302,0,1.0,0.8510939356364197,0.14890606436358034,1.7320507764816284,0.5480089365208103,0.4519910634791897,2.6457512378692627,0.19166626864453154,0.8083337313554685
survset:UnempDur,DSM,9,50,507,2.8284270763397217,0,1.0,0.9667165092160604,0.03328349078393955,1.7320507764816284,0.8781279128569045,0.1218720871430955,2.6457512378692627,0.6931717365861201,0.3068282634138799
survset:UnempDur,DSM,9,50,1288,4.0,1,1.0,0.9704590275582065,0.029540972441793545,1.7320507764816284,0.8810750653478115,0.11892493465218845,2.6457512378692627,0.6814377503196629,0.3185622496803371
survset:UnempDur,DSM,9,50,791,2.6457512378692627,0,1.0,0.965631347970773,0.03436865202922701,1.7320507764816284,0.8688423227546422,0.13115767724535776,2.6457512378692627,0.6631237954640284,0.33687620453597156
survset:UnempDur,DSM,9,50,482,2.6457512378692627,0,1.0,0.9551403001410163,0.04485969985898375,1.7320507764816284,0.8443088113656628,0.15569118863433717,2.6457512378692627,0.6282036735341204,0.37179632646587957
survset:UnempDur,DSM,9,50,1562,2.4494898319244385,0,1.0,0.9730826771189308,0.026917322881069183,1.7320507764816284,0.8947818164918416,0.10521818350815837,2.6457512378692627,0.7111470993237962,0.28885290067620384
survset:UnempDur,DSM,9,50,330,2.6457512378692627,1,1.0,0.9521066359031944,0.04789336409680556,1.7320507764816284,0.8464310985937173,0.15356890140628265,2.6457512378692627,0.6506176758336049,0.34938232416639514
survset:UnempDur,DSM,9,50,3053,1.0,1,1.0,0.9699530987421353,0.03004690125786469,1.7320507764816284,0.8912166334973309,0.10878336650266907,2.6457512378692627,0.7251694841713906,0.2748305158286094
survset:UnempDur,DSM,9,50,2314,3.605551242828369,0,1.0,0.9701655257102458,0.029834474289754165,1.7320507764816284,0.9023674388130235,0.0976325611869765,2.6457512378692627,0.7682540454041205,0.23174595459587954
survset:UnempDur,DSM,9,50,1905,1.0,1,1.0,0.8206216728448316,0.17937832715516844,1.7320507764816284,0.5543227160153236,0.44567728398467643,2.6457512378692627,0.25379383382321563,0.7462061661767844
survset:UnempDur,DSM,9,50,1330,2.0,0,1.0,0.9622748144813695,0.037725185518630466,1.7320507764816284,0.8742827361151436,0.12571726388485638,2.6457512378692627,0.7025647929536384,0.2974352070463616
survset:UnempDur,DSM,9,50,2825,4.123105525970459,1,1.0,0.8468749509729829,0.15312504902701707,1.7320507764816284,0.5997356061010307,0.4002643938989693,2.6457512378692627,0.29513540209272404,0.704864597907276
survset:UnempDur,DSM,9,50,2935,4.898979663848877,0,1.0,0.9743235727208468,0.025676427279153202,1.7320507764816284,0.908309556831269,0.09169044316873098,2.6457512378692627,0.7673395645433846,0.2326604354566154
survset:UnempDur,DSM,9,50,1954,2.2360680103302,0,1.0,0.8372387851444415,0.1627612148555585,1.7320507764816284,0.5969070089845949,0.4030929910154051,2.6457512378692627,0.3107641663682212,0.6892358336317788
survset:UnempDur,DSM,9,50,78,2.0,0,1.0,0.9808400489078933,0.019159951092106664,1.7320507764816284,0.9226197655623484,0.07738023443765163,2.6457512378692627,0.7851000970952955,0.2148999029047045
survset:UnempDur,DSM,9,50,1521,2.0,1,1.0,0.8565295385635381,0.14347046143646192,1.7320507764816284,0.6012572731981979,0.3987427268018021,2.6457512378692627,0.27974622572460867,0.7202537742753914
survset:UnempDur,DSM,9,50,1852,2.4494898319244385,1,1.0,0.9642902999631232,0.03570970003687679,1.7320507764816284,0.859654260052343,0.14034573994765698,2.6457512378692627,0.6350885786726299,0.3649114213273701
survset:UnempDur,DSM,9,50,1214,3.605551242828369,1,1.0,0.9557675468506366,0.044232453149363415,1.7320507764816284,0.8413882510612449,0.15861174893875507,2.6457512378692627,0.6146833309328278,0.3853166690671722
survset:UnempDur,DSM,9,50,1485,3.0,1,1.0,0.9722254818389311,0.027774518161068906,1.7320507764816284,0.892480600032251,0.10751939996774895,2.6457512378692627,0.7166372855495085,0.28336271445049155
survset:UnempDur,DSM,9,50,2237,1.7320507764816284,1,1.0,0.773234418903286,0.22676558109671396,1.7320507764816284,0.5519801668496856,0.44801983315031435,2.6457512378692627,0.3225101996989035,0.6774898003010965
survset:UnempDur,DSM,9,50,2995,3.7416574954986572,0,1.0,0.9701493372775541,0.029850662722445853,1.7320507764816284,0.8813925073093638,0.1186074926906362,2.6457512378692627,0.6841013973297245,0.3158986026702755
survset:UnempDur,DSM,9,50,2525,2.0,0,1.0,0.8405255902523986,0.1594744097476014,1.7320507764816284,0.6084867704624386,0.3915132295375614,2.6457512378692627,0.325232478421039,0.674767521578961
survset:UnempDur,DSM,9,50,1583,2.6457512378692627,1,1.0,0.9671596843091682,0.03284031569083179,1.7320507764816284,0.8893214210644529,0.11067857893554711,2.6457512378692627,0.7230414751046799,0.27695852489532014
survset:UnempDur,DSM,9,50,2585,1.7320507764816284,0,1.0,0.9698467233525538,0.03015327664744616,1.7320507764816284,0.8851921670439716,0.11480783295602837,2.6457512378692627,0.7022456144545952,0.2977543855454048
survset:UnempDur,DSM,9,50,265,2.2360680103302,1,1.0,0.9739135182089257,0.026086481791074312,1.7320507764816284,0.8948835193630321,0.10511648063696788,2.6457512378692627,0.7140199540467952,0.2859800459532048
survset:UnempDur,DSM,9,50,384,3.316624879837036,0,1.0,0.9534920108923323,0.046507989107667735,1.7320507764816284,0.867605577113819,0.13239442288618097,2.6457512378692627,0.7138693070928048,0.28613069290719517
survset:UnempDur,DSM,9,50,443,1.0,1,1.0,0.8659060314177022,0.13409396858229783,1.7320507764816284,0.6402631616482346,0.3597368383517654,2.6457512378692627,0.34335173889641546,0.6566482611035845
survset:UnempDur,DSM,9,50,3017,1.0,1,1.0,0.8238427080141095,0.17615729198589047,1.7320507764816284,0.6053917158952353,0.3946082841047647,2.6457512378692627,0.35136888852809967,0.6486311114719003
survset:UnempDur,DSM,9,50,2817,1.0,1,1.0,0.8400311147302439,0.15996888526975606,1.7320507764816284,0.5980020621825286,0.4019979378174714,2.6457512378692627,0.3060859675913716,0.6939140324086284
survset:UnempDur,DSM,9,50,615,2.0,1,1.0,0.9717009699203288,0.02829903007967116,1.7320507764816284,0.875863833995351,0.12413616600464905,2.6457512378692627,0.648790594091072,0.351209405908928
survset:UnempDur,DSM,9,50,715,5.196152210235596,1,1.0,0.7358801059869744,0.2641198940130256,1.7320507764816284,0.4534582285952403,0.5465417714047597,2.6457512378692627,0.19450988666507782,0.8054901133349222
survset:UnempDur,DSM,9,50,2997,1.0,1,1.0,0.7336295883700662,0.2663704116299338,1.7320507764816284,0.5307665462850863,0.46923345371491365,2.6457512378692627,0.33278086954584307,0.6672191304541569
survset:UnempDur,DSM,9,50,1799,4.690415859222412,0,1.0,0.9596062263182265,0.04039377368177355,1.7320507764816284,0.8643084287337448,0.1356915712662552,2.6457512378692627,0.6746692609409024,0.3253307390590976
survset:UnempDur,DSM,9,50,211,2.4494898319244385,0,1.0,0.9716828194480647,0.028317180551935328,1.7320507764816284,0.8871626458178227,0.11283735418217733,2.6457512378692627,0.6980242753276048,0.3019757246723952
survset:UnempDur,DSM,9,50,2451,3.0,1,1.0,0.9584764495727591,0.041523550427240874,1.7320507764816284,0.876711707226136,0.123288292773864,2.6457512378692627,0.7205716170326535,0.2794283829673465
survset:UnempDur,DSM,9,50,1053,1.0,1,1.0,0.9549069534964267,0.045093046503573264,1.7320507764816284,0.8325370039305123,0.16746299606948767,2.6457512378692627,0.5861419387010766,0.41385806129892344
survset:UnempDur,DSM,9,50,1614,2.2360680103302,1,1.0,0.9799917530237442,0.020008246976255806,1.7320507764816284,0.9218143594105846,0.07818564058941535,2.6457512378692627,0.7829943435885007,0.21700565641149927
survset:UnempDur,DSM,9,50,2745,3.316624879837036,1,1.0,0.9632335707014766,0.03676642929852336,1.7320507764816284,0.8496215182123716,0.15037848178762836,2.6457512378692627,0.6024237955605865,0.39757620443941355
survset:UnempDur,DSM,9,50,2664,1.0,1,1.0,0.8461015515009099,0.15389844849909007,1.7320507764816284,0.5963835795719753,0.4036164204280247,2.6457512378692627,0.29117550726037383,0.7088244927396261
survset:UnempDur,DSM,9,50,2923,1.4142135381698608,1,1.0,0.765930550584499,0.234069449415501,1.7320507764816284,0.4595239842797519,0.5404760157202482,2.6457512378692627,0.1722045022393692,0.8277954977606308
survset:UnempDur,DSM,9,50,790,2.8284270763397217,0,1.0,0.9673515403550703,0.032648459644929684,1.7320507764816284,0.8597452199778521,0.14025478002214786,2.6457512378692627,0.6140884532798443,0.3859115467201557
survset:UnempDur,DSM,9,50,3210,1.7320507764816284,1,1.0,0.9682094742723061,0.03179052572769392,1.7320507764816284,0.895797975923196,0.10420202407680401,2.6457512378692627,0.7471416698716205,0.25285833012837955
survset:UnempDur,DSM,9,50,2634,2.2360680103302,1,1.0,0.9571709246185242,0.042829075381475845,1.7320507764816284,0.8377537265327019,0.16224627346729814,2.6457512378692627,0.5897070489587334,0.4102929510412666
survset:UnempDur,DSM,9,50,3111,3.1622776985168457,0,1.0,0.9660792491554582,0.033920750844541825,1.7320507764816284,0.8774753518507444,0.12252464814925557,2.6457512378692627,0.6943041527438424,0.3056958472561576
survset:UnempDur,DSM,9,50,2448,1.4142135381698608,1,1.0,0.8648585240992273,0.13514147590077275,1.7320507764816284,0.609009089709021,0.390990910290979,2.6457512378692627,0.2809470123134988,0.7190529876865013
survset:UnempDur,DSM,9,50,156,3.605551242828369,0,1.0,0.9797538410813622,0.02024615891863779,1.7320507764816284,0.909131270991044,0.09086872900895604,2.6457512378692627,0.7311128190959695,0.2688871809040305
survset:UnempDur,DSM,9,50,1687,2.2360680103302,1,1.0,0.9557442644078791,0.044255735592120926,1.7320507764816284,0.8349793349635464,0.16502066503645363,2.6457512378692627,0.5920183927636745,0.4079816072363255
survset:UnempDur,DSM,9,50,268,1.7320507764816284,1,1.0,0.9512449971648113,0.04875500283518874,1.7320507764816284,0.8172876108338276,0.18271238916617238,2.6457512378692627,0.5530179192236352,0.4469820807763648
survset:UnempDur,DSM,9,50,2627,1.0,1,1.0,0.8708535589590894,0.12914644104091055,1.7320507764816284,0.6377458430978705,0.3622541569021295,2.6457512378692627,0.32675779672563504,0.673242203274365
survset:UnempDur,DSM,9,50,3028,1.0,1,1.0,0.8460133618514012,0.1539866381485988,1.7320507764816284,0.6139232436408852,0.38607675635911476,2.6457512378692627,0.3286338574236821,0.6713661425763179
survset:UnempDur,DSM,9,50,957,1.0,1,1.0,0.8743636634086701,0.1256363365913299,1.7320507764816284,0.5601984930888996,0.4398015069111004,2.6457512378692627,0.1740864486905406,0.8259135513094594
survset:UnempDur,DSM,9,50,1492,2.4494898319244385,1,1.0,0.9627952100781418,0.03720478992185816,1.7320507764816284,0.866991971164127,0.13300802883587304,2.6457512378692627,0.6719254105696868,0.3280745894303132
survset:UnempDur,DSM,9,50,3159,3.1622776985168457,0,1.0,0.9764509420717539,0.02354905792824613,1.7320507764816284,0.9085280912192696,0.09147190878073042,2.6457512378692627,0.7534937260853358,0.24650627391466418
survset:UnempDur,DSM,9,50,935,3.7416574954986572,0,1.0,0.9763994933973641,0.023600506602635907,1.7320507764816284,0.8902044282131881,0.10979557178681187,2.6457512378692627,0.673389694258759,0.32661030574124095
survset:UnempDur,DSM,9,50,968,4.795831680297852,0,1.0,0.9744914200708158,0.025508579929184205,1.7320507764816284,0.9047498603208259,0.09525013967917406,2.6457512378692627,0.7517738073265666,0.24822619267343338
survset:UnempDur,DSM,9,50,2951,1.7320507764816284,1,1.0,0.8418704725017836,0.1581295274982164,1.7320507764816284,0.5202125272715559,0.47978747272844413,2.6457512378692627,0.16267318544222154,0.8373268145577785
survset:UnempDur,DSM,9,50,998,2.2360680103302,1,1.0,0.970124776827616,0.029875223172384002,1.7320507764816284,0.892346413337249,0.10765358666275104,2.6457512378692627,0.7287278958047422,0.2712721041952578
survset:UnempDur,DSM,9,50,1227,2.2360680103302,1,1.0,0.9681379178993111,0.03186208210068886,1.7320507764816284,0.852941359387192,0.14705864061280804,2.6457512378692627,0.5800233397606349,0.4199766602393651
survset:UnempDur,DSM,9,50,581,2.0,0,1.0,0.829613524136111,0.170386475863889,1.7320507764816284,0.592472126137324,0.40752787386267597,2.6457512378692627,0.3127080682515255,0.6872919317484745
survset:UnempDur,DSM,9,50,1433,1.4142135381698608,1,1.0,0.8461587417248267,0.15384125827517325,1.7320507764816284,0.607577617853732,0.392422382146268,2.6457512378692627,0.31506481267039593,0.6849351873296041
survset:UnempDur,DSM,9,50,2072,1.4142135381698608,1,1.0,0.8425959338238225,0.15740406617617753,1.7320507764816284,0.5929963492424093,0.4070036507575907,2.6457512378692627,0.2906966364401284,0.7093033635598716
survset:UnempDur,DSM,9,50,2338,2.2360680103302,1,1.0,0.9612427020929224,0.038757297907077604,1.7320507764816284,0.8614814876714787,0.1385185123285213,2.6457512378692627,0.6592132772880821,0.3407867227119179
survset:UnempDur,DSM,9,50,2464,2.4494898319244385,0,1.0,0.9556362759529345,0.044363724047065456,1.7320507764816284,0.8253370063116279,0.17466299368837213,2.6457512378692627,0.5544566987700957,0.44554330122990426
survset:UnempDur,DSM,9,50,2522,1.7320507764816284,1,1.0,0.8430214887510596,0.15697851124894036,1.7320507764816284,0.6162286996380391,0.38377130036196094,2.6457512378692627,0.3373262334730159,0.6626737665269842
survset:UnempDur,DSM,9,50,2035,3.316624879837036,0,1.0,0.8231956996807795,0.17680430031922045,1.7320507764816284,0.6346936938025466,0.3653063061974534,2.6457512378692627,0.41714133837925016,0.5828586616207498
survset:UnempDur,DSM,9,50,1594,1.7320507764816284,1,1.0,0.8325759599100282,0.1674240400899718,1.7320507764816284,0.6374604004766949,0.36253959952330506,2.6457512378692627,0.40668632271475924,0.5933136772852408
survset:UnempDur,DSM,9,50,3153,1.4142135381698608,1,1.0,0.9642300739981622,0.035769926001837815,1.7320507764816284,0.8527276396051341,0.1472723603948659,2.6457512378692627,0.6086156010210046,0.39138439897899535
survset:UnempDur,DSM,9,50,3122,2.2360680103302,0,1.0,0.8434773401067132,0.15652265989328684,1.7320507764816284,0.6089734597907696,0.39102654020923044,2.6457512378692627,0.3232766328394875,0.6767233671605125
survset:UnempDur,DSM,9,50,1439,2.0,1,1.0,0.8177094589591405,0.1822905410408595,1.7320507764816284,0.5732932346099514,0.4267067653900486,2.6457512378692627,0.2956214276175546,0.7043785723824454
survset:UnempDur,DSM,9,50,1563,3.7416574954986572,1,1.0,0.9649933199930207,0.03500668000697926,1.7320507764816284,0.8407819708511091,0.15921802914889094,2.6457512378692627,0.5432494637077294,0.4567505362922706
survset:UnempDur,DSM,9,50,2612,1.7320507764816284,0,1.0,0.9849855737027994,0.015014426297200623,1.7320507764816284,0.9404768929562407,0.059523107043759294,2.6457512378692627,0.8331803294866897,0.16681967051331026
survset:UnempDur,DSM,9,50,1654,1.0,1,1.0,0.8376245879229152,0.16237541207708484,1.7320507764816284,0.5452694213871738,0.4547305786128262,2.6457512378692627,0.21191274247373734,0.7880872575262626
survset:UnempDur,DSM,9,50,469,1.7320507764816284,0,1.0,0.8486374798441032,0.1513625201558968,1.7320507764816284,0.5910286295550142,0.40897137044498577,2.6457512378692627,0.2748463716365703,0.7251536283634297
survset:UnempDur,DSM,9,50,2198,1.0,0,1.0,0.8451186160467998,0.15488138395320017,1.7320507764816284,0.6144686254994962,0.3855313745005038,2.6457512378692627,0.33077294637185767,0.6692270536281424
survset:UnempDur,DSM,9,50,1375,2.2360680103302,0,1.0,0.9615712044409811,0.0384287955590189,1.7320507764816284,0.8604852818464471,0.13951471815355287,2.6457512378692627,0.6536169790895601,0.34638302091043993
survset:UnempDur,DSM,9,50,1590,2.2360680103302,1,1.0,0.8568541626331728,0.14314583736682718,1.7320507764816284,0.6079359895675152,0.39206401043248484,2.6457512378692627,0.29391191923741067,0.7060880807625893
survset:UnempDur,DSM,9,50,1886,1.4142135381698608,1,1.0,0.9719811845219509,0.028018815478049075,1.7320507764816284,0.8935709539618659,0.10642904603813408,2.6457512378692627,0.7221110216900466,0.2778889783099534
survset:UnempDur,DSM,9,50,854,2.2360680103302,0,1.0,0.8496036182250366,0.1503963817749634,1.7320507764816284,0.640697061641424,0.35930293835857596,2.6457512378692627,0.37917058688164224,0.6208294131183578
survset:UnempDur,DSM,9,50,2800,2.2360680103302,0,1.0,0.8374747449213461,0.1625252550786539,1.7320507764816284,0.5886551570639426,0.41134484293605744,2.6457512378692627,0.2924233077062045,0.7075766922937955
survset:UnempDur,DSM,9,50,493,3.0,0,1.0,0.9591854288963554,0.040814571103644615,1.7320507764816284,0.8640645956988884,0.13593540430111162,2.6457512378692627,0.6802544026619277,0.3197455973380723
survset:UnempDur,DSM,9,50,783,2.0,1,1.0,0.8229630632823453,0.17703693671765475,1.7320507764816284,0.5282323040958067,0.4717676959041933,2.6457512378692627,0.20302228209435422,0.7969777179056458
survset:UnempDur,DSM,9,50,2487,2.0,1,1.0,0.8393634028916972,0.1606365971083028,1.7320507764816284,0.5765679314676437,0.42343206853235626,2.6457512378692627,0.26376674062587124,0.7362332593741288
survset:UnempDur,DSM,9,50,325,3.605551242828369,1,1.0,0.9667488033506718,0.033251196649328185,1.7320507764816284,0.8745069238442809,0.12549307615571914,2.6457512378692627,0.6779731245575458,0.32202687544245423
survset:UnempDur,DSM,9,50,2922,3.0,0,1.0,0.9574340992158619,0.04256590078413813,1.7320507764816284,0.8431988881930207,0.1568011118069793,2.6457512378692627,0.6130466076063463,0.3869533923936537
survset:UnempDur,DSM,9,50,1307,4.123105525970459,0,1.0,0.9632904679173461,0.03670953208265393,1.7320507764816284,0.8705532364574531,0.12944676354254692,2.6457512378692627,0.6830374335732695,0.3169625664267305
survset:UnempDur,DSM,9,50,254,5.196152210235596,0,1.0,0.9789393747290057,0.021060625270994282,1.7320507764816284,0.9133232431105631,0.08667675688943688,2.6457512378692627,0.7575281375139672,0.2424718624860328
survset:UnempDur,DSM,9,50,2115,4.242640495300293,1,1.0,0.9752005461683344,0.024799453831665597,1.7320507764816284,0.9021767457788868,0.09782325422111315,2.6457512378692627,0.7360443569316283,0.2639556430683717
survset:UnempDur,DSM,9,50,2650,2.6457512378692627,0,1.0,0.9638826597954547,0.03611734020454527,1.7320507764816284,0.8652841440455356,0.13471585595446445,2.6457512378692627,0.6555983448468108,0.3444016551531892
survset:UnempDur,DSM,9,50,138,1.4142135381698608,0,1.0,0.8261212205951369,0.17387877940486307,1.7320507764816284,0.6229688688222493,0.37703113117775067,2.6457512378692627,0.38088797332285945,0.6191120266771406
survset:UnempDur,DSM,9,50,2329,3.0,0,1.0,0.965478290335283,0.034521709664717015,1.7320507764816284,0.8747036787376913,0.12529632126230872,2.6457512378692627,0.6874278737121501,0.3125721262878499
survset:UnempDur,DSM,9,50,2759,1.4142135381698608,1,1.0,0.8326954142244475,0.16730458577555252,1.7320507764816284,0.6161488135815045,0.38385118641849547,2.6457512378692627,0.358188230555257,0.6418117694447429
survset:UnempDur,DSM,9,50,3004,1.0,1,1.0,0.7070634686730242,0.29293653132697584,1.7320507764816284,0.49390825015945694,0.5060917498405431,2.6457512378692627,0.29479608431713455,0.7052039156828654
survset:UnempDur,DSM,9,50,1919,2.2360680103302,1,1.0,0.7942527485701505,0.2057472514298495,1.7320507764816284,0.5039895159337848,0.4960104840662152,2.6457512378692627,0.20386352100295801,0.796136478997042
survset:UnempDur,DSM,9,50,724,3.0,1,1.0,0.9679701850184911,0.03202981498150892,1.7320507764816284,0.8867925859622913,0.11320741403770873,2.6457512378692627,0.7198985194532374,0.28010148054676265
survset:UnempDur,DSM,9,50,269,1.4142135381698608,1,1.0,0.812771510488416,0.187228489511584,1.7320507764816284,0.5155385347513375,0.4844614652486625,2.6457512378692627,0.19725595591281744,0.8027440440871826
survset:UnempDur,DSM,9,50,1213,1.4142135381698608,0,1.0,0.9739706821714285,0.02602931782857154,1.7320507764816284,0.8843294026509926,0.11567059734900742,2.6457512378692627,0.6677337266721198,0.33226627332788017
survset:UnempDur,DSM,9,50,3195,1.7320507764816284,1,1.0,0.8680772801721378,0.1319227198278622,1.7320507764816284,0.6255315209785192,0.37446847902148084,2.6457512378692627,0.3068703341842511,0.6931296658157489
survset:UnempDur,DSM,9,50,3233,3.872983455657959,0,1.0,0.9645901421018417,0.035409857898158315,1.7320507764816284,0.8684796836793385,0.13152031632066152,2.6457512378692627,0.6662179398114547,0.3337820601885453
survset:UnempDur,DSM,9,50,2105,2.0,1,1.0,0.8437890188408397,0.15621098115916032,1.7320507764816284,0.5930743799472853,0.4069256200527147,2.6457512378692627,0.2902594978412145,0.7097405021587855
survset:UnempDur,DSM,9,50,3215,2.6457512378692627,1,1.0,0.9615776522928116,0.03842234770718844,1.7320507764816284,0.8619684750705936,0.1380315249294064,2.6457512378692627,0.6599512802345254,0.34004871976547457
survset:UnempDur,DSM,9,50,2486,3.7416574954986572,0,1.0,0.9618980745969274,0.038101925403072556,1.7320507764816284,0.8548249637254565,0.14517503627454353,2.6457512378692627,0.6311303161572663,0.36886968384273366
survset:UnempDur,DSM,9,50,358,1.4142135381698608,0,1.0,0.9692600066307923,0.03073999336920774,1.7320507764816284,0.8920988115436802,0.1079011884563198,2.6457512378692627,0.7331461564846552,0.2668538435153448
survset:UnempDur,DSM,9,50,1776,1.0,1,1.0,0.8694550930578241,0.1305449069421759,1.7320507764816284,0.5934113998324388,0.40658860016756115,2.6457512378692627,0.2417354838793169,0.7582645161206831
survset:UnempDur,DSM,9,50,1902,1.0,1,1.0,0.8185425668744432,0.18145743312555684,1.7320507764816284,0.5312760000092278,0.4687239999907722,2.6457512378692627,0.21552884686332838,0.7844711531366716
survset:UnempDur,DSM,9,50,827,3.7416574954986572,0,1.0,0.9726327547801159,0.027367245219884095,1.7320507764816284,0.8987230701295768,0.10127692987042325,2.6457512378692627,0.7371704566921582,0.2628295433078418
survset:UnempDur,DSM,9,50,2026,3.605551242828369,1,1.0,0.8395669110990243,0.16043308890097574,1.7320507764816284,0.5737350480992316,0.4262649519007684,2.6457512378692627,0.25713835851195277,0.7428616414880472
survset:UnempDur,DSM,9,50,66,1.0,1,1.0,0.8489437276697847,0.15105627233021535,1.7320507764816284,0.594032571712077,0.405967428287923,2.6457512378692627,0.2810032071724697,0.7189967928275303
survset:UnempDur,DSM,9,50,2079,2.6457512378692627,1,1.0,0.8457586986980757,0.15424130130192426,1.7320507764816284,0.6066462983055423,0.3933537016944577,2.6457512378692627,0.3118650814669742,0.6881349185330258
survset:UnempDur,DSM,9,50,2741,2.0,0,1.0,0.8304742470740482,0.16952575292595184,1.7320507764816284,0.5480985328005872,0.4519014671994128,2.6457512378692627,0.22565008852665647,0.7743499114733435
survset:UnempDur,DSM,9,50,2552,3.0,1,1.0,0.9623697618658722,0.0376302381341278,1.7320507764816284,0.8539875821722587,0.14601241782774133,2.6457512378692627,0.6239926579021365,0.37600734209786346
survset:UnempDur,DSM,9,50,2532,1.7320507764816284,1,1.0,0.9737792912784783,0.026220708721521713,1.7320507764816284,0.9045841171385608,0.0954158828614392,2.6457512378692627,0.7561775279444899,0.2438224720555101
survset:UnempDur,DSM,9,50,1540,1.7320507764816284,0,1.0,0.8262962299095744,0.1737037700904256,1.7320507764816284,0.5723688736951842,0.4276311263048158,2.6457512378692627,0.2790861771617496,0.7209138228382503
survset:UnempDur,DSM,9,50,193,2.8284270763397217,0,1.0,0.9709506152965438,0.029049384703456194,1.7320507764816284,0.9009600435914428,0.09903995640855723,2.6457512378692627,0.7554602444704497,0.24453975552955032
survset:UnempDur,DSM,9,50,152,2.6457512378692627,1,1.0,0.9791665118444751,0.020833488155524882,1.7320507764816284,0.9110757119166778,0.0889242880833222,2.6457512378692627,0.7440957046021547,0.2559042953978453
survset:UnempDur,DSM,9,50,3199,2.4494898319244385,0,1.0,0.8670746234440628,0.13292537655593717,1.7320507764816284,0.6185704091300437,0.3814295908699563,2.6457512378692627,0.2948718712509568,0.7051281287490432
survset:UnempDur,DSM,9,50,2725,1.4142135381698608,1,1.0,0.808420889933405,0.191579110066595,1.7320507764816284,0.5967284673037604,0.4032715326962396,2.6457512378692627,0.3594715278683667,0.6405284721316333
survset:UnempDur,DSM,9,50,2677,3.316624879837036,0,1.0,0.9776992797788252,0.022300720221174797,1.7320507764816284,0.9120063450139946,0.08799365498600542,2.6457512378692627,0.7613330674556804,0.2386669325443196
survset:UnempDur,DSM,9,50,478,3.872983455657959,0,1.0,0.9675573878292777,0.03244261217072231,1.7320507764816284,0.8829913316997945,0.11700866830020551,2.6457512378692627,0.7070006488647905,0.2929993511352095
survset:UnempDur,DSM,9,50,386,1.7320507764816284,1,1.0,0.9674957252973426,0.032504274702657376,1.7320507764816284,0.896525959473688,0.10347404052631204,2.6457512378692627,0.7588011306520047,0.24119886934799528
survset:UnempDur,DSM,9,50,3062,2.6457512378692627,0,1.0,0.7864693711358319,0.21353062886416807,1.7320507764816284,0.5130760024133638,0.4869239975866362,2.6457512378692627,0.22965028127033935,0.7703497187296606
survset:UnempDur,DSM,9,50,2200,2.6457512378692627,1,1.0,0.961634666170734,0.03836533382926599,1.7320507764816284,0.8507244492083879,0.14927555079161214,2.6457512378692627,0.616914804863907,0.38308519513609296
survset:UnempDur,DSM,9,50,64,2.2360680103302,1,1.0,0.8506464221179274,0.1493535778820726,1.7320507764816284,0.5899717058842148,0.41002829411578523,2.6457512378692627,0.2688514985638571,0.731148501436143
survset:UnempDur,DSM,9,50,1463,3.872983455657959,1,1.0,0.9711437857964292,0.028856214203570762,1.7320507764816284,0.9001491352833788,0.09985086471662119,2.6457512378692627,0.7526992897079096,0.24730071029209044
survset:UnempDur,DSM,9,50,1044,1.0,1,1.0,0.9610201660219142,0.0389798339780858,1.7320507764816284,0.8618205903658129,0.13817940963418707,2.6457512378692627,0.6624223890770239,0.3375776109229761
survset:UnempDur,DSM,9,50,1838,3.605551242828369,0,1.0,0.9582152654787223,0.04178473452127773,1.7320507764816284,0.8501974573687169,0.14980254263128312,2.6457512378692627,0.6340683652038923,0.3659316347961077
survset:UnempDur,DSM,9,50,1346,1.7320507764816284,1,1.0,0.7583586594173091,0.24164134058269093,1.7320507764816284,0.5182987161154591,0.4817012838845409,2.6457512378692627,0.27840528731264474,0.7215947126873552
survset:UnempDur,DSM,9,50,2341,1.7320507764816284,0,1.0,0.8396398701281017,0.1603601298718983,1.7320507764816284,0.5529487136639382,0.44705128633606184,2.6457512378692627,0.21853742556732417,0.7814625744326759
survset:UnempDur,DSM,9,50,720,2.0,0,1.0,0.9750020295680737,0.02499797043192631,1.7320507764816284,0.8920330831691987,0.10796691683080128,2.6457512378692627,0.6931189169305496,0.3068810830694504
survset:UnempDur,DSM,9,50,2248,1.0,1,1.0,0.8170249583928377,0.18297504160716227,1.7320507764816284,0.5384656070420892,0.46153439295791077,2.6457512378692627,0.2326460523727333,0.7673539476272667
survset:UnempDur,DSM,9,50,1575,2.0,0,1.0,0.7719220587450176,0.22807794125498237,1.7320507764816284,0.4998739911125763,0.5001260088874238,2.6457512378692627,0.22907721502213427,0.7709227849778657
survset:UnempDur,DSM,9,50,1259,1.0,1,1.0,0.8364323855579181,0.1635676144420819,1.7320507764816284,0.590963271675585,0.40903672832441496,2.6457512378692627,0.29692475495885023,0.7030752450411497
survset:UnempDur,DSM,9,50,1940,1.7320507764816284,0,1.0,0.9649019960791593,0.035098003920840726,1.7320507764816284,0.8888240422649748,0.1111759577350252,2.6457512378692627,0.7396046193557145,0.26039538064428547
survset:UnempDur,DSM,9,50,2760,1.0,1,1.0,0.9797503512993442,0.02024964870065582,1.7320507764816284,0.9165373099416247,0.08346269005837526,2.6457512378692627,0.7653597867239635,0.23464021327603646
survset:UnempDur,DSM,9,50,1746,5.196152210235596,0,1.0,0.9734578333541851,0.02654216664581488,1.7320507764816284,0.8984936506401384,0.10150634935986158,2.6457512378692627,0.732044478430022,0.26795552156997804
survset:UnempDur,DSM,9,50,5,3.316624879837036,0,1.0,0.9755798992683414,0.024420100731658567,1.7320507764816284,0.9018212500811668,0.09817874991883324,2.6457512378692627,0.7322341371642281,0.26776586283577186
survset:UnempDur,DSM,9,50,28,1.4142135381698608,1,1.0,0.9591168463342291,0.04088315366577089,1.7320507764816284,0.8477283908157873,0.15227160918421268,2.6457512378692627,0.6198235117211933,0.3801764882788067
survset:UnempDur,DSM,9,50,2047,2.4494898319244385,1,1.0,0.9635200665155375,0.036479933484462546,1.7320507764816284,0.8754223703618136,0.12457762963818642,2.6457512378692627,0.7005437690544629,0.2994562309455371
survset:UnempDur,DSM,9,50,2231,3.1622776985168457,0,1.0,0.9638846726684,0.036115327331599945,1.7320507764816284,0.8492697554698054,0.15073024453019457,2.6457512378692627,0.5974620972608842,0.4025379027391158
survset:UnempDur,DSM,9,50,1833,2.6457512378692627,1,1.0,0.9646733418495806,0.035326658150419354,1.7320507764816284,0.8548329258667305,0.14516707413326946,2.6457512378692627,0.6134850553552097,0.3865149446447903
survset:UnempDur,DSM,9,50,452,3.0,1,1.0,0.9558528160822727,0.04414718391772732,1.7320507764816284,0.8221803076458888,0.17781969235411121,2.6457512378692627,0.5442341902756561,0.4557658097243439
survset:UnempDur,DSM,9,50,2060,3.316624879837036,0,1.0,0.9666655177068348,0.03333448229316516,1.7320507764816284,0.8702461242575524,0.12975387574244757,2.6457512378692627,0.6618863145043679,0.33811368549563214
survset:UnempDur,DSM,9,50,2345,3.0,0,1.0,0.9496071043412408,0.05039289565875915,1.7320507764816284,0.82394120256339,0.17605879743661002,2.6457512378692627,0.5857108493845994,0.4142891506154006
survset:UnempDur,DSM,9,50,133,1.7320507764816284,1,1.0,0.958002571997363,0.04199742800263695,1.7320507764816284,0.8255217217675085,0.1744782782324915,2.6457512378692627,0.5392164279742203,0.4607835720257797
survset:UnempDur,DSM,9,50,2945,1.7320507764816284,0,1.0,0.8448233450114127,0.15517665498858735,1.7320507764816284,0.5791996115971225,0.4208003884028775,2.6457512378692627,0.2591431082757064,0.7408568917242936
survset:UnempDur,DSM,9,50,131,2.6457512378692627,0,1.0,0.9677361591419626,0.03226384085803735,1.7320507764816284,0.8710213494673501,0.1289786505326499,2.6457512378692627,0.6567362396219875,0.34326376037801254
survset:UnempDur,DSM,9,50,703,2.0,1,1.0,0.8272307431423395,0.17276925685766054,1.7320507764816284,0.5552653389455295,0.44473466105447046,2.6457512378692627,0.24523597248859405,0.7547640275114059
survset:UnempDur,DSM,9,50,277,3.872983455657959,0,1.0,0.9562331793290023,0.043766820670997686,1.7320507764816284,0.8347849256995578,0.16521507430044224,2.6457512378692627,0.5876303315706342,0.41236966842936584
survset:UnempDur,DSM,9,50,504,3.316624879837036,0,1.0,0.9668733833440255,0.033126616655974495,1.7320507764816284,0.8899158020544184,0.11008419794558155,2.6457512378692627,0.7371764663323448,0.2628235336676552
survset:UnempDur,DSM,9,50,629,2.4494898319244385,0,1.0,0.8614553938964914,0.1385446061035086,1.7320507764816284,0.608263253360839,0.391736746639161,2.6457512378692627,0.28414712365446637,0.7158528763455336
survset:UnempDur,DSM,9,50,2484,2.4494898319244385,0,1.0,0.9786035924125853,0.02139640758741468,1.7320507764816284,0.9142072865236547,0.08579271347634532,2.6457512378692627,0.7628252848687251,0.23717471513127486
survset:UnempDur,DSM,9,50,1218,1.0,1,1.0,0.8465848666980222,0.15341513330197776,1.7320507764816284,0.5775536916743551,0.4224463083256449,2.6457512378692627,0.25393433182439284,0.7460656681756072
survset:UnempDur,DSM,9,50,1303,1.0,1,1.0,0.844627949743026,0.15537205025697398,1.7320507764816284,0.5720527043857405,0.4279472956142595,2.6457512378692627,0.24554494178446115,0.7544550582155388
survset:UnempDur,DSM,9,50,1512,2.2360680103302,1,1.0,0.9743724242547962,0.0256275757452038,1.7320507764816284,0.9042088605255558,0.09579113947444418,2.6457512378692627,0.7510212016043261,0.24897879839567394
survset:UnempDur,DSM,9,50,633,1.0,1,1.0,0.7872787253828157,0.21272127461718426,1.7320507764816284,0.54455922503852,0.45544077496148005,2.6457512378692627,0.28761540972482824,0.7123845902751718
survset:UnempDur,DSM,9,50,433,3.605551242828369,0,1.0,0.8390172467843166,0.16098275321568345,1.7320507764816284,0.5582288302703883,0.4417711697296117,2.6457512378692627,0.2309708624532089,0.769029137546791
survset:UnempDur,DSM,9,50,2990,3.0,0,1.0,0.9709317433149249,0.029068256685075067,1.7320507764816284,0.9032778396967086,0.0967221603032914,2.6457512378692627,0.7676320466050933,0.23236795339490668
survset:UnempDur,DSM,9,50,2630,1.7320507764816284,0,1.0,0.8487590239360878,0.15124097606391218,1.7320507764816284,0.6309990367136448,0.36900096328635523,2.6457512378692627,0.3601218576896127,0.6398781423103873
survset:UnempDur,DSM,9,50,134,2.0,0,1.0,0.9774197436024596,0.022580256397540355,1.7320507764816284,0.9272400675537543,0.07275993244624568,2.6457512378692627,0.8157591586790236,0.1842408413209764
survset:UnempDur,DSM,9,50,409,5.099019527435303,0,1.0,0.9697329542136741,0.030267045786325886,1.7320507764816284,0.8843936533502557,0.11560634664974434,2.6457512378692627,0.6997831021269587,0.3002168978730413
survset:UnempDur,DSM,9,50,94,1.4142135381698608,1,1.0,0.8473499079082188,0.15265009209178115,1.7320507764816284,0.6129340146689214,0.3870659853310786,2.6457512378692627,0.3255411941465275,0.6744588058534725
survset:UnempDur,DSM,9,50,3077,1.4142135381698608,1,1.0,0.8578702691256583,0.14212973087434166,1.7320507764816284,0.6339283005973964,0.36607169940260365,2.6457512378692627,0.34672075698026705,0.653279243019733
survset:UnempDur,DSM,9,50,2603,1.0,1,1.0,0.8380727806967352,0.1619272193032648,1.7320507764816284,0.600297787831991,0.39970221216800905,2.6457512378692627,0.3165557517054905,0.6834442482945096
survset:UnempDur,DSM,9,50,1774,3.0,1,1.0,0.9628092502637567,0.037190749736243256,1.7320507764816284,0.846924431930672,0.15307556806932798,2.6457512378692627,0.5921255278871023,0.40787447211289773
survset:UnempDur,DSM,9,50,197,1.0,1,1.0,0.8407373349346994,0.15926266506530062,1.7320507764816284,0.5908805312309825,0.4091194687690175,2.6457512378692627,0.2893987776364778,0.7106012223635222
survset:UnempDur,DSM,9,50,769,1.7320507764816284,0,1.0,0.9636483550720174,0.036351644927982596,1.7320507764816284,0.8695401638122141,0.1304598361877859,2.6457512378692627,0.6749339032528834,0.3250660967471166
survset:UnempDur,DSM,9,50,2611,1.7320507764816284,0,1.0,0.9607490583399743,0.03925094166002574,1.7320507764816284,0.8610188140374434,0.1389811859625566,2.6457512378692627,0.6570616489397897,0.3429383510602103
survset:UnempDur,DSM,9,50,1913,3.872983455657959,1,1.0,0.9764554178040167,0.02354458219598332,1.7320507764816284,0.9078366565764328,0.09216334342356725,2.6457512378692627,0.751504262502626,0.24849573749737397
survset:UnempDur,DSM,9,50,979,2.8284270763397217,1,1.0,0.8433642891348209,0.15663571086517913,1.7320507764816284,0.5667903544849967,0.4332096455150033,2.6457512378692627,0.23856675776898292,0.761433242231017
survset:UnempDur,DSM,9,50,242,2.6457512378692627,1,1.0,0.9600252425213994,0.039974757478600575,1.7320507764816284,0.8459713295835095,0.1540286704164905,2.6457512378692627,0.6072172947059523,0.3927827052940477
survset:UnempDur,DSM,9,50,2783,2.2360680103302,1,1.0,0.9650410072174478,0.03495899278255221,1.7320507764816284,0.8861149560942798,0.11388504390572018,2.6457512378692627,0.7298772146500736,0.2701227853499264
survset:UnempDur,DSM,9,50,2442,3.0,0,1.0,0.8743925569682282,0.12560744303177185,1.7320507764816284,0.6704932019898364,0.3295067980101636,2.6457512378692627,0.40022186449104813,0.5997781355089519
survset:UnempDur,DSM,9,50,847,4.690415859222412,0,1.0,0.8191103584397094,0.18088964156029064,1.7320507764816284,0.5132592808023771,0.48674071919762285,2.6457512378692627,0.18463589446918763,0.8153641055308124
survset:UnempDur,DSM,9,50,333,1.7320507764816284,1,1.0,0.9599714410142125,0.0400285589857875,1.7320507764816284,0.8525976668693575,0.14740233313064255,2.6457512378692627,0.6337022009083535,0.3662977990916465
survset:UnempDur,DSM,9,50,3005,1.7320507764816284,1,1.0,0.8147839954116163,0.18521600458838372,1.7320507764816284,0.5110274380484972,0.48897256195150285,2.6457512378692627,0.18753043339757283,0.8124695666024272
survset:UnempDur,DSM,9,50,782,3.0,0,1.0,0.9754528472491277,0.02454715275087227,1.7320507764816284,0.8995774888229928,0.10042251117700718,2.6457512378692627,0.7235798843875622,0.27642011561243784
survset:UnempDur,DSM,9,50,997,1.4142135381698608,1,1.0,0.8112609162393638,0.1887390837606362,1.7320507764816284,0.5388010925185928,0.46119890748140724,2.6457512378692627,0.24256277149847447,0.7574372285015255
survset:UnempDur,DSM,9,50,3117,2.2360680103302,1,1.0,0.9673701390844185,0.03262986091558151,1.7320507764816284,0.8846227591916357,0.11537724080836431,2.6457512378692627,0.7132193489180209,0.28678065108197914
survset:UnempDur,DSM,9,50,1141,1.7320507764816284,0,1.0,0.7814633947136812,0.2185366052863188,1.7320507764816284,0.5699482849582841,0.4300517150417159,2.6457512378692627,0.34607874213450074,0.6539212578654993
survset:UnempDur,DSM,9,50,3078,1.0,1,1.0,0.8526833402145644,0.14731665978543562,1.7320507764816284,0.5572266182169726,0.4427733817830274,2.6457512378692627,0.20505489130552776,0.7949451086944722
survset:UnempDur,DSM,9,50,1434,1.0,1,1.0,0.8485432266605586,0.1514567733394414,1.7320507764816284,0.6201176702544952,0.37988232974550484,2.6457512378692627,0.33568396731934436,0.6643160326806556
survset:UnempDur,DSM,9,50,779,1.0,1,1.0,0.8505241703815144,0.1494758296184856,1.7320507764816284,0.6549803400097787,0.34501965999022133,2.6457512378692627,0.4121018334052375,0.5878981665947625
survset:UnempDur,DSM,9,50,1836,1.7320507764816284,0,1.0,0.9644802796590745,0.03551972034092554,1.7320507764816284,0.8639288143700127,0.13607118562998732,2.6457512378692627,0.6509892149578509,0.3490107850421491
survset:UnempDur,DSM,9,50,488,1.4142135381698608,1,1.0,0.9585000060982463,0.04149999390175374,1.7320507764816284,0.8430872323722403,0.15691276762775974,2.6457512378692627,0.6068712471837633,0.3931287528162367
survset:UnempDur,DSM,9,50,3127,2.0,1,1.0,0.955394754491719,0.044605245508281044,1.7320507764816284,0.8465080337843022,0.15349196621569783,2.6457512378692627,0.6341207792738988,0.36587922072610124
survset:UnempDur,DSM,9,50,2655,3.1622776985168457,0,1.0,0.978850466741233,0.021149533258767006,1.7320507764816284,0.8995891298919968,0.1004108701080032,2.6457512378692627,0.6837504836894744,0.31624951631052556
survset:UnempDur,DSM,9,50,2586,5.196152210235596,0,1.0,0.9584427784090953,0.04155722159090469,1.7320507764816284,0.8948569570848931,0.1051430429151069,2.6457512378692627,0.7742345279737441,0.22576547202625585
survset:UnempDur,DSM,9,50,2679,3.464101552963257,1,1.0,0.9618038948440513,0.038196105155948734,1.7320507764816284,0.8593015019984732,0.14069849800152678,2.6457512378692627,0.6485301283309729,0.3514698716690271
survset:UnempDur,DSM,9,50,105,2.6457512378692627,0,1.0,0.8597074140073797,0.1402925859926203,1.7320507764816284,0.6351265334295915,0.36487346657040853,2.6457512378692627,0.34529161029876887,0.6547083897012311
survset:UnempDur,DSM,9,50,2298,1.4142135381698608,1,1.0,0.8637995571275476,0.13620044287245237,1.7320507764816284,0.6034833992841395,0.3965166007158605,2.6457512378692627,0.2691545958269479,0.7308454041730521
survset:UnempDur,DSM,9,50,890,1.4142135381698608,0,1.0,0.7945895665271789,0.20541043347282106,1.7320507764816284,0.5031390489263222,0.4968609510736778,2.6457512378692627,0.20611169320810807,0.7938883067918919
survset:UnempDur,DSM,9,50,2968,1.4142135381698608,1,1.0,0.8672073955324091,0.1327926044675909,1.7320507764816284,0.6141498905155199,0.38585010948448006,2.6457512378692627,0.28566594445870985,0.7143340555412901
survset:UnempDur,DSM,9,50,2516,3.1622776985168457,1,1.0,0.8389586766999245,0.16104132330007548,1.7320507764816284,0.6047970986767987,0.39520290132320135,2.6457512378692627,0.3206222059914269,0.6793777940085731
survset:UnempDur,DSM,9,50,1216,3.316624879837036,1,1.0,0.9744497575995299,0.025550242400470102,1.7320507764816284,0.8780077319987621,0.12199226800123786,2.6457512378692627,0.63556166202884,0.36443833797116
survset:UnempDur,DSM,9,50,2002,1.4142135381698608,1,1.0,0.9679083588795078,0.03209164112049223,1.7320507764816284,0.8722976360128254,0.1277023639871746,2.6457512378692627,0.6620050990794478,0.3379949009205522
survset:UnempDur,DSM,9,50,341,2.2360680103302,1,1.0,0.9567712965373966,0.043228703462603435,1.7320507764816284,0.8461913990144823,0.15380860098551774,2.6457512378692627,0.6274369756270108,0.37256302437298916
survset:UnempDur,DSM,9,50,2133,4.582575798034668,0,1.0,0.9722234328846194,0.027776567115380568,1.7320507764816284,0.8716907531372587,0.12830924686274126,2.6457512378692627,0.6257399389563437,0.3742600610436563
survset:UnempDur,DSM,9,50,2443,3.316624879837036,1,1.0,0.9590993501211227,0.040900649878877315,1.7320507764816284,0.8470419074078539,0.1529580925921461,2.6457512378692627,0.616466812139738,0.383533187860262
survset:UnempDur,DSM,9,50,1305,4.582575798034668,0,1.0,0.9659748255028919,0.03402517449710807,1.7320507764816284,0.8711209376580028,0.1288790623419972,2.6457512378692627,0.6690050515880974,0.3309949484119026
survset:UnempDur,DSM,9,50,1163,1.7320507764816284,0,1.0,0.8099962919651379,0.1900037080348621,1.7320507764816284,0.5354831419789796,0.4645168580210204,2.6457512378692627,0.23524496659877564,0.7647550334012243
survset:UnempDur,DSM,9,50,2438,2.4494898319244385,0,1.0,0.8508145208785591,0.14918547912144087,1.7320507764816284,0.596156495371111,0.40384350462888896,2.6457512378692627,0.2835489344436537,0.7164510655563463
survset:UnempDur,DSM,9,50,201,1.7320507764816284,1,1.0,0.9640766672657991,0.0359233327342009,1.7320507764816284,0.859258947945732,0.140741052054268,2.6457512378692627,0.6349345381500682,0.3650654618499318
survset:UnempDur,DSM,9,50,368,2.6457512378692627,0,1.0,0.8451912266182161,0.1548087733817839,1.7320507764816284,0.5990158091269363,0.4009841908730637,2.6457512378692627,0.2984132482021728,0.7015867517978271
survset:UnempDur,DSM,9,50,1685,1.0,1,1.0,0.8388008569538674,0.1611991430461326,1.7320507764816284,0.594641361859456,0.40535863814054396,2.6457512378692627,0.3024272905944741,0.697572709405526
survset:UnempDur,DSM,9,50,3082,1.0,1,1.0,0.9747191052415528,0.025280894758447192,1.7320507764816284,0.8843829931387285,0.11561700686127152,2.6457512378692627,0.6619386391488916,0.3380613608511084
survset:UnempDur,DSM,9,50,1848,1.0,1,1.0,0.8016621022904755,0.19833789770952448,1.7320507764816284,0.4776792256377779,0.522320774362222,2.6457512378692627,0.15700741432239707,0.8429925856776029
survset:UnempDur,DSM,9,50,273,4.123105525970459,0,1.0,0.9775143013143296,0.022485698685670408,1.7320507764816284,0.9111865251376712,0.08881347486232882,2.6457512378692627,0.7580738499975241,0.24192615000247586
survset:UnempDur,DSM,9,50,2540,2.2360680103302,0,1.0,0.8408792150350181,0.15912078496498194,1.7320507764816284,0.5970764174690759,0.4029235825309241,2.6457512378692627,0.30349819177498677,0.6965018082250132
survset:UnempDur,DSM,9,50,3187,1.7320507764816284,1,1.0,0.9683215455189644,0.03167845448103557,1.7320507764816284,0.8825018937817762,0.11749810621822376,2.6457512378692627,0.6995699704138691,0.30043002958613085
survset:UnempDur,DSM,9,50,2019,1.0,1,1.0,0.8030360248229929,0.19696397517700714,1.7320507764816284,0.575627219419488,0.424372780580512,2.6457512378692627,0.3242079005801535,0.6757920994198465
survset:UnempDur,DSM,9,50,1126,2.6457512378692627,1,1.0,0.9628924861719177,0.037107513828082306,1.7320507764816284,0.8572980861234364,0.1427019138765636,2.6457512378692627,0.6344572602880181,0.3655427397119819
survset:UnempDur,DSM,9,50,1538,1.7320507764816284,1,1.0,0.9754855011041185,0.02451449889588153,1.7320507764816284,0.9072918127479549,0.0927081872520451,2.6457512378692627,0.7553307795614622,0.24466922043853778
survset:UnempDur,DSM,9,50,812,1.0,1,1.0,0.8631029003179357,0.13689709968206432,1.7320507764816284,0.6214000989713804,0.3785999010286196,2.6457512378692627,0.3099840495731204,0.6900159504268796
survset:UnempDur,DSM,9,50,1739,2.2360680103302,0,1.0,0.9738390894192374,0.026160910580762642,1.7320507764816284,0.9114094026401138,0.08859059735988617,2.6457512378692627,0.7808014611861955,0.21919853881380447
survset:UnempDur,DSM,9,50,1491,2.2360680103302,0,1.0,0.9636924182808573,0.03630758171914272,1.7320507764816284,0.8629820898042719,0.13701791019572807,2.6457512378692627,0.6507593544538017,0.34924064554619827
survset:UnempDur,DSM,9,50,2942,3.316624879837036,1,1.0,0.9576648978217556,0.04233510217824443,1.7320507764816284,0.865187128233936,0.13481287176606405,2.6457512378692627,0.6880562510524998,0.3119437489475002
survset:UnempDur,DSM,9,50,2321,2.8284270763397217,0,1.0,0.8290235187281679,0.17097648127183207,1.7320507764816284,0.5441975104098468,0.45580248959015324,2.6457512378692627,0.22090710113477377,0.7790928988652263
survset:UnempDur,DSM,9,50,172,3.0,0,1.0,0.9749287849689068,0.02507121503109322,1.7320507764816284,0.8795806966038788,0.12041930339612117,2.6457512378692627,0.6273065376711645,0.3726934623288355
survset:UnempDur,DSM,9,50,3110,2.6457512378692627,1,1.0,0.8487692453042988,0.15123075469570124,1.7320507764816284,0.6161920553718723,0.38380794462812773,2.6457512378692627,0.3254819633586258,0.6745180366413742
survset:UnempDur,DSM,9,50,1793,1.0,1,1.0,0.9580844627720155,0.04191553722798447,1.7320507764816284,0.8352985405069512,0.16470145949304882,2.6457512378692627,0.5768985334662818,0.42310146653371816
survset:UnempDur,DSM,9,50,2424,1.4142135381698608,1,1.0,0.9624144011737682,0.0375855988262318,1.7320507764816284,0.8569694716825078,0.1430305283174922,2.6457512378692627,0.6357518735842306,0.3642481264157694
survset:UnempDur,DSM,9,50,2731,2.4494898319244385,1,1.0,0.9590642714817876,0.040935728518212366,1.7320507764816284,0.8567483148969819,0.1432516851030181,2.6457512378692627,0.6530942773967527,0.34690572260324726
survset:UnempDur,DSM,9,50,1391,3.0,1,1.0,0.970183260334117,0.029816739665883052,1.7320507764816284,0.9011529858326172,0.09884701416738284,2.6457512378692627,0.7630279392350361,0.2369720607649639
survset:UnempDur,DSM,9,50,1967,3.0,0,1.0,0.9568979788352705,0.0431020211647295,1.7320507764816284,0.8537720890810478,0.14622791091895215,2.6457512378692627,0.654407712017705,0.345592287982295
survset:UnempDur,DSM,9,50,614,1.0,1,1.0,0.8013672301254146,0.19863276987458545,1.7320507764816284,0.5317886110811887,0.4682113889188113,2.6457512378692627,0.24414748736943576,0.7558525126305642
survset:UnempDur,DSM,9,50,2822,2.0,1,1.0,0.8515360426621288,0.1484639573378712,1.7320507764816284,0.605035751369754,0.39496424863024604,2.6457512378692627,0.2971367317457211,0.7028632682542789
survset:UnempDur,DSM,9,50,3079,5.196152210235596,0,1.0,0.9572986353860081,0.04270136461399188,1.7320507764816284,0.8513533567355096,0.1486466432644904,2.6457512378692627,0.6435761229379364,0.3564238770620636
survset:UnempDur,DSM,9,50,1289,4.242640495300293,0,1.0,0.9653320606394672,0.03466793936053281,1.7320507764816284,0.8809797723865914,0.11902022761340858,2.6457512378692627,0.7116014769951743,0.2883985230048257
survset:UnempDur,DSM,9,50,1656,2.8284270763397217,1,1.0,0.8537934782695844,0.1462065217304156,1.7320507764816284,0.5912272191820717,0.40877278081792834,2.6457512378692627,0.2658729320931008,0.7341270679068992
survset:UnempDur,DSM,9,50,2692,2.8284270763397217,0,1.0,0.9755789011980119,0.02442109880198806,1.7320507764816284,0.8826529252493369,0.11734707475066308,2.6457512378692627,0.6464216374190598,0.3535783625809402
survset:UnempDur,DSM,9,50,809,2.0,1,1.0,0.9709880209585505,0.029011979041449476,1.7320507764816284,0.9046160919493041,0.09538390805069585,2.6457512378692627,0.7675178656798257,0.23248213432017428
survset:UnempDur,DSM,9,50,1159,1.0,1,1.0,0.7585325161465896,0.24146748385341044,1.7320507764816284,0.4257879166954064,0.5742120833045936,2.6457512378692627,0.13334896278639707,0.8666510372136029
survset:UnempDur,DSM,9,50,2243,4.582575798034668,1,1.0,0.9741128910275313,0.02588710897246871,1.7320507764816284,0.9061675574658065,0.09383244253419354,2.6457512378692627,0.7599170643929677,0.2400829356070323
survset:UnempDur,DSM,9,50,673,1.7320507764816284,1,1.0,0.8206588369545103,0.17934116304548975,1.7320507764816284,0.5385052622249102,0.46149473777508976,2.6457512378692627,0.22472666979598913,0.7752733302040109
survset:UnempDur,DSM,9,50,2263,1.0,1,1.0,0.8280213405703062,0.17197865942969381,1.7320507764816284,0.6172890068344612,0.3827109931655388,2.6457512378692627,0.3696840684527894,0.6303159315472107
survset:UnempDur,DSM,9,50,2789,1.0,1,1.0,0.759181960622134,0.24081803937786594,1.7320507764816284,0.3567586026401994,0.6432413973598006,2.6457512378692627,0.059283023033822435,0.9407169769661776
survset:UnempDur,DSM,9,50,1699,1.4142135381698608,0,1.0,0.8614521564586535,0.13854784354134653,1.7320507764816284,0.6748377013403567,0.3251622986596433,2.6457512378692627,0.43652482488602395,0.563475175113976
survset:UnempDur,DSM,9,50,2674,2.0,1,1.0,0.7942096184364463,0.20579038156355367,1.7320507764816284,0.5871521261559159,0.41284787384408406,2.6457512378692627,0.36230322975453283,0.6376967702454672
survset:UnempDur,DSM,9,50,2912,1.0,1,1.0,0.8223347308535094,0.1776652691464906,1.7320507764816284,0.53582741188647,0.46417258811353,2.6457512378692627,0.21730619276367175,0.7826938072363283
survset:UnempDur,DSM,9,50,2766,1.4142135381698608,0,1.0,0.8361595289673899,0.16384047103261012,1.7320507764816284,0.6226229923184515,0.37737700768154847,2.6457512378692627,0.36769767149912697,0.6323023285008731
survset:UnempDur,DSM,9,50,3083,1.4142135381698608,1,1.0,0.7881584352140993,0.21184156478590066,1.7320507764816284,0.46384294558510214,0.5361570544148979,2.6457512378692627,0.1540453641188713,0.8459546358811287
survset:UnempDur,DSM,9,50,1922,1.0,1,1.0,0.8037163564200149,0.19628364357998507,1.7320507764816284,0.5074542209107068,0.4925457790892932,2.6457512378692627,0.19668498774081145,0.8033150122591886
survset:UnempDur,DSM,9,50,2705,1.0,1,1.0,0.7890588729883092,0.21094112701169077,1.7320507764816284,0.5325672809099723,0.4674327190900277,2.6457512378692627,0.26436113240455855,0.7356388675954415
survset:UnempDur,DSM,9,50,2558,1.7320507764816284,0,1.0,0.8078939580285023,0.19210604197149772,1.7320507764816284,0.5601623116465281,0.4398376883534719,2.6457512378692627,0.28824084541324996,0.7117591545867501
survset:UnempDur,DSM,9,50,3021,5.099019527435303,0,1.0,0.853021354254074,0.146978645745926,1.7320507764816284,0.6189113550374729,0.38108864496252715,2.6457512378692627,0.3274555899661679,0.672544410033832
survset:UnempDur,DSM,9,50,656,2.4494898319244385,1,1.0,0.9609223989457213,0.03907760105427871,1.7320507764816284,0.8546117068521452,0.14538829314785484,2.6457512378692627,0.6360337126920722,0.3639662873079278
survset:UnempDur,DSM,9,50,723,2.0,1,1.0,0.9627669240441398,0.03723307595586023,1.7320507764816284,0.8740345775005406,0.1259654224994594,2.6457512378692627,0.6996477196822994,0.30035228031770056
survset:UnempDur,DSM,9,50,344,2.4494898319244385,0,1.0,0.835446319607776,0.16455368039222396,1.7320507764816284,0.6145755836616824,0.3854244163383176,2.6457512378692627,0.3511883178197397,0.6488116821802603
survset:UnempDur,DSM,9,50,2639,1.7320507764816284,1,1.0,0.8759907522788901,0.12400924772110988,1.7320507764816284,0.6321331685731459,0.36786683142685406,2.6457512378692627,0.30299007747877926,0.6970099225212207
survset:UnempDur,DSM,9,50,1672,1.4142135381698608,0,1.0,0.8492949707265101,0.15070502927348994,1.7320507764816284,0.6027617299150532,0.39723827008494683,2.6457512378692627,0.29775927350077286,0.7022407264992272
survset:UnempDur,DSM,9,50,154,2.6457512378692627,1,1.0,0.8611056494684581,0.13889435053154187,1.7320507764816284,0.6247191713337892,0.3752808286662108,2.6457512378692627,0.32341693230254837,0.6765830676974516
survset:UnempDur,DSM,9,50,2095,1.4142135381698608,1,1.0,0.9676933375037748,0.03230666249622516,1.7320507764816284,0.875316960426146,0.12468303957385396,2.6457512378692627,0.6759117653491356,0.32408823465086445
survset:UnempDur,DSM,9,50,2541,1.4142135381698608,1,1.0,0.8349877040950673,0.16501229590493272,1.7320507764816284,0.6132819194986554,0.3867180805013446,2.6457512378692627,0.3478901867502775,0.6521098132497225
survset:UnempDur,DSM,9,50,2580,1.0,1,1.0,0.9732320501342177,0.026767949865782348,1.7320507764816284,0.9024817498308083,0.09751825016919169,2.6457512378692627,0.7509543370853462,0.2490456629146538
survset:UnempDur,DSM,9,50,2917,2.4494898319244385,1,1.0,0.9642722792261038,0.03572772077389619,1.7320507764816284,0.8577788470451706,0.1422211529548294,2.6457512378692627,0.6269799239099868,0.3730200760900132
survset:UnempDur,DSM,9,50,545,3.872983455657959,0,1.0,0.9674204582595644,0.03257954174043565,1.7320507764816284,0.875904435602608,0.124095564397392,2.6457512378692627,0.6799500731148632,0.3200499268851368
survset:UnempDur,DSM,9,50,1637,1.0,1,1.0,0.810202146169579,0.18979785383042103,1.7320507764816284,0.6058778905445872,0.3941221094554128,2.6457512378692627,0.3749814246906311,0.6250185753093689
survset:UnempDur,DSM,9,50,2982,2.2360680103302,0,1.0,0.9777736985732128,0.022226301426787165,1.7320507764816284,0.9104108440931238,0.08958915590687622,2.6457512378692627,0.7534849470097643,0.24651505299023568
survset:UnempDur,DSM,9,50,735,2.8284270763397217,1,1.0,0.857300302409138,0.14269969759086198,1.7320507764816284,0.627371149719423,0.372628850280577,2.6457512378692627,0.3360232253275086,0.6639767746724914
survset:UnempDur,DSM,9,50,2709,2.2360680103302,0,1.0,0.9797522203185223,0.02024777968147773,1.7320507764816284,0.9154743263084394,0.08452567369156061,2.6457512378692627,0.760977070794338,0.23902292920566204
survset:UnempDur,DSM,9,50,2736,2.6457512378692627,1,1.0,0.9596252711388492,0.04037472886115079,1.7320507764816284,0.8419798769081762,0.15802012309182378,2.6457512378692627,0.5945213848164982,0.4054786151835018
survset:UnempDur,DSM,9,50,1014,2.4494898319244385,0,1.0,0.9698281320172074,0.03017186798279259,1.7320507764816284,0.8858340482991177,0.11416595170088228,2.6457512378692627,0.7046231415749122,0.29537685842508776
survset:UnempDur,DSM,9,50,2067,2.4494898319244385,1,1.0,0.9629530684423655,0.0370469315576345,1.7320507764816284,0.8481376482984809,0.15186235170151907,2.6457512378692627,0.5986572670627548,0.4013427329372452
survset:UnempDur,DSM,9,50,342,3.605551242828369,0,1.0,0.9663434874140888,0.03365651258591118,1.7320507764816284,0.8757591217830039,0.12424087821699614,2.6457512378692627,0.685716693180543,0.31428330681945704
survset:UnempDur,DSM,9,50,2564,1.4142135381698608,1,1.0,0.9734959032257658,0.026504096774234154,1.7320507764816284,0.8805993640165989,0.11940063598340112,2.6457512378692627,0.6550120691654018,0.3449879308345982
survset:UnempDur,DSM,9,50,2746,4.242640495300293,1,1.0,0.9654616827305373,0.03453831726946266,1.7320507764816284,0.8600805527545882,0.13991944724541183,2.6457512378692627,0.6300536269255133,0.36994637307448675
survset:UnempDur,DSM,9,50,3237,2.0,0,1.0,0.9540161124869522,0.04598388751304783,1.7320507764816284,0.8160350127509948,0.18396498724900523,2.6457512378692627,0.5283748303345256,0.4716251696654744
survset:UnempDur,DSM,9,50,2821,2.2360680103302,1,1.0,0.8577908228293226,0.14220917717067738,1.7320507764816284,0.6352556629810696,0.3647443370189304,2.6457512378692627,0.3486148974888618,0.6513851025111381
survset:UnempDur,DSM,9,50,2754,1.0,1,1.0,0.8132349756394691,0.18676502436053088,1.7320507764816284,0.5086255585444929,0.4913744414555071,2.6457512378692627,0.18533275287448908,0.814667247125511
survset:UnempDur,DSM,9,50,1399,2.6457512378692627,0,1.0,0.9545663006597056,0.0454336993402944,1.7320507764816284,0.8673351968725673,0.13266480312743267,2.6457512378692627,0.7016440679627155,0.2983559320372845
survset:UnempDur,DSM,9,50,2730,1.4142135381698608,1,1.0,0.8177649213752491,0.18223507862475086,1.7320507764816284,0.5503841133196564,0.4496158866803436,2.6457512378692627,0.25111025083786004,0.74888974916214
survset:UnempDur,DSM,9,50,2446,3.316624879837036,0,1.0,0.9638298740960869,0.03617012590391311,1.7320507764816284,0.8644179387023895,0.13558206129761052,2.6457512378692627,0.6544113776783166,0.3455886223216834
survset:UnempDur,DSM,9,50,1602,3.0,0,1.0,0.9688289931487409,0.031171006851259064,1.7320507764816284,0.8757018414969402,0.12429815850305981,2.6457512378692627,0.6696534223645054,0.3303465776354946
survset:UnempDur,DSM,9,50,498,2.6457512378692627,1,1.0,0.9607294039695193,0.039270596030480664,1.7320507764816284,0.8674796986078516,0.13252030139214843,2.6457512378692627,0.6842648937068911,0.31573510629310886
survset:UnempDur,DSM,9,50,1176,1.4142135381698608,0,1.0,0.8312933023901764,0.1687066976098236,1.7320507764816284,0.5403536754122823,0.4596463245877177,2.6457512378692627,0.21079248879596268,0.7892075112040373
survset:UnempDur,DSM,9,50,2900,2.2360680103302,1,1.0,0.9771183809543094,0.022881619045690638,1.7320507764816284,0.9104089801640832,0.08959101983591677,2.6457512378692627,0.7575946303811627,0.2424053696188373
survset:UnempDur,DSM,9,50,2291,5.196152210235596,0,1.0,0.961277319749064,0.03872268025093595,1.7320507764816284,0.8705157257045435,0.1294842742954565,2.6457512378692627,0.6943841055245513,0.3056158944754487
survset:UnempDur,DSM,9,50,2216,3.464101552963257,1,1.0,0.8398283149827004,0.16017168501729961,1.7320507764816284,0.5770203975462779,0.4229796024537221,2.6457512378692627,0.2650024735748225,0.7349975264251776
survset:UnempDur,DSM,9,50,122,2.0,1,1.0,0.9701999306172248,0.02980006938277524,1.7320507764816284,0.8868147971402438,0.1131852028597562,2.6457512378692627,0.705438629115005,0.294561370884995
survset:UnempDur,DSM,9,50,1759,2.6457512378692627,0,1.0,0.9787072587183404,0.02129274128165959,1.7320507764816284,0.9210501267509013,0.07894987324909875,2.6457512378692627,0.7882608923522919,0.2117391076477081
survset:UnempDur,DSM,9,50,569,2.2360680103302,0,1.0,0.9628962549793186,0.03710374502068137,1.7320507764816284,0.8594522083270965,0.14054779167290354,2.6457512378692627,0.6416614489280271,0.3583385510719729
survset:UnempDur,DSM,9,50,1090,2.4494898319244385,1,1.0,0.9700751562279903,0.029924843772009657,1.7320507764816284,0.8771748724145186,0.12282512758548136,2.6457512378692627,0.6619600555690408,0.3380399444309592
survset:UnempDur,DSM,9,50,418,3.0,1,1.0,0.9583177497283923,0.04168225027160766,1.7320507764816284,0.854469756088418,0.14553024391158198,2.6457512378692627,0.648707570345661,0.35129242965433904
survset:UnempDur,DSM,9,50,941,3.7416574954986572,0,1.0,0.9709451084152714,0.029054891584728626,1.7320507764816284,0.8919065480720957,0.10809345192790432,2.6457512378692627,0.7220199975651549,0.2779800024348451
survset:UnempDur,DSM,9,50,2061,2.6457512378692627,0,1.0,0.9694228018801971,0.030577198119802862,1.7320507764816284,0.8953423603136645,0.10465763968633546,2.6457512378692627,0.7443213930838251,0.25567860691617494
survset:UnempDur,DSM,9,50,3227,1.7320507764816284,1,1.0,0.9705135156946365,0.029486484305363492,1.7320507764816284,0.8849767390781635,0.11502326092183646,2.6457512378692627,0.6929719769662281,0.30702802303377186
survset:UnempDur,DSM,9,50,1632,1.0,1,1.0,0.8424521838277416,0.15754781617225844,1.7320507764816284,0.5978972906776712,0.40210270932232883,2.6457512378692627,0.30058123570455153,0.6994187642954485
survset:UnempDur,DSM,9,50,1156,1.4142135381698608,0,1.0,0.7933899594974813,0.20661004050251874,1.7320507764816284,0.5036609600596288,0.4963390399403712,2.6457512378692627,0.20519428079840038,0.7948057192015996
survset:UnempDur,DSM,9,50,1779,1.0,1,1.0,0.852140960750882,0.14785903924911803,1.7320507764816284,0.5560946722975715,0.4439053277024285,2.6457512378692627,0.2061557608747604,0.7938442391252396
survset:UnempDur,DSM,9,50,1024,2.2360680103302,0,1.0,0.9579174162731816,0.04208258372681839,1.7320507764816284,0.8643075295039809,0.13569247049601907,2.6457512378692627,0.6829206372305081,0.3170793627694919
survset:UnempDur,DSM,9,50,1659,3.7416574954986572,0,1.0,0.9591741488327278,0.04082585116727222,1.7320507764816284,0.8461610750462734,0.15383892495372664,2.6457512378692627,0.6140381220176399,0.38596187798236015
survset:UnempDur,DSM,9,50,2693,2.0,1,1.0,0.783952157275736,0.21604784272426403,1.7320507764816284,0.5547803569933463,0.44521964300665373,2.6457512378692627,0.31182647078714965,0.6881735292128504
survset:UnempDur,DSM,9,50,52,1.4142135381698608,0,1.0,0.8441151458765324,0.15588485412346764,1.7320507764816284,0.6205460887309224,0.37945391126907757,2.6457512378692627,0.34551290177615107,0.6544870982238489
survset:UnempDur,DSM,9,50,2106,2.2360680103302,1,1.0,0.9579159627449482,0.04208403725505183,1.7320507764816284,0.8407838810365785,0.15921611896342147,2.6457512378692627,0.6018209025570741,0.3981790974429259
survset:UnempDur,DSM,9,50,3076,2.2360680103302,1,1.0,0.8033676480080637,0.1966323519919363,1.7320507764816284,0.5115956367737242,0.4884043632262758,2.6457512378692627,0.20420733566971214,0.7957926643302878
survset:UnempDur,DSM,9,50,988,1.4142135381698608,1,1.0,0.9735831100706708,0.026416889929329224,1.7320507764816284,0.8966820951566047,0.10331790484339531,2.6457512378692627,0.7165382403320493,0.28346175966795073
survset:UnempDur,DSM,9,50,2856,1.7320507764816284,1,1.0,0.9668248918300185,0.03317510816998148,1.7320507764816284,0.8823574060978696,0.11764259390213039,2.6457512378692627,0.7086598230296852,0.2913401769703148
survset:UnempDur,DSM,9,50,3164,2.6457512378692627,1,1.0,0.9656674428169622,0.03433255718303785,1.7320507764816284,0.8776579295088475,0.12234207049115253,2.6457512378692627,0.6972474414023758,0.3027525585976242
survset:UnempDur,DSM,9,50,1342,1.0,1,1.0,0.8051284549040111,0.19487154509598892,1.7320507764816284,0.5326924565497072,0.4673075434502928,2.6457512378692627,0.24085092503403946,0.7591490749659605
survset:UnempDur,DSM,9,50,2022,1.0,1,1.0,0.9677384058871753,0.0322615941128247,1.7320507764816284,0.8905437604611786,0.10945623953882144,2.6457512378692627,0.7351002443988297,0.2648997556011703
survset:UnempDur,DSM,9,50,2274,1.4142135381698608,1,1.0,0.8349955203411195,0.16500447965888054,1.7320507764816284,0.5377484102127653,0.4622515897872347,2.6457512378692627,0.20115136968007055,0.7988486303199295
survset:UnempDur,DSM,9,50,2998,1.4142135381698608,0,1.0,0.9693898557032359,0.03061014429676412,1.7320507764816284,0.8705882799551066,0.12941172004489343,2.6457512378692627,0.6455704735936181,0.3544295264063819
survset:UnempDur,DSM,9,50,123,2.6457512378692627,0,1.0,0.9707570827875457,0.02924291721245431,1.7320507764816284,0.919967580400488,0.08003241959951202,2.6457512378692627,0.8132447682663706,0.1867552317336294
survset:UnempDur,DSM,9,50,808,3.0,0,1.0,0.9585743880894967,0.04142561191050331,1.7320507764816284,0.8285031478646678,0.17149685213533217,2.6457512378692627,0.543744808001505,0.45625519199849496
survset:UnempDur,DSM,9,50,1287,1.0,1,1.0,0.8082422653068745,0.19175773469312551,1.7320507764816284,0.49238128762962796,0.507618712370372,2.6457512378692627,0.17055949646044788,0.8294405035395521
survset:UnempDur,DSM,9,50,3156,1.0,1,1.0,0.8376403701194406,0.1623596298805594,1.7320507764816284,0.5631621045903341,0.4368378954096659,2.6457512378692627,0.24112659183597718,0.7588734081640228
survset:UnempDur,DSM,9,50,1347,1.7320507764816284,1,1.0,0.8469870379709189,0.1530129620290811,1.7320507764816284,0.6111310441351167,0.38886895586488335,2.6457512378692627,0.3213719676800878,0.6786280323199122
survset:UnempDur,DSM,9,50,1036,4.0,1,1.0,0.8491476077563413,0.15085239224365865,1.7320507764816284,0.5996666092421886,0.4003333907578114,2.6457512378692627,0.2921094730246576,0.7078905269753424
survset:UnempDur,DSM,9,50,437,2.2360680103302,1,1.0,0.9610816591776905,0.038918340822309494,1.7320507764816284,0.8553306409441086,0.1446693590558914,2.6457512378692627,0.6377148739347137,0.3622851260652863
survset:UnempDur,DSM,9,50,1201,1.4142135381698608,1,1.0,0.8405072238911101,0.1594927761088899,1.7320507764816284,0.6007056714411094,0.3992943285588906,2.6457512378692627,0.3102582661087257,0.6897417338912744
survset:UnempDur,DSM,9,50,666,4.4721360206604,0,1.0,0.9667598186912189,0.03324018130878115,1.7320507764816284,0.883008465568033,0.11699153443196697,2.6457512378692627,0.7118672116416029,0.28813278835839706
survset:UnempDur,DSM,9,50,2088,1.0,1,1.0,0.7429158447332097,0.2570841552667903,1.7320507764816284,0.42221361599583446,0.5777863840041655,2.6457512378692627,0.14332585239083767,0.8566741476091624
survset:UnempDur,DSM,9,50,2006,2.2360680103302,0,1.0,0.8564614215035238,0.14353857849647622,1.7320507764816284,0.617852320760352,0.382147679239648,2.6457512378692627,0.3148222083041465,0.6851777916958535
survset:UnempDur,DSM,9,50,314,3.605551242828369,0,1.0,0.8241031297987305,0.17589687020126954,1.7320507764816284,0.5441983052592159,0.45580169474078414,2.6457512378692627,0.22974309106780685,0.7702569089321931
survset:UnempDur,DSM,9,50,2030,1.4142135381698608,1,1.0,0.849456986439217,0.15054301356078303,1.7320507764816284,0.5822383386219173,0.4177616613780827,2.6457512378692627,0.25548026131401613,0.7445197386859839
survset:UnempDur,DSM,9,50,2316,2.2360680103302,1,1.0,0.9551977122042009,0.04480228779579909,1.7320507764816284,0.8240763642339394,0.17592363576606063,2.6457512378692627,0.5549432521835923,0.4450567478164077
survset:UnempDur,DSM,9,50,2643,2.6457512378692627,0,1.0,0.9788869139382013,0.021113086061798736,1.7320507764816284,0.8957725928496231,0.10422740715037693,2.6457512378692627,0.66624073432879,0.33375926567120995
survset:UnempDur,DSM,9,50,2633,1.0,1,1.0,0.8562403771196564,0.1437596228803436,1.7320507764816284,0.6106243432878069,0.3893756567121931,2.6457512378692627,0.30272658091831356,0.6972734190816865
survset:UnempDur,DSM,9,50,2126,2.2360680103302,1,1.0,0.9805422633233505,0.019457736676649517,1.7320507764816284,0.9222951507871138,0.07770484921288623,2.6457512378692627,0.7854506681030184,0.21454933189698155
survset:UnempDur,DSM,9,50,2502,3.872983455657959,1,1.0,0.8571228798742057,0.14287712012579434,1.7320507764816284,0.6133088793455145,0.3866911206544855,2.6457512378692627,0.3049438263122951,0.6950561736877049
survset:UnempDur,DSM,9,50,3146,2.2360680103302,0,1.0,0.8439923141956632,0.15600768580433677,1.7320507764816284,0.6173339403496233,0.3826660596503767,2.6457512378692627,0.33684027905375596,0.6631597209462441
survset:UnempDur,DSM,9,50,1539,1.4142135381698608,1,1.0,0.9694221990545655,0.030577800945434497,1.7320507764816284,0.8814103903393072,0.11858960966069276,2.6457512378692627,0.6890750204327146,0.3109249795672854
survset:UnempDur,DSM,9,50,2214,2.2360680103302,0,1.0,0.9640914763215132,0.03590852367848685,1.7320507764816284,0.8413619711163693,0.15863802888363066,2.6457512378692627,0.5632448979835452,0.43675510201645484
survset:UnempDur,DSM,9,50,883,4.795831680297852,0,1.0,0.9667355005750187,0.03326449942498133,1.7320507764816284,0.8760989124328248,0.12390108756717522,2.6457512378692627,0.684116752825856,0.31588324717414396
survset:UnempDur,DSM,9,50,1989,2.6457512378692627,1,1.0,0.9759853774570711,0.024014622542928854,1.7320507764816284,0.9023484138653897,0.09765158613461034,2.6457512378692627,0.7326760490355263,0.2673239509644737
survset:UnempDur,DSM,9,50,876,3.605551242828369,1,1.0,0.9655736337112925,0.034426366288707544,1.7320507764816284,0.8711356276356611,0.1288643723643389,2.6457512378692627,0.6724513407343803,0.3275486592656197
survset:UnempDur,DSM,9,50,257,2.2360680103302,1,1.0,0.9641485289474375,0.03585147105256248,1.7320507764816284,0.8601403535851486,0.13985964641485138,2.6457512378692627,0.6384145850722128,0.3615854149277872
survset:UnempDur,DSM,9,50,217,1.4142135381698608,1,1.0,0.7873742401095623,0.21262575989043775,1.7320507764816284,0.5796039444150821,0.4203960555849179,2.6457512378692627,0.3578941116127633,0.6421058883872367
survset:UnempDur,DSM,9,50,204,1.0,1,1.0,0.8507469662661111,0.14925303373388887,1.7320507764816284,0.590947778200927,0.40905222179907297,2.6457512378692627,0.2701844775041495,0.7298155224958505
survset:UnempDur,DSM,9,50,327,1.4142135381698608,1,1.0,0.8245518934567755,0.1754481065432245,1.7320507764816284,0.5198404186716525,0.48015958132834746,2.6457512378692627,0.1867589189650697,0.8132410810349303
survset:UnempDur,DSM,9,50,490,2.4494898319244385,1,1.0,0.8151646427541845,0.18483535724581546,1.7320507764816284,0.5694111586882231,0.4305888413117769,2.6457512378692627,0.2923995153309193,0.7076004846690807
survset:UnempDur,DSM,9,50,799,4.358899116516113,0,1.0,0.8542438352927496,0.1457561647072504,1.7320507764816284,0.6150721874969793,0.38492781250302066,2.6457512378692627,0.31396846007667917,0.6860315399233208
survset:UnempDur,DSM,9,50,2905,1.0,1,1.0,0.8480107306385195,0.1519892693614805,1.7320507764816284,0.6040629298192534,0.39593707018074664,2.6457512378692627,0.3018025417475327,0.6981974582524673
survset:UnempDur,DSM,9,50,2909,2.8284270763397217,1,1.0,0.9677978501601722,0.03220214983982783,1.7320507764816284,0.8904022717524799,0.10959772824752012,2.6457512378692627,0.7342401753159379,0.2657598246840621
survset:UnempDur,DSM,9,50,1509,1.0,1,1.0,0.7610120535819636,0.23898794641803645,1.7320507764816284,0.5173973292270859,0.4826026707729141,2.6457512378692627,0.27515515040127264,0.7248448495987274
survset:UnempDur,DSM,9,50,3125,1.4142135381698608,1,1.0,0.8498209514064928,0.15017904859350717,1.7320507764816284,0.5723253398901148,0.4276746601098852,2.6457512378692627,0.23819663885943362,0.7618033611405663
survset:UnempDur,DSM,9,50,1791,1.7320507764816284,0,1.0,0.9789461558776741,0.021053844122325915,1.7320507764816284,0.9136190952322492,0.08638090476775084,2.6457512378692627,0.7595290703237325,0.2404709296762675
survset:UnempDur,DSM,9,50,2898,2.2360680103302,1,1.0,0.8323641271048292,0.1676358728951708,1.7320507764816284,0.5531735410541733,0.44682645894582673,2.6457512378692627,0.23341877402933742,0.7665812259706626
survset:UnempDur,DSM,9,50,506,2.2360680103302,1,1.0,0.9667139697164083,0.03328603028359167,1.7320507764816284,0.8761268376694428,0.12387316233055723,2.6457512378692627,0.6847375672550249,0.3152624327449751
survset:UnempDur,DSM,9,50,2148,2.2360680103302,1,1.0,0.9668206238619919,0.03317937613800814,1.7320507764816284,0.8832126234500898,0.11678737654991023,2.6457512378692627,0.7098120165984234,0.2901879834015766
survset:UnempDur,DSM,9,50,1987,1.7320507764816284,0,1.0,0.8549997447474263,0.14500025525257365,1.7320507764816284,0.6037083548791022,0.39629164512089776,2.6457512378692627,0.2881912772490707,0.7118087227509293
survset:UnempDur,DSM,9,50,3073,2.6457512378692627,1,1.0,0.8312080487035944,0.16879195129640556,1.7320507764816284,0.5500125598109394,0.44998744018906056,2.6457512378692627,0.22881051910861436,0.7711894808913856
survset:UnempDur,DSM,9,50,1361,2.6457512378692627,1,1.0,0.9707511080231664,0.029248891976833558,1.7320507764816284,0.89276871745543,0.10723128254457004,2.6457512378692627,0.7227939951521687,0.2772060048478313
survset:UnempDur,DSM,9,50,376,2.2360680103302,0,1.0,0.9501050745030902,0.04989492549690977,1.7320507764816284,0.8711212393584824,0.1288787606415176,2.6457512378692627,0.7293438601379199,0.27065613986208015
survset:UnempDur,DSM,9,50,2919,1.7320507764816284,1,1.0,0.7856734830938497,0.21432651690615034,1.7320507764816284,0.46097262114499654,0.5390273788550035,2.6457512378692627,0.1518877967621181,0.8481122032378818
survset:UnempDur,DSM,9,50,1584,1.4142135381698608,1,1.0,0.8523727666600499,0.1476272333399501,1.7320507764816284,0.6010900143293113,0.3989099856706887,2.6457512378692627,0.28948201302440074,0.7105179869755993
survset:UnempDur,DSM,9,50,1606,1.7320507764816284,0,1.0,0.9609889352952826,0.03901106470471738,1.7320507764816284,0.8523861662832427,0.1476138337167573,2.6457512378692627,0.6268989388936084,0.37310106110639163
survset:UnempDur,DSM,9,50,1248,5.196152210235596,1,1.0,0.9500518192821795,0.04994818071782048,1.7320507764816284,0.8466594429907881,0.1533405570092119,2.6457512378692627,0.642097093458901,0.357902906541099
survset:UnempDur,DSM,9,50,61,1.4142135381698608,1,1.0,0.8472996768762141,0.1527003231237859,1.7320507764816284,0.6040169634676873,0.3959830365323127,2.6457512378692627,0.30308127762938003,0.6969187223706199
survset:UnempDur,DSM,9,50,2013,2.2360680103302,0,1.0,0.7849644735545326,0.21503552644546742,1.7320507764816284,0.5816799955762393,0.4183200044237607,2.6457512378692627,0.36540117189868154,0.6345988281013184
survset:UnempDur,DSM,9,50,481,3.7416574954986572,0,1.0,0.9726919135337071,0.027308086466292902,1.7320507764816284,0.8973543546371787,0.10264564536282128,2.6457512378692627,0.7335544448921762,0.26644555510782375
survset:UnempDur,DSM,9,50,374,3.1622776985168457,0,1.0,0.9708055949605803,0.029194405039419724,1.7320507764816284,0.8899482010600542,0.11005179893994577,2.6457512378692627,0.715842853817324,0.28415714618267596
survset:UnempDur,DSM,9,50,1921,1.7320507764816284,0,1.0,0.8027737054423256,0.19722629455767438,1.7320507764816284,0.5068166670831692,0.4931833329168308,2.6457512378692627,0.19698410758738433,0.8030158924126156
survset:UnempDur,DSM,9,50,646,2.0,1,1.0,0.8387133680986442,0.16128663190135584,1.7320507764816284,0.5774526301604386,0.4225473698395614,2.6457512378692627,0.26799021590830735,0.7320097840916926
survset:UnempDur,DSM,9,50,582,1.4142135381698608,1,1.0,0.9758988922741914,0.024101107725808646,1.7320507764816284,0.9085588845630871,0.09144111543691291,2.6457512378692627,0.7591969419706484,0.24080305802935165
survset:UnempDur,DSM,9,50,1742,3.0,0,1.0,0.8362111608333231,0.16378883916667686,1.7320507764816284,0.5924581833146104,0.4075418166853896,2.6457512378692627,0.3020114943031922,0.6979885056968078
survset:UnempDur,DSM,9,50,367,4.0,1,1.0,0.9562389065656162,0.043761093434383835,1.7320507764816284,0.8369574205572703,0.1630425794427297,2.6457512378692627,0.5961463687099192,0.4038536312900808
survset:UnempDur,DSM,9,50,145,5.099019527435303,0,1.0,0.9655392264260951,0.03446077357390487,1.7320507764816284,0.86766439442753,0.13233560557247004,2.6457512378692627,0.6567063794620144,0.3432936205379856
survset:UnempDur,DSM,9,50,3121,1.7320507764816284,1,1.0,0.8355502914877759,0.16444970851222407,1.7320507764816284,0.6221999785632363,0.3778000214367637,2.6457512378692627,0.3679326281402335,0.6320673718597665
survset:UnempDur,DSM,9,50,2034,1.0,1,1.0,0.8422121100581038,0.1577878899418962,1.7320507764816284,0.5894148279131436,0.4105851720868564,2.6457512378692627,0.28286654989033844,0.7171334501096616
survset:UnempDur,DSM,9,50,3075,2.0,0,1.0,0.81875194058509,0.18124805941490996,1.7320507764816284,0.5317741230690775,0.46822587693092255,2.6457512378692627,0.21611019078723898,0.7838898092127611
survset:UnempDur,DSM,9,50,1128,5.099019527435303,0,1.0,0.843677984139883,0.15632201586011696,1.7320507764816284,0.5757534689426795,0.42424653105732046,2.6457512378692627,0.25496375677249283,0.7450362432275072
survset:UnempDur,DSM,9,50,1502,3.7416574954986572,0,1.0,0.9628349320267632,0.03716506797323682,1.7320507764816284,0.8857744872757789,0.1142255127242211,2.6457512378692627,0.7369077406849938,0.26309225931500624
survset:UnempDur,DSM,9,50,884,3.7416574954986572,1,1.0,0.961335930081311,0.03866406991868898,1.7320507764816284,0.8710957062378409,0.12890429376215906,2.6457512378692627,0.6944308136239883,0.3055691863760117
survset:UnempDur,DSM,9,50,2715,2.2360680103302,1,1.0,0.7938259042681455,0.20617409573185452,1.7320507764816284,0.48220382421325664,0.5177961757867433,2.6457512378692627,0.17184062989040344,0.8281593701095966
survset:UnempDur,DSM,9,50,1758,1.4142135381698608,1,1.0,0.8709764994994739,0.12902350050052613,1.7320507764816284,0.6248690678238826,0.37513093217611737,2.6457512378692627,0.2997611152252859,0.7002388847747141
survset:UnempDur,DSM,9,50,1878,1.4142135381698608,0,1.0,0.7508459728393203,0.2491540271606797,1.7320507764816284,0.5392083014294503,0.4607916985705497,2.6457512378692627,0.3257455177294455,0.6742544822705545
survset:UnempDur,DSM,9,50,1802,3.316624879837036,0,1.0,0.9669681181868367,0.0330318818131633,1.7320507764816284,0.8664580961616728,0.1335419038383272,2.6457512378692627,0.6432482196571474,0.3567517803428526
survset:UnempDur,DSM,9,50,1247,1.7320507764816284,0,1.0,0.9657859152154585,0.034214084784541465,1.7320507764816284,0.8755099495197481,0.12449005048025186,2.6457512378692627,0.6883886808198709,0.3116113191801291
survset:UnempDur,DSM,9,50,294,1.0,1,1.0,0.8259901570639426,0.17400984293605737,1.7320507764816284,0.5230542832730208,0.47694571672697916,2.6457512378692627,0.18984737168632546,0.8101526283136745
survset:UnempDur,DSM,9,50,3011,1.4142135381698608,1,1.0,0.8432666139497151,0.15673338605028486,1.7320507764816284,0.6141678944374294,0.38583210556257064,2.6457512378692627,0.33369277579110923,0.6663072242088908
survset:UnempDur,DSM,9,50,1500,1.4142135381698608,0,1.0,0.8513945572076556,0.14860544279234444,1.7320507764816284,0.6004961577921049,0.39950384220789514,2.6457512378692627,0.2888027481414986,0.7111972518585015
survset:UnempDur,DSM,9,50,1016,1.0,1,1.0,0.8465199419077076,0.15348005809229237,1.7320507764816284,0.6006052513238487,0.3993947486761513,2.6457512378692627,0.30101990234426995,0.6989800976557301
survset:UnempDur,DSM,9,50,2390,1.4142135381698608,0,1.0,0.8443046974988748,0.15569530250112518,1.7320507764816284,0.6182832727336194,0.3817167272663806,2.6457512378692627,0.33828305806460024,0.6617169419353998
survset:UnempDur,DSM,9,50,2962,2.0,0,1.0,0.9574782677165562,0.0425217322834438,1.7320507764816284,0.8328804135410468,0.1671195864589532,2.6457512378692627,0.5740439494210772,0.42595605057892283
survset:UnempDur,DSM,9,50,539,5.099019527435303,1,1.0,0.9643677101264971,0.035632289873502865,1.7320507764816284,0.8723277669148541,0.12767223308514586,2.6457512378692627,0.6837350879270758,0.3162649120729242
survset:UnempDur,DSM,9,50,1400,1.0,1,1.0,0.8336082683813729,0.16639173161862708,1.7320507764816284,0.5357340505668661,0.46426594943313393,2.6457512378692627,0.2009776199945367,0.7990223800054633
survset:UnempDur,DSM,9,50,451,2.0,1,1.0,0.9622688114687494,0.03773118853125057,1.7320507764816284,0.8655995734751605,0.13440042652483952,2.6457512378692627,0.6691311128774431,0.3308688871225569
survset:UnempDur,DSM,9,50,1566,1.0,1,1.0,0.861281430072134,0.13871856992786602,1.7320507764816284,0.6067272267335929,0.3932727732664071,2.6457512378692627,0.2836878597746963,0.7163121402253037
survset:UnempDur,DSM,9,50,931,1.0,1,1.0,0.803137410263388,0.19686258973661197,1.7320507764816284,0.5562526491685992,0.4437473508314008,2.6457512378692627,0.28626176630975914,0.7137382336902409
survset:UnempDur,DSM,9,50,1965,4.582575798034668,1,1.0,0.8312998612968997,0.1687001387031003,1.7320507764816284,0.6076717067950608,0.3923282932049392,2.6457512378692627,0.34389665636870104,0.656103343631299
survset:UnempDur,DSM,9,50,1615,4.690415859222412,0,1.0,0.8670984953831474,0.13290150461685257,1.7320507764816284,0.6547139256229203,0.3452860743770797,2.6457512378692627,0.37361371003134797,0.6263862899686521
survset:UnempDur,DSM,9,50,1089,2.0,0,1.0,0.87508121127063,0.12491878872937001,1.7320507764816284,0.6294362250535726,0.37056377494642745,2.6457512378692627,0.2997430791526137,0.7002569208473863
survset:UnempDur,DSM,9,50,2637,3.605551242828369,1,1.0,0.9804433530919691,0.01955664690803094,1.7320507764816284,0.9148283443106976,0.0851716556893024,2.6457512378692627,0.7533870786180085,0.24661292138199153
survset:UnempDur,DSM,9,50,2816,2.6457512378692627,1,1.0,0.9643871450451073,0.03561285495489275,1.7320507764816284,0.8672767420104868,0.13272325798951323,2.6457512378692627,0.6642015969325679,0.33579840306743214
survset:UnempDur,DSM,9,50,2244,4.123105525970459,1,1.0,0.9694590544678141,0.030540945532185892,1.7320507764816284,0.8914798063331214,0.1085201936668786,2.6457512378692627,0.72964439797851,0.27035560202149
survset:UnempDur,DSM,9,50,3166,1.7320507764816284,1,1.0,0.9577523014943531,0.04224769850564691,1.7320507764816284,0.8422819995859049,0.15771800041409512,2.6457512378692627,0.6031810268077165,0.39681897319228354
survset:UnempDur,DSM,9,50,2293,1.0,1,1.0,0.9586114716537721,0.04138852834622786,1.7320507764816284,0.8547968610512746,0.14520313894872539,2.6457512378692627,0.649735496449738,0.35026450355026195
survset:UnempDur,DSM,9,50,1258,1.7320507764816284,0,1.0,0.8205929438452644,0.17940705615473562,1.7320507764816284,0.5507103670874847,0.44928963291251534,2.6457512378692627,0.24922016428185656,0.7507798357181434
survset:UnempDur,DSM,9,50,2196,2.6457512378692627,0,1.0,0.9529393494162206,0.047060650583779395,1.7320507764816284,0.8670139206463473,0.1329860793536527,2.6457512378692627,0.7082758241503595,0.2917241758496405
survset:UnempDur,DSM,9,50,259,4.795831680297852,0,1.0,0.973148120564355,0.026851879435645043,1.7320507764816284,0.8947777916015762,0.10522220839842378,2.6457512378692627,0.7192522945636878,0.2807477054363122
survset:UnempDur,DSM,9,50,509,5.196152210235596,0,1.0,0.8420425920273225,0.15795740797267754,1.7320507764816284,0.5844850244624523,0.4155149755375477,2.6457512378692627,0.27409899066319504,0.725901009336805
survset:UnempDur,DSM,9,50,457,2.0,0,1.0,0.9602669382410607,0.039733061758939314,1.7320507764816284,0.8841101384462825,0.1158898615537175,2.6457512378692627,0.7363646544297415,0.2636353455702585
survset:UnempDur,DSM,9,50,2752,1.4142135381698608,1,1.0,0.8313208733948845,0.16867912660511553,1.7320507764816284,0.5360460756068217,0.4639539243931783,2.6457512378692627,0.20331635540894974,0.7966836445910502
survset:UnempDur,DSM,9,50,2576,1.4142135381698608,1,1.0,0.7869177508618506,0.21308224913814944,1.7320507764816284,0.4533092523087467,0.5466907476912533,2.6457512378692627,0.13903566563696715,0.8609643343630329
survset:UnempDur,DSM,9,50,1724,3.0,1,1.0,0.9639236996584536,0.03607630034154641,1.7320507764816284,0.8477527254470969,0.1522472745529031,2.6457512378692627,0.5850778843264843,0.41492211567351567
survset:UnempDur,DSM,9,50,754,2.2360680103302,1,1.0,0.9705367439182561,0.029463256081743938,1.7320507764816284,0.8976591692509139,0.10234083074908606,2.6457512378692627,0.7462581042533355,0.2537418957466645
survset:UnempDur,DSM,9,50,2547,1.7320507764816284,0,1.0,0.7978833306210338,0.20211666937896622,1.7320507764816284,0.5792241059375355,0.4207758940624645,2.6457512378692627,0.34019414865214603,0.659805851347854
survset:UnempDur,DSM,9,50,2307,2.8284270763397217,0,1.0,0.9480578720596824,0.051942127940317606,1.7320507764816284,0.8275289950098941,0.17247100499010593,2.6457512378692627,0.6041807633934105,0.39581923660658946
survset:UnempDur,DSM,9,50,617,1.0,1,1.0,0.8102063639687928,0.18979363603120725,1.7320507764816284,0.5966601427053715,0.4033398572946285,2.6457512378692627,0.3517875109807801,0.6482124890192199
survset:UnempDur,DSM,9,50,3221,1.0,1,1.0,0.8346054042522135,0.16539459574778648,1.7320507764816284,0.5261587603223535,0.47384123967764646,2.6457512378692627,0.18222567068747691,0.817774329312523
survset:UnempDur,DSM,9,50,2848,1.4142135381698608,0,1.0,0.9666932390215153,0.03330676097848473,1.7320507764816284,0.8737969080468311,0.12620309195316892,2.6457512378692627,0.6757509662047241,0.3242490337952759
