dataset,method,run_id,seed,sample_id,observed_time,event,horizon_t25,pred_survival_t25,pred_risk_t25,horizon_t50,pred_survival_t50,pred_risk_t50,horizon_t75,pred_survival_t75,pred_risk_t75
survset:support2,DeepHit,7,48,2992,3.7416574954986572,1,3.7416574954986572,0.45525839825252246,0.5447416017474775,7.745966911315918,0.021249766863289037,0.978750233136711,16.248077392578125,0.016819312958719114,0.9831806870412809
survset:support2,DeepHit,7,48,4486,27.513633728027344,1,3.7416574954986572,0.9932712780016292,0.0067287219983708235,7.745966911315918,0.9728401222863255,0.027159877713674452,16.248077392578125,0.7095694777769617,0.29043052222303833
survset:support2,DeepHit,7,48,3391,2.0,1,3.7416574954986572,0.3653169791592277,0.6346830208407723,7.745966911315918,0.036485553448356585,0.9635144465516434,16.248077392578125,0.03066773736680954,0.9693322626331905
survset:support2,DeepHit,7,48,518,2.0,1,3.7416574954986572,0.42488761600231234,0.5751123839976877,7.745966911315918,0.04172637868444317,0.9582736213155568,16.248077392578125,0.030976017215067302,0.9690239827849327
survset:support2,DeepHit,7,48,548,2.8284270763397217,1,3.7416574954986572,0.5334199014709764,0.4665800985290236,7.745966911315918,0.02880392886943931,0.9711960711305607,16.248077392578125,0.01529561396125689,0.9847043860387431
survset:support2,DeepHit,7,48,1336,14.0,1,3.7416574954986572,0.9905548103530392,0.009445189646960839,7.745966911315918,0.9760593517778008,0.023940648222199212,16.248077392578125,0.6891419886313089,0.31085801136869107
survset:support2,DeepHit,7,48,8816,16.703292846679688,1,3.7416574954986572,0.9940736256146285,0.005926374385371469,7.745966911315918,0.9846878405254653,0.015312159474534681,16.248077392578125,0.6621964727228242,0.3378035272771758
survset:support2,DeepHit,7,48,6525,38.10511779785156,0,3.7416574954986572,0.9833956471960162,0.016604352803983757,7.745966911315918,0.9768880244359214,0.023111975564078624,16.248077392578125,0.7755644128850674,0.2244355871149326
survset:support2,DeepHit,7,48,7123,28.26658821105957,0,3.7416574954986572,0.9950865852924023,0.004913414707597652,7.745966911315918,0.9913979791392659,0.008602020860734139,16.248077392578125,0.7819176411124502,0.2180823588875498
survset:support2,DeepHit,7,48,6058,43.058101654052734,0,3.7416574954986572,0.9939332076817298,0.006066792318270231,7.745966911315918,0.9888113061033739,0.011188693896626134,16.248077392578125,0.7382082298473148,0.2617917701526852
survset:support2,DeepHit,7,48,6197,8.83176040649414,1,3.7416574954986572,0.9918341937420986,0.00816580625790142,7.745966911315918,0.9843081605886698,0.015691839411330233,16.248077392578125,0.7537563389384866,0.2462436610615134
survset:support2,DeepHit,7,48,2200,38.7685432434082,0,3.7416574954986572,0.9775841758449836,0.022415824155016417,7.745966911315918,0.9625729319551072,0.03742706804489282,16.248077392578125,0.722253035783432,0.27774696421656797
survset:support2,DeepHit,7,48,11,3.605551242828369,1,3.7416574954986572,0.5066512068919978,0.49334879310800217,7.745966911315918,0.013765275158101258,0.9862347248418988,16.248077392578125,0.005923937091071237,0.9940760629089288
survset:support2,DeepHit,7,48,6790,8.88819408416748,1,3.7416574954986572,0.9866924434494623,0.013307556550537725,7.745966911315918,0.958212155069895,0.04178784493010501,16.248077392578125,0.6815724633191771,0.3184275366808229
survset:support2,DeepHit,7,48,1274,3.0,1,3.7416574954986572,0.48638208040467856,0.5136179195953214,7.745966911315918,0.025351749256126262,0.9746482507438737,16.248077392578125,0.019406741678860508,0.9805932583211395
survset:support2,DeepHit,7,48,6699,36.359317779541016,0,3.7416574954986572,0.9961294014119934,0.0038705985880066462,7.745966911315918,0.9921633318649393,0.007836668135060676,16.248077392578125,0.7190907951271591,0.2809092048728409
survset:support2,DeepHit,7,48,2564,11.618949890136719,1,3.7416574954986572,0.9905675783584232,0.00943242164157676,7.745966911315918,0.9785957249021389,0.021404275097861136,16.248077392578125,0.7016330508842341,0.2983669491157659
survset:support2,DeepHit,7,48,4134,11.575837135314941,1,3.7416574954986572,0.9886659184101755,0.011334081589824518,7.745966911315918,0.9765790198479108,0.023420980152089155,16.248077392578125,0.6802316913247153,0.3197683086752847
survset:support2,DeepHit,7,48,2524,27.784887313842773,1,3.7416574954986572,0.9857686108622498,0.014231389137750239,7.745966911315918,0.9729318502297796,0.02706814977022043,16.248077392578125,0.7284089844742896,0.2715910155257104
survset:support2,DeepHit,7,48,196,19.646883010864258,1,3.7416574954986572,0.936759115274717,0.063240884725283,7.745966911315918,0.9026332299110403,0.09736677008895966,16.248077392578125,0.7128908048075011,0.2871091951924989
survset:support2,DeepHit,7,48,2650,30.066593170166016,0,3.7416574954986572,0.9331116378894048,0.06688836211059523,7.745966911315918,0.8686034329013058,0.13139656709869418,16.248077392578125,0.6384580107471598,0.3615419892528402
survset:support2,DeepHit,7,48,8877,2.4494898319244385,1,3.7416574954986572,0.429795551744279,0.5702044482557209,7.745966911315918,0.03653496193152616,0.9634650380684738,16.248077392578125,0.026737572247878674,0.9732624277521214
survset:support2,DeepHit,7,48,1717,3.316624879837036,1,3.7416574954986572,0.4609176207216571,0.5390823792783429,7.745966911315918,0.0371138953033665,0.9628861046966335,16.248077392578125,0.029081880011952513,0.9709181199880474
survset:support2,DeepHit,7,48,1886,36.9052848815918,1,3.7416574954986572,0.9806674503111782,0.01933254968882181,7.745966911315918,0.9618753752086109,0.03812462479138912,16.248077392578125,0.7350522896699174,0.2649477103300826
survset:support2,DeepHit,7,48,6807,32.2180061340332,0,3.7416574954986572,0.964184679968225,0.03581532003177501,7.745966911315918,0.9214013923917183,0.07859860760828175,16.248077392578125,0.6668792376968056,0.33312076230319443
survset:support2,DeepHit,7,48,5940,3.316624879837036,1,3.7416574954986572,0.4674758162356386,0.5325241837643614,7.745966911315918,0.037245014736854674,0.9627549852631453,16.248077392578125,0.02534045651193105,0.9746595434880689
survset:support2,DeepHit,7,48,6516,38.39270782470703,0,3.7416574954986572,0.9884050718299943,0.011594928170005736,7.745966911315918,0.9791177004437042,0.020882299556295836,16.248077392578125,0.7016672789511834,0.2983327210488166
survset:support2,DeepHit,7,48,3265,4.582575798034668,1,3.7416574954986572,0.5843113240261328,0.41568867597386716,7.745966911315918,0.09025421483863855,0.9097457851613615,16.248077392578125,0.0551270218155922,0.9448729781844079
survset:support2,DeepHit,7,48,5856,8.66025447845459,1,3.7416574954986572,0.9796504967527815,0.020349503247218514,7.745966911315918,0.9513654603380414,0.04863453966195863,16.248077392578125,0.6417460241126237,0.3582539758873763
survset:support2,DeepHit,7,48,223,4.123105525970459,1,3.7416574954986572,0.5346449801985889,0.46535501980141114,7.745966911315918,0.035790341596375494,0.9642096584036245,16.248077392578125,0.023517304813883932,0.9764826951861161
survset:support2,DeepHit,7,48,1394,7.0,1,3.7416574954986572,0.48760210434982587,0.5123978956501741,7.745966911315918,0.03496676821516991,0.9650332317848301,16.248077392578125,0.024115407177535374,0.9758845928224646
survset:support2,DeepHit,7,48,262,26.324893951416016,1,3.7416574954986572,0.9910553456626366,0.008944654337363356,7.745966911315918,0.9804854235883641,0.019514576411635898,16.248077392578125,0.7417075196479948,0.25829248035200525
survset:support2,DeepHit,7,48,5290,16.5227108001709,1,3.7416574954986572,0.995361069857595,0.004638930142405018,7.745966911315918,0.985068797669264,0.014931202330735971,16.248077392578125,0.676334100917429,0.32366589908257104
survset:support2,DeepHit,7,48,5987,43.680660247802734,0,3.7416574954986572,0.9801710487648861,0.019828951235113856,7.745966911315918,0.9580715836785201,0.04192841632147992,16.248077392578125,0.7150413316414682,0.2849586683585318
survset:support2,DeepHit,7,48,8869,4.4721360206604,1,3.7416574954986572,0.5117081656877798,0.48829183431222023,7.745966911315918,0.023779254549474535,0.9762207454505255,16.248077392578125,0.014280125842813476,0.9857198741571865
survset:support2,DeepHit,7,48,8378,36.742347717285156,0,3.7416574954986572,0.98467340632049,0.015326593679509948,7.745966911315918,0.9589404966848433,0.04105950331515673,16.248077392578125,0.636795615976764,0.36320438402323596
survset:support2,DeepHit,7,48,125,21.189620971679688,1,3.7416574954986572,0.9899751020142793,0.010024897985720704,7.745966911315918,0.9795032027172309,0.020496797282769097,16.248077392578125,0.7076402896921385,0.29235971030786145
survset:support2,DeepHit,7,48,8249,3.872983455657959,1,3.7416574954986572,0.5650484081077484,0.43495159189225163,7.745966911315918,0.027623093182310092,0.97237690681769,16.248077392578125,0.016070991553921044,0.983929008446079
survset:support2,DeepHit,7,48,4179,37.08099365234375,0,3.7416574954986572,0.9926297085107654,0.007370291489234626,7.745966911315918,0.9878472440052404,0.012152755994759623,16.248077392578125,0.8128553071526609,0.18714469284733914
survset:support2,DeepHit,7,48,5694,13.601470947265625,1,3.7416574954986572,0.9920905882858665,0.007909411714133507,7.745966911315918,0.9742466737791625,0.02575332622083748,16.248077392578125,0.6452341453166749,0.3547658546833251
survset:support2,DeepHit,7,48,3031,5.656854152679443,1,3.7416574954986572,0.5626746435327171,0.4373253564672829,7.745966911315918,0.10055186034715279,0.8994481396528472,16.248077392578125,0.07683823764556512,0.9231617623544349
survset:support2,DeepHit,7,48,33,4.4721360206604,1,3.7416574954986572,0.49559003288072984,0.5044099671192701,7.745966911315918,0.022233946944307782,0.9777660530556922,16.248077392578125,0.01661009690672347,0.9833899030932766
survset:support2,DeepHit,7,48,2921,25.961509704589844,1,3.7416574954986572,0.9859463273443085,0.014053672655691463,7.745966911315918,0.9691623760679113,0.030837623932088665,16.248077392578125,0.748557008783214,0.25144299121678604
survset:support2,DeepHit,7,48,4222,15.620499610900879,1,3.7416574954986572,0.9947045763462219,0.0052954236537781085,7.745966911315918,0.9902011033451172,0.00979889665488276,16.248077392578125,0.7765546633978693,0.22344533660213073
survset:support2,DeepHit,7,48,2814,27.80287742614746,0,3.7416574954986572,0.9925689476203791,0.007431052379620939,7.745966911315918,0.9865254965397374,0.013474503460262577,16.248077392578125,0.7331921251608646,0.2668078748391354
survset:support2,DeepHit,7,48,450,17.69180679321289,1,3.7416574954986572,0.930632578903525,0.06936742109647498,7.745966911315918,0.8936102506197926,0.1063897493802074,16.248077392578125,0.6841082444193453,0.31589175558065474
survset:support2,DeepHit,7,48,3447,10.488088607788086,1,3.7416574954986572,0.9838693846810346,0.016130615318965424,7.745966911315918,0.9637895019697057,0.0362104980302943,16.248077392578125,0.725032635442996,0.274967364557004
survset:support2,DeepHit,7,48,6416,32.95451354980469,1,3.7416574954986572,0.99527609469329,0.0047239053067099634,7.745966911315918,0.9909673140905839,0.009032685909416083,16.248077392578125,0.7235388858880322,0.27646111411196783
survset:support2,DeepHit,7,48,8364,35.04283142089844,1,3.7416574954986572,0.991240755110575,0.008759244889425033,7.745966911315918,0.9802376882263182,0.019762311773681818,16.248077392578125,0.7197741558382007,0.2802258441617993
survset:support2,DeepHit,7,48,5458,5.916079998016357,1,3.7416574954986572,0.5528591319524611,0.44714086804753894,7.745966911315918,0.04514247850397423,0.9548575214960258,16.248077392578125,0.017654921306844727,0.9823450786931552
survset:support2,DeepHit,7,48,5624,21.02379608154297,0,3.7416574954986572,0.9939355816869614,0.006064418313038611,7.745966911315918,0.9892217270712271,0.01077827292877287,16.248077392578125,0.8302717589610504,0.16972824103894957
survset:support2,DeepHit,7,48,2485,19.92485809326172,1,3.7416574954986572,0.9887276313777874,0.011272368622212592,7.745966911315918,0.9727323456348512,0.027267654365148775,16.248077392578125,0.667352181051501,0.33264781894849904
survset:support2,DeepHit,7,48,7793,10.24695110321045,1,3.7416574954986572,0.9907426106731178,0.009257389326882248,7.745966911315918,0.976880116570389,0.02311988342961102,16.248077392578125,0.6821409631758101,0.3178590368241899
survset:support2,DeepHit,7,48,2532,7.071067810058594,1,3.7416574954986572,0.5347862346783552,0.4652137653216448,7.745966911315918,0.03956398270805045,0.9604360172919495,16.248077392578125,0.025086599952709062,0.974913400047291
survset:support2,DeepHit,7,48,4694,29.580398559570312,0,3.7416574954986572,0.9939139247795793,0.006086075220420706,7.745966911315918,0.9865778411413927,0.013422158858607314,16.248077392578125,0.7279472356021736,0.27205276439782644
survset:support2,DeepHit,7,48,1569,2.6457512378692627,1,3.7416574954986572,0.48913675843293075,0.5108632415670693,7.745966911315918,0.04233341090694186,0.9576665890930581,16.248077392578125,0.036408248570142916,0.9635917514298571
survset:support2,DeepHit,7,48,5899,2.0,1,3.7416574954986572,0.445642738856166,0.554357261143834,7.745966911315918,0.06030577863702602,0.939694221362974,16.248077392578125,0.046488694495561166,0.9535113055044389
survset:support2,DeepHit,7,48,4685,24.0,1,3.7416574954986572,0.9920781291496339,0.007921870850366108,7.745966911315918,0.9775125548988415,0.02248744510115852,16.248077392578125,0.656599156020632,0.343400843979368
survset:support2,DeepHit,7,48,6181,41.85689926147461,0,3.7416574954986572,0.9915417947140037,0.008458205285996279,7.745966911315918,0.9856194178631854,0.01438058213681459,16.248077392578125,0.7808685433800462,0.2191314566199538
survset:support2,DeepHit,7,48,1267,26.019224166870117,0,3.7416574954986572,0.9821317895520039,0.017868210447996136,7.745966911315918,0.9639562992381803,0.03604370076181973,16.248077392578125,0.7249563717462965,0.27504362825370354
survset:support2,DeepHit,7,48,6112,42.48529052734375,0,3.7416574954986572,0.9954721336505001,0.004527866349499865,7.745966911315918,0.9928127518764643,0.007187248123535661,16.248077392578125,0.8497095438536383,0.15029045614636172
survset:support2,DeepHit,7,48,8107,20.615528106689453,1,3.7416574954986572,0.9873060952980901,0.012693904701909897,7.745966911315918,0.9693494869794789,0.03065051302052113,16.248077392578125,0.6954714389092925,0.3045285610907075
survset:support2,DeepHit,7,48,614,5.099019527435303,1,3.7416574954986572,0.544707163186288,0.455292836813712,7.745966911315918,0.026194812244112825,0.9738051877558872,16.248077392578125,0.01780856030574769,0.9821914396942523
survset:support2,DeepHit,7,48,6717,13.379088401794434,1,3.7416574954986572,0.9836891104099507,0.016310889590049338,7.745966911315918,0.9543023199780688,0.0456976800219312,16.248077392578125,0.6153749563600188,0.3846250436399812
survset:support2,DeepHit,7,48,298,28.792360305786133,1,3.7416574954986572,0.985815319546621,0.01418468045337895,7.745966911315918,0.9701465162882411,0.029853483711758888,16.248077392578125,0.6792789493436414,0.3207210506563586
survset:support2,DeepHit,7,48,2757,2.8284270763397217,1,3.7416574954986572,0.5449654385914424,0.4550345614085576,7.745966911315918,0.050286365737602354,0.9497136342623976,16.248077392578125,0.027764758286152828,0.9722352417138471
survset:support2,DeepHit,7,48,4174,3.464101552963257,1,3.7416574954986572,0.4670540981948862,0.5329459018051138,7.745966911315918,0.012027297657081139,0.9879727023429189,16.248077392578125,0.007785572892818331,0.9922144271071817
survset:support2,DeepHit,7,48,391,41.364234924316406,0,3.7416574954986572,0.9931040035089792,0.006895996491020795,7.745966911315918,0.9872295339344695,0.01277046606553045,16.248077392578125,0.8186656780376131,0.18133432196238686
survset:support2,DeepHit,7,48,5117,25.70992088317871,0,3.7416574954986572,0.9808161831343757,0.019183816865624315,7.745966911315918,0.9624899873174354,0.0375100126825646,16.248077392578125,0.6158346810372329,0.38416531896276707
survset:support2,DeepHit,7,48,7245,9.165151596069336,1,3.7416574954986572,0.9873291064964373,0.012670893503562652,7.745966911315918,0.9790296062383885,0.020970393761611472,16.248077392578125,0.7212348856394889,0.2787651143605111
survset:support2,DeepHit,7,48,8805,8.9442720413208,1,3.7416574954986572,0.9782631354814659,0.02173686451853407,7.745966911315918,0.9215768153110935,0.07842318468890652,16.248077392578125,0.5640076060243517,0.43599239397564826
survset:support2,DeepHit,7,48,663,7.549834251403809,1,3.7416574954986572,0.5622403793882776,0.43775962061172236,7.745966911315918,0.041255782759732886,0.9587442172402671,16.248077392578125,0.025334439936281355,0.9746655600637186
survset:support2,DeepHit,7,48,1454,22.113344192504883,0,3.7416574954986572,0.9711781579887615,0.028821842011238497,7.745966911315918,0.9453654576232143,0.054634542376785666,16.248077392578125,0.7046735831116164,0.29532641688838357
survset:support2,DeepHit,7,48,1159,28.0,0,3.7416574954986572,0.9930584516641519,0.006941548335848147,7.745966911315918,0.988617042084454,0.011382957915546,16.248077392578125,0.8109031775368192,0.18909682246318082
survset:support2,DeepHit,7,48,1110,28.635643005371094,0,3.7416574954986572,0.9831763264147363,0.01682367358526371,7.745966911315918,0.9551726599266548,0.04482734007334521,16.248077392578125,0.6843501306382936,0.31564986936170636
survset:support2,DeepHit,7,48,8658,29.46183967590332,0,3.7416574954986572,0.9930921227042456,0.006907877295754372,7.745966911315918,0.9871776746623204,0.012822325337679574,16.248077392578125,0.7078607366616305,0.2921392633383695
survset:support2,DeepHit,7,48,2295,37.656341552734375,0,3.7416574954986572,0.9914822660693088,0.008517733930691218,7.745966911315918,0.9849447987904678,0.015055201209532187,16.248077392578125,0.7934099095989396,0.20659009040106036
survset:support2,DeepHit,7,48,5403,13.892443656921387,1,3.7416574954986572,0.9637404034425348,0.036259596557465246,7.745966911315918,0.9356948903103853,0.06430510968961467,16.248077392578125,0.6522630931092086,0.3477369068907914
survset:support2,DeepHit,7,48,3678,2.0,1,3.7416574954986572,0.46455929908539995,0.5354407009146,7.745966911315918,0.07529090505133916,0.9247090949486608,16.248077392578125,0.05795000482925268,0.9420499951707473
survset:support2,DeepHit,7,48,555,18.16590118408203,1,3.7416574954986572,0.9878545052977812,0.012145494702218818,7.745966911315918,0.9507124689802412,0.0492875310197588,16.248077392578125,0.6183424090929587,0.3816575909070413
survset:support2,DeepHit,7,48,793,5.291502475738525,1,3.7416574954986572,0.49118518383988147,0.5088148161601185,7.745966911315918,0.03255674952403313,0.9674432504759669,16.248077392578125,0.02291486695145801,0.9770851330485419
survset:support2,DeepHit,7,48,5455,2.0,1,3.7416574954986572,0.15201060518996942,0.8479893948100306,7.745966911315918,0.037305539825793856,0.9626944601742061,16.248077392578125,0.03317553671592693,0.9668244632840731
survset:support2,DeepHit,7,48,5224,8.246211051940918,1,3.7416574954986572,0.9857906793740601,0.014209320625939936,7.745966911315918,0.9666057719068203,0.03339422809317971,16.248077392578125,0.669570535163519,0.33042946483648095
survset:support2,DeepHit,7,48,341,3.1622776985168457,1,3.7416574954986572,0.521644316264944,0.478355683735056,7.745966911315918,0.039017780694355575,0.9609822193056444,16.248077392578125,0.02605260531025138,0.9739473946897487
survset:support2,DeepHit,7,48,279,2.0,1,3.7416574954986572,0.4124462097912243,0.5875537902087757,7.745966911315918,0.049077031403349354,0.9509229685966506,16.248077392578125,0.03982982719268743,0.9601701728073125
survset:support2,DeepHit,7,48,1406,3.1622776985168457,1,3.7416574954986572,0.45144644559672165,0.5485535544032784,7.745966911315918,0.0395877293539118,0.9604122706460883,16.248077392578125,0.030268517189866836,0.9697314828101332
survset:support2,DeepHit,7,48,8637,29.84962272644043,0,3.7416574954986572,0.9917082765629487,0.008291723437051313,7.745966911315918,0.9813491242852818,0.01865087571471824,16.248077392578125,0.7256583312732461,0.2743416687267539
survset:support2,DeepHit,7,48,1121,10.14889144897461,1,3.7416574954986572,0.9924905318754388,0.007509468124561214,7.745966911315918,0.9870092979938112,0.012990702006188792,16.248077392578125,0.7101114863757868,0.2898885136242132
survset:support2,DeepHit,7,48,8916,8.9442720413208,1,3.7416574954986572,0.9693952485548275,0.030604751445172496,7.745966911315918,0.9327273281083014,0.06727267189169861,16.248077392578125,0.6947121713855259,0.3052878286144741
survset:support2,DeepHit,7,48,2004,24.83948516845703,1,3.7416574954986572,0.9931269632565176,0.006873036743482386,7.745966911315918,0.9887757471399689,0.011224252860031148,16.248077392578125,0.7690607023296377,0.23093929767036225
survset:support2,DeepHit,7,48,8912,23.895606994628906,0,3.7416574954986572,0.9901828246105442,0.009817175389455812,7.745966911315918,0.980954024463108,0.019045975536892024,16.248077392578125,0.7640818771901154,0.23591812280988456
survset:support2,DeepHit,7,48,734,5.291502475738525,1,3.7416574954986572,0.5141470042916769,0.4858529957083231,7.745966911315918,0.05169004134303246,0.9483099586569675,16.248077392578125,0.03384901053455858,0.9661509894654414
survset:support2,DeepHit,7,48,2402,4.795831680297852,1,3.7416574954986572,0.5559810465146807,0.4440189534853193,7.745966911315918,0.018864268428442795,0.9811357315715572,16.248077392578125,0.008713500400506466,0.9912864995994936
survset:support2,DeepHit,7,48,5952,4.795831680297852,1,3.7416574954986572,0.5502325600919392,0.4497674399080608,7.745966911315918,0.016430761848789274,0.9835692381512108,16.248077392578125,0.012266438726055574,0.9877335612739444
survset:support2,DeepHit,7,48,4979,26.925823211669922,0,3.7416574954986572,0.987395453560624,0.01260454643937603,7.745966911315918,0.9772613631469668,0.022738636853033234,16.248077392578125,0.7619163822805497,0.2380836177194503
survset:support2,DeepHit,7,48,2875,6.244997978210449,1,3.7416574954986572,0.5388914498402261,0.4611085501597739,7.745966911315918,0.013322253677437775,0.9866777463225622,16.248077392578125,0.009329318635169555,0.9906706813648305
survset:support2,DeepHit,7,48,5958,43.88621520996094,0,3.7416574954986572,0.9879308582160463,0.012069141783953685,7.745966911315918,0.9796280605071737,0.02037193949282634,16.248077392578125,0.7369699878744922,0.2630300121255078
survset:support2,DeepHit,7,48,7458,23.853721618652344,0,3.7416574954986572,0.9894516679098757,0.01054833209012429,7.745966911315918,0.9817575014641039,0.0182424985358961,16.248077392578125,0.757779027829271,0.24222097217072902
survset:support2,DeepHit,7,48,7442,3.316624879837036,1,3.7416574954986572,0.5348279883101279,0.4651720116898721,7.745966911315918,0.018707421641607738,0.9812925783583922,16.248077392578125,0.01349987606647148,0.9865001239335285
survset:support2,DeepHit,7,48,6551,25.942243576049805,1,3.7416574954986572,0.992672851484802,0.007327148515198001,7.745966911315918,0.9833585844265615,0.016641415573438456,16.248077392578125,0.6945031056031337,0.30549689439686634
survset:support2,DeepHit,7,48,3924,9.949873924255371,1,3.7416574954986572,0.990775061237006,0.009224938762994017,7.745966911315918,0.9700891848834368,0.02991081511656324,16.248077392578125,0.6524787921090001,0.34752120789099994
survset:support2,DeepHit,7,48,6916,2.0,1,3.7416574954986572,0.44685664573619216,0.5531433542638078,7.745966911315918,0.02865084281719451,0.9713491571828055,16.248077392578125,0.023562863904487297,0.9764371360955127
survset:support2,DeepHit,7,48,2285,27.221315383911133,1,3.7416574954986572,0.9895835573046196,0.010416442695380446,7.745966911315918,0.9759026772009969,0.024097322799003118,16.248077392578125,0.6940454668828053,0.30595453311719467
survset:support2,DeepHit,7,48,529,39.799495697021484,0,3.7416574954986572,0.9864385844313798,0.013561415568620228,7.745966911315918,0.9776343357445973,0.02236566425540265,16.248077392578125,0.7878356172686729,0.2121643827313271
survset:support2,DeepHit,7,48,5846,44.83302307128906,0,3.7416574954986572,0.9938591548953488,0.0061408451046511825,7.745966911315918,0.9881488700788875,0.01185112992111248,16.248077392578125,0.7320958954305462,0.2679041045694538
survset:support2,DeepHit,7,48,7321,2.4494898319244385,1,3.7416574954986572,0.3735864904147446,0.6264135095852554,7.745966911315918,0.038152677029271886,0.9618473229707281,16.248077392578125,0.030693563778535576,0.9693064362214644
survset:support2,DeepHit,7,48,8518,12.806248664855957,1,3.7416574954986572,0.9934205845497635,0.006579415450236548,7.745966911315918,0.9886101440083499,0.0113898559916501,16.248077392578125,0.7713045374412014,0.22869546255879858
survset:support2,DeepHit,7,48,5298,24.24871063232422,0,3.7416574954986572,0.9948909397889151,0.005109060211084926,7.745966911315918,0.9878937990195931,0.012106200980406934,16.248077392578125,0.7034085752531352,0.29659142474686484
survset:support2,DeepHit,7,48,5738,19.773719787597656,0,3.7416574954986572,0.9792890308285233,0.020710969171476745,7.745966911315918,0.964375285754914,0.03562471424508595,16.248077392578125,0.7543209442889881,0.2456790557110119
survset:support2,DeepHit,7,48,820,2.0,1,3.7416574954986572,0.45878148101867905,0.541218518981321,7.745966911315918,0.010840690193948326,0.9891593098060517,16.248077392578125,0.008700831315746215,0.9912991686842538
survset:support2,DeepHit,7,48,3725,7.745966911315918,1,3.7416574954986572,0.9874894771318826,0.01251052286811738,7.745966911315918,0.9511342631168567,0.04886573688314333,16.248077392578125,0.6286765657973317,0.37132343420266833
survset:support2,DeepHit,7,48,4851,2.0,1,3.7416574954986572,0.5279504665852676,0.47204953341473244,7.745966911315918,0.03380382906087641,0.9661961709391236,16.248077392578125,0.020424148842916528,0.9795758511570835
survset:support2,DeepHit,7,48,1145,28.23118782043457,0,3.7416574954986572,0.9810209708292403,0.018979029170759665,7.745966911315918,0.9639658104376512,0.03603418956234883,16.248077392578125,0.7581773249518744,0.2418226750481256
survset:support2,DeepHit,7,48,5329,8.5440034866333,1,3.7416574954986572,0.96858055765334,0.031419442346660054,7.745966911315918,0.9273778549182764,0.0726221450817236,16.248077392578125,0.6262078719874408,0.37379212801255923
survset:support2,DeepHit,7,48,3445,5.291502475738525,1,3.7416574954986572,0.4512145328186185,0.5487854671813814,7.745966911315918,0.05529082343113692,0.9447091765688631,16.248077392578125,0.04606461664968705,0.9539353833503129
survset:support2,DeepHit,7,48,225,5.196152210235596,1,3.7416574954986572,0.556316477973656,0.443683522026344,7.745966911315918,0.03311331140222088,0.9668866885977792,16.248077392578125,0.01679727450353475,0.9832027254964653
survset:support2,DeepHit,7,48,6110,42.50882339477539,0,3.7416574954986572,0.9866261573696432,0.013373842630356791,7.745966911315918,0.9791405067846217,0.020859493215378277,16.248077392578125,0.7801073092574763,0.2198926907425237
survset:support2,DeepHit,7,48,1658,44.59820556640625,0,3.7416574954986572,0.9912354135528808,0.008764586447119194,7.745966911315918,0.9792703923400838,0.02072960765991616,16.248077392578125,0.6968864889956882,0.30311351100431183
survset:support2,DeepHit,7,48,4688,3.464101552963257,1,3.7416574954986572,0.4876527617727796,0.5123472382272204,7.745966911315918,0.013997843483325598,0.9860021565166744,16.248077392578125,0.009200542197663858,0.9907994578023361
survset:support2,DeepHit,7,48,1693,8.485280990600586,1,3.7416574954986572,0.9905270198728894,0.00947298012711062,7.745966911315918,0.9823163309124232,0.017683669087576792,16.248077392578125,0.6832084062264998,0.3167915937735002
survset:support2,DeepHit,7,48,3469,8.062257766723633,1,3.7416574954986572,0.9897989515065705,0.01020104849342951,7.745966911315918,0.9712841429040361,0.028715857095963915,16.248077392578125,0.6781891158563643,0.3218108841436357
survset:support2,DeepHit,7,48,4885,27.94637680053711,0,3.7416574954986572,0.9854409367732381,0.014559063226761926,7.745966911315918,0.9675819854136086,0.032418014586391375,16.248077392578125,0.725389663807875,0.27461033619212505
survset:support2,DeepHit,7,48,4104,2.8284270763397217,1,3.7416574954986572,0.4723427727367667,0.5276572272632333,7.745966911315918,0.09847131036033716,0.9015286896396628,16.248077392578125,0.0805611861280531,0.9194388138719469
survset:support2,DeepHit,7,48,8087,40.82891082763672,0,3.7416574954986572,0.9874731543284251,0.012526845671574915,7.745966911315918,0.9795244555878347,0.02047554441216526,16.248077392578125,0.740204230489692,0.25979576951030803
survset:support2,DeepHit,7,48,5652,20.760540008544922,0,3.7416574954986572,0.990730228151311,0.009269771848689046,7.745966911315918,0.965576493679351,0.034423506320649055,16.248077392578125,0.6082548765458103,0.39174512345418966
survset:support2,DeepHit,7,48,7452,24.0,0,3.7416574954986572,0.9887169592991631,0.011283040700836855,7.745966911315918,0.9805467759842518,0.019453224015748227,16.248077392578125,0.698887507302905,0.30111249269709495
survset:support2,DeepHit,7,48,4755,8.485280990600586,1,3.7416574954986572,0.9918054362169744,0.008194563783025632,7.745966911315918,0.9826950070298394,0.017304992970160638,16.248077392578125,0.71432023296335,0.28567976703665
survset:support2,DeepHit,7,48,5152,2.0,1,3.7416574954986572,0.36349730814557335,0.6365026918544266,7.745966911315918,0.03474408543242398,0.965255914567576,16.248077392578125,0.029147392125746286,0.9708526078742538
survset:support2,DeepHit,7,48,1043,7.141428470611572,1,3.7416574954986572,0.511294241805172,0.488705758194828,7.745966911315918,0.056864202911034924,0.9431357970889651,16.248077392578125,0.04334393806496387,0.9566560619350362
survset:support2,DeepHit,7,48,6265,17.8885440826416,1,3.7416574954986572,0.9927322172017661,0.007267782798233924,7.745966911315918,0.9810717267551524,0.018928273244847582,16.248077392578125,0.6757492878767242,0.32425071212327583
survset:support2,DeepHit,7,48,4988,26.88865852355957,0,3.7416574954986572,0.9831801499332486,0.016819850066751352,7.745966911315918,0.9674305143737051,0.032569485626294914,16.248077392578125,0.7359329845598072,0.26406701544019284
survset:support2,DeepHit,7,48,5953,4.123105525970459,1,3.7416574954986572,0.4751910226709448,0.5248089773290552,7.745966911315918,0.04853191553526079,0.9514680844647392,16.248077392578125,0.027349694203535422,0.9726503057964646
survset:support2,DeepHit,7,48,1929,2.4494898319244385,1,3.7416574954986572,0.4057581444897666,0.5942418555102333,7.745966911315918,0.020114646983482348,0.9798853530165177,16.248077392578125,0.016068366137819406,0.9839316338621806
survset:support2,DeepHit,7,48,4284,1.7320507764816284,1,3.7416574954986572,0.3359687987645475,0.6640312012354526,7.745966911315918,0.0262079786731385,0.9737920213268615,16.248077392578125,0.02261317471291852,0.9773868252870814
survset:support2,DeepHit,7,48,1835,5.4772257804870605,1,3.7416574954986572,0.5350549431772089,0.4649450568227911,7.745966911315918,0.05990153710441972,0.9400984628955803,16.248077392578125,0.04073285023211196,0.9592671497678881
survset:support2,DeepHit,7,48,1351,24.454038619995117,0,3.7416574954986572,0.9888706467483784,0.011129353251621565,7.745966911315918,0.9708286030909096,0.02917139690909043,16.248077392578125,0.6766349231941164,0.32336507680588356
survset:support2,DeepHit,7,48,7559,10.908712387084961,1,3.7416574954986572,0.9917319949325918,0.008268005067408213,7.745966911315918,0.9785134261847426,0.021486573815257426,16.248077392578125,0.7600194978610106,0.23998050213898936
survset:support2,DeepHit,7,48,4355,7.681145668029785,1,3.7416574954986572,0.5365861856401785,0.46341381435982154,7.745966911315918,0.020701497064338176,0.9792985029356618,16.248077392578125,0.010025626802073447,0.9899743731979266
survset:support2,DeepHit,7,48,5282,8.83176040649414,1,3.7416574954986572,0.9862510779922938,0.013748922007706166,7.745966911315918,0.9651974511502539,0.034802548849746096,16.248077392578125,0.7532360321406746,0.24676396785932542
survset:support2,DeepHit,7,48,1212,10.392304420471191,1,3.7416574954986572,0.9892424905855486,0.010757509414451416,7.745966911315918,0.9734553624884912,0.026544637511508817,16.248077392578125,0.6951006298967272,0.30489937010327284
survset:support2,DeepHit,7,48,6389,6.082762718200684,1,3.7416574954986572,0.5956644348164142,0.4043355651835858,7.745966911315918,0.03129826948800853,0.9687017305119915,16.248077392578125,0.016561822000986208,0.9834381779990138
survset:support2,DeepHit,7,48,8615,9.110433578491211,1,3.7416574954986572,0.9824643034316315,0.01753569656836851,7.745966911315918,0.9691517158582856,0.030848284141714366,16.248077392578125,0.739935479903601,0.260064520096399
survset:support2,DeepHit,7,48,5286,24.289915084838867,0,3.7416574954986572,0.9949925889165855,0.005007411083414515,7.745966911315918,0.9882925653276553,0.011707434672344696,16.248077392578125,0.7378928143369838,0.26210718566301616
survset:support2,DeepHit,7,48,2521,3.605551242828369,1,3.7416574954986572,0.5461120298601624,0.4538879701398376,7.745966911315918,0.028258618835300467,0.9717413811646995,16.248077392578125,0.019302395526282476,0.9806976044737176
survset:support2,DeepHit,7,48,3630,3.1622776985168457,1,3.7416574954986572,0.4014537343380826,0.5985462656619174,7.745966911315918,0.04718618481063808,0.9528138151893619,16.248077392578125,0.0361044814400604,0.9638955185599396
survset:support2,DeepHit,7,48,7140,5.0,1,3.7416574954986572,0.5206677482583162,0.4793322517416838,7.745966911315918,0.01773556048943406,0.982264439510566,16.248077392578125,0.010434945067497217,0.9895650549325028
survset:support2,DeepHit,7,48,786,31.62277603149414,1,3.7416574954986572,0.9871673739917546,0.012832626008245418,7.745966911315918,0.9743116997118215,0.02568830028817848,16.248077392578125,0.7091973139432503,0.29080268605674975
survset:support2,DeepHit,7,48,3774,5.830951690673828,1,3.7416574954986572,0.6149438129994793,0.3850561870005207,7.745966911315918,0.08726772152149664,0.9127322784785034,16.248077392578125,0.06758627652832207,0.932413723471678
survset:support2,DeepHit,7,48,3279,2.0,1,3.7416574954986572,0.39775845143047034,0.6022415485695296,7.745966911315918,0.03194388006960476,0.9680561199303952,16.248077392578125,0.027165324536762046,0.972834675463238
survset:support2,DeepHit,7,48,8926,16.0,1,3.7416574954986572,0.9930996341273602,0.006900365872639758,7.745966911315918,0.989567352012512,0.010432647987487997,16.248077392578125,0.7376420722285834,0.26235792777141664
survset:support2,DeepHit,7,48,8206,10.770329475402832,1,3.7416574954986572,0.9906726921674387,0.009327307832561305,7.745966911315918,0.9814445934249719,0.018555406575028077,16.248077392578125,0.7016517323529645,0.2983482676470355
survset:support2,DeepHit,7,48,4537,30.93541717529297,0,3.7416574954986572,0.9671256107052174,0.03287438929478259,7.745966911315918,0.9431393679155602,0.05686063208443981,16.248077392578125,0.708436837950668,0.29156316204933197
survset:support2,DeepHit,7,48,5369,8.485280990600586,1,3.7416574954986572,0.9934448532298743,0.006555146770125697,7.745966911315918,0.9830307299853166,0.016969270014683402,16.248077392578125,0.7249221599037535,0.2750778400962465
survset:support2,DeepHit,7,48,2275,4.242640495300293,1,3.7416574954986572,0.5302100503098992,0.4697899496901008,7.745966911315918,0.03147990146050767,0.9685200985394923,16.248077392578125,0.018797897041563903,0.9812021029584361
survset:support2,DeepHit,7,48,1481,3.872983455657959,1,3.7416574954986572,0.4217408894961059,0.5782591105038941,7.745966911315918,0.017597938706760897,0.9824020612932391,16.248077392578125,0.012950193950395842,0.9870498060496041
survset:support2,DeepHit,7,48,8886,7.0,1,3.7416574954986572,0.4957649284283556,0.5042350715716444,7.745966911315918,0.0296130316858161,0.9703869683141839,16.248077392578125,0.0173868558251182,0.9826131441748818
survset:support2,DeepHit,7,48,2779,5.5677642822265625,1,3.7416574954986572,0.4745758282909949,0.5254241717090051,7.745966911315918,0.05073747696996663,0.9492625230300333,16.248077392578125,0.03866043969921467,0.9613395603007854
survset:support2,DeepHit,7,48,847,8.602325439453125,1,3.7416574954986572,0.9891236523975969,0.01087634760240308,7.745966911315918,0.9726571323891047,0.027342867610895327,16.248077392578125,0.7245762209531509,0.2754237790468491
survset:support2,DeepHit,7,48,3861,7.416198253631592,1,3.7416574954986572,0.5572725066597592,0.44272749334024075,7.745966911315918,0.02314394584829254,0.9768560541517075,16.248077392578125,0.014369930056599875,0.9856300699434001
survset:support2,DeepHit,7,48,3202,13.527749061584473,1,3.7416574954986572,0.9858949244913259,0.014105075508674125,7.745966911315918,0.9575437084931098,0.04245629150689023,16.248077392578125,0.676175944266473,0.323824055733527
survset:support2,DeepHit,7,48,7480,23.55843734741211,0,3.7416574954986572,0.995362282459583,0.004637717540416975,7.745966911315918,0.9919961670079731,0.008003832992026894,16.248077392578125,0.7685413064245031,0.23145869357549687
survset:support2,DeepHit,7,48,6965,30.463092803955078,0,3.7416574954986572,0.9878932529612046,0.01210674703879544,7.745966911315918,0.9734598135832903,0.026540186416709743,16.248077392578125,0.6939442870977853,0.30605571290221467
survset:support2,DeepHit,7,48,7080,6.4031243324279785,1,3.7416574954986572,0.5222116573118776,0.4777883426881224,7.745966911315918,0.022505250694487625,0.9774947493055124,16.248077392578125,0.012185879561511532,0.9878141204384885
survset:support2,DeepHit,7,48,625,38.54867172241211,0,3.7416574954986572,0.9942974499076218,0.005702550092378189,7.745966911315918,0.9887325321909409,0.011267467809059073,16.248077392578125,0.7527702654135762,0.24722973458642383
survset:support2,DeepHit,7,48,8783,12.409673690795898,1,3.7416574954986572,0.9852999834067957,0.014700016593204301,7.745966911315918,0.9744610446997597,0.025538955300240307,16.248077392578125,0.6672256450461564,0.33277435495384355
survset:support2,DeepHit,7,48,2263,5.5677642822265625,1,3.7416574954986572,0.5704040680357044,0.4295959319642956,7.745966911315918,0.0460139961509892,0.9539860038490108,16.248077392578125,0.027797732666131524,0.9722022673338685
survset:support2,DeepHit,7,48,1739,17.435596466064453,1,3.7416574954986572,0.9887226773089637,0.011277322691036318,7.745966911315918,0.9795915051427052,0.02040849485729479,16.248077392578125,0.7441136097411573,0.25588639025884274
survset:support2,DeepHit,7,48,8928,23.53720474243164,0,3.7416574954986572,0.9630412826990012,0.036958717300998756,7.745966911315918,0.9357094058754181,0.06429059412458193,16.248077392578125,0.6989270645172343,0.3010729354827657
survset:support2,DeepHit,7,48,6879,15.29705810546875,1,3.7416574954986572,0.9924998183315487,0.0075001816684513445,7.745966911315918,0.978413555186119,0.021586444813880945,16.248077392578125,0.7131903031414197,0.28680969685858027
survset:support2,DeepHit,7,48,188,34.871192932128906,1,3.7416574954986572,0.9919596070988724,0.008040392901127569,7.745966911315918,0.9828705894197963,0.017129410580203674,16.248077392578125,0.718992434515287,0.28100756548471295
survset:support2,DeepHit,7,48,1000,5.099019527435303,1,3.7416574954986572,0.4870739943775039,0.512926005622496,7.745966911315918,0.07146162404953088,0.9285383759504691,16.248077392578125,0.04994013392581636,0.9500598660741837
survset:support2,DeepHit,7,48,9043,2.4494898319244385,1,3.7416574954986572,0.3988511220303652,0.6011488779696348,7.745966911315918,0.036603861330393825,0.9633961386696062,16.248077392578125,0.028380057995581725,0.9716199420044183
survset:support2,DeepHit,7,48,2323,11.48912525177002,1,3.7416574954986572,0.9776672394714827,0.022332760528517293,7.745966911315918,0.9495091676150662,0.05049083238493379,16.248077392578125,0.7176273497417531,0.28237265025824687
survset:support2,DeepHit,7,48,2177,4.0,1,3.7416574954986572,0.5839683145366872,0.4160316854633128,7.745966911315918,0.061995477050090134,0.9380045229499099,16.248077392578125,0.033177087447147716,0.9668229125528522
survset:support2,DeepHit,7,48,570,39.38273620605469,0,3.7416574954986572,0.9893836005434057,0.010616399456594316,7.745966911315918,0.984115289202263,0.01588471079773701,16.248077392578125,0.7578097311917744,0.24219026880822558
survset:support2,DeepHit,7,48,6481,32.98484420776367,1,3.7416574954986572,0.9885425930834933,0.011457406916506652,7.745966911315918,0.9790080530531718,0.020991946946828155,16.248077392578125,0.729421909639119,0.270578090360881
survset:support2,DeepHit,7,48,1942,1.7320507764816284,1,3.7416574954986572,0.46964314169554683,0.5303568583044531,7.745966911315918,0.047070516290069295,0.9529294837099307,16.248077392578125,0.034634086254589115,0.9653659137454109
survset:support2,DeepHit,7,48,1724,3.605551242828369,1,3.7416574954986572,0.5658644188438645,0.4341355811561355,7.745966911315918,0.13892079496290916,0.8610792050370908,16.248077392578125,0.09691277233475709,0.9030872276652429
survset:support2,DeepHit,7,48,1575,18.84144401550293,0,3.7416574954986572,0.9944023446611229,0.005597655338877128,7.745966911315918,0.9903707396787553,0.00962926032124467,16.248077392578125,0.7374849770498259,0.26251502295017415
survset:support2,DeepHit,7,48,7659,15.937376976013184,1,3.7416574954986572,0.9931705773222685,0.006829422677731456,7.745966911315918,0.9874503820154922,0.012549617984507822,16.248077392578125,0.7303311505089075,0.2696688494910925
survset:support2,DeepHit,7,48,6396,39.73663330078125,0,3.7416574954986572,0.9856416173624325,0.014358382637567502,7.745966911315918,0.9716842390811191,0.028315760918880883,16.248077392578125,0.7518799525500139,0.24812004744998606
survset:support2,DeepHit,7,48,3958,3.464101552963257,1,3.7416574954986572,0.5053452854846862,0.49465471451531384,7.745966911315918,0.02677843840067455,0.9732215615993255,16.248077392578125,0.01858880133086463,0.9814111986691354
survset:support2,DeepHit,7,48,3464,3.316624879837036,1,3.7416574954986572,0.48347437732891496,0.516525622671085,7.745966911315918,0.016928282015100153,0.9830717179848999,16.248077392578125,0.012411554784375502,0.9875884452156245
survset:support2,DeepHit,7,48,10,10.677078247070312,1,3.7416574954986572,0.9930885210578422,0.006911478942157823,7.745966911315918,0.9877410348950602,0.012258965104939845,16.248077392578125,0.7380881496998327,0.2619118503001673
survset:support2,DeepHit,7,48,5026,26.551836013793945,0,3.7416574954986572,0.9762913602098552,0.023708639790144814,7.745966911315918,0.9576159635704506,0.042384036429549354,16.248077392578125,0.7702677867297908,0.2297322132702092
survset:support2,DeepHit,7,48,3373,8.9442720413208,1,3.7416574954986572,0.9878544171302175,0.012145582869782512,7.745966911315918,0.96847428757193,0.03152571242807001,16.248077392578125,0.6808990954747859,0.3191009045252141
survset:support2,DeepHit,7,48,4749,29.10326385498047,0,3.7416574954986572,0.9643163566672458,0.0356836433327542,7.745966911315918,0.9575238090135204,0.04247619098647959,16.248077392578125,0.7346674005570258,0.26533259944297416
survset:support2,DeepHit,7,48,6911,31.128765106201172,0,3.7416574954986572,0.9834552580250528,0.016544741974947152,7.745966911315918,0.9724850007662644,0.02751499923373557,16.248077392578125,0.7640812121863717,0.2359187878136283
survset:support2,DeepHit,7,48,230,20.542638778686523,1,3.7416574954986572,0.9941866677445453,0.005813332255454662,7.745966911315918,0.9833179884684797,0.01668201153152027,16.248077392578125,0.6631267145952591,0.33687328540474093
survset:support2,DeepHit,7,48,8896,24.289915084838867,0,3.7416574954986572,0.9911110581017591,0.008888941898240854,7.745966911315918,0.9819920349284516,0.01800796507154845,16.248077392578125,0.7375284803310648,0.2624715196689352
survset:support2,DeepHit,7,48,7300,25.865034103393555,0,3.7416574954986572,0.9906941879829794,0.009305812017020632,7.745966911315918,0.9855265188338624,0.014473481166137558,16.248077392578125,0.7804455662710396,0.21955443372896044
survset:support2,DeepHit,7,48,4193,36.810325622558594,0,3.7416574954986572,0.9913706444019519,0.008629355598048116,7.745966911315918,0.9789994701444772,0.02100052985552281,16.248077392578125,0.7362411948492016,0.2637588051507984
survset:support2,DeepHit,7,48,9038,5.291502475738525,1,3.7416574954986572,0.568745247902107,0.431254752097893,7.745966911315918,0.045140024857681836,0.9548599751423181,16.248077392578125,0.0297299711859902,0.9702700288140098
survset:support2,DeepHit,7,48,8436,32.893768310546875,0,3.7416574954986572,0.9942505674781645,0.0057494325218354625,7.745966911315918,0.986989692241097,0.013010307758902995,16.248077392578125,0.7231379761778898,0.2768620238221102
survset:support2,DeepHit,7,48,2029,9.848857879638672,1,3.7416574954986572,0.9869716334312724,0.013028366568727634,7.745966911315918,0.9630014868287874,0.03699851317121261,16.248077392578125,0.6625354618284516,0.3374645381715484
survset:support2,DeepHit,7,48,746,1.7320507764816284,1,3.7416574954986572,0.41926442710088774,0.5807355728991123,7.745966911315918,0.06352397758331772,0.9364760224166823,16.248077392578125,0.0543905015455347,0.9456094984544653
survset:support2,DeepHit,7,48,8583,2.8284270763397217,1,3.7416574954986572,0.48362999605045537,0.5163700039495447,7.745966911315918,0.017001607997985453,0.9829983920020146,16.248077392578125,0.012264531669567232,0.9877354683304328
survset:support2,DeepHit,7,48,3977,39.051246643066406,0,3.7416574954986572,0.9964788804275586,0.003521119572441389,7.745966911315918,0.9945210497416845,0.0054789502583154626,16.248077392578125,0.846616596306585,0.15338340369341497
survset:support2,DeepHit,7,48,2151,12.369317054748535,1,3.7416574954986572,0.9897403890312579,0.010259610968742061,7.745966911315918,0.981650747535272,0.01834925246472796,16.248077392578125,0.7609372647989675,0.2390627352010325
survset:support2,DeepHit,7,48,8924,23.622024536132812,0,3.7416574954986572,0.9900279760070888,0.009972023992911194,7.745966911315918,0.9832542969051137,0.01674570309488632,16.248077392578125,0.7787061045260464,0.22129389547395362
survset:support2,DeepHit,7,48,7241,26.645824432373047,0,3.7416574954986572,0.9586873561960739,0.041312643803926075,7.745966911315918,0.9190391172550925,0.08096088274490754,16.248077392578125,0.6988711853439342,0.3011288146560658
survset:support2,DeepHit,7,48,3814,40.59556579589844,0,3.7416574954986572,0.9942824672917473,0.005717532708252704,7.745966911315918,0.9887019441773071,0.011298055822692943,16.248077392578125,0.8019654740944135,0.19803452590558646
survset:support2,DeepHit,7,48,2665,9.05538558959961,1,3.7416574954986572,0.9719860021374499,0.0280139978625501,7.745966911315918,0.952912837391299,0.04708716260870105,16.248077392578125,0.7235269462387577,0.2764730537612423
survset:support2,DeepHit,7,48,1173,27.784887313842773,0,3.7416574954986572,0.9904708993531435,0.009529100646856525,7.745966911315918,0.9694309928241418,0.0305690071758582,16.248077392578125,0.6520752442079016,0.34792475579209836
survset:support2,DeepHit,7,48,4855,28.195743560791016,0,3.7416574954986572,0.9956491836130862,0.004350816386913814,7.745966911315918,0.9926045838373597,0.007395416162640278,16.248077392578125,0.8546647938212452,0.14533520617875484
survset:support2,DeepHit,7,48,7036,1.7320507764816284,1,3.7416574954986572,0.44076456993832197,0.559235430061678,7.745966911315918,0.026026287434188562,0.9739737125658114,16.248077392578125,0.019730567494124208,0.9802694325058758
survset:support2,DeepHit,7,48,1095,29.017236709594727,0,3.7416574954986572,0.9941227378223441,0.00587726217765594,7.745966911315918,0.9923247246743574,0.007675275325642605,16.248077392578125,0.791180556830109,0.20881944316989098
survset:support2,DeepHit,7,48,8496,32.15586853027344,0,3.7416574954986572,0.9910747460259514,0.008925253974048641,7.745966911315918,0.9804897599197309,0.019510240080269137,16.248077392578125,0.7349867971262344,0.2650132028737656
survset:support2,DeepHit,7,48,2248,3.316624879837036,1,3.7416574954986572,0.4675812235368584,0.5324187764631416,7.745966911315918,0.0367573776268968,0.9632426223731032,16.248077392578125,0.0228431168106407,0.9771568831893593
survset:support2,DeepHit,7,48,2903,5.385164737701416,1,3.7416574954986572,0.4573507557125214,0.5426492442874786,7.745966911315918,0.05888094862601014,0.9411190513739899,16.248077392578125,0.048177558462581795,0.9518224415374182
survset:support2,DeepHit,7,48,105,7.280109882354736,1,3.7416574954986572,0.5761379803273227,0.42386201967267734,7.745966911315918,0.04284492525863578,0.9571550747413642,16.248077392578125,0.025377070329594763,0.9746229296704052
survset:support2,DeepHit,7,48,1489,8.602325439453125,1,3.7416574954986572,0.9925889769781714,0.007411023021828611,7.745966911315918,0.9853188056786355,0.014681194321364499,16.248077392578125,0.6911689998079027,0.3088310001920973
survset:support2,DeepHit,7,48,2739,28.930952072143555,0,3.7416574954986572,0.9915950869914667,0.008404913008533299,7.745966911315918,0.9856160904998557,0.014383909500144343,16.248077392578125,0.7473671243947451,0.25263287560525494
survset:support2,DeepHit,7,48,4202,6.557438373565674,1,3.7416574954986572,0.5075199230895877,0.4924800769104123,7.745966911315918,0.05615204287273172,0.9438479571272683,16.248077392578125,0.03878991548475313,0.9612100845152469
survset:support2,DeepHit,7,48,4469,31.480152130126953,0,3.7416574954986572,0.9907653679167155,0.009234632083284455,7.745966911315918,0.9821677743980468,0.01783222560195319,16.248077392578125,0.7652367699842535,0.2347632300157465
survset:support2,DeepHit,7,48,8709,11.224971771240234,1,3.7416574954986572,0.9903409296867802,0.009659070313219775,7.745966911315918,0.9791764120156785,0.02082358798432149,16.248077392578125,0.7424500751922201,0.25754992480777994
survset:support2,DeepHit,7,48,5013,26.645824432373047,0,3.7416574954986572,0.9861505097183751,0.013849490281624854,7.745966911315918,0.9749002760996329,0.025099723900367077,16.248077392578125,0.7395072792799838,0.26049272072001617
survset:support2,DeepHit,7,48,5030,26.51414680480957,0,3.7416574954986572,0.9878323054438964,0.012167694556103559,7.745966911315918,0.9796075351573044,0.020392464842695635,16.248077392578125,0.6916313898630344,0.3083686101369656
survset:support2,DeepHit,7,48,8319,37.6961555480957,0,3.7416574954986572,0.9909303743744104,0.00906962562558955,7.745966911315918,0.9841376974246996,0.015862302575300413,16.248077392578125,0.7873772247988986,0.2126227752011014
survset:support2,DeepHit,7,48,4503,29.4108829498291,1,3.7416574954986572,0.9859865944276566,0.01401340557234343,7.745966911315918,0.9728105021684689,0.02718949783153113,16.248077392578125,0.7370204384765965,0.2629795615234035
survset:support2,DeepHit,7,48,8310,6.0,1,3.7416574954986572,0.4598960033965314,0.5401039966034686,7.745966911315918,0.04021269592694682,0.9597873040730531,16.248077392578125,0.03213243275671016,0.9678675672432898
survset:support2,DeepHit,7,48,5516,12.884099006652832,1,3.7416574954986572,0.9906729112035635,0.009327088796436511,7.745966911315918,0.9812687848072752,0.018731215192724804,16.248077392578125,0.7263574373138176,0.27364256268618237
survset:support2,DeepHit,7,48,6542,15.033296585083008,1,3.7416574954986572,0.9748269396327278,0.025173060367272182,7.745966911315918,0.9073059802395453,0.09269401976045466,16.248077392578125,0.5708244386124232,0.42917556138757684
survset:support2,DeepHit,7,48,6363,2.8284270763397217,1,3.7416574954986572,0.5141733040740288,0.48582669592597116,7.745966911315918,0.01409554278311707,0.9859044572168829,16.248077392578125,0.008212483133815668,0.9917875168661844
survset:support2,DeepHit,7,48,3278,3.316624879837036,1,3.7416574954986572,0.465038107811592,0.5349618921884081,7.745966911315918,0.03258349078158266,0.9674165092184174,16.248077392578125,0.02186844813649678,0.9781315518635032
survset:support2,DeepHit,7,48,7968,27.110883712768555,1,3.7416574954986572,0.9889063387907647,0.011093661209235273,7.745966911315918,0.9779293906775701,0.02207060932242988,16.248077392578125,0.7146756874603182,0.2853243125396818
survset:support2,DeepHit,7,48,2809,2.4494898319244385,1,3.7416574954986572,0.5043765848400505,0.49562341515994945,7.745966911315918,0.056988724930721914,0.9430112750692781,16.248077392578125,0.04234086779534,0.95765913220466
survset:support2,DeepHit,7,48,8542,7.280109882354736,1,3.7416574954986572,0.5560052321338155,0.4439947678661845,7.745966911315918,0.01863150628680166,0.9813684937131983,16.248077392578125,0.009079947419641812,0.9909200525803582
survset:support2,DeepHit,7,48,8854,25.119712829589844,0,3.7416574954986572,0.9922035142098413,0.00779648579015868,7.745966911315918,0.986513126027191,0.01348687397280901,16.248077392578125,0.7312302030624483,0.26876979693755165
survset:support2,DeepHit,7,48,2913,26.038433074951172,0,3.7416574954986572,0.988702703787091,0.01129729621290898,7.745966911315918,0.9772561655946466,0.022743834405353436,16.248077392578125,0.7610991279867766,0.2389008720132234
survset:support2,DeepHit,7,48,2908,14.560219764709473,1,3.7416574954986572,0.9872143853334641,0.012785614666535938,7.745966911315918,0.9625209960902608,0.03747900390973924,16.248077392578125,0.6495611905378164,0.35043880946218364
survset:support2,DeepHit,7,48,7497,2.4494898319244385,1,3.7416574954986572,0.5767707062541688,0.4232292937458312,7.745966911315918,0.1059168498521383,0.8940831501478617,16.248077392578125,0.08247079292122812,0.9175292070787718
survset:support2,DeepHit,7,48,1030,13.638181686401367,1,3.7416574954986572,0.9828524803007829,0.01714751969921713,7.745966911315918,0.9655424491491703,0.03445755085082969,16.248077392578125,0.7285292763890581,0.27147072361094193
survset:support2,DeepHit,7,48,7384,3.316624879837036,1,3.7416574954986572,0.5188991238330748,0.4811008761669252,7.745966911315918,0.01263478312204396,0.9873652168779561,16.248077392578125,0.008002369506626758,0.9919976304933732
survset:support2,DeepHit,7,48,8629,10.440306663513184,1,3.7416574954986572,0.9830061139836626,0.016993886016337445,7.745966911315918,0.9661573265457913,0.03384267345420866,16.248077392578125,0.6819100149175511,0.3180899850824489
survset:support2,DeepHit,7,48,5106,19.36491584777832,1,3.7416574954986572,0.9899902217595146,0.010009778240485434,7.745966911315918,0.982864251892935,0.017135748107064974,16.248077392578125,0.728320970822264,0.271679029177736
survset:support2,DeepHit,7,48,7364,25.079872131347656,0,3.7416574954986572,0.9913043931601377,0.008695606839862258,7.745966911315918,0.9831418030359163,0.01685819696408375,16.248077392578125,0.751383991915352,0.248616008084648
survset:support2,DeepHit,7,48,1959,17.972200393676758,1,3.7416574954986572,0.9962419566017515,0.0037580433982484784,7.745966911315918,0.9907533901820319,0.009246609817968099,16.248077392578125,0.7255353156119111,0.2744646843880889
survset:support2,DeepHit,7,48,7403,24.657655715942383,0,3.7416574954986572,0.9755415759121766,0.024458424087823394,7.745966911315918,0.9367021167001799,0.06329788329982011,16.248077392578125,0.6269088841789164,0.37309111582108356
survset:support2,DeepHit,7,48,3343,7.937253952026367,1,3.7416574954986572,0.9897333991434275,0.010266600856572494,7.745966911315918,0.9776128621568234,0.022387137843176586,16.248077392578125,0.7463113233717162,0.25368867662828376
survset:support2,DeepHit,7,48,3272,44.821868896484375,0,3.7416574954986572,0.9950087593494388,0.004991240650561224,7.745966911315918,0.9902951238983072,0.009704876101692794,16.248077392578125,0.7527568029643961,0.24724319703560393
survset:support2,DeepHit,7,48,7394,11.704699516296387,1,3.7416574954986572,0.9865458605020322,0.01345413949796781,7.745966911315918,0.9735265088363593,0.026473491163640728,16.248077392578125,0.7435528956380408,0.25644710436195917
survset:support2,DeepHit,7,48,3544,8.83176040649414,1,3.7416574954986572,0.9899360470859374,0.01006395291406259,7.745966911315918,0.9500791591732711,0.049920840826728874,16.248077392578125,0.6326408475721796,0.36735915242782036
survset:support2,DeepHit,7,48,1298,25.573423385620117,0,3.7416574954986572,0.9856116265435579,0.01438837345644206,7.745966911315918,0.9677511145438297,0.03224888545617033,16.248077392578125,0.6892348485268943,0.3107651514731057
survset:support2,DeepHit,7,48,70,2.2360680103302,1,3.7416574954986572,0.3724627378749291,0.6275372621250709,7.745966911315918,0.05437956913964491,0.9456204308603551,16.248077392578125,0.03681195344645785,0.9631880465535422
survset:support2,DeepHit,7,48,8237,15.779733657836914,1,3.7416574954986572,0.9954119054056375,0.004588094594362491,7.745966911315918,0.981120645499309,0.018879354500691004,16.248077392578125,0.6240660809808769,0.3759339190191231
survset:support2,DeepHit,7,48,5473,22.56102752685547,0,3.7416574954986572,0.9835605047916032,0.016439495208396826,7.745966911315918,0.9675333465084671,0.03246665349153288,16.248077392578125,0.7264829702802745,0.27351702971972547
survset:support2,DeepHit,7,48,8428,33.0,0,3.7416574954986572,0.9945065440424088,0.005493455957591209,7.745966911315918,0.9805118866991935,0.019488113300806464,16.248077392578125,0.7029351732056863,0.2970648267943137
survset:support2,DeepHit,7,48,8514,31.92177963256836,0,3.7416574954986572,0.9928458117433723,0.007154188256627725,7.745966911315918,0.9867644227036904,0.013235577296309642,16.248077392578125,0.7386461570867303,0.2613538429132697
survset:support2,DeepHit,7,48,8321,10.198039054870605,1,3.7416574954986572,0.9940464347098328,0.005953565290167218,7.745966911315918,0.9800021701622292,0.019997829837770764,16.248077392578125,0.6201590587020229,0.3798409412979771
survset:support2,DeepHit,7,48,2513,31.906112670898438,0,3.7416574954986572,0.9814315516757607,0.018568448324239317,7.745966911315918,0.9716098716549186,0.028390128345081367,16.248077392578125,0.7460596480726799,0.2539403519273201
survset:support2,DeepHit,7,48,826,36.13862228393555,0,3.7416574954986572,0.9925907794270373,0.0074092205729626714,7.745966911315918,0.9819238400350194,0.018076159964980576,16.248077392578125,0.6952979654234399,0.3047020345765601
survset:support2,DeepHit,7,48,553,39.64845657348633,0,3.7416574954986572,0.9918640681570527,0.008135931842947253,7.745966911315918,0.9781757100166856,0.021824289983314427,16.248077392578125,0.6847309840699486,0.3152690159300514
survset:support2,DeepHit,7,48,576,2.6457512378692627,1,3.7416574954986572,0.5312941593848123,0.4687058406151877,7.745966911315918,0.024194007212782673,0.9758059927872174,16.248077392578125,0.014403524436964818,0.9855964755630352
survset:support2,DeepHit,7,48,2226,38.431758880615234,0,3.7416574954986572,0.9898452398785444,0.010154760121455553,7.745966911315918,0.9817253126573369,0.018274687342663132,16.248077392578125,0.7632664542038824,0.2367335457961176
survset:support2,DeepHit,7,48,2625,5.291502475738525,1,3.7416574954986572,0.5302418181874567,0.46975818181254325,7.745966911315918,0.029810256726258602,0.9701897432737414,16.248077392578125,0.016599811338486165,0.9834001886615138
survset:support2,DeepHit,7,48,8023,41.641326904296875,0,3.7416574954986572,0.9974370042913664,0.0025629957086336086,7.745966911315918,0.9964217211916165,0.0035782788083834616,16.248077392578125,0.8913931853072826,0.10860681469271738
survset:support2,DeepHit,7,48,7121,3.605551242828369,1,3.7416574954986572,0.49215455572378336,0.5078454442762166,7.745966911315918,0.011800566123873715,0.9881994338761263,16.248077392578125,0.00916223433990309,0.990837765660097
survset:support2,DeepHit,7,48,5467,22.671567916870117,0,3.7416574954986572,0.9912277314268072,0.008772268573192799,7.745966911315918,0.9776309232523637,0.02236907674763633,16.248077392578125,0.6616025988075283,0.33839740119247175
survset:support2,DeepHit,7,48,3929,26.664583206176758,1,3.7416574954986572,0.9770466832615194,0.022953316738480556,7.745966911315918,0.956132890968245,0.04386710903175495,16.248077392578125,0.6406582993720451,0.3593417006279549
survset:support2,DeepHit,7,48,2492,32.109188079833984,0,3.7416574954986572,0.991364765761578,0.008635234238422052,7.745966911315918,0.9828433947590556,0.017156605240944423,16.248077392578125,0.7693085044323051,0.23069149556769486
survset:support2,DeepHit,7,48,1916,7.937253952026367,1,3.7416574954986572,0.9901776118120271,0.009822388187972875,7.745966911315918,0.9710357316207692,0.02896426837923083,16.248077392578125,0.6578288337934366,0.3421711662065634
survset:support2,DeepHit,7,48,1673,44.48595428466797,0,3.7416574954986572,0.991941892599874,0.008058107400126024,7.745966911315918,0.9745317240267959,0.025468275973204113,16.248077392578125,0.6434746356252478,0.35652536437475224
survset:support2,DeepHit,7,48,6606,1.7320507764816284,1,3.7416574954986572,0.2884168146301018,0.7115831853698982,7.745966911315918,0.03282203915000801,0.967177960849992,16.248077392578125,0.02918680842036713,0.9708131915796329
survset:support2,DeepHit,7,48,4054,26.90724754333496,1,3.7416574954986572,0.9940067502032853,0.0059932497967146725,7.745966911315918,0.9839737801114556,0.016026219888544357,16.248077392578125,0.7305708507918747,0.26942914920812533
survset:support2,DeepHit,7,48,2637,1.7320507764816284,1,3.7416574954986572,0.4010950697382608,0.5989049302617392,7.745966911315918,0.08509540535834774,0.9149045946416523,16.248077392578125,0.06164964862599467,0.9383503513740054
survset:support2,DeepHit,7,48,7037,2.0,1,3.7416574954986572,0.4848253585536399,0.51517464144636,7.745966911315918,0.013877999198441156,0.9861220008015589,16.248077392578125,0.010812837006030767,0.9891871629939692
survset:support2,DeepHit,7,48,8247,29.171903610229492,1,3.7416574954986572,0.9913401579451521,0.008659842054847933,7.745966911315918,0.9807733144958446,0.019226685504155405,16.248077392578125,0.7423826117092259,0.2576173882907741
survset:support2,DeepHit,7,48,7126,8.366600036621094,1,3.7416574954986572,0.8559170840715293,0.14408291592847067,7.745966911315918,0.7309466085808947,0.26905339141910534,16.248077392578125,0.520381899677784,0.47961810032221597
survset:support2,DeepHit,7,48,213,43.20879364013672,0,3.7416574954986572,0.9934185372612993,0.00658146273870075,7.745966911315918,0.9803406135402551,0.019659386459744854,16.248077392578125,0.6776024307214229,0.3223975692785771
survset:support2,DeepHit,7,48,8834,25.377155303955078,0,3.7416574954986572,0.9925773978327216,0.007422602167278414,7.745966911315918,0.9841574295788352,0.01584257042116477,16.248077392578125,0.7181947754333089,0.2818052245666911
survset:support2,DeepHit,7,48,8338,14.525838851928711,1,3.7416574954986572,0.9859984505096313,0.014001549490368692,7.745966911315918,0.9637718324914337,0.03622816750856628,16.248077392578125,0.6267556701801494,0.37324432981985056
survset:support2,DeepHit,7,48,7928,9.949873924255371,1,3.7416574954986572,0.9916234590524036,0.008376540947596434,7.745966911315918,0.9823578819160154,0.017642118083984637,16.248077392578125,0.7498837100029345,0.2501162899970655
survset:support2,DeepHit,7,48,5098,25.903667449951172,0,3.7416574954986572,0.9967478991579396,0.0032521008420604014,7.745966911315918,0.9954193095072149,0.004580690492785089,16.248077392578125,0.9060522551598043,0.09394774484019575
survset:support2,DeepHit,7,48,8413,15.65247631072998,1,3.7416574954986572,0.9928804906874266,0.0071195093125734354,7.745966911315918,0.9810410559805467,0.018958944019453305,16.248077392578125,0.677422746456354,0.32257725354364597
survset:support2,DeepHit,7,48,6098,3.316624879837036,1,3.7416574954986572,0.5222781750413213,0.47772182495867865,7.745966911315918,0.05034097868025238,0.9496590213197477,16.248077392578125,0.03345931365093332,0.9665406863490666
survset:support2,DeepHit,7,48,5981,4.0,1,3.7416574954986572,0.4325155713141296,0.5674844286858705,7.745966911315918,0.019405132013367216,0.9805948679866328,16.248077392578125,0.014547147007666945,0.9854528529923331
survset:support2,DeepHit,7,48,3172,13.416407585144043,1,3.7416574954986572,0.9852766386828695,0.014723361317130479,7.745966911315918,0.9626773734207991,0.037322626579200935,16.248077392578125,0.6906081955065592,0.30939180449344084
survset:support2,DeepHit,7,48,4791,28.618175506591797,0,3.7416574954986572,0.9819271549747537,0.01807284502524631,7.745966911315918,0.9723180426587966,0.027681957341203378,16.248077392578125,0.7882617726197372,0.21173822738026282
survset:support2,DeepHit,7,48,8973,12.884099006652832,1,3.7416574954986572,0.9713167924205124,0.028683207579487613,7.745966911315918,0.9067768510976691,0.09322314890233085,16.248077392578125,0.6056697082891602,0.3943302917108398
survset:support2,DeepHit,7,48,3848,3.0,1,3.7416574954986572,0.42920507216236026,0.5707949278376397,7.745966911315918,0.025186996436242753,0.9748130035637572,16.248077392578125,0.018116151371369675,0.9818838486286303
survset:support2,DeepHit,7,48,6860,16.278820037841797,1,3.7416574954986572,0.9895315786499697,0.010468421350030344,7.745966911315918,0.9743709192121414,0.025629080787858638,16.248077392578125,0.6544596606371534,0.34554033936284656
survset:support2,DeepHit,7,48,2044,10.770329475402832,1,3.7416574954986572,0.9932447654949863,0.006755234505013696,7.745966911315918,0.982140573008496,0.017859426991504,16.248077392578125,0.6328543261033688,0.3671456738966312
survset:support2,DeepHit,7,48,6910,24.433584213256836,1,3.7416574954986572,0.9898411929061409,0.010158807093859079,7.745966911315918,0.9801472111177162,0.01985278888228381,16.248077392578125,0.7134419752253476,0.2865580247746524
survset:support2,DeepHit,7,48,5259,17.0,1,3.7416574954986572,0.9797359606288437,0.020264039371156284,7.745966911315918,0.9279874399342596,0.07201256006574042,16.248077392578125,0.6156050847224193,0.38439491527758074
survset:support2,DeepHit,7,48,1532,4.242640495300293,1,3.7416574954986572,0.5573324682190954,0.44266753178090457,7.745966911315918,0.07521600743477858,0.9247839925652215,16.248077392578125,0.0424340564017916,0.9575659435982085
survset:support2,DeepHit,7,48,7592,15.65247631072998,1,3.7416574954986572,0.9869588576414754,0.013041142358524604,7.745966911315918,0.9754895216772493,0.024510478322750662,16.248077392578125,0.6828030830228536,0.31719691697714636
survset:support2,DeepHit,7,48,6929,3.605551242828369,1,3.7416574954986572,0.4277300760484683,0.5722699239515316,7.745966911315918,0.01396355800029745,0.9860364419997025,16.248077392578125,0.010291978062696482,0.9897080219373036
survset:support2,DeepHit,7,48,6971,5.916079998016357,1,3.7416574954986572,0.5062271764028267,0.49377282359717334,7.745966911315918,0.01809820866522943,0.9819017913347705,16.248077392578125,0.01387340712856478,0.9861265928714352
survset:support2,DeepHit,7,48,904,1.7320507764816284,1,3.7416574954986572,0.4170639867456059,0.5829360132543941,7.745966911315918,0.13833394268195956,0.8616660573180405,16.248077392578125,0.09831508114837019,0.9016849188516298
survset:support2,DeepHit,7,48,2253,6.557438373565674,1,3.7416574954986572,0.5397447873792016,0.4602552126207984,7.745966911315918,0.021344721969165998,0.978655278030834,16.248077392578125,0.013907580174265547,0.9860924198257345
survset:support2,DeepHit,7,48,7462,23.790754318237305,0,3.7416574954986572,0.9797117920521257,0.020288207947874337,7.745966911315918,0.9645979001585224,0.035402099841477574,16.248077392578125,0.7371806527927479,0.2628193472072521
survset:support2,DeepHit,7,48,2403,3.464101552963257,1,3.7416574954986572,0.48765915116169095,0.512340848838309,7.745966911315918,0.03403039376600534,0.9659696062339946,16.248077392578125,0.022697111405156727,0.9773028885948433
survset:support2,DeepHit,7,48,4964,3.316624879837036,1,3.7416574954986572,0.49469842246118284,0.5053015775388172,7.745966911315918,0.025938091948192275,0.9740619080518077,16.248077392578125,0.017880611099089106,0.9821193889009109
survset:support2,DeepHit,7,48,342,41.952354431152344,0,3.7416574954986572,0.9868779596024396,0.013122040397560375,7.745966911315918,0.9747550065862819,0.02524499341371811,16.248077392578125,0.7292167269394371,0.27078327306056293
survset:support2,DeepHit,7,48,1223,16.5831241607666,1,3.7416574954986572,0.9920272667521015,0.00797273324789849,7.745966911315918,0.9861184100585763,0.013881589941423744,16.248077392578125,0.6669100588126111,0.3330899411873889
survset:support2,DeepHit,7,48,4852,5.5677642822265625,1,3.7416574954986572,0.5340463026691186,0.46595369733088143,7.745966911315918,0.029065137864881737,0.9709348621351183,16.248077392578125,0.01807080388505532,0.9819291961149447
survset:support2,DeepHit,7,48,224,4.898979663848877,1,3.7416574954986572,0.5583732238336001,0.4416267761663999,7.745966911315918,0.04031365734857736,0.9596863426514226,16.248077392578125,0.01800434283171375,0.9819956571682863
survset:support2,DeepHit,7,48,2827,13.527749061584473,1,3.7416574954986572,0.9879548440713161,0.012045155928683937,7.745966911315918,0.9721563488909296,0.02784365110907039,16.248077392578125,0.7156708194844322,0.28432918051556777
survset:support2,DeepHit,7,48,8538,14.966629981994629,1,3.7416574954986572,0.9800014798306897,0.019998520169310252,7.745966911315918,0.9582352814855466,0.0417647185144534,16.248077392578125,0.6421921615869834,0.35780783841301655
survset:support2,DeepHit,7,48,9074,3.464101552963257,1,3.7416574954986572,0.5494660632394937,0.45053393676050635,7.745966911315918,0.02011667949846826,0.9798833205015317,16.248077392578125,0.011102676489053722,0.9888973235109463
survset:support2,DeepHit,7,48,3098,22.135944366455078,0,3.7416574954986572,0.9960736945070705,0.003926305492929494,7.745966911315918,0.9927344926696391,0.00726550733036091,16.248077392578125,0.7282299323852259,0.27177006761477407
survset:support2,DeepHit,7,48,6269,1.7320507764816284,1,3.7416574954986572,0.3019988252408706,0.6980011747591294,7.745966911315918,0.031695386621677334,0.9683046133783226,16.248077392578125,0.028564459576064367,0.9714355404239357
survset:support2,DeepHit,7,48,3950,3.464101552963257,1,3.7416574954986572,0.4278833917541454,0.5721166082458546,7.745966911315918,0.03431708172388809,0.965682918276112,16.248077392578125,0.02641845277720533,0.9735815472227947
survset:support2,DeepHit,7,48,7114,2.4494898319244385,1,3.7416574954986572,0.47010084291763465,0.5298991570823653,7.745966911315918,0.02586425560635521,0.9741357443936448,16.248077392578125,0.020203988796218583,0.9797960112037815
survset:support2,DeepHit,7,48,3551,13.114876747131348,1,3.7416574954986572,0.99119147420009,0.008808525799909983,7.745966911315918,0.9737940416079885,0.026205958392011452,16.248077392578125,0.6477428682976717,0.3522571317023283
survset:support2,DeepHit,7,48,5035,2.6457512378692627,1,3.7416574954986572,0.49891040900598727,0.5010895909940127,7.745966911315918,0.019941289051191243,0.9800587109488088,16.248077392578125,0.013856764019608895,0.9861432359803911
survset:support2,DeepHit,7,48,7599,10.677078247070312,1,3.7416574954986572,0.9892230525911053,0.010776947408894677,7.745966911315918,0.9782295046273581,0.021770495372641863,16.248077392578125,0.7263054716850837,0.27369452831491625
survset:support2,DeepHit,7,48,5509,22.090721130371094,0,3.7416574954986572,0.9934520776899999,0.0065479223100001205,7.745966911315918,0.987594026280271,0.012405973719728958,16.248077392578125,0.7712958489084827,0.22870415109151732
survset:support2,DeepHit,7,48,6100,29.832868576049805,1,3.7416574954986572,0.9904599011180091,0.009540098881990922,7.745966911315918,0.9757782292061269,0.02422177079387311,16.248077392578125,0.691127313452979,0.30887268654702105
survset:support2,DeepHit,7,48,7473,5.0,1,3.7416574954986572,0.5549676221611258,0.44503237783887417,7.745966911315918,0.027329207211037227,0.9726707927889627,16.248077392578125,0.015620925912754586,0.9843790740872455
survset:support2,DeepHit,7,48,7937,3.872983455657959,1,3.7416574954986572,0.5282365583965649,0.4717634416034351,7.745966911315918,0.0798030747985257,0.9201969252014743,16.248077392578125,0.05144248970115834,0.9485575102988416
survset:support2,DeepHit,7,48,446,30.74085235595703,1,3.7416574954986572,0.9806762206100675,0.01932377938993246,7.745966911315918,0.9612218659429825,0.038778134057017466,16.248077392578125,0.7059792184950909,0.29402078150490907
survset:support2,DeepHit,7,48,2838,7.745966911315918,1,3.7416574954986572,0.9829564235811964,0.017043576418803608,7.745966911315918,0.9447814499978093,0.05521855000219067,16.248077392578125,0.6316847624715146,0.3683152375284854
survset:support2,DeepHit,7,48,8324,20.56696319580078,1,3.7416574954986572,0.9934554073483072,0.0065445926516928266,7.745966911315918,0.9839229020309166,0.01607709796908341,16.248077392578125,0.730912064572059,0.26908793542794096
survset:support2,DeepHit,7,48,6241,7.348469257354736,1,3.7416574954986572,0.5300852458660981,0.46991475413390194,7.745966911315918,0.05324750446610736,0.9467524955338926,16.248077392578125,0.03659869960266911,0.9634013003973309
survset:support2,DeepHit,7,48,5058,3.0,1,3.7416574954986572,0.3793290476106723,0.6206709523893277,7.745966911315918,0.008792295507034933,0.991207704492965,16.248077392578125,0.007194856234681567,0.9928051437653185
survset:support2,DeepHit,7,48,6108,42.52058410644531,0,3.7416574954986572,0.9941477355890979,0.0058522644109021416,7.745966911315918,0.9889157686617782,0.011084231338221784,16.248077392578125,0.7664296974931925,0.23357030250680755
survset:support2,DeepHit,7,48,6342,40.33608627319336,0,3.7416574954986572,0.9950952464778585,0.004904753522141481,7.745966911315918,0.992400476231227,0.007599523768773042,16.248077392578125,0.8251908289377581,0.17480917106224192
survset:support2,DeepHit,7,48,9037,5.196152210235596,1,3.7416574954986572,0.544577746525525,0.45542225347447496,7.745966911315918,0.042458310515892085,0.9575416894841079,16.248077392578125,0.020502337953045263,0.9794976620469548
survset:support2,DeepHit,7,48,4362,32.341922760009766,0,3.7416574954986572,0.9963980509950435,0.003601949004956473,7.745966911315918,0.9941287602492287,0.0058712397507713066,16.248077392578125,0.764646938578594,0.235353061421406
survset:support2,DeepHit,7,48,1800,30.430248260498047,1,3.7416574954986572,0.9904310795327146,0.009568920467285413,7.745966911315918,0.9765286444607113,0.023471355539288696,16.248077392578125,0.7107095176209164,0.2892904823790836
survset:support2,DeepHit,7,48,1677,16.94107437133789,1,3.7416574954986572,0.9814628853865578,0.018537114613442207,7.745966911315918,0.9703648313934956,0.029635168606504392,16.248077392578125,0.5841554317346809,0.4158445682653191
survset:support2,DeepHit,7,48,1607,8.0,1,3.7416574954986572,0.9816012232870603,0.018398776712939657,7.745966911315918,0.9580602081611272,0.04193979183887275,16.248077392578125,0.6358439314527042,0.36415606854729576
survset:support2,DeepHit,7,48,1840,28.809720993041992,1,3.7416574954986572,0.9188654391777388,0.08113456082226123,7.745966911315918,0.8656580897167286,0.13434191028327136,16.248077392578125,0.6718272470140687,0.3281727529859313
survset:support2,DeepHit,7,48,5194,21.563858032226562,1,3.7416574954986572,0.9894759385901762,0.01052406140982376,7.745966911315918,0.9801180030119865,0.019881996988013517,16.248077392578125,0.646711030245375,0.353288969754625
survset:support2,DeepHit,7,48,1473,2.8284270763397217,1,3.7416574954986572,0.4566575196436133,0.5433424803563867,7.745966911315918,0.021193510581803084,0.9788064894181969,16.248077392578125,0.01730209636483293,0.9826979036351671
survset:support2,DeepHit,7,48,4710,29.44486427307129,0,3.7416574954986572,0.9976466331177903,0.002353366882209662,7.745966911315918,0.9963773517597159,0.003622648240284132,16.248077392578125,0.8816529633785275,0.1183470366214725
survset:support2,DeepHit,7,48,2112,39.72404861450195,0,3.7416574954986572,0.9950648936970294,0.00493510630297056,7.745966911315918,0.9893686205197282,0.010631379480271819,16.248077392578125,0.7237165119644977,0.2762834880355023
survset:support2,DeepHit,7,48,5227,23.151674270629883,1,3.7416574954986572,0.9849030547119393,0.015096945288060715,7.745966911315918,0.961357160412457,0.038642839587543,16.248077392578125,0.6511041507258775,0.34889584927412254
survset:support2,DeepHit,7,48,4927,27.549955368041992,0,3.7416574954986572,0.9641003219105329,0.035899678089467146,7.745966911315918,0.9394714716672014,0.06052852833279865,16.248077392578125,0.6870178264320405,0.31298217356795954
survset:support2,DeepHit,7,48,2361,3.316624879837036,1,3.7416574954986572,0.5606643259957881,0.4393356740042119,7.745966911315918,0.02708903049614396,0.972910969503856,16.248077392578125,0.013770611938258903,0.9862293880617411
survset:support2,DeepHit,7,48,8714,22.181072235107422,1,3.7416574954986572,0.9881411449509203,0.011858855049079686,7.745966911315918,0.9730287225302081,0.026971277469791888,16.248077392578125,0.6680625353708582,0.33193746462914175
survset:support2,DeepHit,7,48,6475,1.7320507764816284,1,3.7416574954986572,0.09178791885179871,0.9082120811482013,7.745966911315918,0.027940318799672546,0.9720596812003275,16.248077392578125,0.025363370061141557,0.9746366299388585
survset:support2,DeepHit,7,48,3000,8.602325439453125,1,3.7416574954986572,0.9922546204387126,0.007745379561287402,7.745966911315918,0.9741026155156708,0.02589738448432921,16.248077392578125,0.6724986278906007,0.32750137210939934
survset:support2,DeepHit,7,48,3432,19.313207626342773,1,3.7416574954986572,0.9850409238219703,0.014959076178029718,7.745966911315918,0.9721789538229603,0.027821046177039732,16.248077392578125,0.7376068316158254,0.2623931683841746
survset:support2,DeepHit,7,48,6171,7.6157732009887695,1,3.7416574954986572,0.5145311842615536,0.48546881573844636,7.745966911315918,0.016351353646738086,0.9836486463532619,16.248077392578125,0.011535801411947086,0.9884641985880529
survset:support2,DeepHit,7,48,2149,15.29705810546875,1,3.7416574954986572,0.9924009513376972,0.007599048662302765,7.745966911315918,0.9865444406438819,0.013455559356118085,16.248077392578125,0.7179376216672888,0.2820623783327112
survset:support2,DeepHit,7,48,3093,22.181072235107422,0,3.7416574954986572,0.9965050200916211,0.0034949799083788813,7.745966911315918,0.9935181966804937,0.0064818033195063185,16.248077392578125,0.8031789977175079,0.1968210022824921
survset:support2,DeepHit,7,48,4225,2.4494898319244385,1,3.7416574954986572,0.5016697823539757,0.49833021764602425,7.745966911315918,0.030623172565847477,0.9693768274341525,16.248077392578125,0.020160985256080587,0.9798390147439194
survset:support2,DeepHit,7,48,8483,32.31098937988281,0,3.7416574954986572,0.9962608812647512,0.003739118735248792,7.745966911315918,0.9932266952302023,0.00677330476979765,16.248077392578125,0.8529137122365182,0.14708628776348176
survset:support2,DeepHit,7,48,2254,6.928203105926514,1,3.7416574954986572,0.586103931548137,0.413896068451863,7.745966911315918,0.061436033324958596,0.9385639666750414,16.248077392578125,0.03267467426082389,0.9673253257391761
survset:support2,DeepHit,7,48,5881,3.316624879837036,1,3.7416574954986572,0.49464942907091203,0.505350570929088,7.745966911315918,0.024042572315642913,0.9759574276843571,16.248077392578125,0.013342817364961583,0.9866571826350384
survset:support2,DeepHit,7,48,835,4.0,1,3.7416574954986572,0.5628615495014717,0.4371384504985283,7.745966911315918,0.06079631932036178,0.9392036806796382,16.248077392578125,0.03524381230316501,0.964756187696835
survset:support2,DeepHit,7,48,3387,4.898979663848877,1,3.7416574954986572,0.428101776044386,0.5718982239556141,7.745966911315918,0.0373546047127216,0.9626453952872784,16.248077392578125,0.03170773315779498,0.968292266842205
survset:support2,DeepHit,7,48,5389,7.745966911315918,1,3.7416574954986572,0.983494739072466,0.016505260927534016,7.745966911315918,0.9649639579808107,0.035036042019189306,16.248077392578125,0.7090137605247696,0.2909862394752304
survset:support2,DeepHit,7,48,8180,10.049875259399414,1,3.7416574954986572,0.9765740048271565,0.023425995172843495,7.745966911315918,0.9445346589490369,0.055465341050963124,16.248077392578125,0.6549328589700867,0.3450671410299133
survset:support2,DeepHit,7,48,80,4.242640495300293,1,3.7416574954986572,0.5434857767769499,0.45651422322305013,7.745966911315918,0.062459994602839394,0.9375400053971606,16.248077392578125,0.04562242630788599,0.9543775736921141
survset:support2,DeepHit,7,48,2616,2.6457512378692627,1,3.7416574954986572,0.5248346517976764,0.4751653482023236,7.745966911315918,0.018542080198804208,0.9814579198011958,16.248077392578125,0.008877548985059016,0.991122451014941
survset:support2,DeepHit,7,48,1891,42.30839157104492,0,3.7416574954986572,0.9887744767200466,0.011225523279953409,7.745966911315918,0.9820774142531917,0.017922585746808273,16.248077392578125,0.7923956188810009,0.20760438111899915
survset:support2,DeepHit,7,48,8839,18.574174880981445,1,3.7416574954986572,0.9871208378564367,0.012879162143563327,7.745966911315918,0.977808225367192,0.02219177463280797,16.248077392578125,0.7663827938007752,0.23361720619922477
survset:support2,DeepHit,7,48,8801,16.155494689941406,1,3.7416574954986572,0.9746684097303996,0.025331590269600412,7.745966911315918,0.9446945972256239,0.05530540277437612,16.248077392578125,0.7422544700716548,0.2577455299283452
survset:support2,DeepHit,7,48,7868,7.8102498054504395,1,3.7416574954986572,0.989988949272243,0.010011050727756987,7.745966911315918,0.9828727298077499,0.017127270192250132,16.248077392578125,0.7299168584290766,0.2700831415709234
survset:support2,DeepHit,7,48,5206,12.845232963562012,1,3.7416574954986572,0.9850531793990591,0.01494682060094088,7.745966911315918,0.9605432924236709,0.03945670757632913,16.248077392578125,0.6762741901442226,0.32372580985577737
survset:support2,DeepHit,7,48,3657,14.662878036499023,1,3.7416574954986572,0.9938224944313264,0.00617750556867358,7.745966911315918,0.9906690830676014,0.009330916932398625,16.248077392578125,0.7889995008684167,0.21100049913158325
survset:support2,DeepHit,7,48,4740,29.20616340637207,0,3.7416574954986572,0.9964237637348553,0.0035762362651446944,7.745966911315918,0.9935789402277658,0.006421059772234172,16.248077392578125,0.7473101541746012,0.2526898458253988
survset:support2,DeepHit,7,48,3753,4.795831680297852,1,3.7416574954986572,0.3938125579410922,0.6061874420589077,7.745966911315918,0.049105073765058266,0.9508949262349418,16.248077392578125,0.04076281165016629,0.9592371883498337
survset:support2,DeepHit,7,48,4882,27.964262008666992,0,3.7416574954986572,0.9889468554906953,0.011053144509304724,7.745966911315918,0.984487790160331,0.015512209839668945,16.248077392578125,0.8024575617660545,0.19754243823394546
survset:support2,DeepHit,7,48,4751,3.464101552963257,1,3.7416574954986572,0.4071821752218814,0.5928178247781186,7.745966911315918,0.023204231532117366,0.9767957684678826,16.248077392578125,0.0136970077970815,0.9863029922029185
survset:support2,DeepHit,7,48,6990,2.2360680103302,1,3.7416574954986572,0.5269976976926988,0.4730023023073012,7.745966911315918,0.08078183261298746,0.9192181673870126,16.248077392578125,0.04963175704524269,0.9503682429547573
survset:support2,DeepHit,7,48,4692,5.196152210235596,1,3.7416574954986572,0.5161381217445631,0.4838618782554369,7.745966911315918,0.025974458034986398,0.9740255419650136,16.248077392578125,0.01473973431313378,0.9852602656868662
survset:support2,DeepHit,7,48,717,37.48332977294922,0,3.7416574954986572,0.9947957906249586,0.005204209375041402,7.745966911315918,0.9894666841460759,0.010533315853924141,16.248077392578125,0.7138362769479882,0.28616372305201176
survset:support2,DeepHit,7,48,1889,3.872983455657959,1,3.7416574954986572,0.5002735118236463,0.4997264881763537,7.745966911315918,0.046703897115432505,0.9532961028845675,16.248077392578125,0.03443582801221697,0.965564171987783
survset:support2,DeepHit,7,48,4006,38.72983169555664,0,3.7416574954986572,0.9891402909882115,0.010859709011788454,7.745966911315918,0.9795867129782475,0.02041328702175249,16.248077392578125,0.7356721032020735,0.26432789679792645
survset:support2,DeepHit,7,48,8836,10.954451560974121,1,3.7416574954986572,0.9824392940045839,0.017560705995416148,7.745966911315918,0.9647391756186003,0.03526082438139966,16.248077392578125,0.6639493225977129,0.3360506774022871
survset:support2,DeepHit,7,48,2125,11.704699516296387,1,3.7416574954986572,0.9789292149325175,0.0210707850674825,7.745966911315918,0.9577361137363459,0.04226388626365407,16.248077392578125,0.6335989198937686,0.3664010801062314
survset:support2,DeepHit,7,48,4189,2.4494898319244385,1,3.7416574954986572,0.5009774075240858,0.4990225924759142,7.745966911315918,0.032428496725561896,0.9675715032744381,16.248077392578125,0.019576056115474468,0.9804239438845256
survset:support2,DeepHit,7,48,5682,2.0,1,3.7416574954986572,0.48509832229370675,0.5149016777062932,7.745966911315918,0.02017197278147497,0.979828027218525,16.248077392578125,0.010731433468705948,0.989268566531294
survset:support2,DeepHit,7,48,1422,7.874007701873779,1,3.7416574954986572,0.9933140194364811,0.0066859805635188785,7.745966911315918,0.9777877358924729,0.02221226410752708,16.248077392578125,0.6309750114955387,0.3690249885044613
survset:support2,DeepHit,7,48,5972,27.892650604248047,1,3.7416574954986572,0.993502626945525,0.006497373054474953,7.745966911315918,0.9874670530946752,0.012532946905324804,16.248077392578125,0.7188185524517186,0.28118144754828145
survset:support2,DeepHit,7,48,7558,6.244997978210449,1,3.7416574954986572,0.5398407451546957,0.4601592548453043,7.745966911315918,0.08631473698802418,0.9136852630119758,16.248077392578125,0.055187804811272015,0.9448121951887279
survset:support2,DeepHit,7,48,2312,37.53664779663086,0,3.7416574954986572,0.9866956629799556,0.01330433702004441,7.745966911315918,0.9767555659601714,0.023244434039828565,16.248077392578125,0.7541482901736073,0.2458517098263927
survset:support2,DeepHit,7,48,2204,38.72983169555664,0,3.7416574954986572,0.9965208741576705,0.0034791258423294558,7.745966911315918,0.9946646780348478,0.005335321965152184,16.248077392578125,0.821177336299044,0.178822663700956
survset:support2,DeepHit,7,48,8665,2.0,1,3.7416574954986572,0.5164812358010694,0.4835187641989306,7.745966911315918,0.023152441605632953,0.9768475583943671,16.248077392578125,0.015120671468489522,0.9848793285315105
survset:support2,DeepHit,7,48,552,39.635841369628906,0,3.7416574954986572,0.9810119666346513,0.01898803336534871,7.745966911315918,0.962991336441738,0.037008663558262045,16.248077392578125,0.737128307378005,0.26287169262199495
survset:support2,DeepHit,7,48,8082,3.605551242828369,1,3.7416574954986572,0.4771034954509964,0.5228965045490036,7.745966911315918,0.020856018425182494,0.9791439815748175,16.248077392578125,0.0109237940039534,0.9890762059960466
survset:support2,DeepHit,7,48,580,39.268306732177734,0,3.7416574954986572,0.9928705359035088,0.007129464096491178,7.745966911315918,0.9845419515603204,0.015458048439679573,16.248077392578125,0.7102075755506235,0.2897924244493765
survset:support2,DeepHit,7,48,8986,22.0,0,3.7416574954986572,0.9944896571241095,0.005510342875890473,7.745966911315918,0.9887322262234491,0.01126777377655086,16.248077392578125,0.738745281606747,0.261254718393253
survset:support2,DeepHit,7,48,128,24.433584213256836,1,3.7416574954986572,0.9919236302314555,0.008076369768544533,7.745966911315918,0.983607408262792,0.016392591737207973,16.248077392578125,0.7100606922841859,0.2899393077158141
survset:support2,DeepHit,7,48,8588,11.916375160217285,1,3.7416574954986572,0.9907532807842079,0.00924671921579212,7.745966911315918,0.9833584909326017,0.016641509067398252,16.248077392578125,0.7421055141335198,0.2578944858664802
survset:support2,DeepHit,7,48,3367,2.0,1,3.7416574954986572,0.3993552924129887,0.6006447075870113,7.745966911315918,0.04443297401486878,0.9555670259851312,16.248077392578125,0.03848005532744903,0.961519944672551
survset:support2,DeepHit,7,48,5576,20.736440658569336,1,3.7416574954986572,0.9910932300878901,0.008906769912109924,7.745966911315918,0.9860818248496934,0.013918175150306578,16.248077392578125,0.7868208803845407,0.21317911961545932
survset:support2,DeepHit,7,48,366,4.898979663848877,1,3.7416574954986572,0.5150984557376345,0.48490154426236554,7.745966911315918,0.04160690707195774,0.9583930929280423,16.248077392578125,0.024005120984374614,0.9759948790156254
survset:support2,DeepHit,7,48,8580,30.838287353515625,0,3.7416574954986572,0.9739076100245279,0.02609238997547214,7.745966911315918,0.9580874304520549,0.04191256954794509,16.248077392578125,0.7375860886738803,0.2624139113261197
survset:support2,DeepHit,7,48,1335,3.1622776985168457,1,3.7416574954986572,0.48869700427177487,0.5113029957282251,7.745966911315918,0.025327659018925718,0.9746723409810742,16.248077392578125,0.018410674036498775,0.9815893259635012
survset:support2,DeepHit,7,48,2774,3.7416574954986572,1,3.7416574954986572,0.5054002853969085,0.4945997146030915,7.745966911315918,0.03431126037192549,0.9656887396280746,16.248077392578125,0.02127337280505231,0.9787266271949477
survset:support2,DeepHit,7,48,944,7.549834251403809,1,3.7416574954986572,0.5129893315023561,0.48701066849764385,7.745966911315918,0.03626925049556013,0.9637307495044398,16.248077392578125,0.028630561528977926,0.9713694384710221
survset:support2,DeepHit,7,48,4231,36.482872009277344,0,3.7416574954986572,0.9961742482612423,0.0038257517387576545,7.745966911315918,0.9945755146823578,0.005424485317642169,16.248077392578125,0.7099203026966945,0.2900796973033055
survset:support2,DeepHit,7,48,687,37.841773986816406,0,3.7416574954986572,0.9883426624206778,0.011657337579322191,7.745966911315918,0.9779150612899311,0.02208493871006889,16.248077392578125,0.7751692261120973,0.22483077388790274
survset:support2,DeepHit,7,48,1894,35.860843658447266,1,3.7416574954986572,0.99261845926708,0.007381540732919967,7.745966911315918,0.9881763954969546,0.011823604503045426,16.248077392578125,0.789593080511231,0.210406919488769
survset:support2,DeepHit,7,48,5249,24.657655715942383,0,3.7416574954986572,0.9890074943031502,0.010992505696849841,7.745966911315918,0.9795494357056863,0.02045056429431369,16.248077392578125,0.7808527212843271,0.21914727871567286
survset:support2,DeepHit,7,48,573,39.34463119506836,0,3.7416574954986572,0.994422397917105,0.005577602082895039,7.745966911315918,0.9913499851785531,0.008650014821446894,16.248077392578125,0.817543596753795,0.18245640324620505
survset:support2,DeepHit,7,48,5600,21.21320343017578,0,3.7416574954986572,0.9917685161058242,0.008231483894175828,7.745966911315918,0.980714297337018,0.01928570266298202,16.248077392578125,0.7150024921944426,0.28499750780555744
survset:support2,DeepHit,7,48,8936,23.366641998291016,0,3.7416574954986572,0.9949689037531603,0.005031096246839728,7.745966911315918,0.9910604859380291,0.00893951406197091,16.248077392578125,0.7759140769454276,0.22408592305457242
survset:support2,DeepHit,7,48,4801,14.966629981994629,1,3.7416574954986572,0.9829193281493018,0.01708067185069817,7.745966911315918,0.9317694730858929,0.06823052691410714,16.248077392578125,0.5979640138916901,0.40203598610830993
survset:support2,DeepHit,7,48,4731,16.61324691772461,1,3.7416574954986572,0.9877936351898711,0.012206364810128933,7.745966911315918,0.9706164307651718,0.02938356923482821,16.248077392578125,0.7406965481426329,0.25930345185736714
survset:support2,DeepHit,7,48,98,11.090536117553711,1,3.7416574954986572,0.9886799672117849,0.01132003278821514,7.745966911315918,0.9528841397715923,0.04711586022840775,16.248077392578125,0.600507740951459,0.399492259048541
survset:support2,DeepHit,7,48,2628,27.440845489501953,1,3.7416574954986572,0.9844293603014221,0.01557063969857786,7.745966911315918,0.9698364020275072,0.030163597972492795,16.248077392578125,0.7146939315457396,0.28530606845426043
survset:support2,DeepHit,7,48,6765,8.774964332580566,1,3.7416574954986572,0.9905250698344846,0.009474930165515372,7.745966911315918,0.9586698111409212,0.0413301888590788,16.248077392578125,0.621422960102121,0.37857703989787905
survset:support2,DeepHit,7,48,1659,44.58699417114258,0,3.7416574954986572,0.9919339722756502,0.008066027724349834,7.745966911315918,0.9828296439842897,0.017170356015710264,16.248077392578125,0.6774438844265255,0.3225561155734745
survset:support2,DeepHit,7,48,5790,18.439088821411133,1,3.7416574954986572,0.9846352034894635,0.01536479651053646,7.745966911315918,0.9689588251042339,0.031041174895766077,16.248077392578125,0.7331009814423869,0.2668990185576131
survset:support2,DeepHit,7,48,8706,12.409673690795898,1,3.7416574954986572,0.9628155060643221,0.03718449393567791,7.745966911315918,0.9248669536525385,0.07513304634746154,16.248077392578125,0.6693299194469502,0.3306700805530498
survset:support2,DeepHit,7,48,8337,36.400550842285156,1,3.7416574954986572,0.9842851048201047,0.015714895179895327,7.745966911315918,0.96687078933669,0.03312921066330998,16.248077392578125,0.6595507192401455,0.3404492807598545
survset:support2,DeepHit,7,48,3915,39.64845657348633,0,3.7416574954986572,0.9945694500397404,0.005430549960259601,7.745966911315918,0.9898075693661569,0.01019243063384312,16.248077392578125,0.818596042919053,0.18140395708094703
survset:support2,DeepHit,7,48,6588,37.34969711303711,0,3.7416574954986572,0.9872338989657091,0.012766101034290878,7.745966911315918,0.976479445214579,0.023520554785421033,16.248077392578125,0.7308374123727714,0.26916258762722856
survset:support2,DeepHit,7,48,7920,7.745966911315918,1,3.7416574954986572,0.9823682694243895,0.017631730575610516,7.745966911315918,0.9441214839135686,0.05587851608643135,16.248077392578125,0.6746045132687906,0.32539548673120944
survset:support2,DeepHit,7,48,5273,6.855654716491699,1,3.7416574954986572,0.4788634568752515,0.5211365431247486,7.745966911315918,0.05166099198008521,0.9483390080199148,16.248077392578125,0.03621951514269167,0.9637804848573084
survset:support2,DeepHit,7,48,1773,6.164413928985596,1,3.7416574954986572,0.5209156351608032,0.4790843648391968,7.745966911315918,0.01429056721632019,0.9857094327836798,16.248077392578125,0.009680900679486201,0.9903190993205138
survset:support2,DeepHit,7,48,5939,38.01315689086914,1,3.7416574954986572,0.9874319264976392,0.012568073502360777,7.745966911315918,0.9772008201061863,0.022799179893813748,16.248077392578125,0.7118832634112092,0.2881167365887908
survset:support2,DeepHit,7,48,781,36.79673767089844,0,3.7416574954986572,0.9939883113272745,0.0060116886727255014,7.745966911315918,0.987800095659002,0.012199904340998047,16.248077392578125,0.7089692607172245,0.29103073928277545
survset:support2,DeepHit,7,48,6512,23.151674270629883,1,3.7416574954986572,0.9945663287491965,0.005433671250803518,7.745966911315918,0.9846507928374522,0.01534920716254784,16.248077392578125,0.7045074127171825,0.29549258728281746
survset:support2,DeepHit,7,48,5213,2.0,1,3.7416574954986572,0.4654725212028995,0.5345274787971005,7.745966911315918,0.05140785165462904,0.948592148345371,16.248077392578125,0.04221828292565418,0.9577817170743458
survset:support2,DeepHit,7,48,6808,32.186954498291016,0,3.7416574954986572,0.9882863239516457,0.011713676048354271,7.745966911315918,0.9798708043931016,0.02012919560689841,16.248077392578125,0.7738990615487144,0.22610093845128565
survset:support2,DeepHit,7,48,8070,9.848857879638672,1,3.7416574954986572,0.9919550218385716,0.008044978161428351,7.745966911315918,0.9816538838309772,0.01834611616902282,16.248077392578125,0.6707889779945619,0.32921102200543806
survset:support2,DeepHit,7,48,6051,43.11612319946289,0,3.7416574954986572,0.9869284170931204,0.013071582906879597,7.745966911315918,0.9697479857697934,0.030252014230206625,16.248077392578125,0.6896641505595444,0.31033584944045556
survset:support2,DeepHit,7,48,2994,6.0,1,3.7416574954986572,0.5452733166805922,0.4547266833194078,7.745966911315918,0.046914182949569685,0.9530858170504303,16.248077392578125,0.031686751251920324,0.9683132487480797
survset:support2,DeepHit,7,48,2597,30.70830535888672,0,3.7416574954986572,0.9821515040768103,0.01784849592318971,7.745966911315918,0.963810526222112,0.03618947377788795,16.248077392578125,0.7213820501860357,0.27861794981396426
survset:support2,DeepHit,7,48,3548,1.7320507764816284,1,3.7416574954986572,0.12315346419208135,0.8768465358079186,7.745966911315918,0.040733137856681687,0.9592668621433184,16.248077392578125,0.036268506082935484,0.9637314939170645
survset:support2,DeepHit,7,48,1935,8.0,1,3.7416574954986572,0.9936240619272314,0.006375938072768594,7.745966911315918,0.9872893652512701,0.01271063474872991,16.248077392578125,0.7484502776504579,0.2515497223495421
survset:support2,DeepHit,7,48,7464,5.656854152679443,1,3.7416574954986572,0.580541312405636,0.419458687594364,7.745966911315918,0.03124653071525054,0.9687534692847495,16.248077392578125,0.02336120704083409,0.9766387929591659
survset:support2,DeepHit,7,48,2360,34.65544509887695,1,3.7416574954986572,0.9925324621536017,0.007467537846398309,7.745966911315918,0.9827856010416341,0.01721439895836585,16.248077392578125,0.7137565245478187,0.2862434754521813
survset:support2,DeepHit,7,48,7067,4.358899116516113,1,3.7416574954986572,0.4847907863065043,0.5152092136934957,7.745966911315918,0.025390320465051498,0.9746096795349485,16.248077392578125,0.020245145164608472,0.9797548548353915
survset:support2,DeepHit,7,48,3639,28.44292449951172,1,3.7416574954986572,0.992913675518043,0.007086324481957007,7.745966911315918,0.9878274916091112,0.012172508390888792,16.248077392578125,0.7044023133315701,0.2955976866684299
survset:support2,DeepHit,7,48,4032,38.50973892211914,0,3.7416574954986572,0.9945711912531948,0.0054288087468051804,7.745966911315918,0.9856142720769361,0.014385727923063918,16.248077392578125,0.7670613568167106,0.23293864318328938
survset:support2,DeepHit,7,48,2048,40.62019348144531,0,3.7416574954986572,0.9779919997692638,0.022008000230736235,7.745966911315918,0.9261792170028414,0.07382078299715855,16.248077392578125,0.592705772352201,0.407294227647799
survset:support2,DeepHit,7,48,1207,26.925823211669922,0,3.7416574954986572,0.9872728073821658,0.012727192617834171,7.745966911315918,0.9748769519633388,0.02512304803666121,16.248077392578125,0.6731779467639591,0.32682205323604085
survset:support2,DeepHit,7,48,769,3.316624879837036,1,3.7416574954986572,0.40345046782678656,0.5965495321732135,7.745966911315918,0.03723454788474076,0.9627654521152592,16.248077392578125,0.03099637683265604,0.969003623167344
survset:support2,DeepHit,7,48,1696,12.688577651977539,1,3.7416574954986572,0.9903039357808617,0.009696064219138267,7.745966911315918,0.9826373951743823,0.01736260482561769,16.248077392578125,0.7396071960461232,0.26039280395387676
survset:support2,DeepHit,7,48,6704,25.84569549560547,1,3.7416574954986572,0.9911391532190268,0.008860846780973208,7.745966911315918,0.9834853294135112,0.01651467058648881,16.248077392578125,0.7018254573352075,0.2981745426647925
survset:support2,DeepHit,7,48,379,22.803508758544922,1,3.7416574954986572,0.9904283978972227,0.009571602102777299,7.745966911315918,0.9759856784129063,0.024014321587093712,16.248077392578125,0.7427345344029695,0.25726546559703045
survset:support2,DeepHit,7,48,8288,18.574174880981445,1,3.7416574954986572,0.988412331939426,0.011587668060573986,7.745966911315918,0.9695415571910357,0.03045844280896426,16.248077392578125,0.6489043441878464,0.35109565581215363
survset:support2,DeepHit,7,48,24,19.974985122680664,1,3.7416574954986572,0.9929569008243949,0.007043099175605083,7.745966911315918,0.9858542634752689,0.014145736524731056,16.248077392578125,0.6844175161445437,0.3155824838554563
survset:support2,DeepHit,7,48,174,4.358899116516113,1,3.7416574954986572,0.5728301278781212,0.42716987212187885,7.745966911315918,0.016956738010120646,0.9830432619898793,16.248077392578125,0.009327481870061162,0.9906725181299388
survset:support2,DeepHit,7,48,497,5.916079998016357,1,3.7416574954986572,0.5603809852143291,0.4396190147856709,7.745966911315918,0.0763051708646508,0.9236948291353492,16.248077392578125,0.04816637583093407,0.9518336241690659
survset:support2,DeepHit,7,48,2530,15.748015403747559,1,3.7416574954986572,0.979541956203785,0.020458043796214964,7.745966911315918,0.9658771779998314,0.034122822000168584,16.248077392578125,0.7039476378968046,0.2960523621031954
survset:support2,DeepHit,7,48,4800,20.4939022064209,1,3.7416574954986572,0.9959759279229103,0.004024072077089658,7.745966911315918,0.9912712954382139,0.008728704561786094,16.248077392578125,0.7090492600473134,0.2909507399526866
survset:support2,DeepHit,7,48,2115,38.30143737792969,1,3.7416574954986572,0.9958374089868302,0.004162591013169847,7.745966911315918,0.9926591534591596,0.00734084654084044,16.248077392578125,0.7570788070734893,0.2429211929265107
survset:support2,DeepHit,7,48,7018,6.633249759674072,1,3.7416574954986572,0.5158221080975164,0.4841778919024836,7.745966911315918,0.03931724496031745,0.9606827550396826,16.248077392578125,0.025318413735884743,0.9746815862641153
survset:support2,DeepHit,7,48,64,15.937376976013184,1,3.7416574954986572,0.9915426028938791,0.008457397106120923,7.745966911315918,0.9836727363314617,0.016327263668538317,16.248077392578125,0.7261110029532231,0.27388899704677694
survset:support2,DeepHit,7,48,8830,25.45584487915039,0,3.7416574954986572,0.9898621083216188,0.010137891678381195,7.745966911315918,0.9823972843332439,0.017602715666756086,16.248077392578125,0.7464509433719837,0.2535490566280163
survset:support2,DeepHit,7,48,6504,1.7320507764816284,1,3.7416574954986572,0.458842505481063,0.541157494518937,7.745966911315918,0.028576092910439763,0.9714239070895603,16.248077392578125,0.020089256293829304,0.9799107437061707
survset:support2,DeepHit,7,48,6580,15.55634880065918,1,3.7416574954986572,0.9910431464429452,0.008956853557054778,7.745966911315918,0.9829685813605499,0.017031418639450124,16.248077392578125,0.7235069435575796,0.2764930564424204
survset:support2,DeepHit,7,48,4382,5.74456262588501,1,3.7416574954986572,0.4804784833076664,0.5195215166923336,7.745966911315918,0.035013923709195566,0.9649860762908045,16.248077392578125,0.02415941430788298,0.9758405856921171
survset:support2,DeepHit,7,48,3463,33.57081985473633,1,3.7416574954986572,0.9901854729989981,0.009814527001001938,7.745966911315918,0.9805441351348093,0.019455864865190686,16.248077392578125,0.7275334473840658,0.2724665526159342
survset:support2,DeepHit,7,48,6162,5.0,1,3.7416574954986572,0.5635406812186196,0.43645931878138045,7.745966911315918,0.04976212159829391,0.950237878401706,16.248077392578125,0.025916342458587174,0.9740836575414128
survset:support2,DeepHit,7,48,6184,3.0,1,3.7416574954986572,0.4543153216546114,0.5456846783453886,7.745966911315918,0.04844064698991355,0.9515593530100864,16.248077392578125,0.039682647854613125,0.9603173521453868
survset:support2,DeepHit,7,48,4893,5.4772257804870605,1,3.7416574954986572,0.5286113074231144,0.47138869257688565,7.745966911315918,0.03804410693578343,0.9619558930642166,16.248077392578125,0.02173535683170077,0.9782646431682992
survset:support2,DeepHit,7,48,2971,25.139610290527344,0,3.7416574954986572,0.9886795635264775,0.011320436473522544,7.745966911315918,0.979188575211036,0.020811424788964028,16.248077392578125,0.7669551122390151,0.23304488776098486
survset:support2,DeepHit,7,48,8984,22.068077087402344,0,3.7416574954986572,0.985924711229579,0.014075288770420968,7.745966911315918,0.9762698885451073,0.023730111454892677,16.248077392578125,0.6959276127394415,0.3040723872605585
survset:support2,DeepHit,7,48,3682,20.904544830322266,1,3.7416574954986572,0.9821094388633734,0.01789056113662657,7.745966911315918,0.9656240233028761,0.03437597669712389,16.248077392578125,0.732550640823312,0.267449359176688
survset:support2,DeepHit,7,48,2935,5.5677642822265625,1,3.7416574954986572,0.5083483721119998,0.4916516278880002,7.745966911315918,0.03307329280061076,0.9669267071993892,16.248077392578125,0.021486940580405497,0.9785130594195945
survset:support2,DeepHit,7,48,809,36.441734313964844,0,3.7416574954986572,0.9959748970606451,0.004025102939354874,7.745966911315918,0.9882158011640165,0.011784198835983473,16.248077392578125,0.7461569434899497,0.25384305651005035
survset:support2,DeepHit,7,48,8411,36.27671432495117,0,3.7416574954986572,0.9930818583562114,0.006918141643788567,7.745966911315918,0.9864736837047522,0.013526316295247809,16.248077392578125,0.7367097996912784,0.26329020030872163
survset:support2,DeepHit,7,48,8883,24.556058883666992,0,3.7416574954986572,0.9921547043920911,0.00784529560790892,7.745966911315918,0.9831360746818633,0.01686392531813674,16.248077392578125,0.7135470216446517,0.28645297835534833
survset:support2,DeepHit,7,48,1102,28.861740112304688,0,3.7416574954986572,0.9891351853274292,0.010864814672570833,7.745966911315918,0.9761435315276835,0.023856468472316483,16.248077392578125,0.7189782365355151,0.28102176346448493
survset:support2,DeepHit,7,48,4313,3.872983455657959,1,3.7416574954986572,0.5380847941024319,0.46191520589756807,7.745966911315918,0.014155271987907976,0.985844728012092,16.248077392578125,0.008339276271486512,0.9916607237285134
survset:support2,DeepHit,7,48,2986,24.85960578918457,0,3.7416574954986572,0.9891084762521035,0.010891523747896481,7.745966911315918,0.9783311974672796,0.02166880253272041,16.248077392578125,0.7671328328009313,0.23286716719906875
survset:support2,DeepHit,7,48,8667,1.7320507764816284,1,3.7416574954986572,0.4437228110032662,0.5562771889967337,7.745966911315918,0.1326847219322734,0.8673152780677266,16.248077392578125,0.10563060754088395,0.8943693924591161
survset:support2,DeepHit,7,48,2907,5.656854152679443,1,3.7416574954986572,0.5430543719032334,0.45694562809676664,7.745966911315918,0.02938499739550803,0.970615002604492,16.248077392578125,0.019705112330707722,0.9802948876692923
survset:support2,DeepHit,7,48,4146,10.29563045501709,1,3.7416574954986572,0.969240745206635,0.030759254793365054,7.745966911315918,0.9177713434731091,0.08222865652689093,16.248077392578125,0.6391844885982996,0.36081551140170043
survset:support2,DeepHit,7,48,5292,22.627416610717773,1,3.7416574954986572,0.9731526868945473,0.02684731310545274,7.745966911315918,0.9570940174344028,0.04290598256559719,16.248077392578125,0.7670381025649654,0.2329618974350346
survset:support2,DeepHit,7,48,5863,9.539392471313477,1,3.7416574954986572,0.9647948118322909,0.03520518816770912,7.745966911315918,0.9327651055772113,0.06723489442278874,16.248077392578125,0.6768982685594392,0.32310173144056076
survset:support2,DeepHit,7,48,7108,2.6457512378692627,1,3.7416574954986572,0.6115719287490108,0.3884280712509892,7.745966911315918,0.05892281452992883,0.9410771854700711,16.248077392578125,0.04403769881113143,0.9559623011888686
survset:support2,DeepHit,7,48,5023,5.4772257804870605,1,3.7416574954986572,0.5446400906408903,0.45535990935910975,7.745966911315918,0.017018282987356814,0.9829817170126431,16.248077392578125,0.008028910906043659,0.9919710890939564
survset:support2,DeepHit,7,48,996,30.610456466674805,0,3.7416574954986572,0.9971740947477616,0.0028259052522383588,7.745966911315918,0.9928748026858352,0.007125197314164833,16.248077392578125,0.7527283072639457,0.24727169273605432
survset:support2,DeepHit,7,48,3283,4.795831680297852,1,3.7416574954986572,0.5417472798979008,0.45825272010209916,7.745966911315918,0.03974067619585382,0.9602593238041461,16.248077392578125,0.02746059136554991,0.9725394086344501
survset:support2,DeepHit,7,48,3832,2.2360680103302,1,3.7416574954986572,0.5140745647555504,0.48592543524444964,7.745966911315918,0.044365141572798576,0.9556348584272014,16.248077392578125,0.028874281428203887,0.9711257185717961
survset:support2,DeepHit,7,48,103,12.369317054748535,1,3.7416574954986572,0.9928797026696714,0.0071202973303285955,7.745966911315918,0.9849290666718887,0.015070933328111269,16.248077392578125,0.723238562354038,0.27676143764596195
survset:support2,DeepHit,7,48,1944,33.34666442871094,1,3.7416574954986572,0.9932273812375806,0.006772618762419413,7.745966911315918,0.9883189305551143,0.011681069444885672,16.248077392578125,0.7382183583963796,0.2617816416036204
survset:support2,DeepHit,7,48,7807,29.916549682617188,1,3.7416574954986572,0.9839182324819872,0.016081767518012824,7.745966911315918,0.9630742395029726,0.03692576049702745,16.248077392578125,0.6292606626557615,0.3707393373442385
survset:support2,DeepHit,7,48,4016,5.099019527435303,1,3.7416574954986572,0.48023864521610604,0.519761354783894,7.745966911315918,0.010113221597035493,0.9898867784029645,16.248077392578125,0.007397452105818611,0.9926025478941813
survset:support2,DeepHit,7,48,9087,19.078784942626953,0,3.7416574954986572,0.9874606345456125,0.012539365454387497,7.745966911315918,0.9727068899631413,0.027293110036858748,16.248077392578125,0.7211305831449834,0.27886941685501665
survset:support2,DeepHit,7,48,6530,27.98213768005371,1,3.7416574954986572,0.9852848274540376,0.01471517254596244,7.745966911315918,0.9753669857632986,0.02463301423670139,16.248077392578125,0.7233093150720106,0.2766906849279894
survset:support2,DeepHit,7,48,431,25.495098114013672,1,3.7416574954986572,0.9679028693060536,0.032097130693946374,7.745966911315918,0.9137124953418363,0.0862875046581637,16.248077392578125,0.6127623188524787,0.38723768114752133
survset:support2,DeepHit,7,48,3565,42.69660568237305,0,3.7416574954986572,0.9939122210217255,0.006087778978274505,7.745966911315918,0.9892687656421404,0.01073123435785961,16.248077392578125,0.8046172686137991,0.19538273138620088
survset:support2,DeepHit,7,48,3467,12.922847747802734,1,3.7416574954986572,0.9914142352338609,0.008585764766139148,7.745966911315918,0.9821364582295151,0.01786354177048488,16.248077392578125,0.7347484878241111,0.26525151217588894
survset:support2,DeepHit,7,48,5391,15.165750503540039,1,3.7416574954986572,0.986605410908999,0.013394589091000997,7.745966911315918,0.9747327291999935,0.02526727080000646,16.248077392578125,0.7491653733141469,0.2508346266858531
survset:support2,DeepHit,7,48,8520,3.0,1,3.7416574954986572,0.5304150687940257,0.46958493120597433,7.745966911315918,0.022931139583055874,0.9770688604169441,16.248077392578125,0.012555506793336986,0.987444493206663
survset:support2,DeepHit,7,48,7988,42.083251953125,0,3.7416574954986572,0.9890983296407687,0.010901670359231286,7.745966911315918,0.9742026338579037,0.025797366142096267,16.248077392578125,0.715140512649604,0.284859487350396
survset:support2,DeepHit,7,48,1478,21.51743507385254,0,3.7416574954986572,0.9834450323551838,0.016554967644816232,7.745966911315918,0.9695357044708204,0.03046429552917962,16.248077392578125,0.7394294712722457,0.2605705287277543
survset:support2,DeepHit,7,48,7822,7.745966911315918,1,3.7416574954986572,0.9921143765029641,0.00788562349703592,7.745966911315918,0.922529884845692,0.07747011515430802,16.248077392578125,0.5696411574834715,0.43035884251652845
survset:support2,DeepHit,7,48,6630,37.0,0,3.7416574954986572,0.9914151890316598,0.008584810968340184,7.745966911315918,0.9869587511720371,0.01304124882796287,16.248077392578125,0.7679373009215642,0.2320626990784358
survset:support2,DeepHit,7,48,1809,39.71146011352539,1,3.7416574954986572,0.9808113864794931,0.019188613520506936,7.745966911315918,0.9712504727321892,0.02874952726781077,16.248077392578125,0.7771375921722871,0.22286240782771294
survset:support2,DeepHit,7,48,6422,37.05401611328125,1,3.7416574954986572,0.9952392810943039,0.004760718905696071,7.745966911315918,0.9832399023253197,0.01676009767468034,16.248077392578125,0.6856395242339817,0.31436047576601833
survset:support2,DeepHit,7,48,1798,43.35896682739258,0,3.7416574954986572,0.9911225573436955,0.008877442656304524,7.745966911315918,0.9823091241616857,0.0176908758383143,16.248077392578125,0.7435349850001624,0.25646501499983765
survset:support2,DeepHit,7,48,439,40.8166618347168,0,3.7416574954986572,0.9886080138280043,0.01139198617199566,7.745966911315918,0.9784775435751392,0.021522456424860836,16.248077392578125,0.7523559355202937,0.24764406447970633
survset:support2,DeepHit,7,48,5104,25.826343536376953,0,3.7416574954986572,0.9862046402265293,0.013795359773470683,7.745966911315918,0.9762763301941058,0.023723669805894243,16.248077392578125,0.7871702078311167,0.2128297921688833
survset:support2,DeepHit,7,48,4075,27.221315383911133,1,3.7416574954986572,0.9814721473270719,0.018527852672928113,7.745966911315918,0.9624178601847883,0.037582139815211746,16.248077392578125,0.6812792654198248,0.31872073458017525
survset:support2,DeepHit,7,48,7058,29.137603759765625,0,3.7416574954986572,0.9883373619934239,0.011662638006576076,7.745966911315918,0.9813386376483567,0.018661362351643285,16.248077392578125,0.7280558614145698,0.2719441385854302
survset:support2,DeepHit,7,48,6796,16.462078094482422,1,3.7416574954986572,0.9901362649117611,0.0098637350882389,7.745966911315918,0.9803503207913502,0.019649679208649795,16.248077392578125,0.7288267961612318,0.2711732038387682
survset:support2,DeepHit,7,48,3119,21.563858032226562,0,3.7416574954986572,0.996252176659862,0.0037478233401380123,7.745966911315918,0.9897946747865178,0.010205325213482164,16.248077392578125,0.7045701364585761,0.29542986354142386
survset:support2,DeepHit,7,48,4647,30.0,0,3.7416574954986572,0.9783125656183824,0.021687434381617576,7.745966911315918,0.9690876371506277,0.030912362849372266,16.248077392578125,0.8105681052330911,0.18943189476690891
survset:support2,DeepHit,7,48,8228,39.11521530151367,0,3.7416574954986572,0.992666549175589,0.0073334508244109475,7.745966911315918,0.9872108261790175,0.012789173820982547,16.248077392578125,0.718058102745955,0.28194189725404495
survset:support2,DeepHit,7,48,2398,36.2629280090332,0,3.7416574954986572,0.9869619748275472,0.013038025172452783,7.745966911315918,0.9750370960219695,0.02496290397803047,16.248077392578125,0.7523501965092747,0.2476498034907253
survset:support2,DeepHit,7,48,2641,2.0,1,3.7416574954986572,0.5479032288697416,0.45209677113025837,7.745966911315918,0.034703863974808326,0.9652961360251917,16.248077392578125,0.024502665930546935,0.975497334069453
survset:support2,DeepHit,7,48,2706,29.35983657836914,0,3.7416574954986572,0.9922661914027722,0.007733808597227831,7.745966911315918,0.9859963343114754,0.014003665688524625,16.248077392578125,0.7423775334176597,0.25762246658234034
survset:support2,DeepHit,7,48,2284,8.5440034866333,1,3.7416574954986572,0.9929064863357601,0.007093513664239937,7.745966911315918,0.9855718392565676,0.01442816074343245,16.248077392578125,0.7336254851437357,0.2663745148562643
survset:support2,DeepHit,7,48,2972,9.797959327697754,1,3.7416574954986572,0.975471716975426,0.024528283024573994,7.745966911315918,0.9626590826539209,0.03734091734607914,16.248077392578125,0.6739442203807937,0.3260557796192063
survset:support2,DeepHit,7,48,5895,44.45222091674805,0,3.7416574954986572,0.9902078602196708,0.009792139780329223,7.745966911315918,0.9696311278291524,0.030368872170847605,16.248077392578125,0.6568878345063723,0.34311216549362766
survset:support2,DeepHit,7,48,6462,13.416407585144043,1,3.7416574954986572,0.9659755935098561,0.03402440649014393,7.745966911315918,0.9320694688909272,0.06793053110907277,16.248077392578125,0.741031050454232,0.258968949545768
survset:support2,DeepHit,7,48,6116,9.05538558959961,1,3.7416574954986572,0.9937356686890898,0.006264331310910198,7.745966911315918,0.9825730728541714,0.017426927145828608,16.248077392578125,0.7081762671372765,0.29182373286272345
survset:support2,DeepHit,7,48,1871,8.66025447845459,1,3.7416574954986572,0.9562318037617401,0.04376819623825989,7.745966911315918,0.9195443900824477,0.0804556099175523,16.248077392578125,0.6741493077183441,0.32585069228165586
survset:support2,DeepHit,7,48,3572,13.928388595581055,1,3.7416574954986572,0.9947071483682332,0.005292851631766848,7.745966911315918,0.9785685219783702,0.021431478021629813,16.248077392578125,0.6410993358796506,0.3589006641203494
survset:support2,DeepHit,7,48,5798,18.65475845336914,0,3.7416574954986572,0.9836369092494591,0.016363090750540876,7.745966911315918,0.9487364736700024,0.051263526329997644,16.248077392578125,0.6411650662199927,0.3588349337800073
survset:support2,DeepHit,7,48,4119,9.433980941772461,1,3.7416574954986572,0.9843008486624137,0.01569915133758626,7.745966911315918,0.9408522826506059,0.05914771734939406,16.248077392578125,0.6232783704718117,0.37672162952818833
survset:support2,DeepHit,7,48,8959,5.916079998016357,1,3.7416574954986572,0.5369479935255281,0.46305200647447187,7.745966911315918,0.02735083981424229,0.9726491601857578,16.248077392578125,0.012240374845537975,0.987759625154462
survset:support2,DeepHit,7,48,4232,3.316624879837036,1,3.7416574954986572,0.5425432734151335,0.45745672658486647,7.745966911315918,0.015082518608934933,0.984917481391065,16.248077392578125,0.007198020392958877,0.9928019796070411
survset:support2,DeepHit,7,48,7181,27.495454788208008,0,3.7416574954986572,0.9898690869798105,0.010130913020189536,7.745966911315918,0.9771315657188381,0.02286843428116192,16.248077392578125,0.7366261873778435,0.26337381262215653
survset:support2,DeepHit,7,48,8151,40.0,0,3.7416574954986572,0.9929054828271154,0.007094517172884562,7.745966911315918,0.985799605582634,0.01420039441736598,16.248077392578125,0.729962765902314,0.270037234097686
survset:support2,DeepHit,7,48,2805,27.910572052001953,0,3.7416574954986572,0.9342727824056378,0.06572721759436218,7.745966911315918,0.8682249377434146,0.13177506225658542,16.248077392578125,0.6745340141693545,0.32546598583064545
survset:support2,DeepHit,7,48,5880,39.39543151855469,1,3.7416574954986572,0.9918598440300561,0.008140155969943885,7.745966911315918,0.9826956645852771,0.01730433541472287,16.248077392578125,0.6806119358995572,0.31938806410044285
survset:support2,DeepHit,7,48,3158,20.688159942626953,0,3.7416574954986572,0.9928576345160587,0.007142365483941315,7.745966911315918,0.9834160912314712,0.016583908768528777,16.248077392578125,0.7214769641975157,0.2785230358024843
survset:support2,DeepHit,7,48,209,2.4494898319244385,1,3.7416574954986572,0.4718703084849879,0.5281296915150121,7.745966911315918,0.03776111693278911,0.9622388830672108,16.248077392578125,0.027480171740801522,0.9725198282591985
survset:support2,DeepHit,7,48,7589,21.470911026000977,0,3.7416574954986572,0.9924556613590948,0.0075443386409052016,7.745966911315918,0.9872651344053655,0.012734865594634548,16.248077392578125,0.767547340711429,0.23245265928857095
survset:support2,DeepHit,7,48,5845,4.582575798034668,1,3.7416574954986572,0.5540588945677167,0.44594110543228327,7.745966911315918,0.029189901851821548,0.9708100981481784,16.248077392578125,0.014157980090258253,0.9858420199097417
survset:support2,DeepHit,7,48,2234,1.7320507764816284,1,3.7416574954986572,0.54826109933593,0.45173890066406996,7.745966911315918,0.014340433167589735,0.9856595668324103,16.248077392578125,0.009559428226969868,0.9904405717730301
survset:support2,DeepHit,7,48,8780,26.570659637451172,0,3.7416574954986572,0.9916700869484847,0.008329913051515314,7.745966911315918,0.9837432222395042,0.016256777760495833,16.248077392578125,0.743499359601937,0.256500640398063
survset:support2,DeepHit,7,48,7335,25.377155303955078,0,3.7416574954986572,0.9952565978820322,0.004743402117967754,7.745966911315918,0.983883096514697,0.016116903485303036,16.248077392578125,0.7226898503592564,0.27731014964074363
survset:support2,DeepHit,7,48,2113,35.45419692993164,1,3.7416574954986572,0.9921465625121157,0.007853437487884252,7.745966911315918,0.9860236510169554,0.013976348983044562,16.248077392578125,0.7501102445791457,0.24988975542085434
survset:support2,DeepHit,7,48,4620,30.232433319091797,0,3.7416574954986572,0.9870829806562197,0.012917019343780312,7.745966911315918,0.9785526685572501,0.021447331442749906,16.248077392578125,0.8285688235383247,0.17143117646167527
survset:support2,DeepHit,7,48,8051,30.675724029541016,1,3.7416574954986572,0.9890006448776513,0.01099935512234873,7.745966911315918,0.9749184215486204,0.025081578451379594,16.248077392578125,0.6633030149307901,0.33669698506920986
survset:support2,DeepHit,7,48,4043,10.630146026611328,1,3.7416574954986572,0.9856867238588093,0.014313276141190712,7.745966911315918,0.9666371225110245,0.033362877488975484,16.248077392578125,0.6945864644210663,0.3054135355789337
survset:support2,DeepHit,7,48,489,26.77685546875,1,3.7416574954986572,0.9877027640988558,0.012297235901144177,7.745966911315918,0.9769359224801949,0.023064077519805104,16.248077392578125,0.7421132403834833,0.25788675961651675
survset:support2,DeepHit,7,48,6155,25.65151023864746,1,3.7416574954986572,0.9840736142687728,0.015926385731227177,7.745966911315918,0.9689833020244364,0.031016697975563612,16.248077392578125,0.7770462913346405,0.22295370866535946
survset:support2,DeepHit,7,48,8828,14.387495040893555,1,3.7416574954986572,0.9952003710879004,0.004799628912099618,7.745966911315918,0.9912854872041387,0.008714512795861329,16.248077392578125,0.8293744913045015,0.17062550869549853
survset:support2,DeepHit,7,48,7021,2.4494898319244385,1,3.7416574954986572,0.41202579534682093,0.5879742046531791,7.745966911315918,0.03428193212248918,0.9657180678775108,16.248077392578125,0.02579292854038421,0.9742070714596158
survset:support2,DeepHit,7,48,2484,4.4721360206604,1,3.7416574954986572,0.4526134883868359,0.5473865116131641,7.745966911315918,0.03450058215518668,0.9654994178448133,16.248077392578125,0.029581189496555166,0.9704188105034448
survset:support2,DeepHit,7,48,3301,40.47221374511719,1,3.7416574954986572,0.988252674453395,0.011747325546604959,7.745966911315918,0.9758869152094709,0.024113084790529093,16.248077392578125,0.6907976777045274,0.3092023222954726
survset:support2,DeepHit,7,48,3495,43.382022857666016,0,3.7416574954986572,0.9841481490866835,0.015851850913316534,7.745966911315918,0.9674913480170968,0.0325086519829032,16.248077392578125,0.7480680520046725,0.2519319479953275
survset:support2,DeepHit,7,48,4623,30.21588897705078,0,3.7416574954986572,0.9930037691280196,0.0069962308719804245,7.745966911315918,0.9888875467480885,0.011112453251911458,16.248077392578125,0.8195348517101665,0.1804651482898335
survset:support2,DeepHit,7,48,531,39.799495697021484,0,3.7416574954986572,0.9845114269076475,0.01548857309235252,7.745966911315918,0.9742876268995828,0.025712373100417185,16.248077392578125,0.7512716569938674,0.24872834300613256
survset:support2,DeepHit,7,48,8353,37.2827033996582,0,3.7416574954986572,0.9881415921087263,0.011858407891273681,7.745966911315918,0.9767248646319465,0.02327513536805348,16.248077392578125,0.761345506960624,0.23865449303937603
survset:support2,DeepHit,7,48,9005,21.656408309936523,0,3.7416574954986572,0.9745827152130294,0.025417284786970584,7.745966911315918,0.9526637174836262,0.047336282516373784,16.248077392578125,0.6628401701262546,0.3371598298737454
survset:support2,DeepHit,7,48,7291,4.358899116516113,1,3.7416574954986572,0.4925462430459586,0.5074537569540414,7.745966911315918,0.020228397753734247,0.9797716022462658,16.248077392578125,0.01300282706691407,0.986997172933086
survset:support2,DeepHit,7,48,986,8.5440034866333,1,3.7416574954986572,0.9933795373698215,0.006620462630178459,7.745966911315918,0.9837781504423542,0.01622184955764583,16.248077392578125,0.7318846732155488,0.26811532678445116
survset:support2,DeepHit,7,48,472,2.4494898319244385,1,3.7416574954986572,0.4593311983293651,0.5406688016706349,7.745966911315918,0.021306119848507877,0.9786938801514922,16.248077392578125,0.014264103537323122,0.9857358964626769
survset:support2,DeepHit,7,48,1358,10.770329475402832,1,3.7416574954986572,0.9826434562757197,0.017356543724280304,7.745966911315918,0.9637189502264226,0.03628104977357738,16.248077392578125,0.6779513257069074,0.3220486742930926
survset:support2,DeepHit,7,48,204,16.703292846679688,1,3.7416574954986572,0.992802795802838,0.007197204197161966,7.745966911315918,0.9841477514221828,0.015852248577817196,16.248077392578125,0.69589198944725,0.30410801055275005
survset:support2,DeepHit,7,48,7554,22.090721130371094,0,3.7416574954986572,0.9973363712602719,0.002663628739728141,7.745966911315918,0.9957265839657549,0.004273416034245137,16.248077392578125,0.8193251312461506,0.18067486875384942
survset:support2,DeepHit,7,48,7240,26.645824432373047,0,3.7416574954986572,0.9981540555513692,0.001845944448630843,7.745966911315918,0.9960841053610335,0.003915894638966466,16.248077392578125,0.7970600267369997,0.20293997326300028
survset:support2,DeepHit,7,48,4050,3.1622776985168457,1,3.7416574954986572,0.5311559695687988,0.46884403043120115,7.745966911315918,0.041936413432854834,0.9580635865671452,16.248077392578125,0.023965609616834,0.976034390383166
survset:support2,DeepHit,7,48,7002,2.2360680103302,1,3.7416574954986572,0.5269041109976392,0.47309588900236077,7.745966911315918,0.05114471744470749,0.9488552825552925,16.248077392578125,0.03692600345915448,0.9630739965408455
survset:support2,DeepHit,7,48,1106,23.979158401489258,1,3.7416574954986572,0.9898329679927635,0.010167032007236454,7.745966911315918,0.9736712209555166,0.026328779044483386,16.248077392578125,0.6964684574072783,0.30353154259272175
survset:support2,DeepHit,7,48,3365,2.4494898319244385,1,3.7416574954986572,0.512684058414918,0.48731594158508196,7.745966911315918,0.023555673753654312,0.9764443262463457,16.248077392578125,0.015791355833418945,0.984208644166581
survset:support2,DeepHit,7,48,8826,4.123105525970459,1,3.7416574954986572,0.497793822434983,0.5022061775650171,7.745966911315918,0.03127571447472434,0.9687242855252757,16.248077392578125,0.020848491045014423,0.9791515089549856
survset:support2,DeepHit,7,48,8044,21.095022201538086,1,3.7416574954986572,0.9880117891959678,0.011988210804032229,7.745966911315918,0.9764100839476888,0.0235899160523112,16.248077392578125,0.7119218694520112,0.2880781305479888
survset:support2,DeepHit,7,48,371,3.0,1,3.7416574954986572,0.5180347318209976,0.4819652681790024,7.745966911315918,0.019180985696804268,0.9808190143031957,16.248077392578125,0.013564703852726645,0.9864352961472733
survset:support2,DeepHit,7,48,3514,6.633249759674072,1,3.7416574954986572,0.46620389765099096,0.533796102349009,7.745966911315918,0.02977068900916258,0.9702293109908374,16.248077392578125,0.02130507279958227,0.9786949272004177
survset:support2,DeepHit,7,48,4919,27.604347229003906,0,3.7416574954986572,0.991858119878428,0.00814188012157202,7.745966911315918,0.9882701136633484,0.011729886336651618,16.248077392578125,0.7770635626642031,0.22293643733579693
survset:support2,DeepHit,7,48,581,14.247806549072266,1,3.7416574954986572,0.9828552895922844,0.01714471040771559,7.745966911315918,0.965662293059908,0.03433770694009197,16.248077392578125,0.6872765827422056,0.3127234172577944
survset:support2,DeepHit,7,48,4258,16.852298736572266,1,3.7416574954986572,0.9928070536983503,0.007192946301649683,7.745966911315918,0.9818089857808128,0.01819101421918723,16.248077392578125,0.7190138652129455,0.2809861347870545
survset:support2,DeepHit,7,48,3905,6.082762718200684,1,3.7416574954986572,0.5181582768889744,0.4818417231110256,7.745966911315918,0.022199728436715617,0.9778002715632844,16.248077392578125,0.010592376757498448,0.9894076232425015
survset:support2,DeepHit,7,48,4326,4.358899116516113,1,3.7416574954986572,0.5103776432840702,0.4896223567159298,7.745966911315918,0.0341458189084204,0.9658541810915796,16.248077392578125,0.019346872677649337,0.9806531273223507
survset:support2,DeepHit,7,48,5739,2.2360680103302,1,3.7416574954986572,0.5007223256499977,0.49927767435000225,7.745966911315918,0.01185672530128851,0.9881432746987114,16.248077392578125,0.007877181994150903,0.9921228180058491
survset:support2,DeepHit,7,48,30,44.855323791503906,0,3.7416574954986572,0.9908383399269036,0.009161660073096378,7.745966911315918,0.9801157519349172,0.01988424806508282,16.248077392578125,0.7537715464655229,0.2462284535344771
survset:support2,DeepHit,7,48,392,38.7685432434082,1,3.7416574954986572,0.9955779180875417,0.004422081912458298,7.745966911315918,0.992517550485847,0.007482449514153,16.248077392578125,0.7508700446713629,0.24912995532863713
survset:support2,DeepHit,7,48,368,41.66533279418945,0,3.7416574954986572,0.9937029901382259,0.006297009861774061,7.745966911315918,0.9783160305371679,0.02168396946283213,16.248077392578125,0.6470229657576322,0.3529770342423678
survset:support2,DeepHit,7,48,8115,28.861740112304688,1,3.7416574954986572,0.9919874793133213,0.008012520686678681,7.745966911315918,0.9847775806839619,0.015222419316038072,16.248077392578125,0.7270158461264391,0.2729841538735609
survset:support2,DeepHit,7,48,286,28.284271240234375,1,3.7416574954986572,0.9919956287154404,0.008004371284559553,7.745966911315918,0.9834779152014645,0.016522084798535452,16.248077392578125,0.6969213624237289,0.30307863757627107
survset:support2,DeepHit,7,48,437,7.549834251403809,1,3.7416574954986572,0.41726977549782285,0.5827302245021772,7.745966911315918,0.028129377421779782,0.9718706225782202,16.248077392578125,0.02408492952235852,0.9759150704776415
survset:support2,DeepHit,7,48,1176,15.968719482421875,1,3.7416574954986572,0.9938050195418362,0.006194980458163801,7.745966911315918,0.9844869192638146,0.015513080736185403,16.248077392578125,0.7402270010365518,0.2597729989634482
survset:support2,DeepHit,7,48,7709,13.527749061584473,1,3.7416574954986572,0.9925703729170722,0.0074296270829278255,7.745966911315918,0.9786630700081973,0.0213369299918027,16.248077392578125,0.6368276209895193,0.3631723790104807
survset:support2,DeepHit,7,48,5460,22.69361114501953,0,3.7416574954986572,0.9696834855342737,0.030316514465726252,7.745966911315918,0.9487028757475976,0.051297124252402404,16.248077392578125,0.7345798931780458,0.26542010682195416
survset:support2,DeepHit,7,48,4023,27.53179931640625,1,3.7416574954986572,0.9923821311182979,0.007617868881702128,7.745966911315918,0.9867141257531999,0.013285874246800056,16.248077392578125,0.7645056303071287,0.2354943696928713
survset:support2,DeepHit,7,48,8290,33.734256744384766,1,3.7416574954986572,0.9911216653609571,0.008878334639042862,7.745966911315918,0.9843341795472844,0.015665820452715584,16.248077392578125,0.7069952863252265,0.29300471367477354
survset:support2,DeepHit,7,48,4505,2.4494898319244385,1,3.7416574954986572,0.508267608645946,0.491732391354054,7.745966911315918,0.018492790504268657,0.9815072094957313,16.248077392578125,0.009142506943088234,0.9908574930569117
survset:support2,DeepHit,7,48,7402,24.67792510986328,0,3.7416574954986572,0.9927805603639379,0.007219439636062086,7.745966911315918,0.9821953062287698,0.017804693771230173,16.248077392578125,0.7005800979152438,0.2994199020847562
survset:support2,DeepHit,7,48,8320,37.709415435791016,0,3.7416574954986572,0.9871896126278973,0.012810387372102716,7.745966911315918,0.9756475729382714,0.024352427061728577,16.248077392578125,0.748214636987472,0.25178536301252796
survset:support2,DeepHit,7,48,965,2.2360680103302,1,3.7416574954986572,0.4737948726050763,0.5262051273949238,7.745966911315918,0.029837803752698826,0.9701621962473012,16.248077392578125,0.02390220535532021,0.9760977946446798
survset:support2,DeepHit,7,48,7540,2.6457512378692627,1,3.7416574954986572,0.48066677489175585,0.5193332251082441,7.745966911315918,0.0171261844458338,0.9828738155541662,16.248077392578125,0.013106066948981495,0.9868939330510185
survset:support2,DeepHit,7,48,7538,22.38302993774414,0,3.7416574954986572,0.9979971006660869,0.0020028993339130663,7.745966911315918,0.9969044467509787,0.0030955532490213322,16.248077392578125,0.9028926582556206,0.0971073417443794
survset:support2,DeepHit,7,48,8273,38.50973892211914,0,3.7416574954986572,0.9882494769423416,0.011750523057658446,7.745966911315918,0.9799643370694874,0.02003566293051262,16.248077392578125,0.7478787517718626,0.2521212482281374
survset:support2,DeepHit,7,48,8108,12.288206100463867,1,3.7416574954986572,0.9862471356604487,0.013752864339551252,7.745966911315918,0.9768939852476032,0.02310601475239682,16.248077392578125,0.7435592258013103,0.2564407741986897
survset:support2,DeepHit,7,48,8838,2.0,1,3.7416574954986572,0.4778408468302311,0.5221591531697689,7.745966911315918,0.040436401341128414,0.9595635986588715,16.248077392578125,0.03188102111950677,0.9681189788804933
survset:support2,DeepHit,7,48,3409,2.6457512378692627,1,3.7416574954986572,0.49904854018478184,0.5009514598152182,7.745966911315918,0.025657034127921613,0.9743429658720784,16.248077392578125,0.01672846223740014,0.9832715377625999
survset:support2,DeepHit,7,48,5125,25.670995712280273,0,3.7416574954986572,0.9958214681706988,0.004178531829301169,7.745966911315918,0.9928891595276076,0.00711084047239241,16.248077392578125,0.7887411468322121,0.21125885316778792
survset:support2,DeepHit,7,48,2377,10.72380542755127,1,3.7416574954986572,0.9894383794407374,0.010561620559262574,7.745966911315918,0.9708624865411608,0.029137513458839193,16.248077392578125,0.6519148665193895,0.34808513348061054
survset:support2,DeepHit,7,48,2679,29.614185333251953,0,3.7416574954986572,0.9887882069413753,0.011211793058624742,7.745966911315918,0.976620494368563,0.02337950563143698,16.248077392578125,0.6973205164878975,0.3026794835121025
survset:support2,DeepHit,7,48,1701,3.872983455657959,1,3.7416574954986572,0.4674846987013642,0.5325153012986358,7.745966911315918,0.01469938107798302,0.985300618922017,16.248077392578125,0.010740082057593884,0.9892599179424061
survset:support2,DeepHit,7,48,1168,27.838821411132812,0,3.7416574954986572,0.9928527118247078,0.007147288175292199,7.745966911315918,0.9893868103278659,0.010613189672134093,16.248077392578125,0.7635501109500248,0.23644988904997521
survset:support2,DeepHit,7,48,4312,15.198683738708496,1,3.7416574954986572,0.992298764350742,0.007701235649257954,7.745966911315918,0.9810493712720274,0.018950628727972596,16.248077392578125,0.682143175454297,0.31785682454570297
survset:support2,DeepHit,7,48,7808,44.47471237182617,0,3.7416574954986572,0.9958320360761566,0.004167963923843443,7.745966911315918,0.9924797771239819,0.007520222876018057,16.248077392578125,0.7640185448031022,0.23598145519689784
survset:support2,DeepHit,7,48,1811,4.242640495300293,1,3.7416574954986572,0.5347823929662814,0.4652176070337186,7.745966911315918,0.043653357448468356,0.9563466425515317,16.248077392578125,0.02734436808961018,0.9726556319103898
survset:support2,DeepHit,7,48,500,4.4721360206604,1,3.7416574954986572,0.5444538501415266,0.4555461498584734,7.745966911315918,0.055384241532687596,0.9446157584673124,16.248077392578125,0.025416059143395724,0.9745839408566043
survset:support2,DeepHit,7,48,187,2.2360680103302,1,3.7416574954986572,0.413672441561132,0.5863275584388681,7.745966911315918,0.1293580283795343,0.8706419716204656,16.248077392578125,0.1086567804030199,0.8913432195969802
survset:support2,DeepHit,7,48,4898,11.045360565185547,1,3.7416574954986572,0.987365244175057,0.012634755824943,7.745966911315918,0.9800708974041997,0.019929102595800274,16.248077392578125,0.8050587249913804,0.19494127500861957
survset:support2,DeepHit,7,48,1503,21.0,0,3.7416574954986572,0.9671339646063676,0.03286603539363242,7.745966911315918,0.95706442843578,0.04293557156422001,16.248077392578125,0.7974246768772625,0.20257532312273752
survset:support2,DeepHit,7,48,6857,26.570659637451172,1,3.7416574954986572,0.9878610062462836,0.01213899375371641,7.745966911315918,0.9742318209415456,0.02576817905845441,16.248077392578125,0.7475361586046024,0.25246384139539757
survset:support2,DeepHit,7,48,3307,5.916079998016357,1,3.7416574954986572,0.5376962513362602,0.4623037486637398,7.745966911315918,0.024928050506154723,0.9750719494938452,16.248077392578125,0.013437413964937599,0.9865625860350624
survset:support2,DeepHit,7,48,7215,26.90724754333496,0,3.7416574954986572,0.9980891300478062,0.0019108699521938055,7.745966911315918,0.9957804822665137,0.004219517733486278,16.248077392578125,0.8130677840430722,0.18693221595692777
survset:support2,DeepHit,7,48,8577,5.656854152679443,1,3.7416574954986572,0.46523135072550276,0.5347686492744972,7.745966911315918,0.012178611287853375,0.9878213887121466,16.248077392578125,0.008303372244642327,0.9916966277553577
survset:support2,DeepHit,7,48,7638,4.0,1,3.7416574954986572,0.5080520628346873,0.4919479371653127,7.745966911315918,0.025744901138263623,0.9742550988617363,16.248077392578125,0.017231980586537788,0.9827680194134623
survset:support2,DeepHit,7,48,1289,3.7416574954986572,1,3.7416574954986572,0.45581213463091685,0.5441878653690831,7.745966911315918,0.08099842793409717,0.9190015720659028,16.248077392578125,0.06281240999911529,0.9371875900008847
survset:support2,DeepHit,7,48,5615,3.316624879837036,1,3.7416574954986572,0.5395643382322881,0.4604356617677119,7.745966911315918,0.029153507749696012,0.970846492250304,16.248077392578125,0.018982262752337914,0.9810177372476621
survset:support2,DeepHit,7,48,5166,25.298221588134766,0,3.7416574954986572,0.975062079753287,0.02493792024671304,7.745966911315918,0.9499186731372422,0.05008132686275779,16.248077392578125,0.7095383340786103,0.29046166592138967
survset:support2,DeepHit,7,48,4562,2.0,1,3.7416574954986572,0.4645619875807438,0.5354380124192561,7.745966911315918,0.015799891601186545,0.9842001083988134,16.248077392578125,0.011154242454930206,0.9888457575450698
survset:support2,DeepHit,7,48,7869,43.46262741088867,0,3.7416574954986572,0.992641448817451,0.007358551182549022,7.745966911315918,0.9882824447262769,0.01171755527372309,16.248077392578125,0.757672340987885,0.24232765901211495
survset:support2,DeepHit,7,48,8887,9.539392471313477,1,3.7416574954986572,0.9889572792549007,0.011042720745099266,7.745966911315918,0.9534597080756047,0.04654029192439535,16.248077392578125,0.648747916794318,0.351252083205682
survset:support2,DeepHit,7,48,8895,13.152946472167969,1,3.7416574954986572,0.9882287804844093,0.01177121951559068,7.745966911315918,0.9729195449399525,0.027080455060047526,16.248077392578125,0.6946004657758081,0.30539953422419186
survset:support2,DeepHit,7,48,5345,4.582575798034668,1,3.7416574954986572,0.5224533439444498,0.47754665605555024,7.745966911315918,0.036335794726050585,0.9636642052739495,16.248077392578125,0.02290467830624745,0.9770953216937526
survset:support2,DeepHit,7,48,845,32.710853576660156,0,3.7416574954986572,0.9869515057212757,0.013048494278724343,7.745966911315918,0.9714780563023321,0.028521943697667917,16.248077392578125,0.6596469030213471,0.3403530969786529
survset:support2,DeepHit,7,48,252,32.84813690185547,1,3.7416574954986572,0.9870934687663379,0.012906531233662144,7.745966911315918,0.9662284340566067,0.033771565943393256,16.248077392578125,0.6481146050583216,0.35188539494167836
survset:support2,DeepHit,7,48,6729,2.8284270763397217,1,3.7416574954986572,0.42532813687821636,0.5746718631217836,7.745966911315918,0.06314729874400839,0.9368527012559916,16.248077392578125,0.05471227740934046,0.9452877225906595
survset:support2,DeepHit,7,48,583,25.19920539855957,1,3.7416574954986572,0.9765107999473379,0.023489200052662085,7.745966911315918,0.9544910658047614,0.045508934195238604,16.248077392578125,0.6787555692560366,0.32124443074396336
survset:support2,DeepHit,7,48,1488,21.40093421936035,0,3.7416574954986572,0.9847961521084174,0.015203847891582578,7.745966911315918,0.9707789949462695,0.029221005053730487,16.248077392578125,0.7406882477765615,0.2593117522234385
survset:support2,DeepHit,7,48,756,37.08099365234375,0,3.7416574954986572,0.9925709304782296,0.0074290695217703595,7.745966911315918,0.9874952202330876,0.012504779766912444,16.248077392578125,0.7249202662962284,0.2750797337037716
survset:support2,DeepHit,7,48,1740,43.8292121887207,0,3.7416574954986572,0.9824490386664889,0.017550961333511084,7.745966911315918,0.968659673232421,0.03134032676757903,16.248077392578125,0.7580104608377469,0.24198953916225308
survset:support2,DeepHit,7,48,7933,42.7434196472168,0,3.7416574954986572,0.9920589684009309,0.007941031599069115,7.745966911315918,0.9851825510403456,0.014817448959654422,16.248077392578125,0.7572193163966108,0.24278068360338922
survset:support2,DeepHit,7,48,8278,20.952327728271484,1,3.7416574954986572,0.9866203176850122,0.013379682314987762,7.745966911315918,0.9734958574741406,0.02650414252585942,16.248077392578125,0.6794637086481375,0.32053629135186246
survset:support2,DeepHit,7,48,1046,20.639766693115234,1,3.7416574954986572,0.986744286585108,0.013255713414891956,7.745966911315918,0.9721383511507763,0.027861648849223708,16.248077392578125,0.6684139641154383,0.3315860358845617
survset:support2,DeepHit,7,48,2201,15.874507904052734,1,3.7416574954986572,0.9834901490770211,0.016509850922978853,7.745966911315918,0.9620901418765769,0.03790985812342307,16.248077392578125,0.6343696214384041,0.36563037856159586
survset:support2,DeepHit,7,48,511,24.351591110229492,1,3.7416574954986572,0.995224571743178,0.004775428256821979,7.745966911315918,0.981324277048157,0.018675722951843055,16.248077392578125,0.6577533316968768,0.3422466683031232
survset:support2,DeepHit,7,48,5772,3.464101552963257,1,3.7416574954986572,0.5135036431836238,0.48649635681637615,7.745966911315918,0.020183610318457043,0.9798163896815429,16.248077392578125,0.011025513401681647,0.9889744865983183
survset:support2,DeepHit,7,48,6227,3.0,1,3.7416574954986572,0.35270357750169923,0.6472964224983008,7.745966911315918,0.054935261304487164,0.9450647386955129,16.248077392578125,0.0475359377217231,0.952464062278277
survset:support2,DeepHit,7,48,7162,27.73084831237793,0,3.7416574954986572,0.9871973731308082,0.012802626869191758,7.745966911315918,0.9711429581451787,0.028857041854821297,16.248077392578125,0.7112475005502832,0.2887524994497168
survset:support2,DeepHit,7,48,4427,31.827661514282227,0,3.7416574954986572,0.9744459707905072,0.02555402920949279,7.745966911315918,0.9274536852307919,0.07254631476920814,16.248077392578125,0.5768813540504968,0.4231186459495032
survset:support2,DeepHit,7,48,5603,21.189620971679688,0,3.7416574954986572,0.9833241149430785,0.016675885056921524,7.745966911315918,0.9683755675907619,0.03162443240923807,16.248077392578125,0.7650697756907904,0.23493022430920962
survset:support2,DeepHit,7,48,2150,5.830951690673828,1,3.7416574954986572,0.5130969182994729,0.4869030817005271,7.745966911315918,0.034230887605332154,0.9657691123946679,16.248077392578125,0.02393882103513991,0.9760611789648601
survset:support2,DeepHit,7,48,8723,4.795831680297852,1,3.7416574954986572,0.5842458258252866,0.4157541741747134,7.745966911315918,0.1802601219396231,0.8197398780603768,16.248077392578125,0.12220068772415976,0.8777993122758403
survset:support2,DeepHit,7,48,7706,19.595918655395508,0,3.7416574954986572,0.988270096520518,0.011729903479481996,7.745966911315918,0.9755324519811273,0.024467548018872742,16.248077392578125,0.7839221314810082,0.2160778685189918
survset:support2,DeepHit,7,48,5679,20.44504737854004,0,3.7416574954986572,0.9686249721094519,0.031375027890548135,7.745966911315918,0.9510217565898322,0.048978243410167766,16.248077392578125,0.74382047417299,0.25617952582701
survset:support2,DeepHit,7,48,1599,10.049875259399414,1,3.7416574954986572,0.9857677963276888,0.01423220367231115,7.745966911315918,0.9722730697496329,0.0277269302503671,16.248077392578125,0.7354783352876249,0.26452166471237515
survset:support2,DeepHit,7,48,3932,3.464101552963257,1,3.7416574954986572,0.47918814622442474,0.5208118537755753,7.745966911315918,0.02006801507525111,0.9799319849247489,16.248077392578125,0.011832504119675175,0.9881674958803248
survset:support2,DeepHit,7,48,6191,41.7971305847168,0,3.7416574954986572,0.9807691473474852,0.019230852652514785,7.745966911315918,0.9684455160592476,0.03155448394075244,16.248077392578125,0.7405585401141763,0.2594414598858237
survset:support2,DeepHit,7,48,4434,31.764760971069336,0,3.7416574954986572,0.9906623081702773,0.00933769182972266,7.745966911315918,0.9800502415683015,0.01994975843169855,16.248077392578125,0.7391864063385903,0.26081359366140966
survset:support2,DeepHit,7,48,7390,24.75883674621582,0,3.7416574954986572,0.9864457319137806,0.013554268086219401,7.745966911315918,0.9722582985537279,0.027741701446272082,16.248077392578125,0.7317974539304849,0.2682025460695151
survset:support2,DeepHit,7,48,1376,19.79899024963379,1,3.7416574954986572,0.98945003875299,0.01054996124701002,7.745966911315918,0.9761258056794506,0.02387419432054938,16.248077392578125,0.6753490842356334,0.32465091576436655
survset:support2,DeepHit,7,48,7054,5.74456262588501,1,3.7416574954986572,0.5302895875134902,0.4697104124865098,7.745966911315918,0.08650192779596315,0.9134980722040369,16.248077392578125,0.06931581033930685,0.9306841896606931
survset:support2,DeepHit,7,48,5006,8.9442720413208,1,3.7416574954986572,0.9886310945533677,0.011368905446632271,7.745966911315918,0.9632371769696088,0.036762823030391245,16.248077392578125,0.6909716363120317,0.30902836368796827
survset:support2,DeepHit,7,48,4594,8.306623458862305,1,3.7416574954986572,0.9760296385413962,0.02397036145860376,7.745966911315918,0.9469088131539598,0.053091186846040195,16.248077392578125,0.6962706485309792,0.3037293514690208
survset:support2,DeepHit,7,48,8857,12.041594505310059,1,3.7416574954986572,0.9649887382438135,0.03501126175618652,7.745966911315918,0.8901195278094848,0.10988047219051522,16.248077392578125,0.5163959665798796,0.48360403342012037
survset:support2,DeepHit,7,48,504,4.358899116516113,1,3.7416574954986572,0.4862857989453528,0.5137142010546472,7.745966911315918,0.025333193831109883,0.9746668061688901,16.248077392578125,0.01767439407233443,0.9823256059276656
survset:support2,DeepHit,7,48,1034,20.976177215576172,1,3.7416574954986572,0.9892528211317114,0.010747178868288576,7.745966911315918,0.9791055751156922,0.020894424884307816,16.248077392578125,0.7376014731036509,0.2623985268963491
survset:support2,DeepHit,7,48,7392,24.73863410949707,0,3.7416574954986572,0.9921342309247414,0.0078657690752586,7.745966911315918,0.9838202679030936,0.016179732096906374,16.248077392578125,0.7315689572228994,0.2684310427771006
survset:support2,DeepHit,7,48,2245,9.486832618713379,1,3.7416574954986572,0.982943269755468,0.017056730244532026,7.745966911315918,0.9702774056691778,0.02972259433082225,16.248077392578125,0.7507008369488202,0.24929916305117983
survset:support2,DeepHit,7,48,4011,38.69108581542969,0,3.7416574954986572,0.9928189844680367,0.007181015531963264,7.745966911315918,0.9893516782315054,0.010648321768494617,16.248077392578125,0.8042038604580504,0.19579613954194963
survset:support2,DeepHit,7,48,4234,8.602325439453125,1,3.7416574954986572,0.9835681078458747,0.016431892154125327,7.745966911315918,0.9662599918795056,0.03374000812049438,16.248077392578125,0.7331548517988982,0.26684514820110183
survset:support2,DeepHit,7,48,7004,10.58300495147705,1,3.7416574954986572,0.978273413765521,0.021726586234478984,7.745966911315918,0.9637253941771895,0.0362746058228105,16.248077392578125,0.7944787868889494,0.20552121311105065
survset:support2,DeepHit,7,48,3337,44.44097137451172,0,3.7416574954986572,0.993130243960172,0.006869756039827979,7.745966911315918,0.9766645159803968,0.02333548401960317,16.248077392578125,0.7287161338307232,0.2712838661692768
survset:support2,DeepHit,7,48,8261,38.66522979736328,0,3.7416574954986572,0.9931456526298066,0.006854347370193414,7.745966911315918,0.9878590231275682,0.012140976872431763,16.248077392578125,0.7392071800942861,0.2607928199057139
survset:support2,DeepHit,7,48,4579,6.164413928985596,1,3.7416574954986572,0.5219244264046367,0.47807557359536335,7.745966911315918,0.09033778040437357,0.9096622195956264,16.248077392578125,0.06380574515085832,0.9361942548491416
survset:support2,DeepHit,7,48,8500,1.7320507764816284,1,3.7416574954986572,0.38330713491603685,0.6166928650839631,7.745966911315918,0.045402137428003135,0.9545978625719969,16.248077392578125,0.03937062239553275,0.9606293776044672
survset:support2,DeepHit,7,48,4287,27.12932014465332,1,3.7416574954986572,0.9900017481897486,0.00999825181025138,7.745966911315918,0.9628087868686516,0.03719121313134843,16.248077392578125,0.6188362825330075,0.3811637174669925
survset:support2,DeepHit,7,48,2684,24.289915084838867,1,3.7416574954986572,0.9856314703143231,0.014368529685676923,7.745966911315918,0.976220712232519,0.02377928776748095,16.248077392578125,0.7252575126300966,0.27474248736990337
survset:support2,DeepHit,7,48,1862,11.224971771240234,1,3.7416574954986572,0.9901818213896824,0.00981817861031764,7.745966911315918,0.9838033671290753,0.016196632870924654,16.248077392578125,0.7516566572765988,0.2483433427234012
survset:support2,DeepHit,7,48,6033,43.25505828857422,0,3.7416574954986572,0.9920454912077324,0.007954508792267556,7.745966911315918,0.9881170037176574,0.011882996282342573,16.248077392578125,0.827435546576142,0.17256445342385796
survset:support2,DeepHit,7,48,658,4.0,1,3.7416574954986572,0.48393966166659524,0.5160603383334048,7.745966911315918,0.04620888287228715,0.9537911171277128,16.248077392578125,0.0355260695566995,0.9644739304433005
survset:support2,DeepHit,7,48,4712,29.42787742614746,0,3.7416574954986572,0.9957224671141047,0.004277532885895274,7.745966911315918,0.9919394746206566,0.00806052537934343,16.248077392578125,0.7706972979782334,0.2293027020217666
survset:support2,DeepHit,7,48,3970,4.795831680297852,1,3.7416574954986572,0.47643512065831756,0.5235648793416825,7.745966911315918,0.011607239824482675,0.9883927601755174,16.248077392578125,0.0062808033542838,0.9937191966457162
survset:support2,DeepHit,7,48,3193,19.824228286743164,0,3.7416574954986572,0.9905792105507524,0.009420789449247624,7.745966911315918,0.9855754483739462,0.014424551626053828,16.248077392578125,0.7511108171308248,0.24888918286917516
survset:support2,DeepHit,7,48,924,2.0,1,3.7416574954986572,0.5231904596513578,0.4768095403486422,7.745966911315918,0.27798035402494964,0.7220196459750503,16.248077392578125,0.24754107801798494,0.752458921982015
survset:support2,DeepHit,7,48,5154,13.22875690460205,1,3.7416574954986572,0.9801604849414522,0.019839515058547752,7.745966911315918,0.9681146721714909,0.03188532782850906,16.248077392578125,0.7130555620074052,0.28694443799259484
survset:support2,DeepHit,7,48,8513,5.830951690673828,1,3.7416574954986572,0.4564708078055547,0.5435291921944453,7.745966911315918,0.04606323931706575,0.9539367606829342,16.248077392578125,0.037568615655238294,0.9624313843447617
survset:support2,DeepHit,7,48,1094,3.605551242828369,1,3.7416574954986572,0.507176612798105,0.492823387201895,7.745966911315918,0.025980765287855822,0.9740192347121441,16.248077392578125,0.015875795543984425,0.9841242044560156
survset:support2,DeepHit,7,48,6758,32.75667953491211,0,3.7416574954986572,0.9896936717164742,0.010306328283525845,7.745966911315918,0.9828172977055033,0.0171827022944967,16.248077392578125,0.8044616798110078,0.1955383201889922
survset:support2,DeepHit,7,48,1799,3.7416574954986572,1,3.7416574954986572,0.5177106834112715,0.48228931658872853,7.745966911315918,0.045237108302407916,0.9547628916975921,16.248077392578125,0.02504768062699676,0.9749523193730032
survset:support2,DeepHit,7,48,7816,4.242640495300293,1,3.7416574954986572,0.4803986282749192,0.5196013717250808,7.745966911315918,0.014830855384054964,0.9851691446159451,16.248077392578125,0.008051770267119096,0.9919482297328809
survset:support2,DeepHit,7,48,6801,4.242640495300293,1,3.7416574954986572,0.5423139142827994,0.4576860857172006,7.745966911315918,0.0276259362834522,0.9723740637165478,16.248077392578125,0.020069839785583993,0.979930160214416
survset:support2,DeepHit,7,48,662,5.74456262588501,1,3.7416574954986572,0.5048167237919055,0.49518327620809455,7.745966911315918,0.0409714210540465,0.9590285789459535,16.248077392578125,0.020205697418169077,0.979794302581831
survset:support2,DeepHit,7,48,5057,4.242640495300293,1,3.7416574954986572,0.4492137533535557,0.5507862466464444,7.745966911315918,0.024606984205624054,0.975393015794376,16.248077392578125,0.017665918832251035,0.982334081167749
survset:support2,DeepHit,7,48,1597,5.5677642822265625,1,3.7416574954986572,0.5990549097797989,0.4009450902202011,7.745966911315918,0.11679750868451735,0.8832024913154827,16.248077392578125,0.0744356584114691,0.9255643415885308
survset:support2,DeepHit,7,48,9071,3.316624879837036,1,3.7416574954986572,0.3762210341931317,0.6237789658068683,7.745966911315918,0.05969094142042827,0.9403090585795717,16.248077392578125,0.04698341190314107,0.953016588096859
survset:support2,DeepHit,7,48,2851,27.221315383911133,0,3.7416574954986572,0.9928736178801121,0.00712638211988792,7.745966911315918,0.9889172157995256,0.011082784200474372,16.248077392578125,0.7901482826166482,0.20985171738335184
survset:support2,DeepHit,7,48,79,44.46346664428711,0,3.7416574954986572,0.9857950586811111,0.014204941318888942,7.745966911315918,0.9659217592729556,0.03407824072704435,16.248077392578125,0.7261945689049064,0.2738054310950936
survset:support2,DeepHit,7,48,7711,2.4494898319244385,1,3.7416574954986572,0.5314933554135504,0.46850664458644964,7.745966911315918,0.03695336269214889,0.9630466373078511,16.248077392578125,0.019429021693071025,0.980570978306929
survset:support2,DeepHit,7,48,6245,8.246211051940918,1,3.7416574954986572,0.9905167883473619,0.009483211652638102,7.745966911315918,0.9703473763812158,0.02965262361878418,16.248077392578125,0.611533875562068,0.38846612443793205
survset:support2,DeepHit,7,48,1252,6.0,1,3.7416574954986572,0.4246026421003958,0.5753973578996042,7.745966911315918,0.05544516918764331,0.9445548308123567,16.248077392578125,0.036907022659970284,0.9630929773400297
survset:support2,DeepHit,7,48,7507,23.021728515625,0,3.7416574954986572,0.9885646292861102,0.011435370713889781,7.745966911315918,0.9791271357583575,0.020872864241642475,16.248077392578125,0.818421678205683,0.181578321794317
survset:support2,DeepHit,7,48,4393,14.764822959899902,1,3.7416574954986572,0.9903864806090694,0.00961351939093058,7.745966911315918,0.9784713735343262,0.021528626465673772,16.248077392578125,0.6535992830506516,0.3464007169493484
survset:support2,DeepHit,7,48,7995,15.491933822631836,1,3.7416574954986572,0.9934081933067193,0.006591806693280744,7.745966911315918,0.98505735853024,0.014942641469759987,16.248077392578125,0.6670162849800814,0.33298371501991864
survset:support2,DeepHit,7,48,8999,2.6457512378692627,1,3.7416574954986572,0.486181851091028,0.5138181489089719,7.745966911315918,0.01448278374661336,0.9855172162533866,16.248077392578125,0.010148971658355441,0.9898510283416445
survset:support2,DeepHit,7,48,7584,3.1622776985168457,1,3.7416574954986572,0.5397241975936439,0.4602758024063561,7.745966911315918,0.018897606438510996,0.981102393561489,16.248077392578125,0.010618343763821387,0.9893816562361786
survset:support2,DeepHit,7,48,2883,26.495283126831055,0,3.7416574954986572,0.9873336651838038,0.012666334816196168,7.745966911315918,0.9769211693487153,0.023078830651284687,16.248077392578125,0.7570391073440349,0.2429608926559651
survset:support2,DeepHit,7,48,183,1.7320507764816284,1,3.7416574954986572,0.35645254132577164,0.6435474586742284,7.745966911315918,0.03618457137553416,0.9638154286244658,16.248077392578125,0.029093394419651378,0.9709066055803486
survset:support2,DeepHit,7,48,2581,2.0,1,3.7416574954986572,0.4171160838124906,0.5828839161875095,7.745966911315918,0.04110795674384988,0.9588920432561501,16.248077392578125,0.03440198637622072,0.9655980136237793
survset:support2,DeepHit,7,48,4659,29.916549682617188,0,3.7416574954986572,0.990871991543723,0.009128008456277037,7.745966911315918,0.9855602988884068,0.014439701111593206,16.248077392578125,0.7782527481128569,0.22174725188714306
survset:support2,DeepHit,7,48,2586,6.244997978210449,1,3.7416574954986572,0.7432319561366749,0.2567680438633251,7.745966911315918,0.5864374702750599,0.4135625297249401,16.248077392578125,0.47846604257900216,0.5215339574209978
survset:support2,DeepHit,7,48,4556,4.0,1,3.7416574954986572,0.4863898946616817,0.5136101053383183,7.745966911315918,0.025789161126231135,0.9742108388737689,16.248077392578125,0.013081249106182085,0.9869187508938179
survset:support2,DeepHit,7,48,4806,28.54820442199707,0,3.7416574954986572,0.9917065481149938,0.008293451885006187,7.745966911315918,0.9870065415854276,0.012993458414572445,16.248077392578125,0.8159891995515856,0.18401080044841445
survset:support2,DeepHit,7,48,3034,2.0,1,3.7416574954986572,0.48086698706912395,0.519133012930876,7.745966911315918,0.07604238912629922,0.9239576108737008,16.248077392578125,0.06036654737379958,0.9396334526262005
survset:support2,DeepHit,7,48,4291,2.0,1,3.7416574954986572,0.42430605327815163,0.5756939467218484,7.745966911315918,0.03658708662940821,0.9634129133705918,16.248077392578125,0.027480435817353856,0.9725195641826462
survset:support2,DeepHit,7,48,2648,17.748239517211914,1,3.7416574954986572,0.975067309517704,0.02493269048229596,7.745966911315918,0.959592699144451,0.040407300855549,16.248077392578125,0.7687269395061138,0.23127306049388618
survset:support2,DeepHit,7,48,6802,5.196152210235596,1,3.7416574954986572,0.47631569558906534,0.5236843044109347,7.745966911315918,0.020095372407469066,0.9799046275925309,16.248077392578125,0.010832028374949312,0.9891679716250507
survset:support2,DeepHit,7,48,3525,2.0,1,3.7416574954986572,0.3622437045088297,0.6377562954911703,7.745966911315918,0.06460700924138574,0.9353929907586143,16.248077392578125,0.054689808076891736,0.9453101919231083
survset:support2,DeepHit,7,48,218,43.127716064453125,0,3.7416574954986572,0.9938595169603737,0.006140483039626332,7.745966911315918,0.9880971977598095,0.011902802240190469,16.248077392578125,0.6965185848112414,0.3034814151887586
survset:support2,DeepHit,7,48,8656,9.0,1,3.7416574954986572,0.9561981824284109,0.043801817571589075,7.745966911315918,0.9123018598615704,0.08769814013842958,16.248077392578125,0.6064201157191101,0.39357988428088986
survset:support2,DeepHit,7,48,6169,42.0,0,3.7416574954986572,0.9863762424386754,0.013623757561324612,7.745966911315918,0.9719973848540503,0.028002615145949705,16.248077392578125,0.6999347478974701,0.3000652521025299
survset:support2,DeepHit,7,48,5556,21.63330841064453,0,3.7416574954986572,0.9923552713725292,0.007644728627470787,7.745966911315918,0.9878756197880886,0.012124380211911423,16.248077392578125,0.6947876402482849,0.3052123597517151
survset:support2,DeepHit,7,48,4690,9.69536018371582,1,3.7416574954986572,0.9915738363390235,0.008426163660976482,7.745966911315918,0.960197142581491,0.039802857418508975,16.248077392578125,0.6459663287819647,0.3540336712180353
survset:support2,DeepHit,7,48,7360,2.6457512378692627,1,3.7416574954986572,0.4778103030618296,0.5221896969381704,7.745966911315918,0.015109848360787416,0.9848901516392126,16.248077392578125,0.011773905657838564,0.9882260943421615
survset:support2,DeepHit,7,48,9077,19.773719787597656,0,3.7416574954986572,0.9835814442481408,0.016418555751859243,7.745966911315918,0.9672696244865931,0.03273037551340685,16.248077392578125,0.6507636472081556,0.3492363527918444
survset:support2,DeepHit,7,48,5443,3.0,1,3.7416574954986572,0.3746047683439263,0.6253952316560737,7.745966911315918,0.05848598074374176,0.9415140192562582,16.248077392578125,0.05039921054239404,0.949600789457606
survset:support2,DeepHit,7,48,5651,2.8284270763397217,1,3.7416574954986572,0.48167995855614804,0.518320041443852,7.745966911315918,0.011017465586793031,0.9889825344132069,16.248077392578125,0.0073701260600279065,0.992629873939972
survset:support2,DeepHit,7,48,72,44.508426666259766,0,3.7416574954986572,0.9864164649422763,0.013583535057723695,7.745966911315918,0.9755352268715883,0.024464773128411665,16.248077392578125,0.7211988990571686,0.2788011009428314
survset:support2,DeepHit,7,48,1477,3.464101552963257,1,3.7416574954986572,0.4154293025008371,0.5845706974991629,7.745966911315918,0.021386677046182558,0.9786133229538174,16.248077392578125,0.016327616363757184,0.9836723836362428
survset:support2,DeepHit,7,48,5047,10.816654205322266,1,3.7416574954986572,0.9825539865883093,0.01744601341169072,7.745966911315918,0.9595398266281893,0.04046017337181074,16.248077392578125,0.6711988225872935,0.32880117741270654
survset:support2,DeepHit,7,48,3878,40.0,0,3.7416574954986572,0.991919479474698,0.008080520525301949,7.745966911315918,0.987669210253799,0.012330789746201054,16.248077392578125,0.7646755349800559,0.23532446501994408
survset:support2,DeepHit,7,48,2161,12.288206100463867,1,3.7416574954986572,0.9845374572582579,0.01546254274174208,7.745966911315918,0.9453217996316913,0.05467820036830873,16.248077392578125,0.6184327605697304,0.3815672394302696
survset:support2,DeepHit,7,48,8987,22.022714614868164,0,3.7416574954986572,0.9936701237705315,0.006329876229468456,7.745966911315918,0.9876470334668123,0.012352966533187737,16.248077392578125,0.7343979820044759,0.2656020179955241
survset:support2,DeepHit,7,48,8979,22.158519744873047,0,3.7416574954986572,0.9891673894107474,0.010832610589252556,7.745966911315918,0.978719020873761,0.021280979126239052,16.248077392578125,0.7352485170020223,0.2647514829979777
survset:support2,DeepHit,7,48,907,14.832396507263184,1,3.7416574954986572,0.992555642586401,0.007444357413598945,7.745966911315918,0.9774027922483408,0.022597207751659187,16.248077392578125,0.6499599664686697,0.3500400335313303
survset:support2,DeepHit,7,48,5770,19.05255889892578,0,3.7416574954986572,0.9863775102795871,0.013622489720412911,7.745966911315918,0.9782163549277817,0.021783645072218305,16.248077392578125,0.7523281845990619,0.24767181540093808
survset:support2,DeepHit,7,48,7362,10.816654205322266,1,3.7416574954986572,0.9877414052052116,0.012258594794788413,7.745966911315918,0.9599574873497329,0.04004251265026715,16.248077392578125,0.5976621955880063,0.40233780441199374
survset:support2,DeepHit,7,48,6333,4.690415859222412,1,3.7416574954986572,0.4978906787673316,0.5021093212326684,7.745966911315918,0.025380652240489583,0.9746193477595104,16.248077392578125,0.017877299395840714,0.9821227006041593
survset:support2,DeepHit,7,48,5328,4.123105525970459,1,3.7416574954986572,0.4708203775851053,0.5291796224148947,7.745966911315918,0.01378433095512235,0.9862156690448777,16.248077392578125,0.01031852280930176,0.9896814771906982
survset:support2,DeepHit,7,48,1031,2.4494898319244385,1,3.7416574954986572,0.6703574161370912,0.3296425838629088,7.745966911315918,0.060920429005054,0.939079570994946,16.248077392578125,0.0374882149048318,0.9625117850951682
survset:support2,DeepHit,7,48,5732,2.2360680103302,1,3.7416574954986572,0.4506697269053802,0.5493302730946198,7.745966911315918,0.008458632548105369,0.9915413674518946,16.248077392578125,0.006659035770837446,0.9933409642291625
survset:support2,DeepHit,7,48,2741,28.913663864135742,0,3.7416574954986572,0.9908622136572305,0.009137786342769516,7.745966911315918,0.9764069081814742,0.023593091818525758,16.248077392578125,0.6813818892139734,0.31861811078602664
survset:support2,DeepHit,7,48,1534,8.124038696289062,1,3.7416574954986572,0.9720666603169538,0.027933339683046232,7.745966911315918,0.9488700405149029,0.05112995948509713,16.248077392578125,0.7166729183614674,0.2833270816385326
survset:support2,DeepHit,7,48,749,37.121421813964844,0,3.7416574954986572,0.9872363477566191,0.01276365224338094,7.745966911315918,0.9750163003448293,0.024983699655170666,16.248077392578125,0.7129435730279398,0.28705642697206024
survset:support2,DeepHit,7,48,2173,39.076847076416016,0,3.7416574954986572,0.9892430743706275,0.010756925629372471,7.745966911315918,0.9831714841382686,0.016828515861731397,16.248077392578125,0.7822221847506973,0.21777781524930273
survset:support2,DeepHit,7,48,7343,3.464101552963257,1,3.7416574954986572,0.5747791708493463,0.42522082915065373,7.745966911315918,0.06937855923617493,0.930621440763825,16.248077392578125,0.04366017236363318,0.9563398276363668
survset:support2,DeepHit,7,48,1417,3.605551242828369,1,3.7416574954986572,0.5129324056846758,0.4870675943153242,7.745966911315918,0.014420119196099238,0.9855798808039008,16.248077392578125,0.010306074822889782,0.9896939251771102
survset:support2,DeepHit,7,48,3762,2.6457512378692627,1,3.7416574954986572,0.5159394036316814,0.48406059636831855,7.745966911315918,0.015564550194664333,0.9844354498053357,16.248077392578125,0.0073482254853730914,0.9926517745146269
survset:support2,DeepHit,7,48,7496,3.872983455657959,1,3.7416574954986572,0.5098539727868063,0.49014602721319367,7.745966911315918,0.05282277744122904,0.9471772225587709,16.248077392578125,0.022401743929242154,0.9775982560707579
survset:support2,DeepHit,7,48,5894,44.46346664428711,0,3.7416574954986572,0.9832036839312848,0.016796316068715234,7.745966911315918,0.9607145951762823,0.03928540482371767,16.248077392578125,0.6793156686845733,0.32068433131542673
survset:support2,DeepHit,7,48,5349,16.462078094482422,1,3.7416574954986572,0.9912851769357534,0.008714823064246646,7.745966911315918,0.9830784823098594,0.01692151769014061,16.248077392578125,0.7715778844983898,0.22842211550161018
survset:support2,DeepHit,7,48,6427,6.78233003616333,1,3.7416574954986572,0.4944022094941175,0.5055977905058825,7.745966911315918,0.018196645080270312,0.9818033549197297,16.248077392578125,0.009490222937833737,0.9905097770621663
survset:support2,DeepHit,7,48,9075,11.958260536193848,1,3.7416574954986572,0.9849701145071328,0.015029885492867212,7.745966911315918,0.9527501358230187,0.04724986417698129,16.248077392578125,0.6381116193133577,0.3618883806866423
survset:support2,DeepHit,7,48,4590,13.892443656921387,1,3.7416574954986572,0.9941550606353144,0.005844939364685553,7.745966911315918,0.9902277506636266,0.00977224933637344,16.248077392578125,0.7970924650931103,0.20290753490688973
survset:support2,DeepHit,7,48,8358,25.495098114013672,1,3.7416574954986572,0.9898433300694742,0.010156669930525775,7.745966911315918,0.9805750205046868,0.019424979495313188,16.248077392578125,0.7369747861623677,0.26302521383763233
survset:support2,DeepHit,7,48,3644,42.16633605957031,0,3.7416574954986572,0.992869743517992,0.007130256482008046,7.745966911315918,0.9875526780937725,0.012447321906227549,16.248077392578125,0.7813723793711032,0.21862762062889685
survset:support2,DeepHit,7,48,1797,2.4494898319244385,1,3.7416574954986572,0.24596023340359935,0.7540397665964007,7.745966911315918,0.035180202820469776,0.9648197971795303,16.248077392578125,0.030854432357139347,0.9691455676428606
survset:support2,DeepHit,7,48,6043,43.185646057128906,0,3.7416574954986572,0.9867786035141423,0.01322139648585774,7.745966911315918,0.9679232915220723,0.03207670847792765,16.248077392578125,0.6437352965995532,0.3562647034004468
survset:support2,DeepHit,7,48,5321,13.304134368896484,1,3.7416574954986572,0.9360459706533701,0.06395402934662986,7.745966911315918,0.884851936535731,0.11514806346426898,16.248077392578125,0.6321571327530662,0.3678428672469338
survset:support2,DeepHit,7,48,9000,5.099019527435303,1,3.7416574954986572,0.4418239431244438,0.5581760568755563,7.745966911315918,0.025550730298121098,0.974449269701879,16.248077392578125,0.01886291527785209,0.9811370847221479
survset:support2,DeepHit,7,48,2606,30.64310646057129,0,3.7416574954986572,0.993226466576156,0.006773533423844014,7.745966911315918,0.9900958192036213,0.00990418079637867,16.248077392578125,0.7778481141203464,0.22215188587965362
survset:support2,DeepHit,7,48,7354,10.677078247070312,1,3.7416574954986572,0.9959427401052753,0.0040572598947247185,7.745966911315918,0.9928412916877615,0.0071587083122385264,16.248077392578125,0.7242524741418365,0.27574752585816353
survset:support2,DeepHit,7,48,4830,2.8284270763397217,1,3.7416574954986572,0.501477172427833,0.49852282757216704,7.745966911315918,0.014877985804997012,0.985122014195003,16.248077392578125,0.008538451089219457,0.9914615489107805
survset:support2,DeepHit,7,48,7398,2.0,1,3.7416574954986572,0.3918839692762314,0.6081160307237685,7.745966911315918,0.044445499249015225,0.9555545007509848,16.248077392578125,0.038315075975702884,0.9616849240242971
survset:support2,DeepHit,7,48,7146,27.92848014831543,0,3.7416574954986572,0.9914153899966787,0.008584610003321336,7.745966911315918,0.9830610762962194,0.016938923703780584,16.248077392578125,0.6965393334038216,0.30346066659617843
survset:support2,DeepHit,7,48,4260,23.74868392944336,1,3.7416574954986572,0.9901451801407509,0.009854819859249075,7.745966911315918,0.9753341045206501,0.024665895479349942,16.248077392578125,0.667222553547933,0.33277744645206697
survset:support2,DeepHit,7,48,1096,29.0,0,3.7416574954986572,0.9876450502409344,0.012354949759065592,7.745966911315918,0.9739957171808397,0.02600428281916034,16.248077392578125,0.6448546343147247,0.3551453656852753
survset:support2,DeepHit,7,48,5231,3.0,1,3.7416574954986572,0.47625389375890487,0.5237461062410951,7.745966911315918,0.018218300129670312,0.9817816998703297,16.248077392578125,0.01190972367145698,0.9880902763285431
survset:support2,DeepHit,7,48,1914,2.4494898319244385,1,3.7416574954986572,0.47305733857074683,0.5269426614292532,7.745966911315918,0.03555231989167629,0.9644476801083237,16.248077392578125,0.02474260528634415,0.9752573947136558
survset:support2,DeepHit,7,48,4883,21.260292053222656,1,3.7416574954986572,0.991342276828176,0.008657723171824006,7.745966911315918,0.9777872920821622,0.022212707917837804,16.248077392578125,0.7303315714513519,0.26966842854864814
survset:support2,DeepHit,7,48,6828,32.015621185302734,0,3.7416574954986572,0.9800421506462891,0.01995784935371092,7.745966911315918,0.9613289293282206,0.03867107067177944,16.248077392578125,0.7583123063829486,0.24168769361705145
survset:support2,DeepHit,7,48,7820,8.66025447845459,1,3.7416574954986572,0.9799524552302808,0.02004754476971915,7.745966911315918,0.9312988752941151,0.06870112470588485,16.248077392578125,0.6278810402380798,0.3721189597619202
survset:support2,DeepHit,7,48,3300,6.557438373565674,1,3.7416574954986572,0.5275369394230044,0.4724630605769956,7.745966911315918,0.02296090236254294,0.9770390976374571,16.248077392578125,0.014277474671498454,0.9857225253285016
survset:support2,DeepHit,7,48,923,1.7320507764816284,1,3.7416574954986572,0.20808332715078875,0.7919166728492113,7.745966911315918,0.023682513672892983,0.976317486327107,16.248077392578125,0.021229058899831753,0.9787709411001683
survset:support2,DeepHit,7,48,7556,13.0,1,3.7416574954986572,0.9908977358140827,0.009102264185917308,7.745966911315918,0.9846514439053693,0.015348556094630705,16.248077392578125,0.7378328244512106,0.26216717554878943
survset:support2,DeepHit,7,48,7447,24.020824432373047,0,3.7416574954986572,0.9924621241172317,0.00753787588276833,7.745966911315918,0.9872358945255679,0.012764105474432075,16.248077392578125,0.7735545148357633,0.22644548516423668
survset:support2,DeepHit,7,48,1857,42.68489074707031,0,3.7416574954986572,0.9950291182814129,0.004970881718587061,7.745966911315918,0.9929534066416856,0.007046593358314368,16.248077392578125,0.8536832377412223,0.14631676225877766
survset:support2,DeepHit,7,48,8271,4.4721360206604,1,3.7416574954986572,0.53566956182692,0.46433043817307995,7.745966911315918,0.052945760594513225,0.9470542394054868,16.248077392578125,0.030445980872733366,0.9695540191272667
survset:support2,DeepHit,7,48,8131,10.862780570983887,1,3.7416574954986572,0.9867790764866471,0.013220923513352911,7.745966911315918,0.9474198412537884,0.05258015874621158,16.248077392578125,0.5895963568481439,0.41040364315185607
survset:support2,DeepHit,7,48,7947,2.0,1,3.7416574954986572,0.48415962408230945,0.5158403759176906,7.745966911315918,0.03188017117296956,0.9681198288270304,16.248077392578125,0.023151214655685003,0.976848785344315
survset:support2,DeepHit,7,48,5731,2.8284270763397217,1,3.7416574954986572,0.47288517033851296,0.527114829661487,7.745966911315918,0.02710005827332569,0.9728999417266743,16.248077392578125,0.013116683769226074,0.986883316230774
survset:support2,DeepHit,7,48,6190,2.8284270763397217,1,3.7416574954986572,0.4817558951073066,0.5182441048926933,7.745966911315918,0.014623973830667592,0.9853760261693324,16.248077392578125,0.010486699767110965,0.9895133002328891
survset:support2,DeepHit,7,48,359,23.706539154052734,1,3.7416574954986572,0.9876365752701165,0.012363424729883499,7.745966911315918,0.974923802849848,0.02507619715015197,16.248077392578125,0.7279832370929782,0.2720167629070218
survset:support2,DeepHit,7,48,5533,21.817424774169922,0,3.7416574954986572,0.9963210625041256,0.003678937495874446,7.745966911315918,0.9926675075174659,0.007332492482534092,16.248077392578125,0.8104003224430106,0.18959967755698937
survset:support2,DeepHit,7,48,2407,24.14539337158203,1,3.7416574954986572,0.9913770627119864,0.008622937288013555,7.745966911315918,0.9847601898451477,0.015239810154852318,16.248077392578125,0.7430784681986596,0.25692153180134036
survset:support2,DeepHit,7,48,8621,30.149627685546875,0,3.7416574954986572,0.9838488520090802,0.016151147990919767,7.745966911315918,0.9807256269507958,0.019274373049204208,16.248077392578125,0.7858438890672693,0.21415611093273068
survset:support2,DeepHit,7,48,5653,20.736440658569336,0,3.7416574954986572,0.9932664662289836,0.006733533771016376,7.745966911315918,0.9872390564643441,0.012760943535655933,16.248077392578125,0.7124239400307485,0.2875760599692515
survset:support2,DeepHit,7,48,4737,29.223278045654297,0,3.7416574954986572,0.9872857974902928,0.012714202509707229,7.745966911315918,0.9767475345474829,0.023252465452517135,16.248077392578125,0.7581699483781005,0.24183005162189952
survset:support2,DeepHit,7,48,546,5.385164737701416,1,3.7416574954986572,0.5250763543746082,0.4749236456253918,7.745966911315918,0.041332999327704845,0.9586670006722952,16.248077392578125,0.027181207184758,0.972818792815242
survset:support2,DeepHit,7,48,4388,3.605551242828369,1,3.7416574954986572,0.5092126719867821,0.4907873280132179,7.745966911315918,0.026113830935782803,0.9738861690642172,16.248077392578125,0.014208200563753742,0.9857917994362463
survset:support2,DeepHit,7,48,5574,21.494184494018555,0,3.7416574954986572,0.9957973044424001,0.004202695557599889,7.745966911315918,0.9922580633637375,0.0077419366362625475,16.248077392578125,0.8040497256401602,0.1959502743598398
survset:support2,DeepHit,7,48,5744,19.72308349609375,0,3.7416574954986572,0.9920146559932953,0.007985344006704698,7.745966911315918,0.9836826784101492,0.016317321589850775,16.248077392578125,0.709811606879374,0.29018839312062605
survset:support2,DeepHit,7,48,6712,5.291502475738525,1,3.7416574954986572,0.5005800436348352,0.4994199563651648,7.745966911315918,0.02140703843447314,0.9785929615655269,16.248077392578125,0.010933439050669493,0.9890665609493305
survset:support2,DeepHit,7,48,4509,31.17691421508789,0,3.7416574954986572,0.9912238023543852,0.00877619764561477,7.745966911315918,0.9863094177572936,0.013690582242706362,16.248077392578125,0.7674866797209758,0.23251332027902416
survset:support2,DeepHit,7,48,6472,38.18376541137695,1,3.7416574954986572,0.9892835875957376,0.010716412404262354,7.745966911315918,0.9816574561994753,0.01834254380052469,16.248077392578125,0.7581777318528335,0.24182226814716645
survset:support2,DeepHit,7,48,3050,22.022714614868164,1,3.7416574954986572,0.997505933277485,0.0024940667225149538,7.745966911315918,0.9941310216897769,0.00586897831022315,16.248077392578125,0.6575514979492871,0.34244850205071287
survset:support2,DeepHit,7,48,1056,2.8284270763397217,1,3.7416574954986572,0.467721755276505,0.532278244723495,7.745966911315918,0.03631449644006417,0.9636855035599359,16.248077392578125,0.02311307678749138,0.9768869232125086
survset:support2,DeepHit,7,48,4039,38.444766998291016,0,3.7416574954986572,0.9638376077161073,0.03616239228389273,7.745966911315918,0.9396314360382558,0.06036856396174417,16.248077392578125,0.7086004826398725,0.2913995173601275
survset:support2,DeepHit,7,48,8357,37.2155876159668,0,3.7416574954986572,0.993997272375925,0.006002727624075055,7.745966911315918,0.9871742861311981,0.012825713868801936,16.248077392578125,0.7179564865075557,0.2820435134924443
survset:support2,DeepHit,7,48,2703,3.0,1,3.7416574954986572,0.35471009177617696,0.645289908223823,7.745966911315918,0.011353019496872499,0.9886469805031275,16.248077392578125,0.008805358838416683,0.9911946411615833
survset:support2,DeepHit,7,48,150,8.602325439453125,1,3.7416574954986572,0.9932455270673708,0.0067544729326292074,7.745966911315918,0.9576861895590016,0.042313810440998356,16.248077392578125,0.5893296073448221,0.4106703926551779
survset:support2,DeepHit,7,48,2136,39.4461669921875,0,3.7416574954986572,0.9844618509344235,0.01553814906557649,7.745966911315918,0.9640291555840336,0.03597084441596643,16.248077392578125,0.6987457845609424,0.3012542154390576
survset:support2,DeepHit,7,48,2107,39.78693389892578,0,3.7416574954986572,0.9818858924161774,0.018114107583822592,7.745966911315918,0.9718706715091505,0.02812932849084948,16.248077392578125,0.7864154132511229,0.21358458674887715
survset:support2,DeepHit,7,48,728,8.124038696289062,1,3.7416574954986572,0.9897858223209385,0.01021417767906152,7.745966911315918,0.9452440055972694,0.0547559944027306,16.248077392578125,0.5994883517317968,0.4005116482682032
survset:support2,DeepHit,7,48,1551,2.2360680103302,1,3.7416574954986572,0.5312374804476824,0.4687625195523176,7.745966911315918,0.03322614390225533,0.9667738560977447,16.248077392578125,0.02167994718749508,0.9783200528125049
survset:support2,DeepHit,7,48,544,13.527749061584473,1,3.7416574954986572,0.9876762985793318,0.012323701420668187,7.745966911315918,0.9715149657726287,0.028485034227371253,16.248077392578125,0.7131310167516148,0.28686898324838517
survset:support2,DeepHit,7,48,7341,3.1622776985168457,1,3.7416574954986572,0.5318271400098582,0.4681728599901418,7.745966911315918,0.04986935076840768,0.9501306492315923,16.248077392578125,0.02349785607505083,0.9765021439249492
survset:support2,DeepHit,7,48,3345,44.39594650268555,0,3.7416574954986572,0.9739739536873717,0.02602604631262828,7.745966911315918,0.937801446937596,0.06219855306240396,16.248077392578125,0.6986321591964162,0.3013678408035838
survset:support2,DeepHit,7,48,6016,15.36229133605957,1,3.7416574954986572,0.988185948430741,0.011814051569258965,7.745966911315918,0.9816154128862514,0.018384587113748574,16.248077392578125,0.7533917664220838,0.24660823357791617
survset:support2,DeepHit,7,48,1248,26.305892944335938,0,3.7416574954986572,0.9926006585404978,0.007399341459502162,7.745966911315918,0.9824886587325093,0.017511341267490654,16.248077392578125,0.7244754161342156,0.2755245838657844
survset:support2,DeepHit,7,48,67,4.4721360206604,1,3.7416574954986572,0.5743642910972575,0.4256357089027425,7.745966911315918,0.03667557558760727,0.9633244244123927,16.248077392578125,0.022494928275500904,0.9775050717244991
survset:support2,DeepHit,7,48,2687,14.387495040893555,1,3.7416574954986572,0.9950817965290863,0.004918203470913651,7.745966911315918,0.9901772828610926,0.009822717138907366,16.248077392578125,0.6560533535477143,0.3439466464522857
survset:support2,DeepHit,7,48,4703,20.34699058532715,1,3.7416574954986572,0.9627369017126782,0.03726309828732177,7.745966911315918,0.9172109495914614,0.08278905040853857,16.248077392578125,0.6217921411032322,0.3782078588967678
survset:support2,DeepHit,7,48,4747,29.10326385498047,0,3.7416574954986572,0.9902488919512061,0.009751108048793866,7.745966911315918,0.9831966435282528,0.016803356471747244,16.248077392578125,0.7707549923476664,0.22924500765233358
survset:support2,DeepHit,7,48,2683,11.618949890136719,1,3.7416574954986572,0.989467366224386,0.010532633775613975,7.745966911315918,0.9659375656802993,0.034062434319700685,16.248077392578125,0.673628025102209,0.326371974897791
survset:support2,DeepHit,7,48,8721,2.2360680103302,1,3.7416574954986572,0.513985248289887,0.486014751710113,7.745966911315918,0.03652650978168588,0.9634734902183141,16.248077392578125,0.029687001787216057,0.9703129982127839
survset:support2,DeepHit,7,48,208,12.206555366516113,1,3.7416574954986572,0.9952476866156647,0.004752313384335349,7.745966911315918,0.9910395476157332,0.008960452384266793,16.248077392578125,0.7728299439102334,0.2271700560897666
survset:support2,DeepHit,7,48,3624,24.1867733001709,1,3.7416574954986572,0.9297395185972153,0.07026048140278474,7.745966911315918,0.8540716558161291,0.1459283441838709,16.248077392578125,0.6561682583886281,0.34383174161137187
survset:support2,DeepHit,7,48,1979,30.21588897705078,1,3.7416574954986572,0.9826044258313384,0.017395574168661554,7.745966911315918,0.9702549959720617,0.029745004027938338,16.248077392578125,0.7433760462126674,0.2566239537873326
survset:support2,DeepHit,7,48,7517,5.385164737701416,1,3.7416574954986572,0.4883850387125534,0.5116149612874465,7.745966911315918,0.02416265669784179,0.9758373433021582,16.248077392578125,0.018360295489630286,0.9816397045103697
survset:support2,DeepHit,7,48,6645,36.91883087158203,0,3.7416574954986572,0.9856641980994583,0.014335801900541734,7.745966911315918,0.9685095801495676,0.03149041985043244,16.248077392578125,0.7105477726784757,0.2894522273215243
survset:support2,DeepHit,7,48,5993,43.634849548339844,0,3.7416574954986572,0.9879006908844757,0.01209930911552426,7.745966911315918,0.9755754996705117,0.024424500329488286,16.248077392578125,0.7301003639796435,0.2698996360203565
survset:support2,DeepHit,7,48,6225,33.15116882324219,1,3.7416574954986572,0.983189640680204,0.01681035931979602,7.745966911315918,0.9681466737486514,0.031853326251348624,16.248077392578125,0.7651019288925914,0.23489807110740857
survset:support2,DeepHit,7,48,5912,40.7308235168457,1,3.7416574954986572,0.9770006741875209,0.0229993258124791,7.745966911315918,0.9526068506887905,0.047393149311209526,16.248077392578125,0.7609220387645367,0.23907796123546332
survset:support2,DeepHit,7,48,5530,4.4721360206604,1,3.7416574954986572,0.5162528996139467,0.4837471003860533,7.745966911315918,0.024666866142999785,0.9753331338570003,16.248077392578125,0.01597497834237075,0.9840250216576293
survset:support2,DeepHit,7,48,2640,13.45362377166748,1,3.7416574954986572,0.9945447493502015,0.00545525064979846,7.745966911315918,0.9857332133355958,0.014266786664404174,16.248077392578125,0.6829480720046893,0.3170519279953107
survset:support2,DeepHit,7,48,2316,2.4494898319244385,1,3.7416574954986572,0.427296113728587,0.572703886271413,7.745966911315918,0.021011690683787117,0.9789883093162128,16.248077392578125,0.016976436316096903,0.9830235636839031
survset:support2,DeepHit,7,48,3405,2.2360680103302,1,3.7416574954986572,0.5137763062481131,0.4862236937518869,7.745966911315918,0.04337705260256832,0.9566229473974317,16.248077392578125,0.025647036392435228,0.9743529636075647
survset:support2,DeepHit,7,48,6106,5.5677642822265625,1,3.7416574954986572,0.4357846783654299,0.5642153216345701,7.745966911315918,0.06502784365877129,0.9349721563412288,16.248077392578125,0.049911536342243476,0.9500884636577566
survset:support2,DeepHit,7,48,7776,4.242640495300293,1,3.7416574954986572,0.41629300319623314,0.5837069968037669,7.745966911315918,0.03654168343212747,0.9634583165678725,16.248077392578125,0.029067263205133576,0.9709327367948665
survset:support2,DeepHit,7,48,5532,4.123105525970459,1,3.7416574954986572,0.49237854598559644,0.5076214540144035,7.745966911315918,0.023960366474341008,0.976039633525659,16.248077392578125,0.018699337444679963,0.98130066255532
survset:support2,DeepHit,7,48,7156,21.587032318115234,1,3.7416574954986572,0.9967032670086889,0.0032967329913110577,7.745966911315918,0.9901914148108966,0.009808585189103436,16.248077392578125,0.7008861668498042,0.2991138331501958
survset:support2,DeepHit,7,48,7813,12.083045959472656,1,3.7416574954986572,0.9926678051225121,0.00733219487748793,7.745966911315918,0.9734240874612539,0.026575912538746138,16.248077392578125,0.6309471567759561,0.36905284322404386
survset:support2,DeepHit,7,48,8272,23.237899780273438,1,3.7416574954986572,0.970142041154891,0.029857958845109,7.745966911315918,0.9512690135085525,0.04873098649144747,16.248077392578125,0.6921668519857506,0.30783314801424944
survset:support2,DeepHit,7,48,3709,5.4772257804870605,1,3.7416574954986572,0.49432752156268234,0.5056724784373177,7.745966911315918,0.021550198985939344,0.9784498010140606,16.248077392578125,0.013131929047772866,0.9868680709522272
survset:support2,DeepHit,7,48,1939,41.80908966064453,0,3.7416574954986572,0.9928070278428316,0.007192972157168409,7.745966911315918,0.9883947410278295,0.011605258972170462,16.248077392578125,0.7443197346233977,0.25568026537660227
survset:support2,DeepHit,7,48,2550,25.806976318359375,1,3.7416574954986572,0.9948454512347973,0.0051545487652027155,7.745966911315918,0.9902152079402539,0.009784792059746139,16.248077392578125,0.7036245964854503,0.2963754035145497
survset:support2,DeepHit,7,48,7555,5.0,1,3.7416574954986572,0.48402668697473605,0.515973313025264,7.745966911315918,0.021546133416721056,0.9784538665832789,16.248077392578125,0.014438663912826487,0.9855613360871736
survset:support2,DeepHit,7,48,440,25.768198013305664,1,3.7416574954986572,0.9925915066083987,0.007408493391601323,7.745966911315918,0.9851871305063682,0.014812869493631808,16.248077392578125,0.717807808073029,0.282192191926971
survset:support2,DeepHit,7,48,1331,24.93992805480957,0,3.7416574954986572,0.9916083729124038,0.00839162708759622,7.745966911315918,0.9855931758662867,0.014406824133713303,16.248077392578125,0.8608431554686895,0.1391568445313105
survset:support2,DeepHit,7,48,238,4.358899116516113,1,3.7416574954986572,0.47323119892610493,0.5267688010738951,7.745966911315918,0.06449726724567217,0.9355027327543278,16.248077392578125,0.040797730015842686,0.9592022699841574
survset:support2,DeepHit,7,48,2803,27.92848014831543,0,3.7416574954986572,0.9963582840163715,0.003641715983628502,7.745966911315918,0.9939255733828317,0.006074426617168283,16.248077392578125,0.8064772246353359,0.1935227753646641
survset:support2,DeepHit,7,48,2093,4.582575798034668,1,3.7416574954986572,0.5063958460413646,0.49360415395863544,7.745966911315918,0.0323108096703992,0.9676891903296008,16.248077392578125,0.02264927946283624,0.9773507205371638
survset:support2,DeepHit,7,48,2216,5.830951690673828,1,3.7416574954986572,0.5322169615516379,0.4677830384483621,7.745966911315918,0.04515465263315112,0.9548453473668489,16.248077392578125,0.03282539983808045,0.9671746001619196
survset:support2,DeepHit,7,48,3443,3.1622776985168457,1,3.7416574954986572,0.5037935281381646,0.4962064718618354,7.745966911315918,0.020158225337590683,0.9798417746624093,16.248077392578125,0.010216866777313335,0.9897831332226866
survset:support2,DeepHit,7,48,1270,11.045360565185547,1,3.7416574954986572,0.9910232811609521,0.008976718839047937,7.745966911315918,0.9778080008228252,0.022191999177174848,16.248077392578125,0.7342174696073218,0.2657825303926782
survset:support2,DeepHit,7,48,8474,3.316624879837036,1,3.7416574954986572,0.5170288000173197,0.48297119998268034,7.745966911315918,0.040389185919590294,0.9596108140804097,16.248077392578125,0.02754887267265023,0.9724511273273497
survset:support2,DeepHit,7,48,71,22.427661895751953,1,3.7416574954986572,0.9934229867678808,0.006577013232119233,7.745966911315918,0.9814365308694638,0.018563469130536192,16.248077392578125,0.6621103046601682,0.3378896953398318
survset:support2,DeepHit,7,48,1327,25.01999282836914,0,3.7416574954986572,0.9916875452741556,0.00831245472584441,7.745966911315918,0.9863213470104493,0.013678652989550732,16.248077392578125,0.7488843342486732,0.2511156657513268
survset:support2,DeepHit,7,48,4330,6.4031243324279785,1,3.7416574954986572,0.48072512913299253,0.5192748708670074,7.745966911315918,0.021773401406836895,0.9782265985931631,16.248077392578125,0.016454753302326465,0.9835452466976735
survset:support2,DeepHit,7,48,5518,22.0,0,3.7416574954986572,0.9877169867006572,0.012283013299342782,7.745966911315918,0.9792699529851264,0.020730047014873576,16.248077392578125,0.7781986944558312,0.22180130554416877
survset:support2,DeepHit,7,48,8295,38.14446258544922,0,3.7416574954986572,0.9966598088679622,0.003340191132037762,7.745966911315918,0.9941642528288274,0.005835747171172634,16.248077392578125,0.8272767554784537,0.1727232445215463
survset:support2,DeepHit,7,48,648,38.22303009033203,0,3.7416574954986572,0.9929011280407615,0.0070988719592385285,7.745966911315918,0.986724125111929,0.013275874888071026,16.248077392578125,0.7989673321603448,0.20103266783965523
survset:support2,DeepHit,7,48,4207,36.67424011230469,0,3.7416574954986572,0.9922330759460969,0.007766924053903113,7.745966911315918,0.9863231170002996,0.01367688299970038,16.248077392578125,0.7808056065975626,0.2191943934024374
survset:support2,DeepHit,7,48,7606,2.6457512378692627,1,3.7416574954986572,0.5308602132379081,0.4691397867620919,7.745966911315918,0.03971078929573398,0.960289210704266,16.248077392578125,0.024826484941932705,0.9751735150580673
survset:support2,DeepHit,7,48,5505,6.7082037925720215,1,3.7416574954986572,0.5270563381458,0.4729436618542,7.745966911315918,0.05843596873269254,0.9415640312673075,16.248077392578125,0.036278122526559625,0.9637218774734404
survset:support2,DeepHit,7,48,5305,3.316624879837036,1,3.7416574954986572,0.40008959137969835,0.5999104086203016,7.745966911315918,0.01751804700428665,0.9824819529957134,16.248077392578125,0.013548274794504704,0.9864517252054953
survset:support2,DeepHit,7,48,5672,13.416407585144043,1,3.7416574954986572,0.9893124333486353,0.010687566651364722,7.745966911315918,0.9646422246991374,0.03535777530086259,16.248077392578125,0.6388385560756173,0.36116144392438265
survset:support2,DeepHit,7,48,4204,36.715118408203125,0,3.7416574954986572,0.9885589708942204,0.011441029105779599,7.745966911315918,0.9788738788354834,0.02112612116451662,16.248077392578125,0.7519746267255124,0.2480253732744876
survset:support2,DeepHit,7,48,961,6.082762718200684,1,3.7416574954986572,0.5014631356059313,0.49853686439406875,7.745966911315918,0.09104712967247201,0.908952870327528,16.248077392578125,0.07844216636931203,0.921557833630688
survset:support2,DeepHit,7,48,5233,24.73863410949707,0,3.7416574954986572,0.9910352833435486,0.008964716656451377,7.745966911315918,0.9864259588152181,0.013574041184781893,16.248077392578125,0.8485102061053301,0.15148979389466988
survset:support2,DeepHit,7,48,2486,19.51922035217285,1,3.7416574954986572,0.9914420676914707,0.008557932308529304,7.745966911315918,0.9855925569452592,0.014407443054740843,16.248077392578125,0.7346243892203265,0.26537561077967353
survset:support2,DeepHit,7,48,4064,16.552946090698242,1,3.7416574954986572,0.9849690603957193,0.015030939604280702,7.745966911315918,0.9411000582759758,0.05889994172402424,16.248077392578125,0.5772081159220664,0.42279188407793356
survset:support2,DeepHit,7,48,3658,1.7320507764816284,1,3.7416574954986572,0.53937982063651,0.46062017936349,7.745966911315918,0.024185913793375518,0.9758140862066245,16.248077392578125,0.013416086432367575,0.9865839135676324
survset:support2,DeepHit,7,48,7457,13.34166431427002,1,3.7416574954986572,0.9875188902336034,0.012481109766396603,7.745966911315918,0.9772840858473518,0.022715914152648176,16.248077392578125,0.7396696481566555,0.2603303518433445
survset:support2,DeepHit,7,48,3338,44.41846466064453,0,3.7416574954986572,0.990402719221874,0.00959728077812605,7.745966911315918,0.9809955192670949,0.01900448073290506,16.248077392578125,0.7458064628194376,0.25419353718056237
survset:support2,DeepHit,7,48,271,33.63034439086914,1,3.7416574954986572,0.9905703968079389,0.009429603192061098,7.745966911315918,0.977695301968948,0.02230469803105195,16.248077392578125,0.6623030173311237,0.33769698266887627
survset:support2,DeepHit,7,48,5611,21.118711471557617,0,3.7416574954986572,0.9924850875100147,0.007514912489985259,7.745966911315918,0.9836369911929598,0.016363008807040225,16.248077392578125,0.7597011006355993,0.24029889936440074
survset:support2,DeepHit,7,48,2474,32.35737991333008,0,3.7416574954986572,0.9810091880430067,0.01899081195699326,7.745966911315918,0.9634250471922767,0.03657495280772327,16.248077392578125,0.7233159103597081,0.2766840896402919
survset:support2,DeepHit,7,48,1136,4.582575798034668,1,3.7416574954986572,0.6250084183918432,0.3749915816081568,7.745966911315918,0.02578586407951534,0.9742141359204847,16.248077392578125,0.01312265045350461,0.9868773495464954
survset:support2,DeepHit,7,48,7432,24.26932144165039,0,3.7416574954986572,0.9899715973077018,0.01002840269229821,7.745966911315918,0.9811864439154961,0.018813556084503857,16.248077392578125,0.7234671463189367,0.2765328536810633
survset:support2,DeepHit,7,48,8077,7.4833149909973145,1,3.7416574954986572,0.9901981256413764,0.009801874358623563,7.745966911315918,0.9775198364092182,0.022480163590781754,16.248077392578125,0.6934939241419549,0.3065060758580451
survset:support2,DeepHit,7,48,8298,11.269427299499512,1,3.7416574954986572,0.9440306322543985,0.05596936774560146,7.745966911315918,0.8973022799837276,0.10269772001627242,16.248077392578125,0.6351085408454208,0.3648914591545792
survset:support2,DeepHit,7,48,8412,11.704699516296387,1,3.7416574954986572,0.9872010308213148,0.012798969178685171,7.745966911315918,0.9737216118339169,0.026278388166083078,16.248077392578125,0.724026392366198,0.27597360763380197
survset:support2,DeepHit,7,48,3601,28.861740112304688,1,3.7416574954986572,0.995834072186007,0.004165927813993053,7.745966911315918,0.9889040856712966,0.011095914328703382,16.248077392578125,0.6995658215620996,0.30043417843790043
survset:support2,DeepHit,7,48,8158,35.62302780151367,1,3.7416574954986572,0.9885084490943657,0.011491550905634251,7.745966911315918,0.9748831115490245,0.025116888450975483,16.248077392578125,0.6980296638255563,0.3019703361744437
survset:support2,DeepHit,7,48,7512,22.934690475463867,0,3.7416574954986572,0.9773700536557705,0.022629946344229546,7.745966911315918,0.9593703104696613,0.04062968953033874,16.248077392578125,0.767375100095204,0.23262489990479596
survset:support2,DeepHit,7,48,3633,42.24925994873047,0,3.7416574954986572,0.9892846024074966,0.010715397592503395,7.745966911315918,0.9794002481630087,0.020599751836991254,16.248077392578125,0.7277782555091465,0.27222174449085346
survset:support2,DeepHit,7,48,1685,2.0,1,3.7416574954986572,0.5129863076016765,0.4870136923983235,7.745966911315918,0.03156201860029286,0.9684379813997072,16.248077392578125,0.017698927645950064,0.98230107235405
survset:support2,DeepHit,7,48,2355,5.099019527435303,1,3.7416574954986572,0.5299721221651621,0.4700278778348379,7.745966911315918,0.01740824571787406,0.982591754282126,16.248077392578125,0.010606440215978237,0.9893935597840218
survset:support2,DeepHit,7,48,5346,14.106736183166504,1,3.7416574954986572,0.9879937782228722,0.012006221777127846,7.745966911315918,0.9770380288358086,0.022961971164191408,16.248077392578125,0.7883864159280524,0.21161358407194764
survset:support2,DeepHit,7,48,7539,22.38302993774414,0,3.7416574954986572,0.9773632059681897,0.022636794031810292,7.745966911315918,0.9577128640608507,0.042287135939149345,16.248077392578125,0.6858981497949033,0.31410185020509673
survset:support2,DeepHit,7,48,5054,26.28687858581543,0,3.7416574954986572,0.9951913997301065,0.004808600269893493,7.745966911315918,0.9882017288605961,0.011798271139403904,16.248077392578125,0.7826171398417956,0.2173828601582044
survset:support2,DeepHit,7,48,5660,13.152946472167969,1,3.7416574954986572,0.9291107334051188,0.07088926659488115,7.745966911315918,0.8417400989256422,0.15825990107435783,16.248077392578125,0.6082516342114325,0.39174836578856753
survset:support2,DeepHit,7,48,3724,39.1024284362793,1,3.7416574954986572,0.9923575216425309,0.007642478357469118,7.745966911315918,0.985466327166151,0.014533672833848987,16.248077392578125,0.7375206275371765,0.2624793724628235
survset:support2,DeepHit,7,48,7311,2.6457512378692627,1,3.7416574954986572,0.48994345637980596,0.510056543620194,7.745966911315918,0.025018606262853654,0.9749813937371463,16.248077392578125,0.017970590657859258,0.9820294093421408
survset:support2,DeepHit,7,48,7582,3.7416574954986572,1,3.7416574954986572,0.5110499780806868,0.48895002191931325,7.745966911315918,0.0470284393289523,0.9529715606710477,16.248077392578125,0.03134328448266266,0.9686567155173373
survset:support2,DeepHit,7,48,8829,2.2360680103302,1,3.7416574954986572,0.36321972047730966,0.6367802795226903,7.745966911315918,0.052840738782444545,0.9471592612175554,16.248077392578125,0.043721724255679495,0.9562782757443204
survset:support2,DeepHit,7,48,3665,13.601470947265625,1,3.7416574954986572,0.9944880988106921,0.005511901189307888,7.745966911315918,0.99137570816422,0.008624291835779951,16.248077392578125,0.7863010690507822,0.21369893094921777
survset:support2,DeepHit,7,48,3720,5.5677642822265625,1,3.7416574954986572,0.5820579846154147,0.4179420153845853,7.745966911315918,0.032333232343837316,0.9676667676561627,16.248077392578125,0.019397646706225298,0.9806023532937747
survset:support2,DeepHit,7,48,413,41.1096076965332,0,3.7416574954986572,0.9945329457630114,0.005467054236988567,7.745966911315918,0.9816907569022035,0.018309243097796468,16.248077392578125,0.6422694674099317,0.35773053259006826
survset:support2,DeepHit,7,48,4611,30.282007217407227,0,3.7416574954986572,0.990096003540181,0.009903996459818987,7.745966911315918,0.9769846957693633,0.02301530423063669,16.248077392578125,0.7437945572960505,0.2562054427039495
survset:support2,DeepHit,7,48,3475,2.0,1,3.7416574954986572,0.5550150748896352,0.4449849251103648,7.745966911315918,0.026332516846103826,0.9736674831538962,16.248077392578125,0.01591644723842037,0.9840835527615797
survset:support2,DeepHit,7,48,322,21.33072853088379,1,3.7416574954986572,0.9944436333456518,0.0055563666543482215,7.745966911315918,0.9909165139090091,0.009083486090990855,16.248077392578125,0.7458044511369972,0.2541955488630028
survset:support2,DeepHit,7,48,2543,31.559467315673828,0,3.7416574954986572,0.9872308177697919,0.012769182230208065,7.745966911315918,0.9740791866815104,0.02592081331848961,16.248077392578125,0.7481386670366664,0.2518613329633336
survset:support2,DeepHit,7,48,4542,9.273618698120117,1,3.7416574954986572,0.9859239349813097,0.014076065018690298,7.745966911315918,0.9520012331360047,0.04799876686399529,16.248077392578125,0.6003385674683683,0.39966143253163167
survset:support2,DeepHit,7,48,5151,4.123105525970459,1,3.7416574954986572,0.5264574792756863,0.4735425207243137,7.745966911315918,0.04702782989643645,0.9529721701035635,16.248077392578125,0.028979851247258166,0.9710201487527418
survset:support2,DeepHit,7,48,3140,21.118711471557617,0,3.7416574954986572,0.9918780665467275,0.0081219334532725,7.745966911315918,0.9820424126732036,0.01795758732679642,16.248077392578125,0.702898579301018,0.29710142069898204
survset:support2,DeepHit,7,48,3075,9.797959327697754,1,3.7416574954986572,0.979129173095907,0.02087082690409303,7.745966911315918,0.9495600779802105,0.05043992201978953,16.248077392578125,0.6691191615411378,0.3308808384588622
survset:support2,DeepHit,7,48,113,5.916079998016357,1,3.7416574954986572,0.5997447209925376,0.4002552790074624,7.745966911315918,0.05988103755697936,0.9401189624430206,16.248077392578125,0.035436137978948457,0.9645638620210515
survset:support2,DeepHit,7,48,2178,9.32737922668457,1,3.7416574954986572,0.9857477948623439,0.014252205137656127,7.745966911315918,0.9662509346813483,0.03374906531865174,16.248077392578125,0.697193181502691,0.30280681849730895
survset:support2,DeepHit,7,48,4627,30.182777404785156,0,3.7416574954986572,0.9947052977464207,0.005294702253579309,7.745966911315918,0.9901904687374422,0.009809531262557791,16.248077392578125,0.7855326508928026,0.21446734910719745
survset:support2,DeepHit,7,48,6871,12.489995956420898,1,3.7416574954986572,0.9791165715053175,0.0208834284946825,7.745966911315918,0.950286918681213,0.049713081318787045,16.248077392578125,0.6620482496010016,0.3379517503989984
survset:support2,DeepHit,7,48,3948,1.7320507764816284,1,3.7416574954986572,0.10842841530639448,0.8915715846936055,7.745966911315918,0.032159456117588664,0.9678405438824114,16.248077392578125,0.02830605424631521,0.9716939457536848
survset:support2,DeepHit,7,48,7319,25.63201141357422,0,3.7416574954986572,0.9882914018179497,0.011708598182050278,7.745966911315918,0.9708518696688158,0.02914813033118424,16.248077392578125,0.7432759757703037,0.2567240242296963
survset:support2,DeepHit,7,48,8392,2.4494898319244385,1,3.7416574954986572,0.4809439234612098,0.5190560765387902,7.745966911315918,0.03536177450456016,0.9646382254954399,16.248077392578125,0.020536960218322856,0.9794630397816771
survset:support2,DeepHit,7,48,3615,5.0,1,3.7416574954986572,0.49261559937270366,0.5073844006272963,7.745966911315918,0.029745730590979326,0.9702542694090207,16.248077392578125,0.020156231466139984,0.97984376853386
survset:support2,DeepHit,7,48,1633,1.7320507764816284,1,3.7416574954986572,0.1954154895203429,0.8045845104796571,7.745966911315918,0.05269896782266074,0.9473010321773393,16.248077392578125,0.044951277848745815,0.9550487221512541
survset:support2,DeepHit,7,48,2417,15.65247631072998,1,3.7416574954986572,0.995701717205174,0.004298282794826025,7.745966911315918,0.9888085278594172,0.011191472140582803,16.248077392578125,0.733839724361848,0.26616027563815203
survset:support2,DeepHit,7,48,5404,23.30236053466797,0,3.7416574954986572,0.9647416703681408,0.03525832963185915,7.745966911315918,0.935256045717096,0.06474395428290403,16.248077392578125,0.6956405070256816,0.3043594929743184
survset:support2,DeepHit,7,48,5700,19.493589401245117,1,3.7416574954986572,0.9905436828096958,0.009456317190304153,7.745966911315918,0.9389823558666213,0.061017644133378734,16.248077392578125,0.6027432085200123,0.3972567914799877
survset:support2,DeepHit,7,48,6091,2.0,1,3.7416574954986572,0.4360851098834895,0.5639148901165105,7.745966911315918,0.03709136322402389,0.9629086367759762,16.248077392578125,0.029956665006660894,0.9700433349933391
survset:support2,DeepHit,7,48,2538,31.59113883972168,0,3.7416574954986572,0.9871797368576125,0.012820263142387489,7.745966911315918,0.9756781245110961,0.024321875488903855,16.248077392578125,0.735741495466356,0.26425850453364397
survset:support2,DeepHit,7,48,8590,15.394804000854492,1,3.7416574954986572,0.9884429057861642,0.011557094213835772,7.745966911315918,0.9748300095954264,0.025169990404573572,16.248077392578125,0.7194748031867085,0.28052519681329147
survset:support2,DeepHit,7,48,8027,20.19900894165039,1,3.7416574954986572,0.98284852930689,0.01715147069310996,7.745966911315918,0.9704950170063363,0.029504982993663664,16.248077392578125,0.7229560466364253,0.2770439533635747
survset:support2,DeepHit,7,48,5130,3.872983455657959,1,3.7416574954986572,0.5676555012668072,0.4323444987331928,7.745966911315918,0.033303778688392634,0.9666962213116074,16.248077392578125,0.022711382220205707,0.9772886177797943
survset:support2,DeepHit,7,48,4031,4.123105525970459,1,3.7416574954986572,0.4621711600860056,0.5378288399139943,7.745966911315918,0.03405864586318675,0.9659413541368133,16.248077392578125,0.025561386221715724,0.9744386137782842
survset:support2,DeepHit,7,48,2064,6.0,1,3.7416574954986572,0.4198740240998337,0.5801259759001662,7.745966911315918,0.025272511182294243,0.9747274888177058,16.248077392578125,0.01993622733851458,0.9800637726614854
survset:support2,DeepHit,7,48,3325,44.4971923828125,0,3.7416574954986572,0.9911888841049324,0.008811115895067556,7.745966911315918,0.983034115392926,0.016965884607074044,16.248077392578125,0.7439138953830455,0.25608610461695447
survset:support2,DeepHit,7,48,5209,16.278820037841797,1,3.7416574954986572,0.9926869044510931,0.007313095548906912,7.745966911315918,0.9860668483521595,0.01393315164784048,16.248077392578125,0.7046590299862144,0.29534097001378556
survset:support2,DeepHit,7,48,8770,2.2360680103302,1,3.7416574954986572,0.5564248566654733,0.44357514333452674,7.745966911315918,0.022106842834492803,0.9778931571655072,16.248077392578125,0.015799582637668143,0.9842004173623319
survset:support2,DeepHit,7,48,2989,24.7991943359375,0,3.7416574954986572,0.9942167339287474,0.0057832660712525685,7.745966911315918,0.9871563422510297,0.012843657748970339,16.248077392578125,0.7048136754618614,0.29518632453813864
survset:support2,DeepHit,7,48,4651,12.649110794067383,1,3.7416574954986572,0.9955187542142515,0.004481245785748489,7.745966911315918,0.9841140503217309,0.015885949678269062,16.248077392578125,0.6359571279773805,0.36404287202261953
survset:support2,DeepHit,7,48,2467,32.43455123901367,0,3.7416574954986572,0.9911743878883492,0.008825612111650782,7.745966911315918,0.981031518214188,0.018968481785812008,16.248077392578125,0.722756357622129,0.277243642377871
survset:support2,DeepHit,7,48,3980,22.203603744506836,1,3.7416574954986572,0.9854565438974495,0.014543456102550478,7.745966911315918,0.9663916918460242,0.03360830815397575,16.248077392578125,0.7176483649244305,0.2823516350755695
survset:support2,DeepHit,7,48,1234,9.643651008605957,1,3.7416574954986572,0.9753254712753536,0.024674528724646372,7.745966911315918,0.9528538845743061,0.04714611542569391,16.248077392578125,0.6808850071296819,0.3191149928703181
survset:support2,DeepHit,7,48,7176,27.549955368041992,0,3.7416574954986572,0.9949682500206174,0.005031749979382605,7.745966911315918,0.991108955966936,0.008891044033063955,16.248077392578125,0.7416357011198601,0.2583642988801399
survset:support2,DeepHit,7,48,2142,39.37004089355469,0,3.7416574954986572,0.9886960285740678,0.011303971425932202,7.745966911315918,0.9830303720062245,0.01696962799377555,16.248077392578125,0.7479960480215463,0.2520039519784537
survset:support2,DeepHit,7,48,5988,5.099019527435303,1,3.7416574954986572,0.6224593029249483,0.37754069707505167,7.745966911315918,0.02252330447899585,0.9774766955210041,16.248077392578125,0.013675955660495991,0.986324044339504
survset:support2,DeepHit,7,48,2518,2.0,1,3.7416574954986572,0.4682130175955343,0.5317869824044656,7.745966911315918,0.026543970566583856,0.9734560294334161,16.248077392578125,0.02062934443561092,0.9793706555643891
survset:support2,DeepHit,7,48,5605,3.872983455657959,1,3.7416574954986572,0.429123681002979,0.570876318997021,7.745966911315918,0.023548059150217734,0.9764519408497823,16.248077392578125,0.014280846003701662,0.9857191539962984
survset:support2,DeepHit,7,48,5237,11.87434196472168,1,3.7416574954986572,0.9818596549673096,0.018140345032690353,7.745966911315918,0.9683142067551745,0.031685793244825455,16.248077392578125,0.7043317976653377,0.2956682023346623
survset:support2,DeepHit,7,48,1015,14.422204971313477,1,3.7416574954986572,0.9705560723864974,0.029443927613502563,7.745966911315918,0.9243099386041012,0.07569006139589884,16.248077392578125,0.6503052854758451,0.3496947145241549
survset:support2,DeepHit,7,48,6029,8.88819408416748,1,3.7416574954986572,0.9858761141667436,0.014123885833256411,7.745966911315918,0.9731396540522178,0.026860345947782194,16.248077392578125,0.701375553986619,0.298624446013381
survset:support2,DeepHit,7,48,3454,7.141428470611572,1,3.7416574954986572,0.5290399277862552,0.4709600722137448,7.745966911315918,0.03403538724646476,0.9659646127535353,16.248077392578125,0.01953287484457688,0.9804671251554231
survset:support2,DeepHit,7,48,3310,9.380831718444824,1,3.7416574954986572,0.9920543930017715,0.00794560699822855,7.745966911315918,0.941864641132422,0.058135358867578035,16.248077392578125,0.605151227966279,0.39484877203372104
survset:support2,DeepHit,7,48,3756,3.464101552963257,1,3.7416574954986572,0.5246408564281976,0.4753591435718024,7.745966911315918,0.031226370026156317,0.9687736299738436,16.248077392578125,0.013928046026084988,0.986071953973915
survset:support2,DeepHit,7,48,3138,4.690415859222412,1,3.7416574954986572,0.49091592329875017,0.5090840767012499,7.745966911315918,0.05601499982103679,0.9439850001789633,16.248077392578125,0.03967459449704465,0.9603254055029553
survset:support2,DeepHit,7,48,7628,10.392304420471191,1,3.7416574954986572,0.9889522909062887,0.011047709093711333,7.745966911315918,0.9573315390136429,0.042668460986357126,16.248077392578125,0.5254489222996851,0.4745510777003149
survset:support2,DeepHit,7,48,932,2.6457512378692627,1,3.7416574954986572,0.49050169684652406,0.5094983031534759,7.745966911315918,0.019650013105610473,0.9803499868943896,16.248077392578125,0.013546757182566137,0.9864532428174339
survset:support2,DeepHit,7,48,3842,11.269427299499512,1,3.7416574954986572,0.9931571320300612,0.006842867969938826,7.745966911315918,0.9757780702434765,0.024221929756523486,16.248077392578125,0.6748452702610968,0.32515472973890325
survset:support2,DeepHit,7,48,5485,3.0,1,3.7416574954986572,0.42893332239891613,0.5710666776010839,7.745966911315918,0.0400746077102129,0.9599253922897871,16.248077392578125,0.03388089473501052,0.9661191052649895
survset:support2,DeepHit,7,48,2810,27.85677719116211,0,3.7416574954986572,0.9910571998113149,0.008942800188685096,7.745966911315918,0.9758848495231199,0.024115150476880065,16.248077392578125,0.6968578580437965,0.3031421419562035
survset:support2,DeepHit,7,48,3173,3.605551242828369,1,3.7416574954986572,0.5109653686940162,0.4890346313059838,7.745966911315918,0.05786933734961111,0.9421306626503889,16.248077392578125,0.04503146816322918,0.9549685318367708
survset:support2,DeepHit,7,48,4557,15.165750503540039,1,3.7416574954986572,0.9882113598745679,0.011788640125432126,7.745966911315918,0.9588281921337781,0.04117180786622188,16.248077392578125,0.7360795472102326,0.2639204527897674
survset:support2,DeepHit,7,48,3625,13.638181686401367,1,3.7416574954986572,0.9922977676876455,0.007702232312354451,7.745966911315918,0.980220471355552,0.019779528644447986,16.248077392578125,0.6699617110742468,0.33003828892575315
survset:support2,DeepHit,7,48,4785,12.727922439575195,1,3.7416574954986572,0.9858573093222772,0.01414269067772278,7.745966911315918,0.9768137921507865,0.023186207849213547,16.248077392578125,0.7550386972863748,0.24496130271362515
survset:support2,DeepHit,7,48,5481,22.516660690307617,0,3.7416574954986572,0.993589507607267,0.006410492392732947,7.745966911315918,0.990978379176519,0.009021620823481014,16.248077392578125,0.8334348698144315,0.1665651301855685
survset:support2,DeepHit,7,48,6898,31.272991180419922,0,3.7416574954986572,0.996381013187913,0.003618986812087055,7.745966911315918,0.9929423326123153,0.007057667387684652,16.248077392578125,0.7770047781319918,0.22299522186800824
survset:support2,DeepHit,7,48,1211,3.1622776985168457,1,3.7416574954986572,0.41180870143938575,0.5881912985606143,7.745966911315918,0.03135658367270229,0.9686434163272977,16.248077392578125,0.02585764966602898,0.974142350333971
survset:support2,DeepHit,7,48,7254,2.2360680103302,1,3.7416574954986572,0.5253308299941636,0.4746691700058364,7.745966911315918,0.021134482961533117,0.9788655170384669,16.248077392578125,0.014285582875057079,0.9857144171249429
survset:support2,DeepHit,7,48,6604,37.22901916503906,0,3.7416574954986572,0.9817792092253451,0.018220790774654883,7.745966911315918,0.9608425433532359,0.039157456646764066,16.248077392578125,0.7255223429013818,0.27447765709861816
survset:support2,DeepHit,7,48,8450,32.710853576660156,0,3.7416574954986572,0.9860663414695388,0.013933658530461246,7.745966911315918,0.9615323162960892,0.03846768370391085,16.248077392578125,0.6622853414654953,0.33771465853450466
survset:support2,DeepHit,7,48,5169,25.238859176635742,0,3.7416574954986572,0.9926962393628288,0.007303760637171197,7.745966911315918,0.988756936350413,0.011243063649587048,16.248077392578125,0.8004782453909411,0.19952175460905885
survset:support2,DeepHit,7,48,3102,21.954498291015625,0,3.7416574954986572,0.9927364544647055,0.007263545535294513,7.745966911315918,0.9879251351614888,0.012074864838511168,16.248077392578125,0.7840229558850713,0.21597704411492868
survset:support2,DeepHit,7,48,585,9.746794700622559,1,3.7416574954986572,0.9835700005186226,0.016429999481377355,7.745966911315918,0.9513817674152584,0.04861823258474163,16.248077392578125,0.5859186472810433,0.41408135271895674
survset:support2,DeepHit,7,48,6554,12.409673690795898,1,3.7416574954986572,0.9642352113669495,0.03576478863305055,7.745966911315918,0.9288467343196289,0.07115326568037106,16.248077392578125,0.6988226903061021,0.3011773096938979
survset:support2,DeepHit,7,48,2422,32.98484420776367,0,3.7416574954986572,0.9877746370994854,0.01222536290051457,7.745966911315918,0.9772022777651362,0.02279772223486376,16.248077392578125,0.714174506314148,0.285825493685852
survset:support2,DeepHit,7,48,6103,10.677078247070312,1,3.7416574954986572,0.9767145147330808,0.023285485266919204,7.745966911315918,0.9272575443800223,0.07274245561997772,16.248077392578125,0.5508762701379409,0.44912372986205906
survset:support2,DeepHit,7,48,2725,20.19900894165039,1,3.7416574954986572,0.9943895803254748,0.005610419674525247,7.745966911315918,0.9902082092448401,0.009791790755159901,16.248077392578125,0.7005879253340457,0.2994120746659543
survset:support2,DeepHit,7,48,2287,5.916079998016357,1,3.7416574954986572,0.47922389892358924,0.5207761010764107,7.745966911315918,0.01709012765772213,0.9829098723422779,16.248077392578125,0.013119245089226716,0.9868807549107733
survset:support2,DeepHit,7,48,8333,37.53664779663086,0,3.7416574954986572,0.9909709425976052,0.009029057402394791,7.745966911315918,0.9828662059296498,0.017133794070350206,16.248077392578125,0.7784449855583251,0.2215550144416749
survset:support2,DeepHit,7,48,4911,13.856406211853027,1,3.7416574954986572,0.9893220879958621,0.010677912004137924,7.745966911315918,0.9762365290527655,0.023763470947234522,16.248077392578125,0.7002260583368042,0.2997739416631958
survset:support2,DeepHit,7,48,2722,5.099019527435303,1,3.7416574954986572,0.5112964493721006,0.4887035506278994,7.745966911315918,0.0651196394176031,0.9348803605823969,16.248077392578125,0.05363061262807744,0.9463693873719226
survset:support2,DeepHit,7,48,6072,11.747340202331543,1,3.7416574954986572,0.9818344992437046,0.018165500756295416,7.745966911315918,0.94796668879939,0.052033311200610055,16.248077392578125,0.5976881077998919,0.4023118922001081
survset:support2,DeepHit,7,48,7647,12.767145156860352,1,3.7416574954986572,0.9940868530014304,0.005913146998569596,7.745966911315918,0.9846919268700493,0.01530807312995075,16.248077392578125,0.6280833088635603,0.37191669113643966
survset:support2,DeepHit,7,48,5393,1.7320507764816284,1,3.7416574954986572,0.5396739959905372,0.4603260040094628,7.745966911315918,0.024910091137788887,0.9750899088622111,16.248077392578125,0.014067830870636485,0.9859321691293635
survset:support2,DeepHit,7,48,1559,2.8284270763397217,1,3.7416574954986572,0.517233270157532,0.48276672984246805,7.745966911315918,0.0409304104178603,0.9590695895821397,16.248077392578125,0.018564574629150087,0.9814354253708499
survset:support2,DeepHit,7,48,1784,43.47412872314453,0,3.7416574954986572,0.9843930109537037,0.015606989046296316,7.745966911315918,0.9706811921907028,0.029318807809297187,16.248077392578125,0.7359930971509221,0.2640069028490779
survset:support2,DeepHit,7,48,2132,5.196152210235596,1,3.7416574954986572,0.5069117913033796,0.4930882086966204,7.745966911315918,0.024275987486213887,0.9757240125137862,16.248077392578125,0.011539282922119334,0.9884607170778806
survset:support2,DeepHit,7,48,1853,20.248456954956055,1,3.7416574954986572,0.9733326724667622,0.02666732753323775,7.745966911315918,0.951053334576989,0.04894666542301096,16.248077392578125,0.7251044416081336,0.2748955583918664
survset:support2,DeepHit,7,48,3879,4.690415859222412,1,3.7416574954986572,0.49215619859013926,0.5078438014098607,7.745966911315918,0.031397103468635966,0.968602896531364,16.248077392578125,0.020964426108032036,0.9790355738919679
survset:support2,DeepHit,7,48,2315,2.6457512378692627,1,3.7416574954986572,0.5196244098390307,0.4803755901609693,7.745966911315918,0.03790194509607106,0.962098054903929,16.248077392578125,0.0241486511112452,0.9758513488887548
survset:support2,DeepHit,7,48,3216,2.4494898319244385,1,3.7416574954986572,0.3881676474587747,0.6118323525412253,7.745966911315918,0.03460739330050238,0.9653926066994977,16.248077392578125,0.02706743962749723,0.9729325603725028
survset:support2,DeepHit,7,48,8591,3.316624879837036,1,3.7416574954986572,0.554639597602061,0.44536040239793895,7.745966911315918,0.019474407417812194,0.9805255925821879,16.248077392578125,0.010505058667181863,0.9894949413328181
survset:support2,DeepHit,7,48,1585,9.273618698120117,1,3.7416574954986572,0.9843312397866834,0.015668760213316646,7.745966911315918,0.9677082792270975,0.032291720772902544,16.248077392578125,0.6784943074673006,0.32150569253269945
survset:support2,DeepHit,7,48,4178,7.211102485656738,1,3.7416574954986572,0.49886594343682317,0.5011340565631768,7.745966911315918,0.010981477625902694,0.9890185223740973,16.248077392578125,0.006985449927345211,0.9930145500726548
survset:support2,DeepHit,7,48,6003,43.497127532958984,0,3.7416574954986572,0.9880895720981059,0.011910427901894116,7.745966911315918,0.9784427393487136,0.02155726065128638,16.248077392578125,0.7570212016548392,0.24297879834516078
survset:support2,DeepHit,7,48,1957,8.83176040649414,1,3.7416574954986572,0.99258175909214,0.00741824090786003,7.745966911315918,0.9834569983388283,0.01654300166117173,16.248077392578125,0.6281225676170497,0.37187743238295035
survset:support2,DeepHit,7,48,7503,9.643651008605957,1,3.7416574954986572,0.99609545175052,0.0039045482494800554,7.745966911315918,0.9935779179463169,0.006422082053683109,16.248077392578125,0.7687378346877436,0.2312621653122564
survset:support2,DeepHit,7,48,4158,37.24245071411133,0,3.7416574954986572,0.9745942448752043,0.025405755124795704,7.745966911315918,0.9430880780559684,0.05691192194403161,16.248077392578125,0.7047431370814318,0.29525686291856823
survset:support2,DeepHit,7,48,9040,20.736440658569336,0,3.7416574954986572,0.9850766093892515,0.014923390610748544,7.745966911315918,0.9728540618999573,0.027145938100042732,16.248077392578125,0.7777044978560851,0.2222955021439149
survset:support2,DeepHit,7,48,1707,44.15880584716797,0,3.7416574954986572,0.9955614214685834,0.004438578531416604,7.745966911315918,0.9926905291721794,0.00730947082782063,16.248077392578125,0.7591582892814006,0.2408417107185994
survset:support2,DeepHit,7,48,3022,2.6457512378692627,1,3.7416574954986572,0.524492673980779,0.47550732601922097,7.745966911315918,0.03892279544774142,0.9610772045522585,16.248077392578125,0.017635665987897422,0.9823643340121025
survset:support2,DeepHit,7,48,3834,22.226110458374023,1,3.7416574954986572,0.9942706966842223,0.005729303315777701,7.745966911315918,0.9852281815563144,0.01477181844368558,16.248077392578125,0.748432540533851,0.251567459466149
survset:support2,DeepHit,7,48,7430,2.0,1,3.7416574954986572,0.425001716545084,0.574998283454916,7.745966911315918,0.0400876854375452,0.9599123145624548,16.248077392578125,0.032482755276890936,0.9675172447231091
survset:support2,DeepHit,7,48,2608,30.64310646057129,0,3.7416574954986572,0.996416521600601,0.003583478399398987,7.745966911315918,0.992244791083267,0.007755208916732981,16.248077392578125,0.7585859179939858,0.24141408200601422
survset:support2,DeepHit,7,48,7671,20.248456954956055,0,3.7416574954986572,0.9921433710873546,0.00785662891264538,7.745966911315918,0.9867935575908888,0.013206442409111174,16.248077392578125,0.7670944314966912,0.2329055685033088
survset:support2,DeepHit,7,48,7266,11.704699516296387,1,3.7416574954986572,0.9908067581476305,0.009193241852369471,7.745966911315918,0.9773234990704452,0.022676500929554755,16.248077392578125,0.6683350678450622,0.33166493215493775
survset:support2,DeepHit,7,48,2424,32.95451354980469,0,3.7416574954986572,0.9933911614144365,0.006608838585563492,7.745966911315918,0.9890628298684463,0.010937170131553708,16.248077392578125,0.7589974830817541,0.24100251691824592
survset:support2,DeepHit,7,48,2793,22.912878036499023,1,3.7416574954986572,0.9683021042905215,0.03169789570947845,7.745966911315918,0.9276066020610555,0.0723933979389445,16.248077392578125,0.6102185526270123,0.3897814473729877
survset:support2,DeepHit,7,48,290,24.0,1,3.7416574954986572,0.9882849447542317,0.011715055245768324,7.745966911315918,0.9749968743424541,0.02500312565754592,16.248077392578125,0.668168277952096,0.331831722047904
survset:support2,DeepHit,7,48,5587,21.3775577545166,0,3.7416574954986572,0.9890277182059648,0.010972281794035199,7.745966911315918,0.9776025159314369,0.022397484068563123,16.248077392578125,0.7286625870902876,0.27133741290971236
survset:support2,DeepHit,7,48,1502,21.0,0,3.7416574954986572,0.9903700067626852,0.009629993237314838,7.745966911315918,0.9569852601245582,0.0430147398754418,16.248077392578125,0.6371157161986135,0.3628842838013865
survset:support2,DeepHit,7,48,1465,21.771541595458984,0,3.7416574954986572,0.9913196637380759,0.008680336261924104,7.745966911315918,0.9839735790561773,0.016026420943822672,16.248077392578125,0.7681889634243689,0.23181103657563107
survset:support2,DeepHit,7,48,7159,25.179357528686523,1,3.7416574954986572,0.9939782379126938,0.006021762087306204,7.745966911315918,0.9865537520098483,0.013446247990151705,16.248077392578125,0.703319479591593,0.296680520408407
survset:support2,DeepHit,7,48,6005,35.902645111083984,1,3.7416574954986572,0.9887946236410531,0.011205376358946917,7.745966911315918,0.9810237230919343,0.018976276908065692,16.248077392578125,0.7418098743445788,0.2581901256554212
survset:support2,DeepHit,7,48,1593,6.082762718200684,1,3.7416574954986572,0.566518950070766,0.433481049929234,7.745966911315918,0.050708891888246066,0.9492911081117539,16.248077392578125,0.028047759179938233,0.9719522408200618
survset:support2,DeepHit,7,48,239,3.0,1,3.7416574954986572,0.42148012774233556,0.5785198722576644,7.745966911315918,0.04857859450726652,0.9514214054927335,16.248077392578125,0.04023288420751034,0.9597671157924896
survset:support2,DeepHit,7,48,2888,26.362852096557617,0,3.7416574954986572,0.9919994687487876,0.008000531251212362,7.745966911315918,0.9808891128454883,0.019110887154511702,16.248077392578125,0.7356205750947,0.2643794249053
survset:support2,DeepHit,7,48,3136,12.409673690795898,1,3.7416574954986572,0.9855106690152944,0.014489330984705617,7.745966911315918,0.9417363457083482,0.05826365429165181,16.248077392578125,0.606320309403827,0.393679690596173
survset:support2,DeepHit,7,48,5285,24.31049156188965,0,3.7416574954986572,0.9969469626464968,0.003053037353503152,7.745966911315918,0.9953173009583843,0.004682699041615668,16.248077392578125,0.8407664975467724,0.15923350245322765
survset:support2,DeepHit,7,48,3661,11.357816696166992,1,3.7416574954986572,0.9748098991875915,0.025190100812408467,7.745966911315918,0.9455258997832462,0.05447410021675381,16.248077392578125,0.6432976284245113,0.3567023715754887
survset:support2,DeepHit,7,48,5065,26.191600799560547,0,3.7416574954986572,0.9948467595897634,0.00515324041023657,7.745966911315918,0.9915561057222292,0.008443894277770814,16.248077392578125,0.8184161026146202,0.18158389738537983
survset:support2,DeepHit,7,48,8594,17.6068172454834,1,3.7416574954986572,0.9677906860894078,0.03220931391059223,7.745966911315918,0.9501516587020911,0.04984834129790894,16.248077392578125,0.6804827321602708,0.3195172678397292
survset:support2,DeepHit,7,48,2772,4.123105525970459,1,3.7416574954986572,0.5338676911377276,0.4661323088622724,7.745966911315918,0.05327518934389097,0.946724810656109,16.248077392578125,0.032025934385855846,0.9679740656141441
survset:support2,DeepHit,7,48,5223,2.0,1,3.7416574954986572,0.1323499678779417,0.8676500321220583,7.745966911315918,0.018559262521578763,0.9814407374784212,16.248077392578125,0.015555231686246179,0.9844447683137538
survset:support2,DeepHit,7,48,2294,25.0,1,3.7416574954986572,0.9874669951991467,0.012533004800853287,7.745966911315918,0.9792215414055633,0.02077845859443672,16.248077392578125,0.6741138183866532,0.3258861816133468
survset:support2,DeepHit,7,48,2261,13.711309432983398,1,3.7416574954986572,0.9914562374811099,0.008543762518890108,7.745966911315918,0.9834142337829902,0.0165857662170098,16.248077392578125,0.7054990960037413,0.2945009039962587
survset:support2,DeepHit,7,48,4691,6.0,1,3.7416574954986572,0.5370602127823025,0.46293978721769746,7.745966911315918,0.03474696278611835,0.9652530372138817,16.248077392578125,0.01894734780720403,0.981052652192796
survset:support2,DeepHit,7,48,313,16.34013557434082,1,3.7416574954986572,0.9921134241879604,0.007886575812039553,7.745966911315918,0.9813149708125184,0.018685029187481605,16.248077392578125,0.7212183152762375,0.2787816847237625
survset:support2,DeepHit,7,48,4707,6.324555397033691,1,3.7416574954986572,0.5240341525613886,0.47596584743861137,7.745966911315918,0.018816014507824788,0.9811839854921752,16.248077392578125,0.00757931085532133,0.9924206891446786
survset:support2,DeepHit,7,48,8066,11.661903381347656,1,3.7416574954986572,0.9909061187210482,0.009093881278951832,7.745966911315918,0.9847776726126538,0.01522232738734619,16.248077392578125,0.7638377316512722,0.23616226834872778
survset:support2,DeepHit,7,48,3826,2.6457512378692627,1,3.7416574954986572,0.4698770412226945,0.5301229587773055,7.745966911315918,0.014644282281465028,0.9853557177185349,16.248077392578125,0.01057816015510658,0.9894218398448934
survset:support2,DeepHit,7,48,7261,2.0,1,3.7416574954986572,0.33175600758817914,0.6682439924118209,7.745966911315918,0.01598010439831224,0.9840198956016878,16.248077392578125,0.014262656520957989,0.985737343479042
survset:support2,DeepHit,7,48,4138,9.32737922668457,1,3.7416574954986572,0.8023311696606064,0.19766883033939364,7.745966911315918,0.6691630099245512,0.33083699007544876,16.248077392578125,0.5288872372988023,0.47111276270119773
survset:support2,DeepHit,7,48,445,17.0880069732666,1,3.7416574954986572,0.9894380954484381,0.010561904551561918,7.745966911315918,0.977562017893429,0.022437982106570997,16.248077392578125,0.655270979511442,0.344729020488558
survset:support2,DeepHit,7,48,7789,6.4031243324279785,1,3.7416574954986572,0.5077010462188907,0.4922989537811093,7.745966911315918,0.029354070820690047,0.9706459291793099,16.248077392578125,0.020962981976328537,0.9790370180236715
survset:support2,DeepHit,7,48,9091,18.947296142578125,0,3.7416574954986572,0.9869360985660717,0.013063901433928327,7.745966911315918,0.9752626283340164,0.024737371665983554,16.248077392578125,0.7403227730864814,0.2596772269135186
survset:support2,DeepHit,7,48,7837,25.942243576049805,1,3.7416574954986572,0.9927936196051668,0.007206380394833234,7.745966911315918,0.9864681443375276,0.013531855662472392,16.248077392578125,0.7434026203307809,0.25659737966921914
survset:support2,DeepHit,7,48,538,13.527749061584473,1,3.7416574954986572,0.9870573191233147,0.012942680876685264,7.745966911315918,0.9739885699452626,0.026011430054737383,16.248077392578125,0.7035552778706898,0.29644472212931017
survset:support2,DeepHit,7,48,5918,44.26059341430664,0,3.7416574954986572,0.9924569895853375,0.007543010414662543,7.745966911315918,0.9879407762230303,0.012059223776969663,16.248077392578125,0.7747680600082225,0.22523193999177749
survset:support2,DeepHit,7,48,131,3.316624879837036,1,3.7416574954986572,0.491828048310957,0.508171951689043,7.745966911315918,0.061434709589496386,0.9385652904105036,16.248077392578125,0.04356810662982286,0.9564318933701771
survset:support2,DeepHit,7,48,8006,21.14237403869629,1,3.7416574954986572,0.9936749341828441,0.006325065817155862,7.745966911315918,0.9825405858759528,0.017459414124047168,16.248077392578125,0.6613771699270791,0.33862283007292093
survset:support2,DeepHit,7,48,8490,4.358899116516113,1,3.7416574954986572,0.5142079442980666,0.4857920557019334,7.745966911315918,0.021528748115993247,0.9784712518840067,16.248077392578125,0.01611639438489933,0.9838836056151007
survset:support2,DeepHit,7,48,4788,8.306623458862305,1,3.7416574954986572,0.9664092382954509,0.03359076170454911,7.745966911315918,0.9336576577694428,0.06634234223055724,16.248077392578125,0.7244324139814105,0.27556758601858955
survset:support2,DeepHit,7,48,6998,7.348469257354736,1,3.7416574954986572,0.5621401258116168,0.43785987418838324,7.745966911315918,0.042680461327382145,0.9573195386726179,16.248077392578125,0.02195744322677505,0.9780425567732249
survset:support2,DeepHit,7,48,7891,3.464101552963257,1,3.7416574954986572,0.5421500761351175,0.45784992386488255,7.745966911315918,0.01552920812021675,0.9844707918797833,16.248077392578125,0.009144585303581835,0.9908554146964181
survset:support2,DeepHit,7,48,1432,22.69361114501953,0,3.7416574954986572,0.982440386938055,0.01755961306194498,7.745966911315918,0.9686880640692956,0.03131193593070436,16.248077392578125,0.7936586355913211,0.2063413644086789
survset:support2,DeepHit,7,48,2945,3.1622776985168457,1,3.7416574954986572,0.5311799567670591,0.4688200432329409,7.745966911315918,0.04489009459242198,0.955109905407578,16.248077392578125,0.03311498409344029,0.9668850159065597
survset:support2,DeepHit,7,48,3664,42.04759216308594,0,3.7416574954986572,0.992235680946753,0.007764319053247037,7.745966911315918,0.9845025713608945,0.015497428639105526,16.248077392578125,0.7470331708884408,0.2529668291115592
survset:support2,DeepHit,7,48,6382,39.8873405456543,0,3.7416574954986572,0.9767832051383627,0.023216794861637302,7.745966911315918,0.9549432584329992,0.04505674156700079,16.248077392578125,0.7114371146487236,0.2885628853512764
survset:support2,DeepHit,7,48,332,12.767145156860352,1,3.7416574954986572,0.9879425748643609,0.012057425135639122,7.745966911315918,0.9784493028287669,0.021550697171233146,16.248077392578125,0.7415978667158867,0.2584021332841133
survset:support2,DeepHit,7,48,6386,25.729360580444336,1,3.7416574954986572,0.9952857968031918,0.004714203196808153,7.745966911315918,0.9768262357018356,0.023173764298164423,16.248077392578125,0.6767259951076671,0.32327400489233293
survset:support2,DeepHit,7,48,5990,2.4494898319244385,1,3.7416574954986572,0.462298227345864,0.537701772654136,7.745966911315918,0.01734930724428954,0.9826506927557105,16.248077392578125,0.01066379400336685,0.9893362059966332
survset:support2,DeepHit,7,48,5069,2.8284270763397217,1,3.7416574954986572,0.5005245899498816,0.4994754100501184,7.745966911315918,0.0115682587189867,0.9884317412810133,16.248077392578125,0.00626615557064609,0.9937338444293539
survset:support2,DeepHit,7,48,7391,16.61324691772461,1,3.7416574954986572,0.9940978270791667,0.005902172920833282,7.745966911315918,0.9890574490893722,0.01094255091062779,16.248077392578125,0.7645061659301993,0.23549383406980073
survset:support2,DeepHit,7,48,5725,7.071067810058594,1,3.7416574954986572,0.5984615086997823,0.4015384913002177,7.745966911315918,0.11472520546062474,0.8852747945393753,16.248077392578125,0.07218329918035625,0.9278167008196437
survset:support2,DeepHit,7,48,6740,22.203603744506836,1,3.7416574954986572,0.9903387255129967,0.009661274487003269,7.745966911315918,0.9775298686550917,0.022470131344908273,16.248077392578125,0.7669505957759986,0.23304940422400144
survset:support2,DeepHit,7,48,5524,11.224971771240234,1,3.7416574954986572,0.987950969068319,0.01204903093168097,7.745966911315918,0.9748801162262324,0.025119883773767615,16.248077392578125,0.7118009677536447,0.28819903224635535
survset:support2,DeepHit,7,48,607,38.70400619506836,0,3.7416574954986572,0.9928135022408501,0.0071864977591499235,7.745966911315918,0.9853326582370223,0.014667341762977681,16.248077392578125,0.7834145236947794,0.21658547630522063
survset:support2,DeepHit,7,48,1964,41.569217681884766,0,3.7416574954986572,0.9901736104347743,0.009826389565225746,7.745966911315918,0.9775051853720371,0.022494814627962878,16.248077392578125,0.722141599330888,0.27785840066911205
survset:support2,DeepHit,7,48,4404,8.0,1,3.7416574954986572,0.9567626322424182,0.0432373677575818,7.745966911315918,0.8825620786057619,0.11743792139423814,16.248077392578125,0.5601524635695846,0.4398475364304154
survset:support2,DeepHit,7,48,616,22.89104652404785,1,3.7416574954986572,0.9948673604977974,0.005132639502202552,7.745966911315918,0.9883646044159607,0.011635395584039254,16.248077392578125,0.6921479538158913,0.30785204618410866
survset:support2,DeepHit,7,48,4024,38.57460403442383,0,3.7416574954986572,0.9746714348403733,0.02532856515962667,7.745966911315918,0.947158497837748,0.05284150216225203,16.248077392578125,0.716188940410501,0.28381105958949904
survset:support2,DeepHit,7,48,5014,20.760540008544922,1,3.7416574954986572,0.9945600658743436,0.005439934125656354,7.745966911315918,0.9888879448807916,0.01111205511920843,16.248077392578125,0.7952735176282179,0.20472648237178215
survset:support2,DeepHit,7,48,8410,15.0,1,3.7416574954986572,0.9795137421415376,0.020486257858462364,7.745966911315918,0.9577669044164606,0.04223309558353938,16.248077392578125,0.7004627500216049,0.29953724997839515
survset:support2,DeepHit,7,48,6861,31.62277603149414,0,3.7416574954986572,0.9962216092269988,0.003778390773001239,7.745966911315918,0.994848162196883,0.00515183780311701,16.248077392578125,0.8541137076152082,0.14588629238479178
survset:support2,DeepHit,7,48,8976,22.315914154052734,0,3.7416574954986572,0.9940879674349042,0.0059120325650957595,7.745966911315918,0.9899766469213777,0.010023353078622343,16.248077392578125,0.7958098553525381,0.20419014464746188
survset:support2,DeepHit,7,48,5764,19.235383987426758,1,3.7416574954986572,0.9961434211710463,0.0038565788289537384,7.745966911315918,0.9935123312803231,0.006487668719676876,16.248077392578125,0.751024349778173,0.248975650221827
survset:support2,DeepHit,7,48,4384,2.0,1,3.7416574954986572,0.43496702554361966,0.5650329744563803,7.745966911315918,0.027702791234704028,0.972297208765296,16.248077392578125,0.02250364915173599,0.977496350848264
survset:support2,DeepHit,7,48,8794,3.1622776985168457,1,3.7416574954986572,0.38539309938680294,0.6146069006131971,7.745966911315918,0.05878809842351367,0.9412119015764864,16.248077392578125,0.0490042373729662,0.9509957626270338
survset:support2,DeepHit,7,48,8197,39.43348693847656,0,3.7416574954986572,0.9896117712015441,0.010388228798455912,7.745966911315918,0.9806326063747713,0.019367393625228657,16.248077392578125,0.7560591482104881,0.24394085178951186
survset:support2,DeepHit,7,48,4074,24.83948516845703,1,3.7416574954986572,0.9879973340914553,0.012002665908544707,7.745966911315918,0.9758849806238784,0.024115019376121594,16.248077392578125,0.7337150517931864,0.2662849482068136
survset:support2,DeepHit,7,48,2219,38.49675369262695,0,3.7416574954986572,0.9931286889235966,0.006871311076403375,7.745966911315918,0.9900548210622382,0.009945178937761812,16.248077392578125,0.8422482222624204,0.15775177773757965
survset:support2,DeepHit,7,48,4293,13.964240074157715,1,3.7416574954986572,0.9855840961411888,0.014415903858811197,7.745966911315918,0.9694468381890282,0.030553161810971785,16.248077392578125,0.7049049016901987,0.2950950983098013
survset:support2,DeepHit,7,48,4380,32.186954498291016,0,3.7416574954986572,0.9917904738938447,0.00820952610615533,7.745966911315918,0.9862970047749251,0.013702995225074899,16.248077392578125,0.8208443643845907,0.17915563561540926
survset:support2,DeepHit,7,48,6218,26.60826873779297,1,3.7416574954986572,0.9818019142405088,0.018198085759491223,7.745966911315918,0.9640243413990275,0.035975658600972515,16.248077392578125,0.741905700818359,0.25809429918164095
survset:support2,DeepHit,7,48,2196,5.0,1,3.7416574954986572,0.5248667721914049,0.4751332278085951,7.745966911315918,0.03009331961365354,0.9699066803863464,16.248077392578125,0.02252965084714066,0.9774703491528594
survset:support2,DeepHit,7,48,7072,28.930952072143555,0,3.7416574954986572,0.9702239417106387,0.02977605828936125,7.745966911315918,0.9369238065335873,0.06307619346641269,16.248077392578125,0.698209203298978,0.30179079670102205
survset:support2,DeepHit,7,48,6394,2.0,1,3.7416574954986572,0.42935345595136715,0.5706465440486328,7.745966911315918,0.055713387406592284,0.9442866125934077,16.248077392578125,0.045578026494453375,0.9544219735055466
survset:support2,DeepHit,7,48,7698,3.605551242828369,1,3.7416574954986572,0.45049050396075957,0.5495094960392404,7.745966911315918,0.03209406555869395,0.967905934441306,16.248077392578125,0.023843392221889657,0.9761566077781103
survset:support2,DeepHit,7,48,7823,44.226688385009766,0,3.7416574954986572,0.9928738487755272,0.007126151224472799,7.745966911315918,0.9879948406736689,0.01200515932633106,16.248077392578125,0.7660051682893062,0.2339948317106938
survset:support2,DeepHit,7,48,5782,1.7320507764816284,1,3.7416574954986572,0.34336905335572177,0.6566309466442782,7.745966911315918,0.0491036907118221,0.9508963092881779,16.248077392578125,0.04193462970386659,0.9580653702961334
survset:support2,DeepHit,7,48,2685,29.580398559570312,0,3.7416574954986572,0.98821950208927,0.011780497910729992,7.745966911315918,0.9810152890636727,0.018984710936327254,16.248077392578125,0.761140446665871,0.238859553334129
survset:support2,DeepHit,7,48,6865,31.59113883972168,0,3.7416574954986572,0.9926150322995237,0.007384967700476253,7.745966911315918,0.98765032224467,0.012349677755330024,16.248077392578125,0.7617008007103269,0.23829919928967314
survset:support2,DeepHit,7,48,4708,11.87434196472168,1,3.7416574954986572,0.9708924138360441,0.029107586163955923,7.745966911315918,0.9523052620035757,0.04769473799642432,16.248077392578125,0.7259518206206637,0.27404817937933634
survset:support2,DeepHit,7,48,7788,44.58699417114258,0,3.7416574954986572,0.9936079275212716,0.006392072478728417,7.745966911315918,0.9887703104945809,0.011229689505419138,16.248077392578125,0.7410775338319904,0.2589224661680096
survset:support2,DeepHit,7,48,1990,33.6749153137207,1,3.7416574954986572,0.994655272187609,0.005344727812391037,7.745966911315918,0.9784802458072954,0.021519754192704577,16.248077392578125,0.6429738540662489,0.35702614593375115
survset:support2,DeepHit,7,48,5531,21.863210678100586,0,3.7416574954986572,0.989087367826444,0.01091263217355598,7.745966911315918,0.973779882092748,0.026220117907251983,16.248077392578125,0.6900333056334347,0.3099666943665653
survset:support2,DeepHit,7,48,1329,11.48912525177002,1,3.7416574954986572,0.9950257026353404,0.004974297364659597,7.745966911315918,0.9892197239656897,0.01078027603431031,16.248077392578125,0.7324176114340984,0.26758238856590155
survset:support2,DeepHit,7,48,2925,25.884357452392578,0,3.7416574954986572,0.9960410883590065,0.00395891164099349,7.745966911315918,0.9922653283512385,0.007734671648761515,16.248077392578125,0.7076804691918562,0.29231953080814377
survset:support2,DeepHit,7,48,7560,13.527749061584473,1,3.7416574954986572,0.9938165571864025,0.006183442813597506,7.745966911315918,0.9886385451678481,0.011361454832151896,16.248077392578125,0.749822075923808,0.250177924076192
survset:support2,DeepHit,7,48,4586,10.488088607788086,1,3.7416574954986572,0.9741206247574623,0.025879375242537694,7.745966911315918,0.9519425930222921,0.048057406977707884,16.248077392578125,0.653460573430678,0.346539426569322
survset:support2,DeepHit,7,48,794,25.70992088317871,1,3.7416574954986572,0.9939927313330925,0.006007268666907484,7.745966911315918,0.9863030403878964,0.013696959612103599,16.248077392578125,0.7589623762459348,0.24103762375406523
survset:support2,DeepHit,7,48,1970,41.509037017822266,0,3.7416574954986572,0.9851389022864735,0.014861097713526505,7.745966911315918,0.9702604022778242,0.029739597722175826,16.248077392578125,0.7265609438982042,0.27343905610179575
survset:support2,DeepHit,7,48,4265,36.19392395019531,0,3.7416574954986572,0.9888422483216704,0.011157751678329553,7.745966911315918,0.9819149512948262,0.0180850487051738,16.248077392578125,0.8457022656443915,0.15429773435560845
survset:support2,DeepHit,7,48,5656,20.688159942626953,0,3.7416574954986572,0.9709151012944354,0.029084898705564632,7.745966911315918,0.9448676371789058,0.05513236282109424,16.248077392578125,0.7047282492494531,0.2952717507505469
survset:support2,DeepHit,7,48,5778,18.947296142578125,0,3.7416574954986572,0.9898338375141837,0.010166162485816255,7.745966911315918,0.9824065223650916,0.017593477634908372,16.248077392578125,0.7577939035828002,0.2422060964171998
survset:support2,DeepHit,7,48,1622,15.36229133605957,1,3.7416574954986572,0.9924733710433497,0.00752662895665035,7.745966911315918,0.9823153846868545,0.01768461531314547,16.248077392578125,0.6662013027704218,0.3337986972295782
survset:support2,DeepHit,7,48,6292,4.0,1,3.7416574954986572,0.5000260910174833,0.4999739089825167,7.745966911315918,0.03660222797691492,0.9633977720230851,16.248077392578125,0.02614199401965712,0.9738580059803429
survset:support2,DeepHit,7,48,5445,1.7320507764816284,1,3.7416574954986572,0.4018620682128649,0.5981379317871351,7.745966911315918,0.08652336693384242,0.9134766330661576,16.248077392578125,0.0709441910727813,0.9290558089272187
survset:support2,DeepHit,7,48,8093,13.964240074157715,1,3.7416574954986572,0.9914541028057681,0.008545897194231933,7.745966911315918,0.9788415168298532,0.02115848317014679,16.248077392578125,0.7437582885554562,0.2562417114445438
survset:support2,DeepHit,7,48,1475,3.1622776985168457,1,3.7416574954986572,0.5276916720021738,0.4723083279978262,7.745966911315918,0.023802013261400363,0.9761979867385996,16.248077392578125,0.015970202290477378,0.9840297977095226
survset:support2,DeepHit,7,48,3588,9.591663360595703,1,3.7416574954986572,0.9952787063578448,0.004721293642155233,7.745966911315918,0.9925337253316945,0.007466274668305517,16.248077392578125,0.8646595702136345,0.1353404297863655
survset:support2,DeepHit,7,48,1493,21.307275772094727,0,3.7416574954986572,0.988561127778816,0.011438872221184004,7.745966911315918,0.9808828572613878,0.019117142738612203,16.248077392578125,0.7793987830436243,0.2206012169563757
survset:support2,DeepHit,7,48,7902,7.141428470611572,1,3.7416574954986572,0.5370863313852107,0.46291366861478933,7.745966911315918,0.048401047486780154,0.9515989525132198,16.248077392578125,0.02368139910296892,0.976318600897031
survset:support2,DeepHit,7,48,5027,7.071067810058594,1,3.7416574954986572,0.5450045499843508,0.4549954500156492,7.745966911315918,0.025269779785865778,0.9747302202141342,16.248077392578125,0.010728857214038308,0.9892711427859617
survset:support2,DeepHit,7,48,2895,4.358899116516113,1,3.7416574954986572,0.48899840267667866,0.5110015973233213,7.745966911315918,0.021812813476926096,0.9781871865230739,16.248077392578125,0.01438690063215795,0.985613099367842
survset:support2,DeepHit,7,48,2015,41.024383544921875,0,3.7416574954986572,0.9905089488053066,0.0094910511946934,7.745966911315918,0.9835000748712516,0.016499925128748427,16.248077392578125,0.7158761961692791,0.2841238038307209
survset:support2,DeepHit,7,48,2800,10.344079971313477,1,3.7416574954986572,0.9934599660550634,0.00654003394493663,7.745966911315918,0.9880830382388713,0.011916961761128664,16.248077392578125,0.6975441689462651,0.30245583105373486
survset:support2,DeepHit,7,48,5757,3.7416574954986572,1,3.7416574954986572,0.5654612313082171,0.4345387686917829,7.745966911315918,0.06438320841560456,0.9356167915843955,16.248077392578125,0.04953489985029624,0.9504651001497038
survset:support2,DeepHit,7,48,1340,5.74456262588501,1,3.7416574954986572,0.5189703294703014,0.4810296705296986,7.745966911315918,0.09074565528043337,0.9092543447195667,16.248077392578125,0.05789405165969464,0.9421059483403054
survset:support2,DeepHit,7,48,4292,5.916079998016357,1,3.7416574954986572,0.48072403056739044,0.5192759694326096,7.745966911315918,0.02692681883228581,0.9730731811677142,16.248077392578125,0.016908670070870095,0.98309132992913
survset:support2,DeepHit,7,48,8663,2.2360680103302,1,3.7416574954986572,0.4051182395285437,0.5948817604714562,7.745966911315918,0.04227352807719693,0.957726471922803,16.248077392578125,0.03634664044495025,0.9636533595550497
survset:support2,DeepHit,7,48,7408,5.385164737701416,1,3.7416574954986572,0.5112414716742577,0.4887585283257423,7.745966911315918,0.04426675128344918,0.9557332487165509,16.248077392578125,0.03241475826908633,0.9675852417309136
survset:support2,DeepHit,7,48,4303,32.77193832397461,0,3.7416574954986572,0.990862368491335,0.009137631508664978,7.745966911315918,0.9852756728943562,0.014724327105643753,16.248077392578125,0.7760998704500047,0.22390012954999527
survset:support2,DeepHit,7,48,5886,44.5421142578125,0,3.7416574954986572,0.98614124068535,0.013858759314649971,7.745966911315918,0.9770718149626948,0.022928185037305204,16.248077392578125,0.7592859763196329,0.2407140236803671
survset:support2,DeepHit,7,48,7331,9.219544410705566,1,3.7416574954986572,0.9849714682235546,0.015028531776445364,7.745966911315918,0.9708100702370834,0.029189929762916567,16.248077392578125,0.7233708994210318,0.27662910057896817
survset:support2,DeepHit,7,48,316,3.1622776985168457,1,3.7416574954986572,0.49094858301721406,0.509051416982786,7.745966911315918,0.016417142258568492,0.9835828577414315,16.248077392578125,0.012790653616660345,0.9872093463833397
survset:support2,DeepHit,7,48,3181,20.19900894165039,0,3.7416574954986572,0.9880680975223392,0.01193190247766085,7.745966911315918,0.9769684400116351,0.023031559988364925,16.248077392578125,0.7438945947884542,0.2561054052115458
survset:support2,DeepHit,7,48,2527,14.106736183166504,1,3.7416574954986572,0.9833289567287805,0.016671043271219488,7.745966911315918,0.9683515534647839,0.031648446535216146,16.248077392578125,0.6897251307383252,0.3102748692616748
survset:support2,DeepHit,7,48,5087,15.905973434448242,1,3.7416574954986572,0.9929918529137985,0.007008147086201455,7.745966911315918,0.9898465939628588,0.01015340603714121,16.248077392578125,0.823099860288762,0.17690013971123797
survset:support2,DeepHit,7,48,261,2.0,1,3.7416574954986572,0.4736980573470569,0.5263019426529432,7.745966911315918,0.04856857416809997,0.9514314258319,16.248077392578125,0.040051699269405334,0.9599483007305947
survset:support2,DeepHit,7,48,1152,28.089143753051758,0,3.7416574954986572,0.9674708020979539,0.032529197902046114,7.745966911315918,0.9419882363666203,0.058011763633379676,16.248077392578125,0.7422200575146952,0.2577799424853048
survset:support2,DeepHit,7,48,8296,12.649110794067383,1,3.7416574954986572,0.9879599177719178,0.012040082228082172,7.745966911315918,0.9638645240582551,0.03613547594174493,16.248077392578125,0.6201439425914718,0.37985605740852824
survset:support2,DeepHit,7,48,6889,5.830951690673828,1,3.7416574954986572,0.5717583889717789,0.4282416110282211,7.745966911315918,0.020043512313707802,0.9799564876862922,16.248077392578125,0.011372065322758666,0.9886279346772413
survset:support2,DeepHit,7,48,6448,39.1024284362793,0,3.7416574954986572,0.9916849518031666,0.008315048196833374,7.745966911315918,0.984606988998553,0.015393011001446966,16.248077392578125,0.7228806880469674,0.27711931195303263
survset:support2,DeepHit,7,48,8345,2.0,1,3.7416574954986572,0.5566411933773711,0.44335880662262894,7.745966911315918,0.01698585918997341,0.9830141408100266,16.248077392578125,0.008533286797713244,0.9914667132022867
survset:support2,DeepHit,7,48,240,16.6433162689209,1,3.7416574954986572,0.9832902192714303,0.016709780728569656,7.745966911315918,0.9333168196076594,0.06668318039234056,16.248077392578125,0.6260814638899627,0.37391853611003734
survset:support2,DeepHit,7,48,1712,2.6457512378692627,1,3.7416574954986572,0.34884799487867507,0.6511520051213249,7.745966911315918,0.019302327801360604,0.9806976721986393,16.248077392578125,0.01615634836283115,0.9838436516371688
survset:support2,DeepHit,7,48,5444,1.7320507764816284,1,3.7416574954986572,0.2877145657545772,0.7122854342454228,7.745966911315918,0.03316557259451862,0.9668344274054814,16.248077392578125,0.02698832208711865,0.9730116779128813
survset:support2,DeepHit,7,48,3773,41.01219177246094,0,3.7416574954986572,0.9872151628073608,0.012784837192639231,7.745966911315918,0.9666286805674251,0.033371319432574875,16.248077392578125,0.7035896410491564,0.29641035895084356
survset:support2,DeepHit,7,48,140,24.24871063232422,1,3.7416574954986572,0.9906184990543553,0.009381500945644716,7.745966911315918,0.9816891166565374,0.018310883343462647,16.248077392578125,0.68264608673666,0.31735391326333995
survset:support2,DeepHit,7,48,6579,1.7320507764816284,1,3.7416574954986572,0.4388816154454783,0.5611183845545217,7.745966911315918,0.0709893915796333,0.9290106084203666,16.248077392578125,0.06239824612014335,0.9376017538798567
survset:support2,DeepHit,7,48,909,10.58300495147705,1,3.7416574954986572,0.9944494391444083,0.005550560855591691,7.745966911315918,0.9688378305592861,0.031162169440713927,16.248077392578125,0.6102009860172675,0.38979901398273253
survset:support2,DeepHit,7,48,2956,15.620499610900879,1,3.7416574954986572,0.9837903445818549,0.01620965541814512,7.745966911315918,0.955801030882335,0.044198969117664966,16.248077392578125,0.664800911568977,0.335199088431023
survset:support2,DeepHit,7,48,1124,28.47806167602539,0,3.7416574954986572,0.9946129036228915,0.005387096377108547,7.745966911315918,0.9925883312272602,0.007411668772739799,16.248077392578125,0.8579740933491062,0.14202590665089376
survset:support2,DeepHit,7,48,7543,7.6157732009887695,1,3.7416574954986572,0.562312381467518,0.43768761853248195,7.745966911315918,0.08408640189005652,0.9159135981099434,16.248077392578125,0.04518099305491043,0.9548190069450896
survset:support2,DeepHit,7,48,2367,17.291616439819336,1,3.7416574954986572,0.9900643094339053,0.009935690566094668,7.745966911315918,0.9824455751426664,0.017554424857333606,16.248077392578125,0.7970455665502517,0.20295443344974828
survset:support2,DeepHit,7,48,3359,6.324555397033691,1,3.7416574954986572,0.44601887823323405,0.553981121766766,7.745966911315918,0.014416770572881429,0.9855832294271186,16.248077392578125,0.01152957153981065,0.9884704284601894
survset:support2,DeepHit,7,48,8078,35.53871154785156,1,3.7416574954986572,0.9925430750082294,0.0074569249917706415,7.745966911315918,0.9863213004987299,0.013678699501270097,16.248077392578125,0.7277967508512146,0.27220324914878535
survset:support2,DeepHit,7,48,2393,36.34556198120117,0,3.7416574954986572,0.9890250783172988,0.0109749216827012,7.745966911315918,0.9796079635024292,0.02039203649757082,16.248077392578125,0.7536968657627509,0.24630313423724914
survset:support2,DeepHit,7,48,5519,7.6157732009887695,1,3.7416574954986572,0.5346635420965239,0.4653364579034761,7.745966911315918,0.10021622381598125,0.8997837761840187,16.248077392578125,0.052828342862321784,0.9471716571376783
survset:support2,DeepHit,7,48,3721,14.525838851928711,1,3.7416574954986572,0.9764406704889576,0.02355932951104245,7.745966911315918,0.9612684339844947,0.038731566015505314,16.248077392578125,0.7182208450173926,0.2817791549826074
survset:support2,DeepHit,7,48,22,44.933284759521484,0,3.7416574954986572,0.98635741780355,0.013642582196449982,7.745966911315918,0.9721173457901051,0.027882654209894886,16.248077392578125,0.7079198178719927,0.29208018212800735
survset:support2,DeepHit,7,48,2906,11.87434196472168,1,3.7416574954986572,0.9882990870830968,0.011700912916903228,7.745966911315918,0.9772273389988363,0.022772661001163708,16.248077392578125,0.6782951746285161,0.3217048253714839
survset:support2,DeepHit,7,48,2059,33.105892181396484,1,3.7416574954986572,0.9892083255148256,0.010791674485174374,7.745966911315918,0.9805139434455986,0.019486056554401388,16.248077392578125,0.7537834058205081,0.24621659417949193
survset:support2,DeepHit,7,48,4903,2.4494898319244385,1,3.7416574954986572,0.44537069031127785,0.5546293096887221,7.745966911315918,0.0626267611264476,0.9373732388735524,16.248077392578125,0.04022347667884191,0.9597765233211581
survset:support2,DeepHit,7,48,8049,18.30300521850586,1,3.7416574954986572,0.9929018652587898,0.007098134741210238,7.745966911315918,0.9752885265933801,0.024711473406619944,16.248077392578125,0.6977249608901308,0.3022750391098692
survset:support2,DeepHit,7,48,8722,15.842979431152344,1,3.7416574954986572,0.985471885302527,0.01452811469747295,7.745966911315918,0.9639497074989002,0.03605029250109981,16.248077392578125,0.6476743771580247,0.35232562284197533
survset:support2,DeepHit,7,48,974,5.74456262588501,1,3.7416574954986572,0.5726458795109627,0.4273541204890373,7.745966911315918,0.08336868859207512,0.9166313114079249,16.248077392578125,0.05931635234832057,0.9406836476516794
survset:support2,DeepHit,7,48,2031,30.033315658569336,1,3.7416574954986572,0.9901787076416922,0.009821292358307754,7.745966911315918,0.9840397094115366,0.015960290588463377,16.248077392578125,0.7769584480947104,0.22304155190528963
survset:support2,DeepHit,7,48,4357,7.937253952026367,1,3.7416574954986572,0.9779878101190137,0.0220121898809863,7.745966911315918,0.9558853787749995,0.04411462122500054,16.248077392578125,0.6903516818654675,0.30964831813453253
survset:support2,DeepHit,7,48,5602,2.6457512378692627,1,3.7416574954986572,0.5371953286837322,0.4628046713162678,7.745966911315918,0.013956936945160838,0.9860430630548391,16.248077392578125,0.008320123146003422,0.9916798768539966
survset:support2,DeepHit,7,48,3627,42.379241943359375,0,3.7416574954986572,0.9823344834856211,0.017665516514378865,7.745966911315918,0.9682098366457165,0.03179016335428353,16.248077392578125,0.7382256996484102,0.2617743003515898
survset:support2,DeepHit,7,48,191,43.46262741088867,0,3.7416574954986572,0.9938851793658098,0.006114820634190221,7.745966911315918,0.9880019946342576,0.011998005365742359,16.248077392578125,0.7614433195516948,0.23855668044830525
survset:support2,DeepHit,7,48,1874,42.54409408569336,0,3.7416574954986572,0.9922531755799561,0.00774682442004393,7.745966911315918,0.9847038142324687,0.015296185767531334,16.248077392578125,0.7771809235047746,0.22281907649522537
survset:support2,DeepHit,7,48,2952,25.495098114013672,0,3.7416574954986572,0.9894588870633748,0.010541112936625185,7.745966911315918,0.9809516131204338,0.019048386879566226,16.248077392578125,0.7561826233876905,0.2438173766123095
survset:support2,DeepHit,7,48,6426,2.0,1,3.7416574954986572,0.37542707572132406,0.624572924278676,7.745966911315918,0.014222863172857618,0.9857771368271424,16.248077392578125,0.012643114836969479,0.9873568851630306
survset:support2,DeepHit,7,48,6059,29.580398559570312,1,3.7416574954986572,0.9939134192213234,0.006086580778676631,7.745966911315918,0.9749309928130998,0.025069007186900194,16.248077392578125,0.6618991156828585,0.33810088431714147
survset:support2,DeepHit,7,48,2576,27.23967742919922,1,3.7416574954986572,0.988115822379825,0.011884177620175018,7.745966911315918,0.9786034449861861,0.021396555013813878,16.248077392578125,0.6974663532524915,0.3025336467475085
survset:support2,DeepHit,7,48,1540,3.605551242828369,1,3.7416574954986572,0.42678155348290336,0.5732184465170966,7.745966911315918,0.03592993680089878,0.9640700631991013,16.248077392578125,0.030094968340457832,0.9699050316595421
survset:support2,DeepHit,7,48,5090,11.313708305358887,1,3.7416574954986572,0.9799808239592694,0.020019176040730557,7.745966911315918,0.9620367616282078,0.03796323837179216,16.248077392578125,0.7010044153869307,0.2989955846130693
survset:support2,DeepHit,7,48,4316,26.438608169555664,1,3.7416574954986572,0.985772161721174,0.01422783827882601,7.745966911315918,0.9765008946456658,0.023499105354334193,16.248077392578125,0.7343176393618448,0.2656823606381552
survset:support2,DeepHit,7,48,9019,21.14237403869629,0,3.7416574954986572,0.9881595097974456,0.011840490202554399,7.745966911315918,0.9769613350595355,0.02303866494046447,16.248077392578125,0.7413425602190316,0.25865743978096845
survset:support2,DeepHit,7,48,5212,3.0,1,3.7416574954986572,0.4388778983411744,0.5611221016588256,7.745966911315918,0.017299538661612986,0.9827004613383871,16.248077392578125,0.014720565400860319,0.9852794345991397
survset:support2,DeepHit,7,48,7160,8.185352325439453,1,3.7416574954986572,0.9688310196944722,0.031168980305527838,7.745966911315918,0.9187487688368893,0.08125123116311073,16.248077392578125,0.6534785618874266,0.3465214381125734
survset:support2,DeepHit,7,48,8569,31.11269760131836,0,3.7416574954986572,0.9942644662798025,0.005735533720197528,7.745966911315918,0.9898360726907988,0.010163927309201237,16.248077392578125,0.7936054931388338,0.20639450686116623
survset:support2,DeepHit,7,48,2882,7.6157732009887695,1,3.7416574954986572,0.49878091840657013,0.5012190815934299,7.745966911315918,0.022251087863606946,0.977748912136393,16.248077392578125,0.011791888356040963,0.988208111643959
survset:support2,DeepHit,7,48,1872,7.681145668029785,1,3.7416574954986572,0.9889055040675496,0.011094495932450377,7.745966911315918,0.967708144637822,0.032291855362178046,16.248077392578125,0.6224096663924137,0.3775903336075863
survset:support2,DeepHit,7,48,3983,3.464101552963257,1,3.7416574954986572,0.49124227465998915,0.5087577253400108,7.745966911315918,0.026354597823537697,0.9736454021764623,16.248077392578125,0.018825942968359342,0.9811740570316406
survset:support2,DeepHit,7,48,6686,36.46916580200195,0,3.7416574954986572,0.9921346245182735,0.0078653754817265,7.745966911315918,0.9827318726011717,0.017268127398828326,16.248077392578125,0.7135253415120094,0.2864746584879906
survset:support2,DeepHit,7,48,7756,3.0,1,3.7416574954986572,0.48962338174677816,0.5103766182532219,7.745966911315918,0.031612828527878466,0.9683871714721215,16.248077392578125,0.023448943775554374,0.9765510562244456
survset:support2,DeepHit,7,48,5256,24.63736915588379,0,3.7416574954986572,0.9922982870033313,0.007701712996668664,7.745966911315918,0.9878987675880936,0.012101232411906415,16.248077392578125,0.7489032099405807,0.2510967900594193
survset:support2,DeepHit,7,48,2130,39.49683380126953,0,3.7416574954986572,0.9868413359408954,0.013158664059104597,7.745966911315918,0.9747868785281321,0.02521312147186794,16.248077392578125,0.7355489992044908,0.2644510007955092
survset:support2,DeepHit,7,48,1702,44.1927604675293,0,3.7416574954986572,0.9918541168673451,0.008145883132654852,7.745966911315918,0.9884059251605162,0.011594074839483826,16.248077392578125,0.8263386031856799,0.17366139681432013
survset:support2,DeepHit,7,48,420,9.591663360595703,1,3.7416574954986572,0.9899170664533327,0.010082933546667339,7.745966911315918,0.959176355966951,0.040823644033048945,16.248077392578125,0.6091901809285332,0.39080981907146684
survset:support2,DeepHit,7,48,6935,30.757112503051758,0,3.7416574954986572,0.9901090899584822,0.009890910041517764,7.745966911315918,0.9830429865484018,0.01695701345159817,16.248077392578125,0.7907724294609121,0.20922757053908791
survset:support2,DeepHit,7,48,5114,25.74878692626953,0,3.7416574954986572,0.993785208139454,0.006214791860545965,7.745966911315918,0.9862785961843942,0.013721403815605826,16.248077392578125,0.7517836201011627,0.24821637989883727
survset:support2,DeepHit,7,48,6544,37.88139343261719,0,3.7416574954986572,0.9910230151591388,0.00897698484086118,7.745966911315918,0.984916872404248,0.015083127595752033,16.248077392578125,0.8199353280833139,0.18006467191668607
survset:support2,DeepHit,7,48,6420,4.690415859222412,1,3.7416574954986572,0.5523762631566602,0.4476237368433398,7.745966911315918,0.03032881383535465,0.9696711861646453,16.248077392578125,0.015601015149668086,0.984398984850332
survset:support2,DeepHit,7,48,3381,44.15880584716797,0,3.7416574954986572,0.9925643816792621,0.007435618320737913,7.745966911315918,0.9835977332056254,0.01640226679437462,16.248077392578125,0.7814593743378695,0.2185406256621305
survset:support2,DeepHit,7,48,4100,4.358899116516113,1,3.7416574954986572,0.48555031403122506,0.5144496859687749,7.745966911315918,0.037491977613870645,0.9625080223861293,16.248077392578125,0.028086651958982873,0.9719133480410171
survset:support2,DeepHit,7,48,3989,38.94868469238281,0,3.7416574954986572,0.992198604280927,0.007801395719073012,7.745966911315918,0.983208306862452,0.016791693137548025,16.248077392578125,0.7103735069553337,0.28962649304466626
survset:support2,DeepHit,7,48,1158,28.0,0,3.7416574954986572,0.9887496118628635,0.011250388137136524,7.745966911315918,0.9784679516040206,0.021532048395979442,16.248077392578125,0.7037823471013861,0.2962176528986139
survset:support2,DeepHit,7,48,813,8.426149368286133,1,3.7416574954986572,0.9839846503171867,0.016015349682813262,7.745966911315918,0.9691355560717648,0.030864443928235175,16.248077392578125,0.690347696085955,0.30965230391404497
survset:support2,DeepHit,7,48,2715,29.24038314819336,0,3.7416574954986572,0.9887069906945448,0.011293009305455182,7.745966911315918,0.9749045945545531,0.02509540544544686,16.248077392578125,0.7203999406528367,0.27960005934716325
survset:support2,DeepHit,7,48,1601,2.6457512378692627,1,3.7416574954986572,0.48419879360726786,0.5158012063927322,7.745966911315918,0.021394277878318203,0.9786057221216818,16.248077392578125,0.014174691604128058,0.9858253083958719
survset:support2,DeepHit,7,48,3692,2.8284270763397217,1,3.7416574954986572,0.5523978873425323,0.44760211265746774,7.745966911315918,0.02078310496924586,0.9792168950307542,16.248077392578125,0.009370546657997575,0.9906294533420025
survset:support2,DeepHit,7,48,8232,9.273618698120117,1,3.7416574954986572,0.9893987613629527,0.010601238637047317,7.745966911315918,0.9810017930831499,0.018998206916850058,16.248077392578125,0.7273510568575666,0.2726489431424334
survset:support2,DeepHit,7,48,8227,39.127994537353516,0,3.7416574954986572,0.9874940772282874,0.012505922771712585,7.745966911315918,0.9762610088693694,0.023738991130630605,16.248077392578125,0.7737666640885188,0.2262333359114812
survset:support2,DeepHit,7,48,2536,2.2360680103302,1,3.7416574954986572,0.4774341386691603,0.5225658613308397,7.745966911315918,0.041449265317150125,0.9585507346828499,16.248077392578125,0.02855769659768833,0.9714423034023116
survset:support2,DeepHit,7,48,1117,10.440306663513184,1,3.7416574954986572,0.9390985680875048,0.060901431912495196,7.745966911315918,0.8769679498290432,0.12303205017095675,16.248077392578125,0.636778588158239,0.36322141184176104
survset:support2,DeepHit,7,48,1527,12.12435531616211,1,3.7416574954986572,0.9772806199983143,0.02271938000168572,7.745966911315918,0.9166692822420319,0.08333071775796808,16.248077392578125,0.6092830089484289,0.3907169910515711
survset:support2,DeepHit,7,48,8562,12.688577651977539,1,3.7416574954986572,0.9949697983932941,0.005030201606705864,7.745966911315918,0.9855439041875477,0.01445609581245233,16.248077392578125,0.6708320791365351,0.3291679208634649
survset:support2,DeepHit,7,48,4279,28.337255477905273,1,3.7416574954986572,0.9935090995352085,0.006490900464791505,7.745966911315918,0.9863426791568207,0.013657320843179277,16.248077392578125,0.7305047523307376,0.26949524766926236
survset:support2,DeepHit,7,48,2019,2.8284270763397217,1,3.7416574954986572,0.4778987329055421,0.5221012670944579,7.745966911315918,0.025744567551582824,0.9742554324484172,16.248077392578125,0.018483727872331924,0.9815162721276681
survset:support2,DeepHit,7,48,7089,2.0,1,3.7416574954986572,0.321433283515719,0.678566716484281,7.745966911315918,0.015283018070311405,0.9847169819296886,16.248077392578125,0.012953293513474353,0.9870467064865256
survset:support2,DeepHit,7,48,3884,15.620499610900879,1,3.7416574954986572,0.9910242079602651,0.008975792039734865,7.745966911315918,0.9821274907814657,0.017872509218534338,16.248077392578125,0.7246662541938208,0.2753337458061792
survset:support2,DeepHit,7,48,2885,2.2360680103302,1,3.7416574954986572,0.41882181432312315,0.5811781856768768,7.745966911315918,0.0317513373216111,0.9682486626783889,16.248077392578125,0.02381586265376693,0.9761841373462331
survset:support2,DeepHit,7,48,2030,40.86563491821289,0,3.7416574954986572,0.9522558730388646,0.04774412696113539,7.745966911315918,0.923494839806873,0.07650516019312703,16.248077392578125,0.7062807905246259,0.2937192094753741
survset:support2,DeepHit,7,48,4831,2.4494898319244385,1,3.7416574954986572,0.4677900471990044,0.5322099528009956,7.745966911315918,0.024848785971128842,0.9751512140288712,16.248077392578125,0.018681137774298924,0.9813188622257011
survset:support2,DeepHit,7,48,6595,7.745966911315918,1,3.7416574954986572,0.9678678361334329,0.03213216386656714,7.745966911315918,0.9353389204731691,0.06466107952683087,16.248077392578125,0.6639694008426165,0.33603059915738354
survset:support2,DeepHit,7,48,5437,3.7416574954986572,1,3.7416574954986572,0.5079712368953687,0.4920287631046313,7.745966911315918,0.026144745233678175,0.9738552547663218,16.248077392578125,0.015481343799292844,0.9845186562007071
survset:support2,DeepHit,7,48,3332,43.53159713745117,1,3.7416574954986572,0.991416025946919,0.008583974053080978,7.745966911315918,0.9746754945629656,0.02532450543703435,16.248077392578125,0.732726902890709,0.26727309710929104
survset:support2,DeepHit,7,48,5145,25.495098114013672,0,3.7416574954986572,0.9968043521103019,0.003195647889698061,7.745966911315918,0.9946456270156502,0.00535437298434982,16.248077392578125,0.766108864102005,0.23389113589799504
survset:support2,DeepHit,7,48,8982,22.113344192504883,0,3.7416574954986572,0.9934250556767672,0.006574944323232801,7.745966911315918,0.9892771549404176,0.010722845059582431,16.248077392578125,0.7539019228159652,0.24609807718403476
survset:support2,DeepHit,7,48,7014,29.74894905090332,0,3.7416574954986572,0.9939208745258391,0.006079125474160896,7.745966911315918,0.989725275433386,0.010274724566614046,16.248077392578125,0.7917057957982788,0.20829420420172118
survset:support2,DeepHit,7,48,1083,7.280109882354736,1,3.7416574954986572,0.5280609219459306,0.4719390780540694,7.745966911315918,0.06856241654855051,0.9314375834514494,16.248077392578125,0.053932993271493083,0.946067006728507
survset:support2,DeepHit,7,48,2038,40.7798957824707,0,3.7416574954986572,0.9942568600037951,0.0057431399962049046,7.745966911315918,0.9888614782726557,0.011138521727344308,16.248077392578125,0.7198370424120106,0.28016295758798937
survset:support2,DeepHit,7,48,6078,32.264530181884766,1,3.7416574954986572,0.9932378873922707,0.006762112607729298,7.745966911315918,0.9839366196280896,0.016063380371910352,16.248077392578125,0.7187198711050401,0.2812801288949599
survset:support2,DeepHit,7,48,134,9.797959327697754,1,3.7416574954986572,0.9914422513619888,0.008557748638011176,7.745966911315918,0.9783903527605662,0.021609647239433816,16.248077392578125,0.6760298990623118,0.3239701009376882
survset:support2,DeepHit,7,48,3120,21.51743507385254,0,3.7416574954986572,0.9897591079910316,0.010240892008968383,7.745966911315918,0.979533035778699,0.02046696422130101,16.248077392578125,0.732866390741927,0.26713360925807295
survset:support2,DeepHit,7,48,6390,2.0,1,3.7416574954986572,0.3756276805604529,0.6243723194395471,7.745966911315918,0.040052500498785094,0.9599474995012149,16.248077392578125,0.035864875283617585,0.9641351247163824
survset:support2,DeepHit,7,48,7099,13.152946472167969,1,3.7416574954986572,0.9908262379399225,0.009173762060077473,7.745966911315918,0.9821411447335986,0.017858855266401408,16.248077392578125,0.7077421204670838,0.29225787953291615
survset:support2,DeepHit,7,48,1397,2.8284270763397217,1,3.7416574954986572,0.4220586384682865,0.5779413615317135,7.745966911315918,0.035773541536142144,0.9642264584638579,16.248077392578125,0.029265561127353484,0.9707344388726465
survset:support2,DeepHit,7,48,2277,7.8102498054504395,1,3.7416574954986572,0.9882817962876357,0.011718203712364317,7.745966911315918,0.9671048505857018,0.032895149414298164,16.248077392578125,0.6814430600011203,0.3185569399988797
survset:support2,DeepHit,7,48,6690,2.6457512378692627,1,3.7416574954986572,0.45703211951314987,0.5429678804868501,7.745966911315918,0.017491966769182056,0.9825080332308179,16.248077392578125,0.011875633283596032,0.9881243667164039
survset:support2,DeepHit,7,48,1374,4.123105525970459,1,3.7416574954986572,0.537717832547689,0.462282167452311,7.745966911315918,0.03231389170949131,0.9676861082905087,16.248077392578125,0.017084647520262473,0.9829153524797375
survset:support2,DeepHit,7,48,6329,40.4474983215332,0,3.7416574954986572,0.9937859920027323,0.006214007997267679,7.745966911315918,0.9793861893360682,0.020613810663931753,16.248077392578125,0.6460409463308616,0.3539590536691384
survset:support2,DeepHit,7,48,7332,25.495098114013672,0,3.7416574954986572,0.990458378332458,0.009541621667542022,7.745966911315918,0.9790987339795365,0.020901266020463494,16.248077392578125,0.6726322735258543,0.3273677264741457
survset:support2,DeepHit,7,48,4394,32.07802963256836,1,3.7416574954986572,0.9899501278671171,0.010049872132882887,7.745966911315918,0.9753688204954536,0.024631179504546408,16.248077392578125,0.7269551007273286,0.2730448992726714
survset:support2,DeepHit,7,48,6398,4.242640495300293,1,3.7416574954986572,0.504571866311012,0.49542813368898797,7.745966911315918,0.011909685654126086,0.9880903143458739,16.248077392578125,0.008432117522685958,0.9915678824773141
survset:support2,DeepHit,7,48,8851,1.7320507764816284,1,3.7416574954986572,0.3817603204689321,0.6182396795310678,7.745966911315918,0.03177591452672774,0.9682240854732722,16.248077392578125,0.027190500190073404,0.9728094998099266
survset:support2,DeepHit,7,48,4923,8.124038696289062,1,3.7416574954986572,0.9721548032374437,0.027845196762556257,7.745966911315918,0.9285059228224329,0.07149407717756706,16.248077392578125,0.6847675746551661,0.31523242534483387
survset:support2,DeepHit,7,48,2473,23.25940704345703,1,3.7416574954986572,0.987789496075036,0.012210503924964033,7.745966911315918,0.9732221373945927,0.026777862605407265,16.248077392578125,0.6876925053723347,0.31230749462766527
survset:support2,DeepHit,7,48,6747,32.84813690185547,0,3.7416574954986572,0.9822237818026419,0.017776218197358085,7.745966911315918,0.9664590073880905,0.03354099261190946,16.248077392578125,0.7321223258763695,0.2678776741236305
survset:support2,DeepHit,7,48,1260,3.464101552963257,1,3.7416574954986572,0.5400571501864068,0.45994284981359324,7.745966911315918,0.06273618449012895,0.937263815509871,16.248077392578125,0.04795580386702067,0.9520441961329793
survset:support2,DeepHit,7,48,3481,43.48563003540039,0,3.7416574954986572,0.9937429876510546,0.006257012348945379,7.745966911315918,0.9898745466403142,0.010125453359685843,16.248077392578125,0.8031058383816214,0.19689416161837858
survset:support2,DeepHit,7,48,818,16.34013557434082,1,3.7416574954986572,0.9934700342548627,0.006529965745137312,7.745966911315918,0.9848793590804655,0.015120640919534467,16.248077392578125,0.6857610946518883,0.3142389053481117
survset:support2,DeepHit,7,48,8791,26.34387969970703,0,3.7416574954986572,0.9554095457818518,0.04459045421814822,7.745966911315918,0.9352028313110651,0.06479716868893493,16.248077392578125,0.6539894158739653,0.3460105841260347
survset:support2,DeepHit,7,48,5344,23.874671936035156,0,3.7416574954986572,0.9922461179346652,0.007753882065334783,7.745966911315918,0.9789297158972516,0.02107028410274836,16.248077392578125,0.6490364290112344,0.3509635709887656
survset:support2,DeepHit,7,48,3883,8.306623458862305,1,3.7416574954986572,0.987206613518254,0.012793386481745994,7.745966911315918,0.9264791890725952,0.07352081092740481,16.248077392578125,0.5959127849830085,0.4040872150169915
survset:support2,DeepHit,7,48,4704,29.017236709594727,1,3.7416574954986572,0.9945008366703545,0.005499163329645507,7.745966911315918,0.9918096948180565,0.008190305181943525,16.248077392578125,0.7969613355762034,0.2030386644237966
survset:support2,DeepHit,7,48,918,1.7320507764816284,1,3.7416574954986572,0.323178988256409,0.676821011743591,7.745966911315918,0.21170469117133695,0.788295308828663,16.248077392578125,0.15089679423000424,0.8491032057699958
survset:support2,DeepHit,7,48,7109,28.513154983520508,0,3.7416574954986572,0.9857182912734515,0.014281708726548548,7.745966911315918,0.9724832419404811,0.02751675805951892,16.248077392578125,0.7264449636005658,0.27355503639943424
survset:support2,DeepHit,7,48,946,22.226110458374023,1,3.7416574954986572,0.9958154015655206,0.004184598434479381,7.745966911315918,0.9930232370313603,0.006976762968639694,16.248077392578125,0.7657669520011342,0.2342330479988658
survset:support2,DeepHit,7,48,5541,21.771541595458984,0,3.7416574954986572,0.985263247805019,0.014736752194981051,7.745966911315918,0.9638668422996225,0.036133157700377505,16.248077392578125,0.7387583999415424,0.26124160005845765
survset:support2,DeepHit,7,48,7059,3.7416574954986572,1,3.7416574954986572,0.6017412901799208,0.39825870982007916,7.745966911315918,0.027755106426336544,0.9722448935736635,16.248077392578125,0.016953444271787268,0.9830465557282128
survset:support2,DeepHit,7,48,8835,19.235383987426758,1,3.7416574954986572,0.9883295413572464,0.011670458642753623,7.745966911315918,0.9727166978438813,0.02728330215611874,16.248077392578125,0.684080088479663,0.31591991152033705
survset:support2,DeepHit,7,48,2548,11.313708305358887,1,3.7416574954986572,0.9877379827401248,0.01226201725987519,7.745966911315918,0.977335382324318,0.022664617675681953,16.248077392578125,0.7251180152751022,0.2748819847248978
survset:support2,DeepHit,7,48,550,39.66106414794922,0,3.7416574954986572,0.9848415986646653,0.015158401335334748,7.745966911315918,0.9711363696323673,0.02886363036763273,16.248077392578125,0.723273541407534,0.27672645859246603
survset:support2,DeepHit,7,48,1069,1.7320507764816284,1,3.7416574954986572,0.1961792737833391,0.8038207262166609,7.745966911315918,0.027693370459123026,0.972306629540877,16.248077392578125,0.025718989361582442,0.9742810106384175
survset:support2,DeepHit,7,48,1384,9.380831718444824,1,3.7416574954986572,0.9812070228290672,0.018792977170932756,7.745966911315918,0.936384006798422,0.06361599320157796,16.248077392578125,0.5891478380033642,0.41085216199663577
survset:support2,DeepHit,7,48,7422,4.0,1,3.7416574954986572,0.4661780257991218,0.5338219742008782,7.745966911315918,0.036846877222460446,0.9631531227775395,16.248077392578125,0.024364447287340083,0.9756355527126599
survset:support2,DeepHit,7,48,2384,8.062257766723633,1,3.7416574954986572,0.9888962344150779,0.011103765584922098,7.745966911315918,0.9543049975949423,0.04569500240505775,16.248077392578125,0.6072843234878066,0.3927156765121934
survset:support2,DeepHit,7,48,3960,39.16631317138672,0,3.7416574954986572,0.9968089067799398,0.0031910932200601705,7.745966911315918,0.9951004883324318,0.0048995116675681905,16.248077392578125,0.8326073679457244,0.16739263205427557
survset:support2,DeepHit,7,48,1380,14.21267032623291,1,3.7416574954986572,0.9931474084589361,0.006852591541063879,7.745966911315918,0.9797152896199945,0.020284710380005455,16.248077392578125,0.7450540744200598,0.2549459255799402
survset:support2,DeepHit,7,48,1790,19.183326721191406,1,3.7416574954986572,0.9885014193507069,0.0114985806492931,7.745966911315918,0.9822709916788545,0.017729008321145545,16.248077392578125,0.7991189482032391,0.20088105179676086
survset:support2,DeepHit,7,48,3392,4.358899116516113,1,3.7416574954986572,0.5619849535998436,0.4380150464001564,7.745966911315918,0.028150746561059613,0.9718492534389404,16.248077392578125,0.014874935259859666,0.9851250647401404
survset:support2,DeepHit,7,48,1189,8.5440034866333,1,3.7416574954986572,0.9863715735939,0.013628426406099958,7.745966911315918,0.9397951567318759,0.06020484326812414,16.248077392578125,0.624904708047141,0.37509529195285896
survset:support2,DeepHit,7,48,4117,13.416407585144043,1,3.7416574954986572,0.9869159112871466,0.013084088712853381,7.745966911315918,0.9590898130527467,0.040910186947253346,16.248077392578125,0.6054128898615659,0.39458711013843406
survset:support2,DeepHit,7,48,5225,24.819347381591797,0,3.7416574954986572,0.9908899678502581,0.009110032149741931,7.745966911315918,0.9843347511602004,0.015665248839799584,16.248077392578125,0.7309369744289183,0.26906302557108175
survset:support2,DeepHit,7,48,8187,32.908966064453125,1,3.7416574954986572,0.9890825325076825,0.010917467492317479,7.745966911315918,0.9782858267012416,0.021714173298758355,16.248077392578125,0.70274890908566,0.29725109091434
survset:support2,DeepHit,7,48,8699,28.635643005371094,0,3.7416574954986572,0.9893668834075702,0.010633116592429825,7.745966911315918,0.9836340828581888,0.016365917141811237,16.248077392578125,0.7249603162801544,0.27503968371984555
survset:support2,DeepHit,7,48,4282,32.95451354980469,0,3.7416574954986572,0.984208954502731,0.015791045497268952,7.745966911315918,0.9732519342598539,0.0267480657401461,16.248077392578125,0.7124830391792334,0.2875169608207666
survset:support2,DeepHit,7,48,6346,10.770329475402832,1,3.7416574954986572,0.9783621034114438,0.021637896588556194,7.745966911315918,0.9508906865192811,0.0491093134807189,16.248077392578125,0.6686025362671283,0.3313974637328717
survset:support2,DeepHit,7,48,4660,29.866369247436523,0,3.7416574954986572,0.9871956382383634,0.012804361761636573,7.745966911315918,0.9806855962052969,0.01931440379470306,16.248077392578125,0.7665999240473139,0.23340007595268608
survset:support2,DeepHit,7,48,1288,25.806976318359375,0,3.7416574954986572,0.9933660844615849,0.0066339155384150805,7.745966911315918,0.9906501033630756,0.009349896636924426,16.248077392578125,0.789816328198453,0.21018367180154696
survset:support2,DeepHit,7,48,4122,10.440306663513184,1,3.7416574954986572,0.96988997379179,0.030110026208210017,7.745966911315918,0.9405673833528507,0.05943261664714927,16.248077392578125,0.696514250785627,0.303485749214373
survset:support2,DeepHit,7,48,4460,2.0,1,3.7416574954986572,0.488616645491174,0.511383354508826,7.745966911315918,0.019749141963953092,0.980250858036047,16.248077392578125,0.012088819282449762,0.9879111807175502
survset:support2,DeepHit,7,48,276,42.53234100341797,0,3.7416574954986572,0.9957155887317706,0.004284411268229427,7.745966911315918,0.9894569403320473,0.010543059667952659,16.248077392578125,0.7524742786555876,0.24752572134441242
survset:support2,DeepHit,7,48,6774,32.557640075683594,0,3.7416574954986572,0.9862582848589104,0.013741715141089572,7.745966911315918,0.9685508764142591,0.031449123585740923,16.248077392578125,0.7200536448973733,0.27994635510262667
survset:support2,DeepHit,7,48,999,30.561412811279297,0,3.7416574954986572,0.9947701251100438,0.0052298748899561875,7.745966911315918,0.9919682809091931,0.00803171909080691,16.248077392578125,0.8509403878286531,0.1490596121713469
survset:support2,DeepHit,7,48,2392,5.830951690673828,1,3.7416574954986572,0.5351524127800957,0.46484758721990427,7.745966911315918,0.03971438074284195,0.960285619257158,16.248077392578125,0.023449918032310856,0.9765500819676891
survset:support2,DeepHit,7,48,4837,28.301942825317383,0,3.7416574954986572,0.9885377762399566,0.011462223760043355,7.745966911315918,0.9773430186857688,0.022656981314231217,16.248077392578125,0.7623948946401957,0.23760510535980428
survset:support2,DeepHit,7,48,5372,1.7320507764816284,1,3.7416574954986572,0.41669188705550697,0.583308112944493,7.745966911315918,0.0834620641715971,0.9165379358284029,16.248077392578125,0.06314747222089113,0.9368525277791089
survset:support2,DeepHit,7,48,3585,42.56759262084961,0,3.7416574954986572,0.9910734806699703,0.008926519330029747,7.745966911315918,0.9847438081045776,0.015256191895422377,16.248077392578125,0.7454685873014303,0.2545314126985697
survset:support2,DeepHit,7,48,8796,26.191600799560547,0,3.7416574954986572,0.9910371866958833,0.008962813304116746,7.745966911315918,0.981306588449934,0.018693411550065986,16.248077392578125,0.693118725467426,0.30688127453257397
survset:support2,DeepHit,7,48,1328,25.0,0,3.7416574954986572,0.9935540895011213,0.00644591049887866,7.745966911315918,0.98985739523126,0.01014260476873996,16.248077392578125,0.79194541491494,0.20805458508506003
survset:support2,DeepHit,7,48,1753,8.774964332580566,1,3.7416574954986572,0.9813108073331639,0.018689192666836107,7.745966911315918,0.9567353350463378,0.04326466495366221,16.248077392578125,0.6029221819846177,0.39707781801538233
survset:support2,DeepHit,7,48,7610,2.4494898319244385,1,3.7416574954986572,0.4637751833297691,0.5362248166702309,7.745966911315918,0.010886601868052096,0.9891133981319479,16.248077392578125,0.006561000626632221,0.9934389993733678
survset:support2,DeepHit,7,48,4437,31.764760971069336,0,3.7416574954986572,0.9958106072282054,0.004189392771794642,7.745966911315918,0.9929949819253701,0.007005018074629943,16.248077392578125,0.8576741797214351,0.14232582027856489
survset:support2,DeepHit,7,48,7073,27.422618865966797,1,3.7416574954986572,0.9799479683936216,0.020052031606378362,7.745966911315918,0.963071116272367,0.03692888372763303,16.248077392578125,0.7014918081009375,0.2985081918990625
survset:support2,DeepHit,7,48,1401,19.72308349609375,1,3.7416574954986572,0.9930289171427279,0.006971082857272104,7.745966911315918,0.9867282615730435,0.013271738426956503,16.248077392578125,0.5452634373019297,0.4547365626980703
survset:support2,DeepHit,7,48,3178,20.248456954956055,0,3.7416574954986572,0.9860912736994529,0.01390872630054707,7.745966911315918,0.9733225414491927,0.026677458550807276,16.248077392578125,0.7549442709803007,0.2450557290196993
survset:support2,DeepHit,7,48,1129,10.862780570983887,1,3.7416574954986572,0.9884983751705528,0.011501624829447166,7.745966911315918,0.9761053160784995,0.023894683921500515,16.248077392578125,0.7118948735228289,0.2881051264771711
survset:support2,DeepHit,7,48,8985,17.029386520385742,1,3.7416574954986572,0.98681444095096,0.013185559049039952,7.745966911315918,0.9537823879862327,0.046217612013767284,16.248077392578125,0.5933012690171704,0.4066987309828296
survset:support2,DeepHit,7,48,2517,31.85906410217285,0,3.7416574954986572,0.989768428642229,0.010231571357770974,7.745966911315918,0.9782523614240161,0.02174763857598394,16.248077392578125,0.7301990074931891,0.2698009925068109
survset:support2,DeepHit,7,48,4071,37.90778350830078,0,3.7416574954986572,0.9925049771596299,0.007495022840370069,7.745966911315918,0.9874449027423374,0.012555097257662573,16.248077392578125,0.7782030841340839,0.2217969158659161
survset:support2,DeepHit,7,48,4942,27.422618865966797,0,3.7416574954986572,0.9888007707426574,0.011199229257342624,7.745966911315918,0.9815080386034513,0.01849196139654874,16.248077392578125,0.7402245785553131,0.2597754214446869
survset:support2,DeepHit,7,48,8653,7.745966911315918,1,3.7416574954986572,0.9855626294702545,0.014437370529745475,7.745966911315918,0.929400114210061,0.07059988578993903,16.248077392578125,0.6023151546042952,0.3976848453957048
survset:support2,DeepHit,7,48,1921,6.480740547180176,1,3.7416574954986572,0.5069382784861819,0.4930617215138181,7.745966911315918,0.02154341149957325,0.9784565885004267,16.248077392578125,0.011884794993469476,0.9881152050065305
survset:support2,DeepHit,7,48,6478,8.366600036621094,1,3.7416574954986572,0.983436636571484,0.016563363428516054,7.745966911315918,0.954972766822645,0.04502723317735502,16.248077392578125,0.7122032286160255,0.2877967713839745
survset:support2,DeepHit,7,48,5288,2.0,1,3.7416574954986572,0.30726488572321103,0.692735114276789,7.745966911315918,0.02122778910851205,0.9787722108914879,16.248077392578125,0.017685783391495288,0.9823142166085047
survset:support2,DeepHit,7,48,8362,3.0,1,3.7416574954986572,0.4734988854747386,0.5265011145252614,7.745966911315918,0.03364402838118124,0.9663559716188188,16.248077392578125,0.024708018209246098,0.9752919817907539
survset:support2,DeepHit,7,48,4507,3.872983455657959,1,3.7416574954986572,0.5294715443178366,0.4705284556821634,7.745966911315918,0.08958950331331228,0.9104104966866877,16.248077392578125,0.07281934966758341,0.9271806503324166
survset:support2,DeepHit,7,48,3825,4.582575798034668,1,3.7416574954986572,0.5501466042885453,0.44985339571145466,7.745966911315918,0.023353678531671473,0.9766463214683285,16.248077392578125,0.012796642672392826,0.9872033573276072
survset:support2,DeepHit,7,48,6236,32.40370178222656,1,3.7416574954986572,0.9897186024748184,0.010281397525181646,7.745966911315918,0.9793520556941391,0.02064794430586092,16.248077392578125,0.7308985102212885,0.2691014897787115
survset:support2,DeepHit,7,48,1456,4.898979663848877,1,3.7416574954986572,0.4787285256036435,0.5212714743963565,7.745966911315918,0.01257228568974757,0.9874277143102524,16.248077392578125,0.00933591754000997,0.99066408245999
survset:support2,DeepHit,7,48,4219,16.093477249145508,1,3.7416574954986572,0.9890705091761368,0.010929490823863186,7.745966911315918,0.9528776741471721,0.04712232585282794,16.248077392578125,0.626733483641145,0.373266516358855
survset:support2,DeepHit,7,48,2594,15.42724895477295,1,3.7416574954986572,0.9597986709557802,0.0402013290442198,7.745966911315918,0.9220780207364813,0.07792197926351874,16.248077392578125,0.6961331692676184,0.30386683073238163
survset:support2,DeepHit,7,48,6455,7.874007701873779,1,3.7416574954986572,0.9719582468463585,0.028041753153641547,7.745966911315918,0.9129069781669559,0.08709302183304413,16.248077392578125,0.6367785775518542,0.3632214224481458
survset:support2,DeepHit,7,48,7714,12.409673690795898,1,3.7416574954986572,0.9810363463406211,0.01896365365937891,7.745966911315918,0.9586468186658945,0.04135318133410548,16.248077392578125,0.7100400764610203,0.2899599235389797
survset:support2,DeepHit,7,48,4823,28.390138626098633,0,3.7416574954986572,0.9877269349094606,0.012273065090539381,7.745966911315918,0.9801704183365955,0.01982958166340454,16.248077392578125,0.7724083824816701,0.2275916175183299
survset:support2,DeepHit,7,48,8286,27.184555053710938,1,3.7416574954986572,0.982904404679865,0.01709559532013505,7.745966911315918,0.97031675340662,0.029683246593379953,16.248077392578125,0.7242254584032591,0.27577454159674086
survset:support2,DeepHit,7,48,7272,6.78233003616333,1,3.7416574954986572,0.5231613742634207,0.4768386257365793,7.745966911315918,0.07943361958833747,0.9205663804116625,16.248077392578125,0.05875956817484202,0.9412404318251579
survset:support2,DeepHit,7,48,3620,3.316624879837036,1,3.7416574954986572,0.5217099506950656,0.47829004930493435,7.745966911315918,0.018901257171592002,0.981098742828408,16.248077392578125,0.007179460709145353,0.9928205392908547
survset:support2,DeepHit,7,48,325,42.095130920410156,0,3.7416574954986572,0.9921613307055698,0.007838669294430223,7.745966911315918,0.9863630779028028,0.013636922097197246,16.248077392578125,0.8069904291140234,0.1930095708859766
survset:support2,DeepHit,7,48,2699,3.316624879837036,1,3.7416574954986572,0.5234125088511286,0.47658749114887144,7.745966911315918,0.055323465385495325,0.9446765346145046,16.248077392578125,0.03645413719709382,0.9635458628029062
survset:support2,DeepHit,7,48,6569,4.690415859222412,1,3.7416574954986572,0.5001429449842082,0.4998570550157918,7.745966911315918,0.010995361556517457,0.9890046384434825,16.248077392578125,0.007387232885222914,0.9926127671147771
survset:support2,DeepHit,7,48,124,12.247448921203613,1,3.7416574954986572,0.992605755497392,0.0073942445026079495,7.745966911315918,0.9843942792681951,0.015605720731804884,16.248077392578125,0.7170816760694597,0.2829183239305403
survset:support2,DeepHit,7,48,3796,13.928388595581055,1,3.7416574954986572,0.9878638532576958,0.012136146742304232,7.745966911315918,0.9757568967670986,0.024243103232901353,16.248077392578125,0.7214717532290755,0.27852824677092447
survset:support2,DeepHit,7,48,7203,22.737634658813477,1,3.7416574954986572,0.9642719599934343,0.03572804000656571,7.745966911315918,0.9408124054177861,0.0591875945822139,16.248077392578125,0.6874439425273046,0.31255605747269544
survset:support2,DeepHit,7,48,1880,7.0,1,3.7416574954986572,0.572777996862054,0.427222003137946,7.745966911315918,0.05521606342445352,0.9447839365755465,16.248077392578125,0.038181331028678586,0.9618186689713214
survset:support2,DeepHit,7,48,7308,25.74878692626953,0,3.7416574954986572,0.9900190044094762,0.009980995590523789,7.745966911315918,0.9719119334147568,0.02808806658524321,16.248077392578125,0.7199790866472316,0.28002091335276835
survset:support2,DeepHit,7,48,5696,20.273134231567383,0,3.7416574954986572,0.9922407227953481,0.00775927720465186,7.745966911315918,0.9854034511583653,0.014596548841634749,16.248077392578125,0.7304427231011633,0.2695572768988367
survset:support2,DeepHit,7,48,177,43.577518463134766,0,3.7416574954986572,0.9553827265929937,0.044617273407006275,7.745966911315918,0.9102879805839164,0.08971201941608364,16.248077392578125,0.6980280923778369,0.3019719076221631
survset:support2,DeepHit,7,48,988,12.369317054748535,1,3.7416574954986572,0.9694146816692117,0.030585318330788258,7.745966911315918,0.9300902079272244,0.06990979207277559,16.248077392578125,0.6427070092884953,0.35729299071150467
survset:support2,DeepHit,7,48,2218,5.830951690673828,1,3.7416574954986572,0.4638283639047865,0.5361716360952136,7.745966911315918,0.018966554848959646,0.9810334451510404,16.248077392578125,0.014082826751724531,0.9859171732482754
survset:support2,DeepHit,7,48,8575,6.7082037925720215,1,3.7416574954986572,0.454497629510833,0.545502370489167,7.745966911315918,0.059067263532320904,0.940932736467679,16.248077392578125,0.04310309204155977,0.9568969079584402
survset:support2,DeepHit,7,48,8009,6.633249759674072,1,3.7416574954986572,0.5824876259561997,0.41751237404380026,7.745966911315918,0.031368906965031376,0.9686310930349686,16.248077392578125,0.01792178354598982,0.9820782164540102
survset:support2,DeepHit,7,48,7955,22.427661895751953,1,3.7416574954986572,0.9835842725016488,0.016415727498351185,7.745966911315918,0.9676587610345454,0.0323412389654546,16.248077392578125,0.6823813083326432,0.3176186916673568
survset:support2,DeepHit,7,48,2981,24.95996856689453,0,3.7416574954986572,0.9919868769540284,0.00801312304597157,7.745966911315918,0.985677995722618,0.01432200427738195,16.248077392578125,0.777412865310194,0.22258713468980595
survset:support2,DeepHit,7,48,3330,2.8284270763397217,1,3.7416574954986572,0.526081261275792,0.473918738724208,7.745966911315918,0.016301055969729084,0.9836989440302709,16.248077392578125,0.008484997590218,0.991515002409782
survset:support2,DeepHit,7,48,6679,2.0,1,3.7416574954986572,0.44586537940808474,0.5541346205919153,7.745966911315918,0.01659643947362635,0.9834035605263737,16.248077392578125,0.012440720407006122,0.9875592795929938
survset:support2,DeepHit,7,48,3091,3.7416574954986572,1,3.7416574954986572,0.4851425139694534,0.5148574860305466,7.745966911315918,0.018211562765046554,0.9817884372349535,16.248077392578125,0.012022776849201848,0.9879772231507982
survset:support2,DeepHit,7,48,5869,35.411861419677734,1,3.7416574954986572,0.9882467026500845,0.011753297349915481,7.745966911315918,0.9760233664774992,0.02397663352250079,16.248077392578125,0.6710886941404862,0.3289113058595138
survset:support2,DeepHit,7,48,1802,43.30126953125,0,3.7416574954986572,0.9940668408564989,0.005933159143501121,7.745966911315918,0.9840307574877257,0.015969242512274273,16.248077392578125,0.6688078627238322,0.3311921372761678
survset:support2,DeepHit,7,48,2111,39.73663330078125,0,3.7416574954986572,0.9868820349071281,0.013117965092871886,7.745966911315918,0.9757366108282622,0.02426338917173776,16.248077392578125,0.6765931455946093,0.32340685440539074
survset:support2,DeepHit,7,48,723,3.316624879837036,1,3.7416574954986572,0.4306770679757899,0.5693229320242101,7.745966911315918,0.04238432271734968,0.9576156772826503,16.248077392578125,0.03459342703775107,0.965406572962249
survset:support2,DeepHit,7,48,3079,22.649503707885742,0,3.7416574954986572,0.9879512017628845,0.012048798237115466,7.745966911315918,0.9773095135642847,0.02269048643571525,16.248077392578125,0.6544142853899769,0.3455857146100231
survset:support2,DeepHit,7,48,6850,13.964240074157715,1,3.7416574954986572,0.9757834293524417,0.024216570647558333,7.745966911315918,0.9500084390057684,0.04999156099423163,16.248077392578125,0.7025071493242087,0.29749285067579134
survset:support2,DeepHit,7,48,5390,5.0,1,3.7416574954986572,0.5197420538941372,0.4802579461058628,7.745966911315918,0.03831372503723734,0.9616862749627627,16.248077392578125,0.02320037391824429,0.9767996260817557
survset:support2,DeepHit,7,48,7302,25.84569549560547,0,3.7416574954986572,0.9934672224957796,0.006532777504220433,7.745966911315918,0.9884649424881968,0.01153505751180317,16.248077392578125,0.795351179529058,0.20464882047094202
survset:support2,DeepHit,7,48,8790,3.0,1,3.7416574954986572,0.5095069244206262,0.4904930755793738,7.745966911315918,0.04854035880301521,0.9514596411969848,16.248077392578125,0.024772899831034777,0.9752271001689652
survset:support2,DeepHit,7,48,6463,4.0,1,3.7416574954986572,0.5772382753692278,0.4227617246307722,7.745966911315918,0.03978841415640602,0.960211585843594,16.248077392578125,0.019698239307961846,0.9803017606920381
survset:support2,DeepHit,7,48,8068,38.820098876953125,1,3.7416574954986572,0.9803747867048759,0.019625213295124122,7.745966911315918,0.9666047760194741,0.03339522398052586,16.248077392578125,0.6816616624055151,0.31833833759448493
survset:support2,DeepHit,7,48,4496,9.591663360595703,1,3.7416574954986572,0.9859163078349513,0.014083692165048678,7.745966911315918,0.9309374504307546,0.0690625495692454,16.248077392578125,0.5444240534417406,0.4555759465582594
survset:support2,DeepHit,7,48,5436,2.2360680103302,1,3.7416574954986572,0.4087770983078693,0.5912229016921307,7.745966911315918,0.07625832425271552,0.9237416757472845,16.248077392578125,0.058738490758042904,0.9412615092419571
survset:support2,DeepHit,7,48,6851,31.74901580810547,0,3.7416574954986572,0.9897489562455373,0.01025104375446273,7.745966911315918,0.9796320953343082,0.020367904665691827,16.248077392578125,0.7374458523981745,0.2625541476018255
survset:support2,DeepHit,7,48,5221,24.83948516845703,0,3.7416574954986572,0.9910856541035373,0.008914345896462672,7.745966911315918,0.9852298146100255,0.014770185389974544,16.248077392578125,0.7759616032442459,0.2240383967557541
survset:support2,DeepHit,7,48,288,33.55592346191406,1,3.7416574954986572,0.9917180724736031,0.008281927526396893,7.745966911315918,0.9819609572830885,0.01803904271691148,16.248077392578125,0.6790405192653971,0.3209594807346029
survset:support2,DeepHit,7,48,2024,40.93898010253906,0,3.7416574954986572,0.9841459533136988,0.015854046686301193,7.745966911315918,0.9714204501892382,0.02857954981076183,16.248077392578125,0.6782249665177986,0.3217750334822014
survset:support2,DeepHit,7,48,3305,8.426149368286133,1,3.7416574954986572,0.9824924678901802,0.017507532109819812,7.745966911315918,0.9440473226494328,0.05595267735056719,16.248077392578125,0.5467778570246546,0.45322214297534535
survset:support2,DeepHit,7,48,1352,24.454038619995117,0,3.7416574954986572,0.9949181578411884,0.005081842158811578,7.745966911315918,0.9915048788834961,0.008495121116503856,16.248077392578125,0.7858087930596639,0.2141912069403361
survset:support2,DeepHit,7,48,6133,27.294687271118164,1,3.7416574954986572,0.9919132316676035,0.008086768332396521,7.745966911315918,0.9803539062187644,0.019646093781235607,16.248077392578125,0.6993699464942492,0.3006300535057508
survset:support2,DeepHit,7,48,6782,9.848857879638672,1,3.7416574954986572,0.9948733586076897,0.005126641392310338,7.745966911315918,0.9791734758560726,0.020826524143927383,16.248077392578125,0.632016515228933,0.367983484771067
survset:support2,DeepHit,7,48,8217,9.165151596069336,1,3.7416574954986572,0.9859629042015048,0.014037095798495214,7.745966911315918,0.9484935218796725,0.05150647812032749,16.248077392578125,0.5838988564289513,0.41610114357104866
survset:support2,DeepHit,7,48,4818,2.6457512378692627,1,3.7416574954986572,0.48539956878006746,0.5146004312199326,7.745966911315918,0.02990065290685847,0.9700993470931415,16.248077392578125,0.022381695869703035,0.9776183041302969
survset:support2,DeepHit,7,48,8568,4.582575798034668,1,3.7416574954986572,0.5079795560023704,0.49202044399762956,7.745966911315918,0.02681327364982699,0.973186726350173,16.248077392578125,0.017810699488084024,0.982189300511916
survset:support2,DeepHit,7,48,129,43.9886360168457,0,3.7416574954986572,0.9863406771297629,0.013659322870237078,7.745966911315918,0.9754601117212625,0.024539888278737543,16.248077392578125,0.7337555768502029,0.2662444231497971
survset:support2,DeepHit,7,48,6788,8.66025447845459,1,3.7416574954986572,0.9802654302915983,0.019734569708401706,7.745966911315918,0.9665057916760047,0.0334942083239953,16.248077392578125,0.700657755806023,0.29934224419397704
survset:support2,DeepHit,7,48,5805,6.557438373565674,1,3.7416574954986572,0.5062963930142858,0.49370360698571425,7.745966911315918,0.015525105117735671,0.9844748948822644,16.248077392578125,0.007719713484865509,0.9922802865151344
survset:support2,DeepHit,7,48,8915,6.855654716491699,1,3.7416574954986572,0.5974016226597961,0.4025983773402039,7.745966911315918,0.05175244137891006,0.9482475586210899,16.248077392578125,0.028506560559288668,0.9714934394407113
survset:support2,DeepHit,7,48,7094,9.643651008605957,1,3.7416574954986572,0.9745395613644886,0.025460438635511395,7.745966911315918,0.9364834178779778,0.06351658212202216,16.248077392578125,0.6179929878069499,0.3820070121930501
survset:support2,DeepHit,7,48,4262,7.416198253631592,1,3.7416574954986572,0.44555265596351523,0.5544473440364848,7.745966911315918,0.048698487822149986,0.95130151217785,16.248077392578125,0.038673847530911964,0.961326152469088
survset:support2,DeepHit,7,48,5536,12.328827857971191,1,3.7416574954986572,0.9745225622151154,0.02547743778488465,7.745966911315918,0.9426407734433472,0.05735922655665282,16.248077392578125,0.6447922146857602,0.3552077853142398
survset:support2,DeepHit,7,48,7489,4.690415859222412,1,3.7416574954986572,0.5294753809029171,0.4705246190970829,7.745966911315918,0.03248510567441434,0.9675148943255857,16.248077392578125,0.02399334009067356,0.9760066599093264
survset:support2,DeepHit,7,48,2508,11.0,1,3.7416574954986572,0.9915766864629775,0.008423313537022525,7.745966911315918,0.9722795628245207,0.02772043717547934,16.248077392578125,0.6468844492746575,0.3531155507253425
survset:support2,DeepHit,7,48,1672,3.0,1,3.7416574954986572,0.41297975044396906,0.5870202495560309,7.745966911315918,0.03435658046491679,0.9656434195350833,16.248077392578125,0.029950341619567195,0.9700496583804328
survset:support2,DeepHit,7,48,8623,13.45362377166748,1,3.7416574954986572,0.9868537115498003,0.013146288450199717,7.745966911315918,0.9612010009448234,0.038798999055176586,16.248077392578125,0.6459140535736579,0.35408594642634206
survset:support2,DeepHit,7,48,6732,33.0151481628418,0,3.7416574954986572,0.9909341263800031,0.00906587361999689,7.745966911315918,0.9847697967450766,0.015230203254923413,16.248077392578125,0.7759510345464284,0.22404896545357156
survset:support2,DeepHit,7,48,5153,25.41653060913086,0,3.7416574954986572,0.9929126996242678,0.007087300375732242,7.745966911315918,0.9731769463481087,0.026823053651891304,16.248077392578125,0.7022374106666167,0.2977625893333833
survset:support2,DeepHit,7,48,3598,2.6457512378692627,1,3.7416574954986572,0.468193587015063,0.531806412984937,7.745966911315918,0.08685037334113706,0.9131496266588629,16.248077392578125,0.06899321730575901,0.931006782694241
survset:support2,DeepHit,7,48,1605,44.988887786865234,0,3.7416574954986572,0.9931924304870797,0.006807569512920275,7.745966911315918,0.986666808550735,0.013333191449265036,16.248077392578125,0.6724991798054603,0.32750082019453974
survset:support2,DeepHit,7,48,1624,14.73091983795166,1,3.7416574954986572,0.9906833826784273,0.00931661732157274,7.745966911315918,0.9823122400074987,0.017687759992501273,16.248077392578125,0.7469048590078845,0.2530951409921155
survset:support2,DeepHit,7,48,6652,21.931713104248047,1,3.7416574954986572,0.9867467335921762,0.01325326640782376,7.745966911315918,0.9711525723810503,0.02884742761894965,16.248077392578125,0.6744831057364078,0.3255168942635922
survset:support2,DeepHit,7,48,4665,29.816102981567383,0,3.7416574954986572,0.9877097010785958,0.012290298921404208,7.745966911315918,0.9765539388388075,0.023446061161192522,16.248077392578125,0.707285767285035,0.292714232714965
survset:support2,DeepHit,7,48,7225,26.77685546875,0,3.7416574954986572,0.9967865235974056,0.003213476402594395,7.745966911315918,0.9938334512438497,0.006166548756150303,16.248077392578125,0.7318815136145204,0.26811848638547964
survset:support2,DeepHit,7,48,6456,2.2360680103302,1,3.7416574954986572,0.43611887791342496,0.563881122086575,7.745966911315918,0.034430146960295234,0.9655698530397048,16.248077392578125,0.028123134273827274,0.9718768657261727
survset:support2,DeepHit,7,48,4969,2.8284270763397217,1,3.7416574954986572,0.5200946816824374,0.47990531831756256,7.745966911315918,0.017460268845819645,0.9825397311541804,16.248077392578125,0.012002263004526292,0.9879977369954737
survset:support2,DeepHit,7,48,3619,20.273134231567383,1,3.7416574954986572,0.9840848819958474,0.015915118004152573,7.745966911315918,0.9463729781038278,0.05362702189617219,16.248077392578125,0.6211064401705736,0.3788935598294264
survset:support2,DeepHit,7,48,3252,4.123105525970459,1,3.7416574954986572,0.5523816899663301,0.4476183100336699,7.745966911315918,0.07026024957293273,0.9297397504270672,16.248077392578125,0.04145451705331227,0.9585454829466877
survset:support2,DeepHit,7,48,2707,7.280109882354736,1,3.7416574954986572,0.5327358708994527,0.46726412910054727,7.745966911315918,0.033750130461515794,0.9662498695384842,16.248077392578125,0.0213077214878813,0.9786922785121187
survset:support2,DeepHit,7,48,836,5.0,1,3.7416574954986572,0.4795721625909955,0.5204278374090046,7.745966911315918,0.04889419996698684,0.9511058000330131,16.248077392578125,0.03377265187249708,0.9662273481275029
survset:support2,DeepHit,7,48,535,2.6457512378692627,1,3.7416574954986572,0.4397140255964081,0.560285974403592,7.745966911315918,0.014635829466057957,0.9853641705339421,16.248077392578125,0.010598222771765083,0.989401777228235
survset:support2,DeepHit,7,48,6280,40.95119094848633,0,3.7416574954986572,0.9952186537286537,0.004781346271346298,7.745966911315918,0.9915334959199756,0.008466504080024362,16.248077392578125,0.7383430901559559,0.2616569098440441
survset:support2,DeepHit,7,48,5977,13.379088401794434,1,3.7416574954986572,0.9840962513254368,0.015903748674563234,7.745966911315918,0.924942050434166,0.075057949565834,16.248077392578125,0.5975270036503756,0.4024729963496244
survset:support2,DeepHit,7,48,7805,4.795831680297852,1,3.7416574954986572,0.5629663851952964,0.4370336148047036,7.745966911315918,0.021854836394319545,0.9781451636056805,16.248077392578125,0.0111824874371235,0.9888175125628765
survset:support2,DeepHit,7,48,1011,19.26136016845703,1,3.7416574954986572,0.9860589931731535,0.013941006826846514,7.745966911315918,0.9707412944825414,0.029258705517458572,16.248077392578125,0.6857605297058942,0.3142394702941058
survset:support2,DeepHit,7,48,4820,28.407745361328125,0,3.7416574954986572,0.9881239635495289,0.011876036450471084,7.745966911315918,0.9682615248042153,0.031738475195784654,16.248077392578125,0.6480657799393922,0.3519342200606078
survset:support2,DeepHit,7,48,8913,19.235383987426758,1,3.7416574954986572,0.9941402988363456,0.005859701163654418,7.745966911315918,0.9891224512899306,0.010877548710069407,16.248077392578125,0.7681802419515839,0.23181975804841615
survset:support2,DeepHit,7,48,7600,21.21320343017578,0,3.7416574954986572,0.984969810303731,0.015030189696269014,7.745966911315918,0.9714606428647669,0.028539357135233145,16.248077392578125,0.7210199119059411,0.27898008809405894
survset:support2,DeepHit,7,48,8891,3.316624879837036,1,3.7416574954986572,0.418767417029369,0.5812325829706311,7.745966911315918,0.0533375681727937,0.9466624318272063,16.248077392578125,0.0430211169833296,0.9569788830166704
survset:support2,DeepHit,7,48,7024,4.898979663848877,1,3.7416574954986572,0.5472131570362833,0.45278684296371674,7.745966911315918,0.05111948858176661,0.9488805114182334,16.248077392578125,0.027765927155471017,0.972234072844529
survset:support2,DeepHit,7,48,4321,23.237899780273438,1,3.7416574954986572,0.9959274542809902,0.004072545719009835,7.745966911315918,0.9904364112929178,0.009563588707082182,16.248077392578125,0.7685392658688043,0.23146073413119572
survset:support2,DeepHit,7,48,4299,4.123105525970459,1,3.7416574954986572,0.4933804258643742,0.5066195741356259,7.745966911315918,0.03287272822711149,0.9671272717728885,16.248077392578125,0.022400343968630634,0.9775996560313693
survset:support2,DeepHit,7,48,596,5.196152210235596,1,3.7416574954986572,0.4973317179291193,0.5026682820708808,7.745966911315918,0.01827819443323207,0.9817218055667679,16.248077392578125,0.013659427147611241,0.9863405728523887
survset:support2,DeepHit,7,48,5565,4.242640495300293,1,3.7416574954986572,0.5630054552271019,0.4369945447728981,7.745966911315918,0.015915992318413445,0.9840840076815865,16.248077392578125,0.011228478074259297,0.9887715219257407
survset:support2,DeepHit,7,48,5105,25.84569549560547,0,3.7416574954986572,0.9405335689224924,0.0594664310775076,7.745966911315918,0.9114625736254152,0.08853742637458484,16.248077392578125,0.7510749836304401,0.24892501636955988
survset:support2,DeepHit,7,48,7469,23.74868392944336,0,3.7416574954986572,0.9937176818529824,0.006282318147017629,7.745966911315918,0.9849543503784789,0.015045649621521107,16.248077392578125,0.7236331777533058,0.2763668222466942
survset:support2,DeepHit,7,48,51,12.727922439575195,1,3.7416574954986572,0.993155067256262,0.006844932743737986,7.745966911315918,0.9852754116252247,0.014724588374775305,16.248077392578125,0.7144382956944029,0.28556170430559713
survset:support2,DeepHit,7,48,2556,17.748239517211914,1,3.7416574954986572,0.961357826182976,0.03864217381702395,7.745966911315918,0.9457810393709658,0.054218960629034196,16.248077392578125,0.7481359962613904,0.2518640037386096
survset:support2,DeepHit,7,48,8233,2.6457512378692627,1,3.7416574954986572,0.5350955025444212,0.4649044974555788,7.745966911315918,0.052365536397189834,0.9476344636028101,16.248077392578125,0.031517151657428154,0.9684828483425718
survset:support2,DeepHit,7,48,1726,6.855654716491699,1,3.7416574954986572,0.5490828459029685,0.4509171540970315,7.745966911315918,0.027826841611030065,0.9721731583889699,16.248077392578125,0.01810876363310473,0.9818912363668952
survset:support2,DeepHit,7,48,7573,2.6457512378692627,1,3.7416574954986572,0.4936628801156036,0.5063371198843964,7.745966911315918,0.031903134244024516,0.9680968657559755,16.248077392578125,0.023586660800275206,0.9764133391997248
survset:support2,DeepHit,7,48,8485,30.430248260498047,1,3.7416574954986572,0.9867023512687119,0.013297648731288136,7.745966911315918,0.9778676380411525,0.02213236195884749,16.248077392578125,0.7697056646320899,0.2302943353679101
survset:support2,DeepHit,7,48,862,32.51153564453125,0,3.7416574954986572,0.9954023302373929,0.004597669762607115,7.745966911315918,0.9933807253788559,0.006619274621144089,16.248077392578125,0.8891672117503584,0.1108327882496416
survset:support2,DeepHit,7,48,458,29.529645919799805,1,3.7416574954986572,0.991359271244448,0.008640728755551996,7.745966911315918,0.9814532069116224,0.01854679308837759,16.248077392578125,0.6697622119043526,0.3302377880956474
survset:support2,DeepHit,7,48,28,44.86647033691406,0,3.7416574954986572,0.991131389979121,0.00886861002087902,7.745966911315918,0.9835974194421818,0.01640258055781818,16.248077392578125,0.7655342041947039,0.23446579580529614
survset:support2,DeepHit,7,48,2452,8.602325439453125,1,3.7416574954986572,0.9586127792262001,0.04138722077379986,7.745966911315918,0.9282836738401715,0.07171632615982848,16.248077392578125,0.6604471689342261,0.33955283106577394
survset:support2,DeepHit,7,48,6620,31.14482307434082,1,3.7416574954986572,0.9788127718405774,0.021187228159422644,7.745966911315918,0.9599289223734385,0.04007107762656148,16.248077392578125,0.7140189612730294,0.28598103872697056
survset:support2,DeepHit,7,48,1040,2.8284270763397217,1,3.7416574954986572,0.45423936642415663,0.5457606335758434,7.745966911315918,0.04516963026818633,0.9548303697318137,16.248077392578125,0.030603042349403725,0.9693969576505963
survset:support2,DeepHit,7,48,2602,4.0,1,3.7416574954986572,0.5393681202825859,0.46063187971741415,7.745966911315918,0.04113150229605096,0.958868497703949,16.248077392578125,0.022064164436371426,0.9779358355636286
survset:support2,DeepHit,7,48,461,40.607879638671875,0,3.7416574954986572,0.9890253857414163,0.010974614258583704,7.745966911315918,0.9794509427079274,0.02054905729207257,16.248077392578125,0.7896426332591066,0.21035736674089345
survset:support2,DeepHit,7,48,17,3.7416574954986572,1,3.7416574954986572,0.45545607424493456,0.5445439257550655,7.745966911315918,0.06417762853168214,0.9358223714683178,16.248077392578125,0.04739674949607128,0.9526032505039287
survset:support2,DeepHit,7,48,682,2.2360680103302,1,3.7416574954986572,0.4460498417210871,0.5539501582789129,7.745966911315918,0.032302303227816485,0.9676976967721835,16.248077392578125,0.022324117575896675,0.9776758824241033
survset:support2,DeepHit,7,48,7885,10.344079971313477,1,3.7416574954986572,0.9949798344828986,0.005020165517101383,7.745966911315918,0.9746914660156369,0.025308533984363057,16.248077392578125,0.6302790439229049,0.3697209560770951
survset:support2,DeepHit,7,48,4928,27.549955368041992,0,3.7416574954986572,0.9904099542309616,0.009590045769038436,7.745966911315918,0.981460730690919,0.018539269309081008,16.248077392578125,0.7667391711838558,0.23326082881614418
survset:support2,DeepHit,7,48,1389,13.67479419708252,1,3.7416574954986572,0.9259852555745992,0.07401474442540079,7.745966911315918,0.8602339957941899,0.1397660042058101,16.248077392578125,0.6007445778022037,0.3992554221977963
survset:support2,DeepHit,7,48,7180,27.513633728027344,0,3.7416574954986572,0.9868063693644008,0.013193630635599196,7.745966911315918,0.9802799270166738,0.01972007298332623,16.248077392578125,0.7725341751133261,0.22746582488667388
survset:support2,DeepHit,7,48,2929,25.84569549560547,0,3.7416574954986572,0.9776679681805382,0.02233203181946175,7.745966911315918,0.9567036059140805,0.043296394085919454,16.248077392578125,0.6739701089683043,0.32602989103169566
survset:support2,DeepHit,7,48,117,19.84943389892578,1,3.7416574954986572,0.9939875552288798,0.006012444771120173,7.745966911315918,0.9873838982724313,0.012616101727568663,16.248077392578125,0.7086852062727798,0.29131479372722024
survset:support2,DeepHit,7,48,3082,22.494443893432617,0,3.7416574954986572,0.9847585097796434,0.01524149022035659,7.745966911315918,0.9704385042880896,0.029561495711910357,16.248077392578125,0.7184706990184763,0.28152930098152373
survset:support2,DeepHit,7,48,8529,31.73326301574707,0,3.7416574954986572,0.9898628539598354,0.01013714604016458,7.745966911315918,0.9809991206331755,0.019000879366824486,16.248077392578125,0.7204481863468477,0.2795518136531523
survset:support2,DeepHit,7,48,2689,5.196152210235596,1,3.7416574954986572,0.47465097231986175,0.5253490276801382,7.745966911315918,0.06741340650722423,0.9325865934927757,16.248077392578125,0.05618116313797229,0.9438188368620277
survset:support2,DeepHit,7,48,3076,22.69361114501953,0,3.7416574954986572,0.9928168414990497,0.007183158500950304,7.745966911315918,0.9894530718763831,0.010546928123616905,16.248077392578125,0.7712447890229029,0.22875521097709706
survset:support2,DeepHit,7,48,7481,23.452077865600586,0,3.7416574954986572,0.9919885669248574,0.008011433075142627,7.745966911315918,0.9860658420916618,0.013934157908338185,16.248077392578125,0.7884597976873255,0.21154020231267445
survset:support2,DeepHit,7,48,7195,22.338308334350586,1,3.7416574954986572,0.9882702275013341,0.011729772498665914,7.745966911315918,0.9590082468527165,0.04099175314728354,16.248077392578125,0.6821687462914472,0.3178312537085528
survset:support2,DeepHit,7,48,2339,37.10795211791992,0,3.7416574954986572,0.9929884806371544,0.0070115193628456085,7.745966911315918,0.987279102854174,0.012720897145826027,16.248077392578125,0.7850822147463374,0.21491778525366256
survset:support2,DeepHit,7,48,8954,10.0,1,3.7416574954986572,0.9825714151744182,0.01742858482558185,7.745966911315918,0.952332799790258,0.04766720020974202,16.248077392578125,0.6103898027187544,0.3896101972812456
survset:support2,DeepHit,7,48,810,36.414283752441406,0,3.7416574954986572,0.9954342342085134,0.004565765791486598,7.745966911315918,0.990121524065722,0.009878475934278041,16.248077392578125,0.7171211105825107,0.2828788894174893
survset:support2,DeepHit,7,48,981,25.612497329711914,1,3.7416574954986572,0.993282392528429,0.006717607471571019,7.745966911315918,0.9657891373399807,0.03421086266001927,16.248077392578125,0.6352000041717863,0.36479999582821365
survset:support2,DeepHit,7,48,3334,2.2360680103302,1,3.7416574954986572,0.3701017843706094,0.6298982156293906,7.745966911315918,0.08638042644047217,0.9136195735595278,16.248077392578125,0.07197515995485688,0.9280248400451431
survset:support2,DeepHit,7,48,6299,4.4721360206604,1,3.7416574954986572,0.5482902869744118,0.45170971302558816,7.745966911315918,0.01761506040964626,0.9823849395903538,16.248077392578125,0.006241686652898347,0.9937583133471016
survset:support2,DeepHit,7,48,2704,29.35983657836914,0,3.7416574954986572,0.9860484866867997,0.013951513313200326,7.745966911315918,0.974317117091151,0.025682882908849014,16.248077392578125,0.7247439320427527,0.27525606795724733
survset:support2,DeepHit,7,48,4334,3.7416574954986572,1,3.7416574954986572,0.5020622091372926,0.4979377908627074,7.745966911315918,0.014115099549470192,0.9858849004505298,16.248077392578125,0.009721154518699858,0.9902788454813002
survset:support2,DeepHit,7,48,8785,1.7320507764816284,1,3.7416574954986572,0.45167112284224537,0.5483288771577546,7.745966911315918,0.026573673141713765,0.9734263268582862,16.248077392578125,0.020354872897325866,0.9796451271026742
survset:support2,DeepHit,7,48,1474,3.1622776985168457,1,3.7416574954986572,0.5467522731045654,0.4532477268954346,7.745966911315918,0.024315978667788177,0.9756840213322118,16.248077392578125,0.01622482201331366,0.9837751779866863
survset:support2,DeepHit,7,48,630,38.52272033691406,0,3.7416574954986572,0.9868458478319773,0.013154152168022737,7.745966911315918,0.9752361802086649,0.02476381979133513,16.248077392578125,0.7542411152264771,0.24575888477352292
survset:support2,DeepHit,7,48,6589,37.30951690673828,0,3.7416574954986572,0.9941548867075586,0.005845113292441417,7.745966911315918,0.9843386803302733,0.015661319669726725,16.248077392578125,0.679113379997799,0.32088662000220103
survset:support2,DeepHit,7,48,2418,28.372522354125977,1,3.7416574954986572,0.9826261316821482,0.017373868317851815,7.745966911315918,0.9721601467646241,0.027839853235375855,16.248077392578125,0.7660188692555423,0.2339811307444577
survset:support2,DeepHit,7,48,2068,14.177447319030762,1,3.7416574954986572,0.9895583131583257,0.010441686841674347,7.745966911315918,0.9793684845615556,0.020631515438444437,16.248077392578125,0.721061977134682,0.278938022865318
survset:support2,DeepHit,7,48,5786,18.84144401550293,0,3.7416574954986572,0.9871174887156654,0.012882511284334597,7.745966911315918,0.9760479351025062,0.023952064897493797,16.248077392578125,0.7085506294704889,0.29144937052951114
survset:support2,DeepHit,7,48,1764,43.65776062011719,0,3.7416574954986572,0.9984215949554318,0.0015784050445681874,7.745966911315918,0.9977543181275031,0.002245681872496852,16.248077392578125,0.8731886750892253,0.12681132491077474
survset:support2,DeepHit,7,48,4816,6.557438373565674,1,3.7416574954986572,0.4898555442751912,0.5101444557248088,7.745966911315918,0.033200766715927456,0.9667992332840726,16.248077392578125,0.021431292116399075,0.978568707883601
survset:support2,DeepHit,7,48,1160,20.420578002929688,1,3.7416574954986572,0.9911968549125258,0.008803145087474151,7.745966911315918,0.9839650257629746,0.01603497423702538,16.248077392578125,0.7390835761733477,0.26091642382665226
survset:support2,DeepHit,7,48,6277,41.01219177246094,0,3.7416574954986572,0.9953312168007936,0.004668783199206383,7.745966911315918,0.98909123800118,0.01090876199881996,16.248077392578125,0.7751981479875862,0.22480185201241376
survset:support2,DeepHit,7,48,7513,3.464101552963257,1,3.7416574954986572,0.5264684930326365,0.47353150696736346,7.745966911315918,0.018866263831620225,0.9811337361683797,16.248077392578125,0.009946558666441254,0.9900534413335588
survset:support2,DeepHit,7,48,2990,14.282856941223145,1,3.7416574954986572,0.9910960202183866,0.008903979781613391,7.745966911315918,0.983198413406005,0.016801586593995,16.248077392578125,0.733621800371045,0.26637819962895504
survset:support2,DeepHit,7,48,7175,19.67231559753418,1,3.7416574954986572,0.9890138882118867,0.010986111788113262,7.745966911315918,0.9547506544299813,0.045249345570018695,16.248077392578125,0.6316134296220071,0.36838657037799294
survset:support2,DeepHit,7,48,6438,14.696938514709473,1,3.7416574954986572,0.9931335500611381,0.006866449938861874,7.745966911315918,0.9824125684278018,0.01758743157219822,16.248077392578125,0.6310820650967106,0.3689179349032894
survset:support2,DeepHit,7,48,214,4.0,1,3.7416574954986572,0.5214622585631049,0.4785377414368951,7.745966911315918,0.07412677086441993,0.92587322913558,16.248077392578125,0.04850388705249008,0.9514961129475099
survset:support2,DeepHit,7,48,89,5.74456262588501,1,3.7416574954986572,0.5277864598266767,0.4722135401733233,7.745966911315918,0.019195156106466545,0.9808048438935335,16.248077392578125,0.010805628203462344,0.9891943717965377
survset:support2,DeepHit,7,48,1426,5.291502475738525,1,3.7416574954986572,0.5437923551680403,0.45620764483195975,7.745966911315918,0.09299919957127914,0.9070008004287209,16.248077392578125,0.06179552558412725,0.9382044744158727
survset:support2,DeepHit,7,48,2026,3.1622776985168457,1,3.7416574954986572,0.4828322372307465,0.5171677627692535,7.745966911315918,0.02965239033609817,0.9703476096639019,16.248077392578125,0.0188874347689241,0.9811125652310759
survset:support2,DeepHit,7,48,8756,2.2360680103302,1,3.7416574954986572,0.42537477932874035,0.5746252206712597,7.745966911315918,0.03493699617706524,0.9650630038229348,16.248077392578125,0.02653023035251551,0.9734697696474844
survset:support2,DeepHit,7,48,5609,21.14237403869629,0,3.7416574954986572,0.9877468065553239,0.012253193444676125,7.745966911315918,0.9808216832058215,0.019178316794178474,16.248077392578125,0.7442837367351429,0.2557162632648571
survset:support2,DeepHit,7,48,6374,39.87480545043945,1,3.7416574954986572,0.9916113759559938,0.008388624044006199,7.745966911315918,0.9809934203787264,0.01900657962127361,16.248077392578125,0.7324547777794962,0.2675452222205038
survset:support2,DeepHit,7,48,2291,17.14642906188965,1,3.7416574954986572,0.9832365441473756,0.016763455852624398,7.745966911315918,0.9736015675463646,0.02639843245363538,16.248077392578125,0.7525694147454143,0.24743058525458572
survset:support2,DeepHit,7,48,8925,23.622024536132812,0,3.7416574954986572,0.9884589704048793,0.011541029595120711,7.745966911315918,0.9813533401246334,0.018646659875366622,16.248077392578125,0.7815902472655392,0.21840975273446084
survset:support2,DeepHit,7,48,3603,9.273618698120117,1,3.7416574954986572,0.9892950756070149,0.010704924392985093,7.745966911315918,0.9794393446156606,0.020560655384339377,16.248077392578125,0.7344113873838275,0.2655886126161725
survset:support2,DeepHit,7,48,3483,7.745966911315918,1,3.7416574954986572,0.9905908460168606,0.009409153983139351,7.745966911315918,0.9831472588958189,0.016852741104181113,16.248077392578125,0.8160641121276002,0.18393588787239978
survset:support2,DeepHit,7,48,1236,5.291502475738525,1,3.7416574954986572,0.41176949639991506,0.588230503600085,7.745966911315918,0.07824761161012711,0.9217523883898728,16.248077392578125,0.06018474433403538,0.9398152556659646
survset:support2,DeepHit,7,48,7069,25.961509704589844,1,3.7416574954986572,0.981533780898362,0.018466219101638037,7.745966911315918,0.9709432208171461,0.029056779182853876,16.248077392578125,0.7441198026527781,0.2558801973472219
survset:support2,DeepHit,7,48,5121,25.670995712280273,0,3.7416574954986572,0.993869702688691,0.006130297311308985,7.745966911315918,0.9901415027008978,0.009858497299102154,16.248077392578125,0.7925704634629342,0.20742953653706575
survset:support2,DeepHit,7,48,8517,6.0,1,3.7416574954986572,0.5098440409428303,0.4901559590571697,7.745966911315918,0.026023281619123904,0.9739767183808761,16.248077392578125,0.020788066894189213,0.9792119331058108
survset:support2,DeepHit,7,48,338,42.0238037109375,0,3.7416574954986572,0.995260661495814,0.004739338504185953,7.745966911315918,0.9914371104278402,0.008562889572159782,16.248077392578125,0.8087427743162655,0.1912572256837345
survset:support2,DeepHit,7,48,2644,18.357559204101562,1,3.7416574954986572,0.9928127382386434,0.007187261761356645,7.745966911315918,0.9867187725427461,0.013281227457253908,16.248077392578125,0.7770927253017871,0.22290727469821292
survset:support2,DeepHit,7,48,8235,28.705400466918945,1,3.7416574954986572,0.987560122123958,0.01243987787604195,7.745966911315918,0.9717082122055501,0.028291787794449852,16.248077392578125,0.6462764980168465,0.3537235019831535
survset:support2,DeepHit,7,48,691,37.81534194946289,0,3.7416574954986572,0.9959926001493756,0.004007399850624371,7.745966911315918,0.9929419726738448,0.007058027326155236,16.248077392578125,0.8170292033249558,0.18297079667504423
survset:support2,DeepHit,7,48,8752,2.6457512378692627,1,3.7416574954986572,0.5023057608267297,0.49769423917327027,7.745966911315918,0.019628480380091157,0.9803715196199089,16.248077392578125,0.011577977339768243,0.9884220226602317
survset:support2,DeepHit,7,48,6992,30.01666259765625,0,3.7416574954986572,0.9955197441746699,0.004480255825330071,7.745966911315918,0.9907612742323838,0.009238725767616196,16.248077392578125,0.7223350208029123,0.27766497919708766
survset:support2,DeepHit,7,48,8764,26.88865852355957,0,3.7416574954986572,0.978455486042193,0.021544513957806988,7.745966911315918,0.964158935877737,0.035841064122262956,16.248077392578125,0.6864832836251473,0.3135167163748527
survset:support2,DeepHit,7,48,3056,4.0,1,3.7416574954986572,0.45058194352010306,0.5494180564798969,7.745966911315918,0.021534762311043593,0.9784652376889564,16.248077392578125,0.013395338976811638,0.9866046610231883
survset:support2,DeepHit,7,48,2635,10.488088607788086,1,3.7416574954986572,0.9905460152028092,0.00945398479719084,7.745966911315918,0.9827878599907125,0.017212140009287502,16.248077392578125,0.6983415781805188,0.3016584218194812
survset:support2,DeepHit,7,48,1841,4.123105525970459,1,3.7416574954986572,0.4631812023068588,0.5368187976931412,7.745966911315918,0.024429365712786307,0.9755706342872137,16.248077392578125,0.018933335493864417,0.9810666645061356
survset:support2,DeepHit,7,48,5838,4.123105525970459,1,3.7416574954986572,0.4626593746806636,0.5373406253193365,7.745966911315918,0.019331484749344555,0.9806685152506555,16.248077392578125,0.014609314177379913,0.9853906858226201
survset:support2,DeepHit,7,48,8399,9.219544410705566,1,3.7416574954986572,0.9900133399925239,0.009986660007476056,7.745966911315918,0.9698693866045575,0.03013061339544254,16.248077392578125,0.665679750951249,0.334320249048751
survset:support2,DeepHit,7,48,2500,5.5677642822265625,1,3.7416574954986572,0.5518586310353643,0.44814136896463574,7.745966911315918,0.0410644768569239,0.9589355231430761,16.248077392578125,0.027210934468736115,0.9727890655312639
survset:support2,DeepHit,7,48,463,24.06241798400879,1,3.7416574954986572,0.9940309368817243,0.005969063118275719,7.745966911315918,0.976881343996759,0.023118656003241034,16.248077392578125,0.6147766672053484,0.3852233327946516
survset:support2,DeepHit,7,48,3304,3.872983455657959,1,3.7416574954986572,0.41712421481894674,0.5828757851810533,7.745966911315918,0.0536831800399687,0.9463168199600313,16.248077392578125,0.04545891990930162,0.9545410800906984
survset:support2,DeepHit,7,48,7953,27.258026123046875,1,3.7416574954986572,0.9908413342859953,0.009158665714004699,7.745966911315918,0.9839266162993247,0.016073383700675348,16.248077392578125,0.770271893268075,0.229728106731925
survset:support2,DeepHit,7,48,5792,6.244997978210449,1,3.7416574954986572,0.49279899826324974,0.5072010017367503,7.745966911315918,0.01165589166230827,0.9883441083376917,16.248077392578125,0.008495026531162948,0.991504973468837
survset:support2,DeepHit,7,48,5955,43.90899658203125,0,3.7416574954986572,0.9927188631121054,0.007281136887894557,7.745966911315918,0.9865228236326689,0.013477176367331145,16.248077392578125,0.726841648502781,0.273158351497219
survset:support2,DeepHit,7,48,6025,22.44994354248047,1,3.7416574954986572,0.990166070287501,0.009833929712498968,7.745966911315918,0.9851584674367732,0.014841532563226845,16.248077392578125,0.7908909332678202,0.20910906673217977
survset:support2,DeepHit,7,48,5754,2.2360680103302,1,3.7416574954986572,0.5149584655249569,0.48504153447504306,7.745966911315918,0.06567732405591868,0.9343226759440814,16.248077392578125,0.05135399624205113,0.9486460037579488
survset:support2,DeepHit,7,48,5375,23.66431999206543,0,3.7416574954986572,0.9839607211969017,0.0160392788030983,7.745966911315918,0.9732649630324494,0.02673503696755064,16.248077392578125,0.7680161099245214,0.2319838900754786
survset:support2,DeepHit,7,48,667,38.02630615234375,0,3.7416574954986572,0.9871881954105441,0.012811804589455855,7.745966911315918,0.9745493474065838,0.025450652593416168,16.248077392578125,0.727885951362976,0.27211404863702404
survset:support2,DeepHit,7,48,3340,12.165525436401367,1,3.7416574954986572,0.9928951666282344,0.007104833371765595,7.745966911315918,0.9830881444748881,0.016911855525111874,16.248077392578125,0.7400414866757331,0.2599585133242669
survset:support2,DeepHit,7,48,6256,35.46829605102539,1,3.7416574954986572,0.9871622576442415,0.012837742355758519,7.745966911315918,0.9744596901479674,0.025540309852032594,16.248077392578125,0.7227416262606507,0.27725837373934925
survset:support2,DeepHit,7,48,389,17.77638816833496,1,3.7416574954986572,0.976441996360894,0.023558003639105984,7.745966911315918,0.9537148721929213,0.04628512780707872,16.248077392578125,0.7314616716330473,0.2685383283669527
survset:support2,DeepHit,7,48,8715,12.767145156860352,1,3.7416574954986572,0.9961902082404193,0.0038097917595807385,7.745966911315918,0.9868990184816443,0.013100981518355703,16.248077392578125,0.6497784017800313,0.3502215982199687
survset:support2,DeepHit,7,48,304,16.5831241607666,1,3.7416574954986572,0.9872617213784853,0.012738278621514665,7.745966911315918,0.9761561929820068,0.023843807017993157,16.248077392578125,0.6882834518183157,0.31171654818168426
survset:support2,DeepHit,7,48,745,14.662878036499023,1,3.7416574954986572,0.984041107407697,0.015958892592302987,7.745966911315918,0.9632316282723912,0.03676837172760883,16.248077392578125,0.6372929946777864,0.36270700532221356
survset:support2,DeepHit,7,48,1950,3.1622776985168457,1,3.7416574954986572,0.5340210088814042,0.46597899111859575,7.745966911315918,0.026179687379465678,0.9738203126205344,16.248077392578125,0.017391932505013634,0.9826080674949864
survset:support2,DeepHit,7,48,405,41.24318313598633,0,3.7416574954986572,0.990099934108664,0.009900065891335963,7.745966911315918,0.9726818519458368,0.027318148054163216,16.248077392578125,0.6852227984718501,0.3147772015281499
survset:support2,DeepHit,7,48,6119,3.464101552963257,1,3.7416574954986572,0.6340082979209714,0.36599170207902865,7.745966911315918,0.037309231096349336,0.9626907689036507,16.248077392578125,0.020101237752482643,0.9798987622475174
survset:support2,DeepHit,7,48,1439,11.445523262023926,1,3.7416574954986572,0.9831519006166316,0.016848099383368398,7.745966911315918,0.9660970566168058,0.03390294338319422,16.248077392578125,0.7223072071608988,0.2776927928391012
survset:support2,DeepHit,7,48,2927,5.196152210235596,1,3.7416574954986572,0.48918159957861584,0.5108184004213842,7.745966911315918,0.010075929750774298,0.9899240702492257,16.248077392578125,0.006976816954653366,0.9930231830453466
survset:support2,DeepHit,7,48,2584,12.328827857971191,1,3.7416574954986572,0.9951814227063199,0.004818577293680071,7.745966911315918,0.9844262006703285,0.015573799329671512,16.248077392578125,0.6819791922540654,0.31802080774593455
survset:support2,DeepHit,7,48,5160,4.358899116516113,1,3.7416574954986572,0.4783814522238187,0.5216185477761812,7.745966911315918,0.03497718382345478,0.9650228161765452,16.248077392578125,0.025460371989327567,0.9745396280106724
survset:support2,DeepHit,7,48,6596,25.826343536376953,1,3.7416574954986572,0.9883966230065592,0.011603376993440828,7.745966911315918,0.9796069270825554,0.020393072917444632,16.248077392578125,0.7225274163016129,0.2774725836983871
survset:support2,DeepHit,7,48,7704,7.4833149909973145,1,3.7416574954986572,0.5099832319989409,0.4900167680010591,7.745966911315918,0.01058563286412774,0.9894143671358723,16.248077392578125,0.007260540869678555,0.9927394591303215
survset:support2,DeepHit,7,48,7829,2.6457512378692627,1,3.7416574954986572,0.5216214699975824,0.4783785300024176,7.745966911315918,0.02157743561347356,0.9784225643865264,16.248077392578125,0.012217268192684178,0.9877827318073158
survset:support2,DeepHit,7,48,8634,2.8284270763397217,1,3.7416574954986572,0.4726080671652197,0.5273919328347803,7.745966911315918,0.02908728623469701,0.970912713765303,16.248077392578125,0.019719741966513275,0.9802802580334867
survset:support2,DeepHit,7,48,8008,3.0,1,3.7416574954986572,0.4891958521046984,0.5108041478953016,7.745966911315918,0.020192068770533367,0.9798079312294666,16.248077392578125,0.01385326563947154,0.9861467343605285
survset:support2,DeepHit,7,48,2182,24.979991912841797,1,3.7416574954986572,0.989361554559247,0.010638445440752986,7.745966911315918,0.9774706972600709,0.022529302739929147,16.248077392578125,0.6916468579099019,0.3083531420900981
survset:support2,DeepHit,7,48,2251,10.535654067993164,1,3.7416574954986572,0.983404352437699,0.01659564756230103,7.745966911315918,0.9659269978527495,0.03407300214725051,16.248077392578125,0.7424257184162543,0.25757428158374573
survset:support2,DeepHit,7,48,7874,32.588340759277344,1,3.7416574954986572,0.9900171214682653,0.00998287853173474,7.745966911315918,0.9778893989121838,0.02211060108781615,16.248077392578125,0.7206898998121282,0.27931010018787183
survset:support2,DeepHit,7,48,6961,4.0,1,3.7416574954986572,0.4595052013217586,0.5404947986782414,7.745966911315918,0.013350073854408253,0.9866499261455918,16.248077392578125,0.010060386156850322,0.9899396138431497
survset:support2,DeepHit,7,48,4658,2.6457512378692627,1,3.7416574954986572,0.48093981642388295,0.519060183576117,7.745966911315918,0.03467505978098089,0.9653249402190192,16.248077392578125,0.024664802529150223,0.9753351974708497
survset:support2,DeepHit,7,48,1480,21.470911026000977,0,3.7416574954986572,0.9883412665951534,0.011658733404846577,7.745966911315918,0.9805770468621309,0.019422953137869126,16.248077392578125,0.735920026128104,0.26407997387189597
survset:support2,DeepHit,7,48,3366,44.23799133300781,0,3.7416574954986572,0.9783545808515579,0.02164541914844209,7.745966911315918,0.9573563264201155,0.04264367357988452,16.248077392578125,0.7450332046286889,0.25496679537131106
survset:support2,DeepHit,7,48,7899,17.8885440826416,1,3.7416574954986572,0.9896641865160629,0.010335813483937084,7.745966911315918,0.9630190783417547,0.03698092165824529,16.248077392578125,0.6475077503264415,0.3524922496735585
survset:support2,DeepHit,7,48,3303,8.83176040649414,1,3.7416574954986572,0.9877845944458906,0.012215405554109382,7.745966911315918,0.9659903810435465,0.03400961895645349,16.248077392578125,0.7010182437746911,0.29898175622530887
survset:support2,DeepHit,7,48,3149,20.880613327026367,0,3.7416574954986572,0.9786895317791435,0.02131046822085647,7.745966911315918,0.9642060202752807,0.035793979724719316,16.248077392578125,0.746800440315142,0.25319955968485797
survset:support2,DeepHit,7,48,8611,2.8284270763397217,1,3.7416574954986572,0.5102346844402982,0.4897653155597018,7.745966911315918,0.039097265737769615,0.9609027342622304,16.248077392578125,0.02230080479614467,0.9776991952038553
survset:support2,DeepHit,7,48,8533,31.63858413696289,0,3.7416574954986572,0.9945955804621083,0.005404419537891725,7.745966911315918,0.9907258574138,0.009274142586199963,16.248077392578125,0.7624829075401649,0.2375170924598351
survset:support2,DeepHit,7,48,2043,5.385164737701416,1,3.7416574954986572,0.523339876719162,0.47666012328083796,7.745966911315918,0.020252999856587742,0.9797470001434122,16.248077392578125,0.012766620140139285,0.9872333798598607
survset:support2,DeepHit,7,48,7102,28.635643005371094,0,3.7416574954986572,0.994062316117257,0.005937683882742961,7.745966911315918,0.9908914294922604,0.00910857050773961,16.248077392578125,0.8040488703307951,0.19595112966920492
survset:support2,DeepHit,7,48,2870,6.480740547180176,1,3.7416574954986572,0.5587256827313973,0.44127431726860267,7.745966911315918,0.028926507776249076,0.971073492223751,16.248077392578125,0.02005839459835136,0.9799416054016487
survset:support2,DeepHit,7,48,6161,2.8284270763397217,1,3.7416574954986572,0.4057468887087636,0.5942531112912364,7.745966911315918,0.05335813099117181,0.9466418690088282,16.248077392578125,0.03736770053289695,0.962632299467103
survset:support2,DeepHit,7,48,2730,16.0623779296875,1,3.7416574954986572,0.9892419561980234,0.010758043801976647,7.745966911315918,0.9727209381105812,0.027279061889418754,16.248077392578125,0.686157542295834,0.31384245770416597
survset:support2,DeepHit,7,48,4030,6.324555397033691,1,3.7416574954986572,0.5506933972855703,0.4493066027144297,7.745966911315918,0.03748780244299554,0.9625121975570045,16.248077392578125,0.01882364779402036,0.9811763522059797
survset:support2,DeepHit,7,48,4619,2.4494898319244385,1,3.7416574954986572,0.5333820031964854,0.46661799680351457,7.745966911315918,0.025237361380637872,0.9747626386193621,16.248077392578125,0.014660305640661262,0.9853396943593388
survset:support2,DeepHit,7,48,4014,4.690415859222412,1,3.7416574954986572,0.5753468882382093,0.42465311176179066,7.745966911315918,0.021388182007458185,0.9786118179925418,16.248077392578125,0.008372207673473154,0.9916277923265269
survset:support2,DeepHit,7,48,5088,25.961509704589844,0,3.7416574954986572,0.9642652311324543,0.035734768867545674,7.745966911315918,0.9347103852313199,0.06528961476868012,16.248077392578125,0.6762477099946889,0.32375229000531114
survset:support2,DeepHit,7,48,8767,13.152946472167969,1,3.7416574954986572,0.9913982804664045,0.008601719533595453,7.745966911315918,0.983842039583656,0.016157960416343986,16.248077392578125,0.7582392723989823,0.24176072760101774
survset:support2,DeepHit,7,48,4465,31.496030807495117,0,3.7416574954986572,0.9861853460335099,0.013814653966490065,7.745966911315918,0.9782674162437758,0.021732583756224222,16.248077392578125,0.792140521810107,0.20785947818989303
survset:support2,DeepHit,7,48,5210,24.899799346923828,0,3.7416574954986572,0.993768066539805,0.006231933460195016,7.745966911315918,0.9865215118278526,0.013478488172147363,16.248077392578125,0.7751091506753423,0.22489084932465775
survset:support2,DeepHit,7,48,2404,9.591663360595703,1,3.7416574954986572,0.987157290459885,0.012842709540115016,7.745966911315918,0.9736920815080393,0.02630791849196068,16.248077392578125,0.730906116159919,0.26909388384008104
survset:support2,DeepHit,7,48,1230,4.358899116516113,1,3.7416574954986572,0.4429157534813806,0.5570842465186194,7.745966911315918,0.02790736074688789,0.9720926392531121,16.248077392578125,0.02108708468921629,0.9789129153107837
survset:support2,DeepHit,7,48,5933,12.845232963562012,1,3.7416574954986572,0.9968535430163133,0.003146456983686652,7.745966911315918,0.9910890122090238,0.00891098779097621,16.248077392578125,0.6475719650891146,0.35242803491088537
survset:support2,DeepHit,7,48,8253,15.329710006713867,1,3.7416574954986572,0.9928278361981336,0.00717216380186636,7.745966911315918,0.9875383019901374,0.012461698009862632,16.248077392578125,0.7231625663983111,0.2768374336016889
survset:support2,DeepHit,7,48,2271,3.7416574954986572,1,3.7416574954986572,0.48320100375499586,0.5167989962450041,7.745966911315918,0.028932753568669083,0.9710672464313309,16.248077392578125,0.021175516121755843,0.9788244838782442
survset:support2,DeepHit,7,48,6771,16.67333221435547,1,3.7416574954986572,0.9806562041994243,0.01934379580057566,7.745966911315918,0.9658680438733446,0.03413195612665543,16.248077392578125,0.7485579088993363,0.25144209110066373
survset:support2,DeepHit,7,48,6945,30.659420013427734,0,3.7416574954986572,0.9926306194942895,0.0073693805057104544,7.745966911315918,0.9871250271279973,0.012874972872002677,16.248077392578125,0.723449544794995,0.276550455205005
survset:support2,DeepHit,7,48,8317,3.7416574954986572,1,3.7416574954986572,0.5132941786156424,0.4867058213843576,7.745966911315918,0.025667910038166115,0.9743320899618338,16.248077392578125,0.017351959040077494,0.9826480409599225
survset:support2,DeepHit,7,48,1310,3.316624879837036,1,3.7416574954986572,0.5662615663921383,0.4337384336078617,7.745966911315918,0.04465063396609684,0.9553493660339032,16.248077392578125,0.026254540771005242,0.9737454592289948
survset:support2,DeepHit,7,48,7509,22.97825050354004,0,3.7416574954986572,0.8777106943161809,0.12228930568381913,7.745966911315918,0.8263585472488545,0.1736414527511455,16.248077392578125,0.6885366255620622,0.3114633744379378
survset:support2,DeepHit,7,48,1455,22.068077087402344,0,3.7416574954986572,0.9858273846678532,0.014172615332146754,7.745966911315918,0.9717150134285012,0.028284986571498805,16.248077392578125,0.7435853536931618,0.2564146463068382
survset:support2,DeepHit,7,48,4643,23.53720474243164,1,3.7416574954986572,0.9874262156609696,0.012573784339030447,7.745966911315918,0.9755980934029643,0.024401906597035672,16.248077392578125,0.670638786123063,0.32936121387693695
survset:support2,DeepHit,7,48,9024,21.02379608154297,0,3.7416574954986572,0.9822208791022634,0.01777912089773659,7.745966911315918,0.9660453582212809,0.0339546417787191,16.248077392578125,0.6903215653054138,0.3096784346945862
survset:support2,DeepHit,7,48,7535,22.427661895751953,0,3.7416574954986572,0.9934918211215357,0.006508178878464332,7.745966911315918,0.9877447812778501,0.012255218722149852,16.248077392578125,0.7919555385663095,0.2080444614336905
survset:support2,DeepHit,7,48,3121,7.211102485656738,1,3.7416574954986572,0.5758634237909723,0.42413657620902767,7.745966911315918,0.0333874284625716,0.9666125715374284,16.248077392578125,0.0197798863271379,0.9802201136728621
survset:support2,DeepHit,7,48,2052,40.55860137939453,0,3.7416574954986572,0.9923807377613753,0.007619262238624747,7.745966911315918,0.9770652811711432,0.02293471882885678,16.248077392578125,0.6672347233796658,0.33276527662033417
survset:support2,DeepHit,7,48,4033,21.725561141967773,1,3.7416574954986572,0.9921481926384812,0.007851807361518803,7.745966911315918,0.9748994568235656,0.025100543176434398,16.248077392578125,0.6518634138951791,0.3481365861048209
survset:support2,DeepHit,7,48,4446,9.273618698120117,1,3.7416574954986572,0.9922615562071134,0.0077384437928865735,7.745966911315918,0.9728300868498921,0.02716991315010786,16.248077392578125,0.6509269712265795,0.3490730287734205
survset:support2,DeepHit,7,48,1364,8.0,1,3.7416574954986572,0.9826730536071956,0.01732694639280441,7.745966911315918,0.9651832138629435,0.03481678613705652,16.248077392578125,0.7167015776211264,0.2832984223788736
survset:support2,DeepHit,7,48,2146,39.3319206237793,0,3.7416574954986572,0.9935021596786644,0.006497840321335602,7.745966911315918,0.9883687582978411,0.011631241702158901,16.248077392578125,0.794923424150715,0.20507657584928496
survset:support2,DeepHit,7,48,5446,2.2360680103302,1,3.7416574954986572,0.5692604756418226,0.4307395243581774,7.745966911315918,0.05851306420306271,0.9414869357969373,16.248077392578125,0.030558064321749033,0.969441935678251
survset:support2,DeepHit,7,48,7427,24.289915084838867,0,3.7416574954986572,0.9921562189360423,0.007843781063957667,7.745966911315918,0.9850105986954681,0.014989401304531857,16.248077392578125,0.7635931717299144,0.23640682827008563
survset:support2,DeepHit,7,48,1134,2.6457512378692627,1,3.7416574954986572,0.38612926278170195,0.6138707372182981,7.745966911315918,0.030111481860859744,0.9698885181391402,16.248077392578125,0.023974829811394413,0.9760251701886056
survset:support2,DeepHit,7,48,8214,39.3319206237793,0,3.7416574954986572,0.990244033223077,0.00975596677692303,7.745966911315918,0.9829876326731992,0.01701236732680078,16.248077392578125,0.6824797871708385,0.31752021282916154
survset:support2,DeepHit,7,48,4937,27.459060668945312,0,3.7416574954986572,0.9919624065384175,0.008037593461582504,7.745966911315918,0.9829714669821747,0.017028533017825254,16.248077392578125,0.7273579052412409,0.2726420947587591
survset:support2,DeepHit,7,48,2133,2.8284270763397217,1,3.7416574954986572,0.49225977498158213,0.5077402250184179,7.745966911315918,0.041607095412123256,0.9583929045878767,16.248077392578125,0.02714263891408778,0.9728573610859123
survset:support2,DeepHit,7,48,7944,42.63801193237305,0,3.7416574954986572,0.9925053935145086,0.007494606485491384,7.745966911315918,0.9803275791317854,0.019672420868214635,16.248077392578125,0.6724585872091864,0.3275414127908136
survset:support2,DeepHit,7,48,2899,26.172504425048828,0,3.7416574954986572,0.9977682435171897,0.0022317564828102654,7.745966911315918,0.9968210329364608,0.003178967063539151,16.248077392578125,0.8704773181752745,0.12952268182472548
survset:support2,DeepHit,7,48,3841,28.017850875854492,1,3.7416574954986572,0.9937802064150804,0.006219793584919642,7.745966911315918,0.9846666594883741,0.015333340511625937,16.248077392578125,0.6602537207377668,0.3397462792622332
survset:support2,DeepHit,7,48,6979,30.265491485595703,0,3.7416574954986572,0.9837281136364396,0.01627188636356036,7.745966911315918,0.9693746739523019,0.030625326047698076,16.248077392578125,0.7686265814217607,0.23137341857823934
survset:support2,DeepHit,7,48,2825,27.658634185791016,0,3.7416574954986572,0.9827449024881862,0.017255097511813755,7.745966911315918,0.9720661902074772,0.0279338097925228,16.248077392578125,0.753273532511332,0.246726467488668
survset:support2,DeepHit,7,48,753,21.748563766479492,1,3.7416574954986572,0.98944191880265,0.010558081197350022,7.745966911315918,0.9780869704663819,0.021913029533618067,16.248077392578125,0.7588376946136217,0.24116230538637828
survset:support2,DeepHit,7,48,5634,2.6457512378692627,1,3.7416574954986572,0.5602977233863685,0.4397022766136315,7.745966911315918,0.019807519714538153,0.9801924802854618,16.248077392578125,0.012217771977943683,0.9877822280220563
survset:support2,DeepHit,7,48,200,10.816654205322266,1,3.7416574954986572,0.9904125059449196,0.009587494055080414,7.745966911315918,0.9712315365423225,0.028768463457677473,16.248077392578125,0.6461640434706817,0.3538359565293183
survset:support2,DeepHit,7,48,1246,26.324893951416016,0,3.7416574954986572,0.9920259547508704,0.007974045249129591,7.745966911315918,0.9866794071212969,0.01332059287870313,16.248077392578125,0.8089569731030035,0.19104302689699648
survset:support2,DeepHit,7,48,308,2.2360680103302,1,3.7416574954986572,0.454033457534951,0.545966542465049,7.745966911315918,0.03377832576918488,0.9662216742308152,16.248077392578125,0.025157897514500146,0.9748421024854999
survset:support2,DeepHit,7,48,5989,43.669212341308594,0,3.7416574954986572,0.9894206485167085,0.010579351483291477,7.745966911315918,0.9822103480067506,0.017789651993249445,16.248077392578125,0.7750822123026132,0.2249177876973868
survset:support2,DeepHit,7,48,6816,3.872983455657959,1,3.7416574954986572,0.4678987501613694,0.5321012498386306,7.745966911315918,0.01756948743983082,0.9824305125601692,16.248077392578125,0.015257897926322086,0.984742102073678
survset:support2,DeepHit,7,48,8491,32.2180061340332,0,3.7416574954986572,0.989630144396823,0.010369855603177047,7.745966911315918,0.9810615298138499,0.018938470186150136,16.248077392578125,0.7065119539655903,0.2934880460344097
survset:support2,DeepHit,7,48,1492,13.190905570983887,1,3.7416574954986572,0.985225253440745,0.014774746559255036,7.745966911315918,0.9651515559515895,0.034848444048410476,16.248077392578125,0.6610381179591911,0.3389618820408089
survset:support2,DeepHit,7,48,7715,13.416407585144043,1,3.7416574954986572,0.9837232616722186,0.016276738327781426,7.745966911315918,0.9664134452786874,0.033586554721312556,16.248077392578125,0.6848494977213975,0.31515050227860253
survset:support2,DeepHit,7,48,2443,32.72613525390625,0,3.7416574954986572,0.9945294899202621,0.005470510079737867,7.745966911315918,0.9871731947222742,0.012826805277725839,16.248077392578125,0.7485968765428395,0.25140312345716054
survset:support2,DeepHit,7,48,3942,39.31920623779297,0,3.7416574954986572,0.9831444493614797,0.01685555063852029,7.745966911315918,0.9650049350887107,0.03499506491128934,16.248077392578125,0.7175697419193773,0.2824302580806227
survset:support2,DeepHit,7,48,3516,21.470911026000977,1,3.7416574954986572,0.9919545202327331,0.008045479767266883,7.745966911315918,0.9825511585285417,0.01744884147145831,16.248077392578125,0.6748673601516577,0.3251326398483423
survset:support2,DeepHit,7,48,4819,28.42534065246582,0,3.7416574954986572,0.9897718913335873,0.01022810866641266,7.745966911315918,0.9764631446474081,0.023536855352591868,16.248077392578125,0.6705846763857474,0.32941532361425263
survset:support2,DeepHit,7,48,6881,4.242640495300293,1,3.7416574954986572,0.5017938649689921,0.49820613503100786,7.745966911315918,0.023194065253749615,0.9768059347462504,16.248077392578125,0.011865882733010416,0.9881341172669896
survset:support2,DeepHit,7,48,3509,43.27817153930664,0,3.7416574954986572,0.9895408373167047,0.010459162683295276,7.745966911315918,0.9813599742109487,0.01864002578905133,16.248077392578125,0.7785726606919529,0.22142733930804714
survset:support2,DeepHit,7,48,7859,4.358899116516113,1,3.7416574954986572,0.47586163241380497,0.524138367586195,7.745966911315918,0.015717880558154904,0.9842821194418451,16.248077392578125,0.010866948237495098,0.9891330517625049
survset:support2,DeepHit,7,48,4350,4.795831680297852,1,3.7416574954986572,0.46921564224918894,0.5307843577508111,7.745966911315918,0.058187684373574695,0.9418123156264253,16.248077392578125,0.03946748712514232,0.9605325128748576
survset:support2,DeepHit,7,48,3628,4.690415859222412,1,3.7416574954986572,0.4604154571277383,0.5395845428722617,7.745966911315918,0.03306911758967531,0.9669308824103247,16.248077392578125,0.023828790495809955,0.97617120950419
survset:support2,DeepHit,7,48,6353,12.165525436401367,1,3.7416574954986572,0.9880109643583874,0.011989035641612578,7.745966911315918,0.9816702924320635,0.018329707567936504,16.248077392578125,0.6844768519200498,0.3155231480799502
survset:support2,DeepHit,7,48,1181,27.58622932434082,0,3.7416574954986572,0.9903749911731683,0.009625008826831705,7.745966911315918,0.9788506404219314,0.021149359578068627,16.248077392578125,0.7420418507790468,0.25795814922095317
survset:support2,DeepHit,7,48,685,18.384777069091797,1,3.7416574954986572,0.9925953072696361,0.0074046927303639265,7.745966911315918,0.9829503571750854,0.017049642824914613,16.248077392578125,0.6998978750713669,0.3001021249286331
survset:support2,DeepHit,7,48,969,31.048349380493164,0,3.7416574954986572,0.9813233184437259,0.01867668155627411,7.745966911315918,0.9647724709914056,0.03522752900859438,16.248077392578125,0.7372591002970283,0.26274089970297165
survset:support2,DeepHit,7,48,8202,35.1710090637207,1,3.7416574954986572,0.9821629235958647,0.017837076404135344,7.745966911315918,0.9715544281873318,0.028445571812668158,16.248077392578125,0.7361364279359038,0.26386357206409616
survset:support2,DeepHit,7,48,4107,4.898979663848877,1,3.7416574954986572,0.49761463396202066,0.5023853660379793,7.745966911315918,0.02519550669763035,0.9748044933023696,16.248077392578125,0.017511922838176434,0.9824880771618235
survset:support2,DeepHit,7,48,3376,44.18144226074219,0,3.7416574954986572,0.9817559953761039,0.018244004623896082,7.745966911315918,0.9654505241671595,0.034549475832840515,16.248077392578125,0.7259392692517157,0.2740607307482843
survset:support2,DeepHit,7,48,1076,1.7320507764816284,1,3.7416574954986572,0.4668003130695386,0.5331996869304614,7.745966911315918,0.1390565037358112,0.8609434962641889,16.248077392578125,0.11668749245961271,0.8833125075403873
survset:support2,DeepHit,7,48,8427,21.88606834411621,1,3.7416574954986572,0.9944966336555683,0.005503366344431715,7.745966911315918,0.9718978280291464,0.02810217197085363,16.248077392578125,0.6405944067087559,0.3594055932912441
survset:support2,DeepHit,7,48,6722,5.4772257804870605,1,3.7416574954986572,0.5900343410035799,0.4099656589964201,7.745966911315918,0.028731232822802658,0.9712687671771973,16.248077392578125,0.01787071187152559,0.9821292881284744
survset:support2,DeepHit,7,48,4196,2.6457512378692627,1,3.7416574954986572,0.3505559563442176,0.6494440436557825,7.745966911315918,0.0376166719900939,0.9623833280099061,16.248077392578125,0.03128641202410048,0.9687135879758996
survset:support2,DeepHit,7,48,2768,28.513154983520508,0,3.7416574954986572,0.991967157575699,0.008032842424301023,7.745966911315918,0.9835736999570021,0.016426300042997943,16.248077392578125,0.7518996825913581,0.2481003174086419
survset:support2,DeepHit,7,48,4865,28.089143753051758,0,3.7416574954986572,0.9898411009504624,0.010158899049537595,7.745966911315918,0.9775382980264175,0.02246170197358255,16.248077392578125,0.6512001500292944,0.34879984997070557
survset:support2,DeepHit,7,48,5431,4.795831680297852,1,3.7416574954986572,0.5481562726705593,0.45184372732944067,7.745966911315918,0.028593338487942436,0.9714066615120576,16.248077392578125,0.016038731139339575,0.9839612688606604
survset:support2,DeepHit,7,48,4218,10.440306663513184,1,3.7416574954986572,0.9848170528000463,0.015182947199953722,7.745966911315918,0.9693391664054669,0.030660833594533088,16.248077392578125,0.7263321928658191,0.27366780713418093
survset:support2,DeepHit,7,48,8360,37.10795211791992,0,3.7416574954986572,0.9891849991293782,0.010815000870621816,7.745966911315918,0.9716275422289532,0.0283724577710468,16.248077392578125,0.6771570812078351,0.32284291879216487
survset:support2,DeepHit,7,48,6986,30.099834442138672,0,3.7416574954986572,0.9913911401663192,0.00860885983368076,7.745966911315918,0.9844185519733885,0.015581448026611544,16.248077392578125,0.7544997012272284,0.24550029877277157
survset:support2,DeepHit,7,48,3554,18.601076126098633,1,3.7416574954986572,0.9849013042363801,0.015098695763619885,7.745966911315918,0.9709312470125773,0.02906875298742273,16.248077392578125,0.7283517514338711,0.2716482485661289
survset:support2,DeepHit,7,48,2025,40.93898010253906,0,3.7416574954986572,0.9854535026420616,0.014546497357938448,7.745966911315918,0.9682897625979162,0.031710237402083785,16.248077392578125,0.7110994029803734,0.28890059701962656
survset:support2,DeepHit,7,48,1815,4.242640495300293,1,3.7416574954986572,0.5566797167970389,0.44332028320296113,7.745966911315918,0.029012487982943938,0.970987512017056,16.248077392578125,0.01222672818135491,0.987773271818645
survset:support2,DeepHit,7,48,3175,20.371549606323242,0,3.7416574954986572,0.9904694904580099,0.009530509541990084,7.745966911315918,0.9867870704981961,0.01321292950180386,16.248077392578125,0.7891606900313025,0.21083930996869749
survset:support2,DeepHit,7,48,4415,5.385164737701416,1,3.7416574954986572,0.5147115080843064,0.48528849191569357,7.745966911315918,0.03334711828581623,0.9666528817141837,16.248077392578125,0.02262367337068923,0.9773763266293107
survset:support2,DeepHit,7,48,707,35.25620651245117,1,3.7416574954986572,0.9887019178093253,0.01129808219067474,7.745966911315918,0.9611661125171975,0.038833887482802476,16.248077392578125,0.6289672019477949,0.3710327980522051
survset:support2,DeepHit,7,48,5059,5.196152210235596,1,3.7416574954986572,0.4894798064709836,0.5105201935290165,7.745966911315918,0.02901698906106303,0.970983010938937,16.248077392578125,0.01848872409752008,0.9815112759024799
survset:support2,DeepHit,7,48,7247,26.53299903869629,0,3.7416574954986572,0.9870709811310187,0.012929018868981346,7.745966911315918,0.9754901282619043,0.024509871738095712,16.248077392578125,0.7531110432515281,0.2468889567484719
survset:support2,DeepHit,7,48,8504,3.1622776985168457,1,3.7416574954986572,0.4947792590770558,0.5052207409229442,7.745966911315918,0.01721005750819903,0.982789942491801,16.248077392578125,0.012803837270655425,0.9871961627293446
survset:support2,DeepHit,7,48,8807,10.954451560974121,1,3.7416574954986572,0.9955625212578078,0.004437478742192247,7.745966911315918,0.9778110462386504,0.02218895376134955,16.248077392578125,0.6028135674649762,0.39718643253502384
survset:support2,DeepHit,7,48,3165,12.767145156860352,1,3.7416574954986572,0.9888609705735949,0.0111390294264051,7.745966911315918,0.9825466024649501,0.01745339753504993,16.248077392578125,0.771709636709433,0.22829036329056696
survset:support2,DeepHit,7,48,7148,27.874719619750977,0,3.7416574954986572,0.9887576453437603,0.011242354656239684,7.745966911315918,0.9755183868740346,0.024481613125965418,16.248077392578125,0.678134548549645,0.32186545145035494
survset:support2,DeepHit,7,48,3897,4.690415859222412,1,3.7416574954986572,0.600896254329977,0.39910374567002305,7.745966911315918,0.03270371107783041,0.9672962889221696,16.248077392578125,0.019634473694055424,0.9803655263059445
survset:support2,DeepHit,7,48,8651,3.1622776985168457,1,3.7416574954986572,0.4717919044657057,0.5282080955342943,7.745966911315918,0.03798368997311495,0.962016310026885,16.248077392578125,0.029155563074184727,0.9708444369258152
survset:support2,DeepHit,7,48,4026,27.874719619750977,1,3.7416574954986572,0.9935002840503935,0.0064997159496065215,7.745966911315918,0.9903640980939593,0.00963590190604069,16.248077392578125,0.7795762046077597,0.22042379539224033
survset:support2,DeepHit,7,48,7580,21.63330841064453,0,3.7416574954986572,0.9949594537917134,0.005040546208286645,7.745966911315918,0.9911661629929018,0.008833837007098166,16.248077392578125,0.768614280544011,0.23138571945598896
survset:support2,DeepHit,7,48,1209,26.88865852355957,0,3.7416574954986572,0.9715756844822722,0.02842431551772784,7.745966911315918,0.9490956971064989,0.05090430289350112,16.248077392578125,0.7463152377916911,0.25368476220830893
survset:support2,DeepHit,7,48,5071,26.153392791748047,0,3.7416574954986572,0.9854550788347304,0.01454492116526962,7.745966911315918,0.9610880683794336,0.03891193162056639,16.248077392578125,0.6535253384213131,0.3464746615786869
survset:support2,DeepHit,7,48,5986,3.464101552963257,1,3.7416574954986572,0.578889829884776,0.421110170115224,7.745966911315918,0.14613633318290134,0.8538636668170987,16.248077392578125,0.11109103361979905,0.888908966380201
survset:support2,DeepHit,7,48,1414,10.14889144897461,1,3.7416574954986572,0.9769995321044815,0.02300046789551846,7.745966911315918,0.9323144126214907,0.06768558737850927,16.248077392578125,0.6652253401910698,0.3347746598089302
survset:support2,DeepHit,7,48,5944,23.151674270629883,1,3.7416574954986572,0.966830526013695,0.03316947398630499,7.745966911315918,0.920047081939244,0.079952918060756,16.248077392578125,0.6519995925498743,0.3480004074501257
survset:support2,DeepHit,7,48,285,42.402828216552734,0,3.7416574954986572,0.9896879306687696,0.010312069331230411,7.745966911315918,0.9808027074390007,0.019197292560999335,16.248077392578125,0.7325245129414601,0.26747548705853985
survset:support2,DeepHit,7,48,6671,15.81138801574707,1,3.7416574954986572,0.9861021839772476,0.013897816022752418,7.745966911315918,0.9729293642324534,0.027070635767546647,16.248077392578125,0.7288510776003188,0.27114892239968125
survset:support2,DeepHit,7,48,6995,29.96664810180664,0,3.7416574954986572,0.9896720367111732,0.010327963288826791,7.745966911315918,0.9753813581480367,0.024618641851963274,16.248077392578125,0.7259285741067543,0.27407142589324573
survset:support2,DeepHit,7,48,3563,9.539392471313477,1,3.7416574954986572,0.9942572975678328,0.005742702432167235,7.745966911315918,0.9323028197089758,0.06769718029102423,16.248077392578125,0.5647559267617898,0.43524407323821024
survset:support2,DeepHit,7,48,6634,7.4833149909973145,1,3.7416574954986572,0.560569279133441,0.439430720866559,7.745966911315918,0.04671675385276934,0.9532832461472307,16.248077392578125,0.029770088544303554,0.9702299114556965
survset:support2,DeepHit,7,48,3351,3.872983455657959,1,3.7416574954986572,0.48056915901685127,0.5194308409831487,7.745966911315918,0.03338339872954731,0.9666166012704527,16.248077392578125,0.020040146959636247,0.9799598530403637
survset:support2,DeepHit,7,48,6872,4.898979663848877,1,3.7416574954986572,0.5338204500802936,0.46617954991970645,7.745966911315918,0.03537215574823871,0.9646278442517613,16.248077392578125,0.017270148786592148,0.9827298512134078
survset:support2,DeepHit,7,48,8792,19.235383987426758,1,3.7416574954986572,0.9906172133086809,0.00938278669131909,7.745966911315918,0.9841265851326367,0.015873414867363267,16.248077392578125,0.7156191696653194,0.28438083033468065
survset:support2,DeepHit,7,48,8171,31.256999969482422,1,3.7416574954986572,0.9865457366872028,0.013454263312797199,7.745966911315918,0.9749374046175513,0.025062595382448705,16.248077392578125,0.6920074244127843,0.3079925755872157
survset:support2,DeepHit,7,48,6575,37.496665954589844,0,3.7416574954986572,0.9897102858670114,0.010289714132988625,7.745966911315918,0.9850618146977278,0.0149381853022722,16.248077392578125,0.6904331839856505,0.30956681601434954
survset:support2,DeepHit,7,48,744,3.0,1,3.7416574954986572,0.4635089878207514,0.5364910121792485,7.745966911315918,0.03761206183423816,0.9623879381657618,16.248077392578125,0.02916209664162816,0.9708379033583718
survset:support2,DeepHit,7,48,2672,12.569805145263672,1,3.7416574954986572,0.9879047418092965,0.01209525819070345,7.745966911315918,0.9764177533719397,0.0235822466280603,16.248077392578125,0.7021763368627768,0.2978236631372232
survset:support2,DeepHit,7,48,282,10.392304420471191,1,3.7416574954986572,0.9860112953468092,0.013988704653190798,7.745966911315918,0.9419293407025537,0.05807065929744626,16.248077392578125,0.6341850526672242,0.36581494733277575
survset:support2,DeepHit,7,48,3356,5.830951690673828,1,3.7416574954986572,0.5492358711708537,0.4507641288291463,7.745966911315918,0.02313602897435394,0.976863971025646,16.248077392578125,0.014942102975834736,0.9850578970241652
survset:support2,DeepHit,7,48,5788,2.8284270763397217,1,3.7416574954986572,0.5285993520418907,0.4714006479581093,7.745966911315918,0.016527581793637405,0.9834724182063626,16.248077392578125,0.009495800067849317,0.9905041999321507
survset:support2,DeepHit,7,48,1635,5.099019527435303,1,3.7416574954986572,0.612076550430594,0.38792344956940605,7.745966911315918,0.03927992225417654,0.9607200777458235,16.248077392578125,0.020424611232244514,0.9795753887677555
survset:support2,DeepHit,7,48,5711,20.099750518798828,0,3.7416574954986572,0.9910463203548171,0.0089536796451829,7.745966911315918,0.9822633789263199,0.017736621073680126,16.248077392578125,0.7998029897897586,0.2001970102102414
survset:support2,DeepHit,7,48,7172,8.83176040649414,1,3.7416574954986572,0.9915998576612263,0.00840014233877373,7.745966911315918,0.9615509342696323,0.03844906573036766,16.248077392578125,0.6478264260454238,0.35217357395457616
survset:support2,DeepHit,7,48,2217,36.592350006103516,1,3.7416574954986572,0.9885270159039642,0.01147298409603581,7.745966911315918,0.955748954752367,0.044251045247633014,16.248077392578125,0.6178988414674655,0.38210115853253446
survset:support2,DeepHit,7,48,3227,18.65475845336914,0,3.7416574954986572,0.976154693949863,0.023845306050137016,7.745966911315918,0.9448312048048123,0.05516879519518769,16.248077392578125,0.6494439230948919,0.35055607690510815
survset:support2,DeepHit,7,48,5427,23.0867919921875,0,3.7416574954986572,0.9929120570795233,0.007087942920476653,7.745966911315918,0.9915187611441649,0.008481238855835072,16.248077392578125,0.7489724266723599,0.25102757332764014
survset:support2,DeepHit,7,48,4018,6.0,1,3.7416574954986572,0.4969905040042208,0.5030094959957792,7.745966911315918,0.025872630671334742,0.9741273693286653,16.248077392578125,0.016053432247151972,0.9839465677528481
survset:support2,DeepHit,7,48,2813,1.7320507764816284,1,3.7416574954986572,0.31563825532549533,0.6843617446745047,7.745966911315918,0.05116433574005868,0.9488356642599414,16.248077392578125,0.04381808606335392,0.9561819139366461
survset:support2,DeepHit,7,48,4375,11.224971771240234,1,3.7416574954986572,0.9603300379162124,0.03966996208378759,7.745966911315918,0.9314761944195217,0.06852380558047833,16.248077392578125,0.672419517371159,0.327580482628841
survset:support2,DeepHit,7,48,7892,3.1622776985168457,1,3.7416574954986572,0.527531790323397,0.47246820967660297,7.745966911315918,0.026244943013894385,0.9737550569861056,16.248077392578125,0.016711180858463657,0.9832888191415363
survset:support2,DeepHit,7,48,8210,36.878177642822266,1,3.7416574954986572,0.9898971207830874,0.010102879216912553,7.745966911315918,0.9829644594362993,0.017035540563700713,16.248077392578125,0.725037273036219,0.274962726963781
survset:support2,DeepHit,7,48,2446,4.242640495300293,1,3.7416574954986572,0.439425392219125,0.560574607780875,7.745966911315918,0.03611515979163512,0.9638848402083648,16.248077392578125,0.029940965116549617,0.9700590348834504
survset:support2,DeepHit,7,48,337,3.1622776985168457,1,3.7416574954986572,0.4455294158638363,0.5544705841361637,7.745966911315918,0.03253330921486335,0.9674666907851367,16.248077392578125,0.026815023755126195,0.9731849762448738
survset:support2,DeepHit,7,48,3101,7.0,1,3.7416574954986572,0.5554970080465267,0.4445029919534733,7.745966911315918,0.01740075882437849,0.9825992411756215,16.248077392578125,0.009368616438813013,0.990631383561187
survset:support2,DeepHit,7,48,2553,31.4483699798584,0,3.7416574954986572,0.9841505221999941,0.015849477800005896,7.745966911315918,0.9749562890384762,0.025043710961523802,16.248077392578125,0.723191289925266,0.27680871007473395
survset:support2,DeepHit,7,48,2808,8.366600036621094,1,3.7416574954986572,0.9890613549070806,0.010938645092919419,7.745966911315918,0.9765419579515108,0.023458042048489225,16.248077392578125,0.6745747098822734,0.3254252901177266
survset:support2,DeepHit,7,48,5529,21.88606834411621,0,3.7416574954986572,0.9933077803802185,0.006692219619781503,7.745966911315918,0.988610324958732,0.011389675041267977,16.248077392578125,0.7623171350343443,0.23768286496565572
survset:support2,DeepHit,7,48,3547,42.96510314941406,0,3.7416574954986572,0.9912049989498491,0.008795001050150852,7.745966911315918,0.9790548033206805,0.02094519667931949,16.248077392578125,0.7793786312114579,0.2206213687885421
survset:support2,DeepHit,7,48,2898,11.357816696166992,1,3.7416574954986572,0.9881852449546946,0.01181475504530538,7.745966911315918,0.973759034348179,0.02624096565182099,16.248077392578125,0.7529386002439179,0.2470613997560821
survset:support2,DeepHit,7,48,2307,10.862780570983887,1,3.7416574954986572,0.9903883960350017,0.009611603964998272,7.745966911315918,0.9670896558975811,0.03291034410241889,16.248077392578125,0.6470491853889955,0.3529508146110045
survset:support2,DeepHit,7,48,8189,39.52214431762695,0,3.7416574954986572,0.9904307913992064,0.009569208600793577,7.745966911315918,0.9779467116759945,0.02205328832400555,16.248077392578125,0.7121800889267486,0.28781991107325144
survset:support2,DeepHit,7,48,6702,17.52141571044922,1,3.7416574954986572,0.9870157978687233,0.012984202131276712,7.745966911315918,0.9638943068944953,0.03610569310550471,16.248077392578125,0.7202114795979857,0.2797885204020143
survset:support2,DeepHit,7,48,6139,21.863210678100586,1,3.7416574954986572,0.9888677235511529,0.011132276448847067,7.745966911315918,0.9798555026594115,0.02014449734058854,16.248077392578125,0.6842039217730194,0.31579607822698064
survset:support2,DeepHit,7,48,8279,15.29705810546875,1,3.7416574954986572,0.9911557534549756,0.008844246545024359,7.745966911315918,0.9806647940239407,0.01933520597605931,16.248077392578125,0.6772307445877347,0.3227692554122653
survset:support2,DeepHit,7,48,3726,28.47806167602539,1,3.7416574954986572,0.9888213480413048,0.011178651958695163,7.745966911315918,0.9800945066396464,0.019905493360353632,16.248077392578125,0.7620406860236726,0.2379593139763274
survset:support2,DeepHit,7,48,8315,11.045360565185547,1,3.7416574954986572,0.9923117735494592,0.007688226450540792,7.745966911315918,0.9796076373132612,0.02039236268673883,16.248077392578125,0.6980789444882414,0.30192105551175863
survset:support2,DeepHit,7,48,7234,7.071067810058594,1,3.7416574954986572,0.5512821764823815,0.44871782351761846,7.745966911315918,0.06892247814096847,0.9310775218590315,16.248077392578125,0.036554654216837026,0.963445345783163
survset:support2,DeepHit,7,48,2603,30.675724029541016,0,3.7416574954986572,0.9776690089988528,0.022330991001147216,7.745966911315918,0.9609710894819541,0.03902891051804591,16.248077392578125,0.737984654908182,0.262015345091818
survset:support2,DeepHit,7,48,7275,26.172504425048828,0,3.7416574954986572,0.9909361129433082,0.00906388705669181,7.745966911315918,0.985519523295176,0.014480476704823997,16.248077392578125,0.7709702198980473,0.22902978010195274
survset:support2,DeepHit,7,48,5163,23.151674270629883,1,3.7416574954986572,0.9951101418956491,0.0048898581043509415,7.745966911315918,0.9722701547309265,0.027729845269073516,16.248077392578125,0.6555820727085794,0.3444179272914206
survset:support2,DeepHit,7,48,1544,19.84943389892578,0,3.7416574954986572,0.9922499343484209,0.007750065651579097,7.745966911315918,0.9844763682628394,0.015523631737160648,16.248077392578125,0.7739660954718504,0.22603390452814964
survset:support2,DeepHit,7,48,4057,15.716233253479004,1,3.7416574954986572,0.9906298790165874,0.009370120983412611,7.745966911315918,0.9771960780871007,0.02280392191289926,16.248077392578125,0.6500016494365832,0.34999835056341677
survset:support2,DeepHit,7,48,4396,32.07802963256836,0,3.7416574954986572,0.9935991204107214,0.006400879589278596,7.745966911315918,0.9849816465105733,0.015018353489426706,16.248077392578125,0.7521688432706202,0.24783115672937983
survset:support2,DeepHit,7,48,7615,2.8284270763397217,1,3.7416574954986572,0.5899306187318979,0.4100693812681021,7.745966911315918,0.10373944612859401,0.896260553871406,16.248077392578125,0.0716411197266962,0.9283588802733038
survset:support2,DeepHit,7,48,3092,22.24859619140625,0,3.7416574954986572,0.994470221153329,0.005529778846671052,7.745966911315918,0.9929400445002015,0.0070599554997985425,16.248077392578125,0.8198206559376613,0.1801793440623387
survset:support2,DeepHit,7,48,4315,32.710853576660156,0,3.7416574954986572,0.9937692826298795,0.0062307173701204865,7.745966911315918,0.9894142205721363,0.01058577942786365,16.248077392578125,0.8379201620096982,0.1620798379903018
survset:support2,DeepHit,7,48,5271,24.474475860595703,0,3.7416574954986572,0.9879466484433747,0.012053351556625347,7.745966911315918,0.9757447469570143,0.024255253042985703,16.248077392578125,0.7504883220016448,0.24951167799835516
survset:support2,DeepHit,7,48,1645,44.69899368286133,0,3.7416574954986572,0.9876838544801435,0.012316145519856492,7.745966911315918,0.9776485333803981,0.022351466619601856,16.248077392578125,0.7397325959761437,0.2602674040238563
survset:support2,DeepHit,7,48,7251,26.438608169555664,0,3.7416574954986572,0.9908439948654033,0.00915600513459669,7.745966911315918,0.9865774739877786,0.01342252601222138,16.248077392578125,0.8199188719996084,0.18008112800039155
survset:support2,DeepHit,7,48,3436,3.605551242828369,1,3.7416574954986572,0.47090652535163774,0.5290934746483622,7.745966911315918,0.01938018108876205,0.980619818911238,16.248077392578125,0.014709064528199204,0.9852909354718008
survset:support2,DeepHit,7,48,7605,21.189620971679688,0,3.7416574954986572,0.9924399139031784,0.007560086096821572,7.745966911315918,0.9871560713625608,0.012843928637439217,16.248077392578125,0.7440869471512888,0.25591305284871124
survset:support2,DeepHit,7,48,2357,36.9052848815918,0,3.7416574954986572,0.99137563981246,0.008624360187539981,7.745966911315918,0.9864681393182821,0.013531860681717855,16.248077392578125,0.736675579706498,0.263324420293502
survset:support2,DeepHit,7,48,2960,25.357444763183594,0,3.7416574954986572,0.995386329847232,0.004613670152768035,7.745966911315918,0.9907186102100812,0.00928138978991877,16.248077392578125,0.7831157725474799,0.21688422745252012
survset:support2,DeepHit,7,48,8089,18.384777069091797,1,3.7416574954986572,0.9944032709746747,0.005596729025325264,7.745966911315918,0.9838520478278718,0.016147952172128166,16.248077392578125,0.6217919725304315,0.3782080274695685
survset:support2,DeepHit,7,48,4484,18.41195297241211,1,3.7416574954986572,0.9846089905817051,0.015391009418294854,7.745966911315918,0.9609713835161499,0.03902861648385014,16.248077392578125,0.6460683639328495,0.3539316360671505
survset:support2,DeepHit,7,48,6413,33.34666442871094,1,3.7416574954986572,0.9773244148302228,0.02267558516977719,7.745966911315918,0.946683014577254,0.05331698542274599,16.248077392578125,0.6681018924956236,0.3318981075043764
survset:support2,DeepHit,7,48,8403,12.767145156860352,1,3.7416574954986572,0.9921884010876846,0.007811598912315421,7.745966911315918,0.9859454264210612,0.0140545735789388,16.248077392578125,0.7090411370383761,0.2909588629616239
survset:support2,DeepHit,7,48,1221,4.0,1,3.7416574954986572,0.49551947223137777,0.5044805277686222,7.745966911315918,0.017955882084064907,0.982044117915935,16.248077392578125,0.009846657618154814,0.9901533423818452
survset:support2,DeepHit,7,48,4549,12.206555366516113,1,3.7416574954986572,0.9782839603811999,0.021716039618800087,7.745966911315918,0.9469627019959319,0.05303729800406809,16.248077392578125,0.6362973438339262,0.3637026561660738
survset:support2,DeepHit,7,48,3652,4.0,1,3.7416574954986572,0.4601516118676299,0.5398483881323701,7.745966911315918,0.010813428462810455,0.9891865715371896,16.248077392578125,0.007614370935340421,0.9923856290646595
survset:support2,DeepHit,7,48,5202,11.0,1,3.7416574954986572,0.9830682923179549,0.016931707682045105,7.745966911315918,0.9622223710513371,0.03777762894866288,16.248077392578125,0.5887188829001518,0.41128111709984816
survset:support2,DeepHit,7,48,6229,4.690415859222412,1,3.7416574954986572,0.6001218915788586,0.39987810842114135,7.745966911315918,0.1313307479017971,0.8686692520982029,16.248077392578125,0.08121328102672219,0.9187867189732778
survset:support2,DeepHit,7,48,3556,17.34935188293457,1,3.7416574954986572,0.93547910713852,0.06452089286148,7.745966911315918,0.8871563384998017,0.11284366150019831,16.248077392578125,0.647025039431306,0.35297496056869404
survset:support2,DeepHit,7,48,8401,36.37306594848633,0,3.7416574954986572,0.9933779488239389,0.006622051176061072,7.745966911315918,0.9888392922315565,0.011160707768443467,16.248077392578125,0.7751434050674127,0.22485659493258725
survset:support2,DeepHit,7,48,3893,2.4494898319244385,1,3.7416574954986572,0.4788038845467696,0.5211961154532304,7.745966911315918,0.02869970401837765,0.9713002959816224,16.248077392578125,0.024164854981308295,0.9758351450186917
survset:support2,DeepHit,7,48,1255,17.83255386352539,1,3.7416574954986572,0.9796950672390308,0.02030493276096923,7.745966911315918,0.9595840857483008,0.040415914251699214,16.248077392578125,0.7183958250560245,0.2816041749439755
survset:support2,DeepHit,7,48,4091,18.681541442871094,1,3.7416574954986572,0.9882296572595801,0.011770342740419881,7.745966911315918,0.9773526307666863,0.022647369233313674,16.248077392578125,0.7186903345237357,0.28130966547626435
survset:support2,DeepHit,7,48,830,8.124038696289062,1,3.7416574954986572,0.9869995185918502,0.0130004814081498,7.745966911315918,0.9657960419065645,0.03420395809343546,16.248077392578125,0.6855248557384388,0.3144751442615612
survset:support2,DeepHit,7,48,1112,28.600698471069336,0,3.7416574954986572,0.9907590708743294,0.00924092912567065,7.745966911315918,0.9802329654041243,0.0197670345958757,16.248077392578125,0.7554554858742665,0.24454451412573353
survset:support2,DeepHit,7,48,5413,5.291502475738525,1,3.7416574954986572,0.5526297812036074,0.4473702187963926,7.745966911315918,0.1647956383618305,0.8352043616381695,16.248077392578125,0.12326323341137836,0.8767367665886217
survset:support2,DeepHit,7,48,7550,2.8284270763397217,1,3.7416574954986572,0.49428702406551767,0.5057129759344823,7.745966911315918,0.042431256625465937,0.957568743374534,16.248077392578125,0.02893790945330122,0.9710620905466988
survset:support2,DeepHit,7,48,3532,4.690415859222412,1,3.7416574954986572,0.5210581558486386,0.47894184415136143,7.745966911315918,0.019674974710864473,0.9803250252891356,16.248077392578125,0.0088040272947681,0.9911959727052319
survset:support2,DeepHit,7,48,1485,2.6457512378692627,1,3.7416574954986572,0.4482981872030809,0.5517018127969191,7.745966911315918,0.10832104134683303,0.8916789586531669,16.248077392578125,0.0872859293439822,0.9127140706560178
survset:support2,DeepHit,7,48,6900,31.272991180419922,0,3.7416574954986572,0.9864643536479882,0.013535646352011765,7.745966911315918,0.9805527757998527,0.01944722420014733,16.248077392578125,0.7428206754688689,0.2571793245311311
survset:support2,DeepHit,7,48,462,40.607879638671875,0,3.7416574954986572,0.9937535146046608,0.00624648539533923,7.745966911315918,0.9874222125720872,0.012577787427912823,16.248077392578125,0.73694779267539,0.26305220732461
survset:support2,DeepHit,7,48,6180,5.196152210235596,1,3.7416574954986572,0.511445360568379,0.48855463943162103,7.745966911315918,0.03084219700731848,0.9691578029926815,16.248077392578125,0.024187044195052916,0.9758129558049471
survset:support2,DeepHit,7,48,6069,42.88356399536133,0,3.7416574954986572,0.9810387852928426,0.018961214707157392,7.745966911315918,0.9652854702557048,0.03471452974429523,16.248077392578125,0.7298142198816323,0.2701857801183677
survset:support2,DeepHit,7,48,4550,30.82206916809082,0,3.7416574954986572,0.9891073223863102,0.010892677613689838,7.745966911315918,0.9802184153824834,0.019781584617516557,16.248077392578125,0.7786530535859415,0.2213469464140585
survset:support2,DeepHit,7,48,7866,3.7416574954986572,1,3.7416574954986572,0.49224332880722504,0.507756671192775,7.745966911315918,0.015303601025298335,0.9846963989747016,16.248077392578125,0.011161960617389093,0.988838039382611
survset:support2,DeepHit,7,48,8266,20.124610900878906,1,3.7416574954986572,0.9927854234884032,0.0072145765115968485,7.745966911315918,0.986930954266893,0.013069045733106965,16.248077392578125,0.7213871705782772,0.27861282942172283
survset:support2,DeepHit,7,48,7255,17.6068172454834,1,3.7416574954986572,0.9936258768823886,0.00637412311761143,7.745966911315918,0.9864004726612643,0.013599527338735706,16.248077392578125,0.7087708980537689,0.2912291019462311
survset:support2,DeepHit,7,48,2975,25.079872131347656,0,3.7416574954986572,0.9916800852426603,0.00831991475733973,7.745966911315918,0.984522544582096,0.015477455417904018,16.248077392578125,0.7228915229853898,0.27710847701461017
survset:support2,DeepHit,7,48,6973,28.47806167602539,1,3.7416574954986572,0.9970434136117353,0.0029565863882646815,7.745966911315918,0.9958652143437318,0.004134785656268236,16.248077392578125,0.7471575996902794,0.2528424003097206
survset:support2,DeepHit,7,48,3640,8.185352325439453,1,3.7416574954986572,0.9913539547952624,0.008646045204737551,7.745966911315918,0.9563285815615971,0.04367141843840294,16.248077392578125,0.6450300838074008,0.3549699161925992
survset:support2,DeepHit,7,48,4941,10.440306663513184,1,3.7416574954986572,0.994483268716917,0.005516731283083054,7.745966911315918,0.9873643863527543,0.012635613647245747,16.248077392578125,0.7143263969692049,0.28567360303079514
survset:support2,DeepHit,7,48,6117,42.46174621582031,0,3.7416574954986572,0.9741086413072542,0.025891358692745836,7.745966911315918,0.9397303329460177,0.06026966705398229,16.248077392578125,0.6885879475846207,0.3114120524153793
survset:support2,DeepHit,7,48,4053,6.557438373565674,1,3.7416574954986572,0.4971122472223705,0.5028877527776294,7.745966911315918,0.020287541947924863,0.9797124580520752,16.248077392578125,0.0120591268215766,0.9879408731784234
survset:support2,DeepHit,7,48,8497,32.15586853027344,0,3.7416574954986572,0.9791126041078267,0.020887395892173255,7.745966911315918,0.9649719059199217,0.03502809408007834,16.248077392578125,0.7106907260767572,0.2893092739232428
survset:support2,DeepHit,7,48,5750,3.316624879837036,1,3.7416574954986572,0.48001051806005873,0.5199894819399413,7.745966911315918,0.014004538239307345,0.9859954617606926,16.248077392578125,0.007329492124039494,0.9926705078759606
survset:support2,DeepHit,7,48,170,35.028560638427734,1,3.7416574954986572,0.9901276870668796,0.009872312933120408,7.745966911315918,0.9780281687406488,0.021971831259351204,16.248077392578125,0.67156574256709,0.32843425743291
survset:support2,DeepHit,7,48,3106,4.123105525970459,1,3.7416574954986572,0.37409918347476767,0.6259008165252323,7.745966911315918,0.04069338877486406,0.9593066112251359,16.248077392578125,0.03273740096210594,0.967262599037894
survset:support2,DeepHit,7,48,5573,21.494184494018555,0,3.7416574954986572,0.9953463506555328,0.0046536493444672145,7.745966911315918,0.9923169499850795,0.007683050014920534,16.248077392578125,0.7736734558737954,0.22632654412620457
survset:support2,DeepHit,7,48,2439,3.7416574954986572,1,3.7416574954986572,0.47659219407934356,0.5234078059206564,7.745966911315918,0.03413962348194731,0.9658603765180527,16.248077392578125,0.0207540561213852,0.9792459438786147
survset:support2,DeepHit,7,48,419,2.0,1,3.7416574954986572,0.4541261337148918,0.5458738662851081,7.745966911315918,0.040039845693107014,0.959960154306893,16.248077392578125,0.027244510445483486,0.9727554895545165
survset:support2,DeepHit,7,48,447,3.0,1,3.7416574954986572,0.4883573701235775,0.5116426298764225,7.745966911315918,0.05921535890152739,0.9407846410984726,16.248077392578125,0.03900820291988406,0.960991797080116
survset:support2,DeepHit,7,48,6164,42.083251953125,0,3.7416574954986572,0.9894599643361728,0.010540035663827219,7.745966911315918,0.9802291382147498,0.019770861785250227,16.248077392578125,0.7448055059331927,0.2551944940668073
survset:support2,DeepHit,7,48,4464,3.605551242828369,1,3.7416574954986572,0.5476942605489358,0.4523057394510642,7.745966911315918,0.020761553247887463,0.9792384467521126,16.248077392578125,0.012760280114555853,0.9872397198854441
survset:support2,DeepHit,7,48,6651,36.82390594482422,0,3.7416574954986572,0.9734168741912301,0.02658312580876987,7.745966911315918,0.9550867278741969,0.044913272125803094,16.248077392578125,0.7604917817185393,0.23950821828146074
survset:support2,DeepHit,7,48,8600,10.29563045501709,1,3.7416574954986572,0.979279915301923,0.020720084698076957,7.745966911315918,0.9408911134997489,0.059108886500251145,16.248077392578125,0.6387663693012862,0.36123363069871384
survset:support2,DeepHit,7,48,2272,5.099019527435303,1,3.7416574954986572,0.5516879334479714,0.4483120665520286,7.745966911315918,0.021277224201500626,0.9787227757984994,16.248077392578125,0.011159218462964879,0.9888407815370351
survset:support2,DeepHit,7,48,8702,3.872983455657959,1,3.7416574954986572,0.4027644320391315,0.5972355679608685,7.745966911315918,0.03432976183055639,0.9656702381694436,16.248077392578125,0.030118532866873358,0.9698814671331266
survset:support2,DeepHit,7,48,2936,19.209373474121094,1,3.7416574954986572,0.9902530767448724,0.009746923255127604,7.745966911315918,0.9819016537369953,0.01809834626300466,16.248077392578125,0.6926092207472251,0.3073907792527749
survset:support2,DeepHit,7,48,6687,31.11269760131836,1,3.7416574954986572,0.9914162432839028,0.008583756716097235,7.745966911315918,0.9862278099783971,0.013772190021602904,16.248077392578125,0.7862756568080455,0.21372434319195455
survset:support2,DeepHit,7,48,4905,5.74456262588501,1,3.7416574954986572,0.42939725365192416,0.5706027463480758,7.745966911315918,0.020420154172431638,0.9795798458275684,16.248077392578125,0.014017178704748334,0.9859828212952517
survset:support2,DeepHit,7,48,5189,25.05992889404297,0,3.7416574954986572,0.9917171308881908,0.008282869111809199,7.745966911315918,0.9868350037764337,0.013164996223566261,16.248077392578125,0.7749417911601624,0.22505820883983763
survset:support2,DeepHit,7,48,8859,25.05992889404297,0,3.7416574954986572,0.9967791774797987,0.003220822520201283,7.745966911315918,0.9952005087346578,0.004799491265342182,16.248077392578125,0.8907116724573625,0.10928832754263751
survset:support2,DeepHit,7,48,4825,2.0,1,3.7416574954986572,0.2879703682594098,0.7120296317405902,7.745966911315918,0.040178086856684454,0.9598219131433156,16.248077392578125,0.03387149700438283,0.9661285029956171
survset:support2,DeepHit,7,48,1573,13.601470947265625,1,3.7416574954986572,0.9826743738928871,0.017325626107112857,7.745966911315918,0.9433032666460237,0.05669673335397629,16.248077392578125,0.6320895099148038,0.36791049008519616
survset:support2,DeepHit,7,48,1218,4.898979663848877,1,3.7416574954986572,0.4791720331939736,0.5208279668060264,7.745966911315918,0.047273197859293806,0.9527268021407062,16.248077392578125,0.03513690709417597,0.9648630929058241
survset:support2,DeepHit,7,48,6746,2.0,1,3.7416574954986572,0.32266072996225614,0.6773392700377439,7.745966911315918,0.012868163677267164,0.9871318363227328,16.248077392578125,0.01123690756097817,0.9887630924390218
survset:support2,DeepHit,7,48,6822,32.04684066772461,0,3.7416574954986572,0.992741361087183,0.007258638912816973,7.745966911315918,0.9893396734137057,0.010660326586294344,16.248077392578125,0.8109227088280191,0.1890772911719809
survset:support2,DeepHit,7,48,7564,21.931713104248047,0,3.7416574954986572,0.9722446449949106,0.02775535500508941,7.745966911315918,0.9539693782876358,0.04603062171236416,16.248077392578125,0.7277481668448262,0.27225183315517376
survset:support2,DeepHit,7,48,4408,7.6157732009887695,1,3.7416574954986572,0.5439981480747782,0.4560018519252218,7.745966911315918,0.04567690560406075,0.9543230943959392,16.248077392578125,0.02674638060212533,0.9732536193978747
survset:support2,DeepHit,7,48,4926,3.7416574954986572,1,3.7416574954986572,0.5445684900038836,0.45543150999611637,7.745966911315918,0.035054208945592025,0.9649457910544079,16.248077392578125,0.01717035811096706,0.982829641889033
survset:support2,DeepHit,7,48,1769,27.874719619750977,1,3.7416574954986572,0.984900849517651,0.015099150482349,7.745966911315918,0.9686117662742607,0.03138823372573929,16.248077392578125,0.7237148346905534,0.2762851653094466
survset:support2,DeepHit,7,48,5411,23.194826126098633,0,3.7416574954986572,0.9812612062687828,0.01873879373121723,7.745966911315918,0.9684938097469628,0.03150619025303725,16.248077392578125,0.7269777246633518,0.27302227533664825
survset:support2,DeepHit,7,48,3357,2.0,1,3.7416574954986572,0.37185946161040073,0.6281405383895993,7.745966911315918,0.06463963913149019,0.9353603608685098,16.248077392578125,0.053733315386812794,0.9462666846131872
survset:support2,DeepHit,7,48,2829,27.58622932434082,0,3.7416574954986572,0.9907436411843294,0.009256358815670551,7.745966911315918,0.9839009130224999,0.016099086977500066,16.248077392578125,0.7609108147940224,0.23908918520597755
survset:support2,DeepHit,7,48,1453,22.090721130371094,0,3.7416574954986572,0.9887454806681694,0.011254519331830637,7.745966911315918,0.9772569086540183,0.022743091345981736,16.248077392578125,0.7102149306055616,0.2897850693944384
survset:support2,DeepHit,7,48,7883,43.30126953125,0,3.7416574954986572,0.9949414882545694,0.005058511745430594,7.745966911315918,0.9906084473573883,0.009391552642611711,16.248077392578125,0.7126589559144115,0.28734104408558847
survset:support2,DeepHit,7,48,6198,15.36229133605957,1,3.7416574954986572,0.9788125501317464,0.021187449868253605,7.745966911315918,0.9223218451605855,0.07767815483941454,16.248077392578125,0.5408752868536447,0.4591247131463553
survset:support2,DeepHit,7,48,7201,27.312999725341797,0,3.7416574954986572,0.9865008520619146,0.013499147938085376,7.745966911315918,0.974588764607001,0.025411235392999054,16.248077392578125,0.7402170611833812,0.25978293881661885
survset:support2,DeepHit,7,48,6409,39.560081481933594,0,3.7416574954986572,0.9812366767781693,0.01876332322183072,7.745966911315918,0.9677042284843965,0.03229577151560348,16.248077392578125,0.7581234389275787,0.24187656107242128
survset:support2,DeepHit,7,48,2237,3.1622776985168457,1,3.7416574954986572,0.48638098746505926,0.5136190125349407,7.745966911315918,0.02738342081665684,0.9726165791833432,16.248077392578125,0.01855925559919823,0.9814407444008018
survset:support2,DeepHit,7,48,3744,41.400482177734375,0,3.7416574954986572,0.9720414455540625,0.027958554445937533,7.745966911315918,0.9384728199151234,0.061527180084876565,16.248077392578125,0.6878007756972764,0.3121992243027236
survset:support2,DeepHit,7,48,4571,30.659420013427734,0,3.7416574954986572,0.9873441284160475,0.012655871583952538,7.745966911315918,0.975996573333477,0.024003426666522998,16.248077392578125,0.7400621036179731,0.2599378963820269
survset:support2,DeepHit,7,48,4125,37.549964904785156,0,3.7416574954986572,0.9947605537788985,0.005239446221101507,7.745966911315918,0.9919083507163916,0.008091649283608393,16.248077392578125,0.810391705803979,0.189608294196021
survset:support2,DeepHit,7,48,7143,27.964262008666992,0,3.7416574954986572,0.9921287085131236,0.007871291486876375,7.745966911315918,0.9857268685382488,0.014273131461751243,16.248077392578125,0.7518836199345965,0.24811638006540349
survset:support2,DeepHit,7,48,1558,4.898979663848877,1,3.7416574954986572,0.4519430724614106,0.5480569275385894,7.745966911315918,0.03768701941028884,0.9623129805897112,16.248077392578125,0.030086951376005824,0.9699130486239942
survset:support2,DeepHit,7,48,2283,37.76241683959961,0,3.7416574954986572,0.9955353136350973,0.004464686364902715,7.745966911315918,0.9904922116251069,0.009507788374893078,16.248077392578125,0.7587752584566935,0.24122474154330653
survset:support2,DeepHit,7,48,4209,5.099019527435303,1,3.7416574954986572,0.5095114472147866,0.4904885527852134,7.745966911315918,0.019245081742943197,0.9807549182570569,16.248077392578125,0.013729706111595604,0.9862702938884044
survset:support2,DeepHit,7,48,8932,23.51595115661621,0,3.7416574954986572,0.9775802867539108,0.022419713246089157,7.745966911315918,0.9405242894364976,0.059475710563502426,16.248077392578125,0.6333726002591413,0.3666273997408587
survset:support2,DeepHit,7,48,6351,40.211936950683594,0,3.7416574954986572,0.9962883494061004,0.0037116505938995514,7.745966911315918,0.9874994285534646,0.01250057144653538,16.248077392578125,0.6425503657694347,0.3574496342305653
survset:support2,DeepHit,7,48,7614,21.095022201538086,0,3.7416574954986572,0.9973974833748569,0.002602516625143103,7.745966911315918,0.9962514843253482,0.003748515674651842,16.248077392578125,0.8324622150108081,0.16753778498919192
survset:support2,DeepHit,7,48,1407,3.464101552963257,1,3.7416574954986572,0.5917548070045457,0.40824519299545425,7.745966911315918,0.03824091708642459,0.9617590829135754,16.248077392578125,0.027432930367537984,0.972567069632462
survset:support2,DeepHit,7,48,2643,3.316624879837036,1,3.7416574954986572,0.49035148631860126,0.5096485136813987,7.745966911315918,0.035995286516809354,0.9640047134831906,16.248077392578125,0.019594533397021583,0.9804054666029784
survset:support2,DeepHit,7,48,8452,7.745966911315918,1,3.7416574954986572,0.9890876747035702,0.010912325296429826,7.745966911315918,0.9741253176367517,0.025874682363248303,16.248077392578125,0.7337818298925335,0.2662181701074665
survset:support2,DeepHit,7,48,3188,19.92485809326172,0,3.7416574954986572,0.9900067925916486,0.009993207408351412,7.745966911315918,0.9779069334604689,0.022093066539531137,16.248077392578125,0.7333770556628683,0.26662294433713174
survset:support2,DeepHit,7,48,2159,1.7320507764816284,1,3.7416574954986572,0.4308492982547961,0.5691507017452039,7.745966911315918,0.05168187357872317,0.9483181264212768,16.248077392578125,0.03647702426072976,0.9635229757392703
survset:support2,DeepHit,7,48,3425,43.703548431396484,1,3.7416574954986572,0.9921727813326814,0.007827218667318614,7.745966911315918,0.9847982611271486,0.015201738872851367,16.248077392578125,0.7409201864280008,0.25907981357199916
survset:support2,DeepHit,7,48,8467,7.4833149909973145,1,3.7416574954986572,0.530481664405332,0.46951833559466805,7.745966911315918,0.01470448489505391,0.9852955151049461,16.248077392578125,0.009431465489619659,0.9905685345103803
survset:support2,DeepHit,7,48,7278,26.153392791748047,0,3.7416574954986572,0.9948900123701554,0.005109987629844603,7.745966911315918,0.9910374806255444,0.00896251937445558,16.248077392578125,0.7294166448945777,0.2705833551054223
survset:support2,DeepHit,7,48,6365,4.795831680297852,1,3.7416574954986572,0.5435005128050501,0.4564994871949499,7.745966911315918,0.018332612910726506,0.9816673870892735,16.248077392578125,0.012608990806630471,0.9873910091933695
survset:support2,DeepHit,7,48,5049,8.0,1,3.7416574954986572,0.9720771092804947,0.027922890719505267,7.745966911315918,0.9337907569027689,0.06620924309723109,16.248077392578125,0.6977813452593439,0.3022186547406561
survset:support2,DeepHit,7,48,5113,5.916079998016357,1,3.7416574954986572,0.45574665574821865,0.5442533442517814,7.745966911315918,0.041151981914162694,0.9588480180858373,16.248077392578125,0.025446651406692725,0.9745533485933072
survset:support2,DeepHit,7,48,7227,2.4494898319244385,1,3.7416574954986572,0.4682824853665258,0.5317175146334743,7.745966911315918,0.019714289880143405,0.9802857101198565,16.248077392578125,0.01200623427808351,0.9879937657219164
survset:support2,DeepHit,7,48,7409,2.0,1,3.7416574954986572,0.4516194377256924,0.5483805622743076,7.745966911315918,0.09122236034727928,0.9087776396527207,16.248077392578125,0.06824689666667484,0.9317531033333252
survset:support2,DeepHit,7,48,4677,2.2360680103302,1,3.7416574954986572,0.45024082170903534,0.5497591782909647,7.745966911315918,0.018249802298349736,0.9817501977016503,16.248077392578125,0.011048458073995166,0.9889515419260049
survset:support2,DeepHit,7,48,2924,25.884357452392578,0,3.7416574954986572,0.993206461956429,0.006793538043570968,7.745966911315918,0.9869220710319694,0.013077928968030617,16.248077392578125,0.72074132098664,0.27925867901336
survset:support2,DeepHit,7,48,6274,4.123105525970459,1,3.7416574954986572,0.629264743065028,0.370735256934972,7.745966911315918,0.023853075923456802,0.9761469240765432,16.248077392578125,0.015745862007070444,0.9842541379929296
survset:support2,DeepHit,7,48,6993,30.01666259765625,0,3.7416574954986572,0.9913813742972958,0.008618625702704219,7.745966911315918,0.9820244750793707,0.01797552492062926,16.248077392578125,0.732217490150152,0.26778250984984797
survset:support2,DeepHit,7,48,2183,4.795831680297852,1,3.7416574954986572,0.5302474308964035,0.46975256910359653,7.745966911315918,0.013270041377600059,0.9867299586224,16.248077392578125,0.00837319076664583,0.9916268092333542
survset:support2,DeepHit,7,48,3048,2.6457512378692627,1,3.7416574954986572,0.5551053295486037,0.4448946704513963,7.745966911315918,0.03447451884051348,0.9655254811594866,16.248077392578125,0.027132534180062045,0.972867465819938
survset:support2,DeepHit,7,48,1531,20.19900894165039,0,3.7416574954986572,0.9808512315115031,0.019148768488496892,7.745966911315918,0.9649988783454843,0.03500112165451574,16.248077392578125,0.7349642416752281,0.2650357583247719
survset:support2,DeepHit,7,48,2759,10.954451560974121,1,3.7416574954986572,0.9883513976499058,0.01164860235009424,7.745966911315918,0.9748249218214349,0.025175078178565125,16.248077392578125,0.7208195735890762,0.2791804264109238
survset:support2,DeepHit,7,48,2694,9.746794700622559,1,3.7416574954986572,0.9821873551434943,0.01781264485650569,7.745966911315918,0.9646021188959982,0.03539788110400177,16.248077392578125,0.7043028489465845,0.29569715105341554
survset:support2,DeepHit,7,48,1868,42.57933807373047,0,3.7416574954986572,0.9906000979839784,0.009399902016021588,7.745966911315918,0.983558968131036,0.01644103186896395,16.248077392578125,0.7258593673522317,0.27414063264776833
survset:support2,DeepHit,7,48,7646,5.656854152679443,1,3.7416574954986572,0.4978127417505296,0.5021872582494704,7.745966911315918,0.019534673315721698,0.9804653266842783,16.248077392578125,0.011212039351807828,0.9887879606481922
survset:support2,DeepHit,7,48,7088,28.77499008178711,0,3.7416574954986572,0.9931366182701064,0.006863381729893647,7.745966911315918,0.9890898781961404,0.01091012180385964,16.248077392578125,0.744536642579937,0.255463357420063
survset:support2,DeepHit,7,48,6482,38.70400619506836,0,3.7416574954986572,0.9850580942621161,0.014941905737883898,7.745966911315918,0.9724650984959233,0.02753490150407667,16.248077392578125,0.7713646163025271,0.22863538369747294
survset:support2,DeepHit,7,48,4939,4.898979663848877,1,3.7416574954986572,0.4587095064349641,0.5412904935650359,7.745966911315918,0.018529908671428563,0.9814700913285714,16.248077392578125,0.011970405192196745,0.9880295948078033
survset:support2,DeepHit,7,48,3018,23.76972770690918,1,3.7416574954986572,0.9759080767588622,0.024091923241137847,7.745966911315918,0.9550549415389712,0.04494505846102881,16.248077392578125,0.7295684044282849,0.27043159557171514
survset:support2,DeepHit,7,48,5608,6.164413928985596,1,3.7416574954986572,0.511397399658837,0.488602600341163,7.745966911315918,0.029386695694154884,0.9706133043058451,16.248077392578125,0.02133932306230311,0.9786606769376969
survset:support2,DeepHit,7,48,2620,3.872983455657959,1,3.7416574954986572,0.5183393877395704,0.48166061226042955,7.745966911315918,0.01772639948030277,0.9822736005196973,16.248077392578125,0.007949166196326319,0.9920508338036736
survset:support2,DeepHit,7,48,8229,20.29778289794922,1,3.7416574954986572,0.9938611035948508,0.006138896405149197,7.745966911315918,0.9912267781267258,0.008773221873274228,16.248077392578125,0.7607600369943518,0.2392399630056482
survset:support2,DeepHit,7,48,1354,24.351591110229492,0,3.7416574954986572,0.9877791254128161,0.012220874587183905,7.745966911315918,0.973907779625099,0.026092220374901,16.248077392578125,0.7395952989620649,0.2604047010379351
survset:support2,DeepHit,7,48,6272,41.09744644165039,0,3.7416574954986572,0.9937358777334487,0.006264122266551264,7.745966911315918,0.9906567226150558,0.009343277384944226,16.248077392578125,0.8285103875373284,0.17148961246267158
survset:support2,DeepHit,7,48,6199,30.16620635986328,1,3.7416574954986572,0.9925140996389298,0.007485900361070219,7.745966911315918,0.980608788453371,0.01939121154662904,16.248077392578125,0.6959944288783799,0.3040055711216201
survset:support2,DeepHit,7,48,8112,8.246211051940918,1,3.7416574954986572,0.9841997260756054,0.015800273924394648,7.745966911315918,0.9688498504577897,0.031150149542210293,16.248077392578125,0.6851601064543142,0.31483989354568576
survset:support2,DeepHit,7,48,720,12.083045959472656,1,3.7416574954986572,0.9901686488836066,0.009831351116393439,7.745966911315918,0.9836138171514524,0.016386182848547648,16.248077392578125,0.7565019956915942,0.24349800430840585
survset:support2,DeepHit,7,48,4624,30.199337005615234,0,3.7416574954986572,0.9879227119907577,0.012077288009242348,7.745966911315918,0.9659016778851138,0.03409832211488617,16.248077392578125,0.6838450969775901,0.3161549030224099
survset:support2,DeepHit,7,48,3421,43.943145751953125,0,3.7416574954986572,0.993049112240762,0.0069508877592380225,7.745966911315918,0.965898899159064,0.03410110084093598,16.248077392578125,0.6368728507458523,0.3631271492541477
survset:support2,DeepHit,7,48,7669,8.83176040649414,1,3.7416574954986572,0.9716399820496215,0.028360017950378458,7.745966911315918,0.9409706859087759,0.05902931409122414,16.248077392578125,0.7058054205214991,0.2941945794785009
survset:support2,DeepHit,7,48,6004,27.73084831237793,1,3.7416574954986572,0.9805708484611917,0.01942915153880831,7.745966911315918,0.9640169727540803,0.03598302724591973,16.248077392578125,0.709585600313552,0.290414399686448
survset:support2,DeepHit,7,48,8347,3.0,1,3.7416574954986572,0.4437264130639606,0.5562735869360393,7.745966911315918,0.02749778056652646,0.9725022194334736,16.248077392578125,0.021691246399980157,0.9783087536000199
survset:support2,DeepHit,7,48,5699,20.248456954956055,0,3.7416574954986572,0.9902484835123853,0.009751516487614742,7.745966911315918,0.9743527123413513,0.025647287658648654,16.248077392578125,0.68322022882499,0.31677977117501
survset:support2,DeepHit,7,48,3766,41.19466018676758,0,3.7416574954986572,0.9923845827502955,0.0076154172497044925,7.745966911315918,0.9825790729213971,0.017420927078602877,16.248077392578125,0.7560746136386557,0.2439253863613443
survset:support2,DeepHit,7,48,6121,30.692018508911133,1,3.7416574954986572,0.9683278683586799,0.0316721316413201,7.745966911315918,0.9381239155058333,0.061876084494166705,16.248077392578125,0.6449264311498252,0.3550735688501748
survset:support2,DeepHit,7,48,199,15.748015403747559,1,3.7416574954986572,0.9934476937427107,0.006552306257289309,7.745966911315918,0.9817020522156394,0.018297947784360558,16.248077392578125,0.7090362854978428,0.2909637145021572
survset:support2,DeepHit,7,48,3605,4.582575798034668,1,3.7416574954986572,0.5057238569081979,0.4942761430918021,7.745966911315918,0.024996542088541115,0.9750034579114589,16.248077392578125,0.01986489023089895,0.980135109769101
survset:support2,DeepHit,7,48,1081,7.0,1,3.7416574954986572,0.5135053461372676,0.4864946538627324,7.745966911315918,0.013679036458981135,0.9863209635410188,16.248077392578125,0.007799984594820693,0.9922000154051793
survset:support2,DeepHit,7,48,752,4.898979663848877,1,3.7416574954986572,0.42674099685779193,0.573259003142208,7.745966911315918,0.06207158981168125,0.9379284101883187,16.248077392578125,0.04689219185697366,0.9531078081430263
survset:support2,DeepHit,7,48,5507,22.135944366455078,0,3.7416574954986572,0.9232659184338915,0.0767340815661085,7.745966911315918,0.8581231220446061,0.14187687795539394,16.248077392578125,0.6010161648582467,0.3989838351417533
survset:support2,DeepHit,7,48,1836,42.93017578125,0,3.7416574954986572,0.9919607670927985,0.008039232907201543,7.745966911315918,0.9846453007998489,0.01535469920015109,16.248077392578125,0.7524262835954197,0.24757371640458026
survset:support2,DeepHit,7,48,1225,4.4721360206604,1,3.7416574954986572,0.44964090253911715,0.5503590974608829,7.745966911315918,0.06807901465420195,0.931920985345798,16.248077392578125,0.05275624193260077,0.9472437580673992
survset:support2,DeepHit,7,48,7784,14.628738403320312,1,3.7416574954986572,0.9854884739332925,0.01451152606670747,7.745966911315918,0.977986727026667,0.022013272973332998,16.248077392578125,0.7466437225921987,0.2533562774078013
survset:support2,DeepHit,7,48,5376,2.2360680103302,1,3.7416574954986572,0.4903881652251709,0.5096118347748291,7.745966911315918,0.022302749124002617,0.9776972508759973,16.248077392578125,0.017786801250955272,0.9822131987490448
survset:support2,DeepHit,7,48,8250,38.85871887207031,0,3.7416574954986572,0.9927471561461433,0.007252843853856716,7.745966911315918,0.9867918220524348,0.013208177947565236,16.248077392578125,0.7512338373091981,0.24876616269080187
survset:support2,DeepHit,7,48,6780,3.316624879837036,1,3.7416574954986572,0.5394482339134213,0.46055176608657866,7.745966911315918,0.052348692202091054,0.947651307797909,16.248077392578125,0.036587449161809386,0.9634125508381907
survset:support2,DeepHit,7,48,8585,15.716233253479004,1,3.7416574954986572,0.9908238952621591,0.009176104737840918,7.745966911315918,0.9792036524951436,0.020796347504856372,16.248077392578125,0.7000269223537919,0.29997307764620806
survset:support2,DeepHit,7,48,1312,25.27845001220703,0,3.7416574954986572,0.9906745584999291,0.009325441500070863,7.745966911315918,0.987667380197307,0.012332619802692957,16.248077392578125,0.8076987079404115,0.19230129205958846
survset:support2,DeepHit,7,48,5139,25.534290313720703,0,3.7416574954986572,0.9939521106671585,0.006047889332841505,7.745966911315918,0.9891432984668089,0.010856701533191071,16.248077392578125,0.7960798146306872,0.20392018536931278
survset:support2,DeepHit,7,48,8352,37.2827033996582,0,3.7416574954986572,0.9926412213192974,0.00735877868070256,7.745966911315918,0.9849109015482892,0.015089098451710803,16.248077392578125,0.7001304961869168,0.2998695038130832
survset:support2,DeepHit,7,48,7191,27.386127471923828,0,3.7416574954986572,0.9898344827163237,0.010165517283676317,7.745966911315918,0.9822587166289658,0.0177412833710342,16.248077392578125,0.6451378070782537,0.35486219292174626
survset:support2,DeepHit,7,48,5441,22.912878036499023,0,3.7416574954986572,0.9953078438078553,0.004692156192144692,7.745966911315918,0.9925277121414208,0.00747228785857923,16.248077392578125,0.81447047046896,0.18552952953103996
survset:support2,DeepHit,7,48,5506,22.135944366455078,0,3.7416574954986572,0.9874098151552275,0.012590184844772478,7.745966911315918,0.9709938664293678,0.029006133570632198,16.248077392578125,0.6854941254864184,0.3145058745135816
survset:support2,DeepHit,7,48,8519,5.5677642822265625,1,3.7416574954986572,0.6263827149918518,0.37361728500814817,7.745966911315918,0.051466732190820465,0.9485332678091796,16.248077392578125,0.037079198886041685,0.9629208011139583
survset:support2,DeepHit,7,48,1723,44.02272033691406,0,3.7416574954986572,0.99267929838633,0.007320701613670044,7.745966911315918,0.9878538740778817,0.012146125922118278,16.248077392578125,0.7575722420656756,0.24242775793432436
survset:support2,DeepHit,7,48,2763,28.56571388244629,0,3.7416574954986572,0.9936789488634034,0.006321051136596645,7.745966911315918,0.9875335000658442,0.012466499934155828,16.248077392578125,0.7392602452283438,0.26073975477165623
survset:support2,DeepHit,7,48,5607,5.5677642822265625,1,3.7416574954986572,0.5252776355076362,0.4747223644923638,7.745966911315918,0.01814236960083346,0.9818576303991665,16.248077392578125,0.011290885695301634,0.9887091143046983
survset:support2,DeepHit,7,48,5974,43.760711669921875,0,3.7416574954986572,0.9866954055085453,0.013304594491454713,7.745966911315918,0.9786704833073367,0.021329516692663253,16.248077392578125,0.7769338159320884,0.22306618406791157
survset:support2,DeepHit,7,48,2344,2.6457512378692627,1,3.7416574954986572,0.5231519914471162,0.4768480085528838,7.745966911315918,0.0316450870684581,0.9683549129315419,16.248077392578125,0.01958856220923781,0.9804114377907622
survset:support2,DeepHit,7,48,4374,2.2360680103302,1,3.7416574954986572,0.45317860597862986,0.5468213940213702,7.745966911315918,0.026356471963748532,0.9736435280362514,16.248077392578125,0.02074609646078126,0.9792539035392187
survset:support2,DeepHit,7,48,2740,12.12435531616211,1,3.7416574954986572,0.9867324263384515,0.013267573661548515,7.745966911315918,0.9761713764355243,0.02382862356447568,16.248077392578125,0.713069210069274,0.28693078993072596
survset:support2,DeepHit,7,48,4017,22.737634658813477,1,3.7416574954986572,0.985676104581122,0.014323895418878019,7.745966911315918,0.9729655456957705,0.02703445430422946,16.248077392578125,0.7056177837620934,0.2943822162379066
survset:support2,DeepHit,7,48,1388,2.0,1,3.7416574954986572,0.43778115788204625,0.5622188421179537,7.745966911315918,0.11360821949278439,0.8863917805072156,16.248077392578125,0.0924409182206133,0.9075590817793867
survset:support2,DeepHit,7,48,3913,3.7416574954986572,1,3.7416574954986572,0.48433228390517835,0.5156677160948216,7.745966911315918,0.02536899230404226,0.9746310076959578,16.248077392578125,0.014748430310588891,0.9852515696894111
survset:support2,DeepHit,7,48,5964,14.73091983795166,1,3.7416574954986572,0.9845973740255581,0.015402625974441864,7.745966911315918,0.9727991035477944,0.02720089645220558,16.248077392578125,0.7396015773233992,0.26039842267660085
survset:support2,DeepHit,7,48,711,37.56327819824219,0,3.7416574954986572,0.9930538903000002,0.0069461096999997585,7.745966911315918,0.9872691470742359,0.012730852925764147,16.248077392578125,0.73569267552762,0.26430732447238003
survset:support2,DeepHit,7,48,8498,32.140316009521484,0,3.7416574954986572,0.9901325431855774,0.009867456814422582,7.745966911315918,0.9825453168343685,0.01745468316563148,16.248077392578125,0.7636635725752077,0.23633642742479233
survset:support2,DeepHit,7,48,1048,7.874007701873779,1,3.7416574954986572,0.9765910977068677,0.023408902293132305,7.745966911315918,0.928467968661196,0.07153203133880404,16.248077392578125,0.5594493833284989,0.4405506166715011
survset:support2,DeepHit,7,48,7270,4.242640495300293,1,3.7416574954986572,0.5256186479439798,0.47438135205602017,7.745966911315918,0.06712721219584872,0.9328727878041513,16.248077392578125,0.04826264844472517,0.9517373515552748
survset:support2,DeepHit,7,48,3417,26.476404190063477,1,3.7416574954986572,0.9927061473320925,0.007293852667907497,7.745966911315918,0.9868331226065407,0.013166877393459342,16.248077392578125,0.7153772616963777,0.2846227383036223
survset:support2,DeepHit,7,48,5753,6.082762718200684,1,3.7416574954986572,0.5209900059876021,0.47900999401239786,7.745966911315918,0.0434047244857885,0.9565952755142115,16.248077392578125,0.03104872911237001,0.96895127088763
survset:support2,DeepHit,7,48,1342,5.196152210235596,1,3.7416574954986572,0.5473692194979736,0.45263078050202643,7.745966911315918,0.04172872006292475,0.9582712799370753,16.248077392578125,0.027191626714308557,0.9728083732856915
survset:support2,DeepHit,7,48,9006,21.587032318115234,0,3.7416574954986572,0.9910322911213949,0.008967708878605096,7.745966911315918,0.9875726160216481,0.012427383978351858,16.248077392578125,0.7876093452645833,0.21239065473541674
survset:support2,DeepHit,7,48,4379,20.760540008544922,1,3.7416574954986572,0.971492421651125,0.028507578348874962,7.745966911315918,0.9376798922950226,0.06232010770497742,16.248077392578125,0.6290419933348066,0.3709580066651934
survset:support2,DeepHit,7,48,8011,41.80908966064453,0,3.7416574954986572,0.9852733224789029,0.014726677521097131,7.745966911315918,0.9733711408321484,0.026628859167851626,16.248077392578125,0.7668426113644897,0.23315738863551028
survset:support2,DeepHit,7,48,8010,26.62705421447754,1,3.7416574954986572,0.987299481255165,0.012700518744835021,7.745966911315918,0.9703463938007888,0.029653606199211202,16.248077392578125,0.6211471301558285,0.37885286984417155
survset:support2,DeepHit,7,48,4340,3.1622776985168457,1,3.7416574954986572,0.552694758885538,0.447305241114462,7.745966911315918,0.025082846710575035,0.974917153289425,16.248077392578125,0.015480843361221715,0.9845191566387783
survset:support2,DeepHit,7,48,6354,4.582575798034668,1,3.7416574954986572,0.5594188552044749,0.4405811447955251,7.745966911315918,0.03035240163154716,0.9696475983684528,16.248077392578125,0.019425473019704858,0.9805745269802951
survset:support2,DeepHit,7,48,1565,11.916375160217285,1,3.7416574954986572,0.9953447258745732,0.004655274125426767,7.745966911315918,0.993207854335111,0.006792145664888949,16.248077392578125,0.7113734295171913,0.2886265704828087
survset:support2,DeepHit,7,48,3176,20.32240104675293,0,3.7416574954986572,0.9937220366883207,0.006277963311679291,7.745966911315918,0.9861701819901998,0.01382981800980021,16.248077392578125,0.7200416808474988,0.27995831915250124
survset:support2,DeepHit,7,48,8754,27.34958839416504,0,3.7416574954986572,0.9941807105344593,0.005819289465540667,7.745966911315918,0.9887653311697718,0.011234668830228167,16.248077392578125,0.6955323332846982,0.3044676667153018
survset:support2,DeepHit,7,48,2118,27.82085609436035,1,3.7416574954986572,0.9912573285388744,0.008742671461125617,7.745966911315918,0.9828013250816305,0.01719867491836946,16.248077392578125,0.709815343927763,0.290184656072237
survset:support2,DeepHit,7,48,2193,5.5677642822265625,1,3.7416574954986572,0.5055803776067754,0.49441962239322457,7.745966911315918,0.03747560984459398,0.962524390155406,16.248077392578125,0.02465613452640009,0.9753438654735999
survset:support2,DeepHit,7,48,2574,2.6457512378692627,1,3.7416574954986572,0.5284714807801112,0.4715285192198888,7.745966911315918,0.06845020362053507,0.9315497963794649,16.248077392578125,0.03601324712891807,0.9639867528710819
survset:support2,DeepHit,7,48,7129,5.74456262588501,1,3.7416574954986572,0.5100274696198072,0.48997253038019284,7.745966911315918,0.018619916731404045,0.9813800832685959,16.248077392578125,0.01226333360039512,0.9877366663996049
survset:support2,DeepHit,7,48,798,29.816102981567383,1,3.7416574954986572,0.9756583365036828,0.024341663496317167,7.745966911315918,0.9503407897979694,0.04965921020203057,16.248077392578125,0.7138270201640997,0.2861729798359003
survset:support2,DeepHit,7,48,3575,5.291502475738525,1,3.7416574954986572,0.5513348806192496,0.4486651193807504,7.745966911315918,0.16857369270118003,0.8314263072988199,16.248077392578125,0.1239042687436924,0.8760957312563076
survset:support2,DeepHit,7,48,1943,14.662878036499023,1,3.7416574954986572,0.9792016698374533,0.02079833016254673,7.745966911315918,0.9642475548869992,0.0357524451130008,16.248077392578125,0.6661171147805137,0.3338828852194863
survset:support2,DeepHit,7,48,2780,5.4772257804870605,1,3.7416574954986572,0.567600789529962,0.43239921047003804,7.745966911315918,0.07126990098187376,0.9287300990181262,16.248077392578125,0.04748843478008127,0.9525115652199188
survset:support2,DeepHit,7,48,945,29.78254508972168,1,3.7416574954986572,0.9847489096335148,0.015251090366485198,7.745966911315918,0.9648365102556733,0.035163489744326704,16.248077392578125,0.7040239581945165,0.29597604180548354
survset:support2,DeepHit,7,48,334,2.2360680103302,1,3.7416574954986572,0.40714277744974947,0.5928572225502505,7.745966911315918,0.09255271151530475,0.9074472884846952,16.248077392578125,0.06257202342034446,0.9374279765796556
survset:support2,DeepHit,7,48,1360,24.20743751525879,0,3.7416574954986572,0.982563177271031,0.01743682272896896,7.745966911315918,0.9311759976751057,0.06882400232489427,16.248077392578125,0.6056972962512667,0.39430270374873333
survset:support2,DeepHit,7,48,8479,2.2360680103302,1,3.7416574954986572,0.4048660668360741,0.5951339331639258,7.745966911315918,0.023562009309697658,0.9764379906903023,16.248077392578125,0.018460511698940148,0.9815394883010599
survset:support2,DeepHit,7,48,8819,22.956480026245117,1,3.7416574954986572,0.9885567161676728,0.011443283832327178,7.745966911315918,0.9772058306082658,0.022794169391734176,16.248077392578125,0.7137896750090784,0.2862103249909216
survset:support2,DeepHit,7,48,7825,22.0,1,3.7416574954986572,0.9858788450263019,0.014121154973698147,7.745966911315918,0.9707205271314983,0.029279472868501744,16.248077392578125,0.7298903731581458,0.27010962684185424
survset:support2,DeepHit,7,48,5355,23.8117618560791,0,3.7416574954986572,0.966994020339914,0.033005979660086004,7.745966911315918,0.9434115755181703,0.05658842448182966,16.248077392578125,0.6475631009799014,0.35243689902009856
survset:support2,DeepHit,7,48,154,43.8292121887207,0,3.7416574954986572,0.9841138822624113,0.015886117737588745,7.745966911315918,0.9715002374751076,0.02849976252489239,16.248077392578125,0.6988094946815686,0.3011905053184314
survset:support2,DeepHit,7,48,2101,4.690415859222412,1,3.7416574954986572,0.49991222735135676,0.5000877726486432,7.745966911315918,0.12104816324209983,0.8789518367579001,16.248077392578125,0.0981425264435196,0.9018574735564804
survset:support2,DeepHit,7,48,8442,2.0,1,3.7416574954986572,0.42553526507410666,0.5744647349258933,7.745966911315918,0.05338154481361866,0.9466184551863813,16.248077392578125,0.04267866906830009,0.9573213309316999
survset:support2,DeepHit,7,48,2100,31.064449310302734,1,3.7416574954986572,0.9817363853785783,0.018263614621421675,7.745966911315918,0.966858486926348,0.033141513073651985,16.248077392578125,0.7158406196694588,0.2841593803305412
survset:support2,DeepHit,7,48,2942,25.63201141357422,0,3.7416574954986572,0.9951750643305532,0.0048249356694467505,7.745966911315918,0.9920148665543264,0.007985133445673642,16.248077392578125,0.7641131479173557,0.23588685208264426
survset:support2,DeepHit,7,48,4185,3.872983455657959,1,3.7416574954986572,0.5279888182110503,0.47201118178894974,7.745966911315918,0.014756680133741143,0.9852433198662589,16.248077392578125,0.008470900136234584,0.9915290998637654
survset:support2,DeepHit,7,48,7281,26.057628631591797,0,3.7416574954986572,0.9737700992301863,0.026229900769813685,7.745966911315918,0.9435400014699235,0.05645999853007655,16.248077392578125,0.6926040203549589,0.30739597964504106
survset:support2,DeepHit,7,48,6862,31.62277603149414,0,3.7416574954986572,0.9896049099238968,0.010395090076103175,7.745966911315918,0.9818056076134343,0.018194392386565728,16.248077392578125,0.721769706028574,0.27823029397142596
survset:support2,DeepHit,7,48,8960,16.0623779296875,1,3.7416574954986572,0.9950402382944482,0.004959761705551791,7.745966911315918,0.9923302120847497,0.0076697879152503035,16.248077392578125,0.7865729927072176,0.2134270072927824
survset:support2,DeepHit,7,48,6609,2.8284270763397217,1,3.7416574954986572,0.49550762853625974,0.5044923714637403,7.745966911315918,0.019594969484708014,0.980405030515292,16.248077392578125,0.01280003195773588,0.9871999680422641
survset:support2,DeepHit,7,48,5617,19.72308349609375,1,3.7416574954986572,0.9927694115573497,0.007230588442650343,7.745966911315918,0.982276981147628,0.01772301885237204,16.248077392578125,0.667262837964864,0.33273716203513604
survset:support2,DeepHit,7,48,669,38.01315689086914,0,3.7416574954986572,0.9818775975410476,0.018122402458952358,7.745966911315918,0.9608264455464912,0.039173554453508785,16.248077392578125,0.723674034988443,0.27632596501155704
survset:support2,DeepHit,7,48,8456,30.82206916809082,1,3.7416574954986572,0.996030067893188,0.0039699321068119575,7.745966911315918,0.9922813035295203,0.007718696470479736,16.248077392578125,0.7192193470679641,0.2807806529320359
survset:support2,DeepHit,7,48,1104,16.5227108001709,1,3.7416574954986572,0.9877153356141362,0.012284664385863842,7.745966911315918,0.9780581515213878,0.021941848478612247,16.248077392578125,0.7610206433087378,0.23897935669126225
survset:support2,DeepHit,7,48,5408,2.2360680103302,1,3.7416574954986572,0.46275145869001766,0.5372485413099823,7.745966911315918,0.011042208971426022,0.988957791028574,16.248077392578125,0.006226115599735086,0.9937738844002649
survset:support2,DeepHit,7,48,2091,4.898979663848877,1,3.7416574954986572,0.5187347273874942,0.48126527261250585,7.745966911315918,0.029132951491803945,0.970867048508196,16.248077392578125,0.017311628275988235,0.9826883717240118
survset:support2,DeepHit,7,48,6613,1.7320507764816284,1,3.7416574954986572,0.19214767300189536,0.8078523269981046,7.745966911315918,0.01106542676344939,0.9889345732365507,16.248077392578125,0.01015614282608739,0.9898438571739127
survset:support2,DeepHit,7,48,2939,25.65151023864746,0,3.7416574954986572,0.9946552805782027,0.0053447194217972616,7.745966911315918,0.9887958199101583,0.011204180089841698,16.248077392578125,0.7276716411565489,0.2723283588434511
survset:support2,DeepHit,7,48,6813,28.844409942626953,1,3.7416574954986572,0.990744959489221,0.009255040510778967,7.745966911315918,0.9797240690830771,0.020275930916922924,16.248077392578125,0.709986749229735,0.29001325077026496
survset:support2,DeepHit,7,48,1887,7.0,1,3.7416574954986572,0.5492285592320342,0.4507714407679658,7.745966911315918,0.04757396339429403,0.952426036605706,16.248077392578125,0.02188775260461706,0.9781122473953829
survset:support2,DeepHit,7,48,3636,4.690415859222412,1,3.7416574954986572,0.5472571021253619,0.45274289787463806,7.745966911315918,0.019719982107553987,0.980280017892446,16.248077392578125,0.012805645079434293,0.9871943549205657
survset:support2,DeepHit,7,48,1792,43.39354705810547,0,3.7416574954986572,0.9953659478559235,0.004634052144076528,7.745966911315918,0.9914748249054839,0.008525175094516113,16.248077392578125,0.7376419598910137,0.26235804010898633
survset:support2,DeepHit,7,48,3546,7.745966911315918,1,3.7416574954986572,0.9859194515429301,0.014080548457069852,7.745966911315918,0.9397733482837942,0.06022665171620578,16.248077392578125,0.6190375760886527,0.38096242391134727
survset:support2,DeepHit,7,48,3350,2.4494898319244385,1,3.7416574954986572,0.5233206028280214,0.4766793971719786,7.745966911315918,0.02312353493108181,0.9768764650689182,16.248077392578125,0.015414155890474323,0.9845858441095257
survset:support2,DeepHit,7,48,8510,20.56696319580078,1,3.7416574954986572,0.9876191902259006,0.012380809774099388,7.745966911315918,0.9702534300801312,0.029746569919868793,16.248077392578125,0.6677875366459338,0.3322124633540662
survset:support2,DeepHit,7,48,7631,2.4494898319244385,1,3.7416574954986572,0.386301483440397,0.613698516559603,7.745966911315918,0.030688282076497132,0.9693117179235029,16.248077392578125,0.026036056567740114,0.9739639434322599
survset:support2,DeepHit,7,48,7386,7.141428470611572,1,3.7416574954986572,0.581048579278479,0.41895142072152103,7.745966911315918,0.051438243325483635,0.9485617566745164,16.248077392578125,0.034834292876451005,0.965165707123549
survset:support2,DeepHit,7,48,2688,13.892443656921387,1,3.7416574954986572,0.9901861046845469,0.00981389531545307,7.745966911315918,0.9569767913277303,0.04302320867226972,16.248077392578125,0.6245673602905217,0.37543263970947827
survset:support2,DeepHit,7,48,2060,9.643651008605957,1,3.7416574954986572,0.9933720215095507,0.006627978490449271,7.745966911315918,0.9822474026626108,0.01775259733738921,16.248077392578125,0.6680246311300108,0.33197536886998924
survset:support2,DeepHit,7,48,2160,4.358899116516113,1,3.7416574954986572,0.5400931620112015,0.4599068379887985,7.745966911315918,0.0481740322287059,0.9518259677712941,16.248077392578125,0.028141009204358514,0.9718589907956415
