dataset,method,run_id,seed,sample_id,observed_time,event,horizon_t25,pred_survival_t25,pred_risk_t25,horizon_t50,pred_survival_t50,pred_risk_t50,horizon_t75,pred_survival_t75,pred_risk_t75
survset:support2,DeepHit,1,42,5313,2.6457512378692627,1,3.7416574954986572,0.5169566351664712,0.48304336483352883,7.6157732009887695,0.03614365765165956,0.9638563423483404,15.779733657836914,0.024962574607931096,0.975037425392069
survset:support2,DeepHit,1,42,3358,4.4721360206604,1,3.7416574954986572,0.40228105680852655,0.5977189431914735,7.6157732009887695,0.07013013082630062,0.9298698691736994,15.779733657836914,0.060128021279985525,0.9398719787200145
survset:support2,DeepHit,1,42,6900,31.272991180419922,0,3.7416574954986572,0.98713549710076,0.012864502899240016,7.6157732009887695,0.9828798648330979,0.01712013516690214,15.779733657836914,0.7258714805624581,0.2741285194375419
survset:support2,DeepHit,1,42,649,38.20994567871094,0,3.7416574954986572,0.9900567935328145,0.009943206467185495,7.6157732009887695,0.9868350670680155,0.013164932931984508,15.779733657836914,0.7756109728266373,0.22438902717336273
survset:support2,DeepHit,1,42,3911,39.64845657348633,0,3.7416574954986572,0.9883419673352252,0.011658032664774831,7.6157732009887695,0.9754868593736947,0.024513140626305274,15.779733657836914,0.7170644585800948,0.2829355414199052
survset:support2,DeepHit,1,42,3220,3.0,1,3.7416574954986572,0.5227741002504562,0.47722589974954377,7.6157732009887695,0.029345434517628978,0.9706545654823711,15.779733657836914,0.018151418219322892,0.9818485817806771
survset:support2,DeepHit,1,42,564,39.47150802612305,0,3.7416574954986572,0.9899848577027434,0.01001514229725664,7.6157732009887695,0.9829248783892992,0.017075121610700794,15.779733657836914,0.7035121543622097,0.2964878456377903
survset:support2,DeepHit,1,42,4127,37.53664779663086,0,3.7416574954986572,0.9909255168861948,0.00907448311380521,7.6157732009887695,0.9778018325279005,0.02219816747209946,15.779733657836914,0.745498283488435,0.25450171651156495
survset:support2,DeepHit,1,42,4684,29.664793014526367,0,3.7416574954986572,0.9924959001499576,0.007504099850042412,7.6157732009887695,0.9807487437647509,0.019251256235249148,15.779733657836914,0.7819144099608489,0.21808559003915107
survset:support2,DeepHit,1,42,5361,19.72308349609375,1,3.7416574954986572,0.9902946248387509,0.009705375161249141,7.6157732009887695,0.9806442535936413,0.01935574640635873,15.779733657836914,0.6748294571829354,0.3251705428170646
survset:support2,DeepHit,1,42,2663,2.8284270763397217,1,3.7416574954986572,0.5410463332818256,0.4589536667181744,7.6157732009887695,0.015450115850326001,0.984549884149674,15.779733657836914,0.010385164566594789,0.9896148354334052
survset:support2,DeepHit,1,42,3183,20.124610900878906,0,3.7416574954986572,0.9924686107755988,0.007531389224401219,7.6157732009887695,0.988542568059911,0.011457431940088969,15.779733657836914,0.7420958617675212,0.2579041382324788
survset:support2,DeepHit,1,42,8303,37.947330474853516,0,3.7416574954986572,0.9931401298701962,0.0068598701298038245,7.6157732009887695,0.9876388666864234,0.012361133313576578,15.779733657836914,0.7434328230675524,0.25656717693244757
survset:support2,DeepHit,1,42,8435,16.76305389404297,1,3.7416574954986572,0.9931950853404335,0.006804914659566452,7.6157732009887695,0.989648824497513,0.010351175502486987,15.779733657836914,0.7259480947695559,0.2740519052304441
survset:support2,DeepHit,1,42,1767,10.954451560974121,1,3.7416574954986572,0.9871135552520087,0.012886444747991277,7.6157732009887695,0.9686228176889883,0.03137718231101172,15.779733657836914,0.66557688883562,0.33442311116437995
survset:support2,DeepHit,1,42,3213,18.275667190551758,1,3.7416574954986572,0.9951151116598421,0.004884888340157878,7.6157732009887695,0.9913922381587275,0.008607761841272543,15.779733657836914,0.7233845131535935,0.27661548684640647
survset:support2,DeepHit,1,42,1220,3.464101552963257,1,3.7416574954986572,0.4912885148386198,0.5087114851613802,7.6157732009887695,0.07247469849196045,0.9275253015080396,15.779733657836914,0.03746842332087697,0.962531576679123
survset:support2,DeepHit,1,42,3678,2.0,1,3.7416574954986572,0.46840745752832325,0.5315925424716768,7.6157732009887695,0.05513319403298391,0.9448668059670161,15.779733657836914,0.029894013367745116,0.9701059866322549
survset:support2,DeepHit,1,42,6110,42.50882339477539,0,3.7416574954986572,0.9930118538780758,0.006988146121924221,7.6157732009887695,0.9912553077246887,0.008744692275311272,15.779733657836914,0.8008370376507765,0.19916296234922348
survset:support2,DeepHit,1,42,3399,44.04542922973633,0,3.7416574954986572,0.9896264087244157,0.010373591275584348,7.6157732009887695,0.9821914554794261,0.0178085445205739,15.779733657836914,0.694599663915348,0.305400336084652
survset:support2,DeepHit,1,42,5387,23.473388671875,0,3.7416574954986572,0.994561762718275,0.005438237281724989,7.6157732009887695,0.991103905736212,0.008896094263788012,15.779733657836914,0.7797652604779565,0.22023473952204353
survset:support2,DeepHit,1,42,8829,2.2360680103302,1,3.7416574954986572,0.4330536799092013,0.5669463200907987,7.6157732009887695,0.04018369390624416,0.9598163060937558,15.779733657836914,0.021465892348301856,0.9785341076516981
survset:support2,DeepHit,1,42,3458,11.313708305358887,1,3.7416574954986572,0.9918797692973422,0.008120230702657771,7.6157732009887695,0.9675279494643167,0.03247205053568325,15.779733657836914,0.5289273882914844,0.47107261170851555
survset:support2,DeepHit,1,42,4929,27.549955368041992,0,3.7416574954986572,0.9935617512293372,0.006438248770662791,7.6157732009887695,0.9898136201130898,0.01018637988691018,15.779733657836914,0.7950218000337785,0.20497819996622146
survset:support2,DeepHit,1,42,2324,29.866369247436523,1,3.7416574954986572,0.9922198993059541,0.007780100694045888,7.6157732009887695,0.9813837638591739,0.01861623614082608,15.779733657836914,0.6439058148737261,0.3560941851262739
survset:support2,DeepHit,1,42,6992,30.01666259765625,0,3.7416574954986572,0.9889152253854006,0.011084774614599446,7.6157732009887695,0.9806601139969983,0.01933988600300174,15.779733657836914,0.7329640893328406,0.26703591066715937
survset:support2,DeepHit,1,42,4085,3.464101552963257,1,3.7416574954986572,0.5117269724671224,0.4882730275328776,7.6157732009887695,0.04483673733331046,0.9551632626666895,15.779733657836914,0.031361884499267544,0.9686381155007324
survset:support2,DeepHit,1,42,1861,42.66145706176758,0,3.7416574954986572,0.9917881569746513,0.00821184302534872,7.6157732009887695,0.9882428794556346,0.011757120544365396,15.779733657836914,0.747656160116019,0.252343839883981
survset:support2,DeepHit,1,42,4984,13.152946472167969,1,3.7416574954986572,0.9785807229801587,0.021419277019841254,7.6157732009887695,0.9655020343152626,0.0344979656847374,15.779733657836914,0.6872855987138949,0.31271440128610506
survset:support2,DeepHit,1,42,2768,28.513154983520508,0,3.7416574954986572,0.982443303217277,0.01755669678272298,7.6157732009887695,0.9735866851417433,0.02641331485825671,15.779733657836914,0.7500562020786253,0.24994379792137467
survset:support2,DeepHit,1,42,4785,12.727922439575195,1,3.7416574954986572,0.9960622256476135,0.003937774352386514,7.6157732009887695,0.9921858230764223,0.007814176923577665,15.779733657836914,0.811735953422068,0.18826404657793205
survset:support2,DeepHit,1,42,3232,2.2360680103302,1,3.7416574954986572,0.4949711909786182,0.5050288090213818,7.6157732009887695,0.07274821700246834,0.9272517829975316,15.779733657836914,0.047694294706191256,0.9523057052938088
survset:support2,DeepHit,1,42,753,21.748563766479492,1,3.7416574954986572,0.994140431201988,0.0058595687980119715,7.6157732009887695,0.9855050868323486,0.014494913167651391,15.779733657836914,0.7348522999057862,0.26514770009421385
survset:support2,DeepHit,1,42,7628,10.392304420471191,1,3.7416574954986572,0.9821634627399642,0.017836537260035756,7.6157732009887695,0.9614399981974849,0.038560001802515065,15.779733657836914,0.5970093715672318,0.4029906284327682
survset:support2,DeepHit,1,42,4274,4.358899116516113,1,3.7416574954986572,0.37626724060630307,0.623732759393697,7.6157732009887695,0.03878344535426592,0.9612165546457341,15.779733657836914,0.027292363828709938,0.9727076361712901
survset:support2,DeepHit,1,42,7818,3.0,1,3.7416574954986572,0.5119677757688057,0.4880322242311943,7.6157732009887695,0.032979020132679296,0.9670209798673207,15.779733657836914,0.019512686123446917,0.9804873138765531
survset:support2,DeepHit,1,42,8429,25.436195373535156,1,3.7416574954986572,0.9929308217640518,0.007069178235948215,7.6157732009887695,0.9888880174106737,0.01111198258932633,15.779733657836914,0.7332890201339284,0.2667109798660716
survset:support2,DeepHit,1,42,7030,29.529645919799805,0,3.7416574954986572,0.9965691379245408,0.0034308620754591734,7.6157732009887695,0.9944547599320855,0.005545240067914459,15.779733657836914,0.8130992493416567,0.18690075065834333
survset:support2,DeepHit,1,42,1892,3.316624879837036,1,3.7416574954986572,0.4560056697960693,0.5439943302039307,7.6157732009887695,0.05883517932781426,0.9411648206721858,15.779733657836914,0.04607824922137987,0.9539217507786202
survset:support2,DeepHit,1,42,44,8.88819408416748,1,3.7416574954986572,0.9820179171860328,0.017982082813967182,7.6157732009887695,0.951557470365302,0.04844252963469797,15.779733657836914,0.6458241813886868,0.3541758186113132
survset:support2,DeepHit,1,42,1334,24.85960578918457,0,3.7416574954986572,0.9913986279228985,0.008601372077101543,7.6157732009887695,0.9864375699717188,0.01356243002828117,15.779733657836914,0.7670157211893088,0.23298427881069117
survset:support2,DeepHit,1,42,6765,8.774964332580566,1,3.7416574954986572,0.9849528951745865,0.015047104825413493,7.6157732009887695,0.9588852725526942,0.04111472744730582,15.779733657836914,0.6427207760521111,0.3572792239478889
survset:support2,DeepHit,1,42,4913,22.44994354248047,1,3.7416574954986572,0.9879736212713204,0.012026378728679621,7.6157732009887695,0.9815125101165623,0.018487489883437735,15.779733657836914,0.7249662070395373,0.2750337929604627
survset:support2,DeepHit,1,42,3545,39.11521530151367,1,3.7416574954986572,0.9902722071029315,0.009727792897068488,7.6157732009887695,0.9796804426062323,0.020319557393767673,15.779733657836914,0.7519237040567945,0.24807629594320546
survset:support2,DeepHit,1,42,4460,2.0,1,3.7416574954986572,0.5408221164402829,0.4591778835597171,7.6157732009887695,0.05023437839435975,0.9497656216056403,15.779733657836914,0.034167477900383866,0.9658325220996161
survset:support2,DeepHit,1,42,2601,19.92485809326172,1,3.7416574954986572,0.9886747739161417,0.01132522608385833,7.6157732009887695,0.9787515096691901,0.021248490330809888,15.779733657836914,0.7295498101081438,0.2704501898918562
survset:support2,DeepHit,1,42,3240,45.0111083984375,0,3.7416574954986572,0.9973456002190803,0.0026543997809197473,7.6157732009887695,0.9963646934060001,0.0036353065939999096,15.779733657836914,0.8298716647243358,0.17012833527566418
survset:support2,DeepHit,1,42,683,32.95451354980469,1,3.7416574954986572,0.9940445596581479,0.005955440341852136,7.6157732009887695,0.9912211200257062,0.00877887997429383,15.779733657836914,0.7327867279939627,0.2672132720060373
survset:support2,DeepHit,1,42,7135,28.1069393157959,0,3.7416574954986572,0.9887994782412393,0.01120052175876074,7.6157732009887695,0.9842154415864245,0.01578455841357551,15.779733657836914,0.7497371987154325,0.25026280128456746
survset:support2,DeepHit,1,42,4771,16.881942749023438,1,3.7416574954986572,0.9907275483496678,0.009272451650332192,7.6157732009887695,0.9838995393100957,0.01610046068990434,15.779733657836914,0.737549955324139,0.26245004467586097
survset:support2,DeepHit,1,42,2393,36.34556198120117,0,3.7416574954986572,0.9963592279203713,0.0036407720796286513,7.6157732009887695,0.9939592697529495,0.006040730247050541,15.779733657836914,0.7805909670229619,0.21940903297703807
survset:support2,DeepHit,1,42,3870,2.6457512378692627,1,3.7416574954986572,0.5121079368650185,0.48789206313498146,7.6157732009887695,0.03818076647334119,0.9618192335266588,15.779733657836914,0.02686519591222652,0.9731348040877735
survset:support2,DeepHit,1,42,3744,41.400482177734375,0,3.7416574954986572,0.9898974955860577,0.010102504413942337,7.6157732009887695,0.9778183244527027,0.02218167554729733,15.779733657836914,0.7572130972851466,0.24278690271485337
survset:support2,DeepHit,1,42,3009,24.31049156188965,0,3.7416574954986572,0.9830047903762256,0.016995209623774432,7.6157732009887695,0.9696701178206033,0.030329882179396694,15.779733657836914,0.7075022379307007,0.29249776206929934
survset:support2,DeepHit,1,42,7099,13.152946472167969,1,3.7416574954986572,0.9871099398522565,0.01289006014774352,7.6157732009887695,0.9787506286643884,0.021249371335611555,15.779733657836914,0.7375758215315742,0.2624241784684258
survset:support2,DeepHit,1,42,5092,25.922962188720703,0,3.7416574954986572,0.9937766757641999,0.006223324235800076,7.6157732009887695,0.9894073554662476,0.010592644533752416,15.779733657836914,0.7800344988433199,0.21996550115668012
survset:support2,DeepHit,1,42,3376,44.18144226074219,0,3.7416574954986572,0.9910582032005603,0.008941796799439738,7.6157732009887695,0.9832727746600175,0.0167272253399825,15.779733657836914,0.7510995574022231,0.24890044259777688
survset:support2,DeepHit,1,42,8648,2.8284270763397217,1,3.7416574954986572,0.4993029956442575,0.5006970043557425,7.6157732009887695,0.02701986756325652,0.9729801324367435,15.779733657836914,0.01662370095477364,0.9833762990452264
survset:support2,DeepHit,1,42,3639,28.44292449951172,1,3.7416574954986572,0.992349944049862,0.007650055950138013,7.6157732009887695,0.9897098179238423,0.010290182076157728,15.779733657836914,0.7117956221412844,0.28820437785871555
survset:support2,DeepHit,1,42,9039,20.736440658569336,0,3.7416574954986572,0.9894700216267718,0.010529978373228221,7.6157732009887695,0.9822274018921381,0.017772598107861914,15.779733657836914,0.7279513575559018,0.2720486424440982
survset:support2,DeepHit,1,42,2436,32.4499626159668,1,3.7416574954986572,0.9942308738777951,0.005769126122204926,7.6157732009887695,0.9835678909779567,0.016432109022043284,15.779733657836914,0.7575340422271313,0.24246595777286872
survset:support2,DeepHit,1,42,7863,43.554561614990234,0,3.7416574954986572,0.9919451797255678,0.008054820274432162,7.6157732009887695,0.9895496250782158,0.010450374921784245,15.779733657836914,0.7318923338535496,0.26810766614645043
survset:support2,DeepHit,1,42,5035,2.6457512378692627,1,3.7416574954986572,0.4783421356757666,0.5216578643242333,7.6157732009887695,0.029956742115018992,0.970043257884981,15.779733657836914,0.017573933561186562,0.9824260664388135
survset:support2,DeepHit,1,42,7316,25.690465927124023,0,3.7416574954986572,0.9852886150538303,0.014711384946169748,7.6157732009887695,0.97651236553837,0.023487634461630047,15.779733657836914,0.722104199608859,0.27789580039114103
survset:support2,DeepHit,1,42,256,2.2360680103302,1,3.7416574954986572,0.35789055810355397,0.642109441896446,7.6157732009887695,0.03221941496321519,0.9677805850367848,15.779733657836914,0.01708394883075614,0.9829160511692439
survset:support2,DeepHit,1,42,3961,20.663978576660156,1,3.7416574954986572,0.9884956118477057,0.011504388152294265,7.6157732009887695,0.9725729190978089,0.027427080902191148,15.779733657836914,0.6530574436715993,0.34694255632840065
survset:support2,DeepHit,1,42,7887,43.26661682128906,0,3.7416574954986572,0.9861909721917226,0.013809027808277419,7.6157732009887695,0.977312716675317,0.02268728332468295,15.779733657836914,0.6583723535843362,0.3416276464156638
survset:support2,DeepHit,1,42,6558,2.4494898319244385,1,3.7416574954986572,0.5427924882305976,0.45720751176940244,7.6157732009887695,0.0847667277607312,0.9152332722392688,15.779733657836914,0.05246477641190101,0.9475352235880989
survset:support2,DeepHit,1,42,366,4.898979663848877,1,3.7416574954986572,0.4988807229548417,0.5011192770451582,7.6157732009887695,0.029302350204094295,0.9706976497959057,15.779733657836914,0.017647269015932315,0.9823527309840677
survset:support2,DeepHit,1,42,5051,4.4721360206604,1,3.7416574954986572,0.5259723495374193,0.47402765046258066,7.6157732009887695,0.03930540877244526,0.9606945912275547,15.779733657836914,0.021200913197466868,0.9787990868025331
survset:support2,DeepHit,1,42,4154,37.2827033996582,0,3.7416574954986572,0.9970805092905928,0.002919490709407224,7.6157732009887695,0.9960435950142756,0.00395640498572436,15.779733657836914,0.8246699836065081,0.17533001639349188
survset:support2,DeepHit,1,42,4591,10.392304420471191,1,3.7416574954986572,0.9928235779444237,0.007176422055576337,7.6157732009887695,0.9632467387089071,0.03675326129109291,15.779733657836914,0.6101726045560819,0.3898273954439181
survset:support2,DeepHit,1,42,6267,41.1096076965332,0,3.7416574954986572,0.9891229202198426,0.010877079780157395,7.6157732009887695,0.9846169209433467,0.01538307905665326,15.779733657836914,0.7265420386353083,0.2734579613646917
survset:support2,DeepHit,1,42,4118,14.317821502685547,1,3.7416574954986572,0.9913844636501097,0.008615536349890318,7.6157732009887695,0.9814127470167092,0.01858725298329078,15.779733657836914,0.6735672750884668,0.3264327249115332
survset:support2,DeepHit,1,42,4996,7.549834251403809,1,3.7416574954986572,0.5713598389309837,0.42864016106901626,7.6157732009887695,0.0825063618225979,0.9174936381774021,15.779733657836914,0.06197718432895693,0.9380228156710431
survset:support2,DeepHit,1,42,7765,44.821868896484375,0,3.7416574954986572,0.9840628181201941,0.015937181879805862,7.6157732009887695,0.9727880473879366,0.02721195261206344,15.779733657836914,0.696912733403874,0.30308726659612595
survset:support2,DeepHit,1,42,3964,1.7320507764816284,1,3.7416574954986572,0.2518070057251733,0.7481929942748267,7.6157732009887695,0.04594058364292745,0.9540594163570726,15.779733657836914,0.03228331326599163,0.9677166867340083
survset:support2,DeepHit,1,42,7512,22.934690475463867,0,3.7416574954986572,0.991042363970615,0.008957636029385041,7.6157732009887695,0.9838229818630502,0.016177018136949828,15.779733657836914,0.7507097594779525,0.2492902405220475
survset:support2,DeepHit,1,42,2984,22.315914154052734,1,3.7416574954986572,0.9878271115849353,0.012172888415064698,7.6157732009887695,0.9824332368117785,0.01756676318822148,15.779733657836914,0.7157078284539748,0.28429217154602515
survset:support2,DeepHit,1,42,6596,25.826343536376953,1,3.7416574954986572,0.9914393200925674,0.008560679907432589,7.6157732009887695,0.9870972517751596,0.012902748224840388,15.779733657836914,0.7491823238834446,0.25081767611655537
survset:support2,DeepHit,1,42,4557,15.165750503540039,1,3.7416574954986572,0.9815356860049458,0.018464313995054216,7.6157732009887695,0.9648394597207851,0.03516054027921489,15.779733657836914,0.6805862446942564,0.31941375530574356
survset:support2,DeepHit,1,42,3282,20.856653213500977,1,3.7416574954986572,0.9839955178980653,0.016004482101934725,7.6157732009887695,0.9575555001241537,0.04244449987584631,15.779733657836914,0.6538810295036609,0.3461189704963391
survset:support2,DeepHit,1,42,4843,28.24889373779297,0,3.7416574954986572,0.9922758861772835,0.0077241138227165385,7.6157732009887695,0.9892872497680497,0.010712750231950285,15.779733657836914,0.7889977348495651,0.21100226515043485
survset:support2,DeepHit,1,42,3891,39.91240310668945,0,3.7416574954986572,0.972971125125578,0.02702887487442196,7.6157732009887695,0.9380534405018056,0.06194655949819439,15.779733657836914,0.6880025206759666,0.31199747932403343
survset:support2,DeepHit,1,42,7602,7.549834251403809,1,3.7416574954986572,0.49056270728615226,0.5094372927138477,7.6157732009887695,0.031803002509420655,0.9681969974905793,15.779733657836914,0.01814890270014081,0.9818510972998592
survset:support2,DeepHit,1,42,8174,29.96664810180664,1,3.7416574954986572,0.9932147925788338,0.006785207421166173,7.6157732009887695,0.9881302266579816,0.011869773342018441,15.779733657836914,0.7286549863350661,0.2713450136649339
survset:support2,DeepHit,1,42,7255,17.6068172454834,1,3.7416574954986572,0.9931932148973494,0.006806785102650648,7.6157732009887695,0.9848020621937087,0.015197937806291306,15.779733657836914,0.7527886301268026,0.24721136987319736
survset:support2,DeepHit,1,42,907,14.832396507263184,1,3.7416574954986572,0.9945516304879001,0.0054483695120999265,7.6157732009887695,0.9852052834821923,0.014794716517807727,15.779733657836914,0.6839648688245853,0.3160351311754147
survset:support2,DeepHit,1,42,8221,10.440306663513184,1,3.7416574954986572,0.9887285842234534,0.011271415776546556,7.6157732009887695,0.9741182333818318,0.02588176661816821,15.779733657836914,0.7042426259021222,0.29575737409787783
survset:support2,DeepHit,1,42,4624,30.199337005615234,0,3.7416574954986572,0.9902232870083731,0.009776712991626857,7.6157732009887695,0.9805772707515578,0.01942272924844224,15.779733657836914,0.7576170046932833,0.2423829953067167
survset:support2,DeepHit,1,42,5098,25.903667449951172,0,3.7416574954986572,0.9953886884856971,0.00461131151430294,7.6157732009887695,0.9941970483756587,0.0058029516243413015,15.779733657836914,0.8291779772336062,0.1708220227663938
survset:support2,DeepHit,1,42,1572,18.867961883544922,0,3.7416574954986572,0.988015481424451,0.011984518575549052,7.6157732009887695,0.9803815353602381,0.019618464639761912,15.779733657836914,0.6879950791608408,0.3120049208391592
survset:support2,DeepHit,1,42,4564,16.309507369995117,1,3.7416574954986572,0.9875565467963818,0.012443453203618171,7.6157732009887695,0.9781789795159234,0.021821020484076636,15.779733657836914,0.7766564056338006,0.22334359436619944
survset:support2,DeepHit,1,42,563,4.0,1,3.7416574954986572,0.41464225306434516,0.5853577469356548,7.6157732009887695,0.020222350193147706,0.9797776498068523,15.779733657836914,0.01766426076753001,0.98233573923247
survset:support2,DeepHit,1,42,6398,4.242640495300293,1,3.7416574954986572,0.5009926198138357,0.4990073801861643,7.6157732009887695,0.031653676588334796,0.9683463234116652,15.779733657836914,0.017094513638101716,0.9829054863618982
survset:support2,DeepHit,1,42,4128,2.8284270763397217,1,3.7416574954986572,0.5367161731725205,0.4632838268274795,7.6157732009887695,0.02866660819553632,0.9713333918044637,15.779733657836914,0.015408660215817367,0.9845913397841827
survset:support2,DeepHit,1,42,8856,10.099504470825195,1,3.7416574954986572,0.9877719857158486,0.012228014284151434,7.6157732009887695,0.9735191467582583,0.026480853241741653,15.779733657836914,0.6932571931387063,0.30674280686129374
survset:support2,DeepHit,1,42,5450,2.0,1,3.7416574954986572,0.4732919163990878,0.5267080836009121,7.6157732009887695,0.037410584324083763,0.9625894156759163,15.779733657836914,0.021272834295164703,0.9787271657048353
survset:support2,DeepHit,1,42,4873,6.78233003616333,1,3.7416574954986572,0.6091002871660579,0.3908997128339421,7.6157732009887695,0.03478078506017625,0.9652192149398238,15.779733657836914,0.019469117281303534,0.9805308827186965
survset:support2,DeepHit,1,42,2061,5.74456262588501,1,3.7416574954986572,0.5681381891331703,0.43186181086682973,7.6157732009887695,0.01997217865418664,0.9800278213458133,15.779733657836914,0.011449468791727757,0.9885505312082723
survset:support2,DeepHit,1,42,2475,2.0,1,3.7416574954986572,0.45176239089137893,0.5482376091086211,7.6157732009887695,0.0361568767182692,0.9638431232817308,15.779733657836914,0.017852427065924565,0.9821475729340754
survset:support2,DeepHit,1,42,5504,2.6457512378692627,1,3.7416574954986572,0.466018544306332,0.533981455693668,7.6157732009887695,0.05231422935589548,0.9476857706441045,15.779733657836914,0.0303484375011307,0.9696515624988693
survset:support2,DeepHit,1,42,1952,20.049938201904297,1,3.7416574954986572,0.991108127284421,0.008891872715579008,7.6157732009887695,0.9868189447042102,0.013181055295789834,15.779733657836914,0.7204778171680998,0.2795221828319002
survset:support2,DeepHit,1,42,6563,4.795831680297852,1,3.7416574954986572,0.5586736285920142,0.4413263714079858,7.6157732009887695,0.013168951215016133,0.9868310487849838,15.779733657836914,0.009531040154549315,0.9904689598454507
survset:support2,DeepHit,1,42,4891,4.898979663848877,1,3.7416574954986572,0.5231336388180436,0.47686636118195636,7.6157732009887695,0.027098990561848182,0.9729010094381518,15.779733657836914,0.016374306121814158,0.9836256938781859
survset:support2,DeepHit,1,42,8047,7.348469257354736,1,3.7416574954986572,0.5340035981683764,0.4659964018316236,7.6157732009887695,0.046715831087950924,0.953284168912049,15.779733657836914,0.023475131146242636,0.9765248688537573
survset:support2,DeepHit,1,42,2059,33.105892181396484,1,3.7416574954986572,0.9915777637133248,0.008422236286675155,7.6157732009887695,0.981816719792171,0.018183280207829,15.779733657836914,0.756737381981761,0.243262618018239
survset:support2,DeepHit,1,42,1543,2.8284270763397217,1,3.7416574954986572,0.48935745802796654,0.5106425419720335,7.6157732009887695,0.019449560932637854,0.9805504390673622,15.779733657836914,0.013349070278261713,0.9866509297217383
survset:support2,DeepHit,1,42,7069,25.961509704589844,1,3.7416574954986572,0.9931228292258394,0.0068771707741606125,7.6157732009887695,0.9902316091355768,0.00976839086442316,15.779733657836914,0.7741496813279605,0.22585031867203953
survset:support2,DeepHit,1,42,706,36.400550842285156,1,3.7416574954986572,0.9904926874097253,0.009507312590274708,7.6157732009887695,0.9792768303658,0.020723169634199956,15.779733657836914,0.7400076600104273,0.2599923399895727
survset:support2,DeepHit,1,42,1859,18.920886993408203,1,3.7416574954986572,0.99298199546056,0.007018004539440015,7.6157732009887695,0.9863800909141383,0.013619909085861748,15.779733657836914,0.7170729150636057,0.2829270849363943
survset:support2,DeepHit,1,42,2693,15.874507904052734,1,3.7416574954986572,0.9855786177255879,0.014421382274412142,7.6157732009887695,0.9652096930173999,0.034790306982600105,15.779733657836914,0.6794128956596867,0.32058710434031334
survset:support2,DeepHit,1,42,8392,2.4494898319244385,1,3.7416574954986572,0.45167507594961204,0.548324924050388,7.6157732009887695,0.054329001618968704,0.9456709983810313,15.779733657836914,0.024762045888823022,0.975237954111177
survset:support2,DeepHit,1,42,4841,28.301942825317383,0,3.7416574954986572,0.9865868871524714,0.013413112847528552,7.6157732009887695,0.9775322613054401,0.02246773869455987,15.779733657836914,0.710303973482467,0.289696026517533
survset:support2,DeepHit,1,42,3880,39.98749923706055,0,3.7416574954986572,0.9930919144783319,0.006908085521668106,7.6157732009887695,0.9882794659085078,0.011720534091492207,15.779733657836914,0.7582423903624982,0.2417576096375018
survset:support2,DeepHit,1,42,3856,18.547237396240234,1,3.7416574954986572,0.9922930716688587,0.007706928331141283,7.6157732009887695,0.9857739451085342,0.014226054891465778,15.779733657836914,0.7064147197391952,0.29358528026080477
survset:support2,DeepHit,1,42,3593,2.6457512378692627,1,3.7416574954986572,0.5241849616584446,0.47581503834155536,7.6157732009887695,0.06230263718094108,0.9376973628190589,15.779733657836914,0.0342200296638011,0.9657799703361989
survset:support2,DeepHit,1,42,5458,5.916079998016357,1,3.7416574954986572,0.5190683308390411,0.48093166916095886,7.6157732009887695,0.028554408719964546,0.9714455912800355,15.779733657836914,0.017498914059907163,0.9825010859400929
survset:support2,DeepHit,1,42,3148,20.904544830322266,0,3.7416574954986572,0.9927920817018527,0.0072079182981472645,7.6157732009887695,0.9906865463287223,0.009313453671277672,15.779733657836914,0.8378117280498439,0.16218827195015606
survset:support2,DeepHit,1,42,5372,1.7320507764816284,1,3.7416574954986572,0.4474630608674265,0.5525369391325735,7.6157732009887695,0.05313078216290908,0.9468692178370909,15.779733657836914,0.028981667286645665,0.9710183327133544
survset:support2,DeepHit,1,42,7130,6.480740547180176,1,3.7416574954986572,0.6272680180342386,0.3727319819657614,7.6157732009887695,0.04228078167901388,0.9577192183209862,15.779733657836914,0.024362991279299587,0.9756370087207004
survset:support2,DeepHit,1,42,3711,30.099834442138672,1,3.7416574954986572,0.9930763088399766,0.0069236911600234485,7.6157732009887695,0.9892333256543588,0.010766674345641158,15.779733657836914,0.7449870650946718,0.25501293490532817
survset:support2,DeepHit,1,42,8651,3.1622776985168457,1,3.7416574954986572,0.5372931788942203,0.46270682110577965,7.6157732009887695,0.06322588743258954,0.9367741125674105,15.779733657836914,0.04642502997220998,0.95357497002779
survset:support2,DeepHit,1,42,5498,2.8284270763397217,1,3.7416574954986572,0.4806981851414824,0.5193018148585176,7.6157732009887695,0.0686018191598353,0.9313981808401647,15.779733657836914,0.05199498944081126,0.9480050105591887
survset:support2,DeepHit,1,42,2650,30.066593170166016,0,3.7416574954986572,0.989366024849436,0.010633975150563968,7.6157732009887695,0.9764292576187759,0.02357074238122414,15.779733657836914,0.6324410242763172,0.3675589757236828
survset:support2,DeepHit,1,42,7296,25.884357452392578,0,3.7416574954986572,0.9881979912610772,0.011802008738922787,7.6157732009887695,0.9734673840125785,0.026532615987421515,15.779733657836914,0.6236665150486748,0.37633348495132524
survset:support2,DeepHit,1,42,4912,2.2360680103302,1,3.7416574954986572,0.5168051710948983,0.4831948289051017,7.6157732009887695,0.02685553869830101,0.973144461301699,15.779733657836914,0.015361665299133973,0.984638334700866
survset:support2,DeepHit,1,42,8379,1.7320507764816284,1,3.7416574954986572,0.43773000284546437,0.5622699971545356,7.6157732009887695,0.0819011469294911,0.9180988530705089,15.779733657836914,0.05031377894209685,0.9496862210579031
survset:support2,DeepHit,1,42,1539,19.94993782043457,0,3.7416574954986572,0.9851643254701938,0.014835674529806164,7.6157732009887695,0.9809516829102425,0.019048317089757516,15.779733657836914,0.7574558737941387,0.2425441262058613
survset:support2,DeepHit,1,42,7043,18.193405151367188,1,3.7416574954986572,0.9910240640445456,0.008975935955454428,7.6157732009887695,0.9838596322664732,0.016140367733526784,15.779733657836914,0.7014344156826369,0.29856558431736313
survset:support2,DeepHit,1,42,7009,19.46792221069336,1,3.7416574954986572,0.9886955952390029,0.011304404760997144,7.6157732009887695,0.9765377209114119,0.02346227908858811,15.779733657836914,0.6319114183023622,0.3680885816976378
survset:support2,DeepHit,1,42,7139,4.123105525970459,1,3.7416574954986572,0.4995705606977138,0.5004294393022862,7.6157732009887695,0.03688149636707822,0.9631185036329217,15.779733657836914,0.02467008722892908,0.975329912771071
survset:support2,DeepHit,1,42,2952,25.495098114013672,0,3.7416574954986572,0.9952916450212866,0.004708354978713358,7.6157732009887695,0.9933436296932253,0.006656370306774684,15.779733657836914,0.7489934011758279,0.2510065988241721
survset:support2,DeepHit,1,42,8864,5.099019527435303,1,3.7416574954986572,0.5432221984667462,0.45677780153325376,7.6157732009887695,0.04857548030823769,0.9514245196917623,15.779733657836914,0.026472969777763398,0.9735270302222366
survset:support2,DeepHit,1,42,592,2.2360680103302,1,3.7416574954986572,0.44741611181326646,0.5525838881867335,7.6157732009887695,0.03747659315725485,0.9625234068427452,15.779733657836914,0.021021729179910926,0.978978270820089
survset:support2,DeepHit,1,42,1303,2.8284270763397217,1,3.7416574954986572,0.502428181827669,0.497571818172331,7.6157732009887695,0.03127598308246637,0.9687240169175336,15.779733657836914,0.022317411436686564,0.9776825885633135
survset:support2,DeepHit,1,42,3172,13.416407585144043,1,3.7416574954986572,0.9878130650314988,0.012186934968501206,7.6157732009887695,0.9779816413072799,0.022018358692720064,15.779733657836914,0.7303794675201962,0.2696205324798038
survset:support2,DeepHit,1,42,2879,26.551836013793945,0,3.7416574954986572,0.994113742368382,0.005886257631617986,7.6157732009887695,0.9886662289340746,0.011333771065925369,15.779733657836914,0.6586714249356846,0.34132857506431535
survset:support2,DeepHit,1,42,8114,40.48456573486328,0,3.7416574954986572,0.9679169460705273,0.03208305392947275,7.6157732009887695,0.9582881312480102,0.041711868751989845,15.779733657836914,0.7418471449898455,0.2581528550101545
survset:support2,DeepHit,1,42,1817,43.11612319946289,0,3.7416574954986572,0.9935975176604269,0.006402482339573079,7.6157732009887695,0.9867692068792617,0.013230793120738271,15.779733657836914,0.7338595255607585,0.2661404744392415
survset:support2,DeepHit,1,42,5090,11.313708305358887,1,3.7416574954986572,0.9849627239536713,0.015037276046328651,7.6157732009887695,0.976480522453118,0.023519477546881995,15.779733657836914,0.7009206715116858,0.2990793284883142
survset:support2,DeepHit,1,42,1622,15.36229133605957,1,3.7416574954986572,0.9874662265128209,0.0125337734871791,7.6157732009887695,0.9724928328043181,0.027507167195681914,15.779733657836914,0.6962618275168385,0.3037381724831615
survset:support2,DeepHit,1,42,60,44.63182830810547,0,3.7416574954986572,0.9918644289627743,0.00813557103722573,7.6157732009887695,0.9771633872361482,0.02283661276385185,15.779733657836914,0.7314108415814231,0.2685891584185769
survset:support2,DeepHit,1,42,1931,8.485280990600586,1,3.7416574954986572,0.9911711377171885,0.008828862282811545,7.6157732009887695,0.9759872098186891,0.02401279018131086,15.779733657836914,0.5595905948299177,0.4404094051700823
survset:support2,DeepHit,1,42,6672,2.2360680103302,1,3.7416574954986572,0.43141649826186684,0.5685835017381331,7.6157732009887695,0.06833447910707587,0.9316655208929241,15.779733657836914,0.04895489738799325,0.9510451026120067
survset:support2,DeepHit,1,42,5388,6.4031243324279785,1,3.7416574954986572,0.4581891142574294,0.5418108857425705,7.6157732009887695,0.047641321340063054,0.952358678659937,15.779733657836914,0.03748314743485438,0.9625168525651456
survset:support2,DeepHit,1,42,2046,40.64480209350586,0,3.7416574954986572,0.9901921857727352,0.009807814227264844,7.6157732009887695,0.9833269624565566,0.016673037543443403,15.779733657836914,0.7389316985169001,0.2610683014830999
survset:support2,DeepHit,1,42,6121,30.692018508911133,1,3.7416574954986572,0.9578114751287083,0.042188524871291655,7.6157732009887695,0.9261259652114082,0.07387403478859178,15.779733657836914,0.6352963145572462,0.3647036854427538
survset:support2,DeepHit,1,42,1034,20.976177215576172,1,3.7416574954986572,0.9874625430004735,0.012537456999526464,7.6157732009887695,0.9820201992608035,0.017979800739196472,15.779733657836914,0.7460770387369512,0.2539229612630488
survset:support2,DeepHit,1,42,2795,8.062257766723633,1,3.7416574954986572,0.9804480129892317,0.019551987010768324,7.6157732009887695,0.961625326125098,0.03837467387490201,15.779733657836914,0.7114854011658431,0.28851459883415687
survset:support2,DeepHit,1,42,3993,30.495901107788086,1,3.7416574954986572,0.9946523493904214,0.005347650609578647,7.6157732009887695,0.9873098761992616,0.012690123800738418,15.779733657836914,0.7001526682365378,0.29984733176346223
survset:support2,DeepHit,1,42,8587,18.275667190551758,1,3.7416574954986572,0.9851275174870452,0.01487248251295481,7.6157732009887695,0.9701833937084733,0.029816606291526715,15.779733657836914,0.702404639728867,0.297595360271133
survset:support2,DeepHit,1,42,5839,17.0587215423584,1,3.7416574954986572,0.9740062313205359,0.025993768679464124,7.6157732009887695,0.943290770752097,0.056709229247903004,15.779733657836914,0.6261744600351142,0.37382553996488577
survset:support2,DeepHit,1,42,7638,4.0,1,3.7416574954986572,0.4875895755385814,0.5124104244614186,7.6157732009887695,0.02500419474109185,0.9749958052589082,15.779733657836914,0.01566480494905905,0.9843351950509409
survset:support2,DeepHit,1,42,8202,35.1710090637207,1,3.7416574954986572,0.9865534882321186,0.013446511767881364,7.6157732009887695,0.9766114162012488,0.023388583798751195,15.779733657836914,0.7169337764454136,0.28306622355458644
survset:support2,DeepHit,1,42,3263,3.872983455657959,1,3.7416574954986572,0.562999704904972,0.437000295095028,7.6157732009887695,0.03002720526898071,0.9699727947310193,15.779733657836914,0.022090181724898857,0.9779098182751012
survset:support2,DeepHit,1,42,7186,16.462078094482422,1,3.7416574954986572,0.9963525730796923,0.003647426920307728,7.6157732009887695,0.9945845549612232,0.005415445038776778,15.779733657836914,0.7082094508062782,0.2917905491937218
survset:support2,DeepHit,1,42,1977,19.339078903198242,1,3.7416574954986572,0.9899247033567418,0.010075296643258236,7.6157732009887695,0.985474955264159,0.014525044735841042,15.779733657836914,0.7539284336827516,0.24607156631724836
survset:support2,DeepHit,1,42,6707,21.1660099029541,1,3.7416574954986572,0.9794210499437596,0.02057895005624044,7.6157732009887695,0.9654986291648636,0.03450137083513638,15.779733657836914,0.6893678806299808,0.3106321193700192
survset:support2,DeepHit,1,42,684,37.86819076538086,0,3.7416574954986572,0.9893215406071018,0.010678459392898243,7.6157732009887695,0.984857297421014,0.015142702578985978,15.779733657836914,0.7488164632198501,0.25118353678014993
survset:support2,DeepHit,1,42,4776,28.827070236206055,0,3.7416574954986572,0.9945900941365734,0.005409905863426601,7.6157732009887695,0.992336711994804,0.007663288005196001,15.779733657836914,0.7976905832404603,0.20230941675953973
survset:support2,DeepHit,1,42,6003,43.497127532958984,0,3.7416574954986572,0.9943844012046488,0.005615598795351229,7.6157732009887695,0.9918682617815303,0.008131738218469686,15.779733657836914,0.8090305683589856,0.19096943164101443
survset:support2,DeepHit,1,42,5004,26.758176803588867,0,3.7416574954986572,0.9896768407187956,0.01032315928120442,7.6157732009887695,0.9798705438688359,0.020129456131164125,15.779733657836914,0.7231363525718352,0.2768636474281648
survset:support2,DeepHit,1,42,3174,5.291502475738525,1,3.7416574954986572,0.5570121866622715,0.4429878133377285,7.6157732009887695,0.08321481916394753,0.9167851808360524,15.779733657836914,0.05630647357678846,0.9436935264232116
survset:support2,DeepHit,1,42,665,28.530685424804688,1,3.7416574954986572,0.9860420736262426,0.013957926373757368,7.6157732009887695,0.9631705053636612,0.03682949463633878,15.779733657836914,0.6335146717117115,0.3664853282882885
survset:support2,DeepHit,1,42,4397,32.07802963256836,0,3.7416574954986572,0.9755086262896309,0.024491373710369135,7.6157732009887695,0.9604275006529047,0.03957249934709528,15.779733657836914,0.7579552052240983,0.24204479477590168
survset:support2,DeepHit,1,42,4282,32.95451354980469,0,3.7416574954986572,0.9849264642256969,0.015073535774303148,7.6157732009887695,0.9791747414969567,0.020825258503043287,15.779733657836914,0.762820905117955,0.23717909488204503
survset:support2,DeepHit,1,42,1814,3.316624879837036,1,3.7416574954986572,0.48278094301360236,0.5172190569863977,7.6157732009887695,0.08042083383571137,0.9195791661642886,15.779733657836914,0.038850688380018435,0.9611493116199815
survset:support2,DeepHit,1,42,5163,23.151674270629883,1,3.7416574954986572,0.9891189501690352,0.010881049830964828,7.6157732009887695,0.9693500313798071,0.03064996862019287,15.779733657836914,0.6302797128068558,0.3697202871931442
survset:support2,DeepHit,1,42,7473,5.0,1,3.7416574954986572,0.6346825155761473,0.3653174844238527,7.6157732009887695,0.05435445280717277,0.9456455471928272,15.779733657836914,0.02419302511232877,0.9758069748876712
survset:support2,DeepHit,1,42,2110,39.73663330078125,0,3.7416574954986572,0.9924653300790885,0.007534669920911452,7.6157732009887695,0.9896996472223462,0.010300352777653843,15.779733657836914,0.7422405751094239,0.2577594248905761
survset:support2,DeepHit,1,42,3561,17.029386520385742,1,3.7416574954986572,0.9957033720777692,0.0042966279222308446,7.6157732009887695,0.9892962232934231,0.01070377670657685,15.779733657836914,0.759134050805112,0.24086594919488802
survset:support2,DeepHit,1,42,6538,5.5677642822265625,1,3.7416574954986572,0.4800420289407509,0.5199579710592491,7.6157732009887695,0.03575778827207891,0.9642422117279211,15.779733657836914,0.018253307501092227,0.9817466924989078
survset:support2,DeepHit,1,42,5037,5.916079998016357,1,3.7416574954986572,0.5075207810935951,0.4924792189064049,7.6157732009887695,0.11376377299049249,0.8862362270095075,15.779733657836914,0.06258024568467636,0.9374197543153237
survset:support2,DeepHit,1,42,8843,4.123105525970459,1,3.7416574954986572,0.533362961532503,0.46663703846749705,7.6157732009887695,0.022276178937516603,0.9777238210624833,15.779733657836914,0.011332372607191919,0.9886676273928081
survset:support2,DeepHit,1,42,8095,21.67948341369629,1,3.7416574954986572,0.9896362533335754,0.01036374666642459,7.6157732009887695,0.9765899244447425,0.023410075555257537,15.779733657836914,0.6601801131026928,0.33981988689730724
survset:support2,DeepHit,1,42,6000,22.86919403076172,1,3.7416574954986572,0.9906070361811813,0.009392963818818711,7.6157732009887695,0.9810313662377672,0.01896863376223279,15.779733657836914,0.7107312426429274,0.2892687573570726
survset:support2,DeepHit,1,42,195,34.08811950683594,1,3.7416574954986572,0.994124089677363,0.005875910322637012,7.6157732009887695,0.9914489498650334,0.008551050134966598,15.779733657836914,0.7647492631623903,0.23525073683760966
survset:support2,DeepHit,1,42,1589,2.2360680103302,1,3.7416574954986572,0.4867543631315121,0.5132456368684879,7.6157732009887695,0.030664075198655844,0.9693359248013441,15.779733657836914,0.019735590457121237,0.9802644095428787
survset:support2,DeepHit,1,42,5826,3.872983455657959,1,3.7416574954986572,0.492378741221507,0.507621258778493,7.6157732009887695,0.04360824511224318,0.9563917548877569,15.779733657836914,0.020621521400495474,0.9793784785995046
survset:support2,DeepHit,1,42,7501,23.130067825317383,0,3.7416574954986572,0.9931209680938442,0.006879031906155797,7.6157732009887695,0.989203525574475,0.010796474425525004,15.779733657836914,0.721045772602665,0.278954227397335
survset:support2,DeepHit,1,42,7096,15.0,1,3.7416574954986572,0.9881045103250675,0.01189548967493248,7.6157732009887695,0.9745299085553906,0.025470091444609433,15.779733657836914,0.669240334821039,0.33075966517896105
survset:support2,DeepHit,1,42,8490,4.358899116516113,1,3.7416574954986572,0.43578725556447007,0.5642127444355299,7.6157732009887695,0.037537062737561015,0.962462937262439,15.779733657836914,0.031054365155695984,0.968945634844304
survset:support2,DeepHit,1,42,5511,2.6457512378692627,1,3.7416574954986572,0.5546309413283699,0.4453690586716301,7.6157732009887695,0.12203473239914937,0.8779652676008506,15.779733657836914,0.08300531580740543,0.9169946841925946
survset:support2,DeepHit,1,42,1751,3.1622776985168457,1,3.7416574954986572,0.5598981581317601,0.44010184186823986,7.6157732009887695,0.018013205993144595,0.9819867940068554,15.779733657836914,0.01001843204980605,0.989981567950194
survset:support2,DeepHit,1,42,6659,36.755950927734375,0,3.7416574954986572,0.9968159131030058,0.0031840868969942315,7.6157732009887695,0.9955217283404902,0.004478271659509758,15.779733657836914,0.7662581686356987,0.23374183136430127
survset:support2,DeepHit,1,42,7230,26.72077751159668,0,3.7416574954986572,0.9894596527126772,0.010540347287322782,7.6157732009887695,0.9749848068298168,0.025015193170183192,15.779733657836914,0.7024496730255524,0.2975503269744476
survset:support2,DeepHit,1,42,4421,2.8284270763397217,1,3.7416574954986572,0.47787807017938877,0.5221219298206112,7.6157732009887695,0.03519295808428878,0.9648070419157112,15.779733657836914,0.01778368434891872,0.9822163156510813
survset:support2,DeepHit,1,42,7744,18.547237396240234,0,3.7416574954986572,0.9958602553093022,0.0041397446906977775,7.6157732009887695,0.9928169174256612,0.0071830825743387505,15.779733657836914,0.7308550422811738,0.2691449577188262
survset:support2,DeepHit,1,42,7894,2.4494898319244385,1,3.7416574954986572,0.49237412588283197,0.507625874117168,7.6157732009887695,0.03502420307270197,0.9649757969272981,15.779733657836914,0.025065290945554142,0.9749347090544459
survset:support2,DeepHit,1,42,6009,14.866068840026855,1,3.7416574954986572,0.9910575005439795,0.008942499456020547,7.6157732009887695,0.9844772951179188,0.015522704882081184,15.779733657836914,0.6776229709044524,0.32237702909554755
survset:support2,DeepHit,1,42,2081,2.8284270763397217,1,3.7416574954986572,0.3817602612796648,0.6182397387203352,7.6157732009887695,0.05436921843268687,0.9456307815673132,15.779733657836914,0.041753522982726325,0.9582464770172737
survset:support2,DeepHit,1,42,5326,2.0,1,3.7416574954986572,0.4855501718565242,0.5144498281434757,7.6157732009887695,0.052078301328232934,0.9479216986717671,15.779733657836914,0.03780186043796207,0.9621981395620379
survset:support2,DeepHit,1,42,6288,40.86563491821289,0,3.7416574954986572,0.9920116341101589,0.007988365889841087,7.6157732009887695,0.9884321943795252,0.01156780562047477,15.779733657836914,0.697961875556707,0.30203812444329303
survset:support2,DeepHit,1,42,1299,2.0,1,3.7416574954986572,0.35547473311962663,0.6445252668803734,7.6157732009887695,0.04371906002474167,0.9562809399752583,15.779733657836914,0.03399097484409831,0.9660090251559017
survset:support2,DeepHit,1,42,9056,20.29778289794922,0,3.7416574954986572,0.997198305523389,0.0028016944766110496,7.6157732009887695,0.9942518205119398,0.005748179488060168,15.779733657836914,0.7918522198494384,0.20814778015056157
survset:support2,DeepHit,1,42,6411,7.745966911315918,1,3.7416574954986572,0.9883444539093185,0.011655546090681534,7.6157732009887695,0.9690876496192039,0.030912350380796094,15.779733657836914,0.5731474021135678,0.42685259788643215
survset:support2,DeepHit,1,42,2707,7.280109882354736,1,3.7416574954986572,0.5118374181390141,0.48816258186098593,7.6157732009887695,0.026646854550867627,0.9733531454491324,15.779733657836914,0.01765283265348804,0.982347167346512
survset:support2,DeepHit,1,42,7248,23.409399032592773,1,3.7416574954986572,0.9975591420715033,0.002440857928496687,7.6157732009887695,0.9933859395022833,0.006614060497716734,15.779733657836914,0.7561620449569324,0.2438379550430676
survset:support2,DeepHit,1,42,6467,38.87158203125,0,3.7416574954986572,0.9891012183081821,0.010898781691817905,7.6157732009887695,0.9793991172446017,0.020600882755398287,15.779733657836914,0.7422093092048111,0.2577906907951889
survset:support2,DeepHit,1,42,2502,4.242640495300293,1,3.7416574954986572,0.5174561585380463,0.4825438414619537,7.6157732009887695,0.032901739790634835,0.9670982602093652,15.779733657836914,0.025271977968417347,0.9747280220315826
survset:support2,DeepHit,1,42,5518,22.0,0,3.7416574954986572,0.9959441890705445,0.004055810929455506,7.6157732009887695,0.9937018691221667,0.006298130877833263,15.779733657836914,0.7511960631633255,0.24880393683667446
survset:support2,DeepHit,1,42,454,2.4494898319244385,1,3.7416574954986572,0.4791649897112653,0.5208350102887347,7.6157732009887695,0.021701251749313952,0.9782987482506861,15.779733657836914,0.016333141396247974,0.983666858603752
survset:support2,DeepHit,1,42,8943,23.173259735107422,0,3.7416574954986572,0.9879785367487205,0.012021463251279507,7.6157732009887695,0.9784229625698901,0.021577037430109858,15.779733657836914,0.6939021259623573,0.30609787403764266
survset:support2,DeepHit,1,42,1513,6.78233003616333,1,3.7416574954986572,0.5999228564603412,0.40007714353965884,7.6157732009887695,0.08096005685831187,0.9190399431416881,15.779733657836914,0.04850290049310524,0.9514970995068948
survset:support2,DeepHit,1,42,5252,6.082762718200684,1,3.7416574954986572,0.5612900327891851,0.4387099672108149,7.6157732009887695,0.08779371487582868,0.9122062851241713,15.779733657836914,0.04242734432706306,0.9575726556729369
survset:support2,DeepHit,1,42,468,2.0,1,3.7416574954986572,0.41719139502665303,0.582808604973347,7.6157732009887695,0.037635584833419694,0.9623644151665803,15.779733657836914,0.02667154314872202,0.973328456851278
survset:support2,DeepHit,1,42,1190,2.6457512378692627,1,3.7416574954986572,0.47087277324670734,0.5291272267532927,7.6157732009887695,0.058602263805821196,0.9413977361941788,15.779733657836914,0.04053427308256779,0.9594657269174323
survset:support2,DeepHit,1,42,1422,7.874007701873779,1,3.7416574954986572,0.9941284971952593,0.005871502804740691,7.6157732009887695,0.984864689211008,0.015135310788991996,15.779733657836914,0.6561533728322527,0.3438466271677473
survset:support2,DeepHit,1,42,1289,3.7416574954986572,1,3.7416574954986572,0.4639517298914429,0.5360482701085572,7.6157732009887695,0.06377721402495826,0.9362227859750417,15.779733657836914,0.036489522547667096,0.9635104774523329
survset:support2,DeepHit,1,42,6613,1.7320507764816284,1,3.7416574954986572,0.3507399750589309,0.6492600249410692,7.6157732009887695,0.04837176168705191,0.9516282383129481,15.779733657836914,0.038729498908889874,0.9612705010911101
survset:support2,DeepHit,1,42,313,16.34013557434082,1,3.7416574954986572,0.9908191526981317,0.0091808473018683,7.6157732009887695,0.9788891406261024,0.02111085937389756,15.779733657836914,0.7268228969692345,0.2731771030307655
survset:support2,DeepHit,1,42,2199,2.8284270763397217,1,3.7416574954986572,0.5068476328186059,0.4931523671813941,7.6157732009887695,0.058471049862227745,0.9415289501377723,15.779733657836914,0.0446466161017508,0.9553533838982492
survset:support2,DeepHit,1,42,7164,2.0,1,3.7416574954986572,0.47025991104458964,0.5297400889554104,7.6157732009887695,0.04069037065046636,0.9593096293495337,15.779733657836914,0.02288781344426831,0.9771121865557317
survset:support2,DeepHit,1,42,1765,3.316624879837036,1,3.7416574954986572,0.5875833878512691,0.41241661214873093,7.6157732009887695,0.03213323708016063,0.9678667629198394,15.779733657836914,0.019433676611277383,0.9805663233887226
survset:support2,DeepHit,1,42,4267,2.6457512378692627,1,3.7416574954986572,0.4746643920872092,0.5253356079127909,7.6157732009887695,0.05077200909622867,0.9492279909037713,15.779733657836914,0.035170096055186645,0.9648299039448134
survset:support2,DeepHit,1,42,3783,7.745966911315918,1,3.7416574954986572,0.9829052429370877,0.017094757062912302,7.6157732009887695,0.9373949088952329,0.06260509110476709,15.779733657836914,0.6204241711305397,0.3795758288694603
survset:support2,DeepHit,1,42,791,25.219039916992188,1,3.7416574954986572,0.9952514174712879,0.004748582528712131,7.6157732009887695,0.9906931729915894,0.009306827008410568,15.779733657836914,0.7663062301972655,0.23369376980273449
survset:support2,DeepHit,1,42,334,2.2360680103302,1,3.7416574954986572,0.36320996494398333,0.6367900350560167,7.6157732009887695,0.050114617679400904,0.949885382320599,15.779733657836914,0.045998802888212315,0.9540011971117877
survset:support2,DeepHit,1,42,8265,19.287302017211914,1,3.7416574954986572,0.98555786978011,0.014442130219890048,7.6157732009887695,0.957454486491363,0.042545513508637,15.779733657836914,0.6578174038987197,0.3421825961012803
survset:support2,DeepHit,1,42,8939,23.323806762695312,0,3.7416574954986572,0.9959387620996307,0.0040612379003692745,7.6157732009887695,0.9943417849680369,0.005658215031963065,15.779733657836914,0.8234370705727163,0.1765629294272837
survset:support2,DeepHit,1,42,7170,19.92485809326172,1,3.7416574954986572,0.9930993792949759,0.006900620705024063,7.6157732009887695,0.9886844162449037,0.011315583755096337,15.779733657836914,0.7474138612392082,0.25258613876079183
survset:support2,DeepHit,1,42,196,19.646883010864258,1,3.7416574954986572,0.9320190242755364,0.0679809757244636,7.6157732009887695,0.8951911541964046,0.1048088458035954,15.779733657836914,0.7137140567190517,0.28628594328094825
survset:support2,DeepHit,1,42,4705,29.46183967590332,0,3.7416574954986572,0.9716372709123481,0.028362729087651917,7.6157732009887695,0.9583509398404119,0.041649060159588136,15.779733657836914,0.7472501231944751,0.25274987680552485
survset:support2,DeepHit,1,42,3354,20.56696319580078,1,3.7416574954986572,0.9966042900288732,0.0033957099711268146,7.6157732009887695,0.9945849881764119,0.005415011823588056,15.779733657836914,0.7744752368846617,0.2255247631153383
survset:support2,DeepHit,1,42,1146,28.213472366333008,0,3.7416574954986572,0.9910447924024487,0.008955207597551307,7.6157732009887695,0.9870241648168465,0.012975835183153483,15.779733657836914,0.7913467410252067,0.20865325897479325
survset:support2,DeepHit,1,42,229,10.72380542755127,1,3.7416574954986572,0.985181641412943,0.014818358587057046,7.6157732009887695,0.9751561761376415,0.024843823862358505,15.779733657836914,0.7021478623008234,0.2978521376991766
survset:support2,DeepHit,1,42,5140,25.534290313720703,0,3.7416574954986572,0.9909951226846008,0.009004877315399229,7.6157732009887695,0.9843210219462388,0.015678978053761172,15.779733657836914,0.6810754255790894,0.3189245744209106
survset:support2,DeepHit,1,42,6881,4.242640495300293,1,3.7416574954986572,0.504022558769894,0.495977441230106,7.6157732009887695,0.041494523340872204,0.9585054766591278,15.779733657836914,0.020602147815049952,0.97939785218495
survset:support2,DeepHit,1,42,1867,5.196152210235596,1,3.7416574954986572,0.5676223515619941,0.43237764843800586,7.6157732009887695,0.050841749088761545,0.9491582509112384,15.779733657836914,0.03521959347254967,0.9647804065274503
survset:support2,DeepHit,1,42,5248,24.657655715942383,0,3.7416574954986572,0.9967531435472142,0.0032468564527857735,7.6157732009887695,0.9958689131628632,0.00413108683713681,15.779733657836914,0.821505828758839,0.17849417124116096
survset:support2,DeepHit,1,42,7543,7.6157732009887695,1,3.7416574954986572,0.5451936183728966,0.4548063816271034,7.6157732009887695,0.05516873029747378,0.9448312697025262,15.779733657836914,0.027567161768177962,0.972432838231822
survset:support2,DeepHit,1,42,4026,27.874719619750977,1,3.7416574954986572,0.993756524337663,0.006243475662336961,7.6157732009887695,0.9918291372646532,0.00817086273534684,15.779733657836914,0.7885398286808505,0.21146017131914951
survset:support2,DeepHit,1,42,2777,28.319604873657227,0,3.7416574954986572,0.9938364462849453,0.006163553715054726,7.6157732009887695,0.9905695448718278,0.0094304551281722,15.779733657836914,0.7711633947126156,0.22883660528738436
survset:support2,DeepHit,1,42,5546,21.748563766479492,0,3.7416574954986572,0.9918599894540824,0.00814001054591762,7.6157732009887695,0.9850098342916885,0.014990165708311465,15.779733657836914,0.7091342178085372,0.29086578219146275
survset:support2,DeepHit,1,42,8821,25.63201141357422,0,3.7416574954986572,0.9954975757533641,0.004502424246635939,7.6157732009887695,0.991144291705995,0.00885570829400495,15.779733657836914,0.77753266488989,0.22246733511010996
survset:support2,DeepHit,1,42,7051,2.0,1,3.7416574954986572,0.46173829456325505,0.5382617054367449,7.6157732009887695,0.077387130592902,0.922612869407098,15.779733657836914,0.056799206160845335,0.9432007938391547
survset:support2,DeepHit,1,42,461,40.607879638671875,0,3.7416574954986572,0.9928702626765193,0.007129737323480656,7.6157732009887695,0.987412275135071,0.012587724864928984,15.779733657836914,0.7894430971887652,0.21055690281123485
survset:support2,DeepHit,1,42,5480,13.114876747131348,1,3.7416574954986572,0.9919338650470908,0.008066134952909199,7.6157732009887695,0.9746669322935994,0.025333067706400647,15.779733657836914,0.6012138676073605,0.3987861323926395
survset:support2,DeepHit,1,42,4063,4.690415859222412,1,3.7416574954986572,0.5210113065223466,0.4789886934776534,7.6157732009887695,0.06146930081848749,0.9385306991815126,15.779733657836914,0.028398762989503536,0.9716012370104965
survset:support2,DeepHit,1,42,3406,6.164413928985596,1,3.7416574954986572,0.5491684502270806,0.4508315497729194,7.6157732009887695,0.04493959795836831,0.9550604020416317,15.779733657836914,0.020921742929357563,0.9790782570706424
survset:support2,DeepHit,1,42,7573,2.6457512378692627,1,3.7416574954986572,0.41504916410698367,0.5849508358930163,7.6157732009887695,0.03047797388046395,0.9695220261195361,15.779733657836914,0.022487895472838554,0.9775121045271614
survset:support2,DeepHit,1,42,6448,39.1024284362793,0,3.7416574954986572,0.9945510292368759,0.005448970763124117,7.6157732009887695,0.9885281794224814,0.01147182057751861,15.779733657836914,0.7217313224362109,0.27826867756378915
survset:support2,DeepHit,1,42,5306,12.12435531616211,1,3.7416574954986572,0.9905691858703956,0.009430814129604448,7.6157732009887695,0.9850619965909807,0.014938003409019296,15.779733657836914,0.7220187843420101,0.27798121565798994
survset:support2,DeepHit,1,42,5418,23.130067825317383,0,3.7416574954986572,0.9925609860840751,0.007439013915924941,7.6157732009887695,0.9858352187400837,0.01416478125991627,15.779733657836914,0.7727503082009323,0.22724969179906773
survset:support2,DeepHit,1,42,7533,9.110433578491211,1,3.7416574954986572,0.9719986464320929,0.028001353567907117,7.6157732009887695,0.9255640851962297,0.07443591480377032,15.779733657836914,0.5847964590679676,0.4152035409320324
survset:support2,DeepHit,1,42,3707,38.53569793701172,1,3.7416574954986572,0.9909198747774856,0.009080125222514446,7.6157732009887695,0.9812233688377283,0.018776631162271684,15.779733657836914,0.655672636406207,0.344327363593793
survset:support2,DeepHit,1,42,7957,16.155494689941406,1,3.7416574954986572,0.9879978439654276,0.012002156034572442,7.6157732009887695,0.9813902028308616,0.018609797169138353,15.779733657836914,0.7423275261510077,0.2576724738489923
survset:support2,DeepHit,1,42,7123,28.26658821105957,0,3.7416574954986572,0.9939664034531818,0.006033596546818232,7.6157732009887695,0.9908174379861014,0.009182562013898554,15.779733657836914,0.7774373661062813,0.22256263389371866
survset:support2,DeepHit,1,42,6776,32.557640075683594,0,3.7416574954986572,0.997516733856078,0.002483266143922025,7.6157732009887695,0.9963597035966568,0.0036402964033431795,15.779733657836914,0.793391694698832,0.20660830530116803
survset:support2,DeepHit,1,42,7034,26.570659637451172,1,3.7416574954986572,0.9933602383018489,0.006639761698151059,7.6157732009887695,0.990867387721202,0.009132612278798025,15.779733657836914,0.7788933766533066,0.2211066233466934
survset:support2,DeepHit,1,42,3789,40.902320861816406,0,3.7416574954986572,0.9940353229802377,0.005964677019762332,7.6157732009887695,0.9837271204935617,0.016272879506438298,15.779733657836914,0.6361223252096102,0.3638776747903898
survset:support2,DeepHit,1,42,8569,31.11269760131836,0,3.7416574954986572,0.9967464118890296,0.003253588110970429,7.6157732009887695,0.9956040049429865,0.004395995057013491,15.779733657836914,0.8143710525069426,0.18562894749305736
survset:support2,DeepHit,1,42,5470,22.605308532714844,0,3.7416574954986572,0.9949278757556539,0.00507212424434611,7.6157732009887695,0.9914143409521768,0.008585659047823158,15.779733657836914,0.7789180439218144,0.2210819560781856
survset:support2,DeepHit,1,42,4541,8.88819408416748,1,3.7416574954986572,0.9871251986658123,0.012874801334187724,7.6157732009887695,0.9773899029122586,0.02261009708774142,15.779733657836914,0.6979801411891964,0.3020198588108036
survset:support2,DeepHit,1,42,5924,5.0,1,3.7416574954986572,0.5173007594822799,0.48269924051772006,7.6157732009887695,0.03785042142399863,0.9621495785760014,15.779733657836914,0.019257968158446315,0.9807420318415537
survset:support2,DeepHit,1,42,4248,14.832396507263184,1,3.7416574954986572,0.9748093890789042,0.025190610921095757,7.6157732009887695,0.9300676076448773,0.06993239235512272,15.779733657836914,0.6438068118789718,0.3561931881210282
survset:support2,DeepHit,1,42,1599,10.049875259399414,1,3.7416574954986572,0.9936029102413377,0.006397089758662267,7.6157732009887695,0.9796750438837707,0.02032495611622931,15.779733657836914,0.7175624478565582,0.2824375521434418
survset:support2,DeepHit,1,42,8390,2.4494898319244385,1,3.7416574954986572,0.5549802196788696,0.44501978032113043,7.6157732009887695,0.02651124939331968,0.9734887506066803,15.779733657836914,0.021675202262626838,0.9783247977373731
survset:support2,DeepHit,1,42,3703,16.309507369995117,1,3.7416574954986572,0.9895148786269854,0.010485121373014605,7.6157732009887695,0.9727480971729725,0.027251902827027497,15.779733657836914,0.677981393564273,0.322018606435727
survset:support2,DeepHit,1,42,879,20.832666397094727,1,3.7416574954986572,0.9924136009522371,0.007586399047762926,7.6157732009887695,0.9863113118052792,0.0136886881947208,15.779733657836914,0.7013282573148029,0.29867174268519714
survset:support2,DeepHit,1,42,2077,5.74456262588501,1,3.7416574954986572,0.5264885308473828,0.4735114691526172,7.6157732009887695,0.05711115102570073,0.9428888489742993,15.779733657836914,0.0389255188645677,0.9610744811354323
survset:support2,DeepHit,1,42,8323,30.033315658569336,1,3.7416574954986572,0.9852230852989565,0.014776914701043475,7.6157732009887695,0.9612544530606084,0.038745546939391584,15.779733657836914,0.674824457305058,0.325175542694942
survset:support2,DeepHit,1,42,3189,19.899747848510742,0,3.7416574954986572,0.9852948770204333,0.01470512297956672,7.6157732009887695,0.9761224796673243,0.02387752033267565,15.779733657836914,0.6989370773637149,0.3010629226362851
survset:support2,DeepHit,1,42,8531,31.70173454284668,0,3.7416574954986572,0.988843450284892,0.011156549715108044,7.6157732009887695,0.9800127166211672,0.01998728337883282,15.779733657836914,0.7494630458709177,0.2505369541290823
survset:support2,DeepHit,1,42,7368,24.93992805480957,0,3.7416574954986572,0.9927271122400299,0.007272887759970148,7.6157732009887695,0.9897785727129905,0.010221427287009477,15.779733657836914,0.7689301985840128,0.2310698014159872
survset:support2,DeepHit,1,42,4614,15.264337539672852,1,3.7416574954986572,0.9844038611012925,0.015596138898707479,7.6157732009887695,0.9546849146205525,0.045315085379447506,15.779733657836914,0.6460586472677716,0.3539413527322284
survset:support2,DeepHit,1,42,1381,23.237899780273438,1,3.7416574954986572,0.9942780291454291,0.005721970854570935,7.6157732009887695,0.9913718220943077,0.008628177905692258,15.779733657836914,0.8103485984597307,0.18965140154026927
survset:support2,DeepHit,1,42,6221,23.66431999206543,1,3.7416574954986572,0.9886421014689193,0.011357898531080712,7.6157732009887695,0.9799080115874903,0.020091988412509698,15.779733657836914,0.6935432836518283,0.30645671634817173
survset:support2,DeepHit,1,42,4653,7.8102498054504395,1,3.7416574954986572,0.9897016186034251,0.010298381396574907,7.6157732009887695,0.9455754888613254,0.054424511138674636,15.779733657836914,0.5576961114036458,0.44230388859635417
survset:support2,DeepHit,1,42,2165,25.84569549560547,1,3.7416574954986572,0.9864859712740853,0.013514028725914673,7.6157732009887695,0.9763776213801406,0.023622378619859385,15.779733657836914,0.7712666616368268,0.22873333836317322
survset:support2,DeepHit,1,42,8947,23.06512451171875,0,3.7416574954986572,0.9776668505457385,0.02233314945426146,7.6157732009887695,0.9557638301744599,0.04423616982554013,15.779733657836914,0.6564980561356052,0.3435019438643948
survset:support2,DeepHit,1,42,150,8.602325439453125,1,3.7416574954986572,0.9736274094191071,0.02637259058089292,7.6157732009887695,0.9264009016859925,0.07359909831400746,15.779733657836914,0.5935438886621609,0.4064561113378391
survset:support2,DeepHit,1,42,8015,41.641326904296875,1,3.7416574954986572,0.9911946478945938,0.008805352105406228,7.6157732009887695,0.9794522544674363,0.020547745532563666,15.779733657836914,0.6991640080474579,0.30083599195254207
survset:support2,DeepHit,1,42,6827,27.53179931640625,1,3.7416574954986572,0.9890575678930587,0.010942432106941347,7.6157732009887695,0.9711876063286353,0.028812393671364678,15.779733657836914,0.6911266534339061,0.3088733465660939
survset:support2,DeepHit,1,42,7977,19.899747848510742,1,3.7416574954986572,0.979906538549758,0.020093461450242045,7.6157732009887695,0.9442663786183556,0.055733621381644394,15.779733657836914,0.6312610241341211,0.3687389758658789
survset:support2,DeepHit,1,42,4234,8.602325439453125,1,3.7416574954986572,0.9823806432259816,0.01761935677401838,7.6157732009887695,0.9709260782036705,0.029073921796329505,15.779733657836914,0.7124607147619255,0.2875392852380745
survset:support2,DeepHit,1,42,7149,7.549834251403809,1,3.7416574954986572,0.5326970327039677,0.46730296729603227,7.6157732009887695,0.06511598972367906,0.934884010276321,15.779733657836914,0.0360657908201836,0.9639342091798164
survset:support2,DeepHit,1,42,7556,13.0,1,3.7416574954986572,0.9953570724878654,0.004642927512134576,7.6157732009887695,0.9930101206263333,0.006989879373666685,15.779733657836914,0.7657872830200478,0.23421271697995216
survset:support2,DeepHit,1,42,2112,39.72404861450195,0,3.7416574954986572,0.9924926007037054,0.007507399296294626,7.6157732009887695,0.9874325539150782,0.012567446084921774,15.779733657836914,0.7432743791475611,0.2567256208524389
survset:support2,DeepHit,1,42,1318,23.916521072387695,1,3.7416574954986572,0.9888623074414753,0.011137692558524703,7.6157732009887695,0.9771338388859321,0.022866161114067918,15.779733657836914,0.7184033239934567,0.28159667600654326
survset:support2,DeepHit,1,42,4992,13.892443656921387,1,3.7416574954986572,0.9943540745191571,0.005645925480842862,7.6157732009887695,0.9893454105769939,0.010654589423006122,15.779733657836914,0.7462183372008885,0.2537816627991115
survset:support2,DeepHit,1,42,2787,28.142494201660156,0,3.7416574954986572,0.9954599049269844,0.00454009507301556,7.6157732009887695,0.9933019181820144,0.0066980818179855905,15.779733657836914,0.7967522846146309,0.20324771538536912
survset:support2,DeepHit,1,42,565,10.14889144897461,1,3.7416574954986572,0.9807693274972614,0.019230672502738577,7.6157732009887695,0.9721809277335023,0.027819072266497713,15.779733657836914,0.7587704847988794,0.24122951520112057
survset:support2,DeepHit,1,42,350,29.647933959960938,1,3.7416574954986572,0.98667905044998,0.013320949550019945,7.6157732009887695,0.9660096764283694,0.033990323571630565,15.779733657836914,0.723002039224583,0.27699796077541705
survset:support2,DeepHit,1,42,7487,11.958260536193848,1,3.7416574954986572,0.9763079459597332,0.023692054040266752,7.6157732009887695,0.954439789485472,0.045560210514527966,15.779733657836914,0.6548502472494655,0.3451497527505345
survset:support2,DeepHit,1,42,7667,9.848857879638672,1,3.7416574954986572,0.9939754153321743,0.006024584667825739,7.6157732009887695,0.9916605133501766,0.008339486649823424,15.779733657836914,0.7524569051028976,0.24754309489710236
survset:support2,DeepHit,1,42,320,3.316624879837036,1,3.7416574954986572,0.5426235713675558,0.4573764286324442,7.6157732009887695,0.028837011748740045,0.9711629882512599,15.779733657836914,0.01749434236819411,0.9825056576318059
survset:support2,DeepHit,1,42,988,12.369317054748535,1,3.7416574954986572,0.9884499042788936,0.011550095721106435,7.6157732009887695,0.9702356123175608,0.029764387682439164,15.779733657836914,0.6623532321551148,0.33764676784488523
survset:support2,DeepHit,1,42,5398,2.0,1,3.7416574954986572,0.42131573734221833,0.5786842626577817,7.6157732009887695,0.05807220996172618,0.9419277900382739,15.779733657836914,0.03611163096588689,0.9638883690341131
survset:support2,DeepHit,1,42,2867,2.8284270763397217,1,3.7416574954986572,0.5264536720933871,0.4735463279066129,7.6157732009887695,0.037600818323921224,0.9623991816760787,15.779733657836914,0.020023441173359836,0.9799765588266401
survset:support2,DeepHit,1,42,8268,38.587562561035156,0,3.7416574954986572,0.9917872986440903,0.00821270135590968,7.6157732009887695,0.9848152403048472,0.01518475969515276,15.779733657836914,0.7773122918875229,0.22268770811247707
survset:support2,DeepHit,1,42,7150,5.656854152679443,1,3.7416574954986572,0.49327999362276637,0.5067200063772337,7.6157732009887695,0.03105816013965841,0.9689418398603415,15.779733657836914,0.015932394083273238,0.9840676059167268
survset:support2,DeepHit,1,42,77,44.48595428466797,0,3.7416574954986572,0.9949169372557887,0.005083062744211331,7.6157732009887695,0.9904476915080179,0.009552308491982076,15.779733657836914,0.7563490409593133,0.24365095904068668
survset:support2,DeepHit,1,42,4593,30.430248260498047,0,3.7416574954986572,0.9949461592056678,0.005053840794332243,7.6157732009887695,0.9933212008467424,0.006678799153257642,15.779733657836914,0.782666353096826,0.21733364690317403
survset:support2,DeepHit,1,42,297,2.6457512378692627,1,3.7416574954986572,0.4671246634671471,0.5328753365328529,7.6157732009887695,0.04178261860958425,0.9582173813904158,15.779733657836914,0.014775964453203583,0.9852240355467964
survset:support2,DeepHit,1,42,6729,2.8284270763397217,1,3.7416574954986572,0.44885815880369284,0.5511418411963072,7.6157732009887695,0.05366334160519954,0.9463366583948004,15.779733657836914,0.041245944613039424,0.9587540553869606
survset:support2,DeepHit,1,42,2626,30.364452362060547,0,3.7416574954986572,0.9913455860335193,0.0086544139664807,7.6157732009887695,0.986666741331704,0.013333258668296044,15.779733657836914,0.7526185029345382,0.24738149706546175
survset:support2,DeepHit,1,42,7235,26.68332862854004,0,3.7416574954986572,0.9905252209723194,0.009474779027680569,7.6157732009887695,0.986443491885882,0.013556508114118015,15.779733657836914,0.7937448087689081,0.20625519123109193
survset:support2,DeepHit,1,42,8183,2.0,1,3.7416574954986572,0.413341192972161,0.586658807027839,7.6157732009887695,0.02613611056705721,0.9738638894329428,15.779733657836914,0.018649631913126113,0.9813503680868739
survset:support2,DeepHit,1,42,3045,23.473388671875,0,3.7416574954986572,0.9830874252517694,0.016912574748230602,7.6157732009887695,0.9691831229497169,0.03081687705028313,15.779733657836914,0.6819831553919751,0.31801684460802493
survset:support2,DeepHit,1,42,8694,28.670541763305664,0,3.7416574954986572,0.9968161928530643,0.003183807146935669,7.6157732009887695,0.995707808022386,0.0042921919776139905,15.779733657836914,0.8837841547785444,0.11621584522145556
survset:support2,DeepHit,1,42,2670,20.174240112304688,1,3.7416574954986572,0.966562780269615,0.03343721973038505,7.6157732009887695,0.9458915380200884,0.05410846197991159,15.779733657836914,0.6956568192490475,0.30434318075095246
survset:support2,DeepHit,1,42,5224,8.246211051940918,1,3.7416574954986572,0.9753762075670254,0.024623792432974634,7.6157732009887695,0.9459991718253458,0.054000828174654236,15.779733657836914,0.6741473927525248,0.3258526072474752
survset:support2,DeepHit,1,42,3286,2.0,1,3.7416574954986572,0.4212920338698894,0.5787079661301107,7.6157732009887695,0.04662251390477118,0.9533774860952289,15.779733657836914,0.03018247142638397,0.969817528573616
survset:support2,DeepHit,1,42,1450,22.113344192504883,0,3.7416574954986572,0.9899844074252514,0.0100155925747486,7.6157732009887695,0.9794598638366354,0.020540136163364586,15.779733657836914,0.7574825728544706,0.24251742714552937
survset:support2,DeepHit,1,42,4030,6.324555397033691,1,3.7416574954986572,0.6190014879407729,0.3809985120592271,7.6157732009887695,0.056139406389366854,0.9438605936106331,15.779733657836914,0.022740042211833643,0.9772599577881663
survset:support2,DeepHit,1,42,2424,32.95451354980469,0,3.7416574954986572,0.9933952810590534,0.006604718940946608,7.6157732009887695,0.9871584016161965,0.012841598383803499,15.779733657836914,0.7365970472995331,0.2634029527004669
survset:support2,DeepHit,1,42,7557,21.931713104248047,0,3.7416574954986572,0.9918193831150203,0.00818061688497973,7.6157732009887695,0.9797498688007205,0.020250131199279542,15.779733657836914,0.6455769041327469,0.35442309586725307
survset:support2,DeepHit,1,42,5356,6.78233003616333,1,3.7416574954986572,0.5071027827267339,0.4928972172732661,7.6157732009887695,0.027046649586540464,0.9729533504134595,15.779733657836914,0.01292878958020841,0.9870712104197916
survset:support2,DeepHit,1,42,5285,24.31049156188965,0,3.7416574954986572,0.9929357870523092,0.007064212947690773,7.6157732009887695,0.9904526768548262,0.009547323145173814,15.779733657836914,0.8182026595374132,0.18179734046258678
survset:support2,DeepHit,1,42,2258,5.5677642822265625,1,3.7416574954986572,0.5114956039989313,0.48850439600106865,7.6157732009887695,0.09870042273621953,0.9012995772637805,15.779733657836914,0.04520905843793396,0.954790941562066
survset:support2,DeepHit,1,42,247,17.549928665161133,1,3.7416574954986572,0.9871543438798258,0.012845656120174187,7.6157732009887695,0.9725069094148023,0.027493090585197666,15.779733657836914,0.7479674470186145,0.2520325529813855
survset:support2,DeepHit,1,42,3389,4.123105525970459,1,3.7416574954986572,0.4363858310658983,0.5636141689341017,7.6157732009887695,0.04592271195045442,0.9540772880495456,15.779733657836914,0.036981938878179875,0.9630180611218201
survset:support2,DeepHit,1,42,1230,4.358899116516113,1,3.7416574954986572,0.44394518021814866,0.5560548197818513,7.6157732009887695,0.049805537397872975,0.950194462602127,15.779733657836914,0.03364519752277715,0.9663548024772228
survset:support2,DeepHit,1,42,2211,3.605551242828369,1,3.7416574954986572,0.5487094950592664,0.45129050494073364,7.6157732009887695,0.05261263915177142,0.9473873608482286,15.779733657836914,0.030853042341064816,0.9691469576589352
survset:support2,DeepHit,1,42,4608,1.7320507764816284,1,3.7416574954986572,0.42895634654342757,0.5710436534565724,7.6157732009887695,0.04162679483457688,0.9583732051654231,15.779733657836914,0.030506740989133842,0.9694932590108661
survset:support2,DeepHit,1,42,6822,32.04684066772461,0,3.7416574954986572,0.997647363679064,0.0023526363209359635,7.6157732009887695,0.9969202033552694,0.0030797966447305702,15.779733657836914,0.8532861057653741,0.14671389423462589
survset:support2,DeepHit,1,42,763,20.32240104675293,1,3.7416574954986572,0.9948360345510033,0.005163965448996666,7.6157732009887695,0.9843740970526151,0.015625902947384862,15.779733657836914,0.7222029807480144,0.27779701925198563
survset:support2,DeepHit,1,42,3464,3.316624879837036,1,3.7416574954986572,0.5054129717894067,0.4945870282105933,7.6157732009887695,0.01945727116957379,0.9805427288304263,15.779733657836914,0.014069242614779308,0.9859307573852207
survset:support2,DeepHit,1,42,363,41.71330642700195,0,3.7416574954986572,0.9874752054264343,0.0125247945735657,7.6157732009887695,0.9656764975902018,0.0343235024097982,15.779733657836914,0.6834815215318015,0.31651847846819847
survset:support2,DeepHit,1,42,8143,8.66025447845459,1,3.7416574954986572,0.989202878769584,0.010797121230415985,7.6157732009887695,0.9829019100927521,0.017098089907247926,15.779733657836914,0.7199902525430434,0.2800097474569566
survset:support2,DeepHit,1,42,3838,40.33608627319336,0,3.7416574954986572,0.9906203501170258,0.00937964988297424,7.6157732009887695,0.9840601925091286,0.015939807490871427,15.779733657836914,0.8499300712985257,0.1500699287014743
survset:support2,DeepHit,1,42,8539,22.494443893432617,1,3.7416574954986572,0.9906677619661897,0.009332238033810336,7.6157732009887695,0.9803001793548151,0.01969982064518494,15.779733657836914,0.6666353081786752,0.3333646918213248
survset:support2,DeepHit,1,42,6024,39.34463119506836,1,3.7416574954986572,0.9924942445079015,0.0075057554920985314,7.6157732009887695,0.9852170609907558,0.014782939009244211,15.779733657836914,0.6814779067600423,0.3185220932399577
survset:support2,DeepHit,1,42,3531,11.269427299499512,1,3.7416574954986572,0.9889678794848605,0.011032120515139465,7.6157732009887695,0.9857753099908206,0.014224690009179364,15.779733657836914,0.7544595370605373,0.24554046293946274
survset:support2,DeepHit,1,42,8690,28.75760841369629,0,3.7416574954986572,0.9893282886545982,0.010671711345401791,7.6157732009887695,0.9836725930320196,0.016327406967980407,15.779733657836914,0.7396405916847357,0.2603594083152643
survset:support2,DeepHit,1,42,6653,10.954451560974121,1,3.7416574954986572,0.9831628801887677,0.01683711981123226,7.6157732009887695,0.9630521430332514,0.03694785696674863,15.779733657836914,0.664729614563013,0.33527038543698695
survset:support2,DeepHit,1,42,6368,10.198039054870605,1,3.7416574954986572,0.9897281256442425,0.010271874355757493,7.6157732009887695,0.9784831319814525,0.021516868018547464,15.779733657836914,0.6951887587036367,0.3048112412963633
survset:support2,DeepHit,1,42,5521,21.97726058959961,0,3.7416574954986572,0.9926839591670739,0.007316040832926141,7.6157732009887695,0.9877863206212545,0.012213679378745512,15.779733657836914,0.7208385509488847,0.2791614490511153
survset:support2,DeepHit,1,42,2274,24.779024124145508,1,3.7416574954986572,0.9941287249036368,0.005871275096363204,7.6157732009887695,0.9909432186204886,0.00905678137951138,15.779733657836914,0.7741702378745784,0.2258297621254216
survset:support2,DeepHit,1,42,3080,21.540658950805664,1,3.7416574954986572,0.9937613461204439,0.006238653879556133,7.6157732009887695,0.9915426248158027,0.008457375184197313,15.779733657836914,0.7727435197199481,0.22725648028005185
survset:support2,DeepHit,1,42,1560,14.317821502685547,1,3.7416574954986572,0.9827680161921944,0.01723198380780555,7.6157732009887695,0.9713520887504555,0.028647911249544467,15.779733657836914,0.7339197495505738,0.2660802504494262
survset:support2,DeepHit,1,42,636,38.4837646484375,0,3.7416574954986572,0.993943609872457,0.006056390127542999,7.6157732009887695,0.9876767859600173,0.01232321403998271,15.779733657836914,0.6648871685872038,0.33511283141279624
survset:support2,DeepHit,1,42,2576,27.23967742919922,1,3.7416574954986572,0.9838706337834296,0.01612936621657035,7.6157732009887695,0.9600737878612873,0.039926212138712724,15.779733657836914,0.6513929569575467,0.34860704304245327
survset:support2,DeepHit,1,42,6150,42.16633605957031,0,3.7416574954986572,0.9952849520269811,0.004715047973018915,7.6157732009887695,0.9920715372819024,0.007928462718097551,15.779733657836914,0.7563709550077892,0.24362904499221083
survset:support2,DeepHit,1,42,5238,9.848857879638672,1,3.7416574954986572,0.9845620705792886,0.015437929420711427,7.6157732009887695,0.9686503737387634,0.03134962626123661,15.779733657836914,0.7331651894085139,0.26683481059148606
survset:support2,DeepHit,1,42,4631,11.269427299499512,1,3.7416574954986572,0.9853606874468791,0.014639312553120898,7.6157732009887695,0.957018129082325,0.042981870917675025,15.779733657836914,0.6024200223405611,0.39757997765943887
survset:support2,DeepHit,1,42,2233,5.656854152679443,1,3.7416574954986572,0.548965556198935,0.45103444380106505,7.6157732009887695,0.018758586516155945,0.9812414134838441,15.779733657836914,0.008282533152185577,0.9917174668478145
survset:support2,DeepHit,1,42,2132,5.196152210235596,1,3.7416574954986572,0.4667442755066673,0.5332557244933327,7.6157732009887695,0.05084240248402919,0.9491575975159708,15.779733657836914,0.025887649273068518,0.9741123507269315
survset:support2,DeepHit,1,42,4305,32.77193832397461,0,3.7416574954986572,0.9937020327768246,0.006297967223175438,7.6157732009887695,0.9851745724402696,0.014825427559730375,15.779733657836914,0.7622113659585923,0.2377886340414077
survset:support2,DeepHit,1,42,2022,20.542638778686523,1,3.7416574954986572,0.9939642202905788,0.006035779709421152,7.6157732009887695,0.9900302052545477,0.009969794745452343,15.779733657836914,0.7157825512349849,0.2842174487650151
survset:support2,DeepHit,1,42,7854,2.6457512378692627,1,3.7416574954986572,0.4270365273253306,0.5729634726746694,7.6157732009887695,0.013712493273362977,0.986287506726637,15.779733657836914,0.011570977530862808,0.9884290224691372
survset:support2,DeepHit,1,42,625,38.54867172241211,0,3.7416574954986572,0.9959039500490477,0.004096049950952252,7.6157732009887695,0.9929624725297541,0.007037527470245886,15.779733657836914,0.7706983680414156,0.22930163195858444
survset:support2,DeepHit,1,42,2547,31.52776527404785,0,3.7416574954986572,0.9848069930888097,0.015193006911190299,7.6157732009887695,0.9752810980350629,0.02471890196493709,15.779733657836914,0.726896810869501,0.273103189130499
survset:support2,DeepHit,1,42,352,10.0,1,3.7416574954986572,0.989855135449691,0.010144864550309052,7.6157732009887695,0.958423232885483,0.041576767114516966,15.779733657836914,0.6492679489016666,0.3507320510983334
survset:support2,DeepHit,1,42,6869,12.806248664855957,1,3.7416574954986572,0.9884540558071545,0.011545944192845492,7.6157732009887695,0.979004201680159,0.020995798319840997,15.779733657836914,0.676146326185642,0.32385367381435803
survset:support2,DeepHit,1,42,2660,2.6457512378692627,1,3.7416574954986572,0.469262077047309,0.530737922952691,7.6157732009887695,0.04045871958907511,0.9595412804109249,15.779733657836914,0.02149850509925523,0.9785014949007448
survset:support2,DeepHit,1,42,5314,14.933184623718262,1,3.7416574954986572,0.9905977180353246,0.009402281964675407,7.6157732009887695,0.9771777963815773,0.022822203618422687,15.779733657836914,0.7084763237130602,0.29152367628693976
survset:support2,DeepHit,1,42,6617,2.6457512378692627,1,3.7416574954986572,0.4126240146112933,0.5873759853887067,7.6157732009887695,0.018157252726576076,0.9818427472734239,15.779733657836914,0.010332591536310966,0.9896674084636891
survset:support2,DeepHit,1,42,4024,38.57460403442383,0,3.7416574954986572,0.9753229010198393,0.024677098980160683,7.6157732009887695,0.9628545819473867,0.03714541805261329,15.779733657836914,0.7322056507370833,0.2677943492629167
survset:support2,DeepHit,1,42,965,2.2360680103302,1,3.7416574954986572,0.4800225343664429,0.5199774656335572,7.6157732009887695,0.02237764496850102,0.977622355031499,15.779733657836914,0.014308956242261351,0.9856910437577386
survset:support2,DeepHit,1,42,7641,20.760540008544922,0,3.7416574954986572,0.9840305339200756,0.015969466079924444,7.6157732009887695,0.9637090267679522,0.036290973232047774,15.779733657836914,0.7555626192857885,0.2444373807142115
survset:support2,DeepHit,1,42,2162,7.280109882354736,1,3.7416574954986572,0.5300382860455813,0.46996171395441866,7.6157732009887695,0.0689154908714139,0.9310845091285861,15.779733657836914,0.053353099778388424,0.9466469002216116
survset:support2,DeepHit,1,42,5500,22.203603744506836,0,3.7416574954986572,0.9636892479059165,0.03631075209408352,7.6157732009887695,0.944110816289558,0.05588918371044205,15.779733657836914,0.689171803763903,0.31082819623609703
survset:support2,DeepHit,1,42,6705,15.066518783569336,1,3.7416574954986572,0.9955112059131425,0.004488794086857539,7.6157732009887695,0.9939899054774269,0.006010094522573062,15.779733657836914,0.7936523793007807,0.2063476206992193
survset:support2,DeepHit,1,42,6365,4.795831680297852,1,3.7416574954986572,0.5438765429003123,0.4561234570996877,7.6157732009887695,0.02992699202984164,0.9700730079701584,15.779733657836914,0.01569628223042525,0.9843037177695747
survset:support2,DeepHit,1,42,3130,9.899495124816895,1,3.7416574954986572,0.9903005237239054,0.009699476276094576,7.6157732009887695,0.9826290495456259,0.01737095045437409,15.779733657836914,0.6681585886735482,0.33184141132645184
survset:support2,DeepHit,1,42,3391,2.0,1,3.7416574954986572,0.41052290062513697,0.589477099374863,7.6157732009887695,0.0674054472118804,0.9325945527881196,15.779733657836914,0.051610197964400084,0.9483898020355999
survset:support2,DeepHit,1,42,9092,18.947296142578125,0,3.7416574954986572,0.9914737562615061,0.008526243738493866,7.6157732009887695,0.9866030887201831,0.013396911279816903,15.779733657836914,0.7517864431063747,0.24821355689362534
survset:support2,DeepHit,1,42,5675,5.656854152679443,1,3.7416574954986572,0.5509578258418826,0.4490421741581174,7.6157732009887695,0.04954249901271565,0.9504575009872843,15.779733657836914,0.029294488296635994,0.970705511703364
survset:support2,DeepHit,1,42,6701,5.5677642822265625,1,3.7416574954986572,0.5709045323252788,0.4290954676747212,7.6157732009887695,0.03865489635202522,0.9613451036479748,15.779733657836914,0.026877998212568404,0.9731220017874316
survset:support2,DeepHit,1,42,7518,6.7082037925720215,1,3.7416574954986572,0.4188403257795134,0.5811596742204865,7.6157732009887695,0.0480167183038525,0.9519832816961475,15.779733657836914,0.03951987053297678,0.9604801294670232
survset:support2,DeepHit,1,42,1310,3.316624879837036,1,3.7416574954986572,0.5686230956980811,0.4313769043019189,7.6157732009887695,0.046497981007596494,0.9535020189924035,15.779733657836914,0.02938357995986585,0.9706164200401342
survset:support2,DeepHit,1,42,6286,11.045360565185547,1,3.7416574954986572,0.9930341295228374,0.006965870477162572,7.6157732009887695,0.9872511461909235,0.012748853809076532,15.779733657836914,0.7607141166053113,0.2392858833946887
survset:support2,DeepHit,1,42,2071,4.123105525970459,1,3.7416574954986572,0.43007450830696825,0.5699254916930317,7.6157732009887695,0.03300945551630391,0.9669905444836961,15.779733657836914,0.014910914194323301,0.9850890858056767
survset:support2,DeepHit,1,42,3140,21.118711471557617,0,3.7416574954986572,0.9949550580116677,0.005044941988332274,7.6157732009887695,0.9915634188700977,0.00843658112990231,15.779733657836914,0.7258057515349111,0.2741942484650889
survset:support2,DeepHit,1,42,4507,3.872983455657959,1,3.7416574954986572,0.5506657793901395,0.4493342206098605,7.6157732009887695,0.03150099442501606,0.9684990055749839,15.779733657836914,0.017695500767641748,0.9823044992323583
survset:support2,DeepHit,1,42,1685,2.0,1,3.7416574954986572,0.46958642939817424,0.5304135706018258,7.6157732009887695,0.02419112969304333,0.9758088703069566,15.779733657836914,0.014777349372314674,0.9852226506276853
survset:support2,DeepHit,1,42,253,40.0,1,3.7416574954986572,0.9932109594890037,0.006789040510996269,7.6157732009887695,0.9878601058156105,0.012139894184389544,15.779733657836914,0.7851236231815555,0.21487637681844451
survset:support2,DeepHit,1,42,6480,12.288206100463867,1,3.7416574954986572,0.9929152344825424,0.007084765517457625,7.6157732009887695,0.9861892119571164,0.013810788042883604,15.779733657836914,0.6667444956505816,0.3332555043494184
survset:support2,DeepHit,1,42,1500,5.74456262588501,1,3.7416574954986572,0.525066601837472,0.474933398162528,7.6157732009887695,0.037044503589584554,0.9629554964104154,15.779733657836914,0.02457081898356774,0.9754291810164323
survset:support2,DeepHit,1,42,311,3.0,1,3.7416574954986572,0.5471316182169508,0.4528683817830492,7.6157732009887695,0.05947983682337583,0.9405201631766241,15.779733657836914,0.03165187326436928,0.9683481267356308
survset:support2,DeepHit,1,42,7122,12.12435531616211,1,3.7416574954986572,0.9953181076752318,0.004681892324768233,7.6157732009887695,0.9921132129748603,0.007886787025139674,15.779733657836914,0.6932405387970995,0.30675946120290054
survset:support2,DeepHit,1,42,5229,6.0,1,3.7416574954986572,0.48183701535417184,0.5181629846458282,7.6157732009887695,0.05174273164525834,0.9482572683547417,15.779733657836914,0.028580865757515714,0.9714191342424843
survset:support2,DeepHit,1,42,785,31.128765106201172,1,3.7416574954986572,0.9921685308388932,0.007831469161106774,7.6157732009887695,0.9833250485880104,0.016674951411989603,15.779733657836914,0.7336222494187378,0.26637775058126223
survset:support2,DeepHit,1,42,5601,21.189620971679688,0,3.7416574954986572,0.9884690953314988,0.011530904668501152,7.6157732009887695,0.9802426570738542,0.019757342926145838,15.779733657836914,0.686198178023133,0.313801821976867
survset:support2,DeepHit,1,42,8616,7.937253952026367,1,3.7416574954986572,0.9889717667594314,0.011028233240568563,7.6157732009887695,0.9823405414873425,0.01765945851265749,15.779733657836914,0.7407266416563817,0.2592733583436183
survset:support2,DeepHit,1,42,8337,36.400550842285156,1,3.7416574954986572,0.9758204203631865,0.024179579636813497,7.6157732009887695,0.953418637078592,0.04658136292140802,15.779733657836914,0.7133097750206884,0.2866902249793116
survset:support2,DeepHit,1,42,227,12.369317054748535,1,3.7416574954986572,0.9892415692990049,0.010758430700995136,7.6157732009887695,0.9798848458607491,0.020115154139250913,15.779733657836914,0.6853510693361601,0.3146489306638399
survset:support2,DeepHit,1,42,8318,13.152946472167969,1,3.7416574954986572,0.9862204326816204,0.013779567318379593,7.6157732009887695,0.9721089701143271,0.027891029885672936,15.779733657836914,0.6838851578812459,0.31611484211875407
survset:support2,DeepHit,1,42,4759,2.2360680103302,1,3.7416574954986572,0.46281231138302514,0.5371876886169749,7.6157732009887695,0.029157635956174502,0.9708423640438255,15.779733657836914,0.016097852701432356,0.9839021472985676
survset:support2,DeepHit,1,42,5698,3.7416574954986572,1,3.7416574954986572,0.38206503870674263,0.6179349612932574,7.6157732009887695,0.07448853633957646,0.9255114636604236,15.779733657836914,0.044129278658495516,0.9558707213415045
survset:support2,DeepHit,1,42,73,6.633249759674072,1,3.7416574954986572,0.47694577157937323,0.5230542284206268,7.6157732009887695,0.07697563227499446,0.9230243677250055,15.779733657836914,0.05245409917504578,0.9475459008249543
survset:support2,DeepHit,1,42,7633,20.832666397094727,0,3.7416574954986572,0.9952075315674551,0.004792468432544883,7.6157732009887695,0.9936342752044136,0.006365724795586392,15.779733657836914,0.7897677355428323,0.2102322644571677
survset:support2,DeepHit,1,42,4865,28.089143753051758,0,3.7416574954986572,0.9941629926606499,0.005837007339350109,7.6157732009887695,0.9869440469455878,0.013055953054412206,15.779733657836914,0.6659282184433345,0.3340717815566655
survset:support2,DeepHit,1,42,6583,21.840330123901367,1,3.7416574954986572,0.99332150539391,0.006678494606090046,7.6157732009887695,0.990282876469286,0.009717123530713967,15.779733657836914,0.743790738602045,0.25620926139795497
survset:support2,DeepHit,1,42,8948,23.0867919921875,0,3.7416574954986572,0.9912118730838209,0.00878812691617914,7.6157732009887695,0.9871036891473493,0.01289631085265075,15.779733657836914,0.7105247355934071,0.2894752644065929
survset:support2,DeepHit,1,42,2710,14.142135620117188,1,3.7416574954986572,0.9894728221939754,0.010527177806024635,7.6157732009887695,0.975433275548835,0.024566724451165034,15.779733657836914,0.6673508087278693,0.33264919127213066
survset:support2,DeepHit,1,42,1750,3.7416574954986572,1,3.7416574954986572,0.47932490675970996,0.52067509324029,7.6157732009887695,0.0156392433767188,0.9843607566232812,15.779733657836914,0.011875871741449271,0.9881241282585508
survset:support2,DeepHit,1,42,3377,37.960506439208984,1,3.7416574954986572,0.9930305674506034,0.006969432549396637,7.6157732009887695,0.9784571607449445,0.021542839255055513,15.779733657836914,0.6666201109707731,0.3333798890292269
survset:support2,DeepHit,1,42,4997,26.795522689819336,0,3.7416574954986572,0.9913973976671917,0.008602602332808296,7.6157732009887695,0.9808063358671005,0.01919366413289947,15.779733657836914,0.6519089575916275,0.3480910424083725
survset:support2,DeepHit,1,42,7461,23.790754318237305,0,3.7416574954986572,0.993853624041092,0.00614637595890799,7.6157732009887695,0.9907509465961732,0.009249053403826757,15.779733657836914,0.7098638262184253,0.29013617378157475
survset:support2,DeepHit,1,42,2146,39.3319206237793,0,3.7416574954986572,0.9963663279860207,0.00363367201397935,7.6157732009887695,0.9947985338882147,0.005201466111785291,15.779733657836914,0.8175562356369899,0.18244376436301013
survset:support2,DeepHit,1,42,5512,22.068077087402344,0,3.7416574954986572,0.9968464522209332,0.0031535477790668454,7.6157732009887695,0.9950065582854344,0.004993441714565616,15.779733657836914,0.8122750008468409,0.1877249991531591
survset:support2,DeepHit,1,42,1264,5.196152210235596,1,3.7416574954986572,0.539341779650437,0.46065822034956305,7.6157732009887695,0.030304551394650922,0.9696954486053491,15.779733657836914,0.020316254776820027,0.97968374522318
survset:support2,DeepHit,1,42,499,25.337718963623047,1,3.7416574954986572,0.9938879292016606,0.00611207079833942,7.6157732009887695,0.9913040078247685,0.008695992175231537,15.779733657836914,0.7495566833213596,0.2504433166786404
survset:support2,DeepHit,1,42,4156,8.774964332580566,1,3.7416574954986572,0.992798821174045,0.007201178825954946,7.6157732009887695,0.9892424329733221,0.01075756702667785,15.779733657836914,0.7196393456446678,0.2803606543553322
survset:support2,DeepHit,1,42,5920,4.582575798034668,1,3.7416574954986572,0.5282122584808155,0.47178774151918446,7.6157732009887695,0.07991400677563308,0.9200859932243669,15.779733657836914,0.044628198200263286,0.9553718017997367
survset:support2,DeepHit,1,42,3445,5.291502475738525,1,3.7416574954986572,0.4582953459675885,0.5417046540324115,7.6157732009887695,0.04426503551022218,0.9557349644897778,15.779733657836914,0.03802898949099806,0.9619710105090019
survset:support2,DeepHit,1,42,3027,3.7416574954986572,1,3.7416574954986572,0.5335996581214298,0.46640034187857016,7.6157732009887695,0.034420141733748334,0.9655798582662517,15.779733657836914,0.02703891408006188,0.9729610859199381
survset:support2,DeepHit,1,42,7764,12.922847747802734,1,3.7416574954986572,0.9846586864540802,0.015341313545919832,7.6157732009887695,0.9731567025547251,0.026843297445274916,15.779733657836914,0.7116479056660623,0.2883520943339377
survset:support2,DeepHit,1,42,5801,18.65475845336914,0,3.7416574954986572,0.9942467027965565,0.00575329720344353,7.6157732009887695,0.9895004866025854,0.010499513397414617,15.779733657836914,0.6984363840703127,0.3015636159296873
survset:support2,DeepHit,1,42,6236,32.40370178222656,1,3.7416574954986572,0.9964805368400959,0.003519463159904146,7.6157732009887695,0.9922043398372594,0.007795660162740581,15.779733657836914,0.746636964880391,0.253363035119609
survset:support2,DeepHit,1,42,6748,32.81767654418945,0,3.7416574954986572,0.9967258258875143,0.0032741741124856505,7.6157732009887695,0.9960634020443093,0.003936597955690679,15.779733657836914,0.8440021922319807,0.1559978077680193
survset:support2,DeepHit,1,42,8369,16.34013557434082,1,3.7416574954986572,0.9687792839935264,0.03122071600647358,7.6157732009887695,0.9503271209795593,0.04967287902044071,15.779733657836914,0.7186356937280184,0.2813643062719816
survset:support2,DeepHit,1,42,3792,15.033296585083008,1,3.7416574954986572,0.9899142402867579,0.010085759713242104,7.6157732009887695,0.979581872017457,0.020418127982543055,15.779733657836914,0.675489868144717,0.324510131855283
survset:support2,DeepHit,1,42,8559,6.855654716491699,1,3.7416574954986572,0.5899767675794222,0.4100232324205778,7.6157732009887695,0.07202945280463753,0.9279705471953624,15.779733657836914,0.0457017948204343,0.9542982051795657
survset:support2,DeepHit,1,42,3258,2.2360680103302,1,3.7416574954986572,0.32064176118266985,0.6793582388173302,7.6157732009887695,0.05208876039179752,0.9479112396082024,15.779733657836914,0.044154499859313426,0.9558455001406866
survset:support2,DeepHit,1,42,7100,28.618175506591797,0,3.7416574954986572,0.9957344173162502,0.004265582683749769,7.6157732009887695,0.9909992725405705,0.00900072745942948,15.779733657836914,0.6688045775417754,0.33119542245822464
survset:support2,DeepHit,1,42,3887,19.697715759277344,1,3.7416574954986572,0.9933875145106702,0.0066124854893298,7.6157732009887695,0.9883982432070729,0.011601756792927076,15.779733657836914,0.719667605280037,0.28033239471996296
survset:support2,DeepHit,1,42,5380,16.278820037841797,1,3.7416574954986572,0.9866214624774946,0.013378537522505396,7.6157732009887695,0.9782144825317719,0.0217855174682281,15.779733657836914,0.69866539828863,0.30133460171137005
survset:support2,DeepHit,1,42,6874,31.52776527404785,0,3.7416574954986572,0.9967734711292696,0.003226528870730383,7.6157732009887695,0.9946735194151469,0.005326480584853077,15.779733657836914,0.7821882266652014,0.21781177333479862
survset:support2,DeepHit,1,42,2307,10.862780570983887,1,3.7416574954986572,0.9863859579233162,0.013614042076683819,7.6157732009887695,0.9670386031198784,0.03296139688012156,15.779733657836914,0.6611772935648413,0.33882270643515866
survset:support2,DeepHit,1,42,892,12.449899673461914,1,3.7416574954986572,0.9920190254585948,0.007980974541405228,7.6157732009887695,0.973398650603941,0.02660134939605896,15.779733657836914,0.6197537404380493,0.3802462595619507
survset:support2,DeepHit,1,42,3940,2.8284270763397217,1,3.7416574954986572,0.42942557865636094,0.570574421343639,7.6157732009887695,0.05577249693145307,0.944227503068547,15.779733657836914,0.045768782369469484,0.9542312176305305
survset:support2,DeepHit,1,42,3330,2.8284270763397217,1,3.7416574954986572,0.4705556647364455,0.5294443352635545,7.6157732009887695,0.028527374603289864,0.9714726253967101,15.779733657836914,0.01770500586447163,0.9822949941355283
survset:support2,DeepHit,1,42,5595,7.141428470611572,1,3.7416574954986572,0.5454901503815767,0.45450984961842333,7.6157732009887695,0.04834006425286719,0.9516599357471328,15.779733657836914,0.027857316472257407,0.9721426835277426
survset:support2,DeepHit,1,42,5429,23.06512451171875,0,3.7416574954986572,0.986941874145629,0.01305812585437105,7.6157732009887695,0.9769774410748844,0.02302255892511562,15.779733657836914,0.7381532133376435,0.2618467866623565
survset:support2,DeepHit,1,42,5130,3.872983455657959,1,3.7416574954986572,0.5107323503302023,0.48926764966979774,7.6157732009887695,0.018407159011113994,0.981592840988886,15.779733657836914,0.014125582077804429,0.9858744179221955
survset:support2,DeepHit,1,42,2154,39.28104019165039,0,3.7416574954986572,0.9952007168074942,0.004799283192505777,7.6157732009887695,0.9923668898894638,0.007633110110536245,15.779733657836914,0.7760762736593277,0.22392372634067226
survset:support2,DeepHit,1,42,5583,21.424285888671875,0,3.7416574954986572,0.9909205476006189,0.009079452399381127,7.6157732009887695,0.9851310164804854,0.0148689835195146,15.779733657836914,0.7956556037603904,0.20434439623960965
survset:support2,DeepHit,1,42,5873,44.643028259277344,0,3.7416574954986572,0.9925312983440068,0.007468701655993226,7.6157732009887695,0.9880126392443651,0.01198736075563489,15.779733657836914,0.728467690807751,0.271532309192249
survset:support2,DeepHit,1,42,6036,2.6457512378692627,1,3.7416574954986572,0.4847495450642031,0.5152504549357969,7.6157732009887695,0.025484062680335966,0.974515937319664,15.779733657836914,0.018313934578635862,0.9816860654213642
survset:support2,DeepHit,1,42,4974,2.4494898319244385,1,3.7416574954986572,0.4756555311879612,0.5243444688120388,7.6157732009887695,0.03406830534726526,0.9659316946527348,15.779733657836914,0.017992673946248466,0.9820073260537515
survset:support2,DeepHit,1,42,1432,22.69361114501953,0,3.7416574954986572,0.9923352699867837,0.007664730013216325,7.6157732009887695,0.9899211493645831,0.010078850635416914,15.779733657836914,0.7610383942507956,0.23896160574920444
survset:support2,DeepHit,1,42,1911,7.874007701873779,1,3.7416574954986572,0.9878808595985715,0.012119140401428474,7.6157732009887695,0.9772426440761018,0.02275735592389816,15.779733657836914,0.6574579525232404,0.34254204747675965
survset:support2,DeepHit,1,42,3756,3.464101552963257,1,3.7416574954986572,0.5066801051662073,0.4933198948337927,7.6157732009887695,0.02509996070804399,0.974900039291956,15.779733657836914,0.013451029742899185,0.9865489702571009
survset:support2,DeepHit,1,42,2612,2.2360680103302,1,3.7416574954986572,0.4255689979057747,0.5744310020942254,7.6157732009887695,0.02224423418652795,0.977755765813472,15.779733657836914,0.017700905875392914,0.982299094124607
survset:support2,DeepHit,1,42,6919,8.124038696289062,1,3.7416574954986572,0.9822840409381958,0.017715959061804232,7.6157732009887695,0.947138620460241,0.052861379539759,15.779733657836914,0.6499083938533264,0.35009160614667356
survset:support2,DeepHit,1,42,2865,3.464101552963257,1,3.7416574954986572,0.5379933250719197,0.46200667492808034,7.6157732009887695,0.02417355427804723,0.9758264457219528,15.779733657836914,0.017795366936588605,0.9822046330634114
survset:support2,DeepHit,1,42,2330,37.202152252197266,0,3.7416574954986572,0.9943993026362763,0.005600697363723706,7.6157732009887695,0.9918797323071369,0.008120267692863115,15.779733657836914,0.7202364970750833,0.2797635029249167
survset:support2,DeepHit,1,42,4620,30.232433319091797,0,3.7416574954986572,0.9939164595858085,0.006083540414191457,7.6157732009887695,0.989926934836917,0.01007306516308304,15.779733657836914,0.7745659269748595,0.2254340730251405
survset:support2,DeepHit,1,42,3546,7.745966911315918,1,3.7416574954986572,0.9856625763769501,0.014337423623049905,7.6157732009887695,0.9504584382163017,0.049541561783698285,15.779733657836914,0.6062420058488934,0.39375799415110657
survset:support2,DeepHit,1,42,516,35.22782897949219,1,3.7416574954986572,0.9894774913867432,0.010522508613256765,7.6157732009887695,0.9820767176158784,0.017923282384121553,15.779733657836914,0.7314630966245709,0.2685369033754291
survset:support2,DeepHit,1,42,9059,20.2237491607666,0,3.7416574954986572,0.988706969964003,0.01129303003599702,7.6157732009887695,0.9805206897726232,0.01947931022737681,15.779733657836914,0.69043971301671,0.30956028698328997
survset:support2,DeepHit,1,42,5300,11.661903381347656,1,3.7416574954986572,0.9752411366290717,0.024758863370928252,7.6157732009887695,0.9455048391545159,0.054495160845484114,15.779733657836914,0.6522224388682608,0.3477775611317392
survset:support2,DeepHit,1,42,3669,20.976177215576172,1,3.7416574954986572,0.9908948629236787,0.009105137076321324,7.6157732009887695,0.9821752178617211,0.017824782138278872,15.779733657836914,0.7067945971891765,0.2932054028108235
survset:support2,DeepHit,1,42,8005,14.177447319030762,1,3.7416574954986572,0.9931125576954897,0.006887442304510327,7.6157732009887695,0.9834447138559558,0.016555286144044223,15.779733657836914,0.6655596516979496,0.3344403483020504
survset:support2,DeepHit,1,42,5912,40.7308235168457,1,3.7416574954986572,0.9956256224849194,0.00437437751508063,7.6157732009887695,0.9908459015150077,0.009154098484992268,15.779733657836914,0.8231802458849692,0.1768197541150308
survset:support2,DeepHit,1,42,1453,22.090721130371094,0,3.7416574954986572,0.9953305814404053,0.004669418559594685,7.6157732009887695,0.990522385445256,0.009477614554744052,15.779733657836914,0.8062121473272097,0.1937878526727903
survset:support2,DeepHit,1,42,5579,5.385164737701416,1,3.7416574954986572,0.5861689475082454,0.41383105249175456,7.6157732009887695,0.06209249983889478,0.9379075001611052,15.779733657836914,0.036431482894723616,0.9635685171052764
survset:support2,DeepHit,1,42,1643,5.385164737701416,1,3.7416574954986572,0.600017311039895,0.399982688960105,7.6157732009887695,0.026134856063968925,0.9738651439360311,15.779733657836914,0.013387808781193115,0.9866121912188068
survset:support2,DeepHit,1,42,6163,42.095130920410156,0,3.7416574954986572,0.9912598102451585,0.008740189754841476,7.6157732009887695,0.9752748969347489,0.02472510306525111,15.779733657836914,0.6856788271508777,0.3143211728491223
survset:support2,DeepHit,1,42,5212,3.0,1,3.7416574954986572,0.44062686107619115,0.5593731389238088,7.6157732009887695,0.035541342290422134,0.9644586577095778,15.779733657836914,0.024556426372118197,0.9754435736278818
survset:support2,DeepHit,1,42,3158,20.688159942626953,0,3.7416574954986572,0.9948724375721899,0.005127562427810095,7.6157732009887695,0.990674314444142,0.009325685555857999,15.779733657836914,0.7423775724213668,0.2576224275786332
survset:support2,DeepHit,1,42,1295,2.0,1,3.7416574954986572,0.42690156409862356,0.5730984359013764,7.6157732009887695,0.033203184598266926,0.9667968154017331,15.779733657836914,0.02390989961558777,0.9760901003844122
survset:support2,DeepHit,1,42,8258,4.898979663848877,1,3.7416574954986572,0.5703257836930529,0.42967421630694713,7.6157732009887695,0.04672502876427847,0.9532749712357216,15.779733657836914,0.03160068423671164,0.9683993157632884
survset:support2,DeepHit,1,42,1555,19.595918655395508,0,3.7416574954986572,0.9793161442851394,0.020683855714860644,7.6157732009887695,0.9644588456221889,0.035541154377811135,15.779733657836914,0.6716960108293433,0.32830398917065673
survset:support2,DeepHit,1,42,1436,2.6457512378692627,1,3.7416574954986572,0.44300743627504713,0.5569925637249529,7.6157732009887695,0.05917231370101554,0.9408276862989845,15.779733657836914,0.04014095552500286,0.9598590444749971
survset:support2,DeepHit,1,42,4866,2.6457512378692627,1,3.7416574954986572,0.4879620124943789,0.5120379875056211,7.6157732009887695,0.048716389231250753,0.9512836107687492,15.779733657836914,0.028263189232583485,0.9717368107674165
survset:support2,DeepHit,1,42,4516,7.348469257354736,1,3.7416574954986572,0.5545405947799991,0.44545940522000094,7.6157732009887695,0.03699495218533329,0.9630050478146667,15.779733657836914,0.023014883778191532,0.9769851162218085
survset:support2,DeepHit,1,42,4336,27.80287742614746,1,3.7416574954986572,0.9837029001420385,0.01629709985796146,7.6157732009887695,0.9653558046016396,0.03464419539836039,15.779733657836914,0.7418575747426505,0.25814242525734954
survset:support2,DeepHit,1,42,7446,15.748015403747559,1,3.7416574954986572,0.9923352327128325,0.007664767287167473,7.6157732009887695,0.9856715840489213,0.014328415951078699,15.779733657836914,0.754325931747563,0.24567406825243698
survset:support2,DeepHit,1,42,6807,32.2180061340332,0,3.7416574954986572,0.9730493537200805,0.0269506462799195,7.6157732009887695,0.9565739731797204,0.04342602682027963,15.779733657836914,0.6727418688744605,0.3272581311255395
survset:support2,DeepHit,1,42,2367,17.291616439819336,1,3.7416574954986572,0.9920561991836461,0.00794380081635393,7.6157732009887695,0.9851589221455248,0.014841077854475193,15.779733657836914,0.8132198928196636,0.18678010718033644
survset:support2,DeepHit,1,42,2196,5.0,1,3.7416574954986572,0.5785352797340954,0.42146472026590465,7.6157732009887695,0.037417207210979984,0.96258279278902,15.779733657836914,0.023966877228156335,0.9760331227718436
survset:support2,DeepHit,1,42,5475,14.933184623718262,1,3.7416574954986572,0.9900960650225554,0.009903934977444573,7.6157732009887695,0.9845603548835852,0.015439645116414824,15.779733657836914,0.768356633279093,0.23164336672090702
survset:support2,DeepHit,1,42,8813,25.826343536376953,0,3.7416574954986572,0.9899715543995415,0.010028445600458458,7.6157732009887695,0.9838074071596357,0.01619259284036434,15.779733657836914,0.6948664006744327,0.3051335993255673
survset:support2,DeepHit,1,42,7624,20.928449630737305,0,3.7416574954986572,0.9925725677665007,0.007427432233499287,7.6157732009887695,0.9874874460724823,0.012512553927517711,15.779733657836914,0.8051675980225366,0.19483240197746343
survset:support2,DeepHit,1,42,1270,11.045360565185547,1,3.7416574954986572,0.9871392522097076,0.012860747790292448,7.6157732009887695,0.9685238659333016,0.03147613406669836,15.779733657836914,0.6987330001586011,0.30126699984139893
survset:support2,DeepHit,1,42,4952,27.34958839416504,0,3.7416574954986572,0.9894703950255281,0.010529604974471862,7.6157732009887695,0.9845252761116731,0.015474723888326936,15.779733657836914,0.7264973267929428,0.27350267320705723
survset:support2,DeepHit,1,42,7907,3.464101552963257,1,3.7416574954986572,0.4789479145862673,0.5210520854137327,7.6157732009887695,0.03988997080899381,0.9601100291910062,15.779733657836914,0.019678605877058997,0.980321394122941
survset:support2,DeepHit,1,42,5385,23.51595115661621,0,3.7416574954986572,0.9925938973478738,0.007406102652126156,7.6157732009887695,0.9872015878307859,0.012798412169214068,15.779733657836914,0.7505289143591115,0.2494710856408885
survset:support2,DeepHit,1,42,847,8.602325439453125,1,3.7416574954986572,0.9765227816167585,0.02347721838324146,7.6157732009887695,0.9458556489092459,0.054144351090754106,15.779733657836914,0.6677378764767344,0.33226212352326556
survset:support2,DeepHit,1,42,5524,11.224971771240234,1,3.7416574954986572,0.9900295608873166,0.00997043911268336,7.6157732009887695,0.9818721797367077,0.018127820263292294,15.779733657836914,0.7053186109482071,0.29468138905179286
survset:support2,DeepHit,1,42,2805,27.910572052001953,0,3.7416574954986572,0.9761525927450512,0.023847407254948827,7.6157732009887695,0.9646966114651764,0.03530338853482362,15.779733657836914,0.764248898798733,0.23575110120126697
survset:support2,DeepHit,1,42,2609,30.64310646057129,0,3.7416574954986572,0.9900231721484604,0.009976827851539638,7.6157732009887695,0.9820771698101753,0.017922830189824657,15.779733657836914,0.729525366285281,0.270474633714719
survset:support2,DeepHit,1,42,5773,19.02629852294922,0,3.7416574954986572,0.9937525433062204,0.006247456693779574,7.6157732009887695,0.9902477195475887,0.009752280452411277,15.779733657836914,0.7226127981256228,0.27738720187437715
survset:support2,DeepHit,1,42,5395,23.366641998291016,0,3.7416574954986572,0.9931198073416827,0.006880192658317297,7.6157732009887695,0.9897929770666655,0.01020702293333453,15.779733657836914,0.7797201763218798,0.22027982367812016
survset:support2,DeepHit,1,42,3524,3.872983455657959,1,3.7416574954986572,0.5358228757120628,0.4641771242879372,7.6157732009887695,0.023187196012654548,0.9768128039873455,15.779733657836914,0.012617309222004068,0.9873826907779959
survset:support2,DeepHit,1,42,423,41.01219177246094,0,3.7416574954986572,0.9932226543576972,0.006777345642302812,7.6157732009887695,0.9880128853981122,0.011987114601887838,15.779733657836914,0.7447656707085253,0.2552343292914747
survset:support2,DeepHit,1,42,7185,4.0,1,3.7416574954986572,0.5309520930666755,0.46904790693332454,7.6157732009887695,0.024910716477850273,0.9750892835221497,15.779733657836914,0.019706188969896562,0.9802938110301035
survset:support2,DeepHit,1,42,4622,30.21588897705078,0,3.7416574954986572,0.9954860380975725,0.004513961902427477,7.6157732009887695,0.9938105641156932,0.00618943588430676,15.779733657836914,0.7806721295900546,0.2193278704099454
survset:support2,DeepHit,1,42,3536,5.916079998016357,1,3.7416574954986572,0.41957567447659133,0.5804243255234087,7.6157732009887695,0.02440824774336312,0.9755917522566369,15.779733657836914,0.013791807440308652,0.9862081925596914
survset:support2,DeepHit,1,42,7430,2.0,1,3.7416574954986572,0.3742980673442178,0.6257019326557822,7.6157732009887695,0.03852816399929038,0.9614718360007096,15.779733657836914,0.02745199323848867,0.9725480067615113
survset:support2,DeepHit,1,42,2683,11.618949890136719,1,3.7416574954986572,0.9906425750661533,0.009357424933846725,7.6157732009887695,0.9763982772663993,0.023601722733600727,15.779733657836914,0.6617750634569378,0.3382249365430622
survset:support2,DeepHit,1,42,3665,13.601470947265625,1,3.7416574954986572,0.996533001405215,0.0034669985947850535,7.6157732009887695,0.9947198340951535,0.005280165904846479,15.779733657836914,0.8162375421226356,0.18376245787736445
survset:support2,DeepHit,1,42,4465,31.496030807495117,0,3.7416574954986572,0.9962427741110855,0.0037572258889144727,7.6157732009887695,0.9940666260526551,0.005933373947344944,15.779733657836914,0.778507562048482,0.22149243795151796
survset:support2,DeepHit,1,42,7315,4.898979663848877,1,3.7416574954986572,0.5708464896258998,0.4291535103741002,7.6157732009887695,0.01692143021390455,0.9830785697860954,15.779733657836914,0.010415047837787754,0.9895849521622122
survset:support2,DeepHit,1,42,5373,2.4494898319244385,1,3.7416574954986572,0.4180025847708795,0.5819974152291205,7.6157732009887695,0.05328335283539305,0.9467166471646069,15.779733657836914,0.02521363472708864,0.9747863652729114
survset:support2,DeepHit,1,42,8793,26.28687858581543,0,3.7416574954986572,0.9838984808403879,0.01610151915961211,7.6157732009887695,0.9742698875875286,0.025730112412471362,15.779733657836914,0.7442889781672233,0.2557110218327767
survset:support2,DeepHit,1,42,3969,17.8885440826416,1,3.7416574954986572,0.9872931139254866,0.012706886074513424,7.6157732009887695,0.9700853726896193,0.029914627310380748,15.779733657836914,0.6355759556777568,0.3644240443222432
survset:support2,DeepHit,1,42,8065,41.08527755737305,0,3.7416574954986572,0.9959560372752408,0.004043962724759154,7.6157732009887695,0.9950602064793355,0.004939793520664537,15.779733657836914,0.8295387664893328,0.17046123351066722
survset:support2,DeepHit,1,42,4363,32.341922760009766,0,3.7416574954986572,0.9949016289630415,0.005098371036958538,7.6157732009887695,0.9923841077474542,0.007615892252545775,15.779733657836914,0.7804353359938992,0.21956466400610075
survset:support2,DeepHit,1,42,7453,2.2360680103302,1,3.7416574954986572,0.45719811834171775,0.5428018816582822,7.6157732009887695,0.018002799792058297,0.9819972002079417,15.779733657836914,0.01004924262705093,0.989950757372949
survset:support2,DeepHit,1,42,5095,18.41195297241211,1,3.7416574954986572,0.9917710067537746,0.008228993246225391,7.6157732009887695,0.9763138080648777,0.023686191935122336,15.779733657836914,0.6414064813892503,0.35859351861074973
survset:support2,DeepHit,1,42,3479,43.497127532958984,0,3.7416574954986572,0.9943046028344178,0.0056953971655822055,7.6157732009887695,0.9917537877618405,0.008246212238159467,15.779733657836914,0.7974923001854187,0.20250769981458128
survset:support2,DeepHit,1,42,3425,43.703548431396484,1,3.7416574954986572,0.9932955680521385,0.006704431947861522,7.6157732009887695,0.9892393429637529,0.010760657036247068,15.779733657836914,0.7582946865370469,0.2417053134629531
survset:support2,DeepHit,1,42,6384,10.58300495147705,1,3.7416574954986572,0.9885779164785962,0.011422083521403836,7.6157732009887695,0.9777019362632766,0.022298063736723384,15.779733657836914,0.6626332019182787,0.3373667980817213
survset:support2,DeepHit,1,42,2914,26.019224166870117,0,3.7416574954986572,0.9946342336043026,0.005365766395697413,7.6157732009887695,0.9912287269717988,0.008771273028201243,15.779733657836914,0.7733485650115209,0.22665143498847906
survset:support2,DeepHit,1,42,5793,18.734994888305664,0,3.7416574954986572,0.9905344012367037,0.009465598763296335,7.6157732009887695,0.9849107757401935,0.015089224259806522,15.779733657836914,0.7853811068219492,0.21461889317805083
survset:support2,DeepHit,1,42,3577,9.949873924255371,1,3.7416574954986572,0.9848232442895432,0.015176755710456846,7.6157732009887695,0.9693215640213986,0.030678435978601426,15.779733657836914,0.6676844274856374,0.3323155725143626
survset:support2,DeepHit,1,42,3770,25.553865432739258,1,3.7416574954986572,0.9813080181925594,0.018691981807440583,7.6157732009887695,0.9709158592383037,0.029084140761696298,15.779733657836914,0.7339570972710991,0.26604290272890085
survset:support2,DeepHit,1,42,5731,2.8284270763397217,1,3.7416574954986572,0.46330122278372243,0.5366987772162776,7.6157732009887695,0.05561907608730789,0.9443809239126921,15.779733657836914,0.029185783127671307,0.9708142168723287
survset:support2,DeepHit,1,42,889,2.8284270763397217,1,3.7416574954986572,0.44077781602183114,0.5592221839781688,7.6157732009887695,0.04294603215903431,0.9570539678409657,15.779733657836914,0.03142513731710555,0.9685748626828945
survset:support2,DeepHit,1,42,2838,7.745966911315918,1,3.7416574954986572,0.9797403473029207,0.0202596526970793,7.6157732009887695,0.9434890170350522,0.05651098296494783,15.779733657836914,0.6395708859386423,0.3604291140613577
survset:support2,DeepHit,1,42,5647,19.697715759277344,1,3.7416574954986572,0.9956388481317604,0.004361151868239599,7.6157732009887695,0.9913402199675746,0.008659780032425402,15.779733657836914,0.7072131247951526,0.29278687520484736
survset:support2,DeepHit,1,42,3914,39.64845657348633,0,3.7416574954986572,0.9947755627697289,0.005224437230271106,7.6157732009887695,0.9928790301264989,0.007120969873501082,15.779733657836914,0.7912654736696592,0.20873452633034084
survset:support2,DeepHit,1,42,5630,11.916375160217285,1,3.7416574954986572,0.9938345026991949,0.006165497300805067,7.6157732009887695,0.9912029585606524,0.008797041439347564,15.779733657836914,0.7759648656659588,0.2240351343340412
survset:support2,DeepHit,1,42,6476,12.922847747802734,1,3.7416574954986572,0.9861216130341057,0.013878386965894274,7.6157732009887695,0.9645544270960743,0.03544557290392569,15.779733657836914,0.6377010797407504,0.3622989202592496
survset:support2,DeepHit,1,42,7432,24.26932144165039,0,3.7416574954986572,0.9947745661964369,0.0052254338035631065,7.6157732009887695,0.989095548102793,0.010904451897207013,15.779733657836914,0.7415311270817513,0.2584688729182487
survset:support2,DeepHit,1,42,2806,14.352700233459473,1,3.7416574954986572,0.9902349897512863,0.00976501024871368,7.6157732009887695,0.9779071282700461,0.02209287172995389,15.779733657836914,0.6620823201778951,0.33791767982210485
survset:support2,DeepHit,1,42,5509,22.090721130371094,0,3.7416574954986572,0.9933800575886536,0.006619942411346447,7.6157732009887695,0.9885539594669526,0.01144604053304743,15.779733657836914,0.7861172450432383,0.21388275495676168
survset:support2,DeepHit,1,42,1963,41.58124542236328,0,3.7416574954986572,0.9970648541097731,0.00293514589022692,7.6157732009887695,0.9960828458449451,0.003917154155054892,15.779733657836914,0.7745208977084992,0.2254791022915008
survset:support2,DeepHit,1,42,3116,1.7320507764816284,1,3.7416574954986572,0.4209084435407433,0.5790915564592567,7.6157732009887695,0.01901711165323749,0.9809828883467625,15.779733657836914,0.011821040514443883,0.9881789594855561
survset:support2,DeepHit,1,42,1708,14.866068840026855,1,3.7416574954986572,0.9887122425304448,0.011287757469555237,7.6157732009887695,0.9797745473558791,0.0202254526441209,15.779733657836914,0.7229199034167731,0.27708009658322685
survset:support2,DeepHit,1,42,7183,27.459060668945312,0,3.7416574954986572,0.9966795731628061,0.0033204268371939127,7.6157732009887695,0.9945677936215805,0.005432206378419457,15.779733657836914,0.786674808046914,0.21332519195308597
survset:support2,DeepHit,1,42,8016,41.761226654052734,0,3.7416574954986572,0.9928487426413303,0.007151257358669727,7.6157732009887695,0.9886696425785088,0.011330357421491244,15.779733657836914,0.7730993837857962,0.22690061621420377
survset:support2,DeepHit,1,42,2885,2.2360680103302,1,3.7416574954986572,0.5074226951096689,0.49257730489033114,7.6157732009887695,0.01178645154210805,0.988213548457892,15.779733657836914,0.008129922172766167,0.9918700778272338
survset:support2,DeepHit,1,42,8738,27.784887313842773,0,3.7416574954986572,0.9940520516794185,0.005947948320581542,7.6157732009887695,0.9905643503201366,0.009435649679863434,15.779733657836914,0.6992949067155005,0.30070509328449946
survset:support2,DeepHit,1,42,1852,11.224971771240234,1,3.7416574954986572,0.988271326492523,0.011728673507476972,7.6157732009887695,0.9800949810253952,0.019905018974604838,15.779733657836914,0.7183516943132316,0.28164830568676835
survset:support2,DeepHit,1,42,7683,19.94993782043457,0,3.7416574954986572,0.9984485575150542,0.0015514424849457642,7.6157732009887695,0.9978196432509215,0.0021803567490784603,15.779733657836914,0.9059380144598573,0.09406198554014267
survset:support2,DeepHit,1,42,4588,13.747727394104004,1,3.7416574954986572,0.9867023578040266,0.013297642195973403,7.6157732009887695,0.9695175423666476,0.030482457633352444,15.779733657836914,0.603720889538913,0.396279110461087
survset:support2,DeepHit,1,42,8191,39.49683380126953,0,3.7416574954986572,0.9852977876287073,0.014702212371292656,7.6157732009887695,0.9676266032173528,0.03237339678264717,15.779733657836914,0.7017564310569063,0.2982435689430937
survset:support2,DeepHit,1,42,7142,28.017850875854492,0,3.7416574954986572,0.9934633388531853,0.006536661146814726,7.6157732009887695,0.9868111937579158,0.013188806242084183,15.779733657836914,0.7153148116138787,0.28468518838612134
survset:support2,DeepHit,1,42,8641,29.715316772460938,0,3.7416574954986572,0.9917888931599291,0.00821110684007087,7.6157732009887695,0.9894031837188124,0.010596816281187582,15.779733657836914,0.7437406863690129,0.2562593136309871
survset:support2,DeepHit,1,42,6799,11.401754379272461,1,3.7416574954986572,0.9863632567370875,0.013636743262912532,7.6157732009887695,0.9584282665109758,0.04157173348902421,15.779733657836914,0.6240456544412158,0.37595434555878415
survset:support2,DeepHit,1,42,339,10.488088607788086,1,3.7416574954986572,0.971413773407555,0.02858622659244503,7.6157732009887695,0.9284411235345387,0.07155887646546133,15.779733657836914,0.640708189147099,0.35929181085290096
survset:support2,DeepHit,1,42,2441,32.72613525390625,0,3.7416574954986572,0.989979423769943,0.010020576230057032,7.6157732009887695,0.982873194361899,0.017126805638100984,15.779733657836914,0.7394562900375552,0.2605437099624448
survset:support2,DeepHit,1,42,854,4.242640495300293,1,3.7416574954986572,0.5633334312825479,0.43666656871745213,7.6157732009887695,0.0520177616412395,0.9479822383587605,15.779733657836914,0.03743655312145229,0.9625634468785477
survset:support2,DeepHit,1,42,6624,12.609519958496094,1,3.7416574954986572,0.990582047397934,0.009417952602066015,7.6157732009887695,0.9776369183100961,0.022363081689903863,15.779733657836914,0.681810877242765,0.318189122757235
survset:support2,DeepHit,1,42,2610,29.529645919799805,1,3.7416574954986572,0.9947367738238106,0.005263226176189351,7.6157732009887695,0.9914140900827328,0.008585909917267154,15.779733657836914,0.7548513017172458,0.2451486982827542
survset:support2,DeepHit,1,42,2186,7.348469257354736,1,3.7416574954986572,0.4735567831613656,0.5264432168386344,7.6157732009887695,0.045305007766131444,0.9546949922338686,15.779733657836914,0.022412312366468637,0.9775876876335313
survset:support2,DeepHit,1,42,6908,16.093477249145508,1,3.7416574954986572,0.9949639019593922,0.005036098040607784,7.6157732009887695,0.9902567534459878,0.009743246554012153,15.779733657836914,0.7631082340671911,0.23689176593280892
survset:support2,DeepHit,1,42,5562,2.8284270763397217,1,3.7416574954986572,0.5647025022848773,0.4352974977151227,7.6157732009887695,0.13756185932174445,0.8624381406782555,15.779733657836914,0.0835269615468205,0.9164730384531795
survset:support2,DeepHit,1,42,8097,40.70626449584961,0,3.7416574954986572,0.9848103019910616,0.015189698008938435,7.6157732009887695,0.973780266714423,0.02621973328557703,15.779733657836914,0.7404594176365031,0.25954058236349686
survset:support2,DeepHit,1,42,3308,2.2360680103302,1,3.7416574954986572,0.5248171194374164,0.4751828805625836,7.6157732009887695,0.04808853082352986,0.9519114691764702,15.779733657836914,0.02925370592194692,0.9707462940780531
survset:support2,DeepHit,1,42,5260,24.59674835205078,0,3.7416574954986572,0.9952654759544295,0.0047345240455705095,7.6157732009887695,0.9924351006865104,0.0075648993134895814,15.779733657836914,0.7508187708080853,0.24918122919191465
survset:support2,DeepHit,1,42,2414,18.248287200927734,1,3.7416574954986572,0.9934104466035394,0.006589553396460612,7.6157732009887695,0.983965884909439,0.016034115090560963,15.779733657836914,0.6688201789857724,0.3311798210142276
survset:support2,DeepHit,1,42,615,14.560219764709473,1,3.7416574954986572,0.9857078567051565,0.014292143294843518,7.6157732009887695,0.954027755246272,0.045972244753727964,15.779733657836914,0.6873347938347852,0.31266520616521476
survset:support2,DeepHit,1,42,7689,4.690415859222412,1,3.7416574954986572,0.3430155053207966,0.6569844946792034,7.6157732009887695,0.03555528196725814,0.9644447180327419,15.779733657836914,0.026680287452661006,0.973319712547339
survset:support2,DeepHit,1,42,2691,16.492422103881836,1,3.7416574954986572,0.9837082222570684,0.016291777742931557,7.6157732009887695,0.9723692285049399,0.027630771495060102,15.779733657836914,0.6937990029152343,0.30620099708476567
survset:support2,DeepHit,1,42,3873,40.12480545043945,0,3.7416574954986572,0.9971557632319549,0.0028442367680451275,7.6157732009887695,0.9960525037211637,0.003947496278836282,15.779733657836914,0.8291320843844998,0.1708679156155002
survset:support2,DeepHit,1,42,204,16.703292846679688,1,3.7416574954986572,0.9873349905005867,0.012665009499413293,7.6157732009887695,0.9785951416986437,0.0214048583013563,15.779733657836914,0.7283114261453175,0.2716885738546825
survset:support2,DeepHit,1,42,2084,40.199501037597656,0,3.7416574954986572,0.9929186483008899,0.007081351699110061,7.6157732009887695,0.9891190847852045,0.010880915214795506,15.779733657836914,0.6892867146288302,0.3107132853711698
survset:support2,DeepHit,1,42,6094,6.557438373565674,1,3.7416574954986572,0.5585396991329951,0.44146030086700494,7.6157732009887695,0.07588734199025537,0.9241126580097446,15.779733657836914,0.04206153564914238,0.9579384643508576
survset:support2,DeepHit,1,42,8262,33.660064697265625,1,3.7416574954986572,0.990373926880175,0.009626073119824996,7.6157732009887695,0.9856253071195331,0.014374692880466888,15.779733657836914,0.7218372261316611,0.2781627738683389
survset:support2,DeepHit,1,42,3185,20.0,0,3.7416574954986572,0.9907805716495242,0.009219428350475845,7.6157732009887695,0.9857326912762634,0.014267308723736605,15.779733657836914,0.7339370398333268,0.2660629601666732
survset:support2,DeepHit,1,42,1655,3.7416574954986572,1,3.7416574954986572,0.5439680914465677,0.45603190855343234,7.6157732009887695,0.01722354928112419,0.9827764507188758,15.779733657836914,0.010373277050691784,0.9896267229493082
survset:support2,DeepHit,1,42,8794,3.1622776985168457,1,3.7416574954986572,0.417042795129344,0.5829572048706559,7.6157732009887695,0.048462017416591875,0.9515379825834082,15.779733657836914,0.028004181842178538,0.9719958181578214
survset:support2,DeepHit,1,42,2562,31.30495262145996,0,3.7416574954986572,0.9924321433411478,0.007567856658852179,7.6157732009887695,0.9882419763254916,0.0117580236745084,15.779733657836914,0.7259359313696127,0.27406406863038735
survset:support2,DeepHit,1,42,3488,7.0,1,3.7416574954986572,0.5648147328029324,0.4351852671970676,7.6157732009887695,0.03941294242780092,0.9605870575721991,15.779733657836914,0.029728246600860223,0.9702717533991397
survset:support2,DeepHit,1,42,2801,27.964262008666992,0,3.7416574954986572,0.9954329691719506,0.004567030828049434,7.6157732009887695,0.9935227482150156,0.0064772517849843725,15.779733657836914,0.7745062329672848,0.22549376703271518
survset:support2,DeepHit,1,42,3589,36.08323669433594,1,3.7416574954986572,0.9937370146578354,0.006262985342164629,7.6157732009887695,0.989801005150884,0.010198994849116017,15.779733657836914,0.7366782434784337,0.2633217565215663
survset:support2,DeepHit,1,42,6491,14.798648834228516,1,3.7416574954986572,0.9972273086973719,0.0027726913026281386,7.6157732009887695,0.9964372356110831,0.0035627643889168947,15.779733657836914,0.8188588825275651,0.1811411174724349
survset:support2,DeepHit,1,42,1516,4.123105525970459,1,3.7416574954986572,0.5631160117147078,0.4368839882852922,7.6157732009887695,0.06927482694644052,0.9307251730535595,15.779733657836914,0.05202190327882855,0.9479780967211715
survset:support2,DeepHit,1,42,8346,37.322914123535156,0,3.7416574954986572,0.9903203251712607,0.009679674828739326,7.6157732009887695,0.9838940117186818,0.01610598828131815,15.779733657836914,0.7206133077346912,0.27938669226530877
survset:support2,DeepHit,1,42,1720,2.4494898319244385,1,3.7416574954986572,0.4750739200877344,0.5249260799122656,7.6157732009887695,0.05423444340917172,0.9457655565908283,15.779733657836914,0.041997795747182425,0.9580022042528176
survset:support2,DeepHit,1,42,2871,24.617067337036133,1,3.7416574954986572,0.9953561730340085,0.0046438269659915266,7.6157732009887695,0.9866886863418401,0.013311313658159851,15.779733657836914,0.7262910844750562,0.2737089155249438
survset:support2,DeepHit,1,42,812,36.37306594848633,0,3.7416574954986572,0.9890587357397718,0.010941264260228234,7.6157732009887695,0.9729773905635808,0.02702260943641921,15.779733657836914,0.7332686561595603,0.2667313438404397
survset:support2,DeepHit,1,42,3484,43.439613342285156,0,3.7416574954986572,0.995010969566654,0.004989030433345976,7.6157732009887695,0.9924179066935395,0.007582093306460536,15.779733657836914,0.7396441281791438,0.2603558718208562
survset:support2,DeepHit,1,42,8329,37.549964904785156,0,3.7416574954986572,0.9916040129714783,0.008395987028521734,7.6157732009887695,0.9869412536455111,0.013058746354488893,15.779733657836914,0.8024768778221304,0.1975231221778696
survset:support2,DeepHit,1,42,4707,6.324555397033691,1,3.7416574954986572,0.6238538873521696,0.3761461126478304,7.6157732009887695,0.11683244004458933,0.8831675599554106,15.779733657836914,0.05722721427314676,0.9427727857268532
survset:support2,DeepHit,1,42,3809,8.185352325439453,1,3.7416574954986572,0.9872780563596312,0.012721943640368827,7.6157732009887695,0.9533718731788055,0.04662812682119455,15.779733657836914,0.5820334705214626,0.4179665294785374
survset:support2,DeepHit,1,42,6977,30.315011978149414,0,3.7416574954986572,0.9935422366194502,0.006457763380549819,7.6157732009887695,0.9907149558764203,0.009285044123579667,15.779733657836914,0.8078627845741017,0.19213721542589834
survset:support2,DeepHit,1,42,6302,10.198039054870605,1,3.7416574954986572,0.9907014321664078,0.009298567833592175,7.6157732009887695,0.9793842097734071,0.02061579022659288,15.779733657836914,0.6356815566902648,0.3643184433097352
survset:support2,DeepHit,1,42,4526,8.306623458862305,1,3.7416574954986572,0.9836534204606194,0.016346579539380568,7.6157732009887695,0.9437416776543063,0.05625832234569372,15.779733657836914,0.607119944569092,0.392880055430908
survset:support2,DeepHit,1,42,1734,39.534793853759766,1,3.7416574954986572,0.9915936766125176,0.008406323387482373,7.6157732009887695,0.9767381031870356,0.023261896812964422,15.779733657836914,0.7053702606144284,0.2946297393855716
survset:support2,DeepHit,1,42,4596,9.949873924255371,1,3.7416574954986572,0.9868951769899024,0.013104823010097633,7.6157732009887695,0.9713034956092523,0.028696504390747668,15.779733657836914,0.6323001769990028,0.36769982300099724
survset:support2,DeepHit,1,42,3640,8.185352325439453,1,3.7416574954986572,0.9862499713391518,0.01375002866084818,7.6157732009887695,0.956248980724657,0.04375101927534297,15.779733657836914,0.6627310713537096,0.33726892864629043
survset:support2,DeepHit,1,42,7412,10.630146026611328,1,3.7416574954986572,0.9942295475292819,0.005770452470718057,7.6157732009887695,0.991740755987874,0.008259244012125966,15.779733657836914,0.7636520813663344,0.23634791863366555
survset:support2,DeepHit,1,42,8164,2.0,1,3.7416574954986572,0.36709597159746227,0.6329040284025378,7.6157732009887695,0.024239025450406494,0.9757609745495935,15.779733657836914,0.020998949737803235,0.9790010502621967
survset:support2,DeepHit,1,42,7343,3.464101552963257,1,3.7416574954986572,0.5931341246899167,0.40686587531008334,7.6157732009887695,0.028095069065169967,0.97190493093483,15.779733657836914,0.018681114803821612,0.9813188851961784
survset:support2,DeepHit,1,42,3974,39.064048767089844,0,3.7416574954986572,0.9929233922640298,0.007076607735970186,7.6157732009887695,0.9897120767752653,0.010287923224734707,15.779733657836914,0.803055781574327,0.196944218425673
survset:support2,DeepHit,1,42,2679,29.614185333251953,0,3.7416574954986572,0.9826912990821716,0.017308700917828435,7.6157732009887695,0.9726188997667955,0.027381100233204503,15.779733657836914,0.7128597103409875,0.2871402896590125
survset:support2,DeepHit,1,42,7447,24.020824432373047,0,3.7416574954986572,0.9956856491667467,0.0043143508332532665,7.6157732009887695,0.9937970448711352,0.006202955128864818,15.779733657836914,0.7549711849986293,0.24502881500137075
survset:support2,DeepHit,1,42,996,30.610456466674805,0,3.7416574954986572,0.9977042314963678,0.002295768503632223,7.6157732009887695,0.9954868067024019,0.004513193297598139,15.779733657836914,0.7422173299494387,0.2577826700505613
survset:support2,DeepHit,1,42,2130,39.49683380126953,0,3.7416574954986572,0.992160682427627,0.007839317572372995,7.6157732009887695,0.987505345003399,0.012494654996600962,15.779733657836914,0.7159703392017855,0.28402966079821446
survset:support2,DeepHit,1,42,8803,26.0,0,3.7416574954986572,0.9893473708509383,0.010652629149061732,7.6157732009887695,0.9792384797681919,0.020761520231808106,15.779733657836914,0.6808608317096925,0.31913916829030753
survset:support2,DeepHit,1,42,3846,4.358899116516113,1,3.7416574954986572,0.4261053401299144,0.5738946598700856,7.6157732009887695,0.037493389597218235,0.9625066104027817,15.779733657836914,0.02325032946797555,0.9767496705320244
survset:support2,DeepHit,1,42,7971,15.099668502807617,1,3.7416574954986572,0.9889068840466702,0.011093115953329846,7.6157732009887695,0.9669252419981528,0.033074758001847226,15.779733657836914,0.6150637532923565,0.3849362467076435
survset:support2,DeepHit,1,42,6804,30.232433319091797,1,3.7416574954986572,0.9951871568298971,0.004812843170102887,7.6157732009887695,0.9927853239954203,0.007214676004579701,15.779733657836914,0.802268811875955,0.197731188124045
survset:support2,DeepHit,1,42,4197,5.5677642822265625,1,3.7416574954986572,0.5987174227785009,0.40128257722149907,7.6157732009887695,0.03435070736652042,0.9656492926334795,15.779733657836914,0.017898370586708325,0.9821016294132917
survset:support2,DeepHit,1,42,4428,4.690415859222412,1,3.7416574954986572,0.4866301960330091,0.513369803966991,7.6157732009887695,0.07043424879419845,0.9295657512058015,15.779733657836914,0.04461951485913345,0.9553804851408666
survset:support2,DeepHit,1,42,7374,24.899799346923828,0,3.7416574954986572,0.9965144979291864,0.003485502070813551,7.6157732009887695,0.9952183828694152,0.004781617130584781,15.779733657836914,0.8514804252102093,0.14851957478979072
survset:support2,DeepHit,1,42,5758,19.54482078552246,0,3.7416574954986572,0.9839323646966265,0.016067635303373518,7.6157732009887695,0.9719475624132174,0.028052437586782553,15.779733657836914,0.7338288903302641,0.2661711096697359
survset:support2,DeepHit,1,42,7500,18.601076126098633,1,3.7416574954986572,0.9861612469235982,0.01383875307640181,7.6157732009887695,0.9787664331270705,0.021233566872929543,15.779733657836914,0.699062377854867,0.300937622145133
survset:support2,DeepHit,1,42,181,39.64845657348633,1,3.7416574954986572,0.9944723247410214,0.0055276752589785705,7.6157732009887695,0.9888652795423707,0.01113472045762931,15.779733657836914,0.8020630106523152,0.19793698934768478
survset:support2,DeepHit,1,42,3503,2.8284270763397217,1,3.7416574954986572,0.477982930598013,0.522017069401987,7.6157732009887695,0.06354466779218775,0.9364553322078123,15.779733657836914,0.05046744348164531,0.9495325565183547
survset:support2,DeepHit,1,42,733,2.0,1,3.7416574954986572,0.43525247988720744,0.5647475201127925,7.6157732009887695,0.0433222643648178,0.9566777356351822,15.779733657836914,0.032700953007892754,0.9672990469921072
survset:support2,DeepHit,1,42,7161,27.74887466430664,0,3.7416574954986572,0.9926641753611917,0.00733582463880833,7.6157732009887695,0.9880209315980792,0.011979068401920756,15.779733657836914,0.7672732806991939,0.23272671930080613
survset:support2,DeepHit,1,42,290,24.0,1,3.7416574954986572,0.992190454699199,0.007809545300801024,7.6157732009887695,0.9836253575829763,0.016374642417023688,15.779733657836914,0.6895292770668241,0.3104707229331759
survset:support2,DeepHit,1,42,1573,13.601470947265625,1,3.7416574954986572,0.9831422405780731,0.01685775942192691,7.6157732009887695,0.949616452679832,0.05038354732016803,15.779733657836914,0.6577898806534506,0.34221011934654944
survset:support2,DeepHit,1,42,1648,2.4494898319244385,1,3.7416574954986572,0.5442006875518076,0.4557993124481924,7.6157732009887695,0.03207179812024638,0.9679282018797536,15.779733657836914,0.018776937838879813,0.9812230621611202
survset:support2,DeepHit,1,42,1492,13.190905570983887,1,3.7416574954986572,0.990738676228756,0.009261323771244001,7.6157732009887695,0.9788459767589043,0.02115402324109572,15.779733657836914,0.6961147667920867,0.3038852332079133
survset:support2,DeepHit,1,42,2151,12.369317054748535,1,3.7416574954986572,0.9934633470651903,0.00653665293480965,7.6157732009887695,0.9897495817022175,0.010250418297782504,15.779733657836914,0.797525372437611,0.202474627562389
survset:support2,DeepHit,1,42,4566,3.872983455657959,1,3.7416574954986572,0.5102810715746863,0.4897189284253137,7.6157732009887695,0.04321887853978608,0.9567811214602139,15.779733657836914,0.02700417653062954,0.9729958234693704
survset:support2,DeepHit,1,42,637,31.496030807495117,1,3.7416574954986572,0.996221370219588,0.0037786297804119906,7.6157732009887695,0.9924745039655439,0.0075254960344560695,15.779733657836914,0.754739369726393,0.245260630273607
survset:support2,DeepHit,1,42,8214,39.3319206237793,0,3.7416574954986572,0.9923624510549294,0.007637548945070627,7.6157732009887695,0.986691958669284,0.013308041330715947,15.779733657836914,0.6966831567509169,0.30331684324908315
survset:support2,DeepHit,1,42,8388,8.246211051940918,1,3.7416574954986572,0.9890821591242347,0.010917840875765306,7.6157732009887695,0.9795686327541171,0.020431367245882903,15.779733657836914,0.7177286044828712,0.28227139551712876
survset:support2,DeepHit,1,42,8840,5.830951690673828,1,3.7416574954986572,0.5422731423892261,0.4577268576107739,7.6157732009887695,0.03711809198040131,0.9628819080195987,15.779733657836914,0.026074131028040022,0.97392586897196
survset:support2,DeepHit,1,42,7252,13.784049034118652,1,3.7416574954986572,0.98987518009363,0.010124819906370042,7.6157732009887695,0.9820398315576149,0.017960168442385127,15.779733657836914,0.6935904182275607,0.30640958177243927
survset:support2,DeepHit,1,42,8815,7.681145668029785,1,3.7416574954986572,0.5818356584525365,0.4181643415474635,7.6157732009887695,0.009263691159140938,0.9907363088408591,15.779733657836914,0.005991093204303246,0.9940089067956968
survset:support2,DeepHit,1,42,8728,15.620499610900879,1,3.7416574954986572,0.9943478179000006,0.005652182099999403,7.6157732009887695,0.9905325949214308,0.009467405078569247,15.779733657836914,0.7286215879798775,0.2713784120201225
survset:support2,DeepHit,1,42,2327,37.24245071411133,0,3.7416574954986572,0.990313605584631,0.009686394415369004,7.6157732009887695,0.9830650990173789,0.01693490098262107,15.779733657836914,0.7190413605663325,0.2809586394336675
survset:support2,DeepHit,1,42,3294,12.328827857971191,1,3.7416574954986572,0.9904071073430275,0.009592892656972496,7.6157732009887695,0.9801388991830613,0.019861100816938704,15.779733657836914,0.786329518461192,0.21367048153880797
survset:support2,DeepHit,1,42,3879,4.690415859222412,1,3.7416574954986572,0.45907141161320963,0.5409285883867904,7.6157732009887695,0.0650213638762714,0.9349786361237286,15.779733657836914,0.049534182033524686,0.9504658179664753
survset:support2,DeepHit,1,42,6788,8.66025447845459,1,3.7416574954986572,0.9968112510129539,0.0031887489870461305,7.6157732009887695,0.9945349217633752,0.005465078236624787,15.779733657836914,0.7284732616115562,0.27152673838844377
survset:support2,DeepHit,1,42,8556,31.240999221801758,0,3.7416574954986572,0.9943401513999018,0.005659848600098161,7.6157732009887695,0.9893507516365839,0.010649248363416075,15.779733657836914,0.7446978536743992,0.2553021463256008
survset:support2,DeepHit,1,42,1337,24.7991943359375,0,3.7416574954986572,0.99015199891742,0.009848001082579994,7.6157732009887695,0.9773537136641994,0.02264628633580057,15.779733657836914,0.7157826282638848,0.28421737173611517
survset:support2,DeepHit,1,42,4099,37.709415435791016,0,3.7416574954986572,0.9938571614558805,0.0061428385441194555,7.6157732009887695,0.9917064112449054,0.00829358875509456,15.779733657836914,0.8171124143395525,0.1828875856604475
survset:support2,DeepHit,1,42,6712,5.291502475738525,1,3.7416574954986572,0.5534454017658661,0.4465545982341339,7.6157732009887695,0.04760701299036995,0.95239298700963,15.779733657836914,0.025578414556846747,0.9744215854431533
survset:support2,DeepHit,1,42,653,38.18376541137695,0,3.7416574954986572,0.9935307385674226,0.006469261432577422,7.6157732009887695,0.9879530589374537,0.012046941062546335,15.779733657836914,0.7359406101831731,0.26405938981682686
survset:support2,DeepHit,1,42,8142,4.795831680297852,1,3.7416574954986572,0.4692730483186625,0.5307269516813375,7.6157732009887695,0.0361523999453916,0.9638476000546083,15.779733657836914,0.02640673149378488,0.9735932685062151
survset:support2,DeepHit,1,42,4538,7.937253952026367,1,3.7416574954986572,0.9907049420642958,0.009295057935704176,7.6157732009887695,0.9841987440389455,0.015801255961054528,15.779733657836914,0.7694173869423268,0.23058261305767325
survset:support2,DeepHit,1,42,5223,2.0,1,3.7416574954986572,0.2693104566960677,0.7306895433039323,7.6157732009887695,0.02336419800515085,0.9766358019948491,15.779733657836914,0.018088370075752314,0.9819116299242476
survset:support2,DeepHit,1,42,4960,27.294687271118164,0,3.7416574954986572,0.9868988573693024,0.013101142630697615,7.6157732009887695,0.9824716510198699,0.017528348980130115,15.779733657836914,0.8318384885346285,0.1681615114653715
survset:support2,DeepHit,1,42,8745,8.774964332580566,1,3.7416574954986572,0.9878612262855639,0.012138773714436057,7.6157732009887695,0.9714136723221564,0.028586327677843637,15.779733657836914,0.6922531966679005,0.3077468033320995
survset:support2,DeepHit,1,42,5355,23.8117618560791,0,3.7416574954986572,0.9689089978008767,0.031091002199123308,7.6157732009887695,0.930830321890701,0.06916967810929897,15.779733657836914,0.681278460310229,0.318721539689771
survset:support2,DeepHit,1,42,1043,7.141428470611572,1,3.7416574954986572,0.5111626076377203,0.48883739236227974,7.6157732009887695,0.036308990291058024,0.963691009708942,15.779733657836914,0.02843621576349132,0.9715637842365087
survset:support2,DeepHit,1,42,7676,20.124610900878906,0,3.7416574954986572,0.9939237508543247,0.006076249145675283,7.6157732009887695,0.9898927563049564,0.010107243695043566,15.779733657836914,0.7060908771038232,0.29390912289617677
survset:support2,DeepHit,1,42,2694,9.746794700622559,1,3.7416574954986572,0.9871230958404366,0.01287690415956344,7.6157732009887695,0.9786528225971708,0.02134717740282921,15.779733657836914,0.6793262914689924,0.32067370853100763
survset:support2,DeepHit,1,42,7544,22.27105712890625,0,3.7416574954986572,0.9945868275301771,0.005413172469822869,7.6157732009887695,0.9919481047313979,0.00805189526860206,15.779733657836914,0.7745362622908373,0.22546373770916273
survset:support2,DeepHit,1,42,7274,26.21068572998047,0,3.7416574954986572,0.9972161841104321,0.0027838158895678866,7.6157732009887695,0.9936569390125388,0.00634306098746118,15.779733657836914,0.6842093504813478,0.3157906495186522
survset:support2,DeepHit,1,42,2227,10.392304420471191,1,3.7416574954986572,0.9935223252208288,0.006477674779171161,7.6157732009887695,0.9888267389355345,0.011173261064465478,15.779733657836914,0.7499660986271025,0.2500339013728975
survset:support2,DeepHit,1,42,4840,10.862780570983887,1,3.7416574954986572,0.9826606973776821,0.017339302622317865,7.6157732009887695,0.9539565190261715,0.04604348097382849,15.779733657836914,0.6828760775251272,0.31712392247487275
survset:support2,DeepHit,1,42,505,4.123105525970459,1,3.7416574954986572,0.5321009108408838,0.46789908915911615,7.6157732009887695,0.025942436378361706,0.9740575636216383,15.779733657836914,0.009804959715008957,0.9901950402849911
survset:support2,DeepHit,1,42,2849,5.0,1,3.7416574954986572,0.5831050585019054,0.4168949414980946,7.6157732009887695,0.01752316115883025,0.9824768388411698,15.779733657836914,0.011581623187635774,0.9884183768123642
survset:support2,DeepHit,1,42,1936,41.83300018310547,0,3.7416574954986572,0.9936898415201348,0.006310158479865158,7.6157732009887695,0.9894349718967073,0.01056502810329274,15.779733657836914,0.7914556659959607,0.20854433400403927
survset:support2,DeepHit,1,42,8609,22.158519744873047,1,3.7416574954986572,0.9869274584713955,0.013072541528604487,7.6157732009887695,0.9656096288332987,0.034390371166701295,15.779733657836914,0.6627773202627224,0.3372226797372776
survset:support2,DeepHit,1,42,8748,17.029386520385742,1,3.7416574954986572,0.9911609258680222,0.00883907413197782,7.6157732009887695,0.9850098518977213,0.014990148102278722,15.779733657836914,0.7499035559194359,0.2500964440805641
survset:support2,DeepHit,1,42,5299,3.0,1,3.7416574954986572,0.5530885032583714,0.44691149674162856,7.6157732009887695,0.07790745281149347,0.9220925471885065,15.779733657836914,0.03290591275484397,0.967094087245156
survset:support2,DeepHit,1,42,3348,4.0,1,3.7416574954986572,0.4243242512108596,0.5756757487891404,7.6157732009887695,0.02675939283245535,0.9732406071675447,15.779733657836914,0.019030809380381847,0.9809691906196182
survset:support2,DeepHit,1,42,260,10.24695110321045,1,3.7416574954986572,0.9862825800925659,0.013717419907434136,7.6157732009887695,0.9794101373682997,0.020589862631700262,15.779733657836914,0.8077844799161178,0.1922155200838822
survset:support2,DeepHit,1,42,8489,3.872983455657959,1,3.7416574954986572,0.5305724690195652,0.46942753098043477,7.6157732009887695,0.021891632223933134,0.9781083677760669,15.779733657836914,0.014961525968994728,0.9850384740310053
survset:support2,DeepHit,1,42,8716,28.213472366333008,0,3.7416574954986572,0.992364686309218,0.007635313690781964,7.6157732009887695,0.9841772870398133,0.01582271296018667,15.779733657836914,0.7141980191167525,0.2858019808832475
survset:support2,DeepHit,1,42,2491,11.357816696166992,1,3.7416574954986572,0.9922348177310337,0.007765182268966275,7.6157732009887695,0.9841346287845638,0.015865371215436186,15.779733657836914,0.6723494173840887,0.3276505826159113
survset:support2,DeepHit,1,42,2252,9.643651008605957,1,3.7416574954986572,0.9853018229836797,0.014698177016320257,7.6157732009887695,0.9730389830288334,0.026961016971166596,15.779733657836914,0.6660684766196109,0.3339315233803891
survset:support2,DeepHit,1,42,1578,18.76166343688965,0,3.7416574954986572,0.9600380804249824,0.0399619195750176,7.6157732009887695,0.946962885779361,0.05303711422063895,15.779733657836914,0.7435542884558473,0.25644571154415274
survset:support2,DeepHit,1,42,7615,2.8284270763397217,1,3.7416574954986572,0.5407842304618901,0.45921576953810994,7.6157732009887695,0.09380980399396077,0.9061901960060392,15.779733657836914,0.06503812369703142,0.9349618763029686
survset:support2,DeepHit,1,42,4380,32.186954498291016,0,3.7416574954986572,0.9937973441684453,0.00620265583155466,7.6157732009887695,0.9894960396221807,0.01050396037781931,15.779733657836914,0.8491904108159495,0.15080958918405052
survset:support2,DeepHit,1,42,2052,40.55860137939453,0,3.7416574954986572,0.9935802788301082,0.006419721169891757,7.6157732009887695,0.9800953698680241,0.019904630131975853,15.779733657836914,0.6471154053991218,0.3528845946008782
survset:support2,DeepHit,1,42,5730,6.480740547180176,1,3.7416574954986572,0.5485817897918159,0.45141821020818407,7.6157732009887695,0.014763051244743496,0.9852369487552565,15.779733657836914,0.009353013458672432,0.9906469865413275
survset:support2,DeepHit,1,42,4774,28.844409942626953,0,3.7416574954986572,0.9936844092834146,0.006315590716585384,7.6157732009887695,0.989233891244189,0.010766108755810966,15.779733657836914,0.7952204080324078,0.2047795919675922
survset:support2,DeepHit,1,42,217,43.13930892944336,0,3.7416574954986572,0.927854943706511,0.072145056293489,7.6157732009887695,0.9102258238716185,0.08977417612838146,15.779733657836914,0.6878179779159621,0.3121820220840379
survset:support2,DeepHit,1,42,1619,9.643651008605957,1,3.7416574954986572,0.9842816981891762,0.015718301810823787,7.6157732009887695,0.9605729242774901,0.03942707572250992,15.779733657836914,0.6180565521292176,0.3819434478707824
survset:support2,DeepHit,1,42,5575,16.370704650878906,1,3.7416574954986572,0.996265626509645,0.003734373490354992,7.6157732009887695,0.9930831277159065,0.006916872284093545,15.779733657836914,0.7411074498575146,0.25889255014248536
survset:support2,DeepHit,1,42,2913,26.038433074951172,0,3.7416574954986572,0.9873807990208295,0.012619200979170464,7.6157732009887695,0.9752752138695129,0.02472478613048712,15.779733657836914,0.7327394572042809,0.2672605427957191
survset:support2,DeepHit,1,42,1628,21.817424774169922,1,3.7416574954986572,0.9921137921249725,0.007886207875027473,7.6157732009887695,0.9878374887621106,0.012162511237889362,15.779733657836914,0.6879803223404986,0.31201967765950145
survset:support2,DeepHit,1,42,7062,29.086078643798828,0,3.7416574954986572,0.9912193794146141,0.008780620585385868,7.6157732009887695,0.9830207429581901,0.016979257041809914,15.779733657836914,0.7725616868180936,0.22743831318190644
survset:support2,DeepHit,1,42,6965,30.463092803955078,0,3.7416574954986572,0.9887291602577952,0.011270839742204775,7.6157732009887695,0.9836303205559632,0.016369679444036778,15.779733657836914,0.7118224521706218,0.2881775478293782
survset:support2,DeepHit,1,42,6585,8.66025447845459,1,3.7416574954986572,0.9906847953453489,0.009315204654651077,7.6157732009887695,0.972687622359745,0.02731237764025496,15.779733657836914,0.655170471790147,0.344829528209853
survset:support2,DeepHit,1,42,834,5.196152210235596,1,3.7416574954986572,0.534291733816817,0.46570826618318295,7.6157732009887695,0.028635612235832504,0.9713643877641674,15.779733657836914,0.01869149350952157,0.9813085064904784
survset:support2,DeepHit,1,42,8588,11.916375160217285,1,3.7416574954986572,0.9900350983432219,0.009964901656778102,7.6157732009887695,0.9797402214468475,0.02025977855315253,15.779733657836914,0.7320339703789549,0.2679660296210451
survset:support2,DeepHit,1,42,7630,20.880613327026367,0,3.7416574954986572,0.9942612411538797,0.005738758846120295,7.6157732009887695,0.9891390428087101,0.010860957191289877,15.779733657836914,0.689294003731412,0.31070599626858797
survset:support2,DeepHit,1,42,4178,7.211102485656738,1,3.7416574954986572,0.5181231164828324,0.4818768835171676,7.6157732009887695,0.0938929752563715,0.9061070247436285,15.779733657836914,0.046746800567716,0.953253199432284
survset:support2,DeepHit,1,42,2977,14.0,1,3.7416574954986572,0.9955828964137731,0.004417103586226934,7.6157732009887695,0.9938782073136655,0.006121792686334504,15.779733657836914,0.7103379285083784,0.2896620714916216
survset:support2,DeepHit,1,42,6086,8.88819408416748,1,3.7416574954986572,0.9841750092845354,0.015824990715464615,7.6157732009887695,0.971972788021652,0.02802721197834801,15.779733657836914,0.6620779379998016,0.33792206200019836
survset:support2,DeepHit,1,42,1885,17.944358825683594,1,3.7416574954986572,0.9834866293435054,0.016513370656494608,7.6157732009887695,0.9711148633220453,0.02888513667795467,15.779733657836914,0.7370113074647007,0.26298869253529933
survset:support2,DeepHit,1,42,2425,2.8284270763397217,1,3.7416574954986572,0.4321507968703236,0.5678492031296765,7.6157732009887695,0.02305381849310318,0.9769461815068968,15.779733657836914,0.01665736415201578,0.9833426358479842
survset:support2,DeepHit,1,42,8427,21.88606834411621,1,3.7416574954986572,0.9923331938180229,0.007666806181977126,7.6157732009887695,0.9713281630884149,0.028671836911585147,15.779733657836914,0.6567941680578181,0.3432058319421819
survset:support2,DeepHit,1,42,7704,7.4833149909973145,1,3.7416574954986572,0.47271371185018785,0.5272862881498122,7.6157732009887695,0.03130024638432139,0.9686997536156786,15.779733657836914,0.021089992343429814,0.9789100076565702
survset:support2,DeepHit,1,42,2336,37.121421813964844,0,3.7416574954986572,0.9983109803837951,0.0016890196162049342,7.6157732009887695,0.9979513491279507,0.002048650872049307,15.779733657836914,0.8719535740206267,0.12804642597937332
survset:support2,DeepHit,1,42,7969,33.808284759521484,1,3.7416574954986572,0.9857275145460054,0.014272485453994621,7.6157732009887695,0.9729833277537497,0.027016672246250262,15.779733657836914,0.7139969180804264,0.2860030819195736
survset:support2,DeepHit,1,42,7858,3.316624879837036,1,3.7416574954986572,0.5335780886274702,0.46642191137252975,7.6157732009887695,0.0378666117428055,0.9621333882571945,15.779733657836914,0.024955501122225564,0.9750444988777744
survset:support2,DeepHit,1,42,3920,16.970561981201172,1,3.7416574954986572,0.9954107946367982,0.004589205363201843,7.6157732009887695,0.9900735110012149,0.009926488998785121,15.779733657836914,0.7130616842794966,0.28693831572050343
survset:support2,DeepHit,1,42,5674,7.937253952026367,1,3.7416574954986572,0.9753440077412544,0.024655992258745596,7.6157732009887695,0.9592260869791261,0.04077391302087385,15.779733657836914,0.7270566357114042,0.2729433642885958
survset:support2,DeepHit,1,42,1810,43.19722366333008,0,3.7416574954986572,0.9747874030086034,0.025212596991396552,7.6157732009887695,0.9589072663376622,0.04109273366233779,15.779733657836914,0.702581612676901,0.297418387323099
survset:support2,DeepHit,1,42,8179,18.867961883544922,1,3.7416574954986572,0.9876810182564897,0.012318981743510315,7.6157732009887695,0.957703765226815,0.042296234773185004,15.779733657836914,0.6400558804308498,0.3599441195691502
survset:support2,DeepHit,1,42,6295,10.770329475402832,1,3.7416574954986572,0.9764113110535606,0.023588688946439396,7.6157732009887695,0.953072270716045,0.046927729283955055,15.779733657836914,0.6575060649221144,0.3424939350778856
survset:support2,DeepHit,1,42,1566,15.066518783569336,1,3.7416574954986572,0.990492163312974,0.009507836687026039,7.6157732009887695,0.977926144591187,0.022073855408813015,15.779733657836914,0.7321660114730363,0.2678339885269637
survset:support2,DeepHit,1,42,4357,7.937253952026367,1,3.7416574954986572,0.9849940198292397,0.015005980170760269,7.6157732009887695,0.9600171273925562,0.03998287260744382,15.779733657836914,0.6611189836923967,0.33888101630760326
survset:support2,DeepHit,1,42,5556,21.63330841064453,0,3.7416574954986572,0.9926855302184368,0.007314469781563249,7.6157732009887695,0.9882264601882629,0.011773539811737121,15.779733657836914,0.8372391012806767,0.1627608987193233
survset:support2,DeepHit,1,42,5468,22.627416610717773,0,3.7416574954986572,0.9920185821368678,0.007981417863132223,7.6157732009887695,0.9890005519027134,0.01099944809728659,15.779733657836914,0.800098784138159,0.19990121586184095
survset:support2,DeepHit,1,42,8428,33.0,0,3.7416574954986572,0.9918170101394782,0.008182989860521794,7.6157732009887695,0.9856291743894999,0.014370825610500071,15.779733657836914,0.7245822457880301,0.2754177542119699
survset:support2,DeepHit,1,42,3424,13.527749061584473,1,3.7416574954986572,0.9931544257524324,0.0068455742475675985,7.6157732009887695,0.9881678206791653,0.01183217932083469,15.779733657836914,0.7667631467499968,0.2332368532500032
survset:support2,DeepHit,1,42,5440,7.4833149909973145,1,3.7416574954986572,0.5342014357547378,0.4657985642452622,7.6157732009887695,0.043297258176826565,0.9567027418231734,15.779733657836914,0.02971496015356487,0.9702850398464351
survset:support2,DeepHit,1,42,6171,7.6157732009887695,1,3.7416574954986572,0.49841533894539103,0.501584661054609,7.6157732009887695,0.02618707638260346,0.9738129236173966,15.779733657836914,0.018561403479298737,0.9814385965207013
survset:support2,DeepHit,1,42,8110,4.4721360206604,1,3.7416574954986572,0.5064281304149749,0.4935718695850251,7.6157732009887695,0.03543235748970497,0.964567642510295,15.779733657836914,0.012610393316492234,0.9873896066835077
survset:support2,DeepHit,1,42,4018,6.0,1,3.7416574954986572,0.5182205763868312,0.48177942361316883,7.6157732009887695,0.028051955924700177,0.9719480440752998,15.779733657836914,0.018082072256493897,0.9819179277435061
survset:support2,DeepHit,1,42,5585,16.309507369995117,1,3.7416574954986572,0.9834744259468866,0.01652557405311339,7.6157732009887695,0.9705151118460563,0.029484888153943678,15.779733657836914,0.7280217800903603,0.27197821990963966
survset:support2,DeepHit,1,42,2717,29.20616340637207,0,3.7416574954986572,0.9828189709127877,0.017181029087212307,7.6157732009887695,0.9632804361273863,0.03671956387261366,15.779733657836914,0.6995595260852794,0.3004404739147206
survset:support2,DeepHit,1,42,4501,4.690415859222412,1,3.7416574954986572,0.5285460873996938,0.4714539126003062,7.6157732009887695,0.018110033832765944,0.981889966167234,15.779733657836914,0.0119137929496433,0.9880862070503567
survset:support2,DeepHit,1,42,8211,6.164413928985596,1,3.7416574954986572,0.5164197141342713,0.48358028586572865,7.6157732009887695,0.024364151577271106,0.9756358484227289,15.779733657836914,0.019052050132670195,0.9809479498673298
survset:support2,DeepHit,1,42,557,2.0,1,3.7416574954986572,0.4183908965569375,0.5816091034430625,7.6157732009887695,0.045951912677212985,0.954048087322787,15.779733657836914,0.025749415777576726,0.9742505842224233
survset:support2,DeepHit,1,42,8034,3.872983455657959,1,3.7416574954986572,0.4899110432480962,0.5100889567519038,7.6157732009887695,0.019166242578136525,0.9808337574218635,15.779733657836914,0.011537051004319334,0.9884629489956807
survset:support2,DeepHit,1,42,3447,10.488088607788086,1,3.7416574954986572,0.9930638939885662,0.006936106011433796,7.6157732009887695,0.982602970797073,0.01739702920292696,15.779733657836914,0.7089547458159654,0.2910452541840346
survset:support2,DeepHit,1,42,2253,6.557438373565674,1,3.7416574954986572,0.5414757871180476,0.45852421288195244,7.6157732009887695,0.018073002739904902,0.9819269972600951,15.779733657836914,0.012701108659713875,0.9872988913402861
survset:support2,DeepHit,1,42,3977,39.051246643066406,0,3.7416574954986572,0.9976690661438375,0.0023309338561624537,7.6157732009887695,0.9967419249351575,0.003258075064842547,15.779733657836914,0.8470526059255109,0.1529473940744891
survset:support2,DeepHit,1,42,3807,40.62019348144531,0,3.7416574954986572,0.9895438181183854,0.010456181881614568,7.6157732009887695,0.980742660563546,0.019257339436454024,15.779733657836914,0.717816612496558,0.28218338750344196
survset:support2,DeepHit,1,42,2946,7.4833149909973145,1,3.7416574954986572,0.558802243800082,0.44119775619991797,7.6157732009887695,0.03692431085535491,0.9630756891446451,15.779733657836914,0.023773267716114148,0.9762267322838859
survset:support2,DeepHit,1,42,8902,19.39072036743164,1,3.7416574954986572,0.9765236805236265,0.02347631947637352,7.6157732009887695,0.9601347525843076,0.03986524741569242,15.779733657836914,0.6733359521342543,0.32666404786574565
survset:support2,DeepHit,1,42,4473,31.4483699798584,0,3.7416574954986572,0.9871237610026349,0.01287623899736512,7.6157732009887695,0.9764620728875408,0.023537927112459167,15.779733657836914,0.7467820001403771,0.2532179998596229
survset:support2,DeepHit,1,42,6144,7.211102485656738,1,3.7416574954986572,0.3704676718610709,0.6295323281389291,7.6157732009887695,0.019473866350043924,0.9805261336499561,15.779733657836914,0.013931426274507034,0.986068573725493
survset:support2,DeepHit,1,42,8700,28.58321189880371,0,3.7416574954986572,0.9920895994143272,0.007910400585672828,7.6157732009887695,0.9858739558647985,0.014126044135201465,15.779733657836914,0.7757064738221503,0.2242935261778497
survset:support2,DeepHit,1,42,136,43.96589660644531,0,3.7416574954986572,0.9929101776366037,0.007089822363396281,7.6157732009887695,0.9890938021547487,0.010906197845251264,15.779733657836914,0.7775092485018155,0.22249075149818454
survset:support2,DeepHit,1,42,3237,8.366600036621094,1,3.7416574954986572,0.9761774167993745,0.02382258320062547,7.6157732009887695,0.9256222937327926,0.07437770626720741,15.779733657836914,0.5825563792985384,0.41744362070146157
survset:support2,DeepHit,1,42,4565,2.4494898319244385,1,3.7416574954986572,0.42968879554652206,0.5703112044534779,7.6157732009887695,0.05099283517121651,0.9490071648287834,15.779733657836914,0.03570111577888028,0.9642988842211198
survset:support2,DeepHit,1,42,3912,36.34556198120117,1,3.7416574954986572,0.988581216982092,0.011418783017907996,7.6157732009887695,0.979757589098947,0.020242410901053054,15.779733657836914,0.7307533782559353,0.26924662174406466
survset:support2,DeepHit,1,42,1287,5.196152210235596,1,3.7416574954986572,0.4850638859196189,0.5149361140803811,7.6157732009887695,0.03914378928094937,0.9608562107190506,15.779733657836914,0.025841424049117382,0.9741585759508826
survset:support2,DeepHit,1,42,5751,19.621416091918945,0,3.7416574954986572,0.9766852306415832,0.02331476935841681,7.6157732009887695,0.9584677659835052,0.04153223401649475,15.779733657836914,0.7356327243560594,0.2643672756439406
survset:support2,DeepHit,1,42,265,24.1867733001709,1,3.7416574954986572,0.9890499730793645,0.010950026920635514,7.6157732009887695,0.958451749509562,0.04154825049043798,15.779733657836914,0.622960765181139,0.37703923481886104
survset:support2,DeepHit,1,42,6223,6.4031243324279785,1,3.7416574954986572,0.5233967364754863,0.47660326352451365,7.6157732009887695,0.07100351696363331,0.9289964830363667,15.779733657836914,0.05923798642762726,0.9407620135723728
survset:support2,DeepHit,1,42,4874,25.3968505859375,1,3.7416574954986572,0.9923396505112978,0.0076603494887022006,7.6157732009887695,0.987980467957733,0.012019532042267023,15.779733657836914,0.7242240209564451,0.2757759790435549
survset:support2,DeepHit,1,42,4037,13.190905570983887,1,3.7416574954986572,0.9890800655027945,0.010919934497205519,7.6157732009887695,0.9788449940615735,0.021155005938426452,15.779733657836914,0.7072557253985989,0.29274427460140107
survset:support2,DeepHit,1,42,1052,13.190905570983887,1,3.7416574954986572,0.9878166044444364,0.012183395555563581,7.6157732009887695,0.979318775600926,0.02068122439907405,15.779733657836914,0.7203970345116051,0.2796029654883949
survset:support2,DeepHit,1,42,8288,18.574174880981445,1,3.7416574954986572,0.9826098492957963,0.01739015070420369,7.6157732009887695,0.9597327509346252,0.04026724906537482,15.779733657836914,0.6250523017838779,0.37494769821612206
survset:support2,DeepHit,1,42,1673,44.48595428466797,0,3.7416574954986572,0.9936280539005299,0.006371946099470116,7.6157732009887695,0.983540564109856,0.01645943589014398,15.779733657836914,0.6606964539955968,0.33930354600440316
survset:support2,DeepHit,1,42,3374,3.7416574954986572,1,3.7416574954986572,0.515368570681405,0.48463142931859504,7.6157732009887695,0.09152991108517157,0.9084700889148284,15.779733657836914,0.04718535011147693,0.952814649888523
survset:support2,DeepHit,1,42,6752,32.80244064331055,0,3.7416574954986572,0.9921027240842238,0.007897275915776159,7.6157732009887695,0.9877813210862175,0.012218678913782477,15.779733657836914,0.7572306882853683,0.24276931171463167
survset:support2,DeepHit,1,42,5274,6.0,1,3.7416574954986572,0.4840878749526488,0.5159121250473512,7.6157732009887695,0.054832672078506124,0.9451673279214938,15.779733657836914,0.03478359532338595,0.9652164046766141
survset:support2,DeepHit,1,42,9008,21.470911026000977,0,3.7416574954986572,0.9948462313201658,0.005153768679834192,7.6157732009887695,0.9926553369691523,0.007344663030847687,15.779733657836914,0.8260945579594,0.1739054420406
survset:support2,DeepHit,1,42,7803,44.4971923828125,0,3.7416574954986572,0.9968716289495949,0.0031283710504050877,7.6157732009887695,0.994692124434779,0.005307875565221054,15.779733657836914,0.7941927063814045,0.2058072936185955
survset:support2,DeepHit,1,42,1366,24.083189010620117,0,3.7416574954986572,0.9752334662786079,0.024766533721392148,7.6157732009887695,0.9661043847662292,0.033895615233770826,15.779733657836914,0.7111817409635341,0.28881825903646585
survset:support2,DeepHit,1,42,3798,2.6457512378692627,1,3.7416574954986572,0.41253791412064084,0.5874620858793591,7.6157732009887695,0.0438295628652435,0.9561704371347565,15.779733657836914,0.023468071794280215,0.9765319282057198
survset:support2,DeepHit,1,42,1907,42.1307487487793,0,3.7416574954986572,0.9922679432141732,0.00773205678582678,7.6157732009887695,0.9879164871422614,0.012083512857738565,15.779733657836914,0.7648332347115484,0.2351667652884516
survset:support2,DeepHit,1,42,2602,4.0,1,3.7416574954986572,0.5686418765729757,0.4313581234270243,7.6157732009887695,0.03527900219576675,0.9647209978042333,15.779733657836914,0.0243881137316295,0.9756118862683705
survset:support2,DeepHit,1,42,6987,30.066593170166016,0,3.7416574954986572,0.9925084624327281,0.007491537567271944,7.6157732009887695,0.9877796957297429,0.01222030427025711,15.779733657836914,0.7300105400551863,0.2699894599448137
survset:support2,DeepHit,1,42,7710,4.795831680297852,1,3.7416574954986572,0.5291452066823592,0.4708547933176408,7.6157732009887695,0.055708085219813276,0.9442919147801867,15.779733657836914,0.03047219966684902,0.969527800333151
survset:support2,DeepHit,1,42,6912,8.062257766723633,1,3.7416574954986572,0.9858081634593213,0.014191836540678682,7.6157732009887695,0.9705875244992713,0.029412475500728674,15.779733657836914,0.7055408697673329,0.2944591302326671
survset:support2,DeepHit,1,42,1616,33.39161682128906,1,3.7416574954986572,0.9932200328238366,0.0067799671761633595,7.6157732009887695,0.9884312977819454,0.011568702218054616,15.779733657836914,0.735666737882417,0.264333262117583
survset:support2,DeepHit,1,42,3098,22.135944366455078,0,3.7416574954986572,0.9913006081146701,0.008699391885329866,7.6157732009887695,0.9868328778516191,0.013167122148380894,15.779733657836914,0.730988130453738,0.269011869546262
survset:support2,DeepHit,1,42,4187,17.52141571044922,1,3.7416574954986572,0.9898651248777165,0.010134875122283504,7.6157732009887695,0.9737966276349823,0.026203372365017685,15.779733657836914,0.6713972162453941,0.32860278375460594
survset:support2,DeepHit,1,42,2512,26.944387435913086,1,3.7416574954986572,0.9886636561890384,0.011336343810961602,7.6157732009887695,0.9811352620480104,0.01886473795198962,15.779733657836914,0.7208229868930549,0.2791770131069451
survset:support2,DeepHit,1,42,517,21.189620971679688,1,3.7416574954986572,0.9919818491924864,0.008018150807513558,7.6157732009887695,0.9871014072389858,0.012898592761014238,15.779733657836914,0.7152495224770019,0.2847504775229981
survset:support2,DeepHit,1,42,4855,28.195743560791016,0,3.7416574954986572,0.9917771260588599,0.008222873941140074,7.6157732009887695,0.9865473473248813,0.013452652675118748,15.779733657836914,0.8321080369368974,0.1678919630631026
survset:support2,DeepHit,1,42,3960,39.16631317138672,0,3.7416574954986572,0.9964662709086659,0.0035337290913340924,7.6157732009887695,0.994824576763128,0.005175423236872034,15.779733657836914,0.8531926137599825,0.14680738624001755
survset:support2,DeepHit,1,42,2957,25.41653060913086,0,3.7416574954986572,0.9873663508577937,0.012633649142206327,7.6157732009887695,0.975398497160155,0.02460150283984497,15.779733657836914,0.7364021907165431,0.2635978092834569
survset:support2,DeepHit,1,42,4642,4.0,1,3.7416574954986572,0.4792072623770694,0.5207927376229307,7.6157732009887695,0.03990481936118038,0.9600951806388196,15.779733657836914,0.019719486161045074,0.980280513838955
survset:support2,DeepHit,1,42,6104,42.54409408569336,0,3.7416574954986572,0.9737594108581742,0.02624058914182581,7.6157732009887695,0.9521315490162695,0.04786845098373049,15.779733657836914,0.7094389345523118,0.2905610654476882
survset:support2,DeepHit,1,42,476,4.795831680297852,1,3.7416574954986572,0.46589022948810815,0.5341097705118918,7.6157732009887695,0.07776364281677502,0.9222363571832249,15.779733657836914,0.0654707230122366,0.9345292769877634
survset:support2,DeepHit,1,42,6795,32.295509338378906,0,3.7416574954986572,0.9924752173106663,0.007524782689333653,7.6157732009887695,0.9841943965877591,0.01580560341224091,15.779733657836914,0.666766925437135,0.333233074562865
survset:support2,DeepHit,1,42,7608,21.14237403869629,0,3.7416574954986572,0.9806761161123791,0.019323883887620852,7.6157732009887695,0.949021921045774,0.050978078954226014,15.779733657836914,0.656199230556799,0.34380076944320104
survset:support2,DeepHit,1,42,915,2.0,1,3.7416574954986572,0.4760810764231277,0.5239189235768723,7.6157732009887695,0.07773599021174195,0.9222640097882581,15.779733657836914,0.05128148127459031,0.9487185187254097
survset:support2,DeepHit,1,42,1311,6.7082037925720215,1,3.7416574954986572,0.5323561961761666,0.4676438038238334,7.6157732009887695,0.015610061424809418,0.9843899385751906,15.779733657836914,0.008423696263448624,0.9915763037365514
survset:support2,DeepHit,1,42,6698,2.0,1,3.7416574954986572,0.3637238637104393,0.6362761362895607,7.6157732009887695,0.04115901497234545,0.9588409850276546,15.779733657836914,0.019997157678201316,0.9800028423217987
survset:support2,DeepHit,1,42,7388,24.75883674621582,0,3.7416574954986572,0.9963481479499176,0.003651852050082449,7.6157732009887695,0.9937457429376166,0.0062542570623833615,15.779733657836914,0.7148962596492796,0.2851037403507204
survset:support2,DeepHit,1,42,6518,3.316624879837036,1,3.7416574954986572,0.5564298261847219,0.4435701738152781,7.6157732009887695,0.07352966629021608,0.9264703337097839,15.779733657836914,0.0494173713395577,0.9505826286604423
survset:support2,DeepHit,1,42,8177,17.20465087890625,1,3.7416574954986572,0.9917173602242741,0.008282639775725853,7.6157732009887695,0.9868926253034521,0.01310737469654788,15.779733657836914,0.7219321322953449,0.2780678677046551
survset:support2,DeepHit,1,42,6692,36.400550842285156,0,3.7416574954986572,0.9942593289711136,0.005740671028886424,7.6157732009887695,0.9905227696253133,0.00947723037468673,15.779733657836914,0.7786543305470529,0.2213456694529471
survset:support2,DeepHit,1,42,1641,2.6457512378692627,1,3.7416574954986572,0.6172700169957847,0.38272998300421535,7.6157732009887695,0.05130161196184672,0.9486983880381533,15.779733657836914,0.03604564554340621,0.9639543544565938
survset:support2,DeepHit,1,42,6430,26.81417465209961,1,3.7416574954986572,0.9924318016096878,0.007568198390312197,7.6157732009887695,0.9805278953593941,0.019472104640605892,15.779733657836914,0.7225554946640237,0.2774445053359763
survset:support2,DeepHit,1,42,6681,14.764822959899902,1,3.7416574954986572,0.9882666660087468,0.011733333991253203,7.6157732009887695,0.9759869542716034,0.024013045728396576,15.779733657836914,0.69560302745947,0.30439697254053
survset:support2,DeepHit,1,42,2539,21.748563766479492,1,3.7416574954986572,0.9911790085652816,0.008820991434718373,7.6157732009887695,0.9849152124638467,0.015084787536153277,15.779733657836914,0.7253484684213438,0.2746515315786562
survset:support2,DeepHit,1,42,5763,19.209373474121094,1,3.7416574954986572,0.9962194920431159,0.003780507956884116,7.6157732009887695,0.9942387163259401,0.005761283674059925,15.779733657836914,0.788227768530003,0.21177223146999702
survset:support2,DeepHit,1,42,2852,11.045360565185547,1,3.7416574954986572,0.9904320154032981,0.00956798459670194,7.6157732009887695,0.9836910219453008,0.01630897805469922,15.779733657836914,0.7277762116039626,0.27222378839603745
survset:support2,DeepHit,1,42,6234,3.7416574954986572,1,3.7416574954986572,0.5074188461622229,0.4925811538377771,7.6157732009887695,0.08836844568767563,0.9116315543123243,15.779733657836914,0.05425991369159454,0.9457400863084054
survset:support2,DeepHit,1,42,2234,1.7320507764816284,1,3.7416574954986572,0.5345541289115028,0.4654458710884972,7.6157732009887695,0.0783344077391729,0.9216655922608271,15.779733657836914,0.03771185883772554,0.9622881411622745
survset:support2,DeepHit,1,42,677,37.90778350830078,0,3.7416574954986572,0.9765217972752429,0.02347820272475709,7.6157732009887695,0.9553381518690884,0.04466184813091156,15.779733657836914,0.7357477996803381,0.2642522003196619
survset:support2,DeepHit,1,42,4701,23.173259735107422,1,3.7416574954986572,0.9949443959452192,0.005055604054780782,7.6157732009887695,0.9916198224643284,0.008380177535671551,15.779733657836914,0.7164429431493391,0.2835570568506609
survset:support2,DeepHit,1,42,8933,23.452077865600586,0,3.7416574954986572,0.9891750941052928,0.010824905894707193,7.6157732009887695,0.9805229792868752,0.01947702071312485,15.779733657836914,0.7252988000850671,0.2747011999149329
survset:support2,DeepHit,1,42,3590,24.26932144165039,1,3.7416574954986572,0.9879427378339319,0.012057262166068061,7.6157732009887695,0.9740833370362975,0.02591666296370254,15.779733657836914,0.7139580354685252,0.2860419645314748
survset:support2,DeepHit,1,42,6829,9.32737922668457,1,3.7416574954986572,0.9907032188260189,0.009296781173981139,7.6157732009887695,0.9715541916919046,0.0284458083080954,15.779733657836914,0.6387861140704499,0.36121388592955006
survset:support2,DeepHit,1,42,6899,19.646883010864258,1,3.7416574954986572,0.9980048065495208,0.00199519345047916,7.6157732009887695,0.9966949455925428,0.0033050544074572086,15.779733657836914,0.7413403588937538,0.2586596411062462
survset:support2,DeepHit,1,42,9023,2.6457512378692627,1,3.7416574954986572,0.4139716376873046,0.5860283623126954,7.6157732009887695,0.08446196099652675,0.9155380390034733,15.779733657836914,0.06557575423614145,0.9344242457638585
survset:support2,DeepHit,1,42,8980,22.158519744873047,0,3.7416574954986572,0.9953237241192564,0.004676275880743597,7.6157732009887695,0.9934582740699949,0.006541725930005127,15.779733657836914,0.7819920333282467,0.21800796667175326
survset:support2,DeepHit,1,42,4768,6.928203105926514,1,3.7416574954986572,0.6068252034580368,0.3931747965419632,7.6157732009887695,0.09933352951948712,0.9006664704805128,15.779733657836914,0.07008708690483953,0.9299129130951604
survset:support2,DeepHit,1,42,1851,5.291502475738525,1,3.7416574954986572,0.508990781235728,0.49100921876427195,7.6157732009887695,0.021587449169830297,0.9784125508301698,15.779733657836914,0.010795329280940194,0.9892046707190598
survset:support2,DeepHit,1,42,3313,4.242640495300293,1,3.7416574954986572,0.5031232959322132,0.49687670406778683,7.6157732009887695,0.026826999275946718,0.9731730007240533,15.779733657836914,0.018481179315454652,0.9815188206845453
survset:support2,DeepHit,1,42,1386,3.872983455657959,1,3.7416574954986572,0.5114846328949434,0.4885153671050566,7.6157732009887695,0.08466728746694034,0.9153327125330597,15.779733657836914,0.054330089779949575,0.9456699102200504
survset:support2,DeepHit,1,42,4648,5.656854152679443,1,3.7416574954986572,0.3829497148263384,0.6170502851736617,7.6157732009887695,0.03364941567508059,0.9663505843249194,15.779733657836914,0.027037985614601353,0.9729620143853986
survset:support2,DeepHit,1,42,4978,8.0,1,3.7416574954986572,0.9676038565197557,0.03239614348024433,7.6157732009887695,0.9349325572571962,0.06506744274280385,15.779733657836914,0.5930886608156817,0.4069113391843183
survset:support2,DeepHit,1,42,6126,42.379241943359375,0,3.7416574954986572,0.9874814219815791,0.012518578018420934,7.6157732009887695,0.9741240410529406,0.025875958947059408,15.779733657836914,0.6646829025972415,0.3353170974027585
survset:support2,DeepHit,1,42,8981,22.135944366455078,0,3.7416574954986572,0.9912086883413279,0.008791311658672085,7.6157732009887695,0.9872285069628706,0.012771493037129433,15.779733657836914,0.7481960118501528,0.25180398814984717
survset:support2,DeepHit,1,42,5872,12.922847747802734,1,3.7416574954986572,0.9958104700651687,0.004189529934831349,7.6157732009887695,0.9931308308920626,0.006869169107937445,15.779733657836914,0.7640690893851284,0.2359309106148716
survset:support2,DeepHit,1,42,4193,36.810325622558594,0,3.7416574954986572,0.9917372380941984,0.008262761905801552,7.6157732009887695,0.9866013209765291,0.013398679023470916,15.779733657836914,0.7871209033311142,0.21287909666888583
survset:support2,DeepHit,1,42,5476,4.242640495300293,1,3.7416574954986572,0.4587027750257675,0.5412972249742325,7.6157732009887695,0.041006503474292785,0.9589934965257072,15.779733657836914,0.02891592943655115,0.9710840705634488
survset:support2,DeepHit,1,42,8614,6.557438373565674,1,3.7416574954986572,0.5643289201334633,0.43567107986653675,7.6157732009887695,0.029676504091034568,0.9703234959089654,15.779733657836914,0.016106293549489958,0.98389370645051
survset:support2,DeepHit,1,42,4171,2.2360680103302,1,3.7416574954986572,0.5053527300351437,0.4946472699648563,7.6157732009887695,0.13082654904529492,0.8691734509547051,15.779733657836914,0.08957647275774512,0.9104235272422548
survset:support2,DeepHit,1,42,167,43.69210433959961,0,3.7416574954986572,0.9936270986781071,0.006372901321892943,7.6157732009887695,0.9903224903312159,0.009677509668784112,15.779733657836914,0.7634729211000921,0.23652707889990787
survset:support2,DeepHit,1,42,3339,44.41846466064453,0,3.7416574954986572,0.9906244176281166,0.009375582371883406,7.6157732009887695,0.9854347957853301,0.014565204214669891,15.779733657836914,0.768662627514489,0.231337372485511
survset:support2,DeepHit,1,42,1601,2.6457512378692627,1,3.7416574954986572,0.4663931520123312,0.5336068479876688,7.6157732009887695,0.03620189928716976,0.9637981007128302,15.779733657836914,0.018857447857678313,0.9811425521423217
survset:support2,DeepHit,1,42,4422,31.874753952026367,0,3.7416574954986572,0.9935522336757527,0.006447766324247262,7.6157732009887695,0.9804024463593585,0.01959755364064153,15.779733657836914,0.6776998895280845,0.32230011047191554
survset:support2,DeepHit,1,42,3660,7.0,1,3.7416574954986572,0.5450334025143959,0.4549665974856041,7.6157732009887695,0.027491898395106195,0.9725081016048938,15.779733657836914,0.01902304663177595,0.9809769533682241
survset:support2,DeepHit,1,42,2261,13.711309432983398,1,3.7416574954986572,0.9950969270784089,0.0049030729215910895,7.6157732009887695,0.9906692454776661,0.009330754522333895,15.779733657836914,0.6991168193107802,0.3008831806892198
survset:support2,DeepHit,1,42,8240,38.97434997558594,0,3.7416574954986572,0.9909129061957628,0.009087093804237223,7.6157732009887695,0.9813053525582823,0.01869464744171767,15.779733657836914,0.7407538679384575,0.25924613206154246
survset:support2,DeepHit,1,42,58,2.0,1,3.7416574954986572,0.4855913180070924,0.5144086819929077,7.6157732009887695,0.040485893834896036,0.959514106165104,15.779733657836914,0.024708695999557505,0.9752913040004425
survset:support2,DeepHit,1,42,9,19.235383987426758,1,3.7416574954986572,0.9859807379261217,0.01401926207387827,7.6157732009887695,0.9768377729245582,0.0231622270754418,15.779733657836914,0.7232293451812896,0.27677065481871044
survset:support2,DeepHit,1,42,326,3.0,1,3.7416574954986572,0.5038626582148408,0.4961373417851592,7.6157732009887695,0.0304902818565768,0.9695097181434232,15.779733657836914,0.02017962973442021,0.9798203702655798
survset:support2,DeepHit,1,42,7444,3.316624879837036,1,3.7416574954986572,0.49679220068792407,0.5032077993120759,7.6157732009887695,0.03212003050761207,0.967879969492388,15.779733657836914,0.023887723960360582,0.9761122760396395
survset:support2,DeepHit,1,42,3811,3.0,1,3.7416574954986572,0.46693672273062964,0.5330632772693704,7.6157732009887695,0.05225107720696781,0.9477489227930322,15.779733657836914,0.03444865699298473,0.9655513430070153
survset:support2,DeepHit,1,42,4792,28.618175506591797,0,3.7416574954986572,0.9936885655223263,0.006311434477673683,7.6157732009887695,0.9888300878662319,0.011169912133768056,15.779733657836914,0.7422525535560882,0.2577474464439118
survset:support2,DeepHit,1,42,7808,44.47471237182617,0,3.7416574954986572,0.9957967348015233,0.004203265198476691,7.6157732009887695,0.9936158140864536,0.006384185913546392,15.779733657836914,0.804799877800028,0.19520012219997196
survset:support2,DeepHit,1,42,3433,43.84062194824219,0,3.7416574954986572,0.9983578224512527,0.0016421775487472923,7.6157732009887695,0.9978223050878506,0.002177694912149364,15.779733657836914,0.8675940617140508,0.13240593828594915
survset:support2,DeepHit,1,42,7547,22.181072235107422,0,3.7416574954986572,0.9847686845038524,0.015231315496147646,7.6157732009887695,0.9734639199202394,0.026536080079760604,15.779733657836914,0.732998679515917,0.267001320484083
survset:support2,DeepHit,1,42,7328,5.0,1,3.7416574954986572,0.48639112823504177,0.5136088717649583,7.6157732009887695,0.016342009798947774,0.9836579902010523,15.779733657836914,0.013161224219568486,0.9868387757804316
survset:support2,DeepHit,1,42,6276,2.0,1,3.7416574954986572,0.5078014998023358,0.4921985001976642,7.6157732009887695,0.06150167993091134,0.9384983200690886,15.779733657836914,0.03307969176402663,0.9669203082359734
survset:support2,DeepHit,1,42,6524,38.131351470947266,0,3.7416574954986572,0.9896071605418911,0.010392839458108871,7.6157732009887695,0.9810058695347232,0.01899413046527676,15.779733657836914,0.7621299508612612,0.23787004913873877
survset:support2,DeepHit,1,42,4125,37.549964904785156,0,3.7416574954986572,0.9969314151953044,0.0030685848046956288,7.6157732009887695,0.9958802109526634,0.004119789047336564,15.779733657836914,0.8287697868706695,0.1712302131293305
survset:support2,DeepHit,1,42,8252,3.7416574954986572,1,3.7416574954986572,0.48704433439621536,0.5129556656037846,7.6157732009887695,0.020952319403549798,0.9790476805964502,15.779733657836914,0.015165958980049368,0.9848340410199506
survset:support2,DeepHit,1,42,7843,3.0,1,3.7416574954986572,0.5719070435589775,0.4280929564410225,7.6157732009887695,0.033518910293033194,0.9664810897069668,15.779733657836914,0.01800271773744663,0.9819972822625533
survset:support2,DeepHit,1,42,2069,25.079872131347656,1,3.7416574954986572,0.9886276446203627,0.011372355379637322,7.6157732009887695,0.9803524606154821,0.01964753938451791,15.779733657836914,0.7593969857418877,0.24060301425811226
survset:support2,DeepHit,1,42,3035,23.66431999206543,0,3.7416574954986572,0.9953742960840828,0.004625703915917212,7.6157732009887695,0.991474250111292,0.008525749888708023,15.779733657836914,0.6936553637709341,0.30634463622906594
survset:support2,DeepHit,1,42,6682,5.4772257804870605,1,3.7416574954986572,0.5744637424813637,0.42553625751863633,7.6157732009887695,0.03567305273021227,0.9643269472697877,15.779733657836914,0.022579402405052285,0.9774205975949477
survset:support2,DeepHit,1,42,116,6.928203105926514,1,3.7416574954986572,0.5737038427936938,0.4262961572063062,7.6157732009887695,0.02332599915663991,0.9766740008433601,15.779733657836914,0.009837130466272496,0.9901628695337275
survset:support2,DeepHit,1,42,5507,22.135944366455078,0,3.7416574954986572,0.9550155838761187,0.044984416123881266,7.6157732009887695,0.9145290179954542,0.08547098200454584,15.779733657836914,0.6182785086739545,0.3817214913260455
survset:support2,DeepHit,1,42,3369,3.316624879837036,1,3.7416574954986572,0.4260115809042196,0.5739884190957805,7.6157732009887695,0.021158033080178752,0.9788419669198213,15.779733657836914,0.01709075780566775,0.9829092421943323
survset:support2,DeepHit,1,42,3095,15.0,1,3.7416574954986572,0.9896768302912733,0.01032316970872671,7.6157732009887695,0.979420490753602,0.020579509246397953,15.779733657836914,0.7106853678585114,0.28931463214148856
survset:support2,DeepHit,1,42,8594,17.6068172454834,1,3.7416574954986572,0.972489918659236,0.027510081340764048,7.6157732009887695,0.9610092437546445,0.03899075624535553,15.779733657836914,0.7114575448721681,0.28854245512783194
survset:support2,DeepHit,1,42,4307,4.4721360206604,1,3.7416574954986572,0.4881658403888461,0.511834159611154,7.6157732009887695,0.021809974763083353,0.9781900252369167,15.779733657836914,0.008713520823164577,0.9912864791768354
survset:support2,DeepHit,1,42,4834,15.491933822631836,1,3.7416574954986572,0.9951213739836224,0.004878626016377563,7.6157732009887695,0.9902032045322067,0.009796795467793329,15.779733657836914,0.712220443271186,0.28777955672881395
survset:support2,DeepHit,1,42,3476,43.53159713745117,0,3.7416574954986572,0.9936821459356393,0.006317854064360695,7.6157732009887695,0.9871641428517341,0.01283585714826585,15.779733657836914,0.6915133696169533,0.3084866303830467
survset:support2,DeepHit,1,42,6574,14.352700233459473,1,3.7416574954986572,0.9920827885986192,0.007917211401380797,7.6157732009887695,0.975937842618443,0.024062157381557037,15.779733657836914,0.6429689602085112,0.35703103979148876
survset:support2,DeepHit,1,42,3151,12.369317054748535,1,3.7416574954986572,0.9873342052535024,0.01266579474649765,7.6157732009887695,0.9726314217003066,0.027368578299693413,15.779733657836914,0.725250010646772,0.27474998935322803
survset:support2,DeepHit,1,42,4972,26.981475830078125,0,3.7416574954986572,0.9888757877614994,0.011124212238500575,7.6157732009887695,0.9784210306481284,0.021578969351871646,15.779733657836914,0.7439814048062523,0.2560185951937477
survset:support2,DeepHit,1,42,2504,28.142494201660156,1,3.7416574954986572,0.9922428495097289,0.0077571504902711474,7.6157732009887695,0.9866908491550264,0.013309150844973638,15.779733657836914,0.7517143961189853,0.24828560388101473
survset:support2,DeepHit,1,42,3990,27.74887466430664,1,3.7416574954986572,0.993343928030194,0.006656071969805999,7.6157732009887695,0.989730636239997,0.01026936376000298,15.779733657836914,0.8224866587327736,0.1775133412672264
survset:support2,DeepHit,1,42,6300,40.70626449584961,0,3.7416574954986572,0.9808923643128481,0.019107635687151903,7.6157732009887695,0.9708276527759454,0.029172347224054596,15.779733657836914,0.7162835504355896,0.28371644956441044
survset:support2,DeepHit,1,42,433,34.72751235961914,1,3.7416574954986572,0.985141624731965,0.014858375268035018,7.6157732009887695,0.9731754584386023,0.026824541561397686,15.779733657836914,0.7127788675498327,0.28722113245016734
survset:support2,DeepHit,1,42,3622,3.1622776985168457,1,3.7416574954986572,0.4228413273434345,0.5771586726565655,7.6157732009887695,0.029832564216757233,0.9701674357832427,15.779733657836914,0.02051310245087077,0.9794868975491292
survset:support2,DeepHit,1,42,3847,40.31128692626953,0,3.7416574954986572,0.9977908866887205,0.002209113311279487,7.6157732009887695,0.9955092393801892,0.004490760619810796,15.779733657836914,0.7604583660157886,0.23954163398421136
survset:support2,DeepHit,1,42,8309,20.784608840942383,1,3.7416574954986572,0.9886852144615347,0.011314785538465322,7.6157732009887695,0.9660658560577522,0.03393414394224781,15.779733657836914,0.6861395020425739,0.3138604979574261
survset:support2,DeepHit,1,42,4324,32.69556427001953,0,3.7416574954986572,0.9944151135921059,0.0055848864078941185,7.6157732009887695,0.9920645450541071,0.007935454945892872,15.779733657836914,0.738795479676069,0.26120452032393104
survset:support2,DeepHit,1,42,8797,12.961481094360352,1,3.7416574954986572,0.9904881627684524,0.009511837231547582,7.6157732009887695,0.9746298656240752,0.025370134375924835,15.779733657836914,0.641304997171725,0.35869500282827504
survset:support2,DeepHit,1,42,1411,5.099019527435303,1,3.7416574954986572,0.5903373617483118,0.40966263825168825,7.6157732009887695,0.02638047258086274,0.9736195274191373,15.779733657836914,0.01902732958657603,0.980972670413424
survset:support2,DeepHit,1,42,8064,41.09744644165039,0,3.7416574954986572,0.9960617103465953,0.003938289653404703,7.6157732009887695,0.9937270064997293,0.006272993500270663,15.779733657836914,0.7672131599409132,0.23278684005908679
survset:support2,DeepHit,1,42,2558,9.848857879638672,1,3.7416574954986572,0.9822098732470164,0.017790126752983637,7.6157732009887695,0.970836811405714,0.029163188594286016,15.779733657836914,0.689141200753926,0.31085879924607396
survset:support2,DeepHit,1,42,1731,21.67948341369629,1,3.7416574954986572,0.9940671717787681,0.005932828221231867,7.6157732009887695,0.9906619628690976,0.009338037130902421,15.779733657836914,0.7122235330068081,0.2877764669931919
survset:support2,DeepHit,1,42,8495,10.954451560974121,1,3.7416574954986572,0.9846832320207112,0.015316767979288826,7.6157732009887695,0.9647795818459065,0.03522041815409349,15.779733657836914,0.669816723352187,0.330183276647813
survset:support2,DeepHit,1,42,8849,25.179357528686523,0,3.7416574954986572,0.9879354917176656,0.012064508282334407,7.6157732009887695,0.975081051695369,0.02491894830463104,15.779733657836914,0.6954880685508582,0.3045119314491418
survset:support2,DeepHit,1,42,8422,4.242640495300293,1,3.7416574954986572,0.4787604937849331,0.5212395062150669,7.6157732009887695,0.058544379834432704,0.9414556201655673,15.779733657836914,0.043594629776040554,0.9564053702239594
survset:support2,DeepHit,1,42,3239,6.557438373565674,1,3.7416574954986572,0.49867286673057915,0.5013271332694209,7.6157732009887695,0.02016469103088641,0.9798353089691136,15.779733657836914,0.013245361453738643,0.9867546385462613
survset:support2,DeepHit,1,42,3822,30.675724029541016,1,3.7416574954986572,0.9882068714214282,0.011793128578571843,7.6157732009887695,0.9786905762460948,0.02130942375390521,15.779733657836914,0.7646278394907217,0.23537216050927834
survset:support2,DeepHit,1,42,8367,12.961481094360352,1,3.7416574954986572,0.9915933272752333,0.008406672724766695,7.6157732009887695,0.9881116749828769,0.011888325017123114,15.779733657836914,0.7058958836885327,0.29410411631146727
survset:support2,DeepHit,1,42,1267,26.019224166870117,0,3.7416574954986572,0.9893977344990262,0.010602265500973762,7.6157732009887695,0.9800314171411939,0.019968582858806094,15.779733657836914,0.7123134402532673,0.28768655974673274
survset:support2,DeepHit,1,42,5634,2.6457512378692627,1,3.7416574954986572,0.5648550810144031,0.43514491898559693,7.6157732009887695,0.04480012829001634,0.9551998717099837,15.779733657836914,0.028750260799802998,0.971249739200197
survset:support2,DeepHit,1,42,541,4.582575798034668,1,3.7416574954986572,0.5728264579038348,0.4271735420961652,7.6157732009887695,0.029928430891054663,0.9700715691089453,15.779733657836914,0.01686003068810527,0.9831399693118947
survset:support2,DeepHit,1,42,5462,5.4772257804870605,1,3.7416574954986572,0.5290815909992616,0.47091840900073845,7.6157732009887695,0.05920291062885412,0.9407970893711459,15.779733657836914,0.028233399343472933,0.9717666006565271
survset:support2,DeepHit,1,42,393,5.830951690673828,1,3.7416574954986572,0.5339815776376647,0.46601842236233526,7.6157732009887695,0.034049825214200136,0.9659501747857999,15.779733657836914,0.020303109048604523,0.9796968909513954
survset:support2,DeepHit,1,42,2702,29.393877029418945,0,3.7416574954986572,0.9832442393604076,0.016755760639592387,7.6157732009887695,0.9685603371018876,0.0314396628981124,15.779733657836914,0.7404301276402193,0.2595698723597807
survset:support2,DeepHit,1,42,3015,4.898979663848877,1,3.7416574954986572,0.47378931603618535,0.5262106839638147,7.6157732009887695,0.12063103020919967,0.8793689697908004,15.779733657836914,0.06961373212426714,0.9303862678757329
survset:support2,DeepHit,1,42,2100,31.064449310302734,1,3.7416574954986572,0.9937277692433815,0.006272230756618535,7.6157732009887695,0.9910750809632394,0.008924919036760626,15.779733657836914,0.7043423187339601,0.29565768126603986
survset:support2,DeepHit,1,42,7867,14.071247100830078,1,3.7416574954986572,0.9818469709882784,0.018153029011721555,7.6157732009887695,0.967817745094195,0.03218225490580495,15.779733657836914,0.6992803248443971,0.30071967515560294
survset:support2,DeepHit,1,42,3440,11.575837135314941,1,3.7416574954986572,0.9923657955687304,0.007634204431269609,7.6157732009887695,0.9818312882105127,0.018168711789487313,15.779733657836914,0.6530918849755677,0.3469081150244323
survset:support2,DeepHit,1,42,1365,21.189620971679688,1,3.7416574954986572,0.9903146805459855,0.009685319454014518,7.6157732009887695,0.9751252083539433,0.02487479164605666,15.779733657836914,0.6830870945416543,0.3169129054583457
survset:support2,DeepHit,1,42,4045,28.0,1,3.7416574954986572,0.9912741923988594,0.008725807601140612,7.6157732009887695,0.9813835268263731,0.018616473173626913,15.779733657836914,0.6962903272050007,0.3037096727949993
survset:support2,DeepHit,1,42,8339,28.600698471069336,1,3.7416574954986572,0.9896756101814298,0.010324389818570201,7.6157732009887695,0.9846373846136671,0.015362615386332878,15.779733657836914,0.6550665130523365,0.34493348694766346
survset:support2,DeepHit,1,42,5319,2.8284270763397217,1,3.7416574954986572,0.4345677911061806,0.5654322088938194,7.6157732009887695,0.015116582185518042,0.984883417814482,15.779733657836914,0.010333111348881815,0.9896668886511182
survset:support2,DeepHit,1,42,6825,13.67479419708252,1,3.7416574954986572,0.9945156956918286,0.005484304308171373,7.6157732009887695,0.9913178830738375,0.008682116926162498,15.779733657836914,0.7568710109908389,0.24312898900916113
survset:support2,DeepHit,1,42,7118,13.266499519348145,1,3.7416574954986572,0.9866852287259752,0.013314771274024806,7.6157732009887695,0.9728006353319995,0.027199364668000547,15.779733657836914,0.6284438272390864,0.3715561727609136
survset:support2,DeepHit,1,42,3266,44.86647033691406,0,3.7416574954986572,0.9785698207786411,0.021430179221358925,7.6157732009887695,0.9619481809039697,0.03805181909603028,15.779733657836914,0.7218554383098925,0.2781445616901075
survset:support2,DeepHit,1,42,7321,2.4494898319244385,1,3.7416574954986572,0.4349232904347591,0.5650767095652409,7.6157732009887695,0.021903867292695688,0.9780961327073043,15.779733657836914,0.014821070295742327,0.9851789297042577
survset:support2,DeepHit,1,42,9062,2.8284270763397217,1,3.7416574954986572,0.5708334165210855,0.42916658347891445,7.6157732009887695,0.058666601981910003,0.94133339801809,15.779733657836914,0.04336262496810085,0.9566373750318992
survset:support2,DeepHit,1,42,7902,7.141428470611572,1,3.7416574954986572,0.4994953411218457,0.5005046588781543,7.6157732009887695,0.051922205491682576,0.9480777945083174,15.779733657836914,0.03328550338921789,0.9667144966107821
survset:support2,DeepHit,1,42,8263,4.690415859222412,1,3.7416574954986572,0.5136240831064534,0.48637591689354664,7.6157732009887695,0.049801312786466614,0.9501986872135334,15.779733657836914,0.018635563582745072,0.9813644364172549
survset:support2,DeepHit,1,42,7415,13.82027530670166,1,3.7416574954986572,0.9943177903980469,0.005682209601953092,7.6157732009887695,0.9902364826586301,0.009763517341369932,15.779733657836914,0.7392605129393351,0.26073948706066485
survset:support2,DeepHit,1,42,2994,6.0,1,3.7416574954986572,0.5492151607391613,0.4507848392608387,7.6157732009887695,0.04666644545127923,0.9533335545487208,15.779733657836914,0.03225254283741078,0.9677474571625893
survset:support2,DeepHit,1,42,7981,2.8284270763397217,1,3.7416574954986572,0.45163448779389304,0.548365512206107,7.6157732009887695,0.05141856533675426,0.9485814346632457,15.779733657836914,0.029480126929662988,0.970519873070337
survset:support2,DeepHit,1,42,1392,23.55843734741211,0,3.7416574954986572,0.9949579204929189,0.005042079507081132,7.6157732009887695,0.9931027926519298,0.0068972073480702,15.779733657836914,0.8069475969481177,0.19305240305188232
survset:support2,DeepHit,1,42,1241,4.898979663848877,1,3.7416574954986572,0.5211126617516664,0.4788873382483336,7.6157732009887695,0.041193274097921416,0.9588067259020786,15.779733657836914,0.025846809899643556,0.9741531901003564
survset:support2,DeepHit,1,42,7838,15.198683738708496,1,3.7416574954986572,0.990070944193084,0.009929055806916054,7.6157732009887695,0.9819716545399051,0.018028345460094908,15.779733657836914,0.7264929664890252,0.27350703351097483
survset:support2,DeepHit,1,42,3093,22.181072235107422,0,3.7416574954986572,0.9932774528079075,0.006722547192092532,7.6157732009887695,0.9897953646460389,0.0102046353539611,15.779733657836914,0.820250665668913,0.17974933433108697
survset:support2,DeepHit,1,42,8544,17.464248657226562,1,3.7416574954986572,0.980017425358492,0.01998257464150799,7.6157732009887695,0.941649178811708,0.058350821188292046,15.779733657836914,0.6825527009057663,0.31744729909423375
survset:support2,DeepHit,1,42,5337,3.464101552963257,1,3.7416574954986572,0.5179758302522064,0.4820241697477936,7.6157732009887695,0.0394868109610488,0.9605131890389512,15.779733657836914,0.025953928478650138,0.9740460715213498
survset:support2,DeepHit,1,42,3659,16.309507369995117,1,3.7416574954986572,0.9858206387858671,0.01417936121413288,7.6157732009887695,0.9722135891240011,0.027786410875998868,15.779733657836914,0.7255760905653426,0.27442390943465744
survset:support2,DeepHit,1,42,4,45.0444221496582,0,3.7416574954986572,0.9943149867009546,0.005685013299045361,7.6157732009887695,0.9898482855785153,0.010151714421484659,15.779733657836914,0.759537301811301,0.24046269818869903
survset:support2,DeepHit,1,42,6733,4.690415859222412,1,3.7416574954986572,0.5571491105722494,0.44285088942775064,7.6157732009887695,0.04440128982738463,0.9555987101726153,15.779733657836914,0.019591780647872863,0.9804082193521272
survset:support2,DeepHit,1,42,2701,12.922847747802734,1,3.7416574954986572,0.9949647894743594,0.005035210525640599,7.6157732009887695,0.9920068059139845,0.00799319408601551,15.779733657836914,0.7741895620029651,0.22581043799703493
survset:support2,DeepHit,1,42,1913,42.083251953125,0,3.7416574954986572,0.9950340919031152,0.004965908096884797,7.6157732009887695,0.9930584742296091,0.006941525770390866,15.779733657836914,0.7848939861289304,0.21510601387106965
survset:support2,DeepHit,1,42,3146,20.904544830322266,0,3.7416574954986572,0.9922518560331104,0.007748143966889609,7.6157732009887695,0.9889137380051322,0.011086261994867841,15.779733657836914,0.8546440344733104,0.1453559655266896
survset:support2,DeepHit,1,42,1401,19.72308349609375,1,3.7416574954986572,0.9795566967405271,0.020443303259472856,7.6157732009887695,0.959775096803685,0.040224903196315,15.779733657836914,0.6605613991568468,0.33943860084315325
survset:support2,DeepHit,1,42,2901,26.172504425048828,0,3.7416574954986572,0.9967876018356022,0.0032123981643977784,7.6157732009887695,0.9954479332496609,0.004552066750339145,15.779733657836914,0.863677973513605,0.13632202648639502
survset:support2,DeepHit,1,42,4385,32.15586853027344,0,3.7416574954986572,0.9956841886238462,0.0043158113761537775,7.6157732009887695,0.9926455702153079,0.00735442978469214,15.779733657836914,0.7803437128447744,0.21965628715522556
survset:support2,DeepHit,1,42,7262,26.34387969970703,0,3.7416574954986572,0.99315176241766,0.006848237582339989,7.6157732009887695,0.9816711517870449,0.018328848212955107,15.779733657836914,0.653147801640918,0.346852198359082
survset:support2,DeepHit,1,42,7632,20.856653213500977,0,3.7416574954986572,0.9940094127206327,0.005990587279367299,7.6157732009887695,0.9876725168342809,0.012327483165719078,15.779733657836914,0.7433019208108641,0.2566980791891359
survset:support2,DeepHit,1,42,3586,19.67231559753418,1,3.7416574954986572,0.9893892204377576,0.010610779562242434,7.6157732009887695,0.9800649003984222,0.0199350996015778,15.779733657836914,0.7039417445593386,0.29605825544066144
survset:support2,DeepHit,1,42,2840,19.131126403808594,1,3.7416574954986572,0.9926832432857661,0.00731675671423393,7.6157732009887695,0.9658792572180136,0.0341207427819864,15.779733657836914,0.6361462032079431,0.36385379679205687
survset:support2,DeepHit,1,42,5052,26.28687858581543,0,3.7416574954986572,0.9921312903442309,0.007868709655769135,7.6157732009887695,0.9821090435826809,0.01789095641731908,15.779733657836914,0.7412209341529565,0.25877906584704347
survset:support2,DeepHit,1,42,4338,1.7320507764816284,1,3.7416574954986572,0.3082973580433886,0.6917026419566115,7.6157732009887695,0.11487254455147874,0.8851274554485212,15.779733657836914,0.05808221065984827,0.9419177893401517
survset:support2,DeepHit,1,42,7249,12.489995956420898,1,3.7416574954986572,0.998054087132423,0.0019459128675769488,7.6157732009887695,0.9972282896248664,0.0027717103751335737,15.779733657836914,0.8274490812413116,0.17255091875868844
survset:support2,DeepHit,1,42,3801,14.966629981994629,1,3.7416574954986572,0.992428616169169,0.007571383830831002,7.6157732009887695,0.9814199503857632,0.01858004961423676,15.779733657836914,0.7558835182047721,0.24411648179522794
survset:support2,DeepHit,1,42,4829,28.337255477905273,0,3.7416574954986572,0.987070837601051,0.012929162398949035,7.6157732009887695,0.9827474616980102,0.017252538301989806,15.779733657836914,0.763985057800688,0.23601494219931196
survset:support2,DeepHit,1,42,7561,16.822603225708008,1,3.7416574954986572,0.994901806217644,0.005098193782355986,7.6157732009887695,0.9903891306391377,0.009610869360862306,15.779733657836914,0.7773282374771227,0.22267176252287735
survset:support2,DeepHit,1,42,3253,15.748015403747559,1,3.7416574954986572,0.9923058926211127,0.007694107378887316,7.6157732009887695,0.9798745038658921,0.020125496134107856,15.779733657836914,0.7165154457511881,0.2834845542488119
survset:support2,DeepHit,1,42,7930,7.211102485656738,1,3.7416574954986572,0.5877530684042701,0.4122469315957299,7.6157732009887695,0.07065709840552639,0.9293429015944736,15.779733657836914,0.03243457153577547,0.9675654284642246
survset:support2,DeepHit,1,42,6386,25.729360580444336,1,3.7416574954986572,0.9896978413954383,0.01030215860456174,7.6157732009887695,0.9696477410104108,0.030352258989589154,15.779733657836914,0.6491495261549199,0.35085047384508006
survset:support2,DeepHit,1,42,8297,7.416198253631592,1,3.7416574954986572,0.9912402083290136,0.008759791670986394,7.6157732009887695,0.9869288106839009,0.013071189316099074,15.779733657836914,0.7328318897089546,0.26716811029104537
survset:support2,DeepHit,1,42,5077,2.0,1,3.7416574954986572,0.45508186595138467,0.5449181340486153,7.6157732009887695,0.02145531132428812,0.9785446886757119,15.779733657836914,0.010901430296694716,0.9890985697033052
survset:support2,DeepHit,1,42,2024,40.93898010253906,0,3.7416574954986572,0.9927624105796897,0.007237589420310275,7.6157732009887695,0.9890197368277316,0.010980263172268412,15.779733657836914,0.6911847490586807,0.30881525094131934
survset:support2,DeepHit,1,42,5402,4.0,1,3.7416574954986572,0.503267712429825,0.49673228757017496,7.6157732009887695,0.03070384185801793,0.9692961581419821,15.779733657836914,0.020714225438666724,0.9792857745613333
survset:support2,DeepHit,1,42,3441,43.220367431640625,1,3.7416574954986572,0.9921934764027264,0.007806523597273629,7.6157732009887695,0.9844034359532225,0.01559656404677745,15.779733657836914,0.7038590684560724,0.2961409315439276
survset:support2,DeepHit,1,42,1322,20.273134231567383,1,3.7416574954986572,0.9944857138860552,0.005514286113944777,7.6157732009887695,0.9811368694522108,0.01886313054778921,15.779733657836914,0.6956373054303695,0.3043626945696305
survset:support2,DeepHit,1,42,3142,3.316624879837036,1,3.7416574954986572,0.5647956997336967,0.4352043002663033,7.6157732009887695,0.031864923994980206,0.9681350760050198,15.779733657836914,0.01806797622176796,0.9819320237782321
survset:support2,DeepHit,1,42,8454,25.806976318359375,1,3.7416574954986572,0.9790335312147126,0.020966468785287407,7.6157732009887695,0.9657591483683973,0.03424085163160273,15.779733657836914,0.7502991310664131,0.2497008689335869
survset:support2,DeepHit,1,42,4195,14.177447319030762,1,3.7416574954986572,0.99172144251432,0.00827855748567996,7.6157732009887695,0.9805318303626217,0.019468169637378296,15.779733657836914,0.6775459992682418,0.32245400073175823
survset:support2,DeepHit,1,42,5823,24.20743751525879,1,3.7416574954986572,0.9961854882234332,0.0038145117765667758,7.6157732009887695,0.9940033779895231,0.005996622010476904,15.779733657836914,0.7584045998097879,0.24159540019021208
survset:support2,DeepHit,1,42,7931,8.124038696289062,1,3.7416574954986572,0.9672650737871568,0.03273492621284324,7.6157732009887695,0.9351163622337079,0.06488363776629213,15.779733657836914,0.6031076879844086,0.3968923120155914
survset:support2,DeepHit,1,42,3474,34.438350677490234,1,3.7416574954986572,0.9932182048603003,0.006781795139699676,7.6157732009887695,0.9878046493804115,0.01219535061958854,15.779733657836914,0.7242480498214438,0.27575195017855625
survset:support2,DeepHit,1,42,8270,38.52272033691406,0,3.7416574954986572,0.9936280885385159,0.006371911461484081,7.6157732009887695,0.9876966785544773,0.012303321445522708,15.779733657836914,0.7650371369122134,0.23496286308778658
survset:support2,DeepHit,1,42,3603,9.273618698120117,1,3.7416574954986572,0.9914321684934488,0.00856783150655116,7.6157732009887695,0.9857250338055373,0.014274966194462668,15.779733657836914,0.7070007401402237,0.29299925985977626
survset:support2,DeepHit,1,42,4976,8.774964332580566,1,3.7416574954986572,0.9844148966971218,0.015585103302878212,7.6157732009887695,0.9654940907532571,0.034505909246742905,15.779733657836914,0.6441558873313319,0.3558441126686681
survset:support2,DeepHit,1,42,7419,3.464101552963257,1,3.7416574954986572,0.5061970914842664,0.4938029085157336,7.6157732009887695,0.08293110698638648,0.9170688930136135,15.779733657836914,0.061450868326012584,0.9385491316739875
survset:support2,DeepHit,1,42,5761,19.54482078552246,0,3.7416574954986572,0.9886238832302052,0.011376116769794775,7.6157732009887695,0.9817114933884908,0.01828850661150916,15.779733657836914,0.7735433984394646,0.22645660156053538
survset:support2,DeepHit,1,42,1612,4.4721360206604,1,3.7416574954986572,0.5491589878572893,0.45084101214271066,7.6157732009887695,0.026201882542217607,0.9737981174577824,15.779733657836914,0.0189993455260716,0.9810006544739284
survset:support2,DeepHit,1,42,4677,2.2360680103302,1,3.7416574954986572,0.4563502335526163,0.5436497664473837,7.6157732009887695,0.027436361824172046,0.9725636381758279,15.779733657836914,0.012967165364915241,0.9870328346350847
survset:support2,DeepHit,1,42,9060,20.19900894165039,0,3.7416574954986572,0.9939974103859814,0.006002589614018561,7.6157732009887695,0.9913218910129038,0.0086781089870962,15.779733657836914,0.8184283341730731,0.18157166582692685
survset:support2,DeepHit,1,42,277,25.377155303955078,1,3.7416574954986572,0.9960417853813782,0.00395821461862178,7.6157732009887695,0.993683462969468,0.006316537030532032,15.779733657836914,0.7613715743987637,0.23862842560123632
survset:support2,DeepHit,1,42,1375,2.8284270763397217,1,3.7416574954986572,0.46892058154768795,0.531079418452312,7.6157732009887695,0.034424740513954936,0.9655752594860451,15.779733657836914,0.02033992572685841,0.9796600742731416
survset:support2,DeepHit,1,42,4040,10.344079971313477,1,3.7416574954986572,0.9777221220286677,0.022277877971332294,7.6157732009887695,0.9590408400204677,0.040959159979532256,15.779733657836914,0.6360026963135188,0.3639973036864812
survset:support2,DeepHit,1,42,5244,13.45362377166748,1,3.7416574954986572,0.9960730171365666,0.003926982863433404,7.6157732009887695,0.9895760146488919,0.010423985351108112,15.779733657836914,0.676593148032574,0.323406851967426
survset:support2,DeepHit,1,42,4654,8.185352325439453,1,3.7416574954986572,0.9886793593295176,0.01132064067048244,7.6157732009887695,0.9713567655093585,0.028643234490641545,15.779733657836914,0.6526085712283397,0.3473914287716603
survset:support2,DeepHit,1,42,2842,27.36786460876465,0,3.7416574954986572,0.9823183227220545,0.01768167727794545,7.6157732009887695,0.97636895401802,0.02363104598197996,15.779733657836914,0.733084719924849,0.266915280075151
survset:support2,DeepHit,1,42,6724,16.552946090698242,1,3.7416574954986572,0.9948211540499367,0.005178845950063349,7.6157732009887695,0.9898247532541463,0.010175246745853683,15.779733657836914,0.6006413112529431,0.39935868874705693
survset:support2,DeepHit,1,42,2919,25.980762481689453,0,3.7416574954986572,0.9953471829325966,0.004652817067403392,7.6157732009887695,0.9940062863404772,0.005993713659522837,15.779733657836914,0.7739873983962485,0.22601260160375147
survset:support2,DeepHit,1,42,6508,21.702533721923828,1,3.7416574954986572,0.9930475397617122,0.006952460238287772,7.6157732009887695,0.9742099702971739,0.025790029702826067,15.779733657836914,0.5804236478918612,0.4195763521081388
survset:support2,DeepHit,1,42,21,5.4772257804870605,1,3.7416574954986572,0.4976631600640292,0.5023368399359708,7.6157732009887695,0.02459396114265447,0.9754060388573456,15.779733657836914,0.0103726399390951,0.9896273600609049
survset:support2,DeepHit,1,42,5453,6.4031243324279785,1,3.7416574954986572,0.4882694702068251,0.5117305297931749,7.6157732009887695,0.01185636020557401,0.988143639794426,15.779733657836914,0.007567284338206616,0.9924327156617934
survset:support2,DeepHit,1,42,9078,15.55634880065918,1,3.7416574954986572,0.9932492571014879,0.006750742898512074,7.6157732009887695,0.9850946490773893,0.014905350922610694,15.779733657836914,0.7014962573124772,0.2985037426875228
survset:support2,DeepHit,1,42,3837,40.33608627319336,0,3.7416574954986572,0.997630937934189,0.0023690620658110007,7.6157732009887695,0.996859438068039,0.0031405619319609945,15.779733657836914,0.8813187962065984,0.11868120379340164
survset:support2,DeepHit,1,42,5394,5.5677642822265625,1,3.7416574954986572,0.5028051272507662,0.4971948727492338,7.6157732009887695,0.038303057060695755,0.9616969429393043,15.779733657836914,0.02160269433854023,0.9783973056614598
survset:support2,DeepHit,1,42,7200,16.124515533447266,1,3.7416574954986572,0.9831821339687624,0.016817866031237583,7.6157732009887695,0.9696210424796791,0.030378957520320937,15.779733657836914,0.6663376586266737,0.3336623413733263
survset:support2,DeepHit,1,42,2305,10.24695110321045,1,3.7416574954986572,0.9828258163695426,0.017174183630457418,7.6157732009887695,0.9461202048676153,0.05387979513238472,15.779733657836914,0.6430779618769056,0.3569220381230944
survset:support2,DeepHit,1,42,7592,15.65247631072998,1,3.7416574954986572,0.9826719701113569,0.017328029888643126,7.6157732009887695,0.9651549188822629,0.0348450811177371,15.779733657836914,0.7154132731868938,0.28458672681310615
survset:support2,DeepHit,1,42,5180,25.119712829589844,0,3.7416574954986572,0.9944853468562728,0.005514653143727233,7.6157732009887695,0.9923006006549402,0.00769939934505981,15.779733657836914,0.7877536640206104,0.21224633597938958
survset:support2,DeepHit,1,42,5950,21.748563766479492,1,3.7416574954986572,0.9930157587655455,0.0069842412344545135,7.6157732009887695,0.9862659875843074,0.013734012415692609,15.779733657836914,0.7186744098930105,0.28132559010698954
survset:support2,DeepHit,1,42,3986,27.23967742919922,1,3.7416574954986572,0.9907861181471052,0.009213881852894845,7.6157732009887695,0.9781823040795441,0.021817695920455904,15.779733657836914,0.667895182994791,0.332104817005209
survset:support2,DeepHit,1,42,2700,22.956480026245117,1,3.7416574954986572,0.9826134533659004,0.017386546634099553,7.6157732009887695,0.9747477293924828,0.025252270607517224,15.779733657836914,0.7354549840009844,0.2645450159990156
survset:support2,DeepHit,1,42,6035,19.72308349609375,1,3.7416574954986572,0.9811851311452855,0.018814868854714506,7.6157732009887695,0.959167975227786,0.04083202477221404,15.779733657836914,0.661178316461373,0.33882168353862696
survset:support2,DeepHit,1,42,8503,9.433980941772461,1,3.7416574954986572,0.9909371385918122,0.009062861408187795,7.6157732009887695,0.9865024448606163,0.013497555139383666,15.779733657836914,0.7157397852115341,0.28426021478846586
survset:support2,DeepHit,1,42,3581,25.2586612701416,1,3.7416574954986572,0.9900904259335204,0.009909574066479632,7.6157732009887695,0.9819353024732894,0.018064697526710582,15.779733657836914,0.7401102864110678,0.2598897135889322
survset:support2,DeepHit,1,42,8541,31.496030807495117,0,3.7416574954986572,0.9927224163518675,0.0072775836481324685,7.6157732009887695,0.9882383198215414,0.011761680178458578,15.779733657836914,0.7797287174643036,0.2202712825356964
survset:support2,DeepHit,1,42,5446,2.2360680103302,1,3.7416574954986572,0.5565618103823272,0.4434381896176728,7.6157732009887695,0.03062822897292898,0.9693717710270711,15.779733657836914,0.016742933200614988,0.983257066799385
survset:support2,DeepHit,1,42,8166,2.2360680103302,1,3.7416574954986572,0.4328074861574566,0.5671925138425433,7.6157732009887695,0.04642753553114896,0.953572464468851,15.779733657836914,0.03466591421168307,0.9653340857883169
survset:support2,DeepHit,1,42,880,3.7416574954986572,1,3.7416574954986572,0.40973531802772994,0.5902646819722701,7.6157732009887695,0.018461123498310295,0.9815388765016897,15.779733657836914,0.00947350519769675,0.9905264948023033
survset:support2,DeepHit,1,42,7284,15.524174690246582,1,3.7416574954986572,0.9888995962213393,0.011100403778660728,7.6157732009887695,0.9808408372483195,0.019159162751680503,15.779733657836914,0.7102294571093163,0.2897705428906837
survset:support2,DeepHit,1,42,4487,2.2360680103302,1,3.7416574954986572,0.4049161260205183,0.5950838739794817,7.6157732009887695,0.039280120898989156,0.9607198791010109,15.779733657836914,0.0180813502982706,0.9819186497017294
survset:support2,DeepHit,1,42,6263,6.4031243324279785,1,3.7416574954986572,0.5798735026411522,0.4201264973588478,7.6157732009887695,0.040198340807600624,0.9598016591923993,15.779733657836914,0.024888652768476047,0.9751113472315239
survset:support2,DeepHit,1,42,2568,31.17691421508789,0,3.7416574954986572,0.9730390089450125,0.026960991054987504,7.6157732009887695,0.956509722608467,0.043490277391532994,15.779733657836914,0.7123473747300413,0.2876526252699587
survset:support2,DeepHit,1,42,1026,30.149627685546875,0,3.7416574954986572,0.9978499871314919,0.0021500128685081332,7.6157732009887695,0.9966713676896701,0.003328632310329871,15.779733657836914,0.8712416087180961,0.12875839128190392
survset:support2,DeepHit,1,42,7222,8.062257766723633,1,3.7416574954986572,0.9896517036245129,0.010348296375487065,7.6157732009887695,0.9796318659317587,0.02036813406824134,15.779733657836914,0.7654402164032212,0.23455978359677876
survset:support2,DeepHit,1,42,3795,34.828147888183594,1,3.7416574954986572,0.9700551390268243,0.029944860973175724,7.6157732009887695,0.9562222978849242,0.04377770211507581,15.779733657836914,0.7034960363961539,0.2965039636038461
survset:support2,DeepHit,1,42,6169,42.0,0,3.7416574954986572,0.9810885504544532,0.0189114495455468,7.6157732009887695,0.9578069923074742,0.042193007692525764,15.779733657836914,0.7145842207542566,0.28541577924574335
survset:support2,DeepHit,1,42,3950,3.464101552963257,1,3.7416574954986572,0.4078824567073913,0.5921175432926087,7.6157732009887695,0.046173456010035835,0.9538265439899641,15.779733657836914,0.035526352983883194,0.9644736470161168
survset:support2,DeepHit,1,42,6878,2.8284270763397217,1,3.7416574954986572,0.4542041335662324,0.5457958664337677,7.6157732009887695,0.036948209179238335,0.9630517908207616,15.779733657836914,0.029484423432980876,0.9705155765670191
survset:support2,DeepHit,1,42,2215,38.56163787841797,0,3.7416574954986572,0.9982435695389082,0.0017564304610917514,7.6157732009887695,0.9975621017344928,0.0024378982655072212,15.779733657836914,0.8915052732280909,0.10849472677190908
survset:support2,DeepHit,1,42,6884,4.0,1,3.7416574954986572,0.5337308264384671,0.46626917356153286,7.6157732009887695,0.028638172218092027,0.9713618277819079,15.779733657836914,0.01886905314039857,0.9811309468596014
survset:support2,DeepHit,1,42,856,1.7320507764816284,1,3.7416574954986572,0.33411996558730184,0.6658800344126982,7.6157732009887695,0.1280696484021586,0.8719303515978414,15.779733657836914,0.08818756911259044,0.9118124308874096
survset:support2,DeepHit,1,42,5202,11.0,1,3.7416574954986572,0.9552456311115936,0.04475436888840645,7.6157732009887695,0.9037460271286055,0.09625397287139448,15.779733657836914,0.6600360740949243,0.33996392590507574
survset:support2,DeepHit,1,42,829,36.12478256225586,0,3.7416574954986572,0.9930834455917658,0.006916554408234243,7.6157732009887695,0.988079020098405,0.011920979901595019,15.779733657836914,0.7234329528590404,0.2765670471409596
survset:support2,DeepHit,1,42,9033,20.880613327026367,0,3.7416574954986572,0.9824424649896468,0.017557535010353176,7.6157732009887695,0.9667026390877773,0.033297360912222684,15.779733657836914,0.6775989845952709,0.3224010154047291
survset:support2,DeepHit,1,42,2695,29.478805541992188,0,3.7416574954986572,0.9734580269689624,0.026541973031037558,7.6157732009887695,0.9533507488797002,0.04664925112029983,15.779733657836914,0.700653240167463,0.299346759832537
survset:support2,DeepHit,1,42,8135,40.224369049072266,0,3.7416574954986572,0.9947122530176954,0.005287746982304609,7.6157732009887695,0.9897713182709666,0.010228681729033351,15.779733657836914,0.7440766467677968,0.25592335323220317
survset:support2,DeepHit,1,42,7836,3.7416574954986572,1,3.7416574954986572,0.5258372577505759,0.4741627422494241,7.6157732009887695,0.02127762235270116,0.9787223776472989,15.779733657836914,0.013269339028708624,0.9867306609712914
survset:support2,DeepHit,1,42,2855,7.4833149909973145,1,3.7416574954986572,0.5220397631709843,0.47796023682901567,7.6157732009887695,0.035236013453127775,0.9647639865468722,15.779733657836914,0.021256821481949226,0.9787431785180508
survset:support2,DeepHit,1,42,5211,1.7320507764816284,1,3.7416574954986572,0.3115896878008712,0.6884103121991287,7.6157732009887695,0.06498580617300447,0.9350141938269956,15.779733657836914,0.0517274176093904,0.9482725823906096
survset:support2,DeepHit,1,42,5632,20.952327728271484,0,3.7416574954986572,0.9951552184718346,0.004844781528165365,7.6157732009887695,0.9920751385922165,0.007924861407783479,15.779733657836914,0.7434812920673903,0.25651870793260967
survset:support2,DeepHit,1,42,4710,29.44486427307129,0,3.7416574954986572,0.9988932004521007,0.0011067995478992732,7.6157732009887695,0.9985574222450656,0.0014425777549343932,15.779733657836914,0.9422712624293869,0.05772873757061314
survset:support2,DeepHit,1,42,783,23.25940704345703,1,3.7416574954986572,0.9927332851308194,0.007266714869180624,7.6157732009887695,0.9609564327227005,0.03904356727729952,15.779733657836914,0.6209683298578789,0.37903167014212114
survset:support2,DeepHit,1,42,8220,2.4494898319244385,1,3.7416574954986572,0.4536651023191428,0.5463348976808572,7.6157732009887695,0.04625023840217513,0.9537497615978249,15.779733657836914,0.03330674722222056,0.9666932527777794
survset:support2,DeepHit,1,42,1098,28.965496063232422,0,3.7416574954986572,0.9905054646139434,0.009494535386056602,7.6157732009887695,0.9518745400506243,0.04812545994937567,15.779733657836914,0.6139028532366348,0.38609714676336515
survset:support2,DeepHit,1,42,8103,5.099019527435303,1,3.7416574954986572,0.5213256375094902,0.47867436249050976,7.6157732009887695,0.01918055865229303,0.9808194413477069,15.779733657836914,0.010482360308326673,0.9895176396916733
survset:support2,DeepHit,1,42,3851,40.28647232055664,0,3.7416574954986572,0.995706526428598,0.004293473571401973,7.6157732009887695,0.9901171060320358,0.009882893967964157,15.779733657836914,0.7825682252899459,0.21743177471005415
survset:support2,DeepHit,1,42,6296,2.2360680103302,1,3.7416574954986572,0.5512827353150613,0.44871726468493867,7.6157732009887695,0.08581049387165246,0.9141895061283476,15.779733657836914,0.05682436601238456,0.9431756339876154
survset:support2,DeepHit,1,42,8744,22.56102752685547,1,3.7416574954986572,0.9900452605958381,0.009954739404161916,7.6157732009887695,0.9798363287223715,0.020163671277628525,15.779733657836914,0.6546595365570933,0.3453404634429067
survset:support2,DeepHit,1,42,8895,13.152946472167969,1,3.7416574954986572,0.9892811709405339,0.010718829059466084,7.6157732009887695,0.983238697886255,0.016761302113745047,15.779733657836914,0.6881584795084915,0.3118415204915085
survset:support2,DeepHit,1,42,4259,2.6457512378692627,1,3.7416574954986572,0.471816422720497,0.5281835772795029,7.6157732009887695,0.01692414014860629,0.9830758598513937,15.779733657836914,0.009691094217056608,0.9903089057829434
survset:support2,DeepHit,1,42,420,9.591663360595703,1,3.7416574954986572,0.9875446470173963,0.012455352982603696,7.6157732009887695,0.955401568009713,0.04459843199028701,15.779733657836914,0.6351948434355171,0.36480515656448287
survset:support2,DeepHit,1,42,5506,22.135944366455078,0,3.7416574954986572,0.9897868587459777,0.010213141254022284,7.6157732009887695,0.9813650622057093,0.018634937794290707,15.779733657836914,0.7592472896813551,0.24075271031864487
survset:support2,DeepHit,1,42,2175,14.387495040893555,1,3.7416574954986572,0.985549927964048,0.014450072035952055,7.6157732009887695,0.9755705193158387,0.024429480684161287,15.779733657836914,0.6976633473606895,0.30233665263931053
survset:support2,DeepHit,1,42,5711,20.099750518798828,0,3.7416574954986572,0.9968480346815438,0.0031519653184561847,7.6157732009887695,0.9949921875426309,0.005007812457369143,15.779733657836914,0.8573879149058167,0.14261208509418333
survset:support2,DeepHit,1,42,5194,21.563858032226562,1,3.7416574954986572,0.9872856395558942,0.012714360444105788,7.6157732009887695,0.9783784386530414,0.021621561346958584,15.779733657836914,0.6830188887964668,0.31698111120353323
survset:support2,DeepHit,1,42,5642,2.0,1,3.7416574954986572,0.40526293909086175,0.5947370609091382,7.6157732009887695,0.0418991177983353,0.9581008822016647,15.779733657836914,0.025679702646602475,0.9743202973533975
survset:support2,DeepHit,1,42,5218,22.472204208374023,1,3.7416574954986572,0.9953328205317933,0.004667179468206717,7.6157732009887695,0.9885772427127731,0.011422757287226859,15.779733657836914,0.7400876134799648,0.25991238652003523
survset:support2,DeepHit,1,42,2619,30.479501724243164,0,3.7416574954986572,0.9938879044860458,0.006112095513954197,7.6157732009887695,0.9882888808948811,0.011711119105118906,15.779733657836914,0.7153722352785462,0.2846277647214538
survset:support2,DeepHit,1,42,2872,14.0,1,3.7416574954986572,0.9948024234257878,0.005197576574212159,7.6157732009887695,0.9891036195402898,0.010896380459710198,15.779733657836914,0.6280615987403166,0.37193840125968336
survset:support2,DeepHit,1,42,113,5.916079998016357,1,3.7416574954986572,0.5806793743809249,0.4193206256190751,7.6157732009887695,0.041837573236834354,0.9581624267631657,15.779733657836914,0.02522639934112956,0.9747736006588704
survset:support2,DeepHit,1,42,971,2.0,1,3.7416574954986572,0.49280912122740134,0.5071908787725987,7.6157732009887695,0.02177112172968788,0.9782288782703121,15.779733657836914,0.014774257527673276,0.9852257424723267
survset:support2,DeepHit,1,42,200,10.816654205322266,1,3.7416574954986572,0.9814459321364424,0.01855406786355762,7.6157732009887695,0.9656475888581133,0.034352411141886696,15.779733657836914,0.7044421490716599,0.2955578509283401
survset:support2,DeepHit,1,42,344,6.324555397033691,1,3.7416574954986572,0.49624476641666987,0.5037552335833302,7.6157732009887695,0.0523316825303558,0.9476683174696442,15.779733657836914,0.03617949566826992,0.96382050433173
survset:support2,DeepHit,1,42,8715,12.767145156860352,1,3.7416574954986572,0.9952928657383312,0.0047071342616687994,7.6157732009887695,0.9875698884237338,0.012430111576266167,15.779733657836914,0.6333967466052262,0.36660325339477384
survset:support2,DeepHit,1,42,6759,32.75667953491211,0,3.7416574954986572,0.983937948375291,0.016062051624708973,7.6157732009887695,0.9680840624115034,0.031915937588496646,15.779733657836914,0.7241429806020623,0.2758570193979377
survset:support2,DeepHit,1,42,3734,4.582575798034668,1,3.7416574954986572,0.5456251137398888,0.45437488626011124,7.6157732009887695,0.022028015115085293,0.9779719848849147,15.779733657836914,0.016053520979462575,0.9839464790205374
survset:support2,DeepHit,1,42,6077,4.123105525970459,1,3.7416574954986572,0.49718778173324135,0.5028122182667587,7.6157732009887695,0.04092832221344429,0.9590716777865557,15.779733657836914,0.02359691975557526,0.9764030802444248
survset:support2,DeepHit,1,42,5436,2.2360680103302,1,3.7416574954986572,0.4885692642928782,0.5114307357071217,7.6157732009887695,0.026315191488285428,0.9736848085117146,15.779733657836914,0.01865174258890396,0.981348257411096
survset:support2,DeepHit,1,42,1614,7.211102485656738,1,3.7416574954986572,0.5334204150707889,0.46657958492921114,7.6157732009887695,0.04137726833168426,0.9586227316683158,15.779733657836914,0.019214379153635025,0.980785620846365
survset:support2,DeepHit,1,42,4047,38.131351470947266,0,3.7416574954986572,0.9988744302241879,0.0011255697758121297,7.6157732009887695,0.9984753534461446,0.0015246465538554244,15.779733657836914,0.8503669835364832,0.1496330164635168
survset:support2,DeepHit,1,42,1199,9.05538558959961,1,3.7416574954986572,0.9853310322548028,0.014668967745197214,7.6157732009887695,0.9714637259241032,0.02853627407589676,15.779733657836914,0.7033193785643392,0.29668062143566076
survset:support2,DeepHit,1,42,3616,42.42640686035156,0,3.7416574954986572,0.994922123757929,0.005077876242071011,7.6157732009887695,0.9923845106102618,0.007615489389738217,15.779733657836914,0.7439449987242778,0.2560550012757222
survset:support2,DeepHit,1,42,7758,44.89988708496094,0,3.7416574954986572,0.9805494184080253,0.01945058159197466,7.6157732009887695,0.9680207730236209,0.031979226976379116,15.779733657836914,0.7030372736894807,0.29696272631051934
survset:support2,DeepHit,1,42,8950,16.278820037841797,1,3.7416574954986572,0.9970594886732791,0.002940511326720907,7.6157732009887695,0.9953721943379332,0.004627805662066775,15.779733657836914,0.6766457465367213,0.32335425346327873
survset:support2,DeepHit,1,42,1770,4.123105525970459,1,3.7416574954986572,0.4536734239682793,0.5463265760317206,7.6157732009887695,0.034694468572599974,0.9653055314274,15.779733657836914,0.025204964669468935,0.974795035330531
survset:support2,DeepHit,1,42,1166,4.795831680297852,1,3.7416574954986572,0.5728558622209396,0.42714413777906035,7.6157732009887695,0.018712722263719565,0.9812872777362804,15.779733657836914,0.012384101698777551,0.9876158983012224
survset:support2,DeepHit,1,42,2206,16.822603225708008,1,3.7416574954986572,0.9894432669103742,0.010556733089625792,7.6157732009887695,0.98390294891038,0.016097051089620007,15.779733657836914,0.7618894402562976,0.23811055974370243
survset:support2,DeepHit,1,42,1534,8.124038696289062,1,3.7416574954986572,0.969311117789146,0.030688882210853974,7.6157732009887695,0.9505266838287857,0.04947331617121431,15.779733657836914,0.6808385345705265,0.31916146542947355
survset:support2,DeepHit,1,42,4791,28.618175506591797,0,3.7416574954986572,0.9920809289259462,0.007919071074053763,7.6157732009887695,0.9881389502533809,0.011861049746619057,15.779733657836914,0.8094682174839325,0.1905317825160675
survset:support2,DeepHit,1,42,1723,44.02272033691406,0,3.7416574954986572,0.9951066844956086,0.004893315504391427,7.6157732009887695,0.992847360067599,0.007152639932401006,15.779733657836914,0.7724435475412321,0.22755645245876788
survset:support2,DeepHit,1,42,2577,26.944387435913086,1,3.7416574954986572,0.9922477440137075,0.007752255986292478,7.6157732009887695,0.982831962105962,0.01716803789403798,15.779733657836914,0.7243442949916575,0.27565570500834247
survset:support2,DeepHit,1,42,4246,36.33180236816406,0,3.7416574954986572,0.9886743423965562,0.01132565760344384,7.6157732009887695,0.9816471101476246,0.018352889852375376,15.779733657836914,0.7441732038962219,0.2558267961037781
survset:support2,DeepHit,1,42,3125,2.8284270763397217,1,3.7416574954986572,0.46690329706182787,0.5330967029381721,7.6157732009887695,0.03797454188303755,0.9620254581169625,15.779733657836914,0.029031047692074517,0.9709689523079255
survset:support2,DeepHit,1,42,964,31.128765106201172,0,3.7416574954986572,0.995981861273586,0.004018138726413989,7.6157732009887695,0.9930708404882522,0.006929159511747773,15.779733657836914,0.781660591862563,0.21833940813743702
survset:support2,DeepHit,1,42,535,2.6457512378692627,1,3.7416574954986572,0.3489384217938259,0.6510615782061742,7.6157732009887695,0.030622529840548873,0.9693774701594511,15.779733657836914,0.016363817581471447,0.9836361824185286
survset:support2,DeepHit,1,42,9070,4.4721360206604,1,3.7416574954986572,0.5226431987230891,0.47735680127691094,7.6157732009887695,0.024221444702519454,0.9757785552974806,15.779733657836914,0.014837883575707287,0.9851621164242927
survset:support2,DeepHit,1,42,5825,15.165750503540039,1,3.7416574954986572,0.9801836731994845,0.019816326800515482,7.6157732009887695,0.9674407653709658,0.032559234629034206,15.779733657836914,0.7106515649801363,0.28934843501986374
survset:support2,DeepHit,1,42,8554,31.33687973022461,0,3.7416574954986572,0.9848872195272765,0.015112780472723464,7.6157732009887695,0.9689524773640825,0.03104752263591748,15.779733657836914,0.7077128905837471,0.2922871094162529
survset:support2,DeepHit,1,42,3264,8.062257766723633,1,3.7416574954986572,0.994446696334735,0.005553303665264964,7.6157732009887695,0.9726709874997364,0.02732901250026365,15.779733657836914,0.5770706927038732,0.42292930729612677
survset:support2,DeepHit,1,42,4814,17.748239517211914,1,3.7416574954986572,0.9966029722526034,0.003397027747396586,7.6157732009887695,0.9940999537789499,0.005900046221050115,15.779733657836914,0.7867030134109181,0.21329698658908192
survset:support2,DeepHit,1,42,8236,4.358899116516113,1,3.7416574954986572,0.562971868976667,0.43702813102333304,7.6157732009887695,0.03516565941302324,0.9648343405869768,15.779733657836914,0.021712469873537883,0.9782875301264621
survset:support2,DeepHit,1,42,5764,19.235383987426758,1,3.7416574954986572,0.9911850393139905,0.00881496068600951,7.6157732009887695,0.9819445510026922,0.01805544899730782,15.779733657836914,0.7493205782372495,0.2506794217627505
survset:support2,DeepHit,1,42,8817,25.70992088317871,0,3.7416574954986572,0.9962099190138498,0.0037900809861501905,7.6157732009887695,0.9949348889376155,0.0050651110623844975,15.779733657836914,0.8720963467112645,0.12790365328873554
survset:support2,DeepHit,1,42,2397,3.1622776985168457,1,3.7416574954986572,0.49909692688577484,0.5009030731142252,7.6157732009887695,0.034469135909939136,0.9655308640900608,15.779733657836914,0.020091712419613064,0.979908287580387
survset:support2,DeepHit,1,42,8634,2.8284270763397217,1,3.7416574954986572,0.5426078402050009,0.45739215979499914,7.6157732009887695,0.03552138069792561,0.9644786193020743,15.779733657836914,0.023162989880960046,0.97683701011904
survset:support2,DeepHit,1,42,6565,37.62977600097656,0,3.7416574954986572,0.9943659743777422,0.005634025622257788,7.6157732009887695,0.9922511735393984,0.007748826460601599,15.779733657836914,0.7940833396538843,0.20591666034611567
survset:support2,DeepHit,1,42,6549,15.165750503540039,1,3.7416574954986572,0.9892967205888742,0.01070327941112581,7.6157732009887695,0.9848054450774555,0.015194554922544512,15.779733657836914,0.7671612766262512,0.23283872337374878
survset:support2,DeepHit,1,42,8069,41.04875183105469,0,3.7416574954986572,0.9923394945454536,0.00766050545454644,7.6157732009887695,0.9857897610262528,0.01421023897374718,15.779733657836914,0.7119146413430323,0.2880853586569677
survset:support2,DeepHit,1,42,8774,11.0,1,3.7416574954986572,0.9885650957069714,0.011434904293028625,7.6157732009887695,0.9712414140215624,0.028758585978437612,15.779733657836914,0.6206854823100297,0.37931451768997027
survset:support2,DeepHit,1,42,1255,17.83255386352539,1,3.7416574954986572,0.9948654730316664,0.005134526968333608,7.6157732009887695,0.9883441873522855,0.011655812647714536,15.779733657836914,0.6958800761644025,0.3041199238355975
survset:support2,DeepHit,1,42,7914,2.4494898319244385,1,3.7416574954986572,0.5993453244764194,0.4006546755235806,7.6157732009887695,0.026233293218354735,0.9737667067816452,15.779733657836914,0.017067267668163303,0.9829327323318366
survset:support2,DeepHit,1,42,5311,3.0,1,3.7416574954986572,0.4567962764666296,0.5432037235333704,7.6157732009887695,0.06204061922450207,0.9379593807754979,15.779733657836914,0.03579343010116922,0.9642065698988308
survset:support2,DeepHit,1,42,5192,7.071067810058594,1,3.7416574954986572,0.5630573844178777,0.43694261558212233,7.6157732009887695,0.039480278012150975,0.9605197219878491,15.779733657836914,0.021350385746102547,0.9786496142538974
survset:support2,DeepHit,1,42,5499,2.0,1,3.7416574954986572,0.4861929993883907,0.5138070006116093,7.6157732009887695,0.034705952927906375,0.9652940470720937,15.779733657836914,0.021584217461801183,0.9784157825381988
survset:support2,DeepHit,1,42,3864,2.4494898319244385,1,3.7416574954986572,0.5395452850315761,0.46045471496842394,7.6157732009887695,0.08316218769725231,0.9168378123027476,15.779733657836914,0.04922727747465249,0.9507727225253475
survset:support2,DeepHit,1,42,6595,7.745966911315918,1,3.7416574954986572,0.9744772019691073,0.025522798030892746,7.6157732009887695,0.930579848714889,0.06942015128511103,15.779733657836914,0.6168974963834261,0.38310250361657394
survset:support2,DeepHit,1,42,3691,41.88078308105469,0,3.7416574954986572,0.9927699097740911,0.007230090225908925,7.6157732009887695,0.9873367676088483,0.012663232391151746,15.779733657836914,0.7533261489320482,0.2466738510679518
survset:support2,DeepHit,1,42,2107,39.78693389892578,0,3.7416574954986572,0.9776351699509547,0.022364830049045326,7.6157732009887695,0.9673270157657053,0.032672984234294655,15.779733657836914,0.7248578968866086,0.2751421031133914
survset:support2,DeepHit,1,42,634,4.0,1,3.7416574954986572,0.5270539539620518,0.4729460460379482,7.6157732009887695,0.041712082010121124,0.9582879179898789,15.779733657836914,0.02419125753316494,0.975808742466835
survset:support2,DeepHit,1,42,7983,17.0,1,3.7416574954986572,0.9906696346472418,0.009330365352758219,7.6157732009887695,0.9716633682129339,0.028336631787066136,15.779733657836914,0.6606884560085041,0.3393115439914959
survset:support2,DeepHit,1,42,5903,6.082762718200684,1,3.7416574954986572,0.5538368201910832,0.44616317980891684,7.6157732009887695,0.04454705787757099,0.955452942122429,15.779733657836914,0.023102029081449194,0.9768979709185508
survset:support2,DeepHit,1,42,7312,24.166091918945312,1,3.7416574954986572,0.9892162142176768,0.010783785782323196,7.6157732009887695,0.97919256820472,0.020807431795279996,15.779733657836914,0.7156273285275523,0.2843726714724477
survset:support2,DeepHit,1,42,2035,6.244997978210449,1,3.7416574954986572,0.49317835269789206,0.5068216473021079,7.6157732009887695,0.0523513206619561,0.9476486793380439,15.779733657836914,0.036810963495699026,0.963189036504301
survset:support2,DeepHit,1,42,6836,31.92177963256836,0,3.7416574954986572,0.9915638706408041,0.00843612935919591,7.6157732009887695,0.9846189693587407,0.015381030641259286,15.779733657836914,0.727774346733853,0.272225653266147
survset:support2,DeepHit,1,42,8968,12.247448921203613,1,3.7416574954986572,0.9959601230931728,0.004039876906827167,7.6157732009887695,0.9840976707539412,0.015902329246058833,15.779733657836914,0.6219691331517303,0.3780308668482697
survset:support2,DeepHit,1,42,3624,24.1867733001709,1,3.7416574954986572,0.9784679860323082,0.021532013967691777,7.6157732009887695,0.9627424595240003,0.03725754047599972,15.779733657836914,0.6841840437934681,0.3158159562065319
survset:support2,DeepHit,1,42,2931,19.79899024963379,1,3.7416574954986572,0.9962583755020986,0.0037416244979013857,7.6157732009887695,0.9949135069118512,0.005086493088148791,15.779733657836914,0.8139942238820222,0.18600577611797775
survset:support2,DeepHit,1,42,2254,6.928203105926514,1,3.7416574954986572,0.5838944814619642,0.4161055185380358,7.6157732009887695,0.031474771035932186,0.9685252289640678,15.779733657836914,0.018623992331428148,0.9813760076685718
survset:support2,DeepHit,1,42,2392,5.830951690673828,1,3.7416574954986572,0.567995397364444,0.43200460263555596,7.6157732009887695,0.032401028773430415,0.9675989712265696,15.779733657836914,0.019450512604609203,0.9805494873953908
survset:support2,DeepHit,1,42,4590,13.892443656921387,1,3.7416574954986572,0.9947708027509814,0.005229197249018602,7.6157732009887695,0.9933066708900081,0.006693329109991875,15.779733657836914,0.7866028920947821,0.21339710790521793
survset:support2,DeepHit,1,42,3020,5.4772257804870605,1,3.7416574954986572,0.5250841020722374,0.47491589792776256,7.6157732009887695,0.023666099291070393,0.9763339007089296,15.779733657836914,0.012206130654514168,0.9877938693454859
survset:support2,DeepHit,1,42,4458,22.69361114501953,1,3.7416574954986572,0.994390454636125,0.005609545363875035,7.6157732009887695,0.9821918365803062,0.017808163419693823,15.779733657836914,0.6565222670277563,0.3434777329722437
survset:support2,DeepHit,1,42,3713,5.5677642822265625,1,3.7416574954986572,0.49006218395423523,0.5099378160457648,7.6157732009887695,0.023221766823254154,0.9767782331767458,15.779733657836914,0.01204215750379799,0.987957842496202
survset:support2,DeepHit,1,42,7935,11.357816696166992,1,3.7416574954986572,0.9805069764771476,0.019493023522852426,7.6157732009887695,0.9492462963128099,0.05075370368719012,15.779733657836914,0.61171289401701,0.38828710598299
survset:support2,DeepHit,1,42,4715,4.898979663848877,1,3.7416574954986572,0.488588868613354,0.5114111313866461,7.6157732009887695,0.04396980942837086,0.9560301905716292,15.779733657836914,0.030459508625566185,0.9695404913744338
survset:support2,DeepHit,1,42,8081,3.0,1,3.7416574954986572,0.5005045230773013,0.4994954769226987,7.6157732009887695,0.02248325187674979,0.9775167481232502,15.779733657836914,0.014170118120698056,0.985829881879302
survset:support2,DeepHit,1,42,8070,9.848857879638672,1,3.7416574954986572,0.985998246656583,0.014001753343417023,7.6157732009887695,0.9729021501052552,0.02709784989474484,15.779733657836914,0.6631975792522297,0.33680242074777034
survset:support2,DeepHit,1,42,8844,25.19920539855957,0,3.7416574954986572,0.9962974997574375,0.0037025002425624676,7.6157732009887695,0.9934675637070361,0.00653243629296385,15.779733657836914,0.7685231209993805,0.23147687900061953
survset:support2,DeepHit,1,42,8448,32.72613525390625,0,3.7416574954986572,0.9967235976869573,0.0032764023130427145,7.6157732009887695,0.994668076228751,0.005331923771249025,15.779733657836914,0.8024964842278678,0.1975035157721322
survset:support2,DeepHit,1,42,7299,25.865034103393555,0,3.7416574954986572,0.9886746208597572,0.011325379140242786,7.6157732009887695,0.9802013202257888,0.019798679774211236,15.779733657836914,0.7174132734526083,0.2825867265473917
survset:support2,DeepHit,1,42,3246,41.86884307861328,1,3.7416574954986572,0.9969629835977957,0.003037016402204329,7.6157732009887695,0.9942720583237202,0.005727941676279769,15.779733657836914,0.8076414148447115,0.19235858515528848
survset:support2,DeepHit,1,42,5696,20.273134231567383,0,3.7416574954986572,0.9934943182925553,0.006505681707444699,7.6157732009887695,0.9861987791689822,0.013801220831017758,15.779733657836914,0.7437704526613976,0.25622954733860237
survset:support2,DeepHit,1,42,7178,11.832159996032715,1,3.7416574954986572,0.9762748926314128,0.02372510736858724,7.6157732009887695,0.9542044765535572,0.045795523446442776,15.779733657836914,0.6966630577069381,0.30333694229306185
survset:support2,DeepHit,1,42,732,37.34969711303711,0,3.7416574954986572,0.9911843570001592,0.008815642999840834,7.6157732009887695,0.9780077485744756,0.02199225142552441,15.779733657836914,0.6692538335615725,0.33074616643842747
survset:support2,DeepHit,1,42,6197,8.83176040649414,1,3.7416574954986572,0.9840175880263562,0.015982411973643806,7.6157732009887695,0.9749993309489883,0.025000669051011726,15.779733657836914,0.722423631213426,0.277576368786574
survset:support2,DeepHit,1,42,8955,22.956480026245117,0,3.7416574954986572,0.9924843144181681,0.00751568558183191,7.6157732009887695,0.9868407566670269,0.013159243332973136,15.779733657836914,0.752209416768338,0.24779058323166203
survset:support2,DeepHit,1,42,2859,2.6457512378692627,1,3.7416574954986572,0.4082604549580855,0.5917395450419145,7.6157732009887695,0.05032686399612307,0.9496731360038769,15.779733657836914,0.0362270696929933,0.9637729303070067
survset:support2,DeepHit,1,42,2634,2.8284270763397217,1,3.7416574954986572,0.5945344735823658,0.4054655264176342,7.6157732009887695,0.024009333931662147,0.9759906660683378,15.779733657836914,0.018363182977112456,0.9816368170228875
survset:support2,DeepHit,1,42,1162,6.244997978210449,1,3.7416574954986572,0.582592420185849,0.417407579814151,7.6157732009887695,0.02696252129418005,0.9730374787058199,15.779733657836914,0.018697314767671454,0.9813026852323286
survset:support2,DeepHit,1,42,5684,16.217275619506836,1,3.7416574954986572,0.9872496246501687,0.012750375349831256,7.6157732009887695,0.9769061574477361,0.023093842552263877,15.779733657836914,0.7206466505707702,0.27935334942922985
survset:support2,DeepHit,1,42,1124,28.47806167602539,0,3.7416574954986572,0.9959235273475469,0.004076472652453145,7.6157732009887695,0.9948483827711079,0.005151617228892125,15.779733657836914,0.8015272700265409,0.1984727299734591
survset:support2,DeepHit,1,42,3802,20.639766693115234,1,3.7416574954986572,0.9894838835728659,0.010516116427134126,7.6157732009887695,0.9799545853830082,0.02004541461699183,15.779733657836914,0.6941955251886298,0.3058044748113702
survset:support2,DeepHit,1,42,5022,4.358899116516113,1,3.7416574954986572,0.48459377505378665,0.5154062249462134,7.6157732009887695,0.011738282967117286,0.9882617170328827,15.779733657836914,0.007437366805901656,0.9925626331940983
survset:support2,DeepHit,1,42,6417,3.0,1,3.7416574954986572,0.4703925988335948,0.5296074011664051,7.6157732009887695,0.03605867759261851,0.9639413224073815,15.779733657836914,0.026880719355628774,0.9731192806443713
survset:support2,DeepHit,1,42,3949,16.822603225708008,1,3.7416574954986572,0.99159831474417,0.00840168525582996,7.6157732009887695,0.976943371710772,0.023056628289228054,15.779733657836914,0.6810815202257906,0.3189184797742094
survset:support2,DeepHit,1,42,7041,29.393877029418945,0,3.7416574954986572,0.9914788673738277,0.008521132626172268,7.6157732009887695,0.9836411255281914,0.016358874471808615,15.779733657836914,0.7724494376572117,0.22755056234278825
survset:support2,DeepHit,1,42,8935,23.409399032592773,0,3.7416574954986572,0.989139654039917,0.010860345960083007,7.6157732009887695,0.9757693835609796,0.024230616439020358,15.779733657836914,0.6649106032055985,0.33508939679440153
survset:support2,DeepHit,1,42,4578,12.961481094360352,1,3.7416574954986572,0.9882882329606401,0.011711767039359944,7.6157732009887695,0.9698457848297839,0.030154215170216103,15.779733657836914,0.6677708195928911,0.3322291804071089
survset:support2,DeepHit,1,42,2833,27.549955368041992,0,3.7416574954986572,0.9923984360649569,0.007601563935043076,7.6157732009887695,0.9891488778081016,0.010851122191898432,15.779733657836914,0.7564602736832258,0.24353972631677423
survset:support2,DeepHit,1,42,5990,2.4494898319244385,1,3.7416574954986572,0.45523536752272026,0.5447646324772797,7.6157732009887695,0.022436558310081896,0.9775634416899182,15.779733657836914,0.011961403799392683,0.9880385962006073
survset:support2,DeepHit,1,42,7434,15.588457107543945,1,3.7416574954986572,0.9880873243763054,0.01191267562369458,7.6157732009887695,0.972629486644087,0.027370513355913006,15.779733657836914,0.6723314176757674,0.32766858232423257
survset:support2,DeepHit,1,42,7417,6.855654716491699,1,3.7416574954986572,0.39998455364527463,0.6000154463547254,7.6157732009887695,0.01861061525490603,0.981389384745094,15.779733657836914,0.014699245027013513,0.9853007549729865
survset:support2,DeepHit,1,42,7603,8.366600036621094,1,3.7416574954986572,0.9872220293946954,0.012777970605304612,7.6157732009887695,0.9451273855160943,0.05487261448390568,15.779733657836914,0.5959229706702033,0.4040770293297967
survset:support2,DeepHit,1,42,7648,10.954451560974121,1,3.7416574954986572,0.9830072888994159,0.01699271110058409,7.6157732009887695,0.9680633435108168,0.0319366564891832,15.779733657836914,0.7006605274149912,0.2993394725850088
survset:support2,DeepHit,1,42,8266,20.124610900878906,1,3.7416574954986572,0.9874736636492821,0.01252633635071787,7.6157732009887695,0.9766157511447968,0.023384248855203182,15.779733657836914,0.6748096989940475,0.3251903010059525
survset:support2,DeepHit,1,42,3452,2.0,1,3.7416574954986572,0.4665500499901727,0.5334499500098273,7.6157732009887695,0.030921563954890423,0.9690784360451096,15.779733657836914,0.019744224009932566,0.9802557759900674
survset:support2,DeepHit,1,42,3298,44.65422821044922,0,3.7416574954986572,0.9987467529389716,0.001253247061028362,7.6157732009887695,0.998282884725406,0.00171711527459395,15.779733657836914,0.8951305309217389,0.10486946907826111
survset:support2,DeepHit,1,42,7665,20.371549606323242,0,3.7416574954986572,0.9945551965462274,0.005444803453772629,7.6157732009887695,0.9920830191919917,0.00791698080800829,15.779733657836914,0.791179938089322,0.20882006191067803
survset:support2,DeepHit,1,42,9068,20.074859619140625,0,3.7416574954986572,0.9939224947502433,0.006077505249756698,7.6157732009887695,0.9919663733004463,0.008033626699553653,15.779733657836914,0.7126710255992285,0.28732897440077154
survset:support2,DeepHit,1,42,4786,4.898979663848877,1,3.7416574954986572,0.5677931781055178,0.43220682189448223,7.6157732009887695,0.028816635793763302,0.9711833642062367,15.779733657836914,0.017365747732160354,0.9826342522678396
survset:support2,DeepHit,1,42,2473,23.25940704345703,1,3.7416574954986572,0.9831267274587165,0.016873272541283457,7.6157732009887695,0.9721076099051595,0.027892390094840458,15.779733657836914,0.6967140762242355,0.30328592377576447
survset:support2,DeepHit,1,42,207,6.324555397033691,1,3.7416574954986572,0.5583804705642669,0.4416195294357331,7.6157732009887695,0.041892059150807466,0.9581079408491925,15.779733657836914,0.026352167107432628,0.9736478328925674
survset:support2,DeepHit,1,42,1035,9.643651008605957,1,3.7416574954986572,0.9772013626590973,0.022798637340902705,7.6157732009887695,0.948763560506272,0.051236439493728025,15.779733657836914,0.6898458915072134,0.3101541084927866
survset:support2,DeepHit,1,42,8418,32.54227828979492,1,3.7416574954986572,0.9911747707104498,0.008825229289550207,7.6157732009887695,0.9825846230435875,0.017415376956412487,15.779733657836914,0.7098424873249581,0.29015751267504186
survset:support2,DeepHit,1,42,7766,10.344079971313477,1,3.7416574954986572,0.9860924552046069,0.013907544795393134,7.6157732009887695,0.9650793866520857,0.0349206133479143,15.779733657836914,0.6564075347007138,0.3435924652992862
survset:support2,DeepHit,1,42,151,43.84062194824219,0,3.7416574954986572,0.991536094208928,0.008463905791072035,7.6157732009887695,0.9861318432712785,0.013868156728721548,15.779733657836914,0.692884140321174,0.30711585967882604
survset:support2,DeepHit,1,42,6876,4.898979663848877,1,3.7416574954986572,0.4243986349460636,0.5756013650539364,7.6157732009887695,0.009760434527271721,0.9902395654727283,15.779733657836914,0.00590381684370419,0.9940961831562958
survset:support2,DeepHit,1,42,2965,6.0,1,3.7416574954986572,0.5306052241083581,0.4693947758916419,7.6157732009887695,0.04184677969856411,0.9581532203014359,15.779733657836914,0.027887848184125517,0.9721121518158745
survset:support2,DeepHit,1,42,2579,31.0,0,3.7416574954986572,0.9942376934137199,0.005762306586280075,7.6157732009887695,0.9904482521670445,0.009551747832955537,15.779733657836914,0.7779775161838567,0.2220224838161433
survset:support2,DeepHit,1,42,5517,9.433980941772461,1,3.7416574954986572,0.7377489122901085,0.2622510877098915,7.6157732009887695,0.5412634664589231,0.4587365335410769,15.779733657836914,0.4304524950956406,0.5695475049043595
survset:support2,DeepHit,1,42,6540,2.6457512378692627,1,3.7416574954986572,0.49991180328244456,0.5000881967175554,7.6157732009887695,0.05117573456218307,0.948824265437817,15.779733657836914,0.022749349215420232,0.9772506507845797
survset:support2,DeepHit,1,42,3092,22.24859619140625,0,3.7416574954986572,0.9867420539259646,0.01325794607403541,7.6157732009887695,0.9808867708530546,0.019113229146945354,15.779733657836914,0.6269139224023632,0.3730860775976368
survset:support2,DeepHit,1,42,8726,19.36491584777832,1,3.7416574954986572,0.9904583672324235,0.009541632767576469,7.6157732009887695,0.973631295797029,0.026368704202970994,15.779733657836914,0.6637758619589204,0.33622413804107965
survset:support2,DeepHit,1,42,1664,44.55333709716797,0,3.7416574954986572,0.9958520601201781,0.004147939879821871,7.6157732009887695,0.9922474100241708,0.007752589975829172,15.779733657836914,0.7566926628075162,0.24330733719248376
survset:support2,DeepHit,1,42,450,17.69180679321289,1,3.7416574954986572,0.9856383412612572,0.014361658738742844,7.6157732009887695,0.9778328585066058,0.02216714149339416,15.779733657836914,0.7350016488614636,0.2649983511385364
survset:support2,DeepHit,1,42,8229,20.29778289794922,1,3.7416574954986572,0.985027469231942,0.014972530768058046,7.6157732009887695,0.9786396480530181,0.021360351946981937,15.779733657836914,0.7231652581192645,0.27683474188073554
survset:support2,DeepHit,1,42,525,11.575837135314941,1,3.7416574954986572,0.995412040230697,0.0045879597693030405,7.6157732009887695,0.9881885343394221,0.011811465660577891,15.779733657836914,0.6623679914267782,0.33763200857322184
survset:support2,DeepHit,1,42,782,36.78314971923828,0,3.7416574954986572,0.9946461660619045,0.00535383393809552,7.6157732009887695,0.9922003427804686,0.007799657219531353,15.779733657836914,0.7869708734492366,0.21302912655076345
survset:support2,DeepHit,1,42,4753,3.0,1,3.7416574954986572,0.46210793277853157,0.5378920672214684,7.6157732009887695,0.029650065564058067,0.970349934435942,15.779733657836914,0.01547037413403828,0.9845296258659617
survset:support2,DeepHit,1,42,2550,25.806976318359375,1,3.7416574954986572,0.9835552393431839,0.016444760656816104,7.6157732009887695,0.972435278928673,0.027564721071327014,15.779733657836914,0.6750483495542499,0.32495165044575014
survset:support2,DeepHit,1,42,552,39.635841369628906,0,3.7416574954986572,0.9965930763528541,0.0034069236471458986,7.6157732009887695,0.9955400554152496,0.004459944584750408,15.779733657836914,0.7431467728687242,0.2568532271312758
survset:support2,DeepHit,1,42,2869,26.645824432373047,0,3.7416574954986572,0.9895406978197718,0.01045930218022817,7.6157732009887695,0.9819866857929201,0.018013314207079856,15.779733657836914,0.7678726789420426,0.23212732105795741
survset:support2,DeepHit,1,42,6294,22.56102752685547,1,3.7416574954986572,0.9741849400428213,0.0258150599571787,7.6157732009887695,0.947764566826626,0.05223543317337398,15.779733657836914,0.6925215106754226,0.30747848932457744
survset:support2,DeepHit,1,42,1175,27.622453689575195,0,3.7416574954986572,0.9929762926450612,0.007023707354938846,7.6157732009887695,0.9860591340611978,0.013940865938802172,15.779733657836914,0.7193641218157687,0.2806358781842313
survset:support2,DeepHit,1,42,3564,42.70831298828125,0,3.7416574954986572,0.9854088101146242,0.014591189885375777,7.6157732009887695,0.9638472599058515,0.03615274009414848,15.779733657836914,0.7011590959319983,0.2988409040680017
survset:support2,DeepHit,1,42,2271,3.7416574954986572,1,3.7416574954986572,0.5251141137165333,0.47488588628346673,7.6157732009887695,0.05872130337096269,0.9412786966290373,15.779733657836914,0.039137265160155324,0.9608627348398446
survset:support2,DeepHit,1,42,8534,28.72281265258789,1,3.7416574954986572,0.9894779359983885,0.010522064001611486,7.6157732009887695,0.9790750448470735,0.020924955152926472,15.779733657836914,0.7020683643021995,0.29793163569780046
survset:support2,DeepHit,1,42,1135,9.899495124816895,1,3.7416574954986572,0.9890249177336693,0.010975082266330705,7.6157732009887695,0.9792835163476512,0.020716483652348794,15.779733657836914,0.7954276366978498,0.20457236330215023
survset:support2,DeepHit,1,42,5085,3.7416574954986572,1,3.7416574954986572,0.4806364315169747,0.5193635684830253,7.6157732009887695,0.02476618479510156,0.9752338152048985,15.779733657836914,0.01691252343210303,0.983087476567897
survset:support2,DeepHit,1,42,1980,41.46082305908203,0,3.7416574954986572,0.9967498681399812,0.003250131860018768,7.6157732009887695,0.9945201659017159,0.00547983409828412,15.779733657836914,0.7735605457174465,0.22643945428255352
survset:support2,DeepHit,1,42,5404,23.30236053466797,0,3.7416574954986572,0.9566995372454914,0.043300462754508606,7.6157732009887695,0.9285823990337404,0.0714176009662596,15.779733657836914,0.7001491654753994,0.2998508345246006
survset:support2,DeepHit,1,42,6473,38.832977294921875,0,3.7416574954986572,0.9907327132538364,0.009267286746163617,7.6157732009887695,0.9868331375131523,0.01316686248684773,15.779733657836914,0.755558457174492,0.244441542825508
survset:support2,DeepHit,1,42,5541,21.771541595458984,0,3.7416574954986572,0.9906649635553139,0.00933503644468614,7.6157732009887695,0.9827662497478928,0.01723375025210716,15.779733657836914,0.7844945040840977,0.2155054959159023
survset:support2,DeepHit,1,42,761,15.779733657836914,1,3.7416574954986572,0.9937705712533783,0.00622942874662169,7.6157732009887695,0.9840822294691308,0.01591777053086918,15.779733657836914,0.676534880373645,0.32346511962635505
survset:support2,DeepHit,1,42,4881,16.248077392578125,1,3.7416574954986572,0.9582166235782893,0.041783376421710705,7.6157732009887695,0.9406242731359191,0.05937572686408088,15.779733657836914,0.6873254150582844,0.3126745849417156
survset:support2,DeepHit,1,42,1265,1.7320507764816284,1,3.7416574954986572,0.5227231490465482,0.47727685095345185,7.6157732009887695,0.06162160429796409,0.938378395702036,15.779733657836914,0.03838768831090867,0.9616123116890913
survset:support2,DeepHit,1,42,8377,28.44292449951172,1,3.7416574954986572,0.9929401765868636,0.007059823413136379,7.6157732009887695,0.9876578353740498,0.01234216462595017,15.779733657836914,0.7185387016446911,0.28146129835530886
survset:support2,DeepHit,1,42,4571,30.659420013427734,0,3.7416574954986572,0.990924898012067,0.009075101987933043,7.6157732009887695,0.9820450406943749,0.017954959305625073,15.779733657836914,0.6968223274239967,0.30317767257600325
survset:support2,DeepHit,1,42,2948,25.51470184326172,0,3.7416574954986572,0.9940613788781761,0.005938621121823862,7.6157732009887695,0.9915088086965217,0.008491191303478307,15.779733657836914,0.7377664580990889,0.2622335419009111
survset:support2,DeepHit,1,42,3562,3.605551242828369,1,3.7416574954986572,0.5128170894457504,0.48718291055424956,7.6157732009887695,0.018406617049545486,0.9815933829504545,15.779733657836914,0.009890696933067211,0.9901093030669328
survset:support2,DeepHit,1,42,8276,4.123105525970459,1,3.7416574954986572,0.568713655730997,0.43128634426900303,7.6157732009887695,0.04137466043744895,0.958625339562551,15.779733657836914,0.02610559626259862,0.9738944037374013
survset:support2,DeepHit,1,42,2315,2.6457512378692627,1,3.7416574954986572,0.5585908463687511,0.4414091536312489,7.6157732009887695,0.03265208963869943,0.9673479103613005,15.779733657836914,0.0224457029812245,0.9775542970187755
survset:support2,DeepHit,1,42,4103,37.709415435791016,0,3.7416574954986572,0.9950835181600675,0.0049164818399325405,7.6157732009887695,0.9928649447636765,0.007135055236323518,15.779733657836914,0.7969223342921479,0.20307766570785213
survset:support2,DeepHit,1,42,3513,2.8284270763397217,1,3.7416574954986572,0.4293962890337003,0.5706037109662997,7.6157732009887695,0.028499140302284252,0.9715008596977157,15.779733657836914,0.01512491606968162,0.9848750839303184
survset:support2,DeepHit,1,42,8465,7.549834251403809,1,3.7416574954986572,0.5472847237323182,0.4527152762676818,7.6157732009887695,0.08266249745834667,0.9173375025416534,15.779733657836914,0.047295809885270955,0.9527041901147291
survset:support2,DeepHit,1,42,2574,2.6457512378692627,1,3.7416574954986572,0.5112850938397543,0.4887149061602457,7.6157732009887695,0.05077045437461936,0.9492295456253806,15.779733657836914,0.026371033501298217,0.9736289664987018
survset:support2,DeepHit,1,42,8986,22.0,0,3.7416574954986572,0.989646476719553,0.01035352328044703,7.6157732009887695,0.9847588320853755,0.015241167914624487,15.779733657836914,0.7549130651366937,0.24508693486330635
survset:support2,DeepHit,1,42,7179,27.513633728027344,0,3.7416574954986572,0.9970798849404344,0.0029201150595655756,7.6157732009887695,0.9958706156073168,0.0041293843926831775,15.779733657836914,0.8402362302326635,0.15976376976733653
survset:support2,DeepHit,1,42,7270,4.242640495300293,1,3.7416574954986572,0.5214623477899663,0.47853765221003375,7.6157732009887695,0.014082576196526725,0.9859174238034732,15.779733657836914,0.00960933400242803,0.990390665997572
survset:support2,DeepHit,1,42,8985,17.029386520385742,1,3.7416574954986572,0.9854000852353597,0.014599914764640287,7.6157732009887695,0.963446133253706,0.03655386674629402,15.779733657836914,0.5876667432075697,0.41233325679243027
survset:support2,DeepHit,1,42,4224,11.180339813232422,1,3.7416574954986572,0.9899718710337183,0.01002812896628169,7.6157732009887695,0.9760149446690776,0.023985055330922433,15.779733657836914,0.6592694927847531,0.3407305072152469
survset:support2,DeepHit,1,42,689,6.244997978210449,1,3.7416574954986572,0.510293239795561,0.48970676020443904,7.6157732009887695,0.04991550990493709,0.9500844900950629,15.779733657836914,0.020917974420722744,0.9790820255792773
survset:support2,DeepHit,1,42,7777,44.66542434692383,0,3.7416574954986572,0.9882255609355467,0.011774439064453301,7.6157732009887695,0.971547330548932,0.028452669451067947,15.779733657836914,0.7200862330478754,0.27991376695212455
survset:support2,DeepHit,1,42,1901,42.178192138671875,0,3.7416574954986572,0.9944715063203768,0.005528493679623159,7.6157732009887695,0.9915739432558478,0.0084260567441522,15.779733657836914,0.8084337005751272,0.1915662994248728
survset:support2,DeepHit,1,42,299,6.7082037925720215,1,3.7416574954986572,0.48475854681367436,0.5152414531863256,7.6157732009887695,0.03374662945742253,0.9662533705425774,15.779733657836914,0.02221111983623978,0.9777888801637602
survset:support2,DeepHit,1,42,7224,26.795522689819336,0,3.7416574954986572,0.9844884950831715,0.015511504916828511,7.6157732009887695,0.9709690653975693,0.02903093460243067,15.779733657836914,0.7010030778923402,0.2989969221076598
survset:support2,DeepHit,1,42,5502,15.099668502807617,1,3.7416574954986572,0.9912039957708277,0.00879600422917226,7.6157732009887695,0.9791725373248252,0.020827462675174768,15.779733657836914,0.6855614506544648,0.31443854934553517
survset:support2,DeepHit,1,42,5599,4.358899116516113,1,3.7416574954986572,0.45274107077221115,0.5472589292277888,7.6157732009887695,0.022383322258064515,0.9776166777419355,15.779733657836914,0.013787298952928071,0.9862127010470719
survset:support2,DeepHit,1,42,1825,5.291502475738525,1,3.7416574954986572,0.4859936072124535,0.5140063927875465,7.6157732009887695,0.019881506566393595,0.9801184934336064,15.779733657836914,0.01244080454254645,0.9875591954574535
survset:support2,DeepHit,1,42,4253,6.4031243324279785,1,3.7416574954986572,0.5825650090928032,0.4174349909071968,7.6157732009887695,0.06796886039726292,0.9320311396027371,15.779733657836914,0.030969509331108508,0.9690304906688915
survset:support2,DeepHit,1,42,1039,6.0,1,3.7416574954986572,0.5578523931511158,0.4421476068488842,7.6157732009887695,0.030564059794368728,0.9694359402056313,15.779733657836914,0.018268621080493257,0.9817313789195068
survset:support2,DeepHit,1,42,1224,13.928388595581055,1,3.7416574954986572,0.9909690184147193,0.009030981585280706,7.6157732009887695,0.9820354918922483,0.017964508107751742,15.779733657836914,0.6837415210447209,0.31625847895527914
survset:support2,DeepHit,1,42,3216,2.4494898319244385,1,3.7416574954986572,0.42329473265309653,0.5767052673469035,7.6157732009887695,0.0368666139814049,0.9631333860185951,15.779733657836914,0.025876274767872492,0.9741237252321275
survset:support2,DeepHit,1,42,2894,26.28687858581543,0,3.7416574954986572,0.9940717784023232,0.005928221597676808,7.6157732009887695,0.99028326235503,0.009716737644970053,15.779733657836914,0.6857198189478886,0.3142801810521114
survset:support2,DeepHit,1,42,921,4.123105525970459,1,3.7416574954986572,0.5184053509162351,0.4815946490837649,7.6157732009887695,0.041872838880946006,0.958127161119054,15.779733657836914,0.02127589881088876,0.9787241011891112
survset:support2,DeepHit,1,42,7137,28.089143753051758,0,3.7416574954986572,0.992770604429911,0.007229395570088948,7.6157732009887695,0.982593305524149,0.01740669447585097,15.779733657836914,0.6896102780344399,0.31038972196556014
survset:support2,DeepHit,1,42,2045,2.0,1,3.7416574954986572,0.42435275876834777,0.5756472412316522,7.6157732009887695,0.030524950899941783,0.9694750491000582,15.779733657836914,0.02578193612918451,0.9742180638708154
survset:support2,DeepHit,1,42,2918,2.2360680103302,1,3.7416574954986572,0.5658753167214858,0.43412468327851417,7.6157732009887695,0.03313858319340304,0.966861416806597,15.779733657836914,0.019003536114652053,0.9809964638853479
survset:support2,DeepHit,1,42,4692,5.196152210235596,1,3.7416574954986572,0.5081497791120281,0.4918502208879719,7.6157732009887695,0.04238020369234506,0.9576197963076549,15.779733657836914,0.027281459038590625,0.9727185409614094
survset:support2,DeepHit,1,42,5554,2.6457512378692627,1,3.7416574954986572,0.43171244416887916,0.5682875558311209,7.6157732009887695,0.030648230166027135,0.9693517698339729,15.779733657836914,0.018102938188540137,0.9818970618114599
survset:support2,DeepHit,1,42,2876,2.6457512378692627,1,3.7416574954986572,0.4608995338617828,0.5391004661382173,7.6157732009887695,0.009342469086714171,0.9906575309132858,15.779733657836914,0.0061883367446229475,0.9938116632553771
survset:support2,DeepHit,1,42,1846,1.7320507764816284,1,3.7416574954986572,0.4080587781997004,0.5919412218002996,7.6157732009887695,0.10303974354777702,0.896960256452223,15.779733657836914,0.0902759064211144,0.9097240935788856
survset:support2,DeepHit,1,42,6315,10.049875259399414,1,3.7416574954986572,0.9857368518457231,0.014263148154276872,7.6157732009887695,0.9747399612542743,0.025260038745725688,15.779733657836914,0.6694137742007914,0.3305862257992086
survset:support2,DeepHit,1,42,2190,38.88444519042969,0,3.7416574954986572,0.998337924540648,0.0016620754593520415,7.6157732009887695,0.9979266151390591,0.0020733848609408856,15.779733657836914,0.9121782982314062,0.08782170176859383
survset:support2,DeepHit,1,42,6696,3.0,1,3.7416574954986572,0.41473930768596773,0.5852606923140322,7.6157732009887695,0.09063834775008289,0.909361652249917,15.779733657836914,0.046521216608851695,0.9534787833911483
survset:support2,DeepHit,1,42,8945,23.151674270629883,0,3.7416574954986572,0.9908446605888814,0.009155339411118568,7.6157732009887695,0.9849060048314985,0.015093995168501517,15.779733657836914,0.664646501495203,0.335353498504797
survset:support2,DeepHit,1,42,6085,37.53664779663086,1,3.7416574954986572,0.9909861297165897,0.009013870283410275,7.6157732009887695,0.9803237101675715,0.01967628983242853,15.779733657836914,0.702133665364422,0.297866334635578
survset:support2,DeepHit,1,42,4034,2.4494898319244385,1,3.7416574954986572,0.3588097763583081,0.641190223641692,7.6157732009887695,0.01819603682164132,0.9818039631783587,15.779733657836914,0.016388499094142257,0.9836115009058577
survset:support2,DeepHit,1,42,2880,9.69536018371582,1,3.7416574954986572,0.9821701760494673,0.017829823950532675,7.6157732009887695,0.9725162503209455,0.027483749679054537,15.779733657836914,0.6791384042899403,0.3208615957100597
survset:support2,DeepHit,1,42,354,38.457767486572266,1,3.7416574954986572,0.9866768998782296,0.013323100121770404,7.6157732009887695,0.9608567524594349,0.039143247540565085,15.779733657836914,0.6734429303696086,0.32655706963039144
survset:support2,DeepHit,1,42,486,4.0,1,3.7416574954986572,0.510812032903716,0.489187967096284,7.6157732009887695,0.019977115986734996,0.980022884013265,15.779733657836914,0.014055374619164878,0.9859446253808352
survset:support2,DeepHit,1,42,640,7.681145668029785,1,3.7416574954986572,0.5768868572438413,0.42311314275615874,7.6157732009887695,0.05819255059158508,0.9418074494084149,15.779733657836914,0.030758293039845556,0.9692417069601544
survset:support2,DeepHit,1,42,2521,3.605551242828369,1,3.7416574954986572,0.5014776062914975,0.4985223937085025,7.6157732009887695,0.01773599393026791,0.9822640060697321,15.779733657836914,0.012565692460903551,0.9874343075390964
survset:support2,DeepHit,1,42,1106,23.979158401489258,1,3.7416574954986572,0.9929566997736526,0.00704330022634736,7.6157732009887695,0.9815935324788492,0.018406467521150827,15.779733657836914,0.6697005828957772,0.33029941710422284
survset:support2,DeepHit,1,42,5717,20.074859619140625,0,3.7416574954986572,0.9975326411526969,0.0024673588473030916,7.6157732009887695,0.9967654687957616,0.0032345312042384444,15.779733657836914,0.8549465259475679,0.14505347405243207
survset:support2,DeepHit,1,42,3262,37.14834976196289,1,3.7416574954986572,0.9961472148581517,0.0038527851418482806,7.6157732009887695,0.9940124680805754,0.005987531919424582,15.779733657836914,0.7973821610046696,0.20261783899533037
survset:support2,DeepHit,1,42,2935,5.5677642822265625,1,3.7416574954986572,0.4693408899299809,0.5306591100700191,7.6157732009887695,0.040081797826462394,0.9599182021735376,15.779733657836914,0.023585755169590387,0.9764142448304096
survset:support2,DeepHit,1,42,5818,45.0111083984375,0,3.7416574954986572,0.9902417117585536,0.009758288241446422,7.6157732009887695,0.9840267590596792,0.01597324094032082,15.779733657836914,0.7372366573555287,0.2627633426444713
survset:support2,DeepHit,1,42,2642,11.832159996032715,1,3.7416574954986572,0.983306259144936,0.016693740855064032,7.6157732009887695,0.9655130496719936,0.034486950328006416,15.779733657836914,0.7151628255115345,0.28483717448846546
survset:support2,DeepHit,1,42,5735,7.874007701873779,1,3.7416574954986572,0.9874508040459565,0.012549195954043468,7.6157732009887695,0.9712746444280257,0.02872535557197431,15.779733657836914,0.6932711577185793,0.3067288422814207
survset:support2,DeepHit,1,42,2226,38.431758880615234,0,3.7416574954986572,0.9933231527545665,0.006676847245433493,7.6157732009887695,0.9894222289420711,0.010577771057928897,15.779733657836914,0.7621621469980525,0.23783785300194749
survset:support2,DeepHit,1,42,5848,11.747340202331543,1,3.7416574954986572,0.9523181743919915,0.04768182560800849,7.6157732009887695,0.9286318884780205,0.07136811152197953,15.779733657836914,0.7279884907416654,0.2720115092583346
survset:support2,DeepHit,1,42,3248,44.95553207397461,0,3.7416574954986572,0.9974674998500516,0.0025325001499484356,7.6157732009887695,0.9965165956563091,0.003483404343690877,15.779733657836914,0.8563749650841777,0.14362503491582235
survset:support2,DeepHit,1,42,4006,38.72983169555664,0,3.7416574954986572,0.9922675669335114,0.007732433066488631,7.6157732009887695,0.9843733295363734,0.015626670463626646,15.779733657836914,0.7532556069453763,0.2467443930546237
survset:support2,DeepHit,1,42,7175,19.67231559753418,1,3.7416574954986572,0.9763564085332541,0.023643591466745884,7.6157732009887695,0.9485272238973337,0.05147277610266632,15.779733657836914,0.6587652056117375,0.34123479438826254
survset:support2,DeepHit,1,42,4615,2.8284270763397217,1,3.7416574954986572,0.5071769101936714,0.4928230898063286,7.6157732009887695,0.0312090196065083,0.9687909803934917,15.779733657836914,0.023046856679135492,0.9769531433208645
survset:support2,DeepHit,1,42,4111,4.123105525970459,1,3.7416574954986572,0.5614986176204554,0.4385013823795446,7.6157732009887695,0.07309601258419762,0.9269039874158024,15.779733657836914,0.04012959865385977,0.9598704013461402
survset:support2,DeepHit,1,42,427,41.0,0,3.7416574954986572,0.9978560883552664,0.002143911644733598,7.6157732009887695,0.9955591471820374,0.004440852817962582,15.779733657836914,0.8431728331633699,0.15682716683663012
survset:support2,DeepHit,1,42,4365,13.03840446472168,1,3.7416574954986572,0.9858916826352405,0.014108317364759482,7.6157732009887695,0.9707510860443204,0.029248913955679634,15.779733657836914,0.73562754211977,0.26437245788023
survset:support2,DeepHit,1,42,7806,4.123105525970459,1,3.7416574954986572,0.5720795102185853,0.4279204897814147,7.6157732009887695,0.038418263455477865,0.9615817365445222,15.779733657836914,0.022759856361510712,0.9772401436384893
survset:support2,DeepHit,1,42,872,32.4499626159668,0,3.7416574954986572,0.9927231953697874,0.00727680463021263,7.6157732009887695,0.9865405314015212,0.013459468598478797,15.779733657836914,0.747314756890057,0.252685243109943
survset:support2,DeepHit,1,42,8992,8.062257766723633,1,3.7416574954986572,0.957532719584108,0.042467280415891984,7.6157732009887695,0.9377485776817768,0.062251422318223226,15.779733657836914,0.7190055834359265,0.28099441656407353
survset:support2,DeepHit,1,42,975,4.358899116516113,1,3.7416574954986572,0.5216274868918928,0.47837251310810724,7.6157732009887695,0.04481151866260924,0.9551884813373908,15.779733657836914,0.024117691477566747,0.9758823085224333
survset:support2,DeepHit,1,42,5923,44.18144226074219,0,3.7416574954986572,0.9731105031004522,0.026889496899547782,7.6157732009887695,0.9559794429190471,0.04402055708095287,15.779733657836914,0.7099568040426593,0.29004319595734074
survset:support2,DeepHit,1,42,2928,25.865034103393555,0,3.7416574954986572,0.9967628141867779,0.0032371858132220765,7.6157732009887695,0.994082620205169,0.005917379794830979,15.779733657836914,0.7876514719454789,0.2123485280545211
survset:support2,DeepHit,1,42,3797,40.8166618347168,0,3.7416574954986572,0.9945307999631439,0.005469200036856137,7.6157732009887695,0.9921931046333168,0.00780689536668322,15.779733657836914,0.7778026951423792,0.2221973048576208
survset:support2,DeepHit,1,42,1636,44.777225494384766,0,3.7416574954986572,0.9950860358728352,0.004913964127164827,7.6157732009887695,0.988521662882771,0.01147833711722901,15.779733657836914,0.7437550077596475,0.25624499224035246
survset:support2,DeepHit,1,42,4842,5.385164737701416,1,3.7416574954986572,0.5525473633517067,0.44745263664829327,7.6157732009887695,0.06650719117488452,0.9334928088251155,15.779733657836914,0.0487194039416163,0.9512805960583837
survset:support2,DeepHit,1,42,8516,31.890438079833984,0,3.7416574954986572,0.9879224843242227,0.012077515675777306,7.6157732009887695,0.9790447588790739,0.02095524112092606,15.779733657836914,0.7227006570062359,0.27729934299376413
survset:support2,DeepHit,1,42,3816,5.099019527435303,1,3.7416574954986572,0.4478363949564463,0.5521636050435537,7.6157732009887695,0.03810273817293995,0.96189726182706,15.779733657836914,0.026465690900061296,0.9735343090999387
survset:support2,DeepHit,1,42,2488,32.140316009521484,0,3.7416574954986572,0.9946356944972363,0.005364305502763678,7.6157732009887695,0.9926463507535326,0.00735364924646742,15.779733657836914,0.7467778875413494,0.25322211245865056
survset:support2,DeepHit,1,42,1569,2.6457512378692627,1,3.7416574954986572,0.43125151236019077,0.5687484876398092,7.6157732009887695,0.0875402727416022,0.9124597272583979,15.779733657836914,0.06460163355006161,0.9353983664499383
survset:support2,DeepHit,1,42,2203,38.742740631103516,0,3.7416574954986572,0.9866344550950432,0.013365544904956783,7.6157732009887695,0.9773069094361708,0.022693090563829177,15.779733657836914,0.7325473109321623,0.2674526890678377
survset:support2,DeepHit,1,42,5671,2.6457512378692627,1,3.7416574954986572,0.49524248664175285,0.5047575133582471,7.6157732009887695,0.025304253041351147,0.9746957469586488,15.779733657836914,0.011847302786903763,0.9881526972130963
survset:support2,DeepHit,1,42,4858,2.0,1,3.7416574954986572,0.5086389056770482,0.49136109432295183,7.6157732009887695,0.04034828917839741,0.9596517108216026,15.779733657836914,0.022715667103254695,0.9772843328967453
survset:support2,DeepHit,1,42,7685,19.92485809326172,0,3.7416574954986572,0.994154025016475,0.005845974983525015,7.6157732009887695,0.9886686581584161,0.011331341841583908,15.779733657836914,0.7394856892059626,0.2605143107940374
survset:support2,DeepHit,1,42,1842,5.291502475738525,1,3.7416574954986572,0.5130665225451967,0.4869334774548033,7.6157732009887695,0.017706202215961107,0.9822937977840389,15.779733657836914,0.01332160031057897,0.9866783996894211
survset:support2,DeepHit,1,42,2280,22.338308334350586,1,3.7416574954986572,0.9905328223233688,0.009467177676631189,7.6157732009887695,0.9830949885698723,0.01690501143012768,15.779733657836914,0.7373913334846144,0.2626086665153856
survset:support2,DeepHit,1,42,7939,3.316624879837036,1,3.7416574954986572,0.5360055387907666,0.4639944612092334,7.6157732009887695,0.03635183510975558,0.9636481648902444,15.779733657836914,0.016501242428101536,0.9834987575718984
survset:support2,DeepHit,1,42,8184,32.32645797729492,1,3.7416574954986572,0.9936946128654697,0.006305387134530327,7.6157732009887695,0.989422377587363,0.010577622412637044,15.779733657836914,0.7625590747663293,0.23744092523367066
survset:support2,DeepHit,1,42,5843,44.844173431396484,0,3.7416574954986572,0.9987466638917325,0.0012533361082674999,7.6157732009887695,0.9980551839486455,0.0019448160513545476,15.779733657836914,0.8658645353347295,0.1341354646652705
survset:support2,DeepHit,1,42,8051,30.675724029541016,1,3.7416574954986572,0.9946443231734801,0.0053556768265199395,7.6157732009887695,0.9899043084433009,0.010095691556699093,15.779733657836914,0.7214391712746651,0.27856082872533494
survset:support2,DeepHit,1,42,8593,9.273618698120117,1,3.7416574954986572,0.9841532040201942,0.01584679597980576,7.6157732009887695,0.9617136718491794,0.03828632815082056,15.779733657836914,0.6876615878717685,0.31233841212823155
survset:support2,DeepHit,1,42,6046,37.429935455322266,1,3.7416574954986572,0.9928654101826563,0.007134589817343717,7.6157732009887695,0.9863744352683795,0.013625564731620465,15.779733657836914,0.7314426337692109,0.2685573662307891
survset:support2,DeepHit,1,42,1998,41.24318313598633,0,3.7416574954986572,0.9900451949793968,0.009954805020603197,7.6157732009887695,0.9720592452115949,0.027940754788405076,15.779733657836914,0.7233770792353547,0.27662292076464534
survset:support2,DeepHit,1,42,2244,38.19685745239258,0,3.7416574954986572,0.9967673776582728,0.003232622341727165,7.6157732009887695,0.9958276894404562,0.004172310559543813,15.779733657836914,0.8749944377979025,0.12500556220209746
survset:support2,DeepHit,1,42,1656,44.60941696166992,0,3.7416574954986572,0.9800145542539748,0.019985445746025232,7.6157732009887695,0.9671121620586511,0.03288783794134886,15.779733657836914,0.7469093540656474,0.2530906459343526
survset:support2,DeepHit,1,42,5396,3.7416574954986572,1,3.7416574954986572,0.5284465125222324,0.4715534874777676,7.6157732009887695,0.05048108762061433,0.9495189123793857,15.779733657836914,0.035188631145280126,0.9648113688547199
survset:support2,DeepHit,1,42,8643,5.291502475738525,1,3.7416574954986572,0.4963458822824351,0.5036541177175649,7.6157732009887695,0.020228269660857136,0.9797717303391429,15.779733657836914,0.011989341351048687,0.9880106586489513
survset:support2,DeepHit,1,42,8989,21.954498291015625,0,3.7416574954986572,0.995883179209556,0.0041168207904439535,7.6157732009887695,0.9928146569652794,0.007185343034720626,15.779733657836914,0.801227410730056,0.198772589269944
survset:support2,DeepHit,1,42,6778,32.51153564453125,0,3.7416574954986572,0.9954689603070499,0.004531039692950101,7.6157732009887695,0.9938033438956663,0.006196656104333731,15.779733657836914,0.7675672125798678,0.23243278742013218
survset:support2,DeepHit,1,42,5114,25.74878692626953,0,3.7416574954986572,0.9890634005157936,0.010936599484206444,7.6157732009887695,0.9830954254680583,0.01690457453194172,15.779733657836914,0.7469646101772631,0.2530353898227369
survset:support2,DeepHit,1,42,2178,9.32737922668457,1,3.7416574954986572,0.9827978028028839,0.01720219719711613,7.6157732009887695,0.9657190597539391,0.034280940246060876,15.779733657836914,0.7264336579903359,0.2735663420096641
survset:support2,DeepHit,1,42,8598,3.0,1,3.7416574954986572,0.4842211875816437,0.5157788124183563,7.6157732009887695,0.026132816067992785,0.9738671839320072,15.779733657836914,0.016378691998973252,0.9836213080010268
survset:support2,DeepHit,1,42,2774,3.7416574954986572,1,3.7416574954986572,0.49142921488506347,0.5085707851149366,7.6157732009887695,0.01821058976445299,0.981789410235547,15.779733657836914,0.013672828674316406,0.9863271713256836
survset:support2,DeepHit,1,42,2435,17.32050895690918,1,3.7416574954986572,0.9939706410171699,0.00602935898283008,7.6157732009887695,0.9906866853770347,0.009313314622965252,15.779733657836914,0.7856806193558805,0.21431938064411948
survset:support2,DeepHit,1,42,2696,11.090536117553711,1,3.7416574954986572,0.9798467335614486,0.02015326643855142,7.6157732009887695,0.9639089345541385,0.03609106544586149,15.779733657836914,0.6705253821980207,0.3294746178019793
survset:support2,DeepHit,1,42,3853,40.26164245605469,0,3.7416574954986572,0.9914987999122136,0.008501200087786431,7.6157732009887695,0.9857963348866039,0.014203665113396102,15.779733657836914,0.7703408779436326,0.2296591220563674
survset:support2,DeepHit,1,42,8352,37.2827033996582,0,3.7416574954986572,0.9928051880516402,0.007194811948359803,7.6157732009887695,0.9884757716560063,0.011524228343993692,15.779733657836914,0.7508103056897407,0.24918969431025928
survset:support2,DeepHit,1,42,4741,29.20616340637207,0,3.7416574954986572,0.9909567566013239,0.009043243398676126,7.6157732009887695,0.9881125342540363,0.011887465745963666,15.779733657836914,0.7630381580413205,0.23696184195867953
survset:support2,DeepHit,1,42,5128,2.6457512378692627,1,3.7416574954986572,0.5456779934210021,0.4543220065789979,7.6157732009887695,0.038389420560688045,0.9616105794393119,15.779733657836914,0.022044806413714115,0.9779551935862859
survset:support2,DeepHit,1,42,7385,3.605551242828369,1,3.7416574954986572,0.47392116904378867,0.5260788309562113,7.6157732009887695,0.028028419166284395,0.9719715808337156,15.779733657836914,0.0169149927626543,0.9830850072373457
survset:support2,DeepHit,1,42,7145,4.582575798034668,1,3.7416574954986572,0.5368357352180299,0.46316426478197015,7.6157732009887695,0.03439302688435565,0.9656069731156444,15.779733657836914,0.02202722039342854,0.9779727796065715
survset:support2,DeepHit,1,42,5941,15.198683738708496,1,3.7416574954986572,0.9922445723295985,0.0077554276704014935,7.6157732009887695,0.98250380158041,0.017496198419590048,15.779733657836914,0.7081617506158135,0.29183824938418645
survset:support2,DeepHit,1,42,1559,2.8284270763397217,1,3.7416574954986572,0.5394784907320289,0.4605215092679711,7.6157732009887695,0.03776642125766779,0.9622335787423322,15.779733657836914,0.020982214800734658,0.9790177851992653
survset:support2,DeepHit,1,42,3102,21.954498291015625,0,3.7416574954986572,0.9900065795091512,0.009993420490848837,7.6157732009887695,0.9854145601818057,0.014585439818194268,15.779733657836914,0.7720194374931968,0.2279805625068032
survset:support2,DeepHit,1,42,4950,27.331300735473633,0,3.7416574954986572,0.9923764709844064,0.0076235290155936,7.6157732009887695,0.9811609875484854,0.018839012451514647,15.779733657836914,0.698693435483175,0.301306564516825
survset:support2,DeepHit,1,42,3754,41.30375289916992,0,3.7416574954986572,0.9883050050353708,0.011694994964629224,7.6157732009887695,0.9769781352754168,0.02302186472458323,15.779733657836914,0.7231182522489301,0.2768817477510699
survset:support2,DeepHit,1,42,295,42.28474807739258,0,3.7416574954986572,0.9892505761142504,0.01074942388574962,7.6157732009887695,0.9834348691188393,0.01656513088116074,15.779733657836914,0.7485266781904468,0.2514733218095532
survset:support2,DeepHit,1,42,929,3.872983455657959,1,3.7416574954986572,0.4615949640994361,0.5384050359005639,7.6157732009887695,0.037931438387937576,0.9620685616120624,15.779733657836914,0.03005453746554674,0.9699454625344532
survset:support2,DeepHit,1,42,5567,13.22875690460205,1,3.7416574954986572,0.9868590408604115,0.01314095913958846,7.6157732009887695,0.9652254482009933,0.03477455179900668,15.779733657836914,0.6607787877751881,0.33922121222481194
survset:support2,DeepHit,1,42,2719,20.46949005126953,1,3.7416574954986572,0.9885885318987743,0.01141146810122573,7.6157732009887695,0.9797686723668119,0.020231327633188134,15.779733657836914,0.7140769092583489,0.2859230907416511
survset:support2,DeepHit,1,42,7481,23.452077865600586,0,3.7416574954986572,0.990224097777272,0.00977590222272795,7.6157732009887695,0.9854161418598464,0.014583858140153616,15.779733657836914,0.778066154717074,0.22193384528292603
survset:support2,DeepHit,1,42,5695,20.273134231567383,0,3.7416574954986572,0.9759825835557437,0.024017416444256257,7.6157732009887695,0.9501420845590551,0.04985791544094487,15.779733657836914,0.6310916770913505,0.3689083229086495
survset:support2,DeepHit,1,42,3833,2.4494898319244385,1,3.7416574954986572,0.4810363040211997,0.5189636959788003,7.6157732009887695,0.030467898163268996,0.969532101836731,15.779733657836914,0.021609140473765415,0.9783908595262346
survset:support2,DeepHit,1,42,2405,36.1524543762207,0,3.7416574954986572,0.9946602061055377,0.005339793894462264,7.6157732009887695,0.9867481554482592,0.013251844551740777,15.779733657836914,0.7216542821188422,0.2783457178811578
survset:support2,DeepHit,1,42,6014,4.582575798034668,1,3.7416574954986572,0.5464797739648298,0.45352022603517017,7.6157732009887695,0.038722372272863535,0.9612776277271364,15.779733657836914,0.023639265432672266,0.9763607345673277
survset:support2,DeepHit,1,42,8850,25.179357528686523,0,3.7416574954986572,0.9867920811971831,0.01320791880281691,7.6157732009887695,0.9762326070300735,0.02376739296992647,15.779733657836914,0.6591485027098223,0.3408514972901777
survset:support2,DeepHit,1,42,5962,1.7320507764816284,1,3.7416574954986572,0.3760185621867515,0.6239814378132484,7.6157732009887695,0.04170686626160486,0.9582931337383951,15.779733657836914,0.029062899219499512,0.9709371007805004
survset:support2,DeepHit,1,42,8469,5.291502475738525,1,3.7416574954986572,0.5469118272654765,0.4530881727345235,7.6157732009887695,0.04200698450750314,0.9579930154924968,15.779733657836914,0.02648231351804009,0.9735176864819599
survset:support2,DeepHit,1,42,4511,4.123105525970459,1,3.7416574954986572,0.5965533747075863,0.4034466252924137,7.6157732009887695,0.05602650468065899,0.943973495319341,15.779733657836914,0.03604208344263075,0.9639579165573693
survset:support2,DeepHit,1,42,6736,20.832666397094727,1,3.7416574954986572,0.9927705602206072,0.007229439779392832,7.6157732009887695,0.9875049822264311,0.012495017773568873,15.779733657836914,0.7584396694359314,0.24156033056406856
survset:support2,DeepHit,1,42,5365,6.324555397033691,1,3.7416574954986572,0.4610581763727858,0.5389418236272142,7.6157732009887695,0.02179480741273125,0.9782051925872688,15.779733657836914,0.014222049710926369,0.9857779502890737
survset:support2,DeepHit,1,42,6322,5.196152210235596,1,3.7416574954986572,0.5561441241870372,0.4438558758129628,7.6157732009887695,0.014987341038321252,0.9850126589616788,15.779733657836914,0.007855758595440113,0.9921442414045599
survset:support2,DeepHit,1,42,8218,18.027755737304688,1,3.7416574954986572,0.9896824687026924,0.010317531297307614,7.6157732009887695,0.9788658550804392,0.021134144919560782,15.779733657836914,0.7024155152356373,0.2975844847643627
survset:support2,DeepHit,1,42,2250,19.416488647460938,1,3.7416574954986572,0.983361597374001,0.016638402625999027,7.6157732009887695,0.9510740167643681,0.04892598323563191,15.779733657836914,0.5933888775633636,0.40661112243663644
survset:support2,DeepHit,1,42,2846,4.795831680297852,1,3.7416574954986572,0.5312710026226141,0.46872899737738594,7.6157732009887695,0.03193000774200691,0.9680699922579931,15.779733657836914,0.016059496880637666,0.9839405031193623
survset:support2,DeepHit,1,42,1373,24.0,0,3.7416574954986572,0.9942304249136944,0.0057695750863056006,7.6157732009887695,0.9910965336792025,0.008903466320797526,15.779733657836914,0.8379408004836888,0.1620591995163112
survset:support2,DeepHit,1,42,252,32.84813690185547,1,3.7416574954986572,0.9877304042402264,0.0122695957597736,7.6157732009887695,0.9733335079944766,0.0266664920055234,15.779733657836914,0.6483614378701585,0.35163856212984146
survset:support2,DeepHit,1,42,3196,3.1622776985168457,1,3.7416574954986572,0.48811600836374314,0.5118839916362569,7.6157732009887695,0.056099164190589176,0.9439008358094109,15.779733657836914,0.035191487099957404,0.9648085129000425
survset:support2,DeepHit,1,42,6138,42.28474807739258,0,3.7416574954986572,0.993815099859114,0.006184900140886018,7.6157732009887695,0.9904275161876286,0.009572483812371413,15.779733657836914,0.796353016110781,0.20364698388921898
survset:support2,DeepHit,1,42,5988,5.099019527435303,1,3.7416574954986572,0.6161477909511375,0.3838522090488625,7.6157732009887695,0.04968576928225657,0.9503142307177435,15.779733657836914,0.02619128148394101,0.973808718516059
survset:support2,DeepHit,1,42,351,3.464101552963257,1,3.7416574954986572,0.4614304845030483,0.5385695154969516,7.6157732009887695,0.03771547267059788,0.9622845273294021,15.779733657836914,0.019879270478856702,0.9801207295211433
survset:support2,DeepHit,1,42,7662,16.552946090698242,1,3.7416574954986572,0.9861862702815587,0.013813729718441303,7.6157732009887695,0.9760050290033613,0.02399497099663872,15.779733657836914,0.7020320282485053,0.2979679717514947
survset:support2,DeepHit,1,42,3857,40.23679733276367,0,3.7416574954986572,0.9921284040556148,0.007871595944385246,7.6157732009887695,0.9869772486458094,0.01302275135419062,15.779733657836914,0.7485663847443615,0.25143361525563845
survset:support2,DeepHit,1,42,3719,41.6533317565918,0,3.7416574954986572,0.9890381847956703,0.010961815204329706,7.6157732009887695,0.984009550508997,0.015990449491003034,15.779733657836914,0.7670819270650561,0.23291807293494393
survset:support2,DeepHit,1,42,3463,33.57081985473633,1,3.7416574954986572,0.9910248584945451,0.008975141505454864,7.6157732009887695,0.9857534902288102,0.014246509771189797,15.779733657836914,0.7294909918515847,0.2705090081484153
survset:support2,DeepHit,1,42,5628,20.952327728271484,0,3.7416574954986572,0.9978284052047057,0.002171594795294274,7.6157732009887695,0.9973187272385696,0.0026812727614303755,15.779733657836914,0.8493116495453812,0.1506883504546188
survset:support2,DeepHit,1,42,4225,2.4494898319244385,1,3.7416574954986572,0.46855737821952026,0.5314426217804797,7.6157732009887695,0.023552212710661467,0.9764477872893386,15.779733657836914,0.015062402137432686,0.9849375978625673
survset:support2,DeepHit,1,42,1580,2.4494898319244385,1,3.7416574954986572,0.5871042898537694,0.4128957101462306,7.6157732009887695,0.3211862491267838,0.6788137508732162,15.779733657836914,0.26365563861967767,0.7363443613803223
survset:support2,DeepHit,1,42,3777,41.0,0,3.7416574954986572,0.991268105929549,0.008731894070451052,7.6157732009887695,0.9844286699326845,0.01557133006731548,15.779733657836914,0.7602078042656636,0.2397921957343364
survset:support2,DeepHit,1,42,808,2.4494898319244385,1,3.7416574954986572,0.42090307893291057,0.5790969210670894,7.6157732009887695,0.060063958297821726,0.9399360417021783,15.779733657836914,0.040073415931837345,0.9599265840681627
survset:support2,DeepHit,1,42,6478,8.366600036621094,1,3.7416574954986572,0.9818327765748717,0.01816722342512833,7.6157732009887695,0.9600632575963682,0.039936742403631764,15.779733657836914,0.7056340830398515,0.29436591696014847
survset:support2,DeepHit,1,42,8870,24.919872283935547,0,3.7416574954986572,0.9900706301244575,0.009929369875542493,7.6157732009887695,0.9848872651909669,0.01511273480903308,15.779733657836914,0.7670259876642549,0.2329740123357451
survset:support2,DeepHit,1,42,6929,3.605551242828369,1,3.7416574954986572,0.45352650953733775,0.5464734904626622,7.6157732009887695,0.028437435668121673,0.9715625643318784,15.779733657836914,0.018576222731034462,0.9814237772689656
survset:support2,DeepHit,1,42,5513,2.0,1,3.7416574954986572,0.3603433658810623,0.6396566341189377,7.6157732009887695,0.04944456377555902,0.9505554362244409,15.779733657836914,0.03414340036230734,0.9658565996376927
survset:support2,DeepHit,1,42,7423,24.372116088867188,0,3.7416574954986572,0.9913354867338251,0.0086645132661749,7.6157732009887695,0.986035955047899,0.013964044952101018,15.779733657836914,0.8448845092876613,0.15511549071233866
survset:support2,DeepHit,1,42,5779,18.920886993408203,0,3.7416574954986572,0.9818000626083965,0.018199937391603527,7.6157732009887695,0.9611726875187071,0.0388273124812929,15.779733657836914,0.7044699466330071,0.2955300533669929
survset:support2,DeepHit,1,42,2586,6.244997978210449,1,3.7416574954986572,0.5339940006409499,0.46600599935905007,7.6157732009887695,0.08516135822447551,0.9148386417755245,15.779733657836914,0.0554564838919122,0.9445435161080878
survset:support2,DeepHit,1,42,3799,1.7320507764816284,1,3.7416574954986572,0.39630483312088943,0.6036951668791106,7.6157732009887695,0.05002693601281788,0.9499730639871822,15.779733657836914,0.030649668764476203,0.9693503312355238
survset:support2,DeepHit,1,42,7140,5.0,1,3.7416574954986572,0.5373382126418517,0.46266178735814834,7.6157732009887695,0.04194110841207834,0.9580588915879217,15.779733657836914,0.02147854094418741,0.9785214590558126
survset:support2,DeepHit,1,42,9001,21.725561141967773,0,3.7416574954986572,0.9921869655298122,0.007813034470187774,7.6157732009887695,0.9845745623927861,0.015425437607213932,15.779733657836914,0.7470832148849103,0.25291678511508975
survset:support2,DeepHit,1,42,5160,4.358899116516113,1,3.7416574954986572,0.425516450684863,0.574483549315137,7.6157732009887695,0.05028362332886792,0.9497163766711321,15.779733657836914,0.030739988153092992,0.969260011846907
survset:support2,DeepHit,1,42,5265,9.110433578491211,1,3.7416574954986572,0.9899738805410397,0.010026119458960259,7.6157732009887695,0.9746562371712607,0.02534376282873929,15.779733657836914,0.7134100223921458,0.2865899776078542
survset:support2,DeepHit,1,42,5900,19.46792221069336,1,3.7416574954986572,0.9975324494906026,0.002467550509397398,7.6157732009887695,0.9963736508004442,0.003626349199555845,15.779733657836914,0.824210242590846,0.17578975740915403
survset:support2,DeepHit,1,42,2656,29.96664810180664,0,3.7416574954986572,0.9978307547627157,0.002169245237284345,7.6157732009887695,0.9970206730417253,0.0029793269582747417,15.779733657836914,0.8537467296872593,0.1462532703127407
survset:support2,DeepHit,1,42,7301,25.84569549560547,0,3.7416574954986572,0.9913851679068422,0.008614832093157831,7.6157732009887695,0.9829995068591805,0.017000493140819528,15.779733657836914,0.7305207441430835,0.26947925585691646
survset:support2,DeepHit,1,42,9005,21.656408309936523,0,3.7416574954986572,0.9816490393583203,0.018350960641679737,7.6157732009887695,0.9609425566963109,0.0390574433036891,15.779733657836914,0.6353279480054318,0.3646720519945682
survset:support2,DeepHit,1,42,6100,29.832868576049805,1,3.7416574954986572,0.987253510426638,0.012746489573361997,7.6157732009887695,0.9618353086229783,0.03816469137702172,15.779733657836914,0.6942767427116908,0.3057232572883092
survset:support2,DeepHit,1,42,4489,3.464101552963257,1,3.7416574954986572,0.5248225243654018,0.4751774756345982,7.6157732009887695,0.03186545268233153,0.9681345473176685,15.779733657836914,0.02075738725109249,0.9792426127489076
survset:support2,DeepHit,1,42,2571,7.0,1,3.7416574954986572,0.5188215079254135,0.4811784920745865,7.6157732009887695,0.026249670838444004,0.973750329161556,15.779733657836914,0.01729007644448381,0.9827099235555162
survset:support2,DeepHit,1,42,5269,2.6457512378692627,1,3.7416574954986572,0.4504848807517932,0.5495151192482068,7.6157732009887695,0.021895833591109255,0.9781041664088908,15.779733657836914,0.013672909115190283,0.9863270908848097
survset:support2,DeepHit,1,42,7942,27.477262496948242,1,3.7416574954986572,0.9968189539491689,0.003181046050831138,7.6157732009887695,0.9947305322980563,0.0052694677019436975,15.779733657836914,0.7664851982777275,0.23351480172227246
survset:support2,DeepHit,1,42,675,3.316624879837036,1,3.7416574954986572,0.5200045813646945,0.4799954186353055,7.6157732009887695,0.11728266434560844,0.8827173356543916,15.779733657836914,0.07872881533570447,0.9212711846642956
survset:support2,DeepHit,1,42,1848,30.72458267211914,1,3.7416574954986572,0.9754002564231812,0.024599743576818822,7.6157732009887695,0.9639033334744864,0.03609666652551358,15.779733657836914,0.7190022478063003,0.2809977521936997
survset:support2,DeepHit,1,42,5376,2.2360680103302,1,3.7416574954986572,0.4664649903259948,0.5335350096740052,7.6157732009887695,0.038886345684214764,0.9611136543157852,15.779733657836914,0.02439486137934639,0.9756051386206536
survset:support2,DeepHit,1,42,8638,29.832868576049805,0,3.7416574954986572,0.9942644729334962,0.0057355270665038205,7.6157732009887695,0.990840425034822,0.009159574965178052,15.779733657836914,0.8059938630822766,0.1940061369177234
survset:support2,DeepHit,1,42,8033,8.062257766723633,1,3.7416574954986572,0.9888262001871754,0.011173799812824625,7.6157732009887695,0.9702195972955858,0.029780402704414177,15.779733657836914,0.647643102301894,0.35235689769810596
survset:support2,DeepHit,1,42,8627,30.066593170166016,0,3.7416574954986572,0.9862233522580945,0.013776647741905457,7.6157732009887695,0.9647749217279049,0.03522507827209509,15.779733657836914,0.6571983120405219,0.3428016879594781
survset:support2,DeepHit,1,42,8269,25.768198013305664,1,3.7416574954986572,0.9918135455989625,0.00818645440103749,7.6157732009887695,0.9618162798110624,0.038183720188937564,15.779733657836914,0.6157296772752262,0.3842703227247738
survset:support2,DeepHit,1,42,8029,28.49561309814453,1,3.7416574954986572,0.9877784739172207,0.012221526082779266,7.6157732009887695,0.9739023881568163,0.02609761184318371,15.779733657836914,0.6512113623748933,0.3487886376251067
survset:support2,DeepHit,1,42,5514,2.2360680103302,1,3.7416574954986572,0.5108938125602004,0.4891061874397996,7.6157732009887695,0.015794734346500017,0.9842052656535,15.779733657836914,0.010298876894452299,0.9897011231055477
survset:support2,DeepHit,1,42,6734,32.98484420776367,0,3.7416574954986572,0.9910651430326133,0.008934856967386717,7.6157732009887695,0.985614122617841,0.014385877382159018,15.779733657836914,0.7991753085404248,0.20082469145957516
survset:support2,DeepHit,1,42,6616,3.0,1,3.7416574954986572,0.4308263714349085,0.5691736285650915,7.6157732009887695,0.027048268040094883,0.9729517319599051,15.779733657836914,0.013252929454823254,0.9867470705451767
survset:support2,DeepHit,1,42,4432,31.811946868896484,0,3.7416574954986572,0.997800219561487,0.002199780438512988,7.6157732009887695,0.9968262199079783,0.0031737800920217385,15.779733657836914,0.8701946453921836,0.1298053546078164
survset:support2,DeepHit,1,42,5935,44.090816497802734,0,3.7416574954986572,0.994129977191029,0.005870022808970976,7.6157732009887695,0.9898327590538157,0.010167240946184264,15.779733657836914,0.7032519186170245,0.2967480813829755
survset:support2,DeepHit,1,42,5503,22.203603744506836,0,3.7416574954986572,0.9974098259122516,0.0025901740877484203,7.6157732009887695,0.9943916062084469,0.00560839379155309,15.779733657836914,0.7616079258295995,0.23839207417040054
survset:support2,DeepHit,1,42,5937,17.6068172454834,1,3.7416574954986572,0.9932200075459242,0.006779992454075789,7.6157732009887695,0.9888950669798864,0.011104933020113616,15.779733657836914,0.8040882252396898,0.1959117747603102
survset:support2,DeepHit,1,42,4845,28.24889373779297,0,3.7416574954986572,0.9912227994672278,0.0087772005327722,7.6157732009887695,0.9792174276540703,0.02078257234592973,15.779733657836914,0.6299601534575434,0.3700398465424566
survset:support2,DeepHit,1,42,6845,31.811946868896484,0,3.7416574954986572,0.9897837242960201,0.010216275703979871,7.6157732009887695,0.9836515230279536,0.016348476972046444,15.779733657836914,0.7153327474553481,0.28466725254465186
survset:support2,DeepHit,1,42,1376,19.79899024963379,1,3.7416574954986572,0.9888974018433837,0.011102598156616295,7.6157732009887695,0.9779913886088626,0.02200861139113741,15.779733657836914,0.7135396747180116,0.2864603252819884
survset:support2,DeepHit,1,42,5017,11.313708305358887,1,3.7416574954986572,0.9879419643604168,0.012058035639583187,7.6157732009887695,0.9787555968105903,0.021244403189409677,15.779733657836914,0.7025371817316378,0.2974628182683622
survset:support2,DeepHit,1,42,2167,3.872983455657959,1,3.7416574954986572,0.39268033687598003,0.60731966312402,7.6157732009887695,0.031498194539047876,0.9685018054609521,15.779733657836914,0.015239707913033033,0.9847602920869669
survset:support2,DeepHit,1,42,8654,17.0880069732666,1,3.7416574954986572,0.9879220421036202,0.012077957896379776,7.6157732009887695,0.9702664788682535,0.029733521131746543,15.779733657836914,0.672472530093269,0.327527469906731
survset:support2,DeepHit,1,42,3351,3.872983455657959,1,3.7416574954986572,0.403767409992726,0.596232590007274,7.6157732009887695,0.025958739527087167,0.9740412604729128,15.779733657836914,0.01369231790248974,0.9863076820975103
survset:support2,DeepHit,1,42,2614,30.610456466674805,0,3.7416574954986572,0.9915568663169075,0.008443133683092463,7.6157732009887695,0.9791946558379651,0.020805344162034944,15.779733657836914,0.6562527868760079,0.34374721312399215
survset:support2,DeepHit,1,42,7722,18.973665237426758,0,3.7416574954986572,0.9789030182824284,0.021096981717571572,7.6157732009887695,0.968643640153635,0.03135635984636498,15.779733657836914,0.7438021509150038,0.2561978490849962
survset:support2,DeepHit,1,42,1879,11.789826393127441,1,3.7416574954986572,0.9753839493069264,0.0246160506930736,7.6157732009887695,0.9537657773499667,0.046234222650033296,15.779733657836914,0.6439366065360476,0.35606339346395244
survset:support2,DeepHit,1,42,5965,9.110433578491211,1,3.7416574954986572,0.9915215955563985,0.008478404443601484,7.6157732009887695,0.9810876989142989,0.018912301085701078,15.779733657836914,0.6150804538115522,0.3849195461884478
survset:support2,DeepHit,1,42,4486,27.513633728027344,1,3.7416574954986572,0.9883316904706949,0.011668309529305088,7.6157732009887695,0.9561291308853793,0.04387086911462068,15.779733657836914,0.6754558574892761,0.32454414251072394
survset:support2,DeepHit,1,42,4078,2.2360680103302,1,3.7416574954986572,0.45918942040396915,0.5408105795960308,7.6157732009887695,0.0697151477060569,0.9302848522939431,15.779733657836914,0.04543521627093651,0.9545647837290635
survset:support2,DeepHit,1,42,4599,2.6457512378692627,1,3.7416574954986572,0.4826887376927124,0.5173112623072875,7.6157732009887695,0.0422645595236768,0.9577354404763232,15.779733657836914,0.033389241265208244,0.9666107587347917
survset:support2,DeepHit,1,42,5692,20.29778289794922,0,3.7416574954986572,0.9944179477696464,0.0055820522303535736,7.6157732009887695,0.9927376462030958,0.0072623537969042085,15.779733657836914,0.8362005881885106,0.16379941181148938
survset:support2,DeepHit,1,42,2793,22.912878036499023,1,3.7416574954986572,0.9874040276867851,0.012595972313214854,7.6157732009887695,0.9703379323507336,0.029662067649266377,15.779733657836914,0.6457967116749698,0.35420328832503023
survset:support2,DeepHit,1,42,5200,24.979991912841797,0,3.7416574954986572,0.9975822599014139,0.0024177400985860853,7.6157732009887695,0.9963000972522105,0.0036999027477895297,15.779733657836914,0.828153021249916,0.17184697875008403
survset:support2,DeepHit,1,42,4414,11.958260536193848,1,3.7416574954986572,0.9865055857679564,0.013494414232043561,7.6157732009887695,0.9774110544337746,0.02258894556622537,15.779733657836914,0.7308900120546307,0.26910998794536933
survset:support2,DeepHit,1,42,5522,21.97726058959961,0,3.7416574954986572,0.9870769774989094,0.012923022501090564,7.6157732009887695,0.9750770433242871,0.02492295667571287,15.779733657836914,0.6741572838220035,0.32584271617799654
survset:support2,DeepHit,1,42,3096,22.181072235107422,0,3.7416574954986572,0.9936813206000521,0.006318679399947902,7.6157732009887695,0.99151746991572,0.008482530084280016,15.779733657836914,0.8155566435493597,0.18444335645064025
survset:support2,DeepHit,1,42,6375,40.0,0,3.7416574954986572,0.9952100263709026,0.004789973629097388,7.6157732009887695,0.9937944388818547,0.006205561118145297,15.779733657836914,0.8315913977999296,0.16840860220007037
survset:support2,DeepHit,1,42,7201,27.312999725341797,0,3.7416574954986572,0.9890135432709385,0.010986456729061511,7.6157732009887695,0.975545280963061,0.024454719036938966,15.779733657836914,0.6813542657028352,0.3186457342971648
survset:support2,DeepHit,1,42,6831,2.0,1,3.7416574954986572,0.5005344653691107,0.4994655346308893,7.6157732009887695,0.05760489015808898,0.942395109841911,15.779733657836914,0.04184086365185653,0.9581591363481434
survset:support2,DeepHit,1,42,3720,5.5677642822265625,1,3.7416574954986572,0.5663382755453099,0.4336617244546901,7.6157732009887695,0.038894191306367905,0.961105808693632,15.779733657836914,0.027378559741942077,0.972621440258058
survset:support2,DeepHit,1,42,3677,4.358899116516113,1,3.7416574954986572,0.4796780542566186,0.5203219457433814,7.6157732009887695,0.024992723984230716,0.9750072760157693,15.779733657836914,0.014012499589220424,0.9859875004107795
survset:support2,DeepHit,1,42,2121,10.630146026611328,1,3.7416574954986572,0.9960342185285057,0.00396578147149429,7.6157732009887695,0.991711938842335,0.008288061157665005,15.779733657836914,0.7416393490533734,0.25836065094662664
survset:support2,DeepHit,1,42,5086,26.0,0,3.7416574954986572,0.9963703511694286,0.0036296488305713748,7.6157732009887695,0.9944384741564423,0.005561525843557735,15.779733657836914,0.7948443792890115,0.20515562071098847
survset:support2,DeepHit,1,42,7012,24.0,1,3.7416574954986572,0.9945433652349736,0.005456634765026447,7.6157732009887695,0.9902715456445644,0.009728454355435567,15.779733657836914,0.7582437586192512,0.2417562413807488
survset:support2,DeepHit,1,42,2347,3.0,1,3.7416574954986572,0.3945425181494792,0.6054574818505207,7.6157732009887695,0.05643922291192447,0.9435607770880755,15.779733657836914,0.045901147247729986,0.95409885275227
survset:support2,DeepHit,1,42,8751,4.0,1,3.7416574954986572,0.41873760885749983,0.5812623911425001,7.6157732009887695,0.031362843162168086,0.9686371568378319,15.779733657836914,0.02190995008780277,0.9780900499121973
survset:support2,DeepHit,1,42,4031,4.123105525970459,1,3.7416574954986572,0.4355354069548146,0.5644645930451855,7.6157732009887695,0.05103826095882988,0.9489617390411701,15.779733657836914,0.02754921209109894,0.972450787908901
survset:support2,DeepHit,1,42,1644,44.69899368286133,0,3.7416574954986572,0.9904843427176164,0.009515657282383572,7.6157732009887695,0.9850348882670047,0.014965111732995307,15.779733657836914,0.7160589834768359,0.28394101652316406
survset:support2,DeepHit,1,42,6730,12.767145156860352,1,3.7416574954986572,0.9933418480110681,0.006658151988931937,7.6157732009887695,0.9843660833188188,0.015633916681181192,15.779733657836914,0.6961568583820255,0.30384314161797454
survset:support2,DeepHit,1,42,4494,5.385164737701416,1,3.7416574954986572,0.5321993986200916,0.4678006013799084,7.6157732009887695,0.032875417580751194,0.9671245824192488,15.779733657836914,0.02425353417311743,0.9757464658268826
survset:support2,DeepHit,1,42,1456,4.898979663848877,1,3.7416574954986572,0.3959114872124603,0.6040885127875397,7.6157732009887695,0.02327101130050039,0.9767289886994996,15.779733657836914,0.017227919356122463,0.9827720806438776
survset:support2,DeepHit,1,42,8063,5.4772257804870605,1,3.7416574954986572,0.5909235382621003,0.4090764617378997,7.6157732009887695,0.06805546922755268,0.9319445307724473,15.779733657836914,0.055975739306191596,0.9440242606938084
survset:support2,DeepHit,1,42,5626,18.681541442871094,1,3.7416574954986572,0.9862277303742165,0.013772269625783484,7.6157732009887695,0.9745221689432363,0.02547783105676371,15.779733657836914,0.6938013866372619,0.3061986133627381
survset:support2,DeepHit,1,42,4698,2.8284270763397217,1,3.7416574954986572,0.5114808354595053,0.4885191645404947,7.6157732009887695,0.02007588639250505,0.979924113607495,15.779733657836914,0.015446134300839685,0.9845538656991604
survset:support2,DeepHit,1,42,2617,15.0,1,3.7416574954986572,0.990666040404603,0.009333959595396957,7.6157732009887695,0.9829568187255778,0.01704318127442217,15.779733657836914,0.7686094799696317,0.2313905200303683
survset:support2,DeepHit,1,42,6593,2.4494898319244385,1,3.7416574954986572,0.4988100116472635,0.5011899883527364,7.6157732009887695,0.042138090369373674,0.9578619096306263,15.779733657836914,0.022046350845366595,0.9779536491546335
survset:support2,DeepHit,1,42,7367,25.01999282836914,0,3.7416574954986572,0.9965960392814073,0.0034039607185927245,7.6157732009887695,0.9950690960844166,0.004930903915583373,15.779733657836914,0.788357398009998,0.21164260199000196
survset:support2,DeepHit,1,42,5811,5.099019527435303,1,3.7416574954986572,0.479737432511518,0.520262567488482,7.6157732009887695,0.041722208042293187,0.9582777919577068,15.779733657836914,0.03178940552744701,0.968210594472553
survset:support2,DeepHit,1,42,7712,18.574174880981445,1,3.7416574954986572,0.9803548546420441,0.019645145357955918,7.6157732009887695,0.9561247412593067,0.04387525874069331,15.779733657836914,0.6949436574809946,0.3050563425190054
survset:support2,DeepHit,1,42,1714,44.10215377807617,0,3.7416574954986572,0.9968286287238197,0.0031713712761802793,7.6157732009887695,0.9940159609808751,0.00598403901912492,15.779733657836914,0.7851285039826471,0.2148714960173529
survset:support2,DeepHit,1,42,5702,5.099019527435303,1,3.7416574954986572,0.6184290824726097,0.38157091752739025,7.6157732009887695,0.01790475510786798,0.9820952448921321,15.779733657836914,0.01283941404958176,0.9871605859504182
survset:support2,DeepHit,1,42,8124,18.384777069091797,1,3.7416574954986572,0.9927074470535854,0.007292552946414621,7.6157732009887695,0.9876340831820017,0.012365916817998257,15.779733657836914,0.7114209825902482,0.2885790174097518
survset:support2,DeepHit,1,42,4556,4.0,1,3.7416574954986572,0.5248349597330622,0.47516504026693784,7.6157732009887695,0.017663769523202606,0.9823362304767974,15.779733657836914,0.010066705054378192,0.9899332949456218
survset:support2,DeepHit,1,42,953,31.28897476196289,0,3.7416574954986572,0.9940201177574918,0.005979882242508228,7.6157732009887695,0.9893727639060057,0.010627236093994297,15.779733657836914,0.8047958278863595,0.1952041721136405
survset:support2,DeepHit,1,42,5892,19.339078903198242,1,3.7416574954986572,0.9904719902078458,0.00952800979215418,7.6157732009887695,0.9820655506274487,0.017934449372551287,15.779733657836914,0.6749266268766205,0.32507337312337947
survset:support2,DeepHit,1,42,4214,3.1622776985168457,1,3.7416574954986572,0.4516738282095949,0.5483261717904051,7.6157732009887695,0.041043905598210084,0.9589560944017899,15.779733657836914,0.023281956302011044,0.976718043697989
survset:support2,DeepHit,1,42,8709,11.224971771240234,1,3.7416574954986572,0.9879251018832153,0.012074898116784749,7.6157732009887695,0.9760148163216165,0.023985183678383537,15.779733657836914,0.7535396538296644,0.24646034617033563
survset:support2,DeepHit,1,42,8025,5.196152210235596,1,3.7416574954986572,0.4875585164926789,0.5124414835073211,7.6157732009887695,0.03676195201930316,0.9632380479806968,15.779733657836914,0.0208681178406549,0.9791318821593451
survset:support2,DeepHit,1,42,487,9.643651008605957,1,3.7416574954986572,0.9921566783664446,0.007843321633555389,7.6157732009887695,0.9866037572909744,0.013396242709025619,15.779733657836914,0.7415826128407204,0.25841738715927964
survset:support2,DeepHit,1,42,5377,1.7320507764816284,1,3.7416574954986572,0.4605871135929816,0.5394128864070185,7.6157732009887695,0.02946826482492273,0.9705317351750773,15.779733657836914,0.019476826619819254,0.9805231733801807
survset:support2,DeepHit,1,42,3863,40.199501037597656,0,3.7416574954986572,0.9765048960198668,0.023495103980133214,7.6157732009887695,0.9603671720533293,0.03963282794667067,15.779733657836914,0.7995453197764396,0.2004546802235604
survset:support2,DeepHit,1,42,2306,14.0,1,3.7416574954986572,0.9918424932635882,0.008157506736411801,7.6157732009887695,0.9852297166933789,0.014770283306621113,15.779733657836914,0.6916598783307006,0.30834012166929936
survset:support2,DeepHit,1,42,7794,5.5677642822265625,1,3.7416574954986572,0.580540942821546,0.419459057178454,7.6157732009887695,0.042883310850526116,0.9571166891494739,15.779733657836914,0.023011468723554352,0.9769885312764457
survset:support2,DeepHit,1,42,1626,13.266499519348145,1,3.7416574954986572,0.9853857341529794,0.014614265847020635,7.6157732009887695,0.9704249739065485,0.02957502609345153,15.779733657836914,0.7152130749765349,0.28478692502346514
survset:support2,DeepHit,1,42,609,2.4494898319244385,1,3.7416574954986572,0.4748408389302504,0.5251591610697496,7.6157732009887695,0.018368225813442007,0.981631774186558,15.779733657836914,0.009933039529449898,0.9900669604705501
survset:support2,DeepHit,1,42,8353,37.2827033996582,0,3.7416574954986572,0.9908478291247323,0.009152170875267651,7.6157732009887695,0.9849454978276642,0.015054502172335837,15.779733657836914,0.765787338958753,0.23421266104124705
survset:support2,DeepHit,1,42,6190,2.8284270763397217,1,3.7416574954986572,0.45415728219381174,0.5458427178061882,7.6157732009887695,0.034216881762746974,0.965783118237253,15.779733657836914,0.024819379682759966,0.9751806203172401
survset:support2,DeepHit,1,42,8755,10.954451560974121,1,3.7416574954986572,0.9931971634410098,0.006802836558990166,7.6157732009887695,0.9875055016298213,0.012494498370178686,15.779733657836914,0.6776224304985762,0.3223775695014238
survset:support2,DeepHit,1,42,7420,24.433584213256836,0,3.7416574954986572,0.9921570009501655,0.007842999049834543,7.6157732009887695,0.985808911516791,0.014191088483209047,15.779733657836914,0.8050550333147979,0.19494496668520211
survset:support2,DeepHit,1,42,2845,27.312999725341797,0,3.7416574954986572,0.9918023288144849,0.008197671185515065,7.6157732009887695,0.9845487528990975,0.01545124710090251,15.779733657836914,0.669918035480348,0.330081964519652
survset:support2,DeepHit,1,42,4883,21.260292053222656,1,3.7416574954986572,0.9965316788540014,0.0034683211459985985,7.6157732009887695,0.9868278324511282,0.01317216754887185,15.779733657836914,0.7183951993879012,0.2816048006120988
survset:support2,DeepHit,1,42,5392,4.358899116516113,1,3.7416574954986572,0.5046703409012356,0.49532965909876436,7.6157732009887695,0.023379990082018555,0.9766200099179815,15.779733657836914,0.014325144490563194,0.9856748555094368
survset:support2,DeepHit,1,42,1989,15.748015403747559,1,3.7416574954986572,0.9924034449634817,0.007596555036518349,7.6157732009887695,0.9888620592305023,0.0111379407694977,15.779733657836914,0.7206648799965849,0.2793351200034151
survset:support2,DeepHit,1,42,7552,22.113344192504883,0,3.7416574954986572,0.9976605357565276,0.002339464243472422,7.6157732009887695,0.9941783663106256,0.005821633689374384,15.779733657836914,0.7710001616068971,0.2289998383931029
survset:support2,DeepHit,1,42,8847,5.291502475738525,1,3.7416574954986572,0.5229839716397775,0.4770160283602225,7.6157732009887695,0.013241737445657811,0.9867582625543422,15.779733657836914,0.0069696443109169585,0.993030355689083
survset:support2,DeepHit,1,42,3527,43.08131790161133,0,3.7416574954986572,0.9952135169394019,0.004786483060598146,7.6157732009887695,0.9933293826398341,0.006670617360165942,15.779733657836914,0.8283794730537333,0.17162052694626673
survset:support2,DeepHit,1,42,6114,3.0,1,3.7416574954986572,0.4713526609846909,0.528647339015309,7.6157732009887695,0.059103718480572706,0.9408962815194273,15.779733657836914,0.039711595464962945,0.960288404535037
survset:support2,DeepHit,1,42,3455,43.71498489379883,0,3.7416574954986572,0.9897316408191623,0.010268359180837683,7.6157732009887695,0.9804950757347508,0.01950492426524919,15.779733657836914,0.780244981030174,0.21975501896982597
survset:support2,DeepHit,1,42,7319,25.63201141357422,0,3.7416574954986572,0.9905656775828643,0.00943432241713571,7.6157732009887695,0.9807507397575527,0.01924926024244733,15.779733657836914,0.7152315820972758,0.2847684179027242
survset:support2,DeepHit,1,42,3327,2.4494898319244385,1,3.7416574954986572,0.5243584274813969,0.47564157251860306,7.6157732009887695,0.048252984988914685,0.9517470150110853,15.779733657836914,0.034795729826449816,0.9652042701735501
survset:support2,DeepHit,1,42,1789,4.123105525970459,1,3.7416574954986572,0.4825057087822264,0.5174942912177736,7.6157732009887695,0.04267215380813512,0.9573278461918648,15.779733657836914,0.02734878832607545,0.9726512116739245
survset:support2,DeepHit,1,42,5062,26.267850875854492,0,3.7416574954986572,0.9924116594136203,0.007588340586379694,7.6157732009887695,0.9904028769281804,0.009597123071819591,15.779733657836914,0.7530651629721955,0.2469348370278045
survset:support2,DeepHit,1,42,2217,36.592350006103516,1,3.7416574954986572,0.9884540700717739,0.011545929928226117,7.6157732009887695,0.9513276663555221,0.04867233364447787,15.779733657836914,0.6482513189183292,0.3517486810816708
survset:support2,DeepHit,1,42,6628,6.633249759674072,1,3.7416574954986572,0.5580302917923606,0.44196970820763937,7.6157732009887695,0.022273791050884454,0.9777262089491155,15.779733657836914,0.012545302670370344,0.9874546973296296
survset:support2,DeepHit,1,42,8658,29.46183967590332,0,3.7416574954986572,0.9904635942180031,0.009536405781996882,7.6157732009887695,0.9836263547643815,0.01637364523561846,15.779733657836914,0.702932030470471,0.29706796952952896
survset:support2,DeepHit,1,42,5013,26.645824432373047,0,3.7416574954986572,0.9922240157329184,0.007775984267081593,7.6157732009887695,0.986018039981371,0.013981960018628947,15.779733657836914,0.7213396120729514,0.2786603879270486
survset:support2,DeepHit,1,42,3700,41.7971305847168,0,3.7416574954986572,0.9982680000599113,0.0017319999400886577,7.6157732009887695,0.9977499814254525,0.002250018574547541,15.779733657836914,0.8936038395571417,0.10639616044285827
survset:support2,DeepHit,1,42,4991,26.851442337036133,0,3.7416574954986572,0.9939342377143243,0.00606576228567568,7.6157732009887695,0.9903326238566038,0.009667376143396189,15.779733657836914,0.7545060600095786,0.24549393999042135
survset:support2,DeepHit,1,42,4911,13.856406211853027,1,3.7416574954986572,0.9949651580920481,0.0050348419079518925,7.6157732009887695,0.9910703836447047,0.008929616355295322,15.779733657836914,0.737751387940287,0.26224861205971295
survset:support2,DeepHit,1,42,4923,8.124038696289062,1,3.7416574954986572,0.9897775944593219,0.010222405540678103,7.6157732009887695,0.9714911206730475,0.028508879326952452,15.779733657836914,0.7066931023161338,0.2933068976838662
survset:support2,DeepHit,1,42,1985,32.202484130859375,1,3.7416574954986572,0.994913278543757,0.005086721456243004,7.6157732009887695,0.9878237978233413,0.012176202176658713,15.779733657836914,0.6844093404619197,0.3155906595380803
survset:support2,DeepHit,1,42,8718,25.826343536376953,1,3.7416574954986572,0.9931051868408377,0.006894813159162294,7.6157732009887695,0.9845248734198486,0.015475126580151377,15.779733657836914,0.6327956910595359,0.3672043089404641
survset:support2,DeepHit,1,42,2370,2.2360680103302,1,3.7416574954986572,0.5448832194523531,0.4551167805476469,7.6157732009887695,0.04909555396777518,0.9509044460322248,15.779733657836914,0.033298539647176204,0.9667014603528238
survset:support2,DeepHit,1,42,2093,4.582575798034668,1,3.7416574954986572,0.546129250045828,0.453870749954172,7.6157732009887695,0.024816734094061474,0.9751832659059385,15.779733657836914,0.017809688525979014,0.982190311474021
survset:support2,DeepHit,1,42,5213,2.0,1,3.7416574954986572,0.4219627629822716,0.5780372370177285,7.6157732009887695,0.07402037578143204,0.9259796242185679,15.779733657836914,0.05718545471575137,0.9428145452842487
survset:support2,DeepHit,1,42,5786,18.84144401550293,0,3.7416574954986572,0.9866031559395719,0.01339684406042807,7.6157732009887695,0.9803112222244404,0.01968877777555955,15.779733657836914,0.6977679397429127,0.30223206025708726
survset:support2,DeepHit,1,42,1994,4.358899116516113,1,3.7416574954986572,0.47789644427988964,0.5221035557201104,7.6157732009887695,0.16855463630105447,0.8314453636989455,15.779733657836914,0.09277484106902681,0.9072251589309732
survset:support2,DeepHit,1,42,7283,19.84943389892578,1,3.7416574954986572,0.9896766848274472,0.010323315172552805,7.6157732009887695,0.9773304347786828,0.022669565221317245,15.779733657836914,0.7475058475703211,0.2524941524296789
survset:support2,DeepHit,1,42,5276,12.449899673461914,1,3.7416574954986572,0.9958046793729497,0.004195320627050303,7.6157732009887695,0.9879584133025759,0.012041586697424056,15.779733657836914,0.6414112882200724,0.35858871177992757
survset:support2,DeepHit,1,42,6703,2.0,1,3.7416574954986572,0.4345479156721937,0.5654520843278064,7.6157732009887695,0.08789331189848486,0.9121066881015152,15.779733657836914,0.07438476859043598,0.925615231409564
survset:support2,DeepHit,1,42,5533,21.817424774169922,0,3.7416574954986572,0.9971139354676174,0.002886064532382604,7.6157732009887695,0.995498028022804,0.00450197197719604,15.779733657836914,0.8168805471147683,0.18311945288523168
survset:support2,DeepHit,1,42,8232,9.273618698120117,1,3.7416574954986572,0.9924425270984906,0.007557472901509432,7.6157732009887695,0.9870917954334907,0.012908204566509318,15.779733657836914,0.7228475873582493,0.2771524126417507
survset:support2,DeepHit,1,42,3025,12.165525436401367,1,3.7416574954986572,0.9909779914420593,0.009022008557940664,7.6157732009887695,0.9801172931098108,0.019882706890189228,15.779733657836914,0.6606341404201985,0.3393658595798015
survset:support2,DeepHit,1,42,43,44.78839111328125,0,3.7416574954986572,0.9947791287984615,0.005220871201538468,7.6157732009887695,0.9915165811146573,0.008483418885342653,15.779733657836914,0.7696931747517439,0.23030682524825608
survset:support2,DeepHit,1,42,8918,5.291502475738525,1,3.7416574954986572,0.5505819131108269,0.44941808688917306,7.6157732009887695,0.03970860635522297,0.960291393644777,15.779733657836914,0.026047063121180835,0.9739529368788191
survset:support2,DeepHit,1,42,3260,41.964271545410156,1,3.7416574954986572,0.9913434929386604,0.00865650706133958,7.6157732009887695,0.9852138303616613,0.014786169638338675,15.779733657836914,0.7652986701018901,0.23470132989810988
survset:support2,DeepHit,1,42,3844,3.605551242828369,1,3.7416574954986572,0.5469694019091399,0.4530305980908601,7.6157732009887695,0.021476598753952112,0.9785234012460479,15.779733657836914,0.011852921292091926,0.9881470787079081
survset:support2,DeepHit,1,42,1393,10.198039054870605,1,3.7416574954986572,0.987121543143879,0.01287845685612099,7.6157732009887695,0.9727110768108909,0.027288923189109138,15.779733657836914,0.6688715643068295,0.3311284356931705
survset:support2,DeepHit,1,42,3882,24.576412200927734,1,3.7416574954986572,0.9922342486075535,0.007765751392446507,7.6157732009887695,0.9868871508978702,0.013112849102129842,15.779733657836914,0.7416912545845128,0.2583087454154872
survset:support2,DeepHit,1,42,1404,23.280893325805664,0,3.7416574954986572,0.9809418916151165,0.019058108384883532,7.6157732009887695,0.9543203311839162,0.04567966881608376,15.779733657836914,0.7040008775125216,0.2959991224874784
survset:support2,DeepHit,1,42,2718,10.954451560974121,1,3.7416574954986572,0.9929731770489361,0.007026822951063938,7.6157732009887695,0.98787490540723,0.012125094592770003,15.779733657836914,0.7860310137404385,0.2139689862595615
survset:support2,DeepHit,1,42,8115,28.861740112304688,1,3.7416574954986572,0.987746467643519,0.012253532356480967,7.6157732009887695,0.9686183748445761,0.031381625155423865,15.779733657836914,0.7191973494220195,0.2808026505779805
survset:support2,DeepHit,1,42,1042,29.866369247436523,0,3.7416574954986572,0.9888323001608313,0.011167699839168654,7.6157732009887695,0.9750367274768267,0.02496327252317332,15.779733657836914,0.6241266000443099,0.37587339995569014
survset:support2,DeepHit,1,42,245,2.8284270763397217,1,3.7416574954986572,0.4134003970186593,0.5865996029813407,7.6157732009887695,0.028799860845596187,0.9712001391544038,15.779733657836914,0.02093638184336478,0.9790636181566352
survset:support2,DeepHit,1,42,2400,33.30165100097656,1,3.7416574954986572,0.9868751886135585,0.013124811386441504,7.6157732009887695,0.9792304742012699,0.02076952579873015,15.779733657836914,0.7193614708887025,0.2806385291112975
survset:support2,DeepHit,1,42,5064,26.229753494262695,0,3.7416574954986572,0.9942730529459307,0.005726947054069287,7.6157732009887695,0.9874940897023338,0.012505910297666234,15.779733657836914,0.7293821269381969,0.27061787306180307
survset:support2,DeepHit,1,42,3403,8.66025447845459,1,3.7416574954986572,0.987725109360438,0.012274890639561997,7.6157732009887695,0.9603943380568813,0.03960566194311865,15.779733657836914,0.6113202208697951,0.3886797791302049
survset:support2,DeepHit,1,42,4136,3.1622776985168457,1,3.7416574954986572,0.4461336615837429,0.5538663384162571,7.6157732009887695,0.030450573088098964,0.969549426911901,15.779733657836914,0.020681807545654508,0.9793181924543455
survset:support2,DeepHit,1,42,7646,5.656854152679443,1,3.7416574954986572,0.558514687498588,0.441485312501412,7.6157732009887695,0.05637799066950456,0.9436220093304954,15.779733657836914,0.0293382729433695,0.9706617270566305
survset:support2,DeepHit,1,42,7781,33.941123962402344,1,3.7416574954986572,0.9908286305142668,0.00917136948573316,7.6157732009887695,0.9827096098983937,0.017290390101606268,15.779733657836914,0.7561408798753796,0.2438591201246204
survset:support2,DeepHit,1,42,3097,22.158519744873047,0,3.7416574954986572,0.99386063000494,0.00613936999506004,7.6157732009887695,0.9892159514521616,0.010784048547838432,15.779733657836914,0.7213300408567045,0.2786699591432955
survset:support2,DeepHit,1,42,434,24.392621994018555,1,3.7416574954986572,0.9899644214838312,0.010035578516168764,7.6157732009887695,0.9804635192401059,0.019536480759894115,15.779733657836914,0.7088226925094466,0.29117730749055337
survset:support2,DeepHit,1,42,2837,27.440845489501953,0,3.7416574954986572,0.9933099380587661,0.0066900619412338935,7.6157732009887695,0.9882072416961347,0.01179275830386528,15.779733657836914,0.7928310319334103,0.2071689680665897
survset:support2,DeepHit,1,42,6092,36.91883087158203,1,3.7416574954986572,0.9940852289991164,0.005914771000883556,7.6157732009887695,0.9838955595732619,0.016104440426738087,15.779733657836914,0.7221937119055342,0.27780628809446584
survset:support2,DeepHit,1,42,7663,7.6157732009887695,1,3.7416574954986572,0.5088162929758138,0.49118370702418623,7.6157732009887695,0.030049776763207574,0.9699502232367925,15.779733657836914,0.014187902289436852,0.9858120977105631
survset:support2,DeepHit,1,42,1608,4.242640495300293,1,3.7416574954986572,0.5005312032590534,0.4994687967409466,7.6157732009887695,0.03467109921941408,0.9653289007805859,15.779733657836914,0.018460667698681023,0.981539332301319
survset:support2,DeepHit,1,42,7152,27.838821411132812,0,3.7416574954986572,0.9878715952874224,0.01212840471257759,7.6157732009887695,0.9773962620019383,0.0226037379980617,15.779733657836914,0.702402048814999,0.297597951185001
survset:support2,DeepHit,1,42,6370,40.06245040893555,0,3.7416574954986572,0.9880008620431,0.011999137956899997,7.6157732009887695,0.9775223211252146,0.022477678874785356,15.779733657836914,0.7628535980226906,0.2371464019773094
survset:support2,DeepHit,1,42,2134,39.4461669921875,0,3.7416574954986572,0.9810446954127394,0.01895530458726058,7.6157732009887695,0.9674314000201517,0.03256859997984829,15.779733657836914,0.6817446781026297,0.31825532189737027
survset:support2,DeepHit,1,42,4373,32.24903106689453,0,3.7416574954986572,0.9957675935348236,0.004232406465176419,7.6157732009887695,0.9921375515276699,0.007862448472330086,15.779733657836914,0.7553942197669475,0.24460578023305246
survset:support2,DeepHit,1,42,1953,3.1622776985168457,1,3.7416574954986572,0.4845779585556195,0.5154220414443804,7.6157732009887695,0.028137132126686976,0.971862867873313,15.779733657836914,0.018595830285138403,0.9814041697148616
survset:support2,DeepHit,1,42,4070,37.93415451049805,0,3.7416574954986572,0.9858250365661047,0.014174963433895349,7.6157732009887695,0.9759421799250381,0.024057820074961933,15.779733657836914,0.7108936943072397,0.2891063056927603
survset:support2,DeepHit,1,42,9050,3.1622776985168457,1,3.7416574954986572,0.4622533458301009,0.5377466541698991,7.6157732009887695,0.021035498376191217,0.9789645016238088,15.779733657836914,0.01365018720183385,0.9863498127981661
survset:support2,DeepHit,1,42,2713,5.385164737701416,1,3.7416574954986572,0.5536673574445203,0.44633264255547966,7.6157732009887695,0.052610645374787136,0.9473893546252129,15.779733657836914,0.03391891158082035,0.9660810884191796
survset:support2,DeepHit,1,42,2314,9.0,1,3.7416574954986572,0.9899966514900221,0.01000334850997786,7.6157732009887695,0.9837312614109394,0.01626873858906064,15.779733657836914,0.7103731557588835,0.2896268442411165
survset:support2,DeepHit,1,42,4871,4.358899116516113,1,3.7416574954986572,0.5451215374045458,0.45487846259545417,7.6157732009887695,0.02631201621897798,0.9736879837810221,15.779733657836914,0.019477979160318026,0.980522020839682
survset:support2,DeepHit,1,42,5054,26.28687858581543,0,3.7416574954986572,0.9966857064569756,0.0033142935430243714,7.6157732009887695,0.9950360377971841,0.004963962202815919,15.779733657836914,0.7627359375374191,0.23726406246258092
survset:support2,DeepHit,1,42,5673,20.4939022064209,0,3.7416574954986572,0.995292967263287,0.004707032736713024,7.6157732009887695,0.9911944641770589,0.00880553582294108,15.779733657836914,0.7704524892972725,0.2295475107027275
survset:support2,DeepHit,1,42,8152,2.0,1,3.7416574954986572,0.45649224438183217,0.5435077556181678,7.6157732009887695,0.04796603993744089,0.9520339600625591,15.779733657836914,0.03975430342964704,0.960245696570353
survset:support2,DeepHit,1,42,4850,2.4494898319244385,1,3.7416574954986572,0.4800860811787608,0.5199139188212392,7.6157732009887695,0.019112378099327757,0.9808876219006722,15.779733657836914,0.01110911840816567,0.9888908815918344
survset:support2,DeepHit,1,42,5589,13.856406211853027,1,3.7416574954986572,0.9923253457057648,0.007674654294235195,7.6157732009887695,0.9816971227329013,0.01830287726709867,15.779733657836914,0.6776446262943873,0.32235537370561274
survset:support2,DeepHit,1,42,7171,22.649503707885742,1,3.7416574954986572,0.9962420553693024,0.003757944630697563,7.6157732009887695,0.9911903805824331,0.00880961941756686,15.779733657836914,0.6878111038043703,0.31218889619562973
survset:support2,DeepHit,1,42,2911,26.07680892944336,0,3.7416574954986572,0.9946392502147849,0.005360749785215058,7.6157732009887695,0.9917376796758454,0.008262320324154637,15.779733657836914,0.7573796892969994,0.2426203107030006
survset:support2,DeepHit,1,42,4788,8.306623458862305,1,3.7416574954986572,0.9777063062101304,0.022293693789869562,7.6157732009887695,0.957193045200026,0.042806954799973984,15.779733657836914,0.7116871638269767,0.2883128361730233
survset:support2,DeepHit,1,42,1369,13.114876747131348,1,3.7416574954986572,0.985112285650545,0.014887714349455017,7.6157732009887695,0.9652248345364814,0.034775165463518554,15.779733657836914,0.7184541060245228,0.28154589397547725
survset:support2,DeepHit,1,42,4811,3.316624879837036,1,3.7416574954986572,0.603428692032128,0.396571307967872,7.6157732009887695,0.0675246116324238,0.9324753883675762,15.779733657836914,0.03794934849864512,0.9620506515013549
survset:support2,DeepHit,1,42,8901,11.090536117553711,1,3.7416574954986572,0.9928348185923949,0.007165181407605137,7.6157732009887695,0.9891930152595021,0.010806984740497905,15.779733657836914,0.7202622380553462,0.27973776194465383
survset:support2,DeepHit,1,42,573,39.34463119506836,0,3.7416574954986572,0.9964015629625157,0.0035984370374843033,7.6157732009887695,0.9950974077081008,0.004902592291899155,15.779733657836914,0.8165050740814421,0.18349492591855787
survset:support2,DeepHit,1,42,7711,2.4494898319244385,1,3.7416574954986572,0.5304758605026391,0.46952413949736094,7.6157732009887695,0.022282514336710732,0.9777174856632893,15.779733657836914,0.01654585313690994,0.9834541468630901
survset:support2,DeepHit,1,42,593,14.73091983795166,1,3.7416574954986572,0.9972542006125248,0.002745799387475212,7.6157732009887695,0.9941164393136837,0.005883560686316347,15.779733657836914,0.7994905292060297,0.2005094707939703
survset:support2,DeepHit,1,42,69,44.5421142578125,0,3.7416574954986572,0.9944055362063035,0.005594463793696547,7.6157732009887695,0.9863944633378414,0.01360553666215858,15.779733657836914,0.7215607301885881,0.27843926981141187
survset:support2,DeepHit,1,42,3496,11.269427299499512,1,3.7416574954986572,0.9848577512172471,0.015142248782752943,7.6157732009887695,0.9640766466992129,0.03592335330078711,15.779733657836914,0.7005254604410975,0.29947453955890246
survset:support2,DeepHit,1,42,359,23.706539154052734,1,3.7416574954986572,0.9919577377048675,0.008042262295132496,7.6157732009887695,0.9810289150545446,0.018971084945455408,15.779733657836914,0.7590449954810607,0.24095500451893925
survset:support2,DeepHit,1,42,3233,3.872983455657959,1,3.7416574954986572,0.5497737560324049,0.45022624396759514,7.6157732009887695,0.04402889328449028,0.9559711067155097,15.779733657836914,0.01905070951401017,0.9809492904859898
survset:support2,DeepHit,1,42,2839,4.898979663848877,1,3.7416574954986572,0.5177434741809793,0.4822565258190207,7.6157732009887695,0.032383173793393095,0.9676168262066069,15.779733657836914,0.023278650772840987,0.976721349227159
survset:support2,DeepHit,1,42,3607,42.46174621582031,0,3.7416574954986572,0.9896129895765302,0.010387010423469789,7.6157732009887695,0.9861485971507694,0.013851402849230587,15.779733657836914,0.7852158753595426,0.21478412464045737
survset:support2,DeepHit,1,42,7915,42.95346450805664,0,3.7416574954986572,0.9902464698444631,0.009753530155536927,7.6157732009887695,0.981695885995725,0.018304114004275007,15.779733657836914,0.7354342008175873,0.26456579918241274
survset:support2,DeepHit,1,42,6763,19.92485809326172,1,3.7416574954986572,0.9940149886720332,0.005985011327966805,7.6157732009887695,0.9892908671082458,0.010709132891754236,15.779733657836914,0.7622437519733886,0.23775624802661144
survset:support2,DeepHit,1,42,5435,23.0,0,3.7416574954986572,0.9974045842701769,0.002595415729823136,7.6157732009887695,0.9949921387136579,0.005007861286342119,15.779733657836914,0.8016044679130612,0.19839553208693883
survset:support2,DeepHit,1,42,5536,12.328827857971191,1,3.7416574954986572,0.9923953187503012,0.007604681249698819,7.6157732009887695,0.981635595303096,0.018364404696904035,15.779733657836914,0.7069865980824969,0.29301340191750314
survset:support2,DeepHit,1,42,6158,18.601076126098633,1,3.7416574954986572,0.9873838956927073,0.012616104307292653,7.6157732009887695,0.9790027363702252,0.02099726362977483,15.779733657836914,0.7012098167242056,0.29879018327579443
survset:support2,DeepHit,1,42,3426,5.0,1,3.7416574954986572,0.3795157168375492,0.6204842831624509,7.6157732009887695,0.02347537225315685,0.9765246277468431,15.779733657836914,0.01986660314471954,0.9801333968552804
survset:support2,DeepHit,1,42,7898,43.127716064453125,0,3.7416574954986572,0.9917762122577211,0.008223787742278943,7.6157732009887695,0.9875090876307564,0.0124909123692436,15.779733657836914,0.8221384616704639,0.1778615383295361
survset:support2,DeepHit,1,42,6180,5.196152210235596,1,3.7416574954986572,0.509048404838099,0.490951595161901,7.6157732009887695,0.032991943466446946,0.967008056533553,15.779733657836914,0.022933298556969847,0.9770667014430302
survset:support2,DeepHit,1,42,1213,26.832815170288086,0,3.7416574954986572,0.9860887312108607,0.013911268789139286,7.6157732009887695,0.9804373979487743,0.01956260205122573,15.779733657836914,0.8715823825397683,0.12841761746023173
survset:support2,DeepHit,1,42,4179,37.08099365234375,0,3.7416574954986572,0.9990154029618594,0.0009845970381405778,7.6157732009887695,0.9985458115079837,0.001454188492016284,15.779733657836914,0.8948761105051567,0.1051238894948433
survset:support2,DeepHit,1,42,2748,2.6457512378692627,1,3.7416574954986572,0.5006239811986652,0.49937601880133475,7.6157732009887695,0.029183020963974474,0.9708169790360255,15.779733657836914,0.015312180348174049,0.984687819651826
survset:support2,DeepHit,1,42,6654,36.769554138183594,0,3.7416574954986572,0.9967012648979882,0.0032987351020118405,7.6157732009887695,0.9953075246026225,0.0046924753973774935,15.779733657836914,0.8282890192289272,0.17171098077107283
survset:support2,DeepHit,1,42,2160,4.358899116516113,1,3.7416574954986572,0.535822782008228,0.46417721799177203,7.6157732009887695,0.0458798934237345,0.9541201065762654,15.779733657836914,0.02616975913890515,0.9738302408610948
survset:support2,DeepHit,1,42,1838,2.0,1,3.7416574954986572,0.4964964071259648,0.5035035928740352,7.6157732009887695,0.11046755286957347,0.8895324471304266,15.779733657836914,0.06935133155340087,0.9306486684465991
survset:support2,DeepHit,1,42,1959,17.972200393676758,1,3.7416574954986572,0.9900505931934965,0.009949406806503469,7.6157732009887695,0.9819350375537919,0.018064962446208144,15.779733657836914,0.7448217343648039,0.2551782656351961
survset:support2,DeepHit,1,42,5343,10.677078247070312,1,3.7416574954986572,0.9908656371162904,0.009134362883709612,7.6157732009887695,0.9840320897746855,0.01596791022531452,15.779733657836914,0.7007078291664038,0.29929217083359616
survset:support2,DeepHit,1,42,8848,3.464101552963257,1,3.7416574954986572,0.42627928685674893,0.5737207131432511,7.6157732009887695,0.04671253435018992,0.95328746564981,15.779733657836914,0.032022927184156155,0.9679770728158439
survset:support2,DeepHit,1,42,3543,20.51828384399414,1,3.7416574954986572,0.9891927116236452,0.010807288376354807,7.6157732009887695,0.9785548420446455,0.02144515795535451,15.779733657836914,0.6774064010273487,0.3225935989726513
survset:support2,DeepHit,1,42,5070,7.348469257354736,1,3.7416574954986572,0.5208363510955701,0.47916364890442986,7.6157732009887695,0.029104079989470042,0.9708959200105299,15.779733657836914,0.018437508003673716,0.9815624919963263
survset:support2,DeepHit,1,42,4617,30.265491485595703,0,3.7416574954986572,0.9926541557251921,0.007345844274807889,7.6157732009887695,0.9883668883543626,0.011633111645637406,15.779733657836914,0.7451915778840812,0.2548084221159188
survset:support2,DeepHit,1,42,817,7.745966911315918,1,3.7416574954986572,0.9899601697378818,0.010039830262118188,7.6157732009887695,0.9404422429701628,0.05955775702983723,15.779733657836914,0.5572149571377775,0.44278504286222253
survset:support2,DeepHit,1,42,3621,2.6457512378692627,1,3.7416574954986572,0.4764121675593803,0.5235878324406197,7.6157732009887695,0.02834566220064966,0.9716543377993503,15.779733657836914,0.01478052594212083,0.9852194740578791
survset:support2,DeepHit,1,42,5167,2.0,1,3.7416574954986572,0.5196559924275799,0.48034400757242013,7.6157732009887695,0.03252141064257479,0.9674785893574253,15.779733657836914,0.023943722700798854,0.9760562772992012
survset:support2,DeepHit,1,42,4369,19.05255889892578,1,3.7416574954986572,0.9864073545947412,0.01359264540525884,7.6157732009887695,0.9773043314202355,0.02269566857976446,15.779733657836914,0.7280213425405911,0.27197865745940886
survset:support2,DeepHit,1,42,3442,3.1622776985168457,1,3.7416574954986572,0.47165311123820186,0.5283468887617981,7.6157732009887695,0.046173859095714774,0.9538261409042852,15.779733657836914,0.027001670949235588,0.9729983290507644
survset:support2,DeepHit,1,42,9024,21.02379608154297,0,3.7416574954986572,0.9845838467684177,0.015416153231582297,7.6157732009887695,0.9741202204900832,0.025879779509916823,15.779733657836914,0.6257359080952422,0.37426409190475785
survset:support2,DeepHit,1,42,7774,44.71017837524414,0,3.7416574954986572,0.9959201805069938,0.004079819493006176,7.6157732009887695,0.9935485912392519,0.006451408760748123,15.779733657836914,0.7513226260517032,0.2486773739482968
survset:support2,DeepHit,1,42,2682,9.433980941772461,1,3.7416574954986572,0.9859980401471594,0.014001959852840584,7.6157732009887695,0.9731153813523511,0.026884618647648906,15.779733657836914,0.6987469795568204,0.3012530204431796
survset:support2,DeepHit,1,42,7973,42.36743927001953,0,3.7416574954986572,0.9876366921700032,0.012363307829996839,7.6157732009887695,0.975041879514996,0.02495812048500401,15.779733657836914,0.7322708142382341,0.26772918576176585
survset:support2,DeepHit,1,42,2862,4.795831680297852,1,3.7416574954986572,0.47565017340423976,0.5243498265957602,7.6157732009887695,0.026709960212421318,0.9732900397875787,15.779733657836914,0.016242781605001467,0.9837572183949985
survset:support2,DeepHit,1,42,7643,20.71231460571289,0,3.7416574954986572,0.9930560129619541,0.006943987038045885,7.6157732009887695,0.9718292653460554,0.028170734653944596,15.779733657836914,0.7328551505927291,0.2671448494072709
survset:support2,DeepHit,1,42,8278,20.952327728271484,1,3.7416574954986572,0.9937916416458308,0.006208358354169219,7.6157732009887695,0.9878123516946865,0.012187648305313492,15.779733657836914,0.6995457435546428,0.30045425644535717
survset:support2,DeepHit,1,42,9006,21.587032318115234,0,3.7416574954986572,0.9957691568823932,0.004230843117606797,7.6157732009887695,0.9942115687498122,0.005788431250187798,15.779733657836914,0.8074046091465387,0.19259539085346133
survset:support2,DeepHit,1,42,8476,32.38827133178711,0,3.7416574954986572,0.9914242704886933,0.008575729511306696,7.6157732009887695,0.9861121719452398,0.013887828054760187,15.779733657836914,0.7113852079663731,0.28861479203362694
survset:support2,DeepHit,1,42,8630,29.94995880126953,0,3.7416574954986572,0.9870370667555523,0.01296293324444775,7.6157732009887695,0.9781323036543305,0.02186769634566954,15.779733657836914,0.7612148132002676,0.23878518679973237
survset:support2,DeepHit,1,42,3211,19.46792221069336,0,3.7416574954986572,0.9933110000801157,0.006688999919884253,7.6157732009887695,0.9882297880378376,0.011770211962162436,15.779733657836914,0.7135338595439965,0.2864661404560035
survset:support2,DeepHit,1,42,4738,2.8284270763397217,1,3.7416574954986572,0.4881773166489827,0.5118226833510173,7.6157732009887695,0.031247961643988586,0.9687520383560114,15.779733657836914,0.01749276033857656,0.9825072396614234
survset:support2,DeepHit,1,42,5183,25.139610290527344,0,3.7416574954986572,0.9934482186752565,0.006551781324743544,7.6157732009887695,0.9902794664534431,0.009720533546556887,15.779733657836914,0.7830629696798307,0.2169370303201693
survset:support2,DeepHit,1,42,3188,19.92485809326172,0,3.7416574954986572,0.9915517899415611,0.008448210058438876,7.6157732009887695,0.9851027067436559,0.014897293256344146,15.779733657836914,0.7688732694457663,0.23112673055423372
survset:support2,DeepHit,1,42,3437,43.817806243896484,0,3.7416574954986572,0.9942496299972243,0.005750370002775673,7.6157732009887695,0.9927698248744409,0.007230175125559124,15.779733657836914,0.8043743751697428,0.19562562483025725
survset:support2,DeepHit,1,42,6352,3.872983455657959,1,3.7416574954986572,0.43060429092804875,0.5693957090719513,7.6157732009887695,0.037068550334139284,0.9629314496658608,15.779733657836914,0.02994015682578396,0.970059843174216
survset:support2,DeepHit,1,42,3058,12.247448921203613,1,3.7416574954986572,0.9870959680640905,0.012904031935909499,7.6157732009887695,0.9773359007709156,0.02266409922908441,15.779733657836914,0.7570102523768023,0.2429897476231977
survset:support2,DeepHit,1,42,6154,3.7416574954986572,1,3.7416574954986572,0.46135243346624,0.53864756653376,7.6157732009887695,0.026588994034390495,0.9734110059656095,15.779733657836914,0.015326847816759148,0.9846731521832408
survset:support2,DeepHit,1,42,456,3.1622776985168457,1,3.7416574954986572,0.3862276174381006,0.6137723825618995,7.6157732009887695,0.03118465754921325,0.9688153424507867,15.779733657836914,0.019923823736207758,0.9800761762637923
survset:support2,DeepHit,1,42,7606,2.6457512378692627,1,3.7416574954986572,0.5790052924497718,0.42099470755022816,7.6157732009887695,0.057090912901723606,0.9429090870982764,15.779733657836914,0.03187383757162288,0.9681261624283771
survset:support2,DeepHit,1,42,6044,5.74456262588501,1,3.7416574954986572,0.5594429525683283,0.4405570474316717,7.6157732009887695,0.03628601405369702,0.963713985946303,15.779733657836914,0.02446974356247788,0.9755302564375221
survset:support2,DeepHit,1,42,8423,36.08323669433594,0,3.7416574954986572,0.9889858881434497,0.011014111856550324,7.6157732009887695,0.9810948833244559,0.018905116675544065,15.779733657836914,0.7836336442588567,0.21636635574114327
survset:support2,DeepHit,1,42,5795,3.605551242828369,1,3.7416574954986572,0.5399078900324455,0.46009210996755445,7.6157732009887695,0.03003589140631262,0.9699641085936874,15.779733657836914,0.018587136409953155,0.9814128635900469
survset:support2,DeepHit,1,42,1487,20.049938201904297,1,3.7416574954986572,0.9961177698840142,0.003882230115985763,7.6157732009887695,0.9925513316413216,0.007448668358678412,15.779733657836914,0.7154829238975168,0.2845170761024832
survset:support2,DeepHit,1,42,2769,10.862780570983887,1,3.7416574954986572,0.986060320157442,0.01393967984255795,7.6157732009887695,0.9770675307792132,0.022932469220786844,15.779733657836914,0.7304252564973326,0.2695747435026674
survset:support2,DeepHit,1,42,4083,4.795831680297852,1,3.7416574954986572,0.46456013967447835,0.5354398603255217,7.6157732009887695,0.03488625353699749,0.9651137464630025,15.779733657836914,0.02517464159594151,0.9748253584040585
survset:support2,DeepHit,1,42,8632,29.883106231689453,0,3.7416574954986572,0.9910557858432496,0.008944214156750396,7.6157732009887695,0.9840521516503294,0.015947848349670557,15.779733657836914,0.7357418742852107,0.26425812571478935
survset:support2,DeepHit,1,42,1290,17.63519287109375,1,3.7416574954986572,0.9551586119928175,0.044841388007182514,7.6157732009887695,0.9158081591452347,0.08419184085476528,15.779733657836914,0.666258984923407,0.33374101507659304
survset:support2,DeepHit,1,42,345,2.4494898319244385,1,3.7416574954986572,0.45501646570984683,0.5449835342901532,7.6157732009887695,0.026151687803830256,0.9738483121961697,15.779733657836914,0.016552854893869186,0.9834471451061308
survset:support2,DeepHit,1,42,6853,5.916079998016357,1,3.7416574954986572,0.6109666191279336,0.3890333808720664,7.6157732009887695,0.06520242654180121,0.9347975734581988,15.779733657836914,0.05252104353887057,0.9474789564611295
survset:support2,DeepHit,1,42,6883,4.795831680297852,1,3.7416574954986572,0.476669141950087,0.523330858049913,7.6157732009887695,0.06500200355049415,0.9349979964495059,15.779733657836914,0.05469075161114849,0.9453092483888516
survset:support2,DeepHit,1,42,774,31.874753952026367,1,3.7416574954986572,0.989044034169998,0.010955965830002024,7.6157732009887695,0.9813886228956351,0.01861137710436489,15.779733657836914,0.7223633873038665,0.2776366126961335
survset:support2,DeepHit,1,42,387,15.905973434448242,1,3.7416574954986572,0.9923978763740056,0.007602123625994439,7.6157732009887695,0.9874615934901434,0.012538406509856603,15.779733657836914,0.7821160297497152,0.21788397025028483
survset:support2,DeepHit,1,42,5259,17.0,1,3.7416574954986572,0.9890252347127757,0.010974765287224297,7.6157732009887695,0.958163323390559,0.041836676609441015,15.779733657836914,0.6181596619922084,0.3818403380077916
survset:support2,DeepHit,1,42,5822,18.027755737304688,1,3.7416574954986572,0.9938150589776772,0.00618494102232281,7.6157732009887695,0.9898056792042617,0.010194320795738343,15.779733657836914,0.751582484657829,0.24841751534217105
survset:support2,DeepHit,1,42,2563,7.416198253631592,1,3.7416574954986572,0.518382649273853,0.481617350726147,7.6157732009887695,0.022832060533287183,0.9771679394667128,15.779733657836914,0.009889323663252202,0.9901106763367478
survset:support2,DeepHit,1,42,5246,9.110433578491211,1,3.7416574954986572,0.9892672961758746,0.01073270382412539,7.6157732009887695,0.9826973723817906,0.017302627618209443,15.779733657836914,0.7539952391604664,0.2460047608395336
survset:support2,DeepHit,1,42,2506,8.83176040649414,1,3.7416574954986572,0.9924475350061052,0.007552464993894836,7.6157732009887695,0.9865885388679617,0.013411461132038283,15.779733657836914,0.681438081935407,0.318561918064593
survset:support2,DeepHit,1,42,5850,44.79955291748047,0,3.7416574954986572,0.9849499617355715,0.015050038264428522,7.6157732009887695,0.9699689471294457,0.030031052870554298,15.779733657836914,0.7208693071664285,0.2791306928335715
survset:support2,DeepHit,1,42,7550,2.8284270763397217,1,3.7416574954986572,0.5261328081944754,0.4738671918055246,7.6157732009887695,0.02095613835544311,0.9790438616445569,15.779733657836914,0.014240233963973083,0.9857597660360269
survset:support2,DeepHit,1,42,939,31.464265823364258,0,3.7416574954986572,0.9852043368027028,0.014795663197297193,7.6157732009887695,0.98020480019374,0.01979519980625999,15.779733657836914,0.753532263781239,0.24646773621876095
survset:support2,DeepHit,1,42,3127,14.142135620117188,1,3.7416574954986572,0.9820864002052746,0.0179135997947254,7.6157732009887695,0.9663543995525185,0.03364560044748155,15.779733657836914,0.6342874823256129,0.36571251767438706
survset:support2,DeepHit,1,42,5381,5.830951690673828,1,3.7416574954986572,0.45566601906158655,0.5443339809384135,7.6157732009887695,0.044894904574644755,0.9551050954253553,15.779733657836914,0.03084039206679727,0.9691596079332028
survset:support2,DeepHit,1,42,7673,7.348469257354736,1,3.7416574954986572,0.5224854487142814,0.4775145512857186,7.6157732009887695,0.031588194062039346,0.9684118059379606,15.779733657836914,0.01718849157924871,0.9828115084207513
survset:support2,DeepHit,1,42,5088,25.961509704589844,0,3.7416574954986572,0.9919775870792267,0.008022412920773325,7.6157732009887695,0.986853459877383,0.013146540122616956,15.779733657836914,0.7375895250015853,0.26241047499841474
survset:support2,DeepHit,1,42,1387,23.72762107849121,0,3.7416574954986572,0.9883783803002134,0.01162161969978659,7.6157732009887695,0.9681325875081235,0.03186741249187652,15.779733657836914,0.7041034434693264,0.2958965565306736
survset:support2,DeepHit,1,42,5186,7.0,1,3.7416574954986572,0.544262923934529,0.455737076065471,7.6157732009887695,0.03723910038104629,0.9627608996189537,15.779733657836914,0.019934855255209636,0.9800651447447903
survset:support2,DeepHit,1,42,8514,31.92177963256836,0,3.7416574954986572,0.9934658924407918,0.0065341075592082465,7.6157732009887695,0.989512770874123,0.010487229125876962,15.779733657836914,0.7685208670648658,0.23147913293513422
survset:support2,DeepHit,1,42,3155,4.123105525970459,1,3.7416574954986572,0.5141258486227598,0.4858741513772402,7.6157732009887695,0.02817242355635539,0.9718275764436446,15.779733657836914,0.012701579302317481,0.9872984206976825
survset:support2,DeepHit,1,42,5150,7.211102485656738,1,3.7416574954986572,0.46026635404179256,0.5397336459582074,7.6157732009887695,0.06613262061410236,0.9338673793858976,15.779733657836914,0.04814638118471822,0.9518536188152817
survset:support2,DeepHit,1,42,6482,38.70400619506836,0,3.7416574954986572,0.9937549215271588,0.00624507847284117,7.6157732009887695,0.9909008632827043,0.009099136717295675,15.779733657836914,0.7536430117177627,0.2463569882822373
survset:support2,DeepHit,1,42,3261,44.88875198364258,0,3.7416574954986572,0.9951311691360414,0.0048688308639586175,7.6157732009887695,0.9933400723930816,0.006659927606918359,15.779733657836914,0.7719999043399999,0.22800009566000012
survset:support2,DeepHit,1,42,934,11.357816696166992,1,3.7416574954986572,0.9902973913486356,0.009702608651364408,7.6157732009887695,0.9833218413505257,0.016678158649474306,15.779733657836914,0.7528091609124653,0.2471908390875347
survset:support2,DeepHit,1,42,2762,8.602325439453125,1,3.7416574954986572,0.9816673848968892,0.018332615103110794,7.6157732009887695,0.9628337324536435,0.037166267546356546,15.779733657836914,0.6183458898477353,0.3816541101522647
survset:support2,DeepHit,1,42,4721,7.416198253631592,1,3.7416574954986572,0.5314373897513689,0.4685626102486311,7.6157732009887695,0.030459361978017133,0.9695406380219829,15.779733657836914,0.014135462392387941,0.9858645376076121
survset:support2,DeepHit,1,42,8387,27.018512725830078,1,3.7416574954986572,0.986393878481237,0.013606121518762948,7.6157732009887695,0.9747490278233065,0.025250972176693476,15.779733657836914,0.7285813775911469,0.27141862240885306
survset:support2,DeepHit,1,42,8243,13.601470947265625,1,3.7416574954986572,0.9847382931754827,0.01526170682451733,7.6157732009887695,0.9743515611698469,0.02564843883015311,15.779733657836914,0.7117685275459431,0.2882314724540569
survset:support2,DeepHit,1,42,8784,26.438608169555664,0,3.7416574954986572,0.9926057251536922,0.007394274846307836,7.6157732009887695,0.9884593184753894,0.01154068152461063,15.779733657836914,0.7388245439410166,0.2611754560589834
survset:support2,DeepHit,1,42,1115,20.248456954956055,1,3.7416574954986572,0.9909390975249392,0.00906090247506075,7.6157732009887695,0.9733920357704782,0.02660796422952183,15.779733657836914,0.6700263063900557,0.32997369360994433
survset:support2,DeepHit,1,42,2485,19.92485809326172,1,3.7416574954986572,0.9800531081693907,0.01994689183060927,7.6157732009887695,0.9699818061789216,0.0300181938210784,15.779733657836914,0.6777208560305465,0.32227914396945345
survset:support2,DeepHit,1,42,680,15.329710006713867,1,3.7416574954986572,0.9901476098135186,0.00985239018648143,7.6157732009887695,0.9810861523077814,0.0189138476922186,15.779733657836914,0.7152114741755398,0.28478852582446024
survset:support2,DeepHit,1,42,8093,13.964240074157715,1,3.7416574954986572,0.9938334660843418,0.0061665339156582455,7.6157732009887695,0.9808142510421544,0.01918574895784564,15.779733657836914,0.7377521422073637,0.26224785779263626
survset:support2,DeepHit,1,42,7353,25.179357528686523,0,3.7416574954986572,0.9951513531126107,0.004848646887389285,7.6157732009887695,0.9921529823541995,0.007847017645800536,15.779733657836914,0.7444715294055295,0.2555284705944705
survset:support2,DeepHit,1,42,1797,2.4494898319244385,1,3.7416574954986572,0.3510731089423965,0.6489268910576035,7.6157732009887695,0.06680408020019532,0.9331959197998047,15.779733657836914,0.05392397135750105,0.946076028642499
survset:support2,DeepHit,1,42,790,36.68787384033203,0,3.7416574954986572,0.9939442217234684,0.006055778276531587,7.6157732009887695,0.9881477537001888,0.011852246299811187,15.779733657836914,0.6858659004361244,0.3141340995638756
survset:support2,DeepHit,1,42,978,2.2360680103302,1,3.7416574954986572,0.5194532584830429,0.4805467415169571,7.6157732009887695,0.08947039193695411,0.9105296080630458,15.779733657836914,0.06716803345648437,0.9328319665435156
survset:support2,DeepHit,1,42,8613,12.12435531616211,1,3.7416574954986572,0.9890040361724283,0.01099596382757173,7.6157732009887695,0.9722132347675286,0.027786765232471367,15.779733657836914,0.6704140316340251,0.32958596836597487
survset:support2,DeepHit,1,42,4995,26.832815170288086,0,3.7416574954986572,0.9912339424059121,0.008766057594087884,7.6157732009887695,0.9891223463112622,0.010877653688737832,15.779733657836914,0.8292968615243593,0.17070313847564067
survset:support2,DeepHit,1,42,1595,45.033321380615234,0,3.7416574954986572,0.9743704903347574,0.025629509665242578,7.6157732009887695,0.939863169888383,0.06013683011161697,15.779733657836914,0.6687960466021474,0.3312039533978526
survset:support2,DeepHit,1,42,6238,7.8102498054504395,1,3.7416574954986572,0.9608645841380012,0.03913541586199876,7.6157732009887695,0.9372898510424726,0.06271014895752736,15.779733657836914,0.7010445481496813,0.2989554518503187
survset:support2,DeepHit,1,42,1948,41.67733383178711,0,3.7416574954986572,0.9900374217048646,0.00996257829513536,7.6157732009887695,0.973988624667609,0.02601137533239095,15.779733657836914,0.7275765844962031,0.2724234155037969
survset:support2,DeepHit,1,42,432,11.661903381347656,1,3.7416574954986572,0.9854244089380464,0.014575591061953608,7.6157732009887695,0.9611108333467333,0.038889166653266694,15.779733657836914,0.655336922928332,0.344663077071668
survset:support2,DeepHit,1,42,4423,22.516660690307617,1,3.7416574954986572,0.9897372064583586,0.01026279354164139,7.6157732009887695,0.9841159913895262,0.015884008610473788,15.779733657836914,0.7164206214086265,0.2835793785913735
survset:support2,DeepHit,1,42,8380,36.728736877441406,0,3.7416574954986572,0.9866223572870324,0.013377642712967597,7.6157732009887695,0.9818972010938447,0.018102798906155293,15.779733657836914,0.7394475195530654,0.2605524804469346
survset:support2,DeepHit,1,42,5367,2.0,1,3.7416574954986572,0.5031795680439176,0.4968204319560824,7.6157732009887695,0.05043858147473988,0.9495614185252601,15.779733657836914,0.030424975860821137,0.9695750241391788
survset:support2,DeepHit,1,42,464,2.6457512378692627,1,3.7416574954986572,0.40641571219203076,0.5935842878079692,7.6157732009887695,0.046286058260070345,0.9537139417399296,15.779733657836914,0.040305651285419554,0.9596943487145805
survset:support2,DeepHit,1,42,28,44.86647033691406,0,3.7416574954986572,0.9928442027884066,0.007155797211593429,7.6157732009887695,0.9871642356439271,0.01283576435607292,15.779733657836914,0.7894263470358388,0.2105736529641612
survset:support2,DeepHit,1,42,6181,41.85689926147461,0,3.7416574954986572,0.9969496329564216,0.003050367043578417,7.6157732009887695,0.9953552948853315,0.004644705114668524,15.779733657836914,0.7965294704387788,0.20347052956122125
survset:support2,DeepHit,1,42,2295,37.656341552734375,0,3.7416574954986572,0.9944222507551583,0.005577749244841668,7.6157732009887695,0.9910870662658114,0.008912933734188555,15.779733657836914,0.8269713987306826,0.1730286012693174
survset:support2,DeepHit,1,42,4229,7.745966911315918,1,3.7416574954986572,0.9854565727012076,0.014543427298792433,7.6157732009887695,0.9664780131622879,0.033521986837712126,15.779733657836914,0.7142306253860596,0.28576937461394036
survset:support2,DeepHit,1,42,806,26.88865852355957,1,3.7416574954986572,0.9870547674522174,0.01294523254778257,7.6157732009887695,0.9668257363001035,0.03317426369989651,15.779733657836914,0.65626753046805,0.34373246953195
survset:support2,DeepHit,1,42,3970,4.795831680297852,1,3.7416574954986572,0.4446945713162378,0.5553054286837622,7.6157732009887695,0.01317058717206303,0.986829412827937,15.779733657836914,0.007890992603641211,0.9921090073963588
survset:support2,DeepHit,1,42,2756,2.6457512378692627,1,3.7416574954986572,0.5017011937425838,0.4982988062574162,7.6157732009887695,0.047895665276973684,0.9521043347230264,15.779733657836914,0.03596210297543546,0.9640378970245645
survset:support2,DeepHit,1,42,7261,2.0,1,3.7416574954986572,0.3741665962168092,0.6258334037831907,7.6157732009887695,0.0330531117815051,0.966946888218495,15.779733657836914,0.02174026635277046,0.9782597336472295
survset:support2,DeepHit,1,42,5840,44.87761306762695,0,3.7416574954986572,0.9943413686727408,0.005658631327259189,7.6157732009887695,0.9886581514101198,0.011341848589880188,15.779733657836914,0.7710902669576417,0.2289097330423583
survset:support2,DeepHit,1,42,6619,37.09447479248047,0,3.7416574954986572,0.9946340234098345,0.005365976590165467,7.6157732009887695,0.9919731710559132,0.008026828944086795,15.779733657836914,0.8658104066762186,0.13418959332378144
survset:support2,DeepHit,1,42,8907,24.020824432373047,0,3.7416574954986572,0.9947454391167998,0.005254560883200199,7.6157732009887695,0.9859250987585583,0.014074901241441728,15.779733657836914,0.7221209173093862,0.2778790826906138
survset:support2,DeepHit,1,42,5116,14.142135620117188,1,3.7416574954986572,0.9916805152437341,0.008319484756265871,7.6157732009887695,0.9643962695110282,0.03560373048897181,15.779733657836914,0.6423283828855135,0.3576716171144865
survset:support2,DeepHit,1,42,1856,3.0,1,3.7416574954986572,0.5181741449512677,0.4818258550487323,7.6157732009887695,0.04110538619651138,0.9588946138034886,15.779733657836914,0.028843250074577404,0.9711567499254226
survset:support2,DeepHit,1,42,1281,11.269427299499512,1,3.7416574954986572,0.9061030764395769,0.09389692356042312,7.6157732009887695,0.864874859847436,0.13512514015256405,15.779733657836914,0.6752664034633382,0.3247335965366618
survset:support2,DeepHit,1,42,4086,37.81534194946289,0,3.7416574954986572,0.9960153495218167,0.003984650478183305,7.6157732009887695,0.9945118225355597,0.0054881774644403025,15.779733657836914,0.7589072887877174,0.2410927112122826
survset:support2,DeepHit,1,42,4909,19.621416091918945,1,3.7416574954986572,0.9960218672494638,0.003978132750536156,7.6157732009887695,0.9934717580189746,0.006528241981025418,15.779733657836914,0.7102021175364558,0.2897978824635442
survset:support2,DeepHit,1,42,5069,2.8284270763397217,1,3.7416574954986572,0.520895051228861,0.47910494877113896,7.6157732009887695,0.04594237634441332,0.9540576236555867,15.779733657836914,0.024766461943732054,0.975233538056268
survset:support2,DeepHit,1,42,3103,21.931713104248047,0,3.7416574954986572,0.9893581190286322,0.010641880971367756,7.6157732009887695,0.9835908562913918,0.016409143708608243,15.779733657836914,0.7397343254654706,0.2602656745345294
survset:support2,DeepHit,1,42,4586,10.488088607788086,1,3.7416574954986572,0.972374731376448,0.02762526862355197,7.6157732009887695,0.9390931343230287,0.060906865676971345,15.779733657836914,0.6540985561026693,0.3459014438973307
survset:support2,DeepHit,1,42,1363,24.14539337158203,0,3.7416574954986572,0.9899454861065488,0.010054513893451245,7.6157732009887695,0.9791655992777624,0.020834400722237634,15.779733657836914,0.7705283092321754,0.2294716907678246
survset:support2,DeepHit,1,42,7922,6.4031243324279785,1,3.7416574954986572,0.4880473530383254,0.5119526469616746,7.6157732009887695,0.017264614602873707,0.9827353853971263,15.779733657836914,0.011469769870938968,0.988530230129061
survset:support2,DeepHit,1,42,7397,24.657655715942383,0,3.7416574954986572,0.9928836105808986,0.007116389419101421,7.6157732009887695,0.9887903390343872,0.011209660965612822,15.779733657836914,0.7408070197565638,0.2591929802434362
survset:support2,DeepHit,1,42,1571,3.605551242828369,1,3.7416574954986572,0.495019729370559,0.5049802706294411,7.6157732009887695,0.04608782323555136,0.9539121767644486,15.779733657836914,0.030561880519452824,0.9694381194805471
survset:support2,DeepHit,1,42,5749,19.646883010864258,0,3.7416574954986572,0.9851963768094016,0.014803623190598358,7.6157732009887695,0.9738105766050371,0.026189423394962885,15.779733657836914,0.7518589661248573,0.24814103387514275
survset:support2,DeepHit,1,42,8306,4.123105525970459,1,3.7416574954986572,0.48872240075401663,0.5112775992459834,7.6157732009887695,0.02838939562037328,0.9716106043796268,15.779733657836914,0.022254481044863276,0.9777455189551367
survset:support2,DeepHit,1,42,8620,22.44994354248047,1,3.7416574954986572,0.9877961280410932,0.01220387195890682,7.6157732009887695,0.9787916860087619,0.021208313991238126,15.779733657836914,0.808778655566565,0.19122134443343497
survset:support2,DeepHit,1,42,4651,12.649110794067383,1,3.7416574954986572,0.9807055348472888,0.01929446515271116,7.6157732009887695,0.9378408415733245,0.06215915842667552,15.779733657836914,0.6517591323619333,0.3482408676380667
survset:support2,DeepHit,1,42,2396,3.0,1,3.7416574954986572,0.4573418323858375,0.5426581676141625,7.6157732009887695,0.03569138901457164,0.9643086109854284,15.779733657836914,0.016454686198511932,0.983545313801488
survset:support2,DeepHit,1,42,1234,9.643651008605957,1,3.7416574954986572,0.9668290855359682,0.03317091446403175,7.6157732009887695,0.9400544597677674,0.05994554023223264,15.779733657836914,0.6960133303311543,0.3039866696688457
survset:support2,DeepHit,1,42,452,6.0,1,3.7416574954986572,0.5603357945028457,0.43966420549715435,7.6157732009887695,0.038648318618304124,0.9613516813816959,15.779733657836914,0.02502096777008215,0.9749790322299179
survset:support2,DeepHit,1,42,7098,15.099668502807617,1,3.7416574954986572,0.9842358088714585,0.01576419112854155,7.6157732009887695,0.9784736911297639,0.0215263088702361,15.779733657836914,0.7117410137967827,0.2882589862032173
survset:support2,DeepHit,1,42,6689,36.441734313964844,0,3.7416574954986572,0.9819793384039676,0.01802066159603244,7.6157732009887695,0.9674014348483518,0.03259856515164816,15.779733657836914,0.6890782313507634,0.3109217686492366
survset:support2,DeepHit,1,42,5080,26.057628631591797,0,3.7416574954986572,0.9971608991619414,0.002839100838058606,7.6157732009887695,0.9963523077322227,0.0036476922677772805,15.779733657836914,0.8639504488926103,0.1360495511073897
survset:support2,DeepHit,1,42,5368,23.68543815612793,0,3.7416574954986572,0.995514006982434,0.004485993017566026,7.6157732009887695,0.993436472507864,0.0065635274921359565,15.779733657836914,0.7776060926556455,0.2223939073443545
survset:support2,DeepHit,1,42,5870,25.70992088317871,1,3.7416574954986572,0.9931762651414441,0.006823734858555919,7.6157732009887695,0.9825244222374305,0.017475577762569472,15.779733657836914,0.6441040580671953,0.3558959419328047
survset:support2,DeepHit,1,42,1545,19.84943389892578,0,3.7416574954986572,0.9917394526454996,0.008260547354500436,7.6157732009887695,0.9892986103953764,0.010701389604623635,15.779733657836914,0.7473595172509127,0.25264048274908735
survset:support2,DeepHit,1,42,536,39.73663330078125,0,3.7416574954986572,0.9961215725617703,0.003878427438229748,7.6157732009887695,0.9941657415668803,0.005834258433119688,15.779733657836914,0.8586885975263171,0.1413114024736829
survset:support2,DeepHit,1,42,5745,2.2360680103302,1,3.7416574954986572,0.4393487779750101,0.56065122202499,7.6157732009887695,0.03509063836619253,0.9649093616338075,15.779733657836914,0.029315507447291146,0.9706844925527088
survset:support2,DeepHit,1,42,4867,3.464101552963257,1,3.7416574954986572,0.4456121507111171,0.554387849288883,7.6157732009887695,0.026939418160442784,0.9730605818395572,15.779733657836914,0.015178574825402056,0.9848214251745979
survset:support2,DeepHit,1,42,4505,2.4494898319244385,1,3.7416574954986572,0.47809334310654716,0.5219066568934528,7.6157732009887695,0.03392542519042916,0.9660745748095708,15.779733657836914,0.016152900020119525,0.9838470999798805
survset:support2,DeepHit,1,42,5121,25.670995712280273,0,3.7416574954986572,0.9948828870970083,0.005117112902991661,7.6157732009887695,0.9931615791564784,0.006838420843521598,15.779733657836914,0.816332304696323,0.183667695303677
survset:support2,DeepHit,1,42,4205,1.7320507764816284,1,3.7416574954986572,0.23762331862131417,0.7623766813786859,7.6157732009887695,0.04674156844560285,0.9532584315543972,15.779733657836914,0.03748265236737597,0.9625173476326241
survset:support2,DeepHit,1,42,2809,2.4494898319244385,1,3.7416574954986572,0.5465966896801867,0.4534033103198133,7.6157732009887695,0.042892192704035395,0.9571078072959646,15.779733657836914,0.025231847645133105,0.9747681523548669
survset:support2,DeepHit,1,42,7634,2.4494898319244385,1,3.7416574954986572,0.5910692323086681,0.40893076769133185,7.6157732009887695,0.07161518602785513,0.9283848139721449,15.779733657836914,0.03796157575439815,0.9620384242456018
survset:support2,DeepHit,1,42,7943,12.449899673461914,1,3.7416574954986572,0.986964034386565,0.013035965613435008,7.6157732009887695,0.9676752314139314,0.032324768586068586,15.779733657836914,0.6310604953818871,0.36893950461811287
survset:support2,DeepHit,1,42,924,2.0,1,3.7416574954986572,0.4526030712987989,0.547396928701201,7.6157732009887695,0.11310911826975216,0.8868908817302479,15.779733657836914,0.09758619716230169,0.9024138028376983
survset:support2,DeepHit,1,42,8624,3.1622776985168457,1,3.7416574954986572,0.497703338100147,0.502296661899853,7.6157732009887695,0.024216283963026056,0.9757837160369739,15.779733657836914,0.01601567911898573,0.9839843208810143
survset:support2,DeepHit,1,42,2075,7.681145668029785,1,3.7416574954986572,0.5563780109537205,0.4436219890462795,7.6157732009887695,0.022212282130841022,0.977787717869159,15.779733657836914,0.016574042478991066,0.9834259575210089
survset:support2,DeepHit,1,42,7827,2.0,1,3.7416574954986572,0.5097428315620239,0.49025716843797607,7.6157732009887695,0.025816816180412226,0.9741831838195878,15.779733657836914,0.015485024675257607,0.9845149753247424
survset:support2,DeepHit,1,42,2607,7.211102485656738,1,3.7416574954986572,0.5665743882878991,0.4334256117121009,7.6157732009887695,0.03121052023418395,0.9687894797658161,15.779733657836914,0.015692063528946393,0.9843079364710536
survset:support2,DeepHit,1,42,4417,2.6457512378692627,1,3.7416574954986572,0.5072140941687163,0.4927859058312837,7.6157732009887695,0.017290751379558274,0.9827092486204417,15.779733657836914,0.010401902429789868,0.9895980975702101
survset:support2,DeepHit,1,42,8052,6.4031243324279785,1,3.7416574954986572,0.536051738157344,0.46394826184265603,7.6157732009887695,0.04993445421705957,0.9500655457829404,15.779733657836914,0.03646410376153729,0.9635358962384627
survset:support2,DeepHit,1,42,7091,4.582575798034668,1,3.7416574954986572,0.5056396124919219,0.4943603875080781,7.6157732009887695,0.06321234590898579,0.9367876540910142,15.779733657836914,0.05177788669950832,0.9482221133004917
survset:support2,DeepHit,1,42,5560,21.610183715820312,0,3.7416574954986572,0.9953007565393409,0.004699243460659086,7.6157732009887695,0.9935701776226082,0.0064298223773917584,15.779733657836914,0.7673309617194479,0.23266903828055208
survset:support2,DeepHit,1,42,5471,22.583179473876953,0,3.7416574954986572,0.9983661579200364,0.0016338420799636433,7.6157732009887695,0.9978612434141545,0.0021387565858455027,15.779733657836914,0.8742407474662693,0.12575925253373066
survset:support2,DeepHit,1,42,5693,2.6457512378692627,1,3.7416574954986572,0.5400111123555565,0.45998888764444346,7.6157732009887695,0.026059030894925755,0.9739409691050742,15.779733657836914,0.012843125769278436,0.9871568742307215
survset:support2,DeepHit,1,42,2050,35.099857330322266,1,3.7416574954986572,0.9920934468922592,0.007906553107740799,7.6157732009887695,0.9855532399309879,0.014446760069012132,15.779733657836914,0.7115517541760645,0.28844824582393547
survset:support2,DeepHit,1,42,4280,4.898979663848877,1,3.7416574954986572,0.48578137788377945,0.5142186221162206,7.6157732009887695,0.06818762299580768,0.9318123770041923,15.779733657836914,0.04599631643153951,0.9540036835684604
survset:support2,DeepHit,1,42,4966,7.0,1,3.7416574954986572,0.5871120037317652,0.4128879962682348,7.6157732009887695,0.057843840244691795,0.9421561597553082,15.779733657836914,0.03595042774172879,0.9640495722582713
survset:support2,DeepHit,1,42,6783,12.12435531616211,1,3.7416574954986572,0.9918883296946478,0.008111670305352203,7.6157732009887695,0.9864792562929159,0.013520743707084115,15.779733657836914,0.8058970072239405,0.19410299277605947
survset:support2,DeepHit,1,42,3909,27.331300735473633,1,3.7416574954986572,0.9891788115912784,0.010821188408721594,7.6157732009887695,0.9844836460450439,0.015516353954956097,15.779733657836914,0.756799136821585,0.24320086317841505
survset:support2,DeepHit,1,42,32,7.141428470611572,1,3.7416574954986572,0.5107228151239525,0.48927718487604754,7.6157732009887695,0.03834217357289222,0.9616578264271077,15.779733657836914,0.027142703301290885,0.9728572966987091
survset:support2,DeepHit,1,42,5334,4.358899116516113,1,3.7416574954986572,0.4743232357892274,0.5256767642107726,7.6157732009887695,0.01442989809972439,0.9855701019002756,15.779733657836914,0.009051767056763018,0.990948232943237
survset:support2,DeepHit,1,42,2528,11.045360565185547,1,3.7416574954986572,0.9779188199138102,0.022081180086189756,7.6157732009887695,0.9448361797951292,0.05516382020487076,15.779733657836914,0.6059512774915154,0.39404872250848455
survset:support2,DeepHit,1,42,8878,8.9442720413208,1,3.7416574954986572,0.9935277308019544,0.006472269198045555,7.6157732009887695,0.9869138373441898,0.013086162655810196,15.779733657836914,0.6686960633329305,0.3313039366670695
survset:support2,DeepHit,1,42,728,8.124038696289062,1,3.7416574954986572,0.9810347753362,0.018965224663800018,7.6157732009887695,0.9429792874155066,0.05702071258449337,15.779733657836914,0.6256561366307731,0.37434386336922687
survset:support2,DeepHit,1,42,6431,5.196152210235596,1,3.7416574954986572,0.526534431548817,0.47346556845118304,7.6157732009887695,0.03667789053163427,0.9633221094683657,15.779733657836914,0.01779320482723622,0.9822067951727638
survset:support2,DeepHit,1,42,3752,41.31585693359375,0,3.7416574954986572,0.9982200089495683,0.0017799910504316951,7.6157732009887695,0.9976730942970914,0.0023269057029086104,15.779733657836914,0.8782237867551099,0.12177621324489007
survset:support2,DeepHit,1,42,773,36.8917350769043,0,3.7416574954986572,0.9938450820547203,0.00615491794527967,7.6157732009887695,0.9891154886173558,0.010884511382644235,15.779733657836914,0.6860973265997875,0.3139026734002125
survset:support2,DeepHit,1,42,7168,7.6157732009887695,1,3.7416574954986572,0.6804637669645623,0.31953623303543766,7.6157732009887695,0.11852501776651263,0.8814749822334874,15.779733657836914,0.079534940231107,0.920465059768893
survset:support2,DeepHit,1,42,2074,20.4939022064209,1,3.7416574954986572,0.9884971516838578,0.011502848316142233,7.6157732009887695,0.9825904489027478,0.017409551097252174,15.779733657836914,0.6320825438337796,0.3679174561662204
survset:support2,DeepHit,1,42,214,4.0,1,3.7416574954986572,0.4855690021656385,0.5144309978343615,7.6157732009887695,0.04717296553045877,0.9528270344695412,15.779733657836914,0.0263619540620177,0.9736380459379823
survset:support2,DeepHit,1,42,2630,30.315011978149414,0,3.7416574954986572,0.9919293299956448,0.00807067000435524,7.6157732009887695,0.9889888955574558,0.011011104442544162,15.779733657836914,0.7266859304313087,0.2733140695686913
survset:support2,DeepHit,1,42,4938,2.0,1,3.7416574954986572,0.3638470269237726,0.6361529730762274,7.6157732009887695,0.12003770564408955,0.8799622943559104,15.779733657836914,0.09783797431495642,0.9021620256850436
survset:support2,DeepHit,1,42,5911,12.288206100463867,1,3.7416574954986572,0.9913813363957334,0.008618663604266552,7.6157732009887695,0.9765480294295089,0.023451970570491087,15.779733657836914,0.6603491204387394,0.3396508795612606
survset:support2,DeepHit,1,42,5231,3.0,1,3.7416574954986572,0.48003912035407914,0.5199608796459209,7.6157732009887695,0.016414709870750797,0.9835852901292492,15.779733657836914,0.009606568790798322,0.9903934312092016
survset:support2,DeepHit,1,42,33,4.4721360206604,1,3.7416574954986572,0.5177763859805442,0.4822236140194558,7.6157732009887695,0.03310151690086996,0.9668984830991301,15.779733657836914,0.01934638963932901,0.980653610360671
survset:support2,DeepHit,1,42,2763,28.56571388244629,0,3.7416574954986572,0.993707782086539,0.006292217913461018,7.6157732009887695,0.9884532476665268,0.011546752333473242,15.779733657836914,0.7600908472874555,0.23990915271254454
survset:support2,DeepHit,1,42,212,43.20879364013672,0,3.7416574954986572,0.9936735271807466,0.006326472819253359,7.6157732009887695,0.987792438590478,0.01220756140952195,15.779733657836914,0.7102164480367296,0.28978355196327044
survset:support2,DeepHit,1,42,1676,44.47471237182617,0,3.7416574954986572,0.9878264678461988,0.012173532153801236,7.6157732009887695,0.9735079073451457,0.026492092654854305,15.779733657836914,0.7059903881778625,0.2940096118221375
survset:support2,DeepHit,1,42,4000,2.2360680103302,1,3.7416574954986572,0.46587356795857204,0.534126432041428,7.6157732009887695,0.0687823165626957,0.9312176834373043,15.779733657836914,0.05770733986752437,0.9422926601324756
survset:support2,DeepHit,1,42,8858,25.05992889404297,0,3.7416574954986572,0.9770128927580314,0.02298710724196862,7.6157732009887695,0.9535627200445452,0.04643727995545477,15.779733657836914,0.6793120805313517,0.3206879194686483
survset:support2,DeepHit,1,42,822,36.2629280090332,0,3.7416574954986572,0.9866699566529984,0.013330043347001608,7.6157732009887695,0.9757229640005076,0.02427703599949238,15.779733657836914,0.6887768990753226,0.3112231009246774
survset:support2,DeepHit,1,42,9093,3.7416574954986572,1,3.7416574954986572,0.5073688858402222,0.4926311141597778,7.6157732009887695,0.04732229597861788,0.9526777040213821,15.779733657836914,0.029098112247925682,0.9709018877520743
survset:support2,DeepHit,1,42,1205,26.96293830871582,0,3.7416574954986572,0.9923281849082729,0.007671815091727097,7.6157732009887695,0.9871516029363299,0.012848397063670136,15.779733657836914,0.7300495112569476,0.2699504887430524
survset:support2,DeepHit,1,42,6102,20.074859619140625,1,3.7416574954986572,0.9780560511683172,0.021943948831682825,7.6157732009887695,0.9528757181947786,0.047124281805221435,15.779733657836914,0.6269464743230112,0.3730535256769888
survset:support2,DeepHit,1,42,5931,5.74456262588501,1,3.7416574954986572,0.46435153343204044,0.5356484665679595,7.6157732009887695,0.15857885122830978,0.8414211487716903,15.779733657836914,0.13344889224436868,0.8665511077556314
survset:support2,DeepHit,1,42,901,32.015621185302734,0,3.7416574954986572,0.9955938135861003,0.004406186413899671,7.6157732009887695,0.9908056650590702,0.009194334940929805,15.779733657836914,0.7524013263223436,0.24759867367765642
survset:support2,DeepHit,1,42,1754,43.69210433959961,0,3.7416574954986572,0.9976492326332314,0.002350767366768647,7.6157732009887695,0.9970778789216564,0.0029221210783435536,15.779733657836914,0.8250853269684972,0.17491467303150277
survset:support2,DeepHit,1,42,7697,19.773719787597656,0,3.7416574954986572,0.969568993097122,0.030431006902878033,7.6157732009887695,0.9333656146828976,0.06663438531710242,15.779733657836914,0.6470520781362088,0.3529479218637912
survset:support2,DeepHit,1,42,874,30.577770233154297,1,3.7416574954986572,0.994792009317601,0.005207990682398966,7.6157732009887695,0.9881149718870981,0.01188502811290193,15.779733657836914,0.6791162757839968,0.3208837242160032
survset:support2,DeepHit,1,42,8075,24.657655715942383,1,3.7416574954986572,0.9964781177856848,0.003521882214315153,7.6157732009887695,0.9951589085022049,0.0048410914977951025,15.779733657836914,0.8122326221431614,0.1877673778568386
survset:support2,DeepHit,1,42,4973,26.981475830078125,0,3.7416574954986572,0.985991969202794,0.014008030797206028,7.6157732009887695,0.9816421582101583,0.018357841789841678,15.779733657836914,0.8091374293394821,0.19086257066051793
survset:support2,DeepHit,1,42,7503,9.643651008605957,1,3.7416574954986572,0.995976851895424,0.0040231481045760464,7.6157732009887695,0.9940078963175841,0.0059921036824158724,15.779733657836914,0.7656078572271487,0.23439214277285125
survset:support2,DeepHit,1,42,5154,13.22875690460205,1,3.7416574954986572,0.9709982584910509,0.029001741508949075,7.6157732009887695,0.9419633336081775,0.05803666639182248,15.779733657836914,0.6695284565076337,0.3304715434923663
survset:support2,DeepHit,1,42,8431,13.114876747131348,1,3.7416574954986572,0.9905398917371253,0.009460108262874689,7.6157732009887695,0.9856358694724482,0.01436413052755181,15.779733657836914,0.7738735586150834,0.22612644138491655
survset:support2,DeepHit,1,42,8779,2.4494898319244385,1,3.7416574954986572,0.43521894629589497,0.564781053704105,7.6157732009887695,0.035978808998867254,0.9640211910011327,15.779733657836914,0.025187177265428004,0.974812822734572
survset:support2,DeepHit,1,42,3547,42.96510314941406,0,3.7416574954986572,0.989317162254222,0.010682837745778051,7.6157732009887695,0.982423663109362,0.017576336890637978,15.779733657836914,0.7570285374763145,0.2429714625236855
survset:support2,DeepHit,1,42,3976,3.605551242828369,1,3.7416574954986572,0.4707794836074942,0.5292205163925058,7.6157732009887695,0.019619413676903227,0.9803805863230968,15.779733657836914,0.010346063268144912,0.9896539367318551
survset:support2,DeepHit,1,42,5232,13.490737915039062,1,3.7416574954986572,0.9909111917001533,0.009088808299846707,7.6157732009887695,0.9811815218149004,0.01881847818509963,15.779733657836914,0.6596551352781294,0.34034486472187064
survset:support2,DeepHit,1,42,6690,2.6457512378692627,1,3.7416574954986572,0.4313915910721002,0.5686084089278998,7.6157732009887695,0.07056834896890798,0.929431651031092,15.779733657836914,0.04443289285988753,0.9555671071401125
survset:support2,DeepHit,1,42,5989,43.669212341308594,0,3.7416574954986572,0.9923919253604264,0.007608074639573581,7.6157732009887695,0.9888387530682307,0.011161246931769342,15.779733657836914,0.8060178747217759,0.19398212527822412
survset:support2,DeepHit,1,42,2783,28.17800521850586,0,3.7416574954986572,0.9916352500822775,0.008364749917722514,7.6157732009887695,0.9815044503269924,0.018495549673007594,15.779733657836914,0.7431299108273456,0.2568700891726544
survset:support2,DeepHit,1,42,3457,10.14889144897461,1,3.7416574954986572,0.9919468957825496,0.008053104217450424,7.6157732009887695,0.9840803239655963,0.015919676034403696,15.779733657836914,0.6405526844383655,0.35944731556163445
survset:support2,DeepHit,1,42,5859,7.874007701873779,1,3.7416574954986572,0.9807815279160463,0.019218472083953664,7.6157732009887695,0.969882797908359,0.030117202091641038,15.779733657836914,0.71777833146314,0.28222166853686004
survset:support2,DeepHit,1,42,6020,5.656854152679443,1,3.7416574954986572,0.5527150859471602,0.44728491405283977,7.6157732009887695,0.025659018733148978,0.974340981266851,15.779733657836914,0.01734204726689124,0.9826579527331087
survset:support2,DeepHit,1,42,8463,17.464248657226562,1,3.7416574954986572,0.9802702330246087,0.019729766975391305,7.6157732009887695,0.956589145011326,0.04341085498867403,15.779733657836914,0.6677185367681044,0.33228146323189556
survset:support2,DeepHit,1,42,4975,24.26932144165039,1,3.7416574954986572,0.9964826117424093,0.0035173882575907367,7.6157732009887695,0.993705422403513,0.006294577596486994,15.779733657836914,0.7537099679848493,0.24629003201515065
survset:support2,DeepHit,1,42,5477,3.0,1,3.7416574954986572,0.3933196387523521,0.6066803612476479,7.6157732009887695,0.026612942110772225,0.9733870578892277,15.779733657836914,0.017863215175369308,0.9821367848246307
survset:support2,DeepHit,1,42,7391,16.61324691772461,1,3.7416574954986572,0.9891041150467711,0.010895884953228907,7.6157732009887695,0.9808325604458834,0.019167439554116594,15.779733657836914,0.7524810174674006,0.2475189825325994
survset:support2,DeepHit,1,42,8393,4.242640495300293,1,3.7416574954986572,0.4722530596374428,0.5277469403625572,7.6157732009887695,0.048088056980543296,0.9519119430194567,15.779733657836914,0.03148709467800956,0.9685129053219904
survset:support2,DeepHit,1,42,2472,4.123105525970459,1,3.7416574954986572,0.5353555378179014,0.46464446218209865,7.6157732009887695,0.030301950248341605,0.9696980497516584,15.779733657836914,0.01864719787276467,0.9813528021272353
survset:support2,DeepHit,1,42,3560,42.72002029418945,0,3.7416574954986572,0.9963555271267891,0.003644472873210902,7.6157732009887695,0.9935250410179952,0.006474958982004786,15.779733657836914,0.76347905035238,0.23652094964762005
survset:support2,DeepHit,1,42,3139,21.118711471557617,0,3.7416574954986572,0.9870994667741801,0.012900533225819855,7.6157732009887695,0.9794400651172074,0.02055993488279262,15.779733657836914,0.6924346487205882,0.30756535127941176
survset:support2,DeepHit,1,42,3328,2.0,1,3.7416574954986572,0.4345122325133288,0.5654877674866712,7.6157732009887695,0.0964875369857885,0.9035124630142115,15.779733657836914,0.060588230575266126,0.9394117694247339
survset:support2,DeepHit,1,42,3371,3.464101552963257,1,3.7416574954986572,0.5043288029720537,0.49567119702794626,7.6157732009887695,0.023596421291731874,0.9764035787082681,15.779733657836914,0.015604403205340154,0.9843955967946598
survset:support2,DeepHit,1,42,3729,2.0,1,3.7416574954986572,0.448822743197771,0.5511772568022291,7.6157732009887695,0.01984470732586611,0.9801552926741339,15.779733657836914,0.015871012573023115,0.9841289874269769
survset:support2,DeepHit,1,42,5262,24.59674835205078,0,3.7416574954986572,0.9890340728119861,0.010965927188013924,7.6157732009887695,0.9826073926414106,0.017392607358589385,15.779733657836914,0.7231360124786416,0.27686398752135843
survset:support2,DeepHit,1,42,5329,8.5440034866333,1,3.7416574954986572,0.9824570319966327,0.0175429680033673,7.6157732009887695,0.9491823660733392,0.05081763392666083,15.779733657836914,0.5304889649362553,0.4695110350637447
survset:support2,DeepHit,1,42,3998,9.05538558959961,1,3.7416574954986572,0.9967611437178024,0.0032388562821975553,7.6157732009887695,0.9938973361784991,0.006102663821500931,15.779733657836914,0.7745510786716564,0.2254489213283436
survset:support2,DeepHit,1,42,4129,37.53664779663086,0,3.7416574954986572,0.9890980240107002,0.010901975989299761,7.6157732009887695,0.9826707050493622,0.01732929495063784,15.779733657836914,0.7294382946762433,0.2705617053237567
survset:support2,DeepHit,1,42,1057,29.631065368652344,0,3.7416574954986572,0.9847063551327572,0.015293644867242828,7.6157732009887695,0.9783384910616887,0.021661508938311314,15.779733657836914,0.7857767413085636,0.21422325869143644
survset:support2,DeepHit,1,42,7856,13.67479419708252,1,3.7416574954986572,0.985674901541267,0.014325098458732977,7.6157732009887695,0.9665138102587262,0.03348618974127382,15.779733657836914,0.620884590786711,0.379115409213289
survset:support2,DeepHit,1,42,6522,8.306623458862305,1,3.7416574954986572,0.9605028144277238,0.03949718557227622,7.6157732009887695,0.9179701533706244,0.08202984662937562,15.779733657836914,0.6212218415410309,0.3787781584589691
survset:support2,DeepHit,1,42,1383,16.703292846679688,1,3.7416574954986572,0.9893402095692672,0.01065979043073284,7.6157732009887695,0.9846339952697132,0.01536600473028682,15.779733657836914,0.7307295982773192,0.2692704017226808
survset:support2,DeepHit,1,42,6225,33.15116882324219,1,3.7416574954986572,0.9885599160544627,0.011440083945537305,7.6157732009887695,0.9822166891309057,0.01778331086909435,15.779733657836914,0.736245751679054,0.26375424832094596
survset:support2,DeepHit,1,42,8764,26.88865852355957,0,3.7416574954986572,0.9888389293347852,0.011161070665214767,7.6157732009887695,0.9822721482984752,0.0177278517015248,15.779733657836914,0.7378248413013678,0.26217515869863217
survset:support2,DeepHit,1,42,6377,39.97499084472656,0,3.7416574954986572,0.9933147731264838,0.006685226873516248,7.6157732009887695,0.989285828039716,0.010714171960284014,15.779733657836914,0.7792083433642569,0.22079165663574307
survset:support2,DeepHit,1,42,5182,25.139610290527344,0,3.7416574954986572,0.9877287514443595,0.012271248555640546,7.6157732009887695,0.9730618194555167,0.02693818054448327,15.779733657836914,0.7009493941265197,0.2990506058734803
survset:support2,DeepHit,1,42,1104,16.5227108001709,1,3.7416574954986572,0.9909162620494171,0.009083737950582926,7.6157732009887695,0.9620512049000278,0.03794879509997218,15.779733657836914,0.6782121329494828,0.3217878670505172
survset:support2,DeepHit,1,42,4639,26.095975875854492,1,3.7416574954986572,0.9969406890328679,0.0030593109671320784,7.6157732009887695,0.9899248099016233,0.010075190098376652,15.779733657836914,0.7328050850099349,0.2671949149900651
survset:support2,DeepHit,1,42,8710,28.337255477905273,0,3.7416574954986572,0.995205128940115,0.004794871059884964,7.6157732009887695,0.9920902435312982,0.007909756468701845,15.779733657836914,0.8096731026643469,0.1903268973356531
survset:support2,DeepHit,1,42,2391,36.386810302734375,0,3.7416574954986572,0.9953553020420407,0.004644697957959298,7.6157732009887695,0.9942709465721529,0.0057290534278471306,15.779733657836914,0.768019056134685,0.23198094386531498
survset:support2,DeepHit,1,42,1625,2.6457512378692627,1,3.7416574954986572,0.5959675127778375,0.40403248722216245,7.6157732009887695,0.04897331120430783,0.9510266887956922,15.779733657836914,0.03543718531865816,0.9645628146813419
survset:support2,DeepHit,1,42,8760,27.276363372802734,0,3.7416574954986572,0.9855360890497341,0.01446391095026589,7.6157732009887695,0.9755458526238727,0.024454147376127278,15.779733657836914,0.77867385514271,0.22132614485728996
survset:support2,DeepHit,1,42,7672,20.174240112304688,0,3.7416574954986572,0.9890334719477317,0.010966528052268276,7.6157732009887695,0.9779676977072967,0.022032302292703254,15.779733657836914,0.6979461353811877,0.30205386461881234
survset:support2,DeepHit,1,42,7476,7.6157732009887695,1,3.7416574954986572,0.5078811174471938,0.4921188825528062,7.6157732009887695,0.034506838433545545,0.9654931615664545,15.779733657836914,0.01978145256533628,0.9802185474346637
survset:support2,DeepHit,1,42,5366,23.706539154052734,0,3.7416574954986572,0.9851660638578692,0.0148339361421308,7.6157732009887695,0.9769250319162534,0.02307496808374665,15.779733657836914,0.745283069721899,0.25471693027810105
survset:support2,DeepHit,1,42,8563,31.160873413085938,0,3.7416574954986572,0.9780218167787593,0.021978183221240677,7.6157732009887695,0.944570236962316,0.05542976303768399,15.779733657836914,0.6739729927972141,0.3260270072027859
survset:support2,DeepHit,1,42,4331,6.855654716491699,1,3.7416574954986572,0.5755399806275241,0.4244600193724759,7.6157732009887695,0.026022869446658346,0.9739771305533417,15.779733657836914,0.022044734442044116,0.9779552655579559
survset:support2,DeepHit,1,42,1067,4.123105525970459,1,3.7416574954986572,0.4569199249066504,0.5430800750933495,7.6157732009887695,0.02929711882135258,0.9707028811786474,15.779733657836914,0.02003565497997294,0.979964345020027
survset:support2,DeepHit,1,42,6557,4.0,1,3.7416574954986572,0.5225261033344971,0.4774738966655029,7.6157732009887695,0.031154452294594896,0.9688455477054051,15.779733657836914,0.020320337507273366,0.9796796624927266
survset:support2,DeepHit,1,42,6039,43.24349594116211,0,3.7416574954986572,0.9945941967785535,0.005405803221446459,7.6157732009887695,0.9894778326333387,0.010522167366661339,15.779733657836914,0.785323882829529,0.21467611717047097
survset:support2,DeepHit,1,42,3235,4.123105525970459,1,3.7416574954986572,0.40802126219521945,0.5919787378047805,7.6157732009887695,0.031225233039744664,0.9687747669602553,15.779733657836914,0.013433369641924134,0.9865666303580759
survset:support2,DeepHit,1,42,8674,8.366600036621094,1,3.7416574954986572,0.987894595039783,0.012105404960216948,7.6157732009887695,0.9672056842686027,0.03279431573139735,15.779733657836914,0.6330932852249315,0.36690671477506853
survset:support2,DeepHit,1,42,8080,32.893768310546875,1,3.7416574954986572,0.9793505541842352,0.020649445815764778,7.6157732009887695,0.9643452573517951,0.035654742648204896,15.779733657836914,0.7077395964901109,0.29226040350988913
survset:support2,DeepHit,1,42,4015,3.605551242828369,1,3.7416574954986572,0.4632644677862608,0.5367355322137393,7.6157732009887695,0.030467287948441623,0.9695327120515583,15.779733657836914,0.024117589791910258,0.9758824102080897
survset:support2,DeepHit,1,42,1958,3.464101552963257,1,3.7416574954986572,0.5396257782004837,0.46037422179951626,7.6157732009887695,0.0615660060564206,0.9384339939435794,15.779733657836914,0.033168442903425396,0.9668315570965746
survset:support2,DeepHit,1,42,2645,19.84943389892578,1,3.7416574954986572,0.9969418172747968,0.0030581827252031957,7.6157732009887695,0.9954599581433208,0.004540041856679222,15.779733657836914,0.777062193646878,0.222937806353122
survset:support2,DeepHit,1,42,5815,19.416488647460938,1,3.7416574954986572,0.991536836378448,0.008463163621551972,7.6157732009887695,0.9776083866113908,0.022391613388609177,15.779733657836914,0.6372490112827459,0.3627509887172541
survset:support2,DeepHit,1,42,529,39.799495697021484,0,3.7416574954986572,0.9909706055512845,0.009029394448715533,7.6157732009887695,0.9837868822318971,0.016213117768102858,15.779733657836914,0.7268292557181761,0.27317074428182386
survset:support2,DeepHit,1,42,2516,31.85906410217285,0,3.7416574954986572,0.9918148835740914,0.008185116425908578,7.6157732009887695,0.982178742536177,0.017821257463823015,15.779733657836914,0.6749775060992543,0.32502249390074567
survset:support2,DeepHit,1,42,6846,6.480740547180176,1,3.7416574954986572,0.4526330318862242,0.5473669681137758,7.6157732009887695,0.03183372903530931,0.9681662709646907,15.779733657836914,0.02344215318157568,0.9765578468184243
survset:support2,DeepHit,1,42,1219,26.739484786987305,0,3.7416574954986572,0.9876518477533384,0.012348152246661637,7.6157732009887695,0.9796676596510185,0.02033234034898146,15.779733657836914,0.7715699150302578,0.22843008496974215
survset:support2,DeepHit,1,42,6073,5.0,1,3.7416574954986572,0.5822101812698568,0.4177898187301432,7.6157732009887695,0.1752253134602571,0.824774686539743,15.779733657836914,0.15236107812364175,0.8476389218763583
survset:support2,DeepHit,1,42,8401,36.37306594848633,0,3.7416574954986572,0.9959470934721066,0.004052906527893363,7.6157732009887695,0.9926327136160401,0.007367286383959892,15.779733657836914,0.784159259890662,0.21584074010933796
survset:support2,DeepHit,1,42,3297,10.770329475402832,1,3.7416574954986572,0.9893581551830894,0.01064184481691055,7.6157732009887695,0.98558837938087,0.014411620619130039,15.779733657836914,0.7172034762112376,0.2827965237887624
survset:support2,DeepHit,1,42,2144,39.37004089355469,0,3.7416574954986572,0.9937174475694904,0.006282552430509569,7.6157732009887695,0.9900229232363279,0.0099770767636721,15.779733657836914,0.7627554964405292,0.2372445035594708
survset:support2,DeepHit,1,42,7207,2.6457512378692627,1,3.7416574954986572,0.47685124508071364,0.5231487549192864,7.6157732009887695,0.05287340637826621,0.9471265936217338,15.779733657836914,0.024269991415259838,0.9757300085847401
survset:support2,DeepHit,1,42,457,16.462078094482422,1,3.7416574954986572,0.9893827744056999,0.010617225594300117,7.6157732009887695,0.9725045650596837,0.027495434940316255,15.779733657836914,0.6744894248638033,0.32551057513619674
survset:support2,DeepHit,1,42,6155,25.65151023864746,1,3.7416574954986572,0.9945028558969674,0.005497144103032592,7.6157732009887695,0.9793925025025665,0.020607497497433513,15.779733657836914,0.7119467118330557,0.2880532881669443
survset:support2,DeepHit,1,42,2923,10.677078247070312,1,3.7416574954986572,0.9702244219205675,0.02977557807943254,7.6157732009887695,0.9396408472943545,0.060359152705645513,15.779733657836914,0.7020394130961548,0.2979605869038452
survset:support2,DeepHit,1,42,5967,1.7320507764816284,1,3.7416574954986572,0.5685864300662697,0.43141356993373026,7.6157732009887695,0.03224291884854089,0.9677570811514591,15.779733657836914,0.014971625025336855,0.9850283749746631
survset:support2,DeepHit,1,42,7717,19.05255889892578,0,3.7416574954986572,0.9943000569064271,0.005699943093572912,7.6157732009887695,0.9880193839213723,0.01198061607862766,15.779733657836914,0.6917435817362513,0.3082564182637487
survset:support2,DeepHit,1,42,8,7.937253952026367,1,3.7416574954986572,0.9899843589706459,0.01001564102935415,7.6157732009887695,0.9618737910514675,0.03812620894853247,15.779733657836914,0.6010066918992872,0.39899330810071276
survset:support2,DeepHit,1,42,4859,9.797959327697754,1,3.7416574954986572,0.9933981960116183,0.006601803988381727,7.6157732009887695,0.9880386417451547,0.011961358254845345,15.779733657836914,0.7511719075584024,0.24882809244159765
survset:support2,DeepHit,1,42,5776,18.973665237426758,0,3.7416574954986572,0.9915092713574826,0.008490728642517431,7.6157732009887695,0.9870188676257539,0.01298113237424614,15.779733657836914,0.7934615050324161,0.20653849496758392
survset:support2,DeepHit,1,42,7227,2.4494898319244385,1,3.7416574954986572,0.4117888943589034,0.5882111056410966,7.6157732009887695,0.023266112310924375,0.9767338876890757,15.779733657836914,0.011690861121421833,0.9883091388785782
survset:support2,DeepHit,1,42,2223,38.470767974853516,0,3.7416574954986572,0.9922157177064697,0.007784282293530342,7.6157732009887695,0.9879289099765646,0.012071090023435427,15.779733657836914,0.744306087030133,0.255693912969867
survset:support2,DeepHit,1,42,8308,37.93415451049805,0,3.7416574954986572,0.9937481666902407,0.006251833309759314,7.6157732009887695,0.9907883840398906,0.009211615960109443,15.779733657836914,0.7783990325575274,0.2216009674424726
survset:support2,DeepHit,1,42,491,2.2360680103302,1,3.7416574954986572,0.4223394311810145,0.5776605688189855,7.6157732009887695,0.031935412230090596,0.9680645877699094,15.779733657836914,0.02243975045593547,0.9775602495440645
survset:support2,DeepHit,1,42,7516,2.8284270763397217,1,3.7416574954986572,0.46506483117708813,0.5349351688229118,7.6157732009887695,0.06928700993226256,0.9307129900677374,15.779733657836914,0.04160002513301068,0.9583999748669894
survset:support2,DeepHit,1,42,5312,8.485280990600586,1,3.7416574954986572,0.9822380943466642,0.017761905653335797,7.6157732009887695,0.9535859816180728,0.04641401838192716,15.779733657836914,0.6742381504086399,0.3257618495913601
survset:support2,DeepHit,1,42,1976,8.9442720413208,1,3.7416574954986572,0.9902669936053684,0.009733006394631594,7.6157732009887695,0.9682752067492423,0.03172479325075772,15.779733657836914,0.6526426606683565,0.3473573393316435
survset:support2,DeepHit,1,42,3316,10.630146026611328,1,3.7416574954986572,0.9914715759216193,0.008528424078380725,7.6157732009887695,0.9834973833142938,0.016502616685706184,15.779733657836914,0.7143686319466387,0.2856313680533613
survset:support2,DeepHit,1,42,7569,21.88606834411621,0,3.7416574954986572,0.9810746827486291,0.01892531725137092,7.6157732009887695,0.9603606922063884,0.03963930779361158,15.779733657836914,0.7120294891361308,0.28797051086386916
survset:support2,DeepHit,1,42,178,4.4721360206604,1,3.7416574954986572,0.4543997127981043,0.5456002872018957,7.6157732009887695,0.13276834865975884,0.8672316513402412,15.779733657836914,0.1075292575929111,0.8924707424070889
survset:support2,DeepHit,1,42,480,40.360870361328125,0,3.7416574954986572,0.9902541334085683,0.009745866591431729,7.6157732009887695,0.9810058870226862,0.018994112977313793,15.779733657836914,0.6982174035066496,0.3017825964933504
survset:support2,DeepHit,1,42,2856,1.7320507764816284,1,3.7416574954986572,0.5500661181243339,0.4499338818756661,7.6157732009887695,0.046685228964318704,0.9533147710356813,15.779733657836914,0.031222560287361104,0.9687774397126389
survset:support2,DeepHit,1,42,7938,42.69660568237305,0,3.7416574954986572,0.9879768998288521,0.012023100171147938,7.6157732009887695,0.9808920655473509,0.019107934452649133,15.779733657836914,0.7385317364216911,0.2614682635783089
survset:support2,DeepHit,1,42,9016,6.78233003616333,1,3.7416574954986572,0.5359207718095214,0.46407922819047864,7.6157732009887695,0.061047544174505294,0.9389524558254947,15.779733657836914,0.034250340513849134,0.9657496594861509
survset:support2,DeepHit,1,42,7410,24.556058883666992,0,3.7416574954986572,0.9978920233921768,0.0021079766078232476,7.6157732009887695,0.9961810893350286,0.00381891066497142,15.779733657836914,0.7614331335414556,0.2385668664585444
survset:support2,DeepHit,1,42,826,36.13862228393555,0,3.7416574954986572,0.991003284413402,0.008996715586597981,7.6157732009887695,0.9801191694494794,0.01988083055052059,15.779733657836914,0.729128537320702,0.27087146267929796
survset:support2,DeepHit,1,42,4666,2.2360680103302,1,3.7416574954986572,0.4958302758005625,0.5041697241994375,7.6157732009887695,0.05809539295412427,0.9419046070458758,15.779733657836914,0.04171728077487797,0.958282719225122
survset:support2,DeepHit,1,42,8898,24.22808265686035,0,3.7416574954986572,0.9948876523121678,0.005112347687832197,7.6157732009887695,0.9927002324968146,0.007299767503185395,15.779733657836914,0.7836554144302444,0.21634458556975555
survset:support2,DeepHit,1,42,8789,26.057628631591797,1,3.7416574954986572,0.9877252549916274,0.012274745008372556,7.6157732009887695,0.9787667360494207,0.02123326395057934,15.779733657836914,0.7198738008792774,0.28012619912072256
survset:support2,DeepHit,1,42,8713,28.301942825317383,0,3.7416574954986572,0.9909097751073481,0.009090224892651877,7.6157732009887695,0.9853047328722482,0.014695267127751821,15.779733657836914,0.7317632748357187,0.2682367251642813
survset:support2,DeepHit,1,42,8128,16.031219482421875,1,3.7416574954986572,0.9886314704942014,0.011368529505798586,7.6157732009887695,0.9749525812325543,0.02504741876744565,15.779733657836914,0.6576334539719448,0.34236654602805516
survset:support2,DeepHit,1,42,8724,13.190905570983887,1,3.7416574954986572,0.9924976529124689,0.007502347087531058,7.6157732009887695,0.986353562103028,0.013646437896971952,15.779733657836914,0.729848520209852,0.270151479790148
survset:support2,DeepHit,1,42,5646,10.049875259399414,1,3.7416574954986572,0.9883418905554788,0.01165810944452117,7.6157732009887695,0.9762556567814846,0.023744343218515374,15.779733657836914,0.6701572916824847,0.3298427083175153
survset:support2,DeepHit,1,42,154,43.8292121887207,0,3.7416574954986572,0.9841561979731263,0.015843802026873743,7.6157732009887695,0.9654081481586964,0.034591851841303645,15.779733657836914,0.721736812037245,0.27826318796275495
survset:support2,DeepHit,1,42,7409,2.0,1,3.7416574954986572,0.49309244371528055,0.5069075562847194,7.6157732009887695,0.040824858110531395,0.9591751418894686,15.779733657836914,0.02580599205809286,0.9741940079419071
survset:support2,DeepHit,1,42,6852,4.242640495300293,1,3.7416574954986572,0.5461697533914428,0.4538302466085572,7.6157732009887695,0.04225452784051186,0.9577454721594881,15.779733657836914,0.025114278499176433,0.9748857215008235
survset:support2,DeepHit,1,42,757,37.0675048828125,0,3.7416574954986572,0.996286298969378,0.003713701030621963,7.6157732009887695,0.9925560662902873,0.007443933709712747,15.779733657836914,0.7906183526444409,0.2093816473555591
survset:support2,DeepHit,1,42,5724,3.1622776985168457,1,3.7416574954986572,0.34413029007561874,0.6558697099243813,7.6157732009887695,0.017770296378575596,0.9822297036214244,15.779733657836914,0.013930427824934132,0.9860695721750659
survset:support2,DeepHit,1,42,5101,2.6457512378692627,1,3.7416574954986572,0.6079783828508328,0.39202161714916717,7.6157732009887695,0.04981228120493952,0.9501877187950605,15.779733657836914,0.03600021942804018,0.9639997805719598
survset:support2,DeepHit,1,42,1843,42.88356399536133,0,3.7416574954986572,0.990202883082328,0.009797116917672044,7.6157732009887695,0.9681039112156786,0.031896088784321375,15.779733657836914,0.6191225027697932,0.3808774972302068
survset:support2,DeepHit,1,42,2776,5.74456262588501,1,3.7416574954986572,0.5192863830895038,0.4807136169104962,7.6157732009887695,0.020485075668407047,0.9795149243315929,15.779733657836914,0.01328651292892066,0.9867134870710793
survset:support2,DeepHit,1,42,5557,21.63330841064453,0,3.7416574954986572,0.990572124252738,0.009427875747262005,7.6157732009887695,0.9841634582260266,0.015836541773973423,15.779733657836914,0.7314884496225432,0.2685115503774568
survset:support2,DeepHit,1,42,8079,35.958309173583984,1,3.7416574954986572,0.989519630122474,0.010480369877525986,7.6157732009887695,0.9818647883060642,0.018135211693935838,15.779733657836914,0.7489527061101285,0.25104729388987146
survset:support2,DeepHit,1,42,3943,7.280109882354736,1,3.7416574954986572,0.5280204475030121,0.47197955249698786,7.6157732009887695,0.07168500321898122,0.9283149967810188,15.779733657836914,0.04054601050474415,0.9594539894952558
survset:support2,DeepHit,1,42,6802,5.196152210235596,1,3.7416574954986572,0.49715720757118376,0.5028427924288162,7.6157732009887695,0.018653744669161983,0.981346255330838,15.779733657836914,0.010074377126188444,0.9899256228738116
survset:support2,DeepHit,1,42,3528,26.60826873779297,1,3.7416574954986572,0.9953129412841868,0.004687058715813208,7.6157732009887695,0.9902105574306889,0.009789442569311135,15.779733657836914,0.7402790767279056,0.2597209232720944
survset:support2,DeepHit,1,42,8768,22.759613037109375,1,3.7416574954986572,0.9893808861741913,0.010619113825808713,7.6157732009887695,0.9818512198984822,0.01814878010151777,15.779733657836914,0.7230548343313054,0.27694516566869465
survset:support2,DeepHit,1,42,890,2.0,1,3.7416574954986572,0.44566266492249884,0.5543373350775012,7.6157732009887695,0.03056582416948367,0.9694341758305163,15.779733657836914,0.01760679004191469,0.9823932099580853
survset:support2,DeepHit,1,42,6253,41.26742172241211,0,3.7416574954986572,0.9925335636531922,0.00746643634680777,7.6157732009887695,0.9840942311820741,0.015905768817925936,15.779733657836914,0.773134450684569,0.22686554931543101
survset:support2,DeepHit,1,42,328,8.306623458862305,1,3.7416574954986572,0.9927392127636054,0.007260787236394561,7.6157732009887695,0.9817145516681778,0.01828544833182222,15.779733657836914,0.7292235573272698,0.27077644267273016
survset:support2,DeepHit,1,42,2889,21.725561141967773,1,3.7416574954986572,0.9938877562729793,0.006112243727020683,7.6157732009887695,0.9853650061508071,0.014634993849192868,15.779733657836914,0.6850592419367094,0.3149407580632906
survset:support2,DeepHit,1,42,1385,23.8117618560791,0,3.7416574954986572,0.9870849654713995,0.012915034528600544,7.6157732009887695,0.977171156875634,0.02282884312436595,15.779733657836914,0.7534867254019932,0.24651327459800676
survset:support2,DeepHit,1,42,5928,6.7082037925720215,1,3.7416574954986572,0.4345901851591379,0.5654098148408622,7.6157732009887695,0.04761900150479102,0.952380998495209,15.779733657836914,0.023480658002940316,0.9765193419970597
survset:support2,DeepHit,1,42,898,4.0,1,3.7416574954986572,0.4727568521209031,0.5272431478790969,7.6157732009887695,0.01246136267814163,0.9875386373218584,15.779733657836914,0.008825335603327432,0.9911746643966726
survset:support2,DeepHit,1,42,7134,28.1069393157959,0,3.7416574954986572,0.9920757415543356,0.007924258445664356,7.6157732009887695,0.981901623582522,0.018098376417478024,15.779733657836914,0.6919969969897325,0.3080030030102675
survset:support2,DeepHit,1,42,1542,8.124038696289062,1,3.7416574954986572,0.9756149416699923,0.024385058330007703,7.6157732009887695,0.9561261897388411,0.043873810261158885,15.779733657836914,0.7495811193485797,0.25041888065142026
survset:support2,DeepHit,1,42,5538,21.79449462890625,0,3.7416574954986572,0.9932486553095963,0.006751344690403727,7.6157732009887695,0.9873828647132007,0.012617135286799308,15.779733657836914,0.7594352602494916,0.2405647397505084
survset:support2,DeepHit,1,42,6706,5.0,1,3.7416574954986572,0.47520168749685865,0.5247983125031414,7.6157732009887695,0.041440430639504776,0.9585595693604952,15.779733657836914,0.024919825037040724,0.9750801749629593
survset:support2,DeepHit,1,42,6389,6.082762718200684,1,3.7416574954986572,0.5641816913012047,0.43581830869879534,7.6157732009887695,0.04539807189351854,0.9546019281064815,15.779733657836914,0.019297014456759916,0.9807029855432401
survset:support2,DeepHit,1,42,5118,11.832159996032715,1,3.7416574954986572,0.9938212874125224,0.006178712587477597,7.6157732009887695,0.9904992664895971,0.009500733510402926,15.779733657836914,0.7331647067743127,0.26683529322568733
survset:support2,DeepHit,1,42,160,41.121768951416016,1,3.7416574954986572,0.9868788230416486,0.013121176958351355,7.6157732009887695,0.9751048969998807,0.024895103000119323,15.779733657836914,0.7481121779945702,0.2518878220054298
survset:support2,DeepHit,1,42,7005,7.6157732009887695,1,3.7416574954986572,0.44628468793413073,0.5537153120658693,7.6157732009887695,0.028819438097900094,0.9711805619020999,15.779733657836914,0.017996975020948894,0.9820030249790511
survset:support2,DeepHit,1,42,379,22.803508758544922,1,3.7416574954986572,0.9925496062412422,0.007450393758757778,7.6157732009887695,0.9890329470360707,0.010967052963929302,15.779733657836914,0.709016604836935,0.29098339516306504
survset:support2,DeepHit,1,42,8851,1.7320507764816284,1,3.7416574954986572,0.41995517047778375,0.5800448295222163,7.6157732009887695,0.0452434829590099,0.9547565170409901,15.779733657836914,0.025495366968018518,0.9745046330319815
survset:support2,DeepHit,1,42,4464,3.605551242828369,1,3.7416574954986572,0.563230053813045,0.43676994618695497,7.6157732009887695,0.02232011159823179,0.9776798884017682,15.779733657836914,0.013973921084677833,0.9860260789153221
survset:support2,DeepHit,1,42,7721,8.426149368286133,1,3.7416574954986572,0.9844449098446494,0.015555090155350615,7.6157732009887695,0.9627695662087271,0.03723043379127289,15.779733657836914,0.6349217899312086,0.3650782100687914
survset:support2,DeepHit,1,42,2804,5.656854152679443,1,3.7416574954986572,0.5661313092331482,0.43386869076685175,7.6157732009887695,0.09752439617004693,0.9024756038299531,15.779733657836914,0.052170733073412294,0.9478292669265878
survset:support2,DeepHit,1,42,8845,6.557438373565674,1,3.7416574954986572,0.5127019976332106,0.48729800236678944,7.6157732009887695,0.0479006851062902,0.9520993148937098,15.779733657836914,0.026792674163572432,0.9732073258364276
survset:support2,DeepHit,1,42,3164,3.1622776985168457,1,3.7416574954986572,0.45316316190663203,0.5468368380933679,7.6157732009887695,0.030252030190577026,0.969747969809423,15.779733657836914,0.019341489912271942,0.9806585100877281
survset:support2,DeepHit,1,42,7505,23.043437957763672,0,3.7416574954986572,0.9921111792531597,0.007888820746840275,7.6157732009887695,0.987532477305014,0.012467522694985966,15.779733657836914,0.7978692148384583,0.2021307851615417
survset:support2,DeepHit,1,42,4713,4.4721360206604,1,3.7416574954986572,0.4271365350266217,0.5728634649733784,7.6157732009887695,0.013600239282901664,0.9863997607170983,15.779733657836914,0.00957847797636546,0.9904215220236345
survset:support2,DeepHit,1,42,1692,8.426149368286133,1,3.7416574954986572,0.9899827498401546,0.010017250159845448,7.6157732009887695,0.9831469185699044,0.016853081430095562,15.779733657836914,0.717074267243226,0.282925732756774
survset:support2,DeepHit,1,42,4504,2.0,1,3.7416574954986572,0.3979458665946074,0.6020541334053926,7.6157732009887695,0.04243822182037514,0.9575617781796248,15.779733657836914,0.02257514390825298,0.977424856091747
survset:support2,DeepHit,1,42,1921,6.480740547180176,1,3.7416574954986572,0.49776607100547754,0.5022339289945225,7.6157732009887695,0.041591783057985256,0.9584082169420147,15.779733657836914,0.018593553427459136,0.9814064465725408
survset:support2,DeepHit,1,42,8006,21.14237403869629,1,3.7416574954986572,0.9844341603239716,0.015565839676028426,7.6157732009887695,0.9701518424634626,0.029848157536537356,15.779733657836914,0.6934222429714719,0.3065777570285281
survset:support2,DeepHit,1,42,2401,36.2353401184082,0,3.7416574954986572,0.9886915955374178,0.011308404462582189,7.6157732009887695,0.9794321292898045,0.0205678707101955,15.779733657836914,0.6828387476374106,0.3171612523625894
survset:support2,DeepHit,1,42,974,5.74456262588501,1,3.7416574954986572,0.5917353045111058,0.4082646954888942,7.6157732009887695,0.0412461207229237,0.9587538792770763,15.779733657836914,0.02929091758311082,0.9707090824168891
survset:support2,DeepHit,1,42,4573,30.659420013427734,0,3.7416574954986572,0.9958213899949009,0.004178610005099115,7.6157732009887695,0.9934944604016357,0.006505539598364307,15.779733657836914,0.7499799264850948,0.2500200735149052
survset:support2,DeepHit,1,42,3800,9.746794700622559,1,3.7416574954986572,0.9918459271042468,0.008154072895753206,7.6157732009887695,0.9871367725295639,0.012863227470436112,15.779733657836914,0.7408860147595626,0.2591139852404374
survset:support2,DeepHit,1,42,3380,25.961509704589844,1,3.7416574954986572,0.9882756104935779,0.011724389506422073,7.6157732009887695,0.9710679887144157,0.028932011285584314,15.779733657836914,0.7006752296658347,0.29932477033416527
survset:support2,DeepHit,1,42,259,26.438608169555664,1,3.7416574954986572,0.991025810485027,0.008974189514972974,7.6157732009887695,0.983147835667719,0.016852164332280983,15.779733657836914,0.711650535326262,0.288349464673738
survset:support2,DeepHit,1,42,831,3.7416574954986572,1,3.7416574954986572,0.5031212950890199,0.4968787049109801,7.6157732009887695,0.04338302041097411,0.9566169795890259,15.779733657836914,0.028015815823022504,0.9719841841769775
survset:support2,DeepHit,1,42,8426,2.0,1,3.7416574954986572,0.4184486409636748,0.5815513590363253,7.6157732009887695,0.026252088303369878,0.9737479116966301,15.779733657836914,0.01945498357131862,0.9805450164286814
survset:support2,DeepHit,1,42,3991,3.464101552963257,1,3.7416574954986572,0.5070039801910768,0.49299601980892316,7.6157732009887695,0.024469230744166487,0.9755307692558335,15.779733657836914,0.012405367174074358,0.9875946328259256
survset:support2,DeepHit,1,42,6127,6.244997978210449,1,3.7416574954986572,0.4952093566653132,0.5047906433346868,7.6157732009887695,0.07696563904922334,0.9230343609507766,15.779733657836914,0.05931094959074588,0.9406890504092541
survset:support2,DeepHit,1,42,6183,20.615528106689453,1,3.7416574954986572,0.9936078371657447,0.006392162834255255,7.6157732009887695,0.9888054437874157,0.01119455621258425,15.779733657836914,0.6686637206800163,0.33133627931998366
survset:support2,DeepHit,1,42,238,4.358899116516113,1,3.7416574954986572,0.3965260067048251,0.6034739932951749,7.6157732009887695,0.020371688321450327,0.9796283116785497,15.779733657836914,0.014280418381950686,0.9857195816180493
survset:support2,DeepHit,1,42,9082,3.1622776985168457,1,3.7416574954986572,0.3958292369214616,0.6041707630785385,7.6157732009887695,0.035213385237760575,0.9647866147622395,15.779733657836914,0.021948729711093032,0.9780512702889069
survset:support2,DeepHit,1,42,92,5.291502475738525,1,3.7416574954986572,0.5772800780424082,0.4227199219575918,7.6157732009887695,0.013044668027002226,0.9869553319729978,15.779733657836914,0.006814100005618729,0.9931858999943812
survset:support2,DeepHit,1,42,3153,5.0,1,3.7416574954986572,0.4925431051130271,0.5074568948869729,7.6157732009887695,0.023532943685569786,0.9764670563144302,15.779733657836914,0.011199454989155914,0.9888005450108441
survset:support2,DeepHit,1,42,1481,3.872983455657959,1,3.7416574954986572,0.40833581536263835,0.5916641846373616,7.6157732009887695,0.023838788915678685,0.9761612110843213,15.779733657836914,0.01209750239298758,0.9879024976070124
survset:support2,DeepHit,1,42,6488,2.6457512378692627,1,3.7416574954986572,0.4589790651993162,0.5410209348006838,7.6157732009887695,0.0848675210670879,0.915132478932912,15.779733657836914,0.05906950973634059,0.9409304902636594
survset:support2,DeepHit,1,42,6424,39.34463119506836,0,3.7416574954986572,0.9711476610840273,0.02885233891597272,7.6157732009887695,0.9467917295069551,0.053208270493044885,15.779733657836914,0.6740641241583306,0.3259358758416694
survset:support2,DeepHit,1,42,8767,13.152946472167969,1,3.7416574954986572,0.9934262472104258,0.006573752789574172,7.6157732009887695,0.9903313757277453,0.009668624272254678,15.779733657836914,0.7197969959108156,0.2802030040891844
survset:support2,DeepHit,1,42,1634,44.81071472167969,0,3.7416574954986572,0.9892367219995132,0.01076327800048682,7.6157732009887695,0.983429926404241,0.016570073595759016,15.779733657836914,0.7742164315184473,0.22578356848155268
survset:support2,DeepHit,1,42,4594,8.306623458862305,1,3.7416574954986572,0.9667464608481258,0.033253539151874234,7.6157732009887695,0.9325418509619816,0.06745814903801839,15.779733657836914,0.673884893907976,0.326115106092024
survset:support2,DeepHit,1,42,5222,24.819347381591797,0,3.7416574954986572,0.994958794121872,0.005041205878127952,7.6157732009887695,0.9923698245414498,0.007630175458550159,15.779733657836914,0.7711108612236866,0.22888913877631345
survset:support2,DeepHit,1,42,2746,28.77499008178711,0,3.7416574954986572,0.9935761272151058,0.006423872784894202,7.6157732009887695,0.9896246373180462,0.010375362681953826,15.779733657836914,0.7930684739150309,0.20693152608496912
survset:support2,DeepHit,1,42,6841,22.38302993774414,1,3.7416574954986572,0.990831799040933,0.009168200959067008,7.6157732009887695,0.9756853125278576,0.024314687472142382,15.779733657836914,0.673048200829023,0.32695179917097705
survset:support2,DeepHit,1,42,5666,2.4494898319244385,1,3.7416574954986572,0.5030992828131187,0.49690071718688134,7.6157732009887695,0.03890553673137866,0.9610944632686214,15.779733657836914,0.01789391285934109,0.982106087140659
survset:support2,DeepHit,1,42,5516,12.884099006652832,1,3.7416574954986572,0.9925663326085674,0.007433667391432586,7.6157732009887695,0.9884108978605924,0.011589102139407559,15.779733657836914,0.7497285699438015,0.25027143005619845
survset:support2,DeepHit,1,42,4150,2.6457512378692627,1,3.7416574954986572,0.36580902636824564,0.6341909736317544,7.6157732009887695,0.032427060789724516,0.9675729392102754,15.779733657836914,0.02007907493196624,0.9799209250680337
survset:support2,DeepHit,1,42,7361,18.30300521850586,1,3.7416574954986572,0.9883448215646715,0.011655178435328484,7.6157732009887695,0.9777971971435254,0.02220280285647458,15.779733657836914,0.7264328381338575,0.2735671618661425
survset:support2,DeepHit,1,42,3227,18.65475845336914,0,3.7416574954986572,0.9528952278426993,0.04710477215730069,7.6157732009887695,0.9230093317109861,0.07699066828901391,15.779733657836914,0.6415840650254067,0.35841593497459334
survset:support2,DeepHit,1,42,1313,25.238859176635742,0,3.7416574954986572,0.9894404118818723,0.010559588118127738,7.6157732009887695,0.9829275106928799,0.01707248930712013,15.779733657836914,0.7186806165275418,0.2813193834724582
survset:support2,DeepHit,1,42,1364,8.0,1,3.7416574954986572,0.992094856893621,0.00790514310637902,7.6157732009887695,0.9839952058607051,0.016004794139294898,15.779733657836914,0.6688534198711872,0.3311465801288128
survset:support2,DeepHit,1,42,2573,3.0,1,3.7416574954986572,0.5157822129260328,0.48421778707396723,7.6157732009887695,0.03545781267942788,0.9645421873205722,15.779733657836914,0.014518516268629461,0.9854814837313706
survset:support2,DeepHit,1,42,5068,26.172504425048828,0,3.7416574954986572,0.9959598547309317,0.004040145269068263,7.6157732009887695,0.9938835677866408,0.006116432213359224,15.779733657836914,0.778025422484047,0.22197457751595295
survset:support2,DeepHit,1,42,754,28.1069393157959,1,3.7416574954986572,0.9965398797171343,0.0034601202828656863,7.6157732009887695,0.9945058255484212,0.005494174451578848,15.779733657836914,0.7937801010787995,0.20621989892120052
survset:support2,DeepHit,1,42,2877,9.165151596069336,1,3.7416574954986572,0.9871382829828941,0.012861717017105923,7.6157732009887695,0.9832826569750204,0.016717343024979625,15.779733657836914,0.7522834510814707,0.24771654891852934
survset:support2,DeepHit,1,42,6528,38.07886505126953,0,3.7416574954986572,0.996094469203051,0.003905530796948997,7.6157732009887695,0.9946127815915461,0.005387218408453909,15.779733657836914,0.8137301936022393,0.1862698063977607
survset:support2,DeepHit,1,42,7893,24.617067337036133,1,3.7416574954986572,0.98617836748349,0.01382163251651003,7.6157732009887695,0.9694407978939013,0.03055920210609875,15.779733657836914,0.7086642968981476,0.2913357031018524
survset:support2,DeepHit,1,42,451,40.68169021606445,0,3.7416574954986572,0.984121171490938,0.01587882850906197,7.6157732009887695,0.965420397909927,0.03457960209007305,15.779733657836914,0.7400852887221467,0.25991471127785326
survset:support2,DeepHit,1,42,3526,16.431676864624023,1,3.7416574954986572,0.9935822938175434,0.006417706182456628,7.6157732009887695,0.9864128577213546,0.013587142278645437,15.779733657836914,0.7513940058491237,0.24860599415087625
survset:support2,DeepHit,1,42,356,2.6457512378692627,1,3.7416574954986572,0.4788615528575091,0.5211384471424909,7.6157732009887695,0.03608663612147005,0.96391336387853,15.779733657836914,0.015536100842768106,0.9844638991572319
survset:support2,DeepHit,1,42,580,39.268306732177734,0,3.7416574954986572,0.9933524649415933,0.006647535058406651,7.6157732009887695,0.9865234966941655,0.013476503305834497,15.779733657836914,0.7170057231936467,0.28299427680635325
survset:support2,DeepHit,1,42,2456,32.526912689208984,0,3.7416574954986572,0.9921945700719803,0.0078054299280196915,7.6157732009887695,0.9855087138629127,0.014491286137087278,15.779733657836914,0.7722283707763937,0.22777162922360628
survset:support2,DeepHit,1,42,681,5.916079998016357,1,3.7416574954986572,0.44970557876796186,0.5502944212320382,7.6157732009887695,0.0454044512781491,0.9545955487218509,15.779733657836914,0.028992555834002388,0.9710074441659976
survset:support2,DeepHit,1,42,6981,30.182777404785156,0,3.7416574954986572,0.9687848306186732,0.031215169381326846,7.6157732009887695,0.9593394701267888,0.040660529873211226,15.779733657836914,0.7522332196480347,0.2477667803519653
survset:support2,DeepHit,1,42,54,15.620499610900879,1,3.7416574954986572,0.9919335432450764,0.008066456754923568,7.6157732009887695,0.9817000720508985,0.018299927949101513,15.779733657836914,0.7318586271398374,0.2681413728601626
survset:support2,DeepHit,1,42,2176,39.0384407043457,0,3.7416574954986572,0.9876960129000382,0.012303987099961833,7.6157732009887695,0.9795175933311321,0.020482406668867914,15.779733657836914,0.7003539332022001,0.2996460667977999
survset:support2,DeepHit,1,42,6527,2.0,1,3.7416574954986572,0.3260240304714024,0.6739759695285976,7.6157732009887695,0.07299318481037555,0.9270068151896245,15.779733657836914,0.06042277344777523,0.9395772265522248
survset:support2,DeepHit,1,42,8316,31.33687973022461,1,3.7416574954986572,0.9817031106955434,0.01829688930445661,7.6157732009887695,0.9653365955475923,0.034663404452407676,15.779733657836914,0.7130977369516415,0.28690226304835853
survset:support2,DeepHit,1,42,8281,5.291502475738525,1,3.7416574954986572,0.43966193483319715,0.5603380651668028,7.6157732009887695,0.03008707361275199,0.969912926387248,15.779733657836914,0.019331109826323634,0.9806688901736764
survset:support2,DeepHit,1,42,4247,4.582575798034668,1,3.7416574954986572,0.4802830703681246,0.5197169296318753,7.6157732009887695,0.06232692177702032,0.9376730782229796,15.779733657836914,0.03651638727092708,0.9634836127290729
survset:support2,DeepHit,1,42,3594,9.433980941772461,1,3.7416574954986572,0.9865208383115277,0.013479161688472296,7.6157732009887695,0.9690655666535145,0.03093443334648549,15.779733657836914,0.7423183140422557,0.2576816859577443
survset:support2,DeepHit,1,42,1766,19.899747848510742,1,3.7416574954986572,0.995159346228447,0.004840653771552961,7.6157732009887695,0.9903295025218632,0.009670497478136753,15.779733657836914,0.764202294426081,0.235797705573919
survset:support2,DeepHit,1,42,2497,2.4494898319244385,1,3.7416574954986572,0.520611855690841,0.479388144309159,7.6157732009887695,0.0649533955087305,0.9350466044912695,15.779733657836914,0.039421609968289306,0.9605783900317106
survset:support2,DeepHit,1,42,1705,44.17012405395508,0,3.7416574954986572,0.9909225858892476,0.009077414110752358,7.6157732009887695,0.9830235218405327,0.016976478159467345,15.779733657836914,0.7714459755633575,0.22855402443664252
survset:support2,DeepHit,1,42,708,3.316624879837036,1,3.7416574954986572,0.44440445655012806,0.5555955434498719,7.6157732009887695,0.023570362354641102,0.976429637645359,15.779733657836914,0.01223076242303442,0.9877692375769656
survset:support2,DeepHit,1,42,4734,2.2360680103302,1,3.7416574954986572,0.4852148195468925,0.5147851804531075,7.6157732009887695,0.052967455262985894,0.9470325447370141,15.779733657836914,0.02698581954778323,0.9730141804522168
survset:support2,DeepHit,1,42,8089,18.384777069091797,1,3.7416574954986572,0.9940868049672729,0.0059131950327271365,7.6157732009887695,0.9845662703016945,0.015433729698305476,15.779733657836914,0.6324459763755177,0.3675540236244823
survset:support2,DeepHit,1,42,2259,29.24038314819336,1,3.7416574954986572,0.9766468827967756,0.023353117203224416,7.6157732009887695,0.9638875035554137,0.03611249644458625,15.779733657836914,0.6840734582514443,0.3159265417485557
survset:support2,DeepHit,1,42,845,32.710853576660156,0,3.7416574954986572,0.9896539947810528,0.01034600521894724,7.6157732009887695,0.977396692971125,0.02260330702887503,15.779733657836914,0.6747484666058292,0.3252515333941708
survset:support2,DeepHit,1,42,1391,23.64318084716797,0,3.7416574954986572,0.9932795655842289,0.006720434415771082,7.6157732009887695,0.9887083818080648,0.011291618191935249,15.779733657836914,0.6844443853098447,0.31555561469015525
survset:support2,DeepHit,1,42,8550,31.38471031188965,0,3.7416574954986572,0.997227983840113,0.002772016159886981,7.6157732009887695,0.996466413800493,0.003533586199507055,15.779733657836914,0.8189822279466175,0.18101777205338254
survset:support2,DeepHit,1,42,2368,22.315914154052734,1,3.7416574954986572,0.9960260460078628,0.00397395399213718,7.6157732009887695,0.9946469908450611,0.005353009154938859,15.779733657836914,0.7289466793535373,0.2710533206464627
survset:support2,DeepHit,1,42,205,3.7416574954986572,1,3.7416574954986572,0.5382948266519313,0.4617051733480687,7.6157732009887695,0.029106823388176,0.970893176611824,15.779733657836914,0.018503265596840637,0.9814967344031593
