dataset,method,run_id,seed,sample_id,observed_time,event,horizon_t25,pred_survival_t25,pred_risk_t25,horizon_t50,pred_survival_t50,pred_risk_t50,horizon_t75,pred_survival_t75,pred_risk_t75
survset:support2,Weibull_AFT,9,50,8319,37.6961555480957,0,3.7416574954986572,0.99505615234375,0.00494384765625,7.4833149909973145,0.9782192707061768,0.021780729293823242,15.748015403747559,0.8965777158737183,0.10342228412628174
survset:support2,Weibull_AFT,9,50,2890,16.703292846679688,1,3.7416574954986572,0.9871999621391296,0.012800037860870361,7.4833149909973145,0.9443660378456116,0.05563396215438843,15.748015403747559,0.7529383301734924,0.24706166982650757
survset:support2,Weibull_AFT,9,50,6133,27.294687271118164,1,3.7416574954986572,0.9925584197044373,0.007441580295562744,7.4833149909973145,0.9673559069633484,0.03264409303665161,15.748015403747559,0.8482905030250549,0.15170949697494507
survset:support2,Weibull_AFT,9,50,4299,4.123105525970459,1,3.7416574954986572,0.6421378254890442,0.3578621745109558,7.4833149909973145,0.13971327245235443,0.8602867275476456,15.748015403747559,5.788324779132381e-05,0.9999421167522087
survset:support2,Weibull_AFT,9,50,7278,26.153392791748047,0,3.7416574954986572,0.994718074798584,0.005281925201416016,7.4833149909973145,0.9767433404922485,0.023256659507751465,15.748015403747559,0.889891505241394,0.11010849475860596
survset:support2,Weibull_AFT,9,50,1472,21.63330841064453,0,3.7416574954986572,0.9958776235580444,0.004122376441955566,7.4833149909973145,0.9818127751350403,0.018187224864959717,15.748015403747559,0.9130245447158813,0.08697545528411865
survset:support2,Weibull_AFT,9,50,6692,36.400550842285156,0,3.7416574954986572,0.9949816465377808,0.005018353462219238,7.4833149909973145,0.9778940081596375,0.02210599184036255,15.748015403747559,0.8951007723808289,0.10489922761917114
survset:support2,Weibull_AFT,9,50,4168,37.1348876953125,0,3.7416574954986572,0.9899765849113464,0.010023415088653564,7.4833149909973145,0.9562253952026367,0.04377460479736328,15.748015403747559,0.800992488861084,0.19900751113891602
survset:support2,Weibull_AFT,9,50,3399,44.04542922973633,0,3.7416574954986572,0.9928395748138428,0.0071604251861572266,7.4833149909973145,0.9685741662979126,0.0314258337020874,15.748015403747559,0.8535997867584229,0.14640021324157715
survset:support2,Weibull_AFT,9,50,3502,3.1622776985168457,1,3.7416574954986572,0.5686044692993164,0.4313955307006836,7.4833149909973145,0.0813865140080452,0.9186134859919548,15.748015403747559,3.972932972828858e-06,0.9999960270670272
survset:support2,Weibull_AFT,9,50,5574,21.494184494018555,0,3.7416574954986572,0.9957275986671448,0.004272401332855225,7.4833149909973145,0.9811557531356812,0.018844246864318848,15.748015403747559,0.909999668598175,0.09000033140182495
survset:support2,Weibull_AFT,9,50,5239,4.123105525970459,1,3.7416574954986572,0.09437863528728485,0.9056213647127151,7.4833149909973145,2.7865873562404886e-05,0.9999721341264376,15.748015403747559,9.99999993922529e-09,0.9999999900000001
survset:support2,Weibull_AFT,9,50,3179,20.248456954956055,0,3.7416574954986572,0.9935760498046875,0.0064239501953125,7.4833149909973145,0.9717706441879272,0.028229355812072754,15.748015403747559,0.8676567077636719,0.13234329223632812
survset:support2,Weibull_AFT,9,50,8818,8.774964332580566,1,3.7416574954986572,0.988843560218811,0.011156439781188965,7.4833149909973145,0.9513722658157349,0.04862773418426514,15.748015403747559,0.7810404896736145,0.2189595103263855
survset:support2,Weibull_AFT,9,50,1468,21.725561141967773,0,3.7416574954986572,0.9882791042327881,0.011720895767211914,7.4833149909973145,0.948961615562439,0.051038384437561035,15.748015403747559,0.771278440952301,0.22872155904769897
survset:support2,Weibull_AFT,9,50,2460,12.369317054748535,1,3.7416574954986572,0.9931372404098511,0.006862759590148926,7.4833149909973145,0.9698650240898132,0.030134975910186768,15.748015403747559,0.8592545390129089,0.14074546098709106
survset:support2,Weibull_AFT,9,50,5876,12.206555366516113,1,3.7416574954986572,0.9924793839454651,0.007520616054534912,7.4833149909973145,0.9670138955116272,0.0329861044883728,15.748015403747559,0.846804678440094,0.153195321559906
survset:support2,Weibull_AFT,9,50,1393,10.198039054870605,1,3.7416574954986572,0.9897946119308472,0.010205388069152832,7.4833149909973145,0.9554446339607239,0.04455536603927612,15.748015403747559,0.7977553009986877,0.20224469900131226
survset:support2,Weibull_AFT,9,50,4765,5.0,1,3.7416574954986572,0.4232754707336426,0.5767245292663574,7.4833149909973145,0.021927060559391975,0.978072939440608,15.748015403747559,9.99999993922529e-09,0.9999999900000001
survset:support2,Weibull_AFT,9,50,713,2.6457512378692627,1,3.7416574954986572,0.40934228897094727,0.5906577110290527,7.4833149909973145,0.018896905705332756,0.9811030942946672,15.748015403747559,9.99999993922529e-09,0.9999999900000001
survset:support2,Weibull_AFT,9,50,7640,6.633249759674072,1,3.7416574954986572,0.4438960552215576,0.5561039447784424,7.4833149909973145,0.027087604627013206,0.9729123953729868,15.748015403747559,1.7003115360125776e-08,0.9999999829968846
survset:support2,Weibull_AFT,9,50,6449,24.779024124145508,1,3.7416574954986572,0.9894316792488098,0.010568320751190186,7.4833149909973145,0.9538889527320862,0.04611104726791382,15.748015403747559,0.791336715221405,0.20866328477859497
survset:support2,Weibull_AFT,9,50,2934,25.70992088317871,0,3.7416574954986572,0.9941754937171936,0.0058245062828063965,7.4833149909973145,0.974378228187561,0.025621771812438965,15.748015403747559,0.8792603015899658,0.12073969841003418
survset:support2,Weibull_AFT,9,50,657,21.307275772094727,1,3.7416574954986572,0.9903035759925842,0.009696424007415771,7.4833149909973145,0.9576295614242554,0.04237043857574463,15.748015403747559,0.8068405389785767,0.19315946102142334
survset:support2,Weibull_AFT,9,50,2353,2.8284270763397217,1,3.7416574954986572,0.41440778970718384,0.5855922102928162,7.4833149909973145,0.01995830237865448,0.9800416976213455,15.748015403747559,9.99999993922529e-09,0.9999999900000001
survset:support2,Weibull_AFT,9,50,7096,15.0,1,3.7416574954986572,0.9893575310707092,0.010642468929290771,7.4833149909973145,0.9535715579986572,0.04642844200134277,15.748015403747559,0.7900322079658508,0.20996779203414917
survset:support2,Weibull_AFT,9,50,3946,39.306488037109375,0,3.7416574954986572,0.9957554340362549,0.004244565963745117,7.4833149909973145,0.981277585029602,0.01872241497039795,15.748015403747559,0.9105600118637085,0.0894399881362915
survset:support2,Weibull_AFT,9,50,8771,26.77685546875,0,3.7416574954986572,0.9959723949432373,0.004027605056762695,7.4833149909973145,0.9822279810905457,0.017772018909454346,15.748015403747559,0.914940595626831,0.08505940437316895
survset:support2,Weibull_AFT,9,50,451,40.68169021606445,0,3.7416574954986572,0.9932636022567749,0.006736397743225098,7.4833149909973145,0.9704133868217468,0.029586613178253174,15.748015403747559,0.8616657853126526,0.1383342146873474
survset:support2,Weibull_AFT,9,50,6236,32.40370178222656,1,3.7416574954986572,0.9919010996818542,0.008098900318145752,7.4833149909973145,0.9645127058029175,0.03548729419708252,15.748015403747559,0.8360021710395813,0.1639978289604187
survset:support2,Weibull_AFT,9,50,3819,40.546268463134766,0,3.7416574954986572,0.9945147633552551,0.005485236644744873,7.4833149909973145,0.975856602191925,0.02414339780807495,15.748015403747559,0.8858935832977295,0.11410641670227051
survset:support2,Weibull_AFT,9,50,6529,9.949873924255371,1,3.7416574954986572,0.9940831065177917,0.005916893482208252,7.4833149909973145,0.9739759564399719,0.026024043560028076,15.748015403747559,0.8774621486663818,0.12253785133361816
survset:support2,Weibull_AFT,9,50,3447,10.488088607788086,1,3.7416574954986572,0.9906514883041382,0.009348511695861816,7.4833149909973145,0.9591253995895386,0.040874600410461426,15.748015403747559,0.8131077885627747,0.18689221143722534
survset:support2,Weibull_AFT,9,50,67,4.4721360206604,1,3.7416574954986572,0.7573373317718506,0.24266266822814941,7.4833149909973145,0.2908361554145813,0.7091638445854187,15.748015403747559,0.002193109830841422,0.9978068901691586
survset:support2,Weibull_AFT,9,50,2128,2.0,1,3.7416574954986572,0.1283840388059616,0.8716159611940384,7.4833149909973145,0.00010936073522316292,0.9998906392647768,15.748015403747559,9.99999993922529e-09,0.9999999900000001
survset:support2,Weibull_AFT,9,50,1465,21.771541595458984,0,3.7416574954986572,0.9954405426979065,0.004559457302093506,7.4833149909973145,0.9798995852470398,0.020100414752960205,15.748015403747559,0.9042385816574097,0.09576141834259033
survset:support2,Weibull_AFT,9,50,8507,2.6457512378692627,1,3.7416574954986572,0.6124918460845947,0.3875081539154053,7.4833149909973145,0.1132468655705452,0.8867531344294548,15.748015403747559,2.0435067199287005e-05,0.9999795649328007
survset:support2,Weibull_AFT,9,50,7953,27.258026123046875,1,3.7416574954986572,0.9945835471153259,0.005416452884674072,7.4833149909973145,0.9761565923690796,0.02384340763092041,15.748015403747559,0.8872445821762085,0.1127554178237915
survset:support2,Weibull_AFT,9,50,3128,2.8284270763397217,1,3.7416574954986572,0.3179337680339813,0.6820662319660187,7.4833149909973145,0.0061480943113565445,0.9938519056886435,15.748015403747559,9.99999993922529e-09,0.9999999900000001
survset:support2,Weibull_AFT,9,50,3669,20.976177215576172,1,3.7416574954986572,0.9907614588737488,0.00923854112625122,7.4833149909973145,0.9595986008644104,0.0404013991355896,15.748015403747559,0.815098226070404,0.18490177392959595
survset:support2,Weibull_AFT,9,50,7484,14.247806549072266,1,3.7416574954986572,0.9945622682571411,0.005437731742858887,7.4833149909973145,0.9760637879371643,0.023936212062835693,15.748015403747559,0.8868264555931091,0.11317354440689087
survset:support2,Weibull_AFT,9,50,7730,13.928388595581055,1,3.7416574954986572,0.9919492602348328,0.008050739765167236,7.4833149909973145,0.9647209644317627,0.035279035568237305,15.748015403747559,0.8368972539901733,0.16310274600982666
survset:support2,Weibull_AFT,9,50,5133,2.8284270763397217,1,3.7416574954986572,0.7312703728675842,0.26872962713241577,7.4833149909973145,0.24892006814479828,0.7510799318552017,15.748015403747559,0.0010138958459720016,0.998986104154028
survset:support2,Weibull_AFT,9,50,3613,42.41461944580078,0,3.7416574954986572,0.9922481179237366,0.007751882076263428,7.4833149909973145,0.9660130143165588,0.03398698568344116,15.748015403747559,0.8424686193466187,0.15753138065338135
survset:support2,Weibull_AFT,9,50,4008,3.464101552963257,1,3.7416574954986572,0.2745125889778137,0.7254874110221863,7.4833149909973145,0.0032016420736908913,0.9967983579263091,15.748015403747559,9.99999993922529e-09,0.9999999900000001
survset:support2,Weibull_AFT,9,50,4070,37.93415451049805,0,3.7416574954986572,0.9922294020652771,0.0077705979347229,7.4833149909973145,0.9659320712089539,0.03406792879104614,15.748015403747559,0.8421187996864319,0.15788120031356812
survset:support2,Weibull_AFT,9,50,1798,43.35896682739258,0,3.7416574954986572,0.9950090646743774,0.004990935325622559,7.4833149909973145,0.9780135750770569,0.021986424922943115,15.748015403747559,0.8956435322761536,0.10435646772384644
survset:support2,Weibull_AFT,9,50,5517,9.433980941772461,1,3.7416574954986572,0.9746962785720825,0.02530372142791748,7.4833149909973145,0.8923662304878235,0.10763376951217651,15.748015403747559,0.5686169266700745,0.43138307332992554
survset:support2,Weibull_AFT,9,50,589,39.0384407043457,0,3.7416574954986572,0.9936361312866211,0.006363868713378906,7.4833149909973145,0.9720317721366882,0.027968227863311768,15.748015403747559,0.8688130974769592,0.13118690252304077
survset:support2,Weibull_AFT,9,50,2316,2.4494898319244385,1,3.7416574954986572,0.2648483216762543,0.7351516783237457,7.4833149909973145,0.0027303153183311224,0.9972696846816689,15.748015403747559,9.99999993922529e-09,0.9999999900000001
survset:support2,Weibull_AFT,9,50,3564,42.70831298828125,0,3.7416574954986572,0.9906757473945618,0.009324252605438232,7.4833149909973145,0.9592296481132507,0.04077035188674927,15.748015403747559,0.8135458827018738,0.18645411729812622
survset:support2,Weibull_AFT,9,50,7396,24.698177337646484,0,3.7416574954986572,0.9953044652938843,0.004695534706115723,7.4833149909973145,0.9793044328689575,0.02069556713104248,15.748015403747559,0.901519238948822,0.09848076105117798
survset:support2,Weibull_AFT,9,50,567,4.898979663848877,1,3.7416574954986572,0.5111346244812012,0.48886537551879883,7.4833149909973145,0.05069201439619064,0.9493079856038094,15.748015403747559,3.8000925428605115e-07,0.9999996199907457
survset:support2,Weibull_AFT,9,50,7608,21.14237403869629,0,3.7416574954986572,0.9788610935211182,0.021138906478881836,7.4833149909973145,0.9094337821006775,0.09056621789932251,15.748015403747559,0.6246107816696167,0.3753892183303833
survset:support2,Weibull_AFT,9,50,8346,37.322914123535156,0,3.7416574954986572,0.9927164912223816,0.007283508777618408,7.4833149909973145,0.9680408239364624,0.0319591760635376,15.748015403747559,0.8512723445892334,0.1487276554107666
survset:support2,Weibull_AFT,9,50,4509,31.17691421508789,0,3.7416574954986572,0.9949276447296143,0.005072355270385742,7.4833149909973145,0.9776580333709717,0.02234196662902832,15.748015403747559,0.8940305709838867,0.10596942901611328
survset:support2,Weibull_AFT,9,50,6241,7.348469257354736,1,3.7416574954986572,0.7209634184837341,0.27903658151626587,7.4833149909973145,0.2337050884962082,0.7662949115037918,15.748015403747559,0.000741651514545083,0.9992583484854549
survset:support2,Weibull_AFT,9,50,7530,5.099019527435303,1,3.7416574954986572,0.7661076188087463,0.23389238119125366,7.4833149909973145,0.30610233545303345,0.6938976645469666,15.748015403747559,0.0028262219857424498,0.9971737780142576
survset:support2,Weibull_AFT,9,50,2590,5.656854152679443,1,3.7416574954986572,0.5560824275016785,0.44391757249832153,7.4833149909973145,0.07371926307678223,0.9262807369232178,15.748015403747559,2.43266345023585e-06,0.9999975673365498
survset:support2,Weibull_AFT,9,50,2997,23.409399032592773,1,3.7416574954986572,0.9971464276313782,0.002853572368621826,7.4833149909973145,0.9873830080032349,0.012616991996765137,15.748015403747559,0.9389939308166504,0.06100606918334961
survset:support2,Weibull_AFT,9,50,104,44.24929428100586,0,3.7416574954986572,0.9955294728279114,0.004470527172088623,7.4833149909973145,0.9802885055541992,0.01971149444580078,15.748015403747559,0.9060190320014954,0.09398096799850464
survset:support2,Weibull_AFT,9,50,7467,19.595918655395508,1,3.7416574954986572,0.9870915412902832,0.012908458709716797,7.4833149909973145,0.9439054727554321,0.05609452724456787,15.748015403747559,0.7511196732521057,0.2488803267478943
survset:support2,Weibull_AFT,9,50,3478,22.203603744506836,1,3.7416574954986572,0.9890073537826538,0.010992646217346191,7.4833149909973145,0.9520726203918457,0.0479273796081543,15.748015403747559,0.7838947772979736,0.21610522270202637
survset:support2,Weibull_AFT,9,50,4774,28.844409942626953,0,3.7416574954986572,0.9944176077842712,0.00558239221572876,7.4833149909973145,0.9754330515861511,0.024566948413848877,15.748015403747559,0.8839892148971558,0.11601078510284424
survset:support2,Weibull_AFT,9,50,8003,14.21267032623291,1,3.7416574954986572,0.9887856245040894,0.011214375495910645,7.4833149909973145,0.9511247277259827,0.048875272274017334,15.748015403747559,0.7800333499908447,0.21996665000915527
survset:support2,Weibull_AFT,9,50,7095,28.687976837158203,0,3.7416574954986572,0.9916710257530212,0.00832897424697876,7.4833149909973145,0.9635189771652222,0.03648102283477783,15.748015403747559,0.8317408561706543,0.1682591438293457
survset:support2,Weibull_AFT,9,50,4795,23.409399032592773,1,3.7416574954986572,0.9902079105377197,0.009792089462280273,7.4833149909973145,0.9572187662124634,0.04278123378753662,15.748015403747559,0.8051260113716125,0.19487398862838745
survset:support2,Weibull_AFT,9,50,3430,5.4772257804870605,1,3.7416574954986572,0.48601505160331726,0.5139849483966827,7.4833149909973145,0.04052245244383812,0.9594775475561619,15.748015403747559,1.2523109660378395e-07,0.9999998747689034
survset:support2,Weibull_AFT,9,50,1913,42.083251953125,0,3.7416574954986572,0.9963832497596741,0.0036167502403259277,7.4833149909973145,0.9840294718742371,0.01597052812576294,15.748015403747559,0.9232896566390991,0.07671034336090088
survset:support2,Weibull_AFT,9,50,659,5.0,1,3.7416574954986572,0.7420808672904968,0.2579191327095032,7.4833149909973145,0.26569175720214844,0.7343082427978516,15.748015403747559,0.0014008104335516691,0.9985991895664483
survset:support2,Weibull_AFT,9,50,8002,23.53720474243164,1,3.7416574954986572,0.9874801635742188,0.01251983642578125,7.4833149909973145,0.945557713508606,0.05444228649139404,15.748015403747559,0.7576603889465332,0.2423396110534668
survset:support2,Weibull_AFT,9,50,3328,2.0,1,3.7416574954986572,0.25419628620147705,0.745803713798523,7.4833149909973145,0.0022750862408429384,0.9977249137591571,15.748015403747559,9.99999993922529e-09,0.9999999900000001
survset:support2,Weibull_AFT,9,50,6249,8.426149368286133,1,3.7416574954986572,0.9896988868713379,0.01030111312866211,7.4833149909973145,0.9550342559814453,0.04496574401855469,15.748015403747559,0.7960582971572876,0.2039417028427124
survset:support2,Weibull_AFT,9,50,2893,26.305892944335938,0,3.7416574954986572,0.9934356808662415,0.006564319133758545,7.4833149909973145,0.9711607694625854,0.02883923053741455,15.748015403747559,0.8649606108665466,0.13503938913345337
survset:support2,Weibull_AFT,9,50,8252,3.7416574954986572,1,3.7416574954986572,0.1513901799917221,0.8486098200082779,7.4833149909973145,0.00022747892944607884,0.9997725210705539,15.748015403747559,9.99999993922529e-09,0.9999999900000001
survset:support2,Weibull_AFT,9,50,7939,3.316624879837036,1,3.7416574954986572,0.34025436639785767,0.6597456336021423,7.4833149909973145,0.008311337791383266,0.9916886622086167,15.748015403747559,9.99999993922529e-09,0.9999999900000001
survset:support2,Weibull_AFT,9,50,6532,2.0,1,3.7416574954986572,0.5093478560447693,0.4906521439552307,7.4833149909973145,0.049909383058547974,0.950090616941452,15.748015403747559,3.517992581691942e-07,0.9999996482007418
survset:support2,Weibull_AFT,9,50,1570,18.973665237426758,0,3.7416574954986572,0.9943904280662537,0.005609571933746338,7.4833149909973145,0.9753147959709167,0.024685204029083252,15.748015403747559,0.8834578394889832,0.11654216051101685
survset:support2,Weibull_AFT,9,50,5246,9.110433578491211,1,3.7416574954986572,0.9910240769386292,0.00897592306137085,7.4833149909973145,0.96072918176651,0.03927081823348999,15.748015403747559,0.8198702335357666,0.1801297664642334
survset:support2,Weibull_AFT,9,50,2023,2.8284270763397217,1,3.7416574954986572,0.3303576111793518,0.6696423888206482,7.4833149909973145,0.007289716973900795,0.9927102830260992,15.748015403747559,9.99999993922529e-09,0.9999999900000001
survset:support2,Weibull_AFT,9,50,7345,21.14237403869629,1,3.7416574954986572,0.9731965065002441,0.02680349349975586,7.4833149909973145,0.886281430721283,0.11371856927871704,15.748015403747559,0.549653172492981,0.45034682750701904
survset:support2,Weibull_AFT,9,50,8219,12.688577651977539,1,3.7416574954986572,0.9870011806488037,0.012998819351196289,7.4833149909973145,0.9435215592384338,0.05647844076156616,15.748015403747559,0.7496063113212585,0.25039368867874146
survset:support2,Weibull_AFT,9,50,1732,2.2360680103302,1,3.7416574954986572,0.509366512298584,0.490633487701416,7.4833149909973145,0.04991750791668892,0.9500824920833111,15.748015403747559,3.520832194681134e-07,0.9999996479167805
survset:support2,Weibull_AFT,9,50,725,12.884099006652832,1,3.7416574954986572,0.9945862889289856,0.005413711071014404,7.4833149909973145,0.9761685729026794,0.023831427097320557,15.748015403747559,0.8872984051704407,0.11270159482955933
survset:support2,Weibull_AFT,9,50,4186,5.4772257804870605,1,3.7416574954986572,0.544513463973999,0.455486536026001,7.4833149909973145,0.06714465469121933,0.9328553453087807,15.748015403747559,1.530947201899835e-06,0.9999984690527981
survset:support2,Weibull_AFT,9,50,5154,13.22875690460205,1,3.7416574954986572,0.9910480380058289,0.008951961994171143,7.4833149909973145,0.9608323574066162,0.03916764259338379,15.748015403747559,0.8203068971633911,0.1796931028366089
survset:support2,Weibull_AFT,9,50,9005,21.656408309936523,0,3.7416574954986572,0.9823208451271057,0.017679154872894287,7.4833149909973145,0.9238032698631287,0.07619673013687134,15.748015403747559,0.6750903129577637,0.32490968704223633
survset:support2,Weibull_AFT,9,50,4935,27.495454788208008,0,3.7416574954986572,0.9960134625434875,0.003986537456512451,7.4833149909973145,0.9824079275131226,0.01759207248687744,15.748015403747559,0.9157717823982239,0.08422821760177612
survset:support2,Weibull_AFT,9,50,1445,22.203603744506836,0,3.7416574954986572,0.9933596253395081,0.006640374660491943,7.4833149909973145,0.9708304405212402,0.029169559478759766,15.748015403747559,0.8635031580924988,0.13649684190750122
survset:support2,Weibull_AFT,9,50,525,11.575837135314941,1,3.7416574954986572,0.9908696413040161,0.009130358695983887,7.4833149909973145,0.9600643515586853,0.0399356484413147,15.748015403747559,0.8170613646507263,0.18293863534927368
survset:support2,Weibull_AFT,9,50,5092,25.922962188720703,0,3.7416574954986572,0.994151771068573,0.005848228931427002,7.4833149909973145,0.9742750525474548,0.025724947452545166,15.748015403747559,0.8787988424301147,0.12120115756988525
survset:support2,Weibull_AFT,9,50,8984,22.068077087402344,0,3.7416574954986572,0.9912376999855042,0.00876230001449585,7.4833149909973145,0.9616498351097107,0.03835016489028931,15.748015403747559,0.8237725496292114,0.17622745037078857
survset:support2,Weibull_AFT,9,50,554,2.6457512378692627,1,3.7416574954986572,0.324583500623703,0.675416499376297,7.4833149909973145,0.006740382872521877,0.9932596171274781,15.748015403747559,9.99999993922529e-09,0.9999999900000001
survset:support2,Weibull_AFT,9,50,2050,35.099857330322266,1,3.7416574954986572,0.9861508011817932,0.013849198818206787,7.4833149909973145,0.9399147629737854,0.0600852370262146,15.748015403747559,0.7355078458786011,0.2644921541213989
survset:support2,Weibull_AFT,9,50,3837,40.33608627319336,0,3.7416574954986572,0.9980099201202393,0.001990079879760742,7.4833149909973145,0.9911877512931824,0.008812248706817627,15.748015403747559,0.9570689797401428,0.04293102025985718
survset:support2,Weibull_AFT,9,50,7759,7.745966911315918,1,3.7416574954986572,0.9717450141906738,0.028254985809326172,7.4833149909973145,0.8804231286048889,0.11957687139511108,15.748015403747559,0.5318757891654968,0.4681242108345032
survset:support2,Weibull_AFT,9,50,5215,24.879711151123047,0,3.7416574954986572,0.9969932436943054,0.00300675630569458,7.4833149909973145,0.9867091178894043,0.013290882110595703,15.748015403747559,0.9358214139938354,0.06417858600616455
survset:support2,Weibull_AFT,9,50,5201,10.24695110321045,1,3.7416574954986572,0.9900978803634644,0.009902119636535645,7.4833149909973145,0.956745982170105,0.04325401782989502,15.748015403747559,0.8031566143035889,0.19684338569641113
survset:support2,Weibull_AFT,9,50,7999,12.0,1,3.7416574954986572,0.9817544221878052,0.018245577812194824,7.4833149909973145,0.9214386940002441,0.07856130599975586,15.748015403747559,0.6665671467781067,0.3334328532218933
survset:support2,Weibull_AFT,9,50,4902,27.784887313842773,0,3.7416574954986572,0.9969099760055542,0.0030900239944458008,7.4833149909973145,0.9863429665565491,0.013657033443450928,15.748015403747559,0.9341011047363281,0.06589889526367188
survset:support2,Weibull_AFT,9,50,57,44.66542434692383,0,3.7416574954986572,0.9976038336753845,0.0023961663246154785,7.4833149909973145,0.9893969297409058,0.010603070259094238,15.748015403747559,0.9485271573066711,0.05147284269332886
survset:support2,Weibull_AFT,9,50,6012,43.4281005859375,0,3.7416574954986572,0.9960556626319885,0.003944337368011475,7.4833149909973145,0.9825928807258606,0.017407119274139404,15.748015403747559,0.9166266918182373,0.0833733081817627
survset:support2,Weibull_AFT,9,50,2936,19.209373474121094,1,3.7416574954986572,0.9903292655944824,0.009670734405517578,7.4833149909973145,0.9577400088310242,0.04225999116897583,15.748015403747559,0.8073017597198486,0.19269824028015137
survset:support2,Weibull_AFT,9,50,5387,23.473388671875,0,3.7416574954986572,0.9937102794647217,0.00628972053527832,7.4833149909973145,0.972353994846344,0.027646005153656006,15.748015403747559,0.8702419400215149,0.1297580599784851
survset:support2,Weibull_AFT,9,50,2335,26.758176803588867,1,3.7416574954986572,0.991600513458252,0.008399486541748047,7.4833149909973145,0.9632147550582886,0.036785244941711426,15.748015403747559,0.8304397463798523,0.1695602536201477
survset:support2,Weibull_AFT,9,50,5392,4.358899116516113,1,3.7416574954986572,0.6465054750442505,0.3534945249557495,7.4833149909973145,0.14398542046546936,0.8560145795345306,15.748015403747559,6.720487726852298e-05,0.9999327951227315
survset:support2,Weibull_AFT,9,50,2029,9.848857879638672,1,3.7416574954986572,0.9843575358390808,0.01564246416091919,7.4833149909973145,0.9323443174362183,0.06765568256378174,15.748015403747559,0.7066037058830261,0.2933962941169739
survset:support2,Weibull_AFT,9,50,5940,3.316624879837036,1,3.7416574954986572,0.2611181437969208,0.7388818562030792,7.4833149909973145,0.0025635475758463144,0.9974364524241537,15.748015403747559,9.99999993922529e-09,0.9999999900000001
survset:support2,Weibull_AFT,9,50,7122,12.12435531616211,1,3.7416574954986572,0.9845708012580872,0.015429198741912842,7.4833149909973145,0.9332419633865356,0.06675803661346436,15.748015403747559,0.7099827527999878,0.2900172472000122
survset:support2,Weibull_AFT,9,50,1356,24.289915084838867,0,3.7416574954986572,0.9941582083702087,0.00584179162979126,7.4833149909973145,0.9743031859397888,0.02569681406021118,15.748015403747559,0.878924548625946,0.12107545137405396
survset:support2,Weibull_AFT,9,50,4455,14.106736183166504,1,3.7416574954986572,0.9866942763328552,0.013305723667144775,7.4833149909973145,0.9422187209129333,0.05778127908706665,15.748015403747559,0.7444891333580017,0.2555108666419983
survset:support2,Weibull_AFT,9,50,3273,44.81071472167969,0,3.7416574954986572,0.9931685924530029,0.00683140754699707,7.4833149909973145,0.970001220703125,0.029998779296875,15.748015403747559,0.8598529100418091,0.14014708995819092
survset:support2,Weibull_AFT,9,50,5776,18.973665237426758,0,3.7416574954986572,0.9961279630661011,0.0038720369338989258,7.4833149909973145,0.9829099178314209,0.0170900821685791,15.748015403747559,0.918093740940094,0.081906259059906
survset:support2,Weibull_AFT,9,50,2755,28.65309715270996,0,3.7416574954986572,0.9940616488456726,0.005938351154327393,7.4833149909973145,0.9738826751708984,0.026117324829101562,15.748015403747559,0.8770455718040466,0.12295442819595337
survset:support2,Weibull_AFT,9,50,2104,4.690415859222412,1,3.7416574954986572,0.4843084216117859,0.5156915783882141,7.4833149909973145,0.03989401087164879,0.9601059891283512,15.748015403747559,1.1589395398914348e-07,0.999999884106046
survset:support2,Weibull_AFT,9,50,5801,18.65475845336914,0,3.7416574954986572,0.9891509413719177,0.010849058628082275,7.4833149909973145,0.9526869058609009,0.04731309413909912,15.748015403747559,0.7864055037498474,0.2135944962501526
survset:support2,Weibull_AFT,9,50,6246,21.118711471557617,1,3.7416574954986572,0.9895322322845459,0.010467767715454102,7.4833149909973145,0.9543198347091675,0.04568016529083252,15.748015403747559,0.7931104898452759,0.20688951015472412
survset:support2,Weibull_AFT,9,50,4886,2.8284270763397217,1,3.7416574954986572,0.5223649740219116,0.4776350259780884,7.4833149909973145,0.055831413716077805,0.9441685862839222,15.748015403747559,6.133457191026537e-07,0.9999993866542809
survset:support2,Weibull_AFT,9,50,3881,1.7320507764816284,1,3.7416574954986572,0.01862967200577259,0.9813703279942274,7.4833149909973145,2.060774306755775e-08,0.9999999793922569,15.748015403747559,9.99999993922529e-09,0.9999999900000001
survset:support2,Weibull_AFT,9,50,7397,24.657655715942383,0,3.7416574954986572,0.9927517771720886,0.007248222827911377,7.4833149909973145,0.9681935906410217,0.03180640935897827,15.748015403747559,0.8519384264945984,0.1480615735054016
survset:support2,Weibull_AFT,9,50,3547,42.96510314941406,0,3.7416574954986572,0.9953921437263489,0.004607856273651123,7.4833149909973145,0.9796876907348633,0.02031230926513672,15.748015403747559,0.9032696485519409,0.09673035144805908
survset:support2,Weibull_AFT,9,50,8589,25.768198013305664,1,3.7416574954986572,0.9933700561523438,0.00662994384765625,7.4833149909973145,0.9708757996559143,0.029124200344085693,15.748015403747559,0.8637032508850098,0.13629674911499023
survset:support2,Weibull_AFT,9,50,8004,30.38091468811035,1,3.7416574954986572,0.9916365742683411,0.008363425731658936,7.4833149909973145,0.9633703827857971,0.03662961721420288,15.748015403747559,0.8311049938201904,0.16889500617980957
survset:support2,Weibull_AFT,9,50,8797,12.961481094360352,1,3.7416574954986572,0.9795547127723694,0.020445287227630615,7.4833149909973145,0.9123004674911499,0.0876995325088501,15.748015403747559,0.6344324946403503,0.36556750535964966
survset:support2,Weibull_AFT,9,50,2196,5.0,1,3.7416574954986572,0.41030892729759216,0.5896910727024078,7.4833149909973145,0.01909598894417286,0.9809040110558271,15.748015403747559,9.99999993922529e-09,0.9999999900000001
survset:support2,Weibull_AFT,9,50,4618,30.265491485595703,0,3.7416574954986572,0.9952259063720703,0.0047740936279296875,7.4833149909973145,0.9789611101150513,0.02103888988494873,15.748015403747559,0.8999534845352173,0.10004651546478271
survset:support2,Weibull_AFT,9,50,5544,7.211102485656738,1,3.7416574954986572,0.7222664952278137,0.2777335047721863,7.4833149909973145,0.23558779060840607,0.7644122093915939,15.748015403747559,0.0007717465632595122,0.9992282534367405
survset:support2,Weibull_AFT,9,50,7512,22.934690475463867,0,3.7416574954986572,0.994793176651001,0.0052068233489990234,7.4833149909973145,0.9770709872245789,0.022929012775421143,15.748015403747559,0.8913725018501282,0.10862749814987183
survset:support2,Weibull_AFT,9,50,6182,8.0,1,3.7416574954986572,0.975989580154419,0.024010419845581055,7.4833149909973145,0.8976394534111023,0.1023605465888977,15.748015403747559,0.5854702591896057,0.4145297408103943
survset:support2,Weibull_AFT,9,50,4030,6.324555397033691,1,3.7416574954986572,0.5640178918838501,0.4359821081161499,7.4833149909973145,0.07850974053144455,0.9214902594685555,15.748015403747559,3.3237745356018422e-06,0.9999966762254644
survset:support2,Weibull_AFT,9,50,8245,38.94868469238281,0,3.7416574954986572,0.9924235939979553,0.007576406002044678,7.4833149909973145,0.9667723178863525,0.03322768211364746,15.748015403747559,0.8457565903663635,0.15424340963363647
survset:support2,Weibull_AFT,9,50,3058,12.247448921203613,1,3.7416574954986572,0.9936472177505493,0.006352782249450684,7.4833149909973145,0.9720798134803772,0.027920186519622803,15.748015403747559,0.8690261840820312,0.13097381591796875
survset:support2,Weibull_AFT,9,50,7832,44.07947540283203,0,3.7416574954986572,0.9943053722381592,0.00569462776184082,7.4833149909973145,0.9749441146850586,0.025055885314941406,15.748015403747559,0.8817946910858154,0.11820530891418457
survset:support2,Weibull_AFT,9,50,297,2.6457512378692627,1,3.7416574954986572,0.2757665812969208,0.7242334187030792,7.4833149909973145,0.003267139196395874,0.9967328608036041,15.748015403747559,9.99999993922529e-09,0.9999999900000001
survset:support2,Weibull_AFT,9,50,1363,24.14539337158203,0,3.7416574954986572,0.9935852885246277,0.0064147114753723145,7.4833149909973145,0.9718106985092163,0.02818930149078369,15.748015403747559,0.8678339719772339,0.1321660280227661
survset:support2,Weibull_AFT,9,50,7446,15.748015403747559,1,3.7416574954986572,0.9951584935188293,0.004841506481170654,7.4833149909973145,0.9786664843559265,0.021333515644073486,15.748015403747559,0.8986114859580994,0.10138851404190063
survset:support2,Weibull_AFT,9,50,7060,29.137603759765625,0,3.7416574954986572,0.9936210513114929,0.00637894868850708,7.4833149909973145,0.9719662666320801,0.028033733367919922,15.748015403747559,0.868523120880127,0.13147687911987305
survset:support2,Weibull_AFT,9,50,9032,20.880613327026367,0,3.7416574954986572,0.9927365183830261,0.007263481616973877,7.4833149909973145,0.9681274890899658,0.03187251091003418,15.748015403747559,0.8516501784324646,0.1483498215675354
survset:support2,Weibull_AFT,9,50,6578,24.899799346923828,1,3.7416574954986572,0.9930750727653503,0.006924927234649658,7.4833149909973145,0.9695954322814941,0.03040456771850586,15.748015403747559,0.8580712080001831,0.1419287919998169
survset:support2,Weibull_AFT,9,50,7087,28.792360305786133,0,3.7416574954986572,0.9935828447341919,0.0064171552658081055,7.4833149909973145,0.9718001484870911,0.028199851512908936,15.748015403747559,0.8677873015403748,0.13221269845962524
survset:support2,Weibull_AFT,9,50,8721,2.2360680103302,1,3.7416574954986572,0.5474421381950378,0.45255786180496216,7.4833149909973145,0.06876419484615326,0.9312358051538467,15.748015403747559,1.7229577906618943e-06,0.9999982770422093
survset:support2,Weibull_AFT,9,50,4911,13.856406211853027,1,3.7416574954986572,0.9941322207450867,0.00586777925491333,7.4833149909973145,0.974189817905426,0.025810182094573975,15.748015403747559,0.8784177899360657,0.12158221006393433
survset:support2,Weibull_AFT,9,50,6116,9.05538558959961,1,3.7416574954986572,0.9864696264266968,0.013530373573303223,7.4833149909973145,0.9412657022476196,0.05873429775238037,15.748015403747559,0.7407633662223816,0.2592366337776184
survset:support2,Weibull_AFT,9,50,4745,1.7320507764816284,1,3.7416574954986572,0.19328616559505463,0.8067138344049454,7.4833149909973145,0.0006735770148225129,0.9993264229851775,15.748015403747559,9.99999993922529e-09,0.9999999900000001
survset:support2,Weibull_AFT,9,50,6696,3.0,1,3.7416574954986572,0.4347301125526428,0.5652698874473572,7.4833149909973145,0.02468922547996044,0.9753107745200396,15.748015403747559,1.0738056666070861e-08,0.9999999892619433
survset:support2,Weibull_AFT,9,50,7538,22.38302993774414,0,3.7416574954986572,0.9974551200866699,0.002544879913330078,7.4833149909973145,0.9887418150901794,0.011258184909820557,15.748015403747559,0.9454175233840942,0.05458247661590576
survset:support2,Weibull_AFT,9,50,1978,3.1622776985168457,1,3.7416574954986572,0.418949693441391,0.581050306558609,7.4833149909973145,0.020948737859725952,0.979051262140274,15.748015403747559,9.99999993922529e-09,0.9999999900000001
survset:support2,Weibull_AFT,9,50,4550,30.82206916809082,0,3.7416574954986572,0.99421226978302,0.0057877302169799805,7.4833149909973145,0.9745384454727173,0.025461554527282715,15.748015403747559,0.879977285861969,0.120022714138031
survset:support2,Weibull_AFT,9,50,3826,2.6457512378692627,1,3.7416574954986572,0.6543437838554382,0.34565621614456177,7.4833149909973145,0.15190553665161133,0.8480944633483887,15.748015403747559,8.763685036683455e-05,0.9999123631496332
survset:support2,Weibull_AFT,9,50,7633,20.832666397094727,0,3.7416574954986572,0.9959744811058044,0.004025518894195557,7.4833149909973145,0.9822369813919067,0.01776301860809326,15.748015403747559,0.9149819016456604,0.0850180983543396
survset:support2,Weibull_AFT,9,50,8236,4.358899116516113,1,3.7416574954986572,0.5347945690155029,0.46520543098449707,7.4833149909973145,0.06198084354400635,0.9380191564559937,15.748015403747559,1.0296012078470085e-06,0.9999989703987922
survset:support2,Weibull_AFT,9,50,5980,23.108440399169922,1,3.7416574954986572,0.9838991761207581,0.016100823879241943,7.4833149909973145,0.9304168224334717,0.06958317756652832,15.748015403747559,0.6993914246559143,0.3006085753440857
survset:support2,Weibull_AFT,9,50,726,37.41657257080078,0,3.7416574954986572,0.9957500696182251,0.004249930381774902,7.4833149909973145,0.9812539219856262,0.01874607801437378,15.748015403747559,0.9104511737823486,0.08954882621765137
survset:support2,Weibull_AFT,9,50,8026,13.928388595581055,1,3.7416574954986572,0.9915196299552917,0.008480370044708252,7.4833149909973145,0.9628655910491943,0.037134408950805664,15.748015403747559,0.8289483785629272,0.17105162143707275
survset:support2,Weibull_AFT,9,50,7247,26.53299903869629,0,3.7416574954986572,0.994451105594635,0.00554889440536499,7.4833149909973145,0.9755790829658508,0.02442091703414917,15.748015403747559,0.8846453428268433,0.11535465717315674
survset:support2,Weibull_AFT,9,50,3534,22.583179473876953,1,3.7416574954986572,0.9937590956687927,0.006240904331207275,7.4833149909973145,0.9725662469863892,0.02743375301361084,15.748015403747559,0.8711841106414795,0.1288158893585205
survset:support2,Weibull_AFT,9,50,4089,2.2360680103302,1,3.7416574954986572,0.5095608234405518,0.49043917655944824,7.4833149909973145,0.05000215768814087,0.9499978423118591,15.748015403747559,3.550530891516246e-07,0.9999996449469108
survset:support2,Weibull_AFT,9,50,6924,30.983867645263672,0,3.7416574954986572,0.9963851571083069,0.0036148428916931152,7.4833149909973145,0.9840378761291504,0.01596212387084961,15.748015403747559,0.9233287572860718,0.07667124271392822
survset:support2,Weibull_AFT,9,50,267,42.61455154418945,0,3.7416574954986572,0.9964574575424194,0.0035425424575805664,7.4833149909973145,0.9843552708625793,0.015644729137420654,15.748015403747559,0.9248061180114746,0.07519388198852539
survset:support2,Weibull_AFT,9,50,3459,2.0,1,3.7416574954986572,0.40887343883514404,0.591126561164856,7.4833149909973145,0.018800923600792885,0.9811990763992071,15.748015403747559,9.99999993922529e-09,0.9999999900000001
survset:support2,Weibull_AFT,9,50,6250,29.84962272644043,1,3.7416574954986572,0.9952293038368225,0.00477069616317749,7.4833149909973145,0.9789758920669556,0.021024107933044434,15.748015403747559,0.9000207781791687,0.0999792218208313
survset:support2,Weibull_AFT,9,50,8306,4.123105525970459,1,3.7416574954986572,0.3820759952068329,0.6179240047931671,7.4833149909973145,0.013911460526287556,0.9860885394737124,15.748015403747559,9.99999993922529e-09,0.9999999900000001
survset:support2,Weibull_AFT,9,50,5447,2.4494898319244385,1,3.7416574954986572,0.5432267785072327,0.45677322149276733,7.4833149909973145,0.06644250452518463,0.9335574954748154,15.748015403747559,1.4532066643369035e-06,0.9999985467933357
survset:support2,Weibull_AFT,9,50,6259,41.19466018676758,0,3.7416574954986572,0.9971438646316528,0.002856135368347168,7.4833149909973145,0.9873717427253723,0.012628257274627686,15.748015403747559,0.9389408826828003,0.06105911731719971
survset:support2,Weibull_AFT,9,50,1349,24.474475860595703,0,3.7416574954986572,0.996389627456665,0.003610372543334961,7.4833149909973145,0.9840574264526367,0.01594257354736328,15.748015403747559,0.9234198331832886,0.07658016681671143
survset:support2,Weibull_AFT,9,50,4075,27.221315383911133,1,3.7416574954986572,0.9873077869415283,0.01269221305847168,7.4833149909973145,0.9448244571685791,0.0551755428314209,15.748015403747559,0.7547520995140076,0.24524790048599243
survset:support2,Weibull_AFT,9,50,3406,6.164413928985596,1,3.7416574954986572,0.6067566275596619,0.39324337244033813,7.4833149909973145,0.10861054062843323,0.8913894593715668,15.748015403747559,1.6610290913376957e-05,0.9999833897090866
survset:support2,Weibull_AFT,9,50,4677,2.2360680103302,1,3.7416574954986572,0.3977583050727844,0.6022416949272156,7.4833149909973145,0.01663391850888729,0.9833660814911127,15.748015403747559,9.99999993922529e-09,0.9999999900000001
survset:support2,Weibull_AFT,9,50,8186,39.54743957519531,0,3.7416574954986572,0.9934036135673523,0.006596386432647705,7.4833149909973145,0.9710215926170349,0.028978407382965088,15.748015403747559,0.8643461465835571,0.13565385341644287
survset:support2,Weibull_AFT,9,50,1274,3.0,1,3.7416574954986572,0.5778900384902954,0.4221099615097046,7.4833149909973145,0.0874602273106575,0.9125397726893425,15.748015403747559,5.676388809661148e-06,0.9999943236111903
survset:support2,Weibull_AFT,9,50,3787,5.74456262588501,1,3.7416574954986572,0.6354076862335205,0.3645923137664795,7.4833149909973145,0.1333233118057251,0.8666766881942749,15.748015403747559,4.5894434151705354e-05,0.9999541055658483
survset:support2,Weibull_AFT,9,50,6262,2.0,1,3.7416574954986572,0.17977561056613922,0.8202243894338608,7.4833149909973145,0.00048815429909154773,0.9995118457009085,15.748015403747559,9.99999993922529e-09,0.9999999900000001
survset:support2,Weibull_AFT,9,50,5134,25.592967987060547,0,3.7416574954986572,0.9946185350418091,0.005381464958190918,7.4833149909973145,0.9763091206550598,0.023690879344940186,15.748015403747559,0.8879321217536926,0.11206787824630737
survset:support2,Weibull_AFT,9,50,8511,30.528675079345703,1,3.7416574954986572,0.9935118556022644,0.006488144397735596,7.4833149909973145,0.9714916944503784,0.028508305549621582,15.748015403747559,0.8664226531982422,0.1335773468017578
survset:support2,Weibull_AFT,9,50,2717,29.20616340637207,0,3.7416574954986572,0.9826081991195679,0.01739180088043213,7.4833149909973145,0.9250044822692871,0.07499551773071289,15.748015403747559,0.6794531345367432,0.32054686546325684
survset:support2,Weibull_AFT,9,50,5294,1.7320507764816284,1,3.7416574954986572,0.3884102702140808,0.6115897297859192,7.4833149909973145,0.014965871348977089,0.9850341286510229,15.748015403747559,9.99999993922529e-09,0.9999999900000001
survset:support2,Weibull_AFT,9,50,3774,5.830951690673828,1,3.7416574954986572,0.6955897808074951,0.3044102191925049,7.4833149909973145,0.19931064546108246,0.8006893545389175,15.748015403747559,0.0003368627221789211,0.9996631372778211
survset:support2,Weibull_AFT,9,50,8173,38.897300720214844,1,3.7416574954986572,0.9923359155654907,0.007664084434509277,7.4833149909973145,0.9663929343223572,0.03360706567764282,15.748015403747559,0.8441125154495239,0.15588748455047607
survset:support2,Weibull_AFT,9,50,8389,25.139610290527344,1,3.7416574954986572,0.9862810969352722,0.013718903064727783,7.4833149909973145,0.9404666423797607,0.05953335762023926,15.748015403747559,0.7376512885093689,0.2623487114906311
survset:support2,Weibull_AFT,9,50,6121,30.692018508911133,1,3.7416574954986572,0.9741440415382385,0.025855958461761475,7.4833149909973145,0.8901220560073853,0.10987794399261475,15.748015403747559,0.5615628361701965,0.43843716382980347
survset:support2,Weibull_AFT,9,50,6204,41.66533279418945,0,3.7416574954986572,0.9946532845497131,0.005346715450286865,7.4833149909973145,0.9764608144760132,0.023539185523986816,15.748015403747559,0.8886163234710693,0.11138367652893066
survset:support2,Weibull_AFT,9,50,6389,6.082762718200684,1,3.7416574954986572,0.4894025921821594,0.5105974078178406,7.4833149909973145,0.041792575269937515,0.9582074247300625,15.748015403747559,1.4593481978408818e-07,0.9999998540651802
survset:support2,Weibull_AFT,9,50,3990,27.74887466430664,1,3.7416574954986572,0.9953495860099792,0.004650413990020752,7.4833149909973145,0.9795017242431641,0.020498275756835938,15.748015403747559,0.902419924736023,0.09758007526397705
survset:support2,Weibull_AFT,9,50,3878,40.0,0,3.7416574954986572,0.9938648343086243,0.006135165691375732,7.4833149909973145,0.9730262756347656,0.026973724365234375,15.748015403747559,0.8732289671897888,0.12677103281021118
survset:support2,Weibull_AFT,9,50,2234,1.7320507764816284,1,3.7416574954986572,0.4702492356300354,0.5297507643699646,7.4833149909973145,0.034999407827854156,0.9650005921721458,15.748015403747559,6.05681265142266e-08,0.9999999394318735
survset:support2,Weibull_AFT,9,50,4514,29.393877029418945,1,3.7416574954986572,0.9946181774139404,0.00538182258605957,7.4833149909973145,0.9763075709342957,0.023692429065704346,15.748015403747559,0.8879249691963196,0.11207503080368042
survset:support2,Weibull_AFT,9,50,2481,32.2180061340332,0,3.7416574954986572,0.9915499091148376,0.008450090885162354,7.4833149909973145,0.9629963040351868,0.03700369596481323,15.748015403747559,0.829506516456604,0.170493483543396
survset:support2,Weibull_AFT,9,50,4559,4.4721360206604,1,3.7416574954986572,0.5279303789138794,0.4720696210861206,7.4833149909973145,0.058523353189229965,0.94147664681077,15.748015403747559,7.74619081767014e-07,0.9999992253809182
survset:support2,Weibull_AFT,9,50,1229,26.551836013793945,0,3.7416574954986572,0.9862203598022461,0.013779640197753906,7.4833149909973145,0.9402093291282654,0.05979067087173462,15.748015403747559,0.7366512417793274,0.2633487582206726
survset:support2,Weibull_AFT,9,50,45,5.0,1,3.7416574954986572,0.6676353216171265,0.33236467838287354,7.4833149909973145,0.166103333234787,0.833896666765213,15.748015403747559,0.00013647705782204866,0.999863522942178
survset:support2,Weibull_AFT,9,50,328,8.306623458862305,1,3.7416574954986572,0.9930061101913452,0.006993889808654785,7.4833149909973145,0.9692960977554321,0.03070390224456787,15.748015403747559,0.856758713722229,0.143241286277771
survset:support2,Weibull_AFT,9,50,7489,4.690415859222412,1,3.7416574954986572,0.4622545540332794,0.5377454459667206,7.4833149909973145,0.032431866973638535,0.9675681330263615,15.748015403747559,4.151529964246947e-08,0.9999999584847004
survset:support2,Weibull_AFT,9,50,8010,26.62705421447754,1,3.7416574954986572,0.9890127182006836,0.010987281799316406,7.4833149909973145,0.952095627784729,0.047904372215270996,15.748015403747559,0.7839888334274292,0.2160111665725708
survset:support2,Weibull_AFT,9,50,561,39.49683380126953,0,3.7416574954986572,0.9965552091598511,0.0034447908401489258,7.4833149909973145,0.9847843647003174,0.015215635299682617,15.748015403747559,0.9268065094947815,0.0731934905052185
survset:support2,Weibull_AFT,9,50,4085,3.464101552963257,1,3.7416574954986572,0.4594443738460541,0.5405556261539459,7.4833149909973145,0.03156493976712227,0.9684350602328777,15.748015403747559,3.629727274301331e-08,0.9999999637027273
survset:support2,Weibull_AFT,9,50,2757,2.8284270763397217,1,3.7416574954986572,0.46309831738471985,0.5369016826152802,7.4833149909973145,0.03269573301076889,0.9673042669892311,15.748015403747559,4.3216953571345584e-08,0.9999999567830464
survset:support2,Weibull_AFT,9,50,5339,23.93741798400879,0,3.7416574954986572,0.9961418509483337,0.0038581490516662598,7.4833149909973145,0.9829707145690918,0.017029285430908203,15.748015403747559,0.9183754324913025,0.08162456750869751
survset:support2,Weibull_AFT,9,50,5657,2.0,1,3.7416574954986572,0.2846220135688782,0.7153779864311218,7.4833149909973145,0.003759757848456502,0.9962402421515435,15.748015403747559,9.99999993922529e-09,0.9999999900000001
survset:support2,Weibull_AFT,9,50,680,15.329710006713867,1,3.7416574954986572,0.9940565228462219,0.005943477153778076,7.4833149909973145,0.9738603830337524,0.02613961696624756,15.748015403747559,0.8769460916519165,0.1230539083480835
survset:support2,Weibull_AFT,9,50,339,10.488088607788086,1,3.7416574954986572,0.9881749749183655,0.011825025081634521,7.4833149909973145,0.9485175013542175,0.05148249864578247,15.748015403747559,0.7694905400276184,0.2305094599723816
survset:support2,Weibull_AFT,9,50,7284,15.524174690246582,1,3.7416574954986572,0.993105411529541,0.006894588470458984,7.4833149909973145,0.9697269797325134,0.030273020267486572,15.748015403747559,0.858648419380188,0.141351580619812
survset:support2,Weibull_AFT,9,50,5166,25.298221588134766,0,3.7416574954986572,0.991611659526825,0.008388340473175049,7.4833149909973145,0.9632629156112671,0.03673708438873291,15.748015403747559,0.8306456208229065,0.1693543791770935
survset:support2,Weibull_AFT,9,50,4087,3.872983455657959,1,3.7416574954986572,0.6581888198852539,0.3418111801147461,7.4833149909973145,0.15591205656528473,0.8440879434347153,15.748015403747559,9.970941027859226e-05,0.9999002905897214
survset:support2,Weibull_AFT,9,50,5547,21.725561141967773,0,3.7416574954986572,0.9963714480400085,0.003628551959991455,7.4833149909973145,0.9839776158332825,0.01602238416671753,15.748015403747559,0.9230484962463379,0.07695150375366211
survset:support2,Weibull_AFT,9,50,7184,8.602325439453125,1,3.7416574954986572,0.9879825711250305,0.012017428874969482,7.4833149909973145,0.9476972222328186,0.052302777767181396,15.748015403747559,0.7661972641944885,0.23380273580551147
survset:support2,Weibull_AFT,9,50,8399,9.219544410705566,1,3.7416574954986572,0.9834162592887878,0.016583740711212158,7.4833149909973145,0.9283894300460815,0.07161056995391846,15.748015403747559,0.691868782043457,0.30813121795654297
survset:support2,Weibull_AFT,9,50,2319,10.440306663513184,1,3.7416574954986572,0.9932184219360352,0.006781578063964844,7.4833149909973145,0.9702174067497253,0.029782593250274658,15.748015403747559,0.8608033657073975,0.13919663429260254
survset:support2,Weibull_AFT,9,50,7155,13.076696395874023,1,3.7416574954986572,0.9871859550476074,0.012814044952392578,7.4833149909973145,0.9443066716194153,0.05569332838058472,15.748015403747559,0.7527037858963013,0.24729621410369873
survset:support2,Weibull_AFT,9,50,1692,8.426149368286133,1,3.7416574954986572,0.9953887462615967,0.00461125373840332,7.4833149909973145,0.9796730279922485,0.020326972007751465,15.748015403747559,0.9032027721405029,0.09679722785949707
survset:support2,Weibull_AFT,9,50,4229,7.745966911315918,1,3.7416574954986572,0.9916486144065857,0.008351385593414307,7.4833149909973145,0.963422417640686,0.036577582359313965,15.748015403747559,0.8313276171684265,0.1686723828315735
survset:support2,Weibull_AFT,9,50,5131,12.083045959472656,1,3.7416574954986572,0.992921769618988,0.007078230381011963,7.4833149909973145,0.9689304828643799,0.031069517135620117,15.748015403747559,0.8551579117774963,0.14484208822250366
survset:support2,Weibull_AFT,9,50,500,4.4721360206604,1,3.7416574954986572,0.5651665925979614,0.4348334074020386,7.4833149909973145,0.07922271639108658,0.9207772836089134,15.748015403747559,3.4761260394589044e-06,0.9999965238739605
survset:support2,Weibull_AFT,9,50,4656,7.549834251403809,1,3.7416574954986572,0.6888799667358398,0.31112003326416016,7.4833149909973145,0.1909087747335434,0.8090912252664566,15.748015403747559,0.0002720982301980257,0.999727901769802
survset:support2,Weibull_AFT,9,50,6571,27.838821411132812,1,3.7416574954986572,0.9971101880073547,0.0028898119926452637,7.4833149909973145,0.9872233271598816,0.012776672840118408,15.748015403747559,0.9382416009902954,0.06175839900970459
survset:support2,Weibull_AFT,9,50,2221,2.6457512378692627,1,3.7416574954986572,0.8253048062324524,0.1746951937675476,7.4833149909973145,0.4260828197002411,0.5739171802997589,15.748015403747559,0.014562394469976425,0.9854376055300236
survset:support2,Weibull_AFT,9,50,4525,31.064449310302734,0,3.7416574954986572,0.9897993206977844,0.010200679302215576,7.4833149909973145,0.9554648399353027,0.044535160064697266,15.748015403747559,0.7978389859199524,0.2021610140800476
survset:support2,Weibull_AFT,9,50,1769,27.874719619750977,1,3.7416574954986572,0.9919138550758362,0.008086144924163818,7.4833149909973145,0.9645679593086243,0.03543204069137573,15.748015403747559,0.8362394571304321,0.16376054286956787
survset:support2,Weibull_AFT,9,50,3473,43.53159713745117,0,3.7416574954986572,0.9891799092292786,0.010820090770721436,7.4833149909973145,0.9528109431266785,0.04718905687332153,15.748015403747559,0.7869130373001099,0.21308696269989014
survset:support2,Weibull_AFT,9,50,819,36.30426788330078,0,3.7416574954986572,0.9903465509414673,0.009653449058532715,7.4833149909973145,0.9578143954277039,0.04218560457229614,15.748015403747559,0.8076126575469971,0.19238734245300293
survset:support2,Weibull_AFT,9,50,3045,23.473388671875,0,3.7416574954986572,0.9845418930053711,0.015458106994628906,7.4833149909973145,0.9331203699111938,0.06687963008880615,15.748015403747559,0.709524393081665,0.29047560691833496
survset:support2,Weibull_AFT,9,50,3061,23.108440399169922,0,3.7416574954986572,0.9877881407737732,0.012211859226226807,7.4833149909973145,0.9468687772750854,0.05313122272491455,15.748015403747559,0.7628825902938843,0.23711740970611572
survset:support2,Weibull_AFT,9,50,6267,41.1096076965332,0,3.7416574954986572,0.9931360483169556,0.006863951683044434,7.4833149909973145,0.9698598980903625,0.03014010190963745,15.748015403747559,0.8592320680618286,0.1407679319381714
survset:support2,Weibull_AFT,9,50,1334,24.85960578918457,0,3.7416574954986572,0.9944979548454285,0.005502045154571533,7.4833149909973145,0.9757834672927856,0.024216532707214355,15.748015403747559,0.8855646252632141,0.11443537473678589
survset:support2,Weibull_AFT,9,50,3909,27.331300735473633,1,3.7416574954986572,0.9955284595489502,0.004471540451049805,7.4833149909973145,0.9802841544151306,0.019715845584869385,15.748015403747559,0.9059991836547852,0.09400081634521484
survset:support2,Weibull_AFT,9,50,2710,14.142135620117188,1,3.7416574954986572,0.9810390472412109,0.018960952758789062,7.4833149909973145,0.9184589982032776,0.08154100179672241,15.748015403747559,0.6559496521949768,0.3440503478050232
survset:support2,Weibull_AFT,9,50,6698,2.0,1,3.7416574954986572,0.15197917819023132,0.8480208218097687,7.4833149909973145,0.0002314378652954474,0.9997685621347046,15.748015403747559,9.99999993922529e-09,0.9999999900000001
survset:support2,Weibull_AFT,9,50,4095,15.620499610900879,1,3.7416574954986572,0.9921937584877014,0.007806241512298584,7.4833149909973145,0.9657778739929199,0.03422212600708008,15.748015403747559,0.8414524793624878,0.1585475206375122
survset:support2,Weibull_AFT,9,50,6647,7.4833149909973145,1,3.7416574954986572,0.6845245361328125,0.3154754638671875,7.4833149909973145,0.18560370802879333,0.8143962919712067,15.748015403747559,0.00023661924933549017,0.9997633807506645
survset:support2,Weibull_AFT,9,50,4775,5.656854152679443,1,3.7416574954986572,0.6570238471031189,0.3429761528968811,7.4833149909973145,0.15468959510326385,0.8453104048967361,15.748015403747559,9.589339606463909e-05,0.9999041066039354
survset:support2,Weibull_AFT,9,50,9,19.235383987426758,1,3.7416574954986572,0.9946017861366272,0.005398213863372803,7.4833149909973145,0.9762361645698547,0.023763835430145264,15.748015403747559,0.8876031041145325,0.11239689588546753
survset:support2,Weibull_AFT,9,50,7782,6.244997978210449,1,3.7416574954986572,0.8091028332710266,0.1908971667289734,7.4833149909973145,0.3901524841785431,0.6098475158214569,15.748015403747559,0.009409405291080475,0.9905905947089195
survset:support2,Weibull_AFT,9,50,1016,8.426149368286133,1,3.7416574954986572,0.985747754573822,0.014252245426177979,7.4833149909973145,0.9382091760635376,0.0617908239364624,15.748015403747559,0.7289150357246399,0.2710849642753601
survset:support2,Weibull_AFT,9,50,350,29.647933959960938,1,3.7416574954986572,0.9873983860015869,0.012601613998413086,7.4833149909973145,0.9452098608016968,0.05479013919830322,15.748015403747559,0.756279468536377,0.24372053146362305
survset:support2,Weibull_AFT,9,50,3807,40.62019348144531,0,3.7416574954986572,0.9922645092010498,0.007735490798950195,7.4833149909973145,0.9660839438438416,0.03391605615615845,15.748015403747559,0.8427754640579224,0.15722453594207764
survset:support2,Weibull_AFT,9,50,6899,19.646883010864258,1,3.7416574954986572,0.9950417876243591,0.004958212375640869,7.4833149909973145,0.9781565070152283,0.02184349298477173,15.748015403747559,0.8962924480438232,0.10370755195617676
survset:support2,Weibull_AFT,9,50,1430,22.737634658813477,0,3.7416574954986572,0.989739179611206,0.010260820388793945,7.4833149909973145,0.9552070498466492,0.04479295015335083,15.748015403747559,0.7967724204063416,0.20322757959365845
survset:support2,Weibull_AFT,9,50,4435,31.764760971069336,0,3.7416574954986572,0.9955519437789917,0.004448056221008301,7.4833149909973145,0.9803869128227234,0.01961308717727661,15.748015403747559,0.9064700603485107,0.09352993965148926
survset:support2,Weibull_AFT,9,50,7108,2.6457512378692627,1,3.7416574954986572,0.5444467663764954,0.45555323362350464,7.4833149909973145,0.06710811704397202,0.932891882956028,15.748015403747559,1.5268218476194306e-06,0.9999984731781524
survset:support2,Weibull_AFT,9,50,7391,16.61324691772461,1,3.7416574954986572,0.9922522902488708,0.00774770975112915,7.4833149909973145,0.9660309553146362,0.03396904468536377,15.748015403747559,0.8425461649894714,0.15745383501052856
survset:support2,Weibull_AFT,9,50,7698,3.605551242828369,1,3.7416574954986572,0.4241749346256256,0.5758250653743744,7.4833149909973145,0.022134851664304733,0.9778651483356953,15.748015403747559,9.99999993922529e-09,0.9999999900000001
survset:support2,Weibull_AFT,9,50,632,30.91925048828125,1,3.7416574954986572,0.9907288551330566,0.00927114486694336,7.4833149909973145,0.9594581723213196,0.04054182767868042,15.748015403747559,0.8145071268081665,0.1854928731918335
survset:support2,Weibull_AFT,9,50,4882,27.964262008666992,0,3.7416574954986572,0.9957447052001953,0.0042552947998046875,7.4833149909973145,0.9812304377555847,0.018769562244415283,15.748015403747559,0.9103431701660156,0.08965682983398438
survset:support2,Weibull_AFT,9,50,1235,26.51414680480957,0,3.7416574954986572,0.9933071732521057,0.006692826747894287,7.4833149909973145,0.9706026911735535,0.029397308826446533,15.748015403747559,0.8624993562698364,0.13750064373016357
survset:support2,Weibull_AFT,9,50,7815,13.964240074157715,1,3.7416574954986572,0.9960914254188538,0.00390857458114624,7.4833149909973145,0.9827496409416199,0.017250359058380127,15.748015403747559,0.917352020740509,0.08264797925949097
survset:support2,Weibull_AFT,9,50,2279,2.2360680103302,1,3.7416574954986572,0.4244692325592041,0.5755307674407959,7.4833149909973145,0.022203171625733376,0.9777968283742666,15.748015403747559,9.99999993922529e-09,0.9999999900000001
survset:support2,Weibull_AFT,9,50,6570,37.549964904785156,0,3.7416574954986572,0.9949753880500793,0.005024611949920654,7.4833149909973145,0.9778664708137512,0.02213352918624878,15.748015403747559,0.8949758410453796,0.10502415895462036
survset:support2,Weibull_AFT,9,50,5548,4.898979663848877,1,3.7416574954986572,0.42240825295448303,0.577591747045517,7.4833149909973145,0.0217281486839056,0.9782718513160944,15.748015403747559,9.99999993922529e-09,0.9999999900000001
survset:support2,Weibull_AFT,9,50,5181,25.139610290527344,0,3.7416574954986572,0.9793137907981873,0.020686209201812744,7.4833149909973145,0.9113039970397949,0.08869600296020508,15.748015403747559,0.6310045123100281,0.3689954876899719
survset:support2,Weibull_AFT,9,50,5334,4.358899116516113,1,3.7416574954986572,0.5001148581504822,0.4998851418495178,7.4833149909973145,0.046013105660676956,0.953986894339323,15.748015403747559,2.3512215818755067e-07,0.9999997648778418
survset:support2,Weibull_AFT,9,50,5719,20.0,0,3.7416574954986572,0.9930069446563721,0.00699305534362793,7.4833149909973145,0.969299852848053,0.03070014715194702,15.748015403747559,0.8567751049995422,0.14322489500045776
survset:support2,Weibull_AFT,9,50,1376,19.79899024963379,1,3.7416574954986572,0.9910256862640381,0.008974313735961914,7.4833149909973145,0.9607362151145935,0.039263784885406494,15.748015403747559,0.81989985704422,0.18010014295578003
survset:support2,Weibull_AFT,9,50,753,21.748563766479492,1,3.7416574954986572,0.991395115852356,0.008604884147644043,7.4833149909973145,0.9623285531997681,0.037671446800231934,15.748015403747559,0.8266589045524597,0.17334109544754028
survset:support2,Weibull_AFT,9,50,1038,7.874007701873779,1,3.7416574954986572,0.9843810796737671,0.01561892032623291,7.4833149909973145,0.9324432611465454,0.06755673885345459,15.748015403747559,0.7069755792617798,0.2930244207382202
survset:support2,Weibull_AFT,9,50,9080,19.646883010864258,0,3.7416574954986572,0.9918800592422485,0.008119940757751465,7.4833149909973145,0.9644219279289246,0.03557807207107544,15.748015403747559,0.8356121182441711,0.16438788175582886
survset:support2,Weibull_AFT,9,50,1937,8.246211051940918,1,3.7416574954986572,0.979424774646759,0.020575225353240967,7.4833149909973145,0.9117630124092102,0.0882369875907898,15.748015403747559,0.6325817108154297,0.3674182891845703
survset:support2,Weibull_AFT,9,50,7950,22.360679626464844,1,3.7416574954986572,0.9873233437538147,0.012676656246185303,7.4833149909973145,0.9448906183242798,0.055109381675720215,15.748015403747559,0.7550141215324402,0.24498587846755981
survset:support2,Weibull_AFT,9,50,4711,3.316624879837036,1,3.7416574954986572,0.3366360366344452,0.6633639633655548,7.4833149909973145,0.007925748825073242,0.9920742511749268,15.748015403747559,9.99999993922529e-09,0.9999999900000001
survset:support2,Weibull_AFT,9,50,8926,16.0,1,3.7416574954986572,0.99553382396698,0.0044661760330200195,7.4833149909973145,0.9803076386451721,0.01969236135482788,15.748015403747559,0.9061068296432495,0.09389317035675049
survset:support2,Weibull_AFT,9,50,4445,2.8284270763397217,1,3.7416574954986572,0.49020281434059143,0.5097971856594086,7.4833149909973145,0.0420970544219017,0.9579029455780983,15.748015403747559,1.512821796723074e-07,0.9999998487178203
survset:support2,Weibull_AFT,9,50,7978,3.316624879837036,1,3.7416574954986572,0.8204281330108643,0.17957186698913574,7.4833149909973145,0.4150092601776123,0.5849907398223877,15.748015403747559,0.012780211865901947,0.987219788134098
survset:support2,Weibull_AFT,9,50,5252,6.082762718200684,1,3.7416574954986572,0.550296425819397,0.449703574180603,7.4833149909973145,0.0703715905547142,0.9296284094452858,15.748015403747559,1.932068698806688e-06,0.9999980679313012
survset:support2,Weibull_AFT,9,50,8994,4.242640495300293,1,3.7416574954986572,0.2019462138414383,0.7980537861585617,7.4833149909973145,0.000818398897536099,0.9991816011024639,15.748015403747559,9.99999993922529e-09,0.9999999900000001
survset:support2,Weibull_AFT,9,50,1920,7.6157732009887695,1,3.7416574954986572,0.4121514856815338,0.5878485143184662,7.4833149909973145,0.01947997324168682,0.9805200267583132,15.748015403747559,9.99999993922529e-09,0.9999999900000001
survset:support2,Weibull_AFT,9,50,6597,37.2827033996582,0,3.7416574954986572,0.9920302033424377,0.007969796657562256,7.4833149909973145,0.9650705456733704,0.03492945432662964,15.748015403747559,0.8384019136428833,0.1615980863571167
survset:support2,Weibull_AFT,9,50,8038,41.388404846191406,0,3.7416574954986572,0.9958829879760742,0.004117012023925781,7.4833149909973145,0.9818360209465027,0.018163979053497314,15.748015403747559,0.9131319522857666,0.0868680477142334
survset:support2,Weibull_AFT,9,50,2277,7.8102498054504395,1,3.7416574954986572,0.992054283618927,0.007945716381072998,7.4833149909973145,0.9651747941970825,0.03482520580291748,15.748015403747559,0.8388507962226868,0.16114920377731323
survset:support2,Weibull_AFT,9,50,6007,5.385164737701416,1,3.7416574954986572,0.41085970401763916,0.5891402959823608,7.4833149909973145,0.019210152328014374,0.9807898476719856,15.748015403747559,9.99999993922529e-09,0.9999999900000001
survset:support2,Weibull_AFT,9,50,8352,37.2827033996582,0,3.7416574954986572,0.994406521320343,0.005593478679656982,7.4833149909973145,0.9753847718238831,0.024615228176116943,15.748015403747559,0.8837723135948181,0.11622768640518188
survset:support2,Weibull_AFT,9,50,1611,27.276363372802734,1,3.7416574954986572,0.9910092949867249,0.008990705013275146,7.4833149909973145,0.9606655240058899,0.03933447599411011,15.748015403747559,0.8196009397506714,0.1803990602493286
survset:support2,Weibull_AFT,9,50,4470,18.0,1,3.7416574954986572,0.9875875115394592,0.012412488460540771,7.4833149909973145,0.9460145831108093,0.053985416889190674,15.748015403747559,0.7594768404960632,0.24052315950393677
survset:support2,Weibull_AFT,9,50,6923,8.306623458862305,1,3.7416574954986572,0.9930078387260437,0.006992161273956299,7.4833149909973145,0.9693037867546082,0.030696213245391846,15.748015403747559,0.8567922711372375,0.14320772886276245
survset:support2,Weibull_AFT,9,50,2662,6.928203105926514,1,3.7416574954986572,0.5174543857574463,0.4825456142425537,7.4833149909973145,0.053536806255578995,0.946463193744421,15.748015403747559,4.981382630830922e-07,0.9999995018617369
survset:support2,Weibull_AFT,9,50,7708,19.595918655395508,0,3.7416574954986572,0.9941401481628418,0.005859851837158203,7.4833149909973145,0.9742245078086853,0.025775492191314697,15.748015403747559,0.8785727024078369,0.12142729759216309
survset:support2,Weibull_AFT,9,50,4362,32.341922760009766,0,3.7416574954986572,0.9951276779174805,0.004872322082519531,7.4833149909973145,0.9785317778587341,0.02146822214126587,15.748015403747559,0.8979986310005188,0.1020013689994812
survset:support2,Weibull_AFT,9,50,2769,10.862780570983887,1,3.7416574954986572,0.9959765076637268,0.004023492336273193,7.4833149909973145,0.982245922088623,0.017754077911376953,15.748015403747559,0.9150233864784241,0.08497661352157593
survset:support2,Weibull_AFT,9,50,1061,10.72380542755127,1,3.7416574954986572,0.9904705882072449,0.009529411792755127,7.4833149909973145,0.9583473205566406,0.041652679443359375,15.748015403747559,0.8098427653312683,0.1901572346687317
survset:support2,Weibull_AFT,9,50,8756,2.2360680103302,1,3.7416574954986572,0.7119148969650269,0.28808510303497314,7.4833149909973145,0.22095105051994324,0.7790489494800568,15.748015403747559,0.0005615342524833977,0.9994384657475166
survset:support2,Weibull_AFT,9,50,7931,8.124038696289062,1,3.7416574954986572,0.9594659805297852,0.040534019470214844,7.4833149909973145,0.8320554494857788,0.1679445505142212,15.748015403747559,0.4019373655319214,0.5980626344680786
survset:support2,Weibull_AFT,9,50,4161,37.2155876159668,0,3.7416574954986572,0.9924110770225525,0.00758892297744751,7.4833149909973145,0.9667180180549622,0.03328198194503784,15.748015403747559,0.8455212116241455,0.1544787883758545
survset:support2,Weibull_AFT,9,50,8328,33.52610778808594,1,3.7416574954986572,0.9956125617027283,0.0043874382972717285,7.4833149909973145,0.9806519746780396,0.01934802532196045,15.748015403747559,0.9076856970787048,0.09231430292129517
survset:support2,Weibull_AFT,9,50,6888,31.38471031188965,0,3.7416574954986572,0.9922713041305542,0.007728695869445801,7.4833149909973145,0.966113269329071,0.033886730670928955,15.748015403747559,0.8429022431373596,0.15709775686264038
survset:support2,Weibull_AFT,9,50,8028,16.18641471862793,1,3.7416574954986572,0.9908230304718018,0.009176969528198242,7.4833149909973145,0.9598634839057922,0.040136516094207764,15.748015403747559,0.8162142634391785,0.18378573656082153
survset:support2,Weibull_AFT,9,50,2390,4.582575798034668,1,3.7416574954986572,0.6865953803062439,0.3134046196937561,7.4833149909973145,0.1881115883588791,0.8118884116411209,15.748015403747559,0.0002528986951801926,0.9997471013048198
survset:support2,Weibull_AFT,9,50,4090,15.0,1,3.7416574954986572,0.9926386475563049,0.007361352443695068,7.4833149909973145,0.9677035212516785,0.03229647874832153,15.748015403747559,0.8498029708862305,0.15019702911376953
survset:support2,Weibull_AFT,9,50,8462,9.643651008605957,1,3.7416574954986572,0.9879783987998962,0.01202160120010376,7.4833149909973145,0.9476794004440308,0.05232059955596924,15.748015403747559,0.7661257386207581,0.23387426137924194
survset:support2,Weibull_AFT,9,50,5951,4.898979663848877,1,3.7416574954986572,0.25582262873649597,0.744177371263504,7.4833149909973145,0.002340478589758277,0.9976595214102417,15.748015403747559,9.99999993922529e-09,0.9999999900000001
survset:support2,Weibull_AFT,9,50,7715,13.416407585144043,1,3.7416574954986572,0.9894517064094543,0.010548293590545654,7.4833149909973145,0.9539747834205627,0.046025216579437256,15.748015403747559,0.7916897535324097,0.20831024646759033
survset:support2,Weibull_AFT,9,50,683,32.95451354980469,1,3.7416574954986572,0.994179368019104,0.005820631980895996,7.4833149909973145,0.9743952751159668,0.025604724884033203,15.748015403747559,0.8793364763259888,0.12066352367401123
survset:support2,Weibull_AFT,9,50,5251,24.657655715942383,0,3.7416574954986572,0.9861510992050171,0.01384890079498291,7.4833149909973145,0.9399160742759705,0.06008392572402954,15.748015403747559,0.735512912273407,0.264487087726593
survset:support2,Weibull_AFT,9,50,3739,5.099019527435303,1,3.7416574954986572,0.6623625755310059,0.33763742446899414,7.4833149909973145,0.16035325825214386,0.8396467417478561,15.748015403747559,0.00011460611131042242,0.9998853938886896
survset:support2,Weibull_AFT,9,50,5649,20.784608840942383,0,3.7416574954986572,0.9938055276870728,0.006194472312927246,7.4833149909973145,0.972768247127533,0.02723175287246704,15.748015403747559,0.8720815777778625,0.12791842222213745
survset:support2,Weibull_AFT,9,50,8372,36.9052848815918,0,3.7416574954986572,0.9941136240959167,0.005886375904083252,7.4833149909973145,0.9741089344024658,0.02589106559753418,15.748015403747559,0.8780562281608582,0.12194377183914185
survset:support2,Weibull_AFT,9,50,8599,5.830951690673828,1,3.7416574954986572,0.33624815940856934,0.6637518405914307,7.4833149909973145,0.007885252125561237,0.9921147478744388,15.748015403747559,9.99999993922529e-09,0.9999999900000001
survset:support2,Weibull_AFT,9,50,8952,4.0,1,3.7416574954986572,0.39498481154441833,0.6050151884555817,7.4833149909973145,0.016124717891216278,0.9838752821087837,15.748015403747559,9.99999993922529e-09,0.9999999900000001
survset:support2,Weibull_AFT,9,50,686,2.4494898319244385,1,3.7416574954986572,0.14124982059001923,0.8587501794099808,7.4833149909973145,0.00016716861864551902,0.9998328313813545,15.748015403747559,9.99999993922529e-09,0.9999999900000001
survset:support2,Weibull_AFT,9,50,207,6.324555397033691,1,3.7416574954986572,0.756460964679718,0.24353903532028198,7.4833149909973145,0.2893436849117279,0.7106563150882721,15.748015403747559,0.002137880539521575,0.9978621194604784
survset:support2,Weibull_AFT,9,50,5621,12.083045959472656,1,3.7416574954986572,0.9920067191123962,0.00799328088760376,7.4833149909973145,0.9649692177772522,0.0350307822227478,15.748015403747559,0.8379654288291931,0.16203457117080688
survset:support2,Weibull_AFT,9,50,8482,32.31098937988281,0,3.7416574954986572,0.9911250472068787,0.008874952793121338,7.4833149909973145,0.9611643552780151,0.03883564472198486,15.748015403747559,0.8217129707336426,0.17828702926635742
survset:support2,Weibull_AFT,9,50,8813,25.826343536376953,0,3.7416574954986572,0.9959174394607544,0.0040825605392456055,7.4833149909973145,0.9819870591163635,0.018012940883636475,15.748015403747559,0.9138285517692566,0.08617144823074341
survset:support2,Weibull_AFT,9,50,7746,2.0,1,3.7416574954986572,0.47475889325141907,0.5252411067485809,7.4833149909973145,0.03651556745171547,0.9634844325482845,15.748015403747559,7.473905583310625e-08,0.9999999252609442
survset:support2,Weibull_AFT,9,50,2459,5.5677642822265625,1,3.7416574954986572,0.6001883745193481,0.39981162548065186,7.4833149909973145,0.1034829393029213,0.8965170606970787,15.748015403747559,1.3069370652374346e-05,0.9999869306293476
survset:support2,Weibull_AFT,9,50,1806,2.0,1,3.7416574954986572,0.6416490077972412,0.3583509922027588,7.4833149909973145,0.13924135267734528,0.8607586473226547,15.748015403747559,5.6920460338005796e-05,0.999943079539662
survset:support2,Weibull_AFT,9,50,3458,11.313708305358887,1,3.7416574954986572,0.9849262833595276,0.015073716640472412,7.4833149909973145,0.9347400665283203,0.06525993347167969,15.748015403747559,0.7156509757041931,0.2843490242958069
survset:support2,Weibull_AFT,9,50,1514,5.4772257804870605,1,3.7416574954986572,0.2895655035972595,0.7104344964027405,7.4833149909973145,0.004058712162077427,0.9959412878379226,15.748015403747559,9.99999993922529e-09,0.9999999900000001
survset:support2,Weibull_AFT,9,50,813,8.426149368286133,1,3.7416574954986572,0.9891888499259949,0.010811150074005127,7.4833149909973145,0.9528492093086243,0.04715079069137573,15.748015403747559,0.7870699167251587,0.2129300832748413
survset:support2,Weibull_AFT,9,50,8794,3.1622776985168457,1,3.7416574954986572,0.23817074298858643,0.7618292570114136,7.4833149909973145,0.0017034845659509301,0.9982965154340491,15.748015403747559,9.99999993922529e-09,0.9999999900000001
survset:support2,Weibull_AFT,9,50,6419,7.071067810058594,1,3.7416574954986572,0.6174038052558899,0.3825961947441101,7.4833149909973145,0.11733834445476532,0.8826616555452347,15.748015403747559,2.436627255519852e-05,0.9999756337274448
survset:support2,Weibull_AFT,9,50,4197,5.5677642822265625,1,3.7416574954986572,0.5614210367202759,0.4385789632797241,7.4833149909973145,0.07691632211208344,0.9230836778879166,15.748015403747559,3.002515313710319e-06,0.9999969974846863
survset:support2,Weibull_AFT,9,50,7027,2.6457512378692627,1,3.7416574954986572,0.21867810189723969,0.7813218981027603,7.4833149909973145,0.0011656478745862842,0.9988343521254137,15.748015403747559,9.99999993922529e-09,0.9999999900000001
survset:support2,Weibull_AFT,9,50,8683,28.94822883605957,0,3.7416574954986572,0.9920274615287781,0.007972538471221924,7.4833149909973145,0.9650587439537048,0.034941256046295166,15.748015403747559,0.8383509516716003,0.16164904832839966
survset:support2,Weibull_AFT,9,50,8960,16.0623779296875,1,3.7416574954986572,0.9943777918815613,0.005622208118438721,7.4833149909973145,0.9752596616744995,0.02474033832550049,15.748015403747559,0.8832104802131653,0.11678951978683472
survset:support2,Weibull_AFT,9,50,8899,9.643651008605957,1,3.7416574954986572,0.9917060136795044,0.008293986320495605,7.4833149909973145,0.9636700749397278,0.03632992506027222,15.748015403747559,0.8323875665664673,0.16761243343353271
survset:support2,Weibull_AFT,9,50,2042,29.94995880126953,1,3.7416574954986572,0.9936800599098206,0.006319940090179443,7.4833149909973145,0.9722228050231934,0.02777719497680664,15.748015403747559,0.8696600198745728,0.13033998012542725
survset:support2,Weibull_AFT,9,50,3142,3.316624879837036,1,3.7416574954986572,0.6412546038627625,0.35874539613723755,7.4833149909973145,0.13886144757270813,0.8611385524272919,15.748015403747559,5.6154698540922254e-05,0.9999438453014591
survset:support2,Weibull_AFT,9,50,8405,17.029386520385742,1,3.7416574954986572,0.9870595932006836,0.012940406799316406,7.4833149909973145,0.9437695145606995,0.05623048543930054,15.748015403747559,0.7505835890769958,0.24941641092300415
survset:support2,Weibull_AFT,9,50,1853,20.248456954956055,1,3.7416574954986572,0.9919272661209106,0.008072733879089355,7.4833149909973145,0.964625895023346,0.03537410497665405,15.748015403747559,0.836488664150238,0.16351133584976196
survset:support2,Weibull_AFT,9,50,2571,7.0,1,3.7416574954986572,0.6508116722106934,0.34918832778930664,7.4833149909973145,0.14829587936401367,0.8517041206359863,15.748015403747559,7.778728468110785e-05,0.9999222127153189
survset:support2,Weibull_AFT,9,50,1149,28.195743560791016,0,3.7416574954986572,0.9882618188858032,0.011738181114196777,7.4833149909973145,0.9488879442214966,0.05111205577850342,15.748015403747559,0.7709816098213196,0.22901839017868042
survset:support2,Weibull_AFT,9,50,7126,8.366600036621094,1,3.7416574954986572,0.972391664981842,0.02760833501815796,7.4833149909973145,0.8830292224884033,0.11697077751159668,15.748015403747559,0.5397265553474426,0.4602734446525574
survset:support2,Weibull_AFT,9,50,246,3.7416574954986572,1,3.7416574954986572,0.6035950183868408,0.3964049816131592,7.4833149909973145,0.10611839592456818,0.8938816040754318,15.748015403747559,1.480470018577762e-05,0.9999851952998142
survset:support2,Weibull_AFT,9,50,4234,8.602325439453125,1,3.7416574954986572,0.9918114542961121,0.00818854570388794,7.4833149909973145,0.964125394821167,0.03587460517883301,15.748015403747559,0.8343392610549927,0.16566073894500732
survset:support2,Weibull_AFT,9,50,5213,2.0,1,3.7416574954986572,0.17860090732574463,0.8213990926742554,7.4833149909973145,0.0004741401062346995,0.9995258598937653,15.748015403747559,9.99999993922529e-09,0.9999999900000001
survset:support2,Weibull_AFT,9,50,3770,25.553865432739258,1,3.7416574954986572,0.9913252592086792,0.0086747407913208,7.4833149909973145,0.9620271921157837,0.03797280788421631,15.748015403747559,0.8253763318061829,0.17462366819381714
survset:support2,Weibull_AFT,9,50,5437,3.7416574954986572,1,3.7416574954986572,0.4816721975803375,0.5183278024196625,7.4833149909973145,0.03893813490867615,0.9610618650913239,15.748015403747559,1.0276520612251261e-07,0.9999998972347939
survset:support2,Weibull_AFT,9,50,6574,14.352700233459473,1,3.7416574954986572,0.9796473383903503,0.020352661609649658,7.4833149909973145,0.9126840829849243,0.08731591701507568,15.748015403747559,0.6357560753822327,0.36424392461776733
survset:support2,Weibull_AFT,9,50,5575,16.370704650878906,1,3.7416574954986572,0.9949813485145569,0.005018651485443115,7.4833149909973145,0.9778926968574524,0.022107303142547607,15.748015403747559,0.8950948715209961,0.1049051284790039
survset:support2,Weibull_AFT,9,50,238,4.358899116516113,1,3.7416574954986572,0.6527520418167114,0.3472479581832886,7.4833149909973145,0.15027053654193878,0.8497294634580612,15.748015403747559,8.30592107377015e-05,0.9999169407892623
survset:support2,Weibull_AFT,9,50,8144,7.211102485656738,1,3.7416574954986572,0.5145461559295654,0.48545384407043457,7.4833149909973145,0.05221272632479668,0.9477872736752033,15.748015403747559,4.3997928855787904e-07,0.9999995600207114
survset:support2,Weibull_AFT,9,50,4851,2.0,1,3.7416574954986572,0.6929975748062134,0.3070024251937866,7.4833149909973145,0.19603146612644196,0.803968533873558,15.748015403747559,0.0003102672635577619,0.9996897327364422
survset:support2,Weibull_AFT,9,50,3764,41.19466018676758,0,3.7416574954986572,0.9952009916305542,0.004799008369445801,7.4833149909973145,0.9788520932197571,0.02114790678024292,15.748015403747559,0.899456799030304,0.10054320096969604
survset:support2,Weibull_AFT,9,50,6314,11.269427299499512,1,3.7416574954986572,0.9748874306678772,0.025112569332122803,7.4833149909973145,0.8931443095207214,0.10685569047927856,15.748015403747559,0.571078896522522,0.428921103477478
survset:support2,Weibull_AFT,9,50,4822,1.7320507764816284,1,3.7416574954986572,0.27401432394981384,0.7259856760501862,7.4833149909973145,0.0031759003177285194,0.9968240996822715,15.748015403747559,9.99999993922529e-09,0.9999999900000001
survset:support2,Weibull_AFT,9,50,2237,3.1622776985168457,1,3.7416574954986572,0.4254958927631378,0.5745041072368622,7.4833149909973145,0.022442784160375595,0.9775572158396244,15.748015403747559,9.99999993922529e-09,0.9999999900000001
survset:support2,Weibull_AFT,9,50,1981,41.44876480102539,0,3.7416574954986572,0.9957637786865234,0.0042362213134765625,7.4833149909973145,0.981313943862915,0.01868605613708496,15.748015403747559,0.9107273817062378,0.08927261829376221
survset:support2,Weibull_AFT,9,50,2957,25.41653060913086,0,3.7416574954986572,0.9932263493537903,0.006773650646209717,7.4833149909973145,0.970251739025116,0.029748260974884033,15.748015403747559,0.8609544634819031,0.13904553651809692
survset:support2,Weibull_AFT,9,50,6072,11.747340202331543,1,3.7416574954986572,0.9774806499481201,0.022519350051879883,7.4833149909973145,0.9037490487098694,0.09625095129013062,15.748015403747559,0.6054929494857788,0.3945070505142212
survset:support2,Weibull_AFT,9,50,4571,30.659420013427734,0,3.7416574954986572,0.9922487735748291,0.0077512264251708984,7.4833149909973145,0.9660158157348633,0.03398418426513672,15.748015403747559,0.8424808979034424,0.15751910209655762
survset:support2,Weibull_AFT,9,50,864,8.124038696289062,1,3.7416574954986572,0.9765428304672241,0.02345716953277588,7.4833149909973145,0.8999024629592896,0.10009753704071045,15.748015403747559,0.5928241610527039,0.40717583894729614
survset:support2,Weibull_AFT,9,50,102,23.216373443603516,1,3.7416574954986572,0.9938536882400513,0.0061463117599487305,7.4833149909973145,0.9729777574539185,0.027022242546081543,15.748015403747559,0.873012900352478,0.12698709964752197
survset:support2,Weibull_AFT,9,50,3916,6.164413928985596,1,3.7416574954986572,0.570661723613739,0.429338276386261,7.4833149909973145,0.08270306885242462,0.9172969311475754,15.748015403747559,4.3019022086809855e-06,0.9999956980977913
survset:support2,Weibull_AFT,9,50,2376,16.401220321655273,1,3.7416574954986572,0.9958877563476562,0.00411224365234375,7.4833149909973145,0.981857180595398,0.01814281940460205,15.748015403747559,0.9132292866706848,0.08677071332931519
survset:support2,Weibull_AFT,9,50,2522,3.872983455657959,1,3.7416574954986572,0.4953933656215668,0.5046066343784332,7.4833149909973145,0.044114068150520325,0.9558859318494797,15.748015403747559,1.9078750312928605e-07,0.9999998092124969
survset:support2,Weibull_AFT,9,50,8798,19.416488647460938,1,3.7416574954986572,0.9906777143478394,0.009322285652160645,7.4833149909973145,0.9592381119728088,0.04076188802719116,15.748015403747559,0.8135814070701599,0.1864185929298401
survset:support2,Weibull_AFT,9,50,1258,13.45362377166748,1,3.7416574954986572,0.9773853421211243,0.022614657878875732,7.4833149909973145,0.9033573865890503,0.09664261341094971,15.748015403747559,0.6041932702064514,0.3958067297935486
survset:support2,Weibull_AFT,9,50,5106,19.36491584777832,1,3.7416574954986572,0.9922732710838318,0.007726728916168213,7.4833149909973145,0.9661217927932739,0.033878207206726074,15.748015403747559,0.842939019203186,0.15706098079681396
survset:support2,Weibull_AFT,9,50,7540,2.6457512378692627,1,3.7416574954986572,0.3063507378101349,0.6936492621898651,7.4833149909973145,0.005213444121181965,0.994786555878818,15.748015403747559,9.99999993922529e-09,0.9999999900000001
survset:support2,Weibull_AFT,9,50,7046,2.0,1,3.7416574954986572,0.03548930212855339,0.9645106978714466,7.4833149909973145,3.611364149946894e-07,0.999999638863585,15.748015403747559,9.99999993922529e-09,0.9999999900000001
survset:support2,Weibull_AFT,9,50,4285,8.366600036621094,1,3.7416574954986572,0.988768994808197,0.011231005191802979,7.4833149909973145,0.9510535001754761,0.048946499824523926,15.748015403747559,0.7797437906265259,0.22025620937347412
survset:support2,Weibull_AFT,9,50,3692,2.8284270763397217,1,3.7416574954986572,0.2650661766529083,0.7349338233470917,7.4833149909973145,0.00274030864238739,0.9972596913576126,15.748015403747559,9.99999993922529e-09,0.9999999900000001
survset:support2,Weibull_AFT,9,50,1264,5.196152210235596,1,3.7416574954986572,0.7203325629234314,0.2796674370765686,7.4833149909973145,0.2327978014945984,0.7672021985054016,15.748015403747559,0.000727487204130739,0.9992725127958693
survset:support2,Weibull_AFT,9,50,2781,9.433980941772461,1,3.7416574954986572,0.9945858120918274,0.005414187908172607,7.4833149909973145,0.9761664271354675,0.02383357286453247,15.748015403747559,0.8872889280319214,0.11271107196807861
survset:support2,Weibull_AFT,9,50,5722,20.0,0,3.7416574954986572,0.9950721859931946,0.00492781400680542,7.4833149909973145,0.9782894253730774,0.021710574626922607,15.748015403747559,0.896896481513977,0.10310351848602295
survset:support2,Weibull_AFT,9,50,6632,37.0,0,3.7416574954986572,0.9902797937393188,0.009720206260681152,7.4833149909973145,0.9575273394584656,0.042472660541534424,15.748015403747559,0.8064135313034058,0.19358646869659424
survset:support2,Weibull_AFT,9,50,411,2.6457512378692627,1,3.7416574954986572,0.43897464871406555,0.5610253512859344,7.4833149909973145,0.025778457522392273,0.9742215424776077,15.748015403747559,1.330072585403741e-08,0.9999999866992741
survset:support2,Weibull_AFT,9,50,5675,5.656854152679443,1,3.7416574954986572,0.6381233334541321,0.3618766665458679,7.4833149909973145,0.13587380945682526,0.8641261905431747,15.748015403747559,5.041481927037239e-05,0.9999495851807296
survset:support2,Weibull_AFT,9,50,7145,4.582575798034668,1,3.7416574954986572,0.3241513669490814,0.6758486330509186,7.4833149909973145,0.006700601428747177,0.9932993985712528,15.748015403747559,9.99999993922529e-09,0.9999999900000001
survset:support2,Weibull_AFT,9,50,5089,25.961509704589844,0,3.7416574954986572,0.9917666912078857,0.008233308792114258,7.4833149909973145,0.9639320373535156,0.036067962646484375,15.748015403747559,0.8335099816322327,0.16649001836776733
survset:support2,Weibull_AFT,9,50,8295,38.14446258544922,0,3.7416574954986572,0.9955151081085205,0.004484891891479492,7.4833149909973145,0.9802257418632507,0.019774258136749268,15.748015403747559,0.9057314991950989,0.09426850080490112
survset:support2,Weibull_AFT,9,50,4612,4.795831680297852,1,3.7416574954986572,0.39379075169563293,0.6062092483043671,7.4833149909973145,0.01590924896299839,0.9840907510370016,15.748015403747559,9.99999993922529e-09,0.9999999900000001
survset:support2,Weibull_AFT,9,50,1606,44.988887786865234,0,3.7416574954986572,0.9937716722488403,0.006228327751159668,7.4833149909973145,0.9726210832595825,0.02737891674041748,15.748015403747559,0.8714276552200317,0.12857234477996826
survset:support2,Weibull_AFT,9,50,2047,13.784049034118652,1,3.7416574954986572,0.9952605366706848,0.0047394633293151855,7.4833149909973145,0.9791123270988464,0.020887672901153564,15.748015403747559,0.9006427526473999,0.0993572473526001
survset:support2,Weibull_AFT,9,50,2074,20.4939022064209,1,3.7416574954986572,0.9749003648757935,0.025099635124206543,7.4833149909973145,0.893196702003479,0.106803297996521,15.748015403747559,0.5712451338768005,0.42875486612319946
survset:support2,Weibull_AFT,9,50,2399,36.24913787841797,0,3.7416574954986572,0.9885258078575134,0.011474192142486572,7.4833149909973145,0.9500147700309753,0.04998522996902466,15.748015403747559,0.7755311727523804,0.22446882724761963
survset:support2,Weibull_AFT,9,50,2588,9.899495124816895,1,3.7416574954986572,0.9929282069206238,0.007071793079376221,7.4833149909973145,0.96895831823349,0.03104168176651001,15.748015403747559,0.8552795648574829,0.1447204351425171
survset:support2,Weibull_AFT,9,50,4857,9.0,1,3.7416574954986572,0.9894678592681885,0.010532140731811523,7.4833149909973145,0.9540439248085022,0.0459560751914978,15.748015403747559,0.7919741868972778,0.20802581310272217
survset:support2,Weibull_AFT,9,50,2247,9.0,1,3.7416574954986572,0.9946974515914917,0.005302548408508301,7.4833149909973145,0.976653516292572,0.02334648370742798,15.748015403747559,0.8894858360290527,0.11051416397094727
survset:support2,Weibull_AFT,9,50,2285,27.221315383911133,1,3.7416574954986572,0.9868785738945007,0.013121426105499268,7.4833149909973145,0.9430007338523865,0.056999266147613525,15.748015403747559,0.7475574612617493,0.25244253873825073
survset:support2,Weibull_AFT,9,50,3952,39.24283218383789,0,3.7416574954986572,0.9951505064964294,0.004849493503570557,7.4833149909973145,0.9786316752433777,0.021368324756622314,15.748015403747559,0.8984529972076416,0.1015470027923584
survset:support2,Weibull_AFT,9,50,4065,37.960506439208984,0,3.7416574954986572,0.9959126114845276,0.004087388515472412,7.4833149909973145,0.9819660186767578,0.018033981323242188,15.748015403747559,0.9137314558029175,0.08626854419708252
survset:support2,Weibull_AFT,9,50,3517,28.354894638061523,1,3.7416574954986572,0.9948440790176392,0.00515592098236084,7.4833149909973145,0.9772931337356567,0.02270686626434326,15.748015403747559,0.8923776149749756,0.10762238502502441
survset:support2,Weibull_AFT,9,50,3079,22.649503707885742,0,3.7416574954986572,0.9884748458862305,0.011525154113769531,7.4833149909973145,0.9497970938682556,0.050202906131744385,15.748015403747559,0.7746506929397583,0.2253493070602417
survset:support2,Weibull_AFT,9,50,2018,16.309507369995117,1,3.7416574954986572,0.9887410998344421,0.011258900165557861,7.4833149909973145,0.9509344696998596,0.04906553030014038,15.748015403747559,0.7792600989341736,0.22073990106582642
survset:support2,Weibull_AFT,9,50,6771,16.67333221435547,1,3.7416574954986572,0.9939323663711548,0.006067633628845215,7.4833149909973145,0.9733200669288635,0.026679933071136475,15.748015403747559,0.8745367527008057,0.12546324729919434
survset:support2,Weibull_AFT,9,50,6197,8.83176040649414,1,3.7416574954986572,0.9926143884658813,0.007385611534118652,7.4833149909973145,0.9675984978675842,0.03240150213241577,15.748015403747559,0.8493456244468689,0.1506543755531311
survset:support2,Weibull_AFT,9,50,7813,12.083045959472656,1,3.7416574954986572,0.9880735278129578,0.011926472187042236,7.4833149909973145,0.9480848908424377,0.051915109157562256,15.748015403747559,0.7677522301673889,0.23224776983261108
survset:support2,Weibull_AFT,9,50,126,3.316624879837036,1,3.7416574954986572,0.35491639375686646,0.6450836062431335,7.4833149909973145,0.010024952702224255,0.9899750472977757,15.748015403747559,9.99999993922529e-09,0.9999999900000001
survset:support2,Weibull_AFT,9,50,7614,21.095022201538086,0,3.7416574954986572,0.997393012046814,0.002606987953186035,7.4833149909973145,0.9884682893753052,0.011531710624694824,15.748015403747559,0.9441216588020325,0.05587834119796753
survset:support2,Weibull_AFT,9,50,6004,27.73084831237793,1,3.7416574954986572,0.9949111342430115,0.005088865756988525,7.4833149909973145,0.9775858521461487,0.02241414785385132,15.748015403747559,0.8937034606933594,0.10629653930664062
survset:support2,Weibull_AFT,9,50,1711,2.6457512378692627,1,3.7416574954986572,0.4291094243526459,0.5708905756473541,7.4833149909973145,0.023302122950553894,0.9766978770494461,15.748015403747559,9.99999993922529e-09,0.9999999900000001
survset:support2,Weibull_AFT,9,50,2432,4.358899116516113,1,3.7416574954986572,0.23825031518936157,0.7617496848106384,7.4833149909973145,0.0017060149693861604,0.9982939850306138,15.748015403747559,9.99999993922529e-09,0.9999999900000001
survset:support2,Weibull_AFT,9,50,9100,18.70828628540039,0,3.7416574954986572,0.9945346117019653,0.005465388298034668,7.4833149909973145,0.9759431481361389,0.024056851863861084,15.748015403747559,0.886283278465271,0.113716721534729
survset:support2,Weibull_AFT,9,50,7006,19.39072036743164,1,3.7416574954986572,0.9901670217514038,0.009832978248596191,7.4833149909973145,0.9570431113243103,0.0429568886756897,15.748015403747559,0.8043937683105469,0.19560623168945312
survset:support2,Weibull_AFT,9,50,541,4.582575798034668,1,3.7416574954986572,0.5519419312477112,0.4480580687522888,7.4833149909973145,0.07131142169237137,0.9286885783076286,15.748015403747559,2.0634129214158747e-06,0.9999979365870786
survset:support2,Weibull_AFT,9,50,7316,25.690465927124023,0,3.7416574954986572,0.992702841758728,0.007297158241271973,7.4833149909973145,0.9679816961288452,0.032018303871154785,15.748015403747559,0.8510144352912903,0.14898556470870972
survset:support2,Weibull_AFT,9,50,1300,20.371549606323242,1,3.7416574954986572,0.9928569793701172,0.0071430206298828125,7.4833149909973145,0.9686495661735535,0.03135043382644653,15.748015403747559,0.8539292812347412,0.1460707187652588
survset:support2,Weibull_AFT,9,50,4879,27.98213768005371,0,3.7416574954986572,0.9961939454078674,0.0038060545921325684,7.4833149909973145,0.9831991791725159,0.01680082082748413,15.748015403747559,0.9194340705871582,0.0805659294128418
survset:support2,Weibull_AFT,9,50,403,25.19920539855957,1,3.7416574954986572,0.9950932860374451,0.004906713962554932,7.4833149909973145,0.9783815741539001,0.021618425846099854,15.748015403747559,0.8973153233528137,0.10268467664718628
survset:support2,Weibull_AFT,9,50,4272,36.1524543762207,0,3.7416574954986572,0.9945648312568665,0.005435168743133545,7.4833149909973145,0.9760749340057373,0.023925065994262695,15.748015403747559,0.8868765830993652,0.11312341690063477
survset:support2,Weibull_AFT,9,50,4067,7.681145668029785,1,3.7416574954986572,0.7196875214576721,0.2803124785423279,7.4833149909973145,0.23187297582626343,0.7681270241737366,15.748015403747559,0.0007132719620130956,0.9992867280379869
survset:support2,Weibull_AFT,9,50,3602,18.384777069091797,1,3.7416574954986572,0.9953001737594604,0.004699826240539551,7.4833149909973145,0.9792855381965637,0.02071446180343628,15.748015403747559,0.9014330506324768,0.0985669493675232
survset:support2,Weibull_AFT,9,50,3043,6.082762718200684,1,3.7416574954986572,0.6653203964233398,0.33467960357666016,7.4833149909973145,0.16355952620506287,0.8364404737949371,15.748015403747559,0.00012642476940527558,0.9998735752305947
survset:support2,Weibull_AFT,9,50,7752,13.856406211853027,1,3.7416574954986572,0.9876855611801147,0.012314438819885254,7.4833149909973145,0.9464319348335266,0.05356806516647339,15.748015403747559,0.7611393332481384,0.23886066675186157
survset:support2,Weibull_AFT,9,50,7998,6.164413928985596,1,3.7416574954986572,0.5118617415428162,0.48813825845718384,7.4833149909973145,0.05101321265101433,0.9489867873489857,15.748015403747559,3.920965809811605e-07,0.999999607903419
survset:support2,Weibull_AFT,9,50,4196,2.6457512378692627,1,3.7416574954986572,0.628757894039154,0.37124210596084595,7.4833149909973145,0.12723445892333984,0.8727655410766602,15.748015403747559,3.6401310353539884e-05,0.9999635986896465
survset:support2,Weibull_AFT,9,50,1423,15.491933822631836,1,3.7416574954986572,0.9826809167861938,0.017319083213806152,7.4833149909973145,0.9253087639808655,0.07469123601913452,15.748015403747559,0.680561900138855,0.319438099861145
survset:support2,Weibull_AFT,9,50,5554,2.6457512378692627,1,3.7416574954986572,0.1014745682477951,0.8985254317522049,7.4833149909973145,3.845588435069658e-05,0.9999615441156493,15.748015403747559,9.99999993922529e-09,0.9999999900000001
survset:support2,Weibull_AFT,9,50,5514,2.2360680103302,1,3.7416574954986572,0.4775996506214142,0.5224003493785858,7.4833149909973145,0.03749645873904228,0.9625035412609577,15.748015403747559,8.52351504931903e-08,0.9999999147648495
survset:support2,Weibull_AFT,9,50,7762,5.099019527435303,1,3.7416574954986572,0.6251941919326782,0.3748058080673218,7.4833149909973145,0.12406133860349655,0.8759386613965034,15.748015403747559,3.2117535738507286e-05,0.9999678824642615
survset:support2,Weibull_AFT,9,50,1969,2.6457512378692627,1,3.7416574954986572,0.5709869265556335,0.42901307344436646,7.4833149909973145,0.08291267603635788,0.9170873239636421,15.748015403747559,4.356224508228479e-06,0.9999956437754918
survset:support2,Weibull_AFT,9,50,1022,30.21588897705078,0,3.7416574954986572,0.9801701307296753,0.019829869270324707,7.4833149909973145,0.9148499965667725,0.08515000343322754,15.748015403747559,0.64327073097229,0.35672926902770996
survset:support2,Weibull_AFT,9,50,349,3.0,1,3.7416574954986572,0.31447339057922363,0.6855266094207764,7.4833149909973145,0.005856290925294161,0.9941437090747058,15.748015403747559,9.99999993922529e-09,0.9999999900000001
survset:support2,Weibull_AFT,9,50,6922,30.983867645263672,0,3.7416574954986572,0.995965301990509,0.004034698009490967,7.4833149909973145,0.9821968078613281,0.017803192138671875,15.748015403747559,0.9147964119911194,0.08520358800888062
survset:support2,Weibull_AFT,9,50,1097,28.98275375366211,0,3.7416574954986572,0.9963362812995911,0.0036637187004089355,7.4833149909973145,0.983823299407959,0.016176700592041016,15.748015403747559,0.9223312139511108,0.07766878604888916
survset:support2,Weibull_AFT,9,50,8573,6.78233003616333,1,3.7416574954986572,0.44548532366752625,0.5545146763324738,7.4833149909973145,0.027521178126335144,0.9724788218736649,15.748015403747559,1.8395736489651426e-08,0.9999999816042635
survset:support2,Weibull_AFT,9,50,2097,39.94997024536133,0,3.7416574954986572,0.9951997399330139,0.004800260066986084,7.4833149909973145,0.9788466095924377,0.021153390407562256,15.748015403747559,0.8994318246841431,0.10056817531585693
survset:support2,Weibull_AFT,9,50,1668,16.278820037841797,1,3.7416574954986572,0.9925693273544312,0.007430672645568848,7.4833149909973145,0.9674033522605896,0.0325966477394104,15.748015403747559,0.8484968543052673,0.15150314569473267
survset:support2,Weibull_AFT,9,50,817,7.745966911315918,1,3.7416574954986572,0.9747142791748047,0.025285720825195312,7.4833149909973145,0.892439603805542,0.10756039619445801,15.748015403747559,0.568848729133606,0.43115127086639404
survset:support2,Weibull_AFT,9,50,7025,3.1622776985168457,1,3.7416574954986572,0.3616282045841217,0.6383717954158783,7.4833149909973145,0.010895166546106339,0.9891048334538937,15.748015403747559,9.99999993922529e-09,0.9999999900000001
survset:support2,Weibull_AFT,9,50,9028,3.872983455657959,1,3.7416574954986572,0.2610260248184204,0.7389739751815796,7.4833149909973145,0.0025595317129045725,0.9974404682870954,15.748015403747559,9.99999993922529e-09,0.9999999900000001
survset:support2,Weibull_AFT,9,50,8565,25.05992889404297,1,3.7416574954986572,0.9891576170921326,0.010842382907867432,7.4833149909973145,0.9527155756950378,0.04728442430496216,15.748015403747559,0.7865227460861206,0.2134772539138794
survset:support2,Weibull_AFT,9,50,3869,4.898979663848877,1,3.7416574954986572,0.7499731779098511,0.2500268220901489,7.4833149909973145,0.2784791588783264,0.7215208411216736,15.748015403747559,0.001768414513207972,0.998231585486792
survset:support2,Weibull_AFT,9,50,3955,6.324555397033691,1,3.7416574954986572,0.7561784982681274,0.24382150173187256,7.4833149909973145,0.28886401653289795,0.711135983467102,15.748015403747559,0.002120367716997862,0.9978796322830021
survset:support2,Weibull_AFT,9,50,2134,39.4461669921875,0,3.7416574954986572,0.9888618588447571,0.01113814115524292,7.4833149909973145,0.9514504671096802,0.048549532890319824,15.748015403747559,0.7813585996627808,0.21864140033721924
survset:support2,Weibull_AFT,9,50,6427,6.78233003616333,1,3.7416574954986572,0.6169235706329346,0.38307642936706543,7.4833149909973145,0.11693336069583893,0.8830666393041611,15.748015403747559,2.395219780737534e-05,0.9999760478021926
survset:support2,Weibull_AFT,9,50,7160,8.185352325439453,1,3.7416574954986572,0.988481342792511,0.011518657207489014,7.4833149909973145,0.9498249292373657,0.05017507076263428,15.748015403747559,0.7747630476951599,0.2252369523048401
survset:support2,Weibull_AFT,9,50,188,34.871192932128906,1,3.7416574954986572,0.9931881427764893,0.006811857223510742,7.4833149909973145,0.9700860381126404,0.02991396188735962,15.748015403747559,0.8602256774902344,0.13977432250976562
survset:support2,Weibull_AFT,9,50,1707,44.15880584716797,0,3.7416574954986572,0.9951022863388062,0.004897713661193848,7.4833149909973145,0.9784208536148071,0.02157914638519287,15.748015403747559,0.8974941372871399,0.10250586271286011
survset:support2,Weibull_AFT,9,50,7427,24.289915084838867,0,3.7416574954986572,0.995483934879303,0.0045160651206970215,7.4833149909973145,0.9800893068313599,0.019910693168640137,15.748015403747559,0.9051068425178528,0.09489315748214722
survset:support2,Weibull_AFT,9,50,4062,2.6457512378692627,1,3.7416574954986572,0.4940716028213501,0.5059283971786499,7.4833149909973145,0.043593477457761765,0.9564065225422382,15.748015403747559,1.7988354272802098e-07,0.9999998201164573
survset:support2,Weibull_AFT,9,50,1638,44.76605987548828,0,3.7416574954986572,0.9962800741195679,0.003719925880432129,7.4833149909973145,0.9835768938064575,0.01642310619354248,15.748015403747559,0.9211864471435547,0.07881355285644531
survset:support2,Weibull_AFT,9,50,619,32.40370178222656,1,3.7416574954986572,0.9910975098609924,0.008902490139007568,7.4833149909973145,0.9610456228256226,0.03895437717437744,15.748015403747559,0.8212099671363831,0.17879003286361694
survset:support2,Weibull_AFT,9,50,1618,40.841156005859375,1,3.7416574954986572,0.9879112839698792,0.01208871603012085,7.4833149909973145,0.9473934173583984,0.05260658264160156,15.748015403747559,0.7649803757667542,0.23501962423324585
survset:support2,Weibull_AFT,9,50,6934,30.789608001708984,0,3.7416574954986572,0.9906471967697144,0.009352803230285645,7.4833149909973145,0.959106981754303,0.04089301824569702,15.748015403747559,0.8130301833152771,0.1869698166847229
survset:support2,Weibull_AFT,9,50,3840,10.14889144897461,1,3.7416574954986572,0.9906834959983826,0.009316504001617432,7.4833149909973145,0.9592630863189697,0.04073691368103027,15.748015403747559,0.8136863708496094,0.18631362915039062
survset:support2,Weibull_AFT,9,50,5014,20.760540008544922,1,3.7416574954986572,0.9961411356925964,0.0038588643074035645,7.4833149909973145,0.9829676151275635,0.017032384872436523,15.748015403747559,0.9183609485626221,0.08163905143737793
survset:support2,Weibull_AFT,9,50,9008,21.470911026000977,0,3.7416574954986572,0.996524453163147,0.0034755468368530273,7.4833149909973145,0.9846493601799011,0.015350639820098877,15.748015403747559,0.9261765480041504,0.07382345199584961
survset:support2,Weibull_AFT,9,50,5003,26.758176803588867,0,3.7416574954986572,0.9955043792724609,0.0044956207275390625,7.4833149909973145,0.9801787734031677,0.019821226596832275,15.748015403747559,0.905516505241394,0.09448349475860596
survset:support2,Weibull_AFT,9,50,7119,3.316624879837036,1,3.7416574954986572,0.6114283800125122,0.3885716199874878,7.4833149909973145,0.11237578094005585,0.8876242190599442,15.748015403747559,1.966760100913234e-05,0.9999803323989909
survset:support2,Weibull_AFT,9,50,8989,21.954498291015625,0,3.7416574954986572,0.9927276968955994,0.007272303104400635,7.4833149909973145,0.9680892825126648,0.031910717487335205,15.748015403747559,0.8514835834503174,0.14851641654968262
survset:support2,Weibull_AFT,9,50,7076,2.2360680103302,1,3.7416574954986572,0.2414790391921997,0.7585209608078003,7.4833149909973145,0.0018111654790118337,0.9981888345209882,15.748015403747559,9.99999993922529e-09,0.9999999900000001
survset:support2,Weibull_AFT,9,50,4482,17.0880069732666,1,3.7416574954986572,0.9940768480300903,0.005923151969909668,7.4833149909973145,0.9739489555358887,0.026051044464111328,15.748015403747559,0.877341628074646,0.122658371925354
survset:support2,Weibull_AFT,9,50,2741,28.913663864135742,0,3.7416574954986572,0.9774974584579468,0.022502541542053223,7.4833149909973145,0.9038179516792297,0.09618204832077026,15.748015403747559,0.6057218313217163,0.3942781686782837
survset:support2,Weibull_AFT,9,50,2327,37.24245071411133,0,3.7416574954986572,0.9913992285728455,0.008600771427154541,7.4833149909973145,0.9623462557792664,0.03765374422073364,15.748015403747559,0.8267344236373901,0.17326557636260986
survset:support2,Weibull_AFT,9,50,1246,26.324893951416016,0,3.7416574954986572,0.9948042035102844,0.005195796489715576,7.4833149909973145,0.9771192669868469,0.022880733013153076,15.748015403747559,0.8915908336639404,0.10840916633605957
survset:support2,Weibull_AFT,9,50,1874,42.54409408569336,0,3.7416574954986572,0.9951481223106384,0.004851877689361572,7.4833149909973145,0.9786211848258972,0.021378815174102783,15.748015403747559,0.8984053134918213,0.10159468650817871
survset:support2,Weibull_AFT,9,50,6935,30.757112503051758,0,3.7416574954986572,0.9954086542129517,0.00459134578704834,7.4833149909973145,0.9797601103782654,0.02023988962173462,15.748015403747559,0.9036006331443787,0.09639936685562134
survset:support2,Weibull_AFT,9,50,7816,4.242640495300293,1,3.7416574954986572,0.7331438660621643,0.2668561339378357,7.4833149909973145,0.251766175031662,0.748233824968338,15.748015403747559,0.0010726811597123742,0.9989273188402876
survset:support2,Weibull_AFT,9,50,3795,34.828147888183594,1,3.7416574954986572,0.9919775724411011,0.008022427558898926,7.4833149909973145,0.9648433327674866,0.03515666723251343,15.748015403747559,0.8374236822128296,0.1625763177871704
survset:support2,Weibull_AFT,9,50,729,7.416198253631592,1,3.7416574954986572,0.544882595539093,0.455117404460907,7.4833149909973145,0.06734711676836014,0.9326528832316399,15.748015403747559,1.5539695823463262e-06,0.9999984460304177
survset:support2,Weibull_AFT,9,50,5827,8.88819408416748,1,3.7416574954986572,0.9817273020744324,0.018272697925567627,7.4833149909973145,0.9213256239891052,0.07867437601089478,15.748015403747559,0.6661618947982788,0.3338381052017212
survset:support2,Weibull_AFT,9,50,351,3.464101552963257,1,3.7416574954986572,0.39956992864608765,0.6004300713539124,7.4833149909973145,0.01697319746017456,0.9830268025398254,15.748015403747559,9.99999993922529e-09,0.9999999900000001
survset:support2,Weibull_AFT,9,50,585,9.746794700622559,1,3.7416574954986572,0.9750567078590393,0.024943292140960693,7.4833149909973145,0.8938334584236145,0.1061665415763855,15.748015403747559,0.5732667446136475,0.42673325538635254
survset:support2,Weibull_AFT,9,50,6999,29.933259963989258,0,3.7416574954986572,0.9959356784820557,0.004064321517944336,7.4833149909973145,0.9820670485496521,0.0179329514503479,15.748015403747559,0.9141974449157715,0.08580255508422852
survset:support2,Weibull_AFT,9,50,2250,19.416488647460938,1,3.7416574954986572,0.9799164533615112,0.02008354663848877,7.4833149909973145,0.9137985110282898,0.0862014889717102,15.748015403747559,0.6396137475967407,0.3603862524032593
survset:support2,Weibull_AFT,9,50,3655,4.358899116516113,1,3.7416574954986572,0.47298744320869446,0.5270125567913055,7.4833149909973145,0.03591405227780342,0.9640859477221966,15.748015403747559,6.88313477326119e-08,0.9999999311686523
survset:support2,Weibull_AFT,9,50,6322,5.196152210235596,1,3.7416574954986572,0.4394850432872772,0.5605149567127228,7.4833149909973145,0.025911899283528328,0.9740881007164717,15.748015403747559,1.3645563790021242e-08,0.9999999863544362
survset:support2,Weibull_AFT,9,50,1823,31.827661514282227,1,3.7416574954986572,0.9932458400726318,0.006754159927368164,7.4833149909973145,0.970336377620697,0.02966362237930298,15.748015403747559,0.8613266944885254,0.1386733055114746
survset:support2,Weibull_AFT,9,50,5943,17.944358825683594,1,3.7416574954986572,0.9934237599372864,0.006576240062713623,7.4833149909973145,0.9711088538169861,0.028891146183013916,15.748015403747559,0.8647313714027405,0.13526862859725952
survset:support2,Weibull_AFT,9,50,9072,19.84943389892578,0,3.7416574954986572,0.9948534369468689,0.0051465630531311035,7.4833149909973145,0.9773340225219727,0.022665977478027344,15.748015403747559,0.8925626873970032,0.10743731260299683
survset:support2,Weibull_AFT,9,50,1047,10.770329475402832,1,3.7416574954986572,0.9865224957466125,0.013477504253387451,7.4833149909973145,0.9414899945259094,0.058510005474090576,15.748015403747559,0.7416390180587769,0.25836098194122314
survset:support2,Weibull_AFT,9,50,6835,2.8284270763397217,1,3.7416574954986572,0.5748915076255798,0.42510849237442017,7.4833149909973145,0.08546178042888641,0.9145382195711136,15.748015403747559,5.061810043116566e-06,0.9999949381899569
survset:support2,Weibull_AFT,9,50,5445,1.7320507764816284,1,3.7416574954986572,0.4438318908214569,0.5561681091785431,7.4833149909973145,0.02707020752131939,0.9729297924786806,15.748015403747559,1.694904661064811e-08,0.9999999830509534
survset:support2,Weibull_AFT,9,50,6594,37.30951690673828,0,3.7416574954986572,0.9922581911087036,0.007741808891296387,7.4833149909973145,0.9660565853118896,0.03394341468811035,15.748015403747559,0.8426570892333984,0.15734291076660156
survset:support2,Weibull_AFT,9,50,7911,42.98836898803711,0,3.7416574954986572,0.9964967370033264,0.003503262996673584,7.4833149909973145,0.9845276474952698,0.015472352504730225,15.748015403747559,0.9256094098091125,0.07439059019088745
survset:support2,Weibull_AFT,9,50,5000,3.316624879837036,1,3.7416574954986572,0.8302232623100281,0.16977673768997192,7.4833149909973145,0.4374818205833435,0.5625181794166565,15.748015403747559,0.01659873127937317,0.9834012687206268
survset:support2,Weibull_AFT,9,50,4443,2.8284270763397217,1,3.7416574954986572,0.5952550768852234,0.4047449231147766,7.4833149909973145,0.09975668042898178,0.9002433195710182,15.748015403747559,1.0896786079683807e-05,0.9999891032139203
survset:support2,Weibull_AFT,9,50,8811,25.84569549560547,0,3.7416574954986572,0.9953631162643433,0.004636883735656738,7.4833149909973145,0.9795609712600708,0.0204390287399292,15.748015403747559,0.9026905298233032,0.09730947017669678
survset:support2,Weibull_AFT,9,50,3824,9.591663360595703,1,3.7416574954986572,0.9919333457946777,0.008066654205322266,7.4833149909973145,0.9646520018577576,0.03534799814224243,15.748015403747559,0.8366008400917053,0.16339915990829468
survset:support2,Weibull_AFT,9,50,6398,4.242640495300293,1,3.7416574954986572,0.21950620412826538,0.7804937958717346,7.4833149909973145,0.0011853897012770176,0.998814610298723,15.748015403747559,9.99999993922529e-09,0.9999999900000001
survset:support2,Weibull_AFT,9,50,6588,37.34969711303711,0,3.7416574954986572,0.992007315158844,0.007992684841156006,7.4833149909973145,0.964971661567688,0.03502833843231201,15.748015403747559,0.8379760384559631,0.16202396154403687
survset:support2,Weibull_AFT,9,50,8694,28.670541763305664,0,3.7416574954986572,0.9943088889122009,0.005691111087799072,7.4833149909973145,0.9749594330787659,0.02504056692123413,15.748015403747559,0.8818631768226624,0.11813682317733765
survset:support2,Weibull_AFT,9,50,5367,2.0,1,3.7416574954986572,0.24541334807872772,0.7545866519212723,7.4833149909973145,0.001946006785146892,0.9980539932148531,15.748015403747559,9.99999993922529e-09,0.9999999900000001
survset:support2,Weibull_AFT,9,50,7615,2.8284270763397217,1,3.7416574954986572,0.5496472120285034,0.4503527879714966,7.4833149909973145,0.07000347226858139,0.9299965277314186,15.748015403747559,1.8824805465555983e-06,0.9999981175194534
survset:support2,Weibull_AFT,9,50,3314,2.4494898319244385,1,3.7416574954986572,0.7286776900291443,0.2713223099708557,7.4833149909973145,0.24502252042293549,0.7549774795770645,15.748015403747559,0.0009375951485708356,0.9990624048514292
survset:support2,Weibull_AFT,9,50,8765,5.099019527435303,1,3.7416574954986572,0.26022160053253174,0.7397783994674683,7.4833149909973145,0.0025246695149689913,0.997475330485031,15.748015403747559,9.99999993922529e-09,0.9999999900000001
survset:support2,Weibull_AFT,9,50,2727,25.65151023864746,1,3.7416574954986572,0.9925631880760193,0.007436811923980713,7.4833149909973145,0.9673765897750854,0.03262341022491455,15.748015403747559,0.8483805060386658,0.15161949396133423
survset:support2,Weibull_AFT,9,50,2879,26.551836013793945,0,3.7416574954986572,0.9887804985046387,0.011219501495361328,7.4833149909973145,0.9511026740074158,0.04889732599258423,15.748015403747559,0.7799436450004578,0.22005635499954224
survset:support2,Weibull_AFT,9,50,5449,4.795831680297852,1,3.7416574954986572,0.6210510730743408,0.3789489269256592,7.4833149909973145,0.1204497292637825,0.8795502707362175,15.748015403747559,2.7741820304072462e-05,0.9999722581796959
survset:support2,Weibull_AFT,9,50,3778,8.485280990600586,1,3.7416574954986572,0.9884865283966064,0.011513471603393555,7.4833149909973145,0.9498469829559326,0.05015301704406738,15.748015403747559,0.7748523950576782,0.22514760494232178
survset:support2,Weibull_AFT,9,50,9056,20.29778289794922,0,3.7416574954986572,0.9948347210884094,0.005165278911590576,7.4833149909973145,0.9772525429725647,0.022747457027435303,15.748015403747559,0.8921937346458435,0.1078062653541565
survset:support2,Weibull_AFT,9,50,6382,39.8873405456543,0,3.7416574954986572,0.9892370700836182,0.010762929916381836,7.4833149909973145,0.9530557990074158,0.04694420099258423,15.748015403747559,0.7879160642623901,0.21208393573760986
survset:support2,Weibull_AFT,9,50,6327,16.67333221435547,1,3.7416574954986572,0.9913477897644043,0.008652210235595703,7.4833149909973145,0.9621244072914124,0.037875592708587646,15.748015403747559,0.8257898092269897,0.17421019077301025
survset:support2,Weibull_AFT,9,50,8536,31.59113883972168,0,3.7416574954986572,0.9934111833572388,0.0065888166427612305,7.4833149909973145,0.9710543155670166,0.0289456844329834,15.748015403747559,0.8644907474517822,0.13550925254821777
survset:support2,Weibull_AFT,9,50,2002,4.795831680297852,1,3.7416574954986572,0.45053282380104065,0.5494671761989594,7.4833149909973145,0.028933977708220482,0.9710660222917795,15.748015403747559,2.357750616965859e-08,0.9999999764224938
survset:support2,Weibull_AFT,9,50,335,42.03569793701172,0,3.7416574954986572,0.9956951141357422,0.0043048858642578125,7.4833149909973145,0.981013298034668,0.01898670196533203,15.748015403747559,0.9093450307846069,0.09065496921539307
survset:support2,Weibull_AFT,9,50,6148,23.874671936035156,1,3.7416574954986572,0.9868958592414856,0.013104140758514404,7.4833149909973145,0.9430742263793945,0.05692577362060547,15.748015403747559,0.747846245765686,0.25215375423431396
survset:support2,Weibull_AFT,9,50,2658,2.2360680103302,1,3.7416574954986572,0.3446542024612427,0.6553457975387573,7.4833149909973145,0.008799618110060692,0.9912003818899393,15.748015403747559,9.99999993922529e-09,0.9999999900000001
survset:support2,Weibull_AFT,9,50,1914,2.4494898319244385,1,3.7416574954986572,0.22273589670658112,0.7772641032934189,7.4833149909973145,0.0012648723786696792,0.9987351276213303,15.748015403747559,9.99999993922529e-09,0.9999999900000001
survset:support2,Weibull_AFT,9,50,857,32.557640075683594,0,3.7416574954986572,0.9874411821365356,0.012558817863464355,7.4833149909973145,0.9453918933868408,0.05460810661315918,15.748015403747559,0.7570017576217651,0.24299824237823486
survset:support2,Weibull_AFT,9,50,1154,21.51743507385254,1,3.7416574954986572,0.9890926480293274,0.010907351970672607,7.4833149909973145,0.9524375200271606,0.047562479972839355,15.748015403747559,0.7853854894638062,0.21461451053619385
survset:support2,Weibull_AFT,9,50,8049,18.30300521850586,1,3.7416574954986572,0.9870313405990601,0.012968659400939941,7.4833149909973145,0.9436495900154114,0.05635040998458862,15.748015403747559,0.7501108050346375,0.24988919496536255
survset:support2,Weibull_AFT,9,50,8747,27.477262496948242,0,3.7416574954986572,0.9950246810913086,0.004975318908691406,7.4833149909973145,0.9780817627906799,0.02191823720932007,15.748015403747559,0.8959530591964722,0.10404694080352783
survset:support2,Weibull_AFT,9,50,256,2.2360680103302,1,3.7416574954986572,0.47609975934028625,0.5239002406597137,7.4833149909973145,0.036976054310798645,0.9630239456892014,15.748015403747559,7.952953495760084e-08,0.999999920470465
survset:support2,Weibull_AFT,9,50,8616,7.937253952026367,1,3.7416574954986572,0.9937329292297363,0.006267070770263672,7.4833149909973145,0.9724525809288025,0.02754741907119751,15.748015403747559,0.870679497718811,0.12932050228118896
survset:support2,Weibull_AFT,9,50,5279,4.358899116516113,1,3.7416574954986572,0.478997141122818,0.521002858877182,7.4833149909973145,0.03798641636967659,0.9620135836303234,15.748015403747559,9.090111774412435e-08,0.9999999090988823
survset:support2,Weibull_AFT,9,50,651,1.7320507764816284,1,3.7416574954986572,0.09885720908641815,0.9011427909135818,7.4833149909973145,3.424022361286916e-05,0.9999657597763871,15.748015403747559,9.99999993922529e-09,0.9999999900000001
survset:support2,Weibull_AFT,9,50,3248,44.95553207397461,0,3.7416574954986572,0.9973480105400085,0.002651989459991455,7.4833149909973145,0.9882700443267822,0.011729955673217773,15.748015403747559,0.9431833028793335,0.056816697120666504
survset:support2,Weibull_AFT,9,50,4609,10.630146026611328,1,3.7416574954986572,0.9742227792739868,0.025777220726013184,7.4833149909973145,0.8904417753219604,0.10955822467803955,15.748015403747559,0.5625634789466858,0.4374365210533142
survset:support2,Weibull_AFT,9,50,7129,5.74456262588501,1,3.7416574954986572,0.4748671054840088,0.5251328945159912,7.4833149909973145,0.03655257076025009,0.9634474292397499,15.748015403747559,7.511527400083651e-08,0.999999924884726
survset:support2,Weibull_AFT,9,50,8929,23.55843734741211,0,3.7416574954986572,0.9937649965286255,0.006235003471374512,7.4833149909973145,0.9725918769836426,0.027408123016357422,15.748015403747559,0.8712979555130005,0.1287020444869995
survset:support2,Weibull_AFT,9,50,7639,20.59126091003418,1,3.7416574954986572,0.9954820275306702,0.004517972469329834,7.4833149909973145,0.9800809025764465,0.019919097423553467,15.748015403747559,0.9050684571266174,0.09493154287338257
survset:support2,Weibull_AFT,9,50,1527,12.12435531616211,1,3.7416574954986572,0.9722346663475037,0.027765333652496338,7.4833149909973145,0.8823961019515991,0.11760389804840088,15.748015403747559,0.5378108620643616,0.4621891379356384
survset:support2,Weibull_AFT,9,50,4091,18.681541442871094,1,3.7416574954986572,0.9948751330375671,0.005124866962432861,7.4833149909973145,0.9774289131164551,0.022571086883544922,15.748015403747559,0.8929921984672546,0.10700780153274536
survset:support2,Weibull_AFT,9,50,1278,25.884357452392578,0,3.7416574954986572,0.9953792691230774,0.004620730876922607,7.4833149909973145,0.9796314239501953,0.020368576049804688,15.748015403747559,0.9030124545097351,0.09698754549026489
survset:support2,Weibull_AFT,9,50,822,36.2629280090332,0,3.7416574954986572,0.9919080138206482,0.008091986179351807,7.4833149909973145,0.96454256772995,0.03545743227005005,15.748015403747559,0.8361303210258484,0.1638696789741516
survset:support2,Weibull_AFT,9,50,5869,35.411861419677734,1,3.7416574954986572,0.9914290904998779,0.00857090950012207,7.4833149909973145,0.9624750018119812,0.0375249981880188,15.748015403747559,0.827282726764679,0.17271727323532104
survset:support2,Weibull_AFT,9,50,2437,15.842979431152344,1,3.7416574954986572,0.9773433804512024,0.022656619548797607,7.4833149909973145,0.903185248374939,0.09681475162506104,15.748015403747559,0.6036226749420166,0.3963773250579834
survset:support2,Weibull_AFT,9,50,2231,38.40572738647461,0,3.7416574954986572,0.9969170093536377,0.0030829906463623047,7.4833149909973145,0.9863739013671875,0.0136260986328125,15.748015403747559,0.9342461824417114,0.06575381755828857
survset:support2,Weibull_AFT,9,50,6703,2.0,1,3.7416574954986572,0.42199042439460754,0.5780095756053925,7.4833149909973145,0.021632811054587364,0.9783671889454126,15.748015403747559,9.99999993922529e-09,0.9999999900000001
survset:support2,Weibull_AFT,9,50,8422,4.242640495300293,1,3.7416574954986572,0.5487794280052185,0.4512205719947815,7.4833149909973145,0.0695137083530426,0.9304862916469574,15.748015403747559,1.8180871848016977e-06,0.9999981819128152
survset:support2,Weibull_AFT,9,50,2569,18.220867156982422,1,3.7416574954986572,0.9963845014572144,0.0036154985427856445,7.4833149909973145,0.9840349555015564,0.015965044498443604,15.748015403747559,0.9233152270317078,0.07668477296829224
survset:support2,Weibull_AFT,9,50,3104,21.840330123901367,0,3.7416574954986572,0.9932059645652771,0.0067940354347229,7.4833149909973145,0.9701633453369141,0.029836654663085938,15.748015403747559,0.8605655431747437,0.13943445682525635
survset:support2,Weibull_AFT,9,50,6782,9.848857879638672,1,3.7416574954986572,0.9860203266143799,0.013979673385620117,7.4833149909973145,0.9393622875213623,0.060637712478637695,15.748015403747559,0.7333670258522034,0.26663297414779663
survset:support2,Weibull_AFT,9,50,7919,42.87190246582031,0,3.7416574954986572,0.9893389940261841,0.010661005973815918,7.4833149909973145,0.9534920454025269,0.046507954597473145,15.748015403747559,0.7897058129310608,0.2102941870689392
survset:support2,Weibull_AFT,9,50,8904,10.535654067993164,1,3.7416574954986572,0.9905869960784912,0.009413003921508789,7.4833149909973145,0.9588478803634644,0.041152119636535645,15.748015403747559,0.8119418621063232,0.18805813789367676
survset:support2,Weibull_AFT,9,50,4365,13.03840446472168,1,3.7416574954986572,0.9899094700813293,0.010090529918670654,7.4833149909973145,0.955937385559082,0.04406261444091797,15.748015403747559,0.7997970581054688,0.20020294189453125
survset:support2,Weibull_AFT,9,50,1197,27.312999725341797,0,3.7416574954986572,0.988694965839386,0.011305034160614014,7.4833149909973145,0.9507371783256531,0.049262821674346924,15.748015403747559,0.7784591317176819,0.22154086828231812
survset:support2,Weibull_AFT,9,50,3650,29.18903923034668,1,3.7416574954986572,0.9900501370429993,0.009949862957000732,7.4833149909973145,0.9565411806106567,0.04345881938934326,15.748015403747559,0.802304744720459,0.19769525527954102
survset:support2,Weibull_AFT,9,50,8415,11.135528564453125,1,3.7416574954986572,0.9920622110366821,0.007937788963317871,7.4833149909973145,0.9652091264724731,0.034790873527526855,15.748015403747559,0.8389987349510193,0.1610012650489807
survset:support2,Weibull_AFT,9,50,8774,11.0,1,3.7416574954986572,0.9831687808036804,0.01683121919631958,7.4833149909973145,0.9273517727851868,0.07264822721481323,15.748015403747559,0.6880437135696411,0.3119562864303589
survset:support2,Weibull_AFT,9,50,5633,19.10497283935547,1,3.7416574954986572,0.9925289750099182,0.007471024990081787,7.4833149909973145,0.9672284722328186,0.032771527767181396,15.748015403747559,0.8477367162704468,0.15226328372955322
survset:support2,Weibull_AFT,9,50,5402,4.0,1,3.7416574954986572,0.2586122453212738,0.7413877546787262,7.4833149909973145,0.0024560261517763138,0.9975439738482237,15.748015403747559,9.99999993922529e-09,0.9999999900000001
survset:support2,Weibull_AFT,9,50,6952,26.70206069946289,1,3.7416574954986572,0.984839916229248,0.015160083770751953,7.4833149909973145,0.934376060962677,0.065623939037323,15.748015403747559,0.714270293712616,0.28572970628738403
survset:support2,Weibull_AFT,9,50,2253,6.557438373565674,1,3.7416574954986572,0.6317088603973389,0.36829113960266113,7.4833149909973145,0.12990927696228027,0.8700907230377197,15.748015403747559,4.0356157114729285e-05,0.9999596438428853
survset:support2,Weibull_AFT,9,50,8893,8.0,1,3.7416574954986572,0.9829273819923401,0.017072618007659912,7.4833149909973145,0.9263403415679932,0.07365965843200684,15.748015403747559,0.6843316555023193,0.31566834449768066
survset:support2,Weibull_AFT,9,50,3501,4.4721360206604,1,3.7416574954986572,0.5773544907569885,0.4226455092430115,7.4833149909973145,0.08710068464279175,0.9128993153572083,15.748015403747559,5.5616428653593175e-06,0.9999944383571346
survset:support2,Weibull_AFT,9,50,6344,40.33608627319336,0,3.7416574954986572,0.9971318244934082,0.002868175506591797,7.4833149909973145,0.9873186349868774,0.012681365013122559,15.748015403747559,0.9386906623840332,0.0613093376159668
survset:support2,Weibull_AFT,9,50,7496,3.872983455657959,1,3.7416574954986572,0.3839114010334015,0.6160885989665985,7.4833149909973145,0.014210858382284641,0.9857891416177154,15.748015403747559,9.99999993922529e-09,0.9999999900000001
survset:support2,Weibull_AFT,9,50,7721,8.426149368286133,1,3.7416574954986572,0.9800552725791931,0.019944727420806885,7.4833149909973145,0.9143738150596619,0.08562618494033813,15.748015403747559,0.6416124701499939,0.3583875298500061
survset:support2,Weibull_AFT,9,50,4203,36.715118408203125,0,3.7416574954986572,0.9935418367385864,0.006458163261413574,7.4833149909973145,0.9716218113899231,0.028378188610076904,15.748015403747559,0.8669983148574829,0.1330016851425171
survset:support2,Weibull_AFT,9,50,3558,42.731719970703125,0,3.7416574954986572,0.992682933807373,0.007317066192626953,7.4833149909973145,0.9678952693939209,0.0321047306060791,15.748015403747559,0.8506379723548889,0.14936202764511108
survset:support2,Weibull_AFT,9,50,369,41.6533317565918,0,3.7416574954986572,0.9954831600189209,0.0045168399810791016,7.4833149909973145,0.9800858497619629,0.01991415023803711,15.748015403747559,0.9050911068916321,0.09490889310836792
survset:support2,Weibull_AFT,9,50,6292,4.0,1,3.7416574954986572,0.5707841515541077,0.42921584844589233,7.4833149909973145,0.08278193324804306,0.9172180667519569,15.748015403747559,4.322278073232155e-06,0.9999956777219268
survset:support2,Weibull_AFT,9,50,7903,3.605551242828369,1,3.7416574954986572,0.5865401029586792,0.4134598970413208,7.4833149909973145,0.093428835272789,0.906571164727211,15.748015403747559,7.874156835896429e-06,0.9999921258431641
survset:support2,Weibull_AFT,9,50,1995,41.29164505004883,0,3.7416574954986572,0.9941860437393188,0.005813956260681152,7.4833149909973145,0.9744243025779724,0.025575697422027588,15.748015403747559,0.8794663548469543,0.12053364515304565
survset:support2,Weibull_AFT,9,50,795,7.416198253631592,1,3.7416574954986572,0.4311021864414215,0.5688978135585785,7.4833149909973145,0.02378680370748043,0.9762131962925196,15.748015403747559,9.99999993922529e-09,0.9999999900000001
survset:support2,Weibull_AFT,9,50,2768,28.513154983520508,0,3.7416574954986572,0.9937891364097595,0.0062108635902404785,7.4833149909973145,0.9726970791816711,0.027302920818328857,15.748015403747559,0.8717652559280396,0.12823474407196045
survset:support2,Weibull_AFT,9,50,7972,27.166154861450195,1,3.7416574954986572,0.9910346269607544,0.008965373039245605,7.4833149909973145,0.9607747197151184,0.03922528028488159,15.748015403747559,0.820063054561615,0.179936945438385
survset:support2,Weibull_AFT,9,50,3794,37.336307525634766,1,3.7416574954986572,0.9940886497497559,0.005911350250244141,7.4833149909973145,0.974000096321106,0.025999903678894043,15.748015403747559,0.8775700330734253,0.12242996692657471
survset:support2,Weibull_AFT,9,50,4876,2.6457512378692627,1,3.7416574954986572,0.4850955903530121,0.5149044096469879,7.4833149909973145,0.040182925760746,0.959817074239254,15.748015403747559,1.2011484784579807e-07,0.9999998798851522
survset:support2,Weibull_AFT,9,50,2299,11.87434196472168,1,3.7416574954986572,0.9905135631561279,0.00948643684387207,7.4833149909973145,0.9585321545600891,0.04146784543991089,15.748015403747559,0.8106173872947693,0.1893826127052307
survset:support2,Weibull_AFT,9,50,8787,20.784608840942383,1,3.7416574954986572,0.9901694655418396,0.0098305344581604,7.4833149909973145,0.957053542137146,0.042946457862854004,15.748015403747559,0.8044373393058777,0.19556266069412231
survset:support2,Weibull_AFT,9,50,823,4.582575798034668,1,3.7416574954986572,0.5653665661811829,0.43463343381881714,7.4833149909973145,0.07934734970331192,0.9206526502966881,15.748015403747559,3.503319931041915e-06,0.999996496680069
survset:support2,Weibull_AFT,9,50,5311,3.0,1,3.7416574954986572,0.5412020683288574,0.4587979316711426,7.4833149909973145,0.06534919142723083,0.9346508085727692,15.748015403747559,1.3384586736719939e-06,0.9999986615413263
survset:support2,Weibull_AFT,9,50,5890,44.48595428466797,0,3.7416574954986572,0.9884443879127502,0.011555612087249756,7.4833149909973145,0.9496671557426453,0.050332844257354736,15.748015403747559,0.7741252779960632,0.22587472200393677
survset:support2,Weibull_AFT,9,50,8213,39.357337951660156,0,3.7416574954986572,0.9946115016937256,0.005388498306274414,7.4833149909973145,0.9762783646583557,0.023721635341644287,15.748015403747559,0.8877934813499451,0.11220651865005493
survset:support2,Weibull_AFT,9,50,2302,4.123105525970459,1,3.7416574954986572,0.5650118589401245,0.4349881410598755,7.4833149909973145,0.07912638038396835,0.9208736196160316,15.748015403747559,3.4552206216176273e-06,0.9999965447793784
survset:support2,Weibull_AFT,9,50,6576,3.1622776985168457,1,3.7416574954986572,0.524420440196991,0.47557955980300903,7.4833149909973145,0.05681420862674713,0.9431857913732529,15.748015403747559,6.6876663140647e-07,0.9999993312333686
survset:support2,Weibull_AFT,9,50,3626,42.379241943359375,0,3.7416574954986572,0.9971939325332642,0.00280606746673584,7.4833149909973145,0.9875920414924622,0.012407958507537842,15.748015403747559,0.9399800300598145,0.06001996994018555
survset:support2,Weibull_AFT,9,50,1222,26.645824432373047,0,3.7416574954986572,0.9875739812850952,0.012426018714904785,7.4833149909973145,0.9459570050239563,0.0540429949760437,15.748015403747559,0.7592477202415466,0.24075227975845337
survset:support2,Weibull_AFT,9,50,8580,30.838287353515625,0,3.7416574954986572,0.9892608523368835,0.010739147663116455,7.4833149909973145,0.9531576037406921,0.04684239625930786,15.748015403747559,0.7883334755897522,0.2116665244102478
survset:support2,Weibull_AFT,9,50,5136,5.0,1,3.7416574954986572,0.64126056432724,0.35873943567276,7.4833149909973145,0.13886718451976776,0.8611328154802322,15.748015403747559,5.6166180002037436e-05,0.999943833819998
survset:support2,Weibull_AFT,9,50,7945,2.2360680103302,1,3.7416574954986572,0.6084538102149963,0.39154618978500366,7.4833149909973145,0.10996689647436142,0.8900331035256386,15.748015403747559,1.7664360711933114e-05,0.9999823356392881
survset:support2,Weibull_AFT,9,50,4942,27.422618865966797,0,3.7416574954986572,0.9948481321334839,0.005151867866516113,7.4833149909973145,0.9773109555244446,0.02268904447555542,15.748015403747559,0.8924581408500671,0.10754185914993286
survset:support2,Weibull_AFT,9,50,322,21.33072853088379,1,3.7416574954986572,0.9925178289413452,0.007482171058654785,7.4833149909973145,0.9671803116798401,0.03281968832015991,15.748015403747559,0.8475274443626404,0.15247255563735962
survset:support2,Weibull_AFT,9,50,4175,6.244997978210449,1,3.7416574954986572,0.765300452709198,0.234699547290802,7.4833149909973145,0.30467191338539124,0.6953280866146088,15.748015403747559,0.002761351875960827,0.9972386481240392
survset:support2,Weibull_AFT,9,50,5068,26.172504425048828,0,3.7416574954986572,0.9962478876113892,0.00375211238861084,7.4833149909973145,0.9834356904029846,0.01656430959701538,15.748015403747559,0.920531153678894,0.07946884632110596
survset:support2,Weibull_AFT,9,50,147,5.830951690673828,1,3.7416574954986572,0.559506356716156,0.440493643283844,7.4833149909973145,0.07575758546590805,0.924242414534092,15.748015403747559,2.7848627723869868e-06,0.9999972151372276
survset:support2,Weibull_AFT,9,50,5535,10.677078247070312,1,3.7416574954986572,0.9797407388687134,0.02025926113128662,7.4833149909973145,0.9130706191062927,0.08692938089370728,15.748015403747559,0.6370919942855835,0.3629080057144165
survset:support2,Weibull_AFT,9,50,3901,6.324555397033691,1,3.7416574954986572,0.6726900339126587,0.3273099660873413,7.4833149909973145,0.17176437377929688,0.8282356262207031,15.748015403747559,0.00016114396566990763,0.9998388560343301
survset:support2,Weibull_AFT,9,50,3956,39.20458984375,0,3.7416574954986572,0.9804831147193909,0.01951688528060913,7.4833149909973145,0.9161487817764282,0.08385121822357178,15.748015403747559,0.647810697555542,0.352189302444458
survset:support2,Weibull_AFT,9,50,2236,38.20994567871094,0,3.7416574954986572,0.9966052174568176,0.003394782543182373,7.4833149909973145,0.9850038886070251,0.014996111392974854,15.748015403747559,0.9278311729431152,0.07216882705688477
survset:support2,Weibull_AFT,9,50,5,2.0,1,3.7416574954986572,0.575543224811554,0.42445677518844604,7.4833149909973145,0.08589307963848114,0.9141069203615189,15.748015403747559,5.1897209232265595e-06,0.9999948102790768
survset:support2,Weibull_AFT,9,50,1747,43.760711669921875,0,3.7416574954986572,0.9955281615257263,0.004471838474273682,7.4833149909973145,0.980282723903656,0.019717276096343994,15.748015403747559,0.9059928059577942,0.09400719404220581
survset:support2,Weibull_AFT,9,50,3765,4.358899116516113,1,3.7416574954986572,0.41993018984794617,0.5800698101520538,7.4833149909973145,0.021167462691664696,0.9788325373083353,15.748015403747559,9.99999993922529e-09,0.9999999900000001
survset:support2,Weibull_AFT,9,50,4610,2.2360680103302,1,3.7416574954986572,0.46598702669143677,0.5340129733085632,7.4833149909973145,0.0336117148399353,0.9663882851600647,15.748015403747559,4.956118004884047e-08,0.99999995043882
survset:support2,Weibull_AFT,9,50,6793,27.018512725830078,1,3.7416574954986572,0.9967634677886963,0.003236532211303711,7.4833149909973145,0.9856989979743958,0.014301002025604248,15.748015403747559,0.9310814142227173,0.06891858577728271
survset:support2,Weibull_AFT,9,50,9027,20.976177215576172,0,3.7416574954986572,0.9955328702926636,0.004467129707336426,7.4833149909973145,0.9803032279014587,0.01969677209854126,15.748015403747559,0.9060866832733154,0.09391331672668457
survset:support2,Weibull_AFT,9,50,8097,40.70626449584961,0,3.7416574954986572,0.9893702268600464,0.010629773139953613,7.4833149909973145,0.9536257386207581,0.04637426137924194,15.748015403747559,0.7902548909187317,0.2097451090812683
survset:support2,Weibull_AFT,9,50,2084,40.199501037597656,0,3.7416574954986572,0.9933578372001648,0.006642162799835205,7.4833149909973145,0.9708225727081299,0.029177427291870117,15.748015403747559,0.8634684681892395,0.1365315318107605
survset:support2,Weibull_AFT,9,50,3288,33.43650817871094,1,3.7416574954986572,0.9937664270401001,0.006233572959899902,7.4833149909973145,0.972598135471344,0.027401864528656006,15.748015403747559,0.871325671672821,0.12867432832717896
survset:support2,Weibull_AFT,9,50,6911,31.128765106201172,0,3.7416574954986572,0.9946283102035522,0.005371689796447754,7.4833149909973145,0.9763519167900085,0.023648083209991455,15.748015403747559,0.8881250023841858,0.11187499761581421
survset:support2,Weibull_AFT,9,50,4995,26.832815170288086,0,3.7416574954986572,0.9934940934181213,0.006505906581878662,7.4833149909973145,0.9714144468307495,0.02858555316925049,15.748015403747559,0.866081178188324,0.13391882181167603
survset:support2,Weibull_AFT,9,50,7082,11.401754379272461,1,3.7416574954986572,0.9848535656929016,0.015146434307098389,7.4833149909973145,0.9344334602355957,0.0655665397644043,15.748015403747559,0.7144879102706909,0.2855120897293091
survset:support2,Weibull_AFT,9,50,6066,6.633249759674072,1,3.7416574954986572,0.6533237099647522,0.3466762900352478,7.4833149909973145,0.15085618197917938,0.8491438180208206,15.748015403747559,8.46764087327756e-05,0.9999153235912672
survset:support2,Weibull_AFT,9,50,8949,23.043437957763672,0,3.7416574954986572,0.9905127882957458,0.00948721170425415,7.4833149909973145,0.9585288166999817,0.04147118330001831,15.748015403747559,0.8106034398078918,0.18939656019210815
survset:support2,Weibull_AFT,9,50,4469,31.480152130126953,0,3.7416574954986572,0.9950163960456848,0.0049836039543151855,7.4833149909973145,0.9780457019805908,0.02195429801940918,15.748015403747559,0.895789384841919,0.10421061515808105
survset:support2,Weibull_AFT,9,50,3813,4.123105525970459,1,3.7416574954986572,0.6239625811576843,0.3760374188423157,7.4833149909973145,0.12297909706830978,0.8770209029316902,15.748015403747559,3.0752351449336857e-05,0.9999692476485507
survset:support2,Weibull_AFT,9,50,1454,22.113344192504883,0,3.7416574954986572,0.9830230474472046,0.01697695255279541,7.4833149909973145,0.9267410039901733,0.07325899600982666,15.748015403747559,0.6858001351356506,0.31419986486434937
survset:support2,Weibull_AFT,9,50,970,22.516660690307617,1,3.7416574954986572,0.9889482855796814,0.011051714420318604,7.4833149909973145,0.9518201351165771,0.04817986488342285,15.748015403747559,0.7828647494316101,0.2171352505683899
survset:support2,Weibull_AFT,9,50,679,32.74140930175781,1,3.7416574954986572,0.985694169998169,0.014305830001831055,7.4833149909973145,0.9379824995994568,0.06201750040054321,15.748015403747559,0.7280422449111938,0.27195775508880615
survset:support2,Weibull_AFT,9,50,8501,32.09361267089844,0,3.7416574954986572,0.9793819785118103,0.020618021488189697,7.4833149909973145,0.9115859270095825,0.08841407299041748,15.748015403747559,0.6319728493690491,0.3680271506309509
survset:support2,Weibull_AFT,9,50,1782,2.8284270763397217,1,3.7416574954986572,0.6384957432746887,0.3615042567253113,7.4833149909973145,0.13622653484344482,0.8637734651565552,15.748015403747559,5.106698154122569e-05,0.9999489330184588
survset:support2,Weibull_AFT,9,50,1698,7.0,1,3.7416574954986572,0.790090799331665,0.20990920066833496,7.4833149909973145,0.35103458166122437,0.6489654183387756,15.748015403747559,0.005573037080466747,0.9944269629195333
survset:support2,Weibull_AFT,9,50,3989,38.94868469238281,0,3.7416574954986572,0.9944910407066345,0.0055089592933654785,7.4833149909973145,0.9757532477378845,0.02424675226211548,15.748015403747559,0.8854286074638367,0.11457139253616333
survset:support2,Weibull_AFT,9,50,272,5.291502475738525,1,3.7416574954986572,0.7749595046043396,0.2250404953956604,7.4833149909973145,0.32213297486305237,0.6778670251369476,15.748015403747559,0.003640037029981613,0.9963599629700184
survset:support2,Weibull_AFT,9,50,8848,3.464101552963257,1,3.7416574954986572,0.40377017855644226,0.5962298214435577,7.4833149909973145,0.017780443653464317,0.9822195563465357,15.748015403747559,9.99999993922529e-09,0.9999999900000001
survset:support2,Weibull_AFT,9,50,5322,24.06241798400879,0,3.7416574954986572,0.9863064289093018,0.013693571090698242,7.4833149909973145,0.9405741095542908,0.05942589044570923,15.748015403747559,0.7380690574645996,0.2619309425354004
survset:support2,Weibull_AFT,9,50,164,1.7320507764816284,1,3.7416574954986572,0.05692589282989502,0.943074107170105,7.4833149909973145,2.947733264591079e-06,0.9999970522667354,15.748015403747559,9.99999993922529e-09,0.9999999900000001
survset:support2,Weibull_AFT,9,50,2357,36.9052848815918,0,3.7416574954986572,0.9953460693359375,0.0046539306640625,7.4833149909973145,0.9794862270355225,0.02051377296447754,15.748015403747559,0.9023492336273193,0.09765076637268066
survset:support2,Weibull_AFT,9,50,6735,3.605551242828369,1,3.7416574954986572,0.5350983142852783,0.4649016857147217,7.4833149909973145,0.0621374137699604,0.9378625862300396,15.748015403747559,1.0425596883578692e-06,0.9999989574403116
survset:support2,Weibull_AFT,9,50,1733,10.14889144897461,1,3.7416574954986572,0.9919449090957642,0.00805509090423584,7.4833149909973145,0.9647019505500793,0.035298049449920654,15.748015403747559,0.8368154764175415,0.1631845235824585
survset:support2,Weibull_AFT,9,50,1870,6.0,1,3.7416574954986572,0.6912569403648376,0.30874305963516235,7.4833149909973145,0.19385309517383575,0.8061469048261642,15.748015403747559,0.00029354661819525063,0.9997064533818047
survset:support2,Weibull_AFT,9,50,4461,4.582575798034668,1,3.7416574954986572,0.6057658791542053,0.3942341208457947,7.4833149909973145,0.10782473534345627,0.8921752646565437,15.748015403747559,1.6022988347685896e-05,0.9999839770116523
survset:support2,Weibull_AFT,9,50,6393,2.0,1,3.7416574954986572,0.15202732384204865,0.8479726761579514,7.4833149909973145,0.00023176372633315623,0.9997682362736668,15.748015403747559,9.99999993922529e-09,0.9999999900000001
survset:support2,Weibull_AFT,9,50,6977,30.315011978149414,0,3.7416574954986572,0.9961084127426147,0.003891587257385254,7.4833149909973145,0.9828240871429443,0.017175912857055664,15.748015403747559,0.9176964163780212,0.08230358362197876
survset:support2,Weibull_AFT,9,50,3057,23.194826126098633,0,3.7416574954986572,0.9972456693649292,0.0027543306350708008,7.4833149909973145,0.9878197312355042,0.01218026876449585,15.748015403747559,0.9410547018051147,0.058945298194885254
survset:support2,Weibull_AFT,9,50,5778,18.947296142578125,0,3.7416574954986572,0.9957447052001953,0.0042552947998046875,7.4833149909973145,0.9812305569648743,0.018769443035125732,15.748015403747559,0.9103437662124634,0.08965623378753662
survset:support2,Weibull_AFT,9,50,2550,25.806976318359375,1,3.7416574954986572,0.9871218204498291,0.012878179550170898,7.4833149909973145,0.9440341591835022,0.0559658408164978,15.748015403747559,0.7516273856163025,0.2483726143836975
survset:support2,Weibull_AFT,9,50,1847,2.4494898319244385,1,3.7416574954986572,0.35390254855155945,0.6460974514484406,7.4833149909973145,0.009898333810269833,0.9901016661897302,15.748015403747559,9.99999993922529e-09,0.9999999900000001
survset:support2,Weibull_AFT,9,50,8469,5.291502475738525,1,3.7416574954986572,0.30832210183143616,0.6916778981685638,7.4833149909973145,0.005364169832319021,0.994635830167681,15.748015403747559,9.99999993922529e-09,0.9999999900000001
survset:support2,Weibull_AFT,9,50,3543,20.51828384399414,1,3.7416574954986572,0.9897840023040771,0.010215997695922852,7.4833149909973145,0.9553990960121155,0.04460090398788452,15.748015403747559,0.7975669503211975,0.2024330496788025
survset:support2,Weibull_AFT,9,50,5528,21.88606834411621,0,3.7416574954986572,0.9960904717445374,0.0039095282554626465,7.4833149909973145,0.9827454090118408,0.01725459098815918,15.748015403747559,0.9173322319984436,0.0826677680015564
survset:support2,Weibull_AFT,9,50,6659,36.755950927734375,0,3.7416574954986572,0.9964381456375122,0.003561854362487793,7.4833149909973145,0.9842705130577087,0.01572948694229126,15.748015403747559,0.9244113564491272,0.0755886435508728
survset:support2,Weibull_AFT,9,50,5978,43.74928665161133,0,3.7416574954986572,0.994459331035614,0.005540668964385986,7.4833149909973145,0.9756149053573608,0.02438509464263916,15.748015403747559,0.8848064541816711,0.11519354581832886
survset:support2,Weibull_AFT,9,50,6930,30.838287353515625,0,3.7416574954986572,0.9966135621070862,0.0033864378929138184,7.4833149909973145,0.9850406646728516,0.014959335327148438,15.748015403747559,0.9280027151107788,0.07199728488922119
survset:support2,Weibull_AFT,9,50,6002,3.7416574954986572,1,3.7416574954986572,0.24914686381816864,0.7508531361818314,7.4833149909973145,0.002081038197502494,0.9979189618024975,15.748015403747559,9.99999993922529e-09,0.9999999900000001
survset:support2,Weibull_AFT,9,50,8273,38.50973892211914,0,3.7416574954986572,0.9959022402763367,0.00409775972366333,7.4833149909973145,0.9819205403327942,0.01807945966720581,15.748015403747559,0.9135215282440186,0.08647847175598145
survset:support2,Weibull_AFT,9,50,4137,9.643651008605957,1,3.7416574954986572,0.9918159246444702,0.008184075355529785,7.4833149909973145,0.964144766330719,0.035855233669281006,15.748015403747559,0.8344224095344543,0.16557759046554565
survset:support2,Weibull_AFT,9,50,8203,12.12435531616211,1,3.7416574954986572,0.9875267148017883,0.01247328519821167,7.4833149909973145,0.9457558393478394,0.054244160652160645,15.748015403747559,0.7584476470947266,0.24155235290527344
survset:support2,Weibull_AFT,9,50,3780,3.872983455657959,1,3.7416574954986572,0.6778187155723572,0.3221812844276428,7.4833149909973145,0.17765995860099792,0.8223400413990021,15.748015403747559,0.00019049034744966775,0.9998095096525503
survset:support2,Weibull_AFT,9,50,5321,13.304134368896484,1,3.7416574954986572,0.9711664319038391,0.02883356809616089,7.4833149909973145,0.878096342086792,0.12190365791320801,15.748015403747559,0.5249436497688293,0.47505635023117065
survset:support2,Weibull_AFT,9,50,5604,3.605551242828369,1,3.7416574954986572,0.6749966144561768,0.32500338554382324,7.4833149909973145,0.1743968278169632,0.8256031721830368,15.748015403747559,0.00017376425967086107,0.9998262357403291
survset:support2,Weibull_AFT,9,50,5355,23.8117618560791,0,3.7416574954986572,0.9737647771835327,0.026235222816467285,7.4833149909973145,0.8885833621025085,0.11141663789749146,15.748015403747559,0.556766927242279,0.44323307275772095
survset:support2,Weibull_AFT,9,50,2156,10.29563045501709,1,3.7416574954986572,0.9914768934249878,0.008523106575012207,7.4833149909973145,0.9626812934875488,0.03731870651245117,15.748015403747559,0.8281621336936951,0.17183786630630493
survset:support2,Weibull_AFT,9,50,4973,26.981475830078125,0,3.7416574954986572,0.9942566156387329,0.00574338436126709,7.4833149909973145,0.9747316837310791,0.0252683162689209,15.748015403747559,0.8808425068855286,0.11915749311447144
survset:support2,Weibull_AFT,9,50,1131,28.44292449951172,0,3.7416574954986572,0.9936599731445312,0.00634002685546875,7.4833149909973145,0.9721353054046631,0.027864694595336914,15.748015403747559,0.869271993637085,0.13072800636291504
survset:support2,Weibull_AFT,9,50,5584,21.424285888671875,0,3.7416574954986572,0.9902130961418152,0.009786903858184814,7.4833149909973145,0.9572408199310303,0.04275918006896973,15.748015403747559,0.8052179217338562,0.1947820782661438
survset:support2,Weibull_AFT,9,50,332,12.767145156860352,1,3.7416574954986572,0.9950315356254578,0.004968464374542236,7.4833149909973145,0.9781116843223572,0.021888315677642822,15.748015403747559,0.8960889577865601,0.10391104221343994
survset:support2,Weibull_AFT,9,50,692,21.260292053222656,1,3.7416574954986572,0.9897943139076233,0.010205686092376709,7.4833149909973145,0.9554435014724731,0.044556498527526855,15.748015403747559,0.79775071144104,0.20224928855895996
survset:support2,Weibull_AFT,9,50,4147,14.899664878845215,1,3.7416574954986572,0.9925805330276489,0.007419466972351074,7.4833149909973145,0.967451810836792,0.03254818916320801,15.748015403747559,0.8487074971199036,0.15129250288009644
survset:support2,Weibull_AFT,9,50,3028,23.74868392944336,0,3.7416574954986572,0.9723368883132935,0.027663111686706543,7.4833149909973145,0.8828083872795105,0.1171916127204895,15.748015403747559,0.539057731628418,0.46094226837158203
survset:support2,Weibull_AFT,9,50,5421,4.0,1,3.7416574954986572,0.43625935912132263,0.5637406408786774,7.4833149909973145,0.025077462196350098,0.9749225378036499,15.748015403747559,1.1601604121835862e-08,0.9999999883983959
survset:support2,Weibull_AFT,9,50,5222,24.819347381591797,0,3.7416574954986572,0.994002103805542,0.005997896194458008,7.4833149909973145,0.9736235737800598,0.026376426219940186,15.748015403747559,0.8758893609046936,0.1241106390953064
survset:support2,Weibull_AFT,9,50,6842,17.40689468383789,1,3.7416574954986572,0.9964405298233032,0.0035594701766967773,7.4833149909973145,0.9842809438705444,0.015719056129455566,15.748015403747559,0.9244599342346191,0.07554006576538086
survset:support2,Weibull_AFT,9,50,2007,11.916375160217285,1,3.7416574954986572,0.9844427704811096,0.01555722951889038,7.4833149909973145,0.9327028393745422,0.06729716062545776,15.748015403747559,0.7079517841339111,0.29204821586608887
survset:support2,Weibull_AFT,9,50,2464,28.98275375366211,1,3.7416574954986572,0.992640495300293,0.007359504699707031,7.4833149909973145,0.9677115082740784,0.03228849172592163,15.748015403747559,0.8498375415802002,0.1501624584197998
survset:support2,Weibull_AFT,9,50,3600,31.4483699798584,1,3.7416574954986572,0.9944236278533936,0.005576372146606445,7.4833149909973145,0.9754593372344971,0.02454066276550293,15.748015403747559,0.884107232093811,0.11589276790618896
survset:support2,Weibull_AFT,9,50,7183,27.459060668945312,0,3.7416574954986572,0.9946545958518982,0.005345404148101807,7.4833149909973145,0.9764664173126221,0.02353358268737793,15.748015403747559,0.8886414170265198,0.11135858297348022
survset:support2,Weibull_AFT,9,50,6767,5.291502475738525,1,3.7416574954986572,0.44180673360824585,0.5581932663917542,7.4833149909973145,0.026525674387812614,0.9734743256121874,15.748015403747559,1.532480631283306e-08,0.9999999846751937
survset:support2,Weibull_AFT,9,50,3298,44.65422821044922,0,3.7416574954986572,0.9977405667304993,0.0022594332695007324,7.4833149909973145,0.9899995923042297,0.010000407695770264,15.748015403747559,0.9513948559761047,0.048605144023895264
survset:support2,Weibull_AFT,9,50,6430,26.81417465209961,1,3.7416574954986572,0.9930176734924316,0.006982326507568359,7.4833149909973145,0.969346284866333,0.030653715133666992,15.748015403747559,0.8569785356521606,0.14302146434783936
survset:support2,Weibull_AFT,9,50,2754,28.65309715270996,0,3.7416574954986572,0.9940295219421387,0.005970478057861328,7.4833149909973145,0.9737427830696106,0.026257216930389404,15.748015403747559,0.8764211535453796,0.12357884645462036
survset:support2,Weibull_AFT,9,50,5416,11.401754379272461,1,3.7416574954986572,0.9920323491096497,0.007967650890350342,7.4833149909973145,0.9650800824165344,0.034919917583465576,15.748015403747559,0.8384429216384888,0.16155707836151123
survset:support2,Weibull_AFT,9,50,6740,22.203603744506836,1,3.7416574954986572,0.9934870600700378,0.006512939929962158,7.4833149909973145,0.9713839292526245,0.02861607074737549,15.748015403747559,0.8659464716911316,0.1340535283088684
survset:support2,Weibull_AFT,9,50,1167,27.85677719116211,0,3.7416574954986572,0.9955902695655823,0.004409730434417725,7.4833149909973145,0.9805546402931213,0.019445359706878662,15.748015403747559,0.9072392582893372,0.09276074171066284
survset:support2,Weibull_AFT,9,50,8427,21.88606834411621,1,3.7416574954986572,0.9885894060134888,0.01141059398651123,7.4833149909973145,0.9502862095832825,0.04971379041671753,15.748015403747559,0.7766302824020386,0.22336971759796143
survset:support2,Weibull_AFT,9,50,1036,3.872983455657959,1,3.7416574954986572,0.17936818301677704,0.820631816983223,7.4833149909973145,0.0004832577833440155,0.999516742216656,15.748015403747559,9.99999993922529e-09,0.9999999900000001
survset:support2,Weibull_AFT,9,50,7553,4.0,1,3.7416574954986572,0.2967112064361572,0.7032887935638428,7.4833149909973145,0.004523034207522869,0.9954769657924771,15.748015403747559,9.99999993922529e-09,0.9999999900000001
survset:support2,Weibull_AFT,9,50,377,2.6457512378692627,1,3.7416574954986572,0.5268919467926025,0.47310805320739746,7.4833149909973145,0.05801361799240112,0.9419863820075989,15.748015403747559,7.417431220346771e-07,0.999999258256878
survset:support2,Weibull_AFT,9,50,3059,17.0587215423584,1,3.7416574954986572,0.9939905405044556,0.006009459495544434,7.4833149909973145,0.9735732674598694,0.026426732540130615,15.748015403747559,0.875665009021759,0.12433499097824097
survset:support2,Weibull_AFT,9,50,5996,4.123105525970459,1,3.7416574954986572,0.36829477548599243,0.6317052245140076,7.4833149909973145,0.01181635819375515,0.9881836418062449,15.748015403747559,9.99999993922529e-09,0.9999999900000001
survset:support2,Weibull_AFT,9,50,5436,2.2360680103302,1,3.7416574954986572,0.4388292133808136,0.5611707866191864,7.4833149909973145,0.025740530341863632,0.9742594696581364,15.748015403747559,1.3203996118704708e-08,0.9999999867960039
survset:support2,Weibull_AFT,9,50,8623,13.45362377166748,1,3.7416574954986572,0.987375795841217,0.012624204158782959,7.4833149909973145,0.9451137185096741,0.05488628149032593,15.748015403747559,0.7558982372283936,0.24410176277160645
survset:support2,Weibull_AFT,9,50,7201,27.312999725341797,0,3.7416574954986572,0.9903696179389954,0.009630382061004639,7.4833149909973145,0.9579135179519653,0.04208648204803467,15.748015403747559,0.8080271482467651,0.19197285175323486
survset:support2,Weibull_AFT,9,50,7419,3.464101552963257,1,3.7416574954986572,0.7677745819091797,0.2322254180908203,7.4833149909973145,0.309072881937027,0.690927118062973,15.748015403747559,0.002964825602248311,0.9970351743977517
survset:support2,Weibull_AFT,9,50,6156,42.142616271972656,0,3.7416574954986572,0.9952600002288818,0.004739999771118164,7.4833149909973145,0.979110062122345,0.02088993787765503,15.748015403747559,0.9006324410438538,0.09936755895614624
survset:support2,Weibull_AFT,9,50,4099,37.709415435791016,0,3.7416574954986572,0.9973374605178833,0.0026625394821166992,7.4833149909973145,0.9882236123085022,0.011776387691497803,15.748015403747559,0.9429638981819153,0.05703610181808472
survset:support2,Weibull_AFT,9,50,5894,44.46346664428711,0,3.7416574954986572,0.9915971159934998,0.008402884006500244,7.4833149909973145,0.963200032711029,0.03679996728897095,15.748015403747559,0.8303767442703247,0.1696232557296753
survset:support2,Weibull_AFT,9,50,1686,31.63858413696289,1,3.7416574954986572,0.9946587085723877,0.005341291427612305,7.4833149909973145,0.9764845371246338,0.02351546287536621,15.748015403747559,0.8887231349945068,0.11127686500549316
survset:support2,Weibull_AFT,9,50,8730,9.486832618713379,1,3.7416574954986572,0.9875749945640564,0.012425005435943604,7.4833149909973145,0.9459613561630249,0.0540386438369751,15.748015403747559,0.7592650055885315,0.2407349944114685
survset:support2,Weibull_AFT,9,50,2998,23.72762107849121,1,3.7416574954986572,0.9766042828559875,0.02339571714401245,7.4833149909973145,0.900154173374176,0.09984582662582397,15.748015403747559,0.5936467051506042,0.40635329484939575
survset:support2,Weibull_AFT,9,50,3279,2.0,1,3.7416574954986572,0.4407767057418823,0.5592232942581177,7.4833149909973145,0.02625199966132641,0.9737480003386736,15.748015403747559,1.4556815308708337e-08,0.9999999854431847
survset:support2,Weibull_AFT,9,50,1245,4.242640495300293,1,3.7416574954986572,0.4967897832393646,0.5032102167606354,7.4833149909973145,0.0446692630648613,0.9553307369351387,15.748015403747559,2.0299123093536764e-07,0.9999997970087691
survset:support2,Weibull_AFT,9,50,7223,6.78233003616333,1,3.7416574954986572,0.2840842008590698,0.7159157991409302,7.4833149909973145,0.0037282947450876236,0.9962717052549124,15.748015403747559,9.99999993922529e-09,0.9999999900000001
survset:support2,Weibull_AFT,9,50,4500,31.256999969482422,0,3.7416574954986572,0.9959937334060669,0.0040062665939331055,7.4833149909973145,0.9823215007781982,0.017678499221801758,15.748015403747559,0.9153724312782288,0.08462756872177124
survset:support2,Weibull_AFT,9,50,3355,2.4494898319244385,1,3.7416574954986572,0.7434036135673523,0.2565963864326477,7.4833149909973145,0.2678024470806122,0.7321975529193878,15.748015403747559,0.00145685242023319,0.9985431475797668
survset:support2,Weibull_AFT,9,50,2073,5.291502475738525,1,3.7416574954986572,0.7784108519554138,0.22158914804458618,7.4833149909973145,0.328556627035141,0.671443372964859,15.748015403747559,0.004014358390122652,0.9959856416098773
survset:support2,Weibull_AFT,9,50,742,13.45362377166748,1,3.7416574954986572,0.9952652454376221,0.00473475456237793,7.4833149909973145,0.9791330695152283,0.02086693048477173,15.748015403747559,0.9007375240325928,0.09926247596740723
survset:support2,Weibull_AFT,9,50,7331,9.219544410705566,1,3.7416574954986572,0.9931445121765137,0.006855487823486328,7.4833149909973145,0.9698967337608337,0.03010326623916626,15.748015403747559,0.8593938946723938,0.1406061053276062
survset:support2,Weibull_AFT,9,50,7525,22.56102752685547,0,3.7416574954986572,0.9947162866592407,0.005283713340759277,7.4833149909973145,0.9767357110977173,0.023264288902282715,15.748015403747559,0.8898569941520691,0.11014300584793091
survset:support2,Weibull_AFT,9,50,6380,3.605551242828369,1,3.7416574954986572,0.2589678168296814,0.7410321831703186,7.4833149909973145,0.002471066080033779,0.9975289339199662,15.748015403747559,9.99999993922529e-09,0.9999999900000001
survset:support2,Weibull_AFT,9,50,5970,43.79497528076172,0,3.7416574954986572,0.9912895560264587,0.00871044397354126,7.4833149909973145,0.9618731737136841,0.03812682628631592,15.748015403747559,0.8247215747833252,0.1752784252166748
survset:support2,Weibull_AFT,9,50,7054,5.74456262588501,1,3.7416574954986572,0.6890094876289368,0.31099051237106323,7.4833149909973145,0.19106827676296234,0.8089317232370377,15.748015403747559,0.0002732270222622901,0.9997267729777377
survset:support2,Weibull_AFT,9,50,8263,4.690415859222412,1,3.7416574954986572,0.43602386116981506,0.5639761388301849,7.4833149909973145,0.025017373263835907,0.9749826267361641,15.748015403747559,1.1464441840303152e-08,0.9999999885355582
survset:support2,Weibull_AFT,9,50,2765,3.605551242828369,1,3.7416574954986572,0.5106915235519409,0.4893084764480591,7.4833149909973145,0.050497062504291534,0.9495029374957085,15.748015403747559,3.728191018126381e-07,0.9999996271808982
survset:support2,Weibull_AFT,9,50,796,1.7320507764816284,1,3.7416574954986572,0.4597432315349579,0.5402567684650421,7.4833149909973145,0.031656280159950256,0.9683437198400497,15.748015403747559,3.682095695012322e-08,0.999999963179043
survset:support2,Weibull_AFT,9,50,5681,20.420578002929688,0,3.7416574954986572,0.9954624772071838,0.004537522792816162,7.4833149909973145,0.9799954295158386,0.020004570484161377,15.748015403747559,0.904677152633667,0.09532284736633301
survset:support2,Weibull_AFT,9,50,3490,6.633249759674072,1,3.7416574954986572,0.6491917371749878,0.3508082628250122,7.4833149909973145,0.14666278660297394,0.8533372133970261,15.748015403747559,7.363213808275759e-05,0.9999263678619172
survset:support2,Weibull_AFT,9,50,3629,4.123105525970459,1,3.7416574954986572,0.4399215579032898,0.5600784420967102,7.4833149909973145,0.026026451960206032,0.973973548039794,15.748015403747559,1.3947252242019204e-08,0.9999999860527478
survset:support2,Weibull_AFT,9,50,8783,12.409673690795898,1,3.7416574954986572,0.98783278465271,0.012167215347290039,7.4833149909973145,0.9470589756965637,0.05294102430343628,15.748015403747559,0.7636424899101257,0.23635751008987427
survset:support2,Weibull_AFT,9,50,192,26.134267807006836,1,3.7416574954986572,0.9889408946037292,0.011059105396270752,7.4833149909973145,0.9517883658409119,0.048211634159088135,15.748015403747559,0.7827354073524475,0.2172645926475525
survset:support2,Weibull_AFT,9,50,5483,19.339078903198242,1,3.7416574954986572,0.9948512315750122,0.005148768424987793,7.4833149909973145,0.9773246049880981,0.022675395011901855,15.748015403747559,0.892520010471344,0.107479989528656
survset:support2,Weibull_AFT,9,50,1506,15.491933822631836,1,3.7416574954986572,0.9906488656997681,0.009351134300231934,7.4833149909973145,0.9591141939163208,0.0408858060836792,15.748015403747559,0.8130605220794678,0.18693947792053223
survset:support2,Weibull_AFT,9,50,266,8.83176040649414,1,3.7416574954986572,0.9905426502227783,0.00945734977722168,7.4833149909973145,0.9586573243141174,0.04134267568588257,15.748015403747559,0.8111422657966614,0.18885773420333862
survset:support2,Weibull_AFT,9,50,8947,23.06512451171875,0,3.7416574954986572,0.9849148392677307,0.015085160732269287,7.4833149909973145,0.934691846370697,0.06530815362930298,15.748015403747559,0.7154678702354431,0.2845321297645569
survset:support2,Weibull_AFT,9,50,2308,35.46829605102539,1,3.7416574954986572,0.9927182197570801,0.007281780242919922,7.4833149909973145,0.9680483341217041,0.0319516658782959,15.748015403747559,0.8513050079345703,0.1486949920654297
survset:support2,Weibull_AFT,9,50,6806,5.099019527435303,1,3.7416574954986572,0.6318811178207397,0.36811888217926025,7.4833149909973145,0.13006678223609924,0.8699332177639008,15.748015403747559,4.059928687638603e-05,0.9999594007131236
survset:support2,Weibull_AFT,9,50,6938,24.93992805480957,1,3.7416574954986572,0.9885261654853821,0.01147383451461792,7.4833149909973145,0.9500161409378052,0.049983859062194824,15.748015403747559,0.7755365967750549,0.22446340322494507
survset:support2,Weibull_AFT,9,50,1714,44.10215377807617,0,3.7416574954986572,0.9944934844970703,0.0055065155029296875,7.4833149909973145,0.9757639765739441,0.024236023426055908,15.748015403747559,0.88547682762146,0.11452317237854004
survset:support2,Weibull_AFT,9,50,3700,41.7971305847168,0,3.7416574954986572,0.9974751472473145,0.002524852752685547,7.4833149909973145,0.9888301491737366,0.011169850826263428,15.748015403747559,0.9458364248275757,0.054163575172424316
survset:support2,Weibull_AFT,9,50,5096,25.903667449951172,0,3.7416574954986572,0.9962033033370972,0.003796696662902832,7.4833149909973145,0.9832401871681213,0.016759812831878662,15.748015403747559,0.9196241497993469,0.08037585020065308
survset:support2,Weibull_AFT,9,50,5156,21.470911026000977,1,3.7416574954986572,0.9808080196380615,0.019191980361938477,7.4833149909973145,0.9174984693527222,0.08250153064727783,15.748015403747559,0.6525557637214661,0.34744423627853394
survset:support2,Weibull_AFT,9,50,8950,16.278820037841797,1,3.7416574954986572,0.9910233020782471,0.00897669792175293,7.4833149909973145,0.9607258439064026,0.03927415609359741,15.748015403747559,0.8198561668395996,0.1801438331604004
survset:support2,Weibull_AFT,9,50,149,14.73091983795166,1,3.7416574954986572,0.9885464310646057,0.011453568935394287,7.4833149909973145,0.9501027464866638,0.04989725351333618,15.748015403747559,0.775887131690979,0.224112868309021
survset:support2,Weibull_AFT,9,50,243,43.0,0,3.7416574954986572,0.9925300478935242,0.00746995210647583,7.4833149909973145,0.9672330617904663,0.03276693820953369,15.748015403747559,0.847756564617157,0.15224343538284302
survset:support2,Weibull_AFT,9,50,5961,22.825424194335938,1,3.7416574954986572,0.9854696393013,0.014530360698699951,7.4833149909973145,0.9370335340499878,0.06296646595001221,15.748015403747559,0.724398136138916,0.275601863861084
survset:support2,Weibull_AFT,9,50,2275,4.242640495300293,1,3.7416574954986572,0.6788144111633301,0.3211855888366699,7.4833149909973145,0.17882250249385834,0.8211774975061417,15.748015403747559,0.00019675034855026752,0.9998032496514497
survset:support2,Weibull_AFT,9,50,4453,18.11077117919922,1,3.7416574954986572,0.990604817867279,0.009395182132720947,7.4833149909973145,0.9589247107505798,0.041075289249420166,15.748015403747559,0.8122645020484924,0.18773549795150757
survset:support2,Weibull_AFT,9,50,8847,5.291502475738525,1,3.7416574954986572,0.5163843035697937,0.4836156964302063,7.4833149909973145,0.053046610206365585,0.9469533897936344,15.748015403747559,4.7593297836101556e-07,0.9999995240670216
survset:support2,Weibull_AFT,9,50,3376,44.18144226074219,0,3.7416574954986572,0.9941508173942566,0.005849182605743408,7.4833149909973145,0.9742709398269653,0.025729060173034668,15.748015403747559,0.8787803053855896,0.1212196946144104
survset:support2,Weibull_AFT,9,50,4746,4.795831680297852,1,3.7416574954986572,0.6203539967536926,0.3796460032463074,7.4833149909973145,0.11985018849372864,0.8801498115062714,15.748015403747559,2.7063975721830502e-05,0.9999729360242782
survset:support2,Weibull_AFT,9,50,8992,8.062257766723633,1,3.7416574954986572,0.9824336767196655,0.017566323280334473,7.4833149909973145,0.9242746829986572,0.07572531700134277,15.748015403747559,0.6767998933792114,0.3232001066207886
survset:support2,Weibull_AFT,9,50,695,2.8284270763397217,1,3.7416574954986572,0.4903737008571625,0.5096262991428375,7.4833149909973145,0.04216230660676956,0.9578376933932304,15.748015403747559,1.524482513559633e-07,0.9999998475517486
survset:support2,Weibull_AFT,9,50,1740,43.8292121887207,0,3.7416574954986572,0.9957941174507141,0.004205882549285889,7.4833149909973145,0.9814469814300537,0.01855301856994629,15.748015403747559,0.9113394618034363,0.08866053819656372
survset:support2,Weibull_AFT,9,50,936,5.291502475738525,1,3.7416574954986572,0.2976176142692566,0.7023823857307434,7.4833149909973145,0.004584751091897488,0.9954152489081025,15.748015403747559,9.99999993922529e-09,0.9999999900000001
survset:support2,Weibull_AFT,9,50,8110,4.4721360206604,1,3.7416574954986572,0.2779234051704407,0.7220765948295593,7.4833149909973145,0.003382215742021799,0.9966177842579782,15.748015403747559,9.99999993922529e-09,0.9999999900000001
survset:support2,Weibull_AFT,9,50,4755,8.485280990600586,1,3.7416574954986572,0.991071879863739,0.008928120136260986,7.4833149909973145,0.9609350562095642,0.03906494379043579,15.748015403747559,0.8207417130470276,0.1792582869529724
survset:support2,Weibull_AFT,9,50,20,15.066518783569336,1,3.7416574954986572,0.9928786158561707,0.007121384143829346,7.4833149909973145,0.9687434434890747,0.03125655651092529,15.748015403747559,0.8543397784233093,0.14566022157669067
survset:support2,Weibull_AFT,9,50,7508,23.0,0,3.7416574954986572,0.9949933290481567,0.005006670951843262,7.4833149909973145,0.9779449105262756,0.022055089473724365,15.748015403747559,0.895331859588623,0.10466814041137695
survset:support2,Weibull_AFT,9,50,2065,9.0,1,3.7416574954986572,0.9932811856269836,0.006718814373016357,7.4833149909973145,0.9704899787902832,0.029510021209716797,15.748015403747559,0.8620027899742126,0.13799721002578735
survset:support2,Weibull_AFT,9,50,2563,7.416198253631592,1,3.7416574954986572,0.44246530532836914,0.5575346946716309,7.4833149909973145,0.02670181728899479,0.9732981827110052,15.748015403747559,1.583596542786836e-08,0.9999999841640346
survset:support2,Weibull_AFT,9,50,1242,2.2360680103302,1,3.7416574954986572,0.4690898358821869,0.5309101641178131,7.4833149909973145,0.03461761772632599,0.965382382273674,15.748015403747559,5.736266928124678e-08,0.9999999426373307
survset:support2,Weibull_AFT,9,50,5013,26.645824432373047,0,3.7416574954986572,0.992935836315155,0.007064163684844971,7.4833149909973145,0.9689915180206299,0.031008481979370117,15.748015403747559,0.8554249405860901,0.1445750594139099
survset:support2,Weibull_AFT,9,50,3920,16.970561981201172,1,3.7416574954986572,0.9913326501846313,0.008667349815368652,7.4833149909973145,0.9620591402053833,0.0379408597946167,15.748015403747559,0.8255121111869812,0.1744878888130188
survset:support2,Weibull_AFT,9,50,769,3.316624879837036,1,3.7416574954986572,0.4838716387748718,0.5161283612251282,7.4833149909973145,0.03973439335823059,0.9602656066417694,15.748015403747559,1.1361331786474693e-07,0.9999998863866821
survset:support2,Weibull_AFT,9,50,3899,39.8371696472168,0,3.7416574954986572,0.9951887130737305,0.004811286926269531,7.4833149909973145,0.9787985682487488,0.02120143175125122,15.748015403747559,0.8992130160331726,0.10078698396682739
survset:support2,Weibull_AFT,9,50,7497,2.4494898319244385,1,3.7416574954986572,0.4370158016681671,0.5629841983318329,7.4833149909973145,0.02527124620974064,0.9747287537902594,15.748015403747559,1.2052892017777594e-08,0.999999987947108
survset:support2,Weibull_AFT,9,50,6879,15.29705810546875,1,3.7416574954986572,0.9916067719459534,0.00839322805404663,7.4833149909973145,0.9632417559623718,0.036758244037628174,15.748015403747559,0.8305552005767822,0.16944479942321777
survset:support2,Weibull_AFT,9,50,2742,1.7320507764816284,1,3.7416574954986572,0.39770007133483887,0.6022999286651611,7.4833149909973145,0.016623105853796005,0.983376894146204,15.748015403747559,9.99999993922529e-09,0.9999999900000001
survset:support2,Weibull_AFT,9,50,8041,18.41195297241211,1,3.7416574954986572,0.9920445084571838,0.007955491542816162,7.4833149909973145,0.965132474899292,0.03486752510070801,15.748015403747559,0.8386685252189636,0.16133147478103638
survset:support2,Weibull_AFT,9,50,7294,6.633249759674072,1,3.7416574954986572,0.7148888111114502,0.2851111888885498,7.4833149909973145,0.22508177161216736,0.7749182283878326,15.748015403747559,0.0006155387382023036,0.9993844612617977
survset:support2,Weibull_AFT,9,50,7787,14.387495040893555,1,3.7416574954986572,0.9913150668144226,0.008684933185577393,7.4833149909973145,0.9619834423065186,0.038016557693481445,15.748015403747559,0.8251901865005493,0.17480981349945068
survset:support2,Weibull_AFT,9,50,988,12.369317054748535,1,3.7416574954986572,0.9883882403373718,0.011611759662628174,7.4833149909973145,0.9494274854660034,0.05057251453399658,15.748015403747559,0.7731572389602661,0.2268427610397339
survset:support2,Weibull_AFT,9,50,4875,28.03569221496582,0,3.7416574954986572,0.9941056370735168,0.005894362926483154,7.4833149909973145,0.9740743041038513,0.02592569589614868,15.748015403747559,0.8779013752937317,0.12209862470626831
survset:support2,Weibull_AFT,9,50,392,38.7685432434082,1,3.7416574954986572,0.9948182702064514,0.005181729793548584,7.4833149909973145,0.9771807193756104,0.02281928062438965,15.748015403747559,0.8918686509132385,0.10813134908676147
survset:support2,Weibull_AFT,9,50,399,17.40689468383789,1,3.7416574954986572,0.9893706440925598,0.010629355907440186,7.4833149909973145,0.9536275863647461,0.046372413635253906,15.748015403747559,0.7902622818946838,0.20973771810531616
survset:support2,Weibull_AFT,9,50,7790,44.60941696166992,0,3.7416574954986572,0.9960760474205017,0.003923952579498291,7.4833149909973145,0.9826821088790894,0.017317891120910645,15.748015403747559,0.9170395731925964,0.08296042680740356
survset:support2,Weibull_AFT,9,50,3208,19.595918655395508,0,3.7416574954986572,0.9880225658416748,0.011977434158325195,7.4833149909973145,0.9478676915168762,0.05213230848312378,15.748015403747559,0.7668806314468384,0.23311936855316162
survset:support2,Weibull_AFT,9,50,6080,5.099019527435303,1,3.7416574954986572,0.2470027059316635,0.7529972940683365,7.4833149909973145,0.0020026324782520533,0.997997367521748,15.748015403747559,9.99999993922529e-09,0.9999999900000001
survset:support2,Weibull_AFT,9,50,6109,42.4970588684082,0,3.7416574954986572,0.9869404435157776,0.013059556484222412,7.4833149909973145,0.9432634711265564,0.056736528873443604,15.748015403747559,0.748590350151062,0.251409649848938
survset:support2,Weibull_AFT,9,50,4132,20.0,1,3.7416574954986572,0.9927458763122559,0.007254123687744141,7.4833149909973145,0.9681681394577026,0.03183186054229736,15.748015403747559,0.8518275022506714,0.1481724977493286
survset:support2,Weibull_AFT,9,50,7464,5.656854152679443,1,3.7416574954986572,0.7332683801651001,0.2667316198348999,7.4833149909973145,0.25195619463920593,0.7480438053607941,15.748015403747559,0.0010767007479444146,0.9989232992520556
survset:support2,Weibull_AFT,9,50,2792,10.58300495147705,1,3.7416574954986572,0.9851157665252686,0.014884233474731445,7.4833149909973145,0.9355394244194031,0.06446057558059692,15.748015403747559,0.7186899185180664,0.2813100814819336
survset:support2,Weibull_AFT,9,50,7506,3.605551242828369,1,3.7416574954986572,0.22158196568489075,0.7784180343151093,7.4833149909973145,0.0012360143009573221,0.9987639856990427,15.748015403747559,9.99999993922529e-09,0.9999999900000001
survset:support2,Weibull_AFT,9,50,7062,29.086078643798828,0,3.7416574954986572,0.9934362769126892,0.006563723087310791,7.4833149909973145,0.9711632132530212,0.02883678674697876,15.748015403747559,0.8649713397026062,0.1350286602973938
survset:support2,Weibull_AFT,9,50,4713,4.4721360206604,1,3.7416574954986572,0.6086097359657288,0.39139026403427124,7.4833149909973145,0.1100921705365181,0.8899078294634819,15.748015403747559,1.7764346921467222e-05,0.9999822356530785
survset:support2,Weibull_AFT,9,50,8189,39.52214431762695,0,3.7416574954986572,0.9928358197212219,0.007164180278778076,7.4833149909973145,0.9685578346252441,0.03144216537475586,15.748015403747559,0.8535284399986267,0.1464715600013733
survset:support2,Weibull_AFT,9,50,3574,1.7320507764816284,1,3.7416574954986572,0.22453643381595612,0.7754635661840439,7.4833149909973145,0.001310940831899643,0.9986890591681004,15.748015403747559,9.99999993922529e-09,0.9999999900000001
survset:support2,Weibull_AFT,9,50,8795,26.191600799560547,0,3.7416574954986572,0.9796274900436401,0.020372509956359863,7.4833149909973145,0.9126017689704895,0.0873982310295105,15.748015403747559,0.635471761226654,0.36452823877334595
survset:support2,Weibull_AFT,9,50,4182,36.94590759277344,0,3.7416574954986572,0.9914301037788391,0.008569896221160889,7.4833149909973145,0.962479293346405,0.03752070665359497,15.748015403747559,0.8273011445999146,0.17269885540008545
survset:support2,Weibull_AFT,9,50,7850,43.8292121887207,0,3.7416574954986572,0.9947806596755981,0.0052193403244018555,7.4833149909973145,0.9770163893699646,0.0229836106300354,15.748015403747559,0.8911254405975342,0.10887455940246582
survset:support2,Weibull_AFT,9,50,2431,32.832908630371094,0,3.7416574954986572,0.992925763130188,0.007074236869812012,7.4833149909973145,0.9689478874206543,0.031052112579345703,15.748015403747559,0.8552340269088745,0.1447659730911255
survset:support2,Weibull_AFT,9,50,7059,3.7416574954986572,1,3.7416574954986572,0.7701277136802673,0.22987228631973267,7.4833149909973145,0.3133040964603424,0.6866959035396576,15.748015403747559,0.003171565243974328,0.9968284347560257
survset:support2,Weibull_AFT,9,50,3944,18.193405151367188,1,3.7416574954986572,0.9903362989425659,0.009663701057434082,7.4833149909973145,0.9577701687812805,0.04222983121871948,15.748015403747559,0.8074278235435486,0.19257217645645142
survset:support2,Weibull_AFT,9,50,8890,6.928203105926514,1,3.7416574954986572,0.5515937805175781,0.4484062194824219,7.4833149909973145,0.07111174613237381,0.9288882538676262,15.748015403747559,2.0349284568510484e-06,0.9999979650715431
survset:support2,Weibull_AFT,9,50,597,21.563858032226562,1,3.7416574954986572,0.9954487085342407,0.004551291465759277,7.4833149909973145,0.9799352884292603,0.020064711570739746,15.748015403747559,0.9044018983840942,0.09559810161590576
survset:support2,Weibull_AFT,9,50,8202,35.1710090637207,1,3.7416574954986572,0.99488765001297,0.005112349987030029,7.4833149909973145,0.9774835109710693,0.022516489028930664,15.748015403747559,0.8932397365570068,0.10676026344299316
survset:support2,Weibull_AFT,9,50,6905,31.17691421508789,0,3.7416574954986572,0.9958873391151428,0.004112660884857178,7.4833149909973145,0.9818552136421204,0.01814478635787964,15.748015403747559,0.9132202863693237,0.08677971363067627
survset:support2,Weibull_AFT,9,50,3715,41.71330642700195,0,3.7416574954986572,0.9963714480400085,0.003628551959991455,7.4833149909973145,0.9839776754379272,0.016022324562072754,15.748015403747559,0.923048734664917,0.07695126533508301
survset:support2,Weibull_AFT,9,50,6335,14.764822959899902,1,3.7416574954986572,0.9883614778518677,0.011638522148132324,7.4833149909973145,0.9493131041526794,0.05068689584732056,15.748015403747559,0.7726955413818359,0.22730445861816406
survset:support2,Weibull_AFT,9,50,2249,2.6457512378692627,1,3.7416574954986572,0.6877309083938599,0.31226909160614014,7.4833149909973145,0.1894979178905487,0.8105020821094513,15.748015403747559,0.0002622741158120334,0.999737725884188
survset:support2,Weibull_AFT,9,50,5102,5.291502475738525,1,3.7416574954986572,0.6448303461074829,0.3551696538925171,7.4833149909973145,0.14233514666557312,0.8576648533344269,15.748015403747559,6.347195449052379e-05,0.9999365280455095
survset:support2,Weibull_AFT,9,50,799,26.153392791748047,1,3.7416574954986572,0.9921433329582214,0.007856667041778564,7.4833149909973145,0.9655597805976868,0.03444021940231323,15.748015403747559,0.8405110239982605,0.1594889760017395
survset:support2,Weibull_AFT,9,50,804,2.0,1,3.7416574954986572,0.2949399948120117,0.7050600051879883,7.4833149909973145,0.004404292441904545,0.9955957075580955,15.748015403747559,9.99999993922529e-09,0.9999999900000001
survset:support2,Weibull_AFT,9,50,5623,21.02379608154297,0,3.7416574954986572,0.9980001449584961,0.0019998550415039062,7.4833149909973145,0.9911447167396545,0.008855283260345459,15.748015403747559,0.9568629264831543,0.0431370735168457
survset:support2,Weibull_AFT,9,50,7321,2.4494898319244385,1,3.7416574954986572,0.49815115332603455,0.5018488466739655,7.4833149909973145,0.04521573334932327,0.9547842666506767,15.748015403747559,2.156039187184433e-07,0.9999997843960813
survset:support2,Weibull_AFT,9,50,3052,6.855654716491699,1,3.7416574954986572,0.3659919798374176,0.6340080201625824,7.4833149909973145,0.011491592042148113,0.9885084079578519,15.748015403747559,9.99999993922529e-09,0.9999999900000001
survset:support2,Weibull_AFT,9,50,6695,3.1622776985168457,1,3.7416574954986572,0.8128042221069336,0.1871957778930664,7.4833149909973145,0.3981456756591797,0.6018543243408203,15.748015403747559,0.010404607281088829,0.9895953927189112
survset:support2,Weibull_AFT,9,50,5981,4.0,1,3.7416574954986572,0.3522033393383026,0.6477966606616974,7.4833149909973145,0.009688906371593475,0.9903110936284065,15.748015403747559,9.99999993922529e-09,0.9999999900000001
survset:support2,Weibull_AFT,9,50,1084,2.4494898319244385,1,3.7416574954986572,0.4975520670413971,0.5024479329586029,7.4833149909973145,0.04497462511062622,0.9550253748893738,15.748015403747559,2.0996422733787767e-07,0.9999997900357727
survset:support2,Weibull_AFT,9,50,6560,2.8284270763397217,1,3.7416574954986572,0.5949693322181702,0.40503066778182983,7.4833149909973145,0.09954406321048737,0.9004559367895126,15.748015403747559,1.0782136996567715e-05,0.9999892178630034
survset:support2,Weibull_AFT,9,50,153,6.4031243324279785,1,3.7416574954986572,0.7563344240188599,0.24366557598114014,7.4833149909973145,0.28912878036499023,0.7108712196350098,15.748015403747559,0.0021300199441611767,0.9978699800558388
survset:support2,Weibull_AFT,9,50,7797,31.032241821289062,1,3.7416574954986572,0.995414137840271,0.004585862159729004,7.4833149909973145,0.9797840118408203,0.020215988159179688,15.748015403747559,0.903709888458252,0.09629011154174805
survset:support2,Weibull_AFT,9,50,4064,16.552946090698242,1,3.7416574954986572,0.9875738620758057,0.012426137924194336,7.4833149909973145,0.9459563493728638,0.05404365062713623,15.748015403747559,0.7592452168464661,0.24075478315353394
survset:support2,Weibull_AFT,9,50,6751,3.316624879837036,1,3.7416574954986572,0.6205340623855591,0.3794659376144409,7.4833149909973145,0.12000485509634018,0.8799951449036598,15.748015403747559,2.7237561880610883e-05,0.9999727624381194
survset:support2,Weibull_AFT,9,50,8754,27.34958839416504,0,3.7416574954986572,0.9907661080360413,0.00923389196395874,7.4833149909973145,0.9596185088157654,0.04038149118423462,15.748015403747559,0.8151822686195374,0.18481773138046265
survset:support2,Weibull_AFT,9,50,8777,2.6457512378692627,1,3.7416574954986572,0.45659616589546204,0.543403834104538,7.4833149909973145,0.030704718083143234,0.9692952819168568,15.748015403747559,3.1650834841912e-08,0.9999999683491652
survset:support2,Weibull_AFT,9,50,2856,1.7320507764816284,1,3.7416574954986572,0.7648919820785522,0.23510801792144775,7.4833149909973145,0.3039500117301941,0.6960499882698059,15.748015403747559,0.0027290675789117813,0.9972709324210882
survset:support2,Weibull_AFT,9,50,6387,4.0,1,3.7416574954986572,0.5815351009368896,0.41846489906311035,7.4833149909973145,0.08993816375732422,0.9100618362426758,15.748015403747559,6.5196309151360765e-06,0.9999934803690849
survset:support2,Weibull_AFT,9,50,2962,25.337718963623047,0,3.7416574954986572,0.995387077331543,0.004612922668457031,7.4833149909973145,0.9796656966209412,0.020334303379058838,15.748015403747559,0.9031690955162048,0.09683090448379517
survset:support2,Weibull_AFT,9,50,481,2.4494898319244385,1,3.7416574954986572,0.40806540846824646,0.5919345915317535,7.4833149909973145,0.018636390566825867,0.9813636094331741,15.748015403747559,9.99999993922529e-09,0.9999999900000001
survset:support2,Weibull_AFT,9,50,5232,13.490737915039062,1,3.7416574954986572,0.9910163283348083,0.00898367166519165,7.4833149909973145,0.9606959819793701,0.03930401802062988,15.748015403747559,0.8197298049926758,0.18027019500732422
survset:support2,Weibull_AFT,9,50,2463,2.0,1,3.7416574954986572,0.4469854533672333,0.5530145466327667,7.4833149909973145,0.02793535590171814,0.9720646440982819,15.748015403747559,1.9809665019465683e-08,0.999999980190335
survset:support2,Weibull_AFT,9,50,6145,20.2237491607666,1,3.7416574954986572,0.9944261312484741,0.005573868751525879,7.4833149909973145,0.975470244884491,0.024529755115509033,15.748015403747559,0.8841562867164612,0.11584371328353882
survset:support2,Weibull_AFT,9,50,4640,3.1622776985168457,1,3.7416574954986572,0.4420762360095978,0.5579237639904022,7.4833149909973145,0.026597650721669197,0.9734023492783308,15.748015403747559,1.5532059194356407e-08,0.9999999844679408
survset:support2,Weibull_AFT,9,50,115,44.14748001098633,0,3.7416574954986572,0.9936020970344543,0.006397902965545654,7.4833149909973145,0.9718837738037109,0.028116226196289062,15.748015403747559,0.8681575655937195,0.13184243440628052
survset:support2,Weibull_AFT,9,50,4666,2.2360680103302,1,3.7416574954986572,0.37324199080467224,0.6267580091953278,7.4833149909973145,0.012538114562630653,0.9874618854373693,15.748015403747559,9.99999993922529e-09,0.9999999900000001
survset:support2,Weibull_AFT,9,50,3332,43.53159713745117,1,3.7416574954986572,0.9916516542434692,0.008348345756530762,7.4833149909973145,0.9634355306625366,0.03656446933746338,15.748015403747559,0.8313837647438049,0.16861623525619507
survset:support2,Weibull_AFT,9,50,1917,42.04759216308594,0,3.7416574954986572,0.9899924397468567,0.01000756025314331,7.4833149909973145,0.956293523311615,0.04370647668838501,15.748015403747559,0.8012752532958984,0.19872474670410156
survset:support2,Weibull_AFT,9,50,7117,1.7320507764816284,1,3.7416574954986572,0.5389071702957153,0.46109282970428467,7.4833149909973145,0.06412690877914429,0.9358730912208557,15.748015403747559,1.2188613709440688e-06,0.9999987811386291
survset:support2,Weibull_AFT,9,50,9016,6.78233003616333,1,3.7416574954986572,0.5282784700393677,0.4717215299606323,7.4833149909973145,0.058695003390312195,0.9413049966096878,15.748015403747559,7.859476909288787e-07,0.9999992140523091
survset:support2,Weibull_AFT,9,50,6368,10.198039054870605,1,3.7416574954986572,0.9851710796356201,0.014828920364379883,7.4833149909973145,0.9357728958129883,0.06422710418701172,15.748015403747559,0.7195795774459839,0.2804204225540161
survset:support2,Weibull_AFT,9,50,6846,6.480740547180176,1,3.7416574954986572,0.5285500884056091,0.47144991159439087,7.4833149909973145,0.058829229325056076,0.9411707706749439,15.748015403747559,7.948985398797959e-07,0.9999992051014601
survset:support2,Weibull_AFT,9,50,2903,5.385164737701416,1,3.7416574954986572,0.43236207962036133,0.5676379203796387,7.4833149909973145,0.024097250774502754,0.9759027492254972,15.748015403747559,9.99999993922529e-09,0.9999999900000001
survset:support2,Weibull_AFT,9,50,2162,7.280109882354736,1,3.7416574954986572,0.5207290649414062,0.47927093505859375,7.4833149909973145,0.055058687925338745,0.9449413120746613,15.748015403747559,5.72399244447297e-07,0.9999994276007556
survset:support2,Weibull_AFT,9,50,983,3.0,1,3.7416574954986572,0.27433162927627563,0.7256683707237244,7.4833149909973145,0.003192273899912834,0.9968077261000872,15.748015403747559,9.99999993922529e-09,0.9999999900000001
survset:support2,Weibull_AFT,9,50,4036,2.0,1,3.7416574954986572,0.3485320508480072,0.6514679491519928,7.4833149909973145,0.009248139336705208,0.9907518606632948,15.748015403747559,9.99999993922529e-09,0.9999999900000001
survset:support2,Weibull_AFT,9,50,5454,22.737634658813477,0,3.7416574954986572,0.9909242987632751,0.009075701236724854,7.4833149909973145,0.9602996110916138,0.03970038890838623,15.748015403747559,0.8180544376373291,0.1819455623626709
survset:support2,Weibull_AFT,9,50,2982,5.385164737701416,1,3.7416574954986572,0.45716094970703125,0.5428390502929688,7.4833149909973145,0.03087383694946766,0.9691261630505323,15.748015403747559,3.252454305879837e-08,0.9999999674754569
survset:support2,Weibull_AFT,9,50,8255,2.2360680103302,1,3.7416574954986572,0.4517587721347809,0.5482412278652191,7.4833149909973145,0.029285453259944916,0.9707145467400551,15.748015403747559,2.5031901884631225e-08,0.9999999749680981
survset:support2,Weibull_AFT,9,50,1296,25.612497329711914,0,3.7416574954986572,0.9940177798271179,0.00598222017288208,7.4833149909973145,0.9736917018890381,0.026308298110961914,15.748015403747559,0.8761932253837585,0.12380677461624146
survset:support2,Weibull_AFT,9,50,5605,3.872983455657959,1,3.7416574954986572,0.3418522775173187,0.6581477224826813,7.4833149909973145,0.008486175909638405,0.9915138240903616,15.748015403747559,9.99999993922529e-09,0.9999999900000001
survset:support2,Weibull_AFT,9,50,8483,32.31098937988281,0,3.7416574954986572,0.994226336479187,0.005773663520812988,7.4833149909973145,0.9745997786521912,0.025400221347808838,15.748015403747559,0.8802518844604492,0.11974811553955078
survset:support2,Weibull_AFT,9,50,2361,3.316624879837036,1,3.7416574954986572,0.5680562257766724,0.43194377422332764,7.4833149909973145,0.08103839308023453,0.9189616069197655,15.748015403747559,3.889397248713067e-06,0.9999961106027513
survset:support2,Weibull_AFT,9,50,7415,13.82027530670166,1,3.7416574954986572,0.994997501373291,0.005002498626708984,7.4833149909973145,0.9779630899429321,0.02203691005706787,15.748015403747559,0.8954141736030579,0.10458582639694214
survset:support2,Weibull_AFT,9,50,1785,11.045360565185547,1,3.7416574954986572,0.9852035641670227,0.014796435832977295,7.4833149909973145,0.9359099268913269,0.0640900731086731,15.748015403747559,0.7201021909713745,0.2798978090286255
survset:support2,Weibull_AFT,9,50,5425,23.043437957763672,0,3.7416574954986572,0.9930447340011597,0.006955265998840332,7.4833149909973145,0.9694637656211853,0.030536234378814697,15.748015403747559,0.8574935793876648,0.1425064206123352
survset:support2,Weibull_AFT,9,50,11,3.605551242828369,1,3.7416574954986572,0.47375890612602234,0.5262410938739777,7.4833149909973145,0.036175068467855453,0.9638249315321445,15.748015403747559,7.134724455681862e-08,0.9999999286527554
survset:support2,Weibull_AFT,9,50,1494,3.605551242828369,1,3.7416574954986572,0.6473097801208496,0.3526902198791504,7.4833149909973145,0.14478304982185364,0.8552169501781464,15.748015403747559,6.907081842655316e-05,0.9999309291815734
survset:support2,Weibull_AFT,9,50,5204,24.93992805480957,0,3.7416574954986572,0.9945776462554932,0.005422353744506836,7.4833149909973145,0.9761308431625366,0.02386915683746338,15.748015403747559,0.887128472328186,0.11287152767181396
survset:support2,Weibull_AFT,9,50,1184,3.0,1,3.7416574954986572,0.5557823777198792,0.44421762228012085,7.4833149909973145,0.07354267686605453,0.9264573231339455,15.748015403747559,2.4039120489760535e-06,0.999997596087951
survset:support2,Weibull_AFT,9,50,8106,25.806976318359375,1,3.7416574954986572,0.9868559241294861,0.013144075870513916,7.4833149909973145,0.9429047107696533,0.05709528923034668,15.748015403747559,0.7471801042556763,0.25281989574432373
survset:support2,Weibull_AFT,9,50,3779,40.97560119628906,0,3.7416574954986572,0.9915450215339661,0.008454978466033936,7.4833149909973145,0.962975263595581,0.037024736404418945,15.748015403747559,0.8294166326522827,0.17058336734771729
survset:support2,Weibull_AFT,9,50,1360,24.20743751525879,0,3.7416574954986572,0.9802758097648621,0.01972419023513794,7.4833149909973145,0.915288507938385,0.08471149206161499,15.748015403747559,0.64480060338974,0.35519939661026
survset:support2,Weibull_AFT,9,50,1898,5.291502475738525,1,3.7416574954986572,0.2536211907863617,0.7463788092136383,7.4833149909973145,0.002252303995192051,0.997747696004808,15.748015403747559,9.99999993922529e-09,0.9999999900000001
survset:support2,Weibull_AFT,9,50,3583,17.804492950439453,1,3.7416574954986572,0.9913950562477112,0.008604943752288818,7.4833149909973145,0.9623283743858337,0.03767162561416626,15.748015403747559,0.8266580700874329,0.17334192991256714
survset:support2,Weibull_AFT,9,50,1608,4.242640495300293,1,3.7416574954986572,0.27470460534095764,0.7252953946590424,7.4833149909973145,0.0032116039656102657,0.9967883960343897,15.748015403747559,9.99999993922529e-09,0.9999999900000001
survset:support2,Weibull_AFT,9,50,121,7.6157732009887695,1,3.7416574954986572,0.5888586044311523,0.41114139556884766,7.4833149909973145,0.09508100152015686,0.9049189984798431,15.748015403747559,8.589033313910477e-06,0.9999914109666861
survset:support2,Weibull_AFT,9,50,5065,26.191600799560547,0,3.7416574954986572,0.997025728225708,0.002974271774291992,7.4833149909973145,0.9868519902229309,0.013148009777069092,15.748015403747559,0.9364931583404541,0.0635068416595459
survset:support2,Weibull_AFT,9,50,509,5.0,1,3.7416574954986572,0.6463979482650757,0.3536020517349243,7.4833149909973145,0.14387904107570648,0.8561209589242935,15.748015403747559,6.695905904052779e-05,0.9999330409409595
survset:support2,Weibull_AFT,9,50,508,14.21267032623291,1,3.7416574954986572,0.9896206855773926,0.010379314422607422,7.4833149909973145,0.9546990394592285,0.045300960540771484,15.748015403747559,0.7946739196777344,0.20532608032226562
survset:support2,Weibull_AFT,9,50,8497,32.15586853027344,0,3.7416574954986572,0.9784375429153442,0.02156245708465576,7.4833149909973145,0.9076866507530212,0.09231334924697876,15.748015403747559,0.6186846494674683,0.38131535053253174
survset:support2,Weibull_AFT,9,50,1456,4.898979663848877,1,3.7416574954986572,0.51759272813797,0.48240727186203003,7.4833149909973145,0.05360042303800583,0.9463995769619942,15.748015403747559,5.010795689486258e-07,0.999999498920431
survset:support2,Weibull_AFT,9,50,3848,3.0,1,3.7416574954986572,0.24541600048542023,0.7545839995145798,7.4833149909973145,0.001946100266650319,0.9980538997333497,15.748015403747559,9.99999993922529e-09,0.9999999900000001
survset:support2,Weibull_AFT,9,50,2179,9.165151596069336,1,3.7416574954986572,0.9863538146018982,0.013646185398101807,7.4833149909973145,0.9407748579978943,0.05922514200210571,15.748015403747559,0.7388504147529602,0.2611495852470398
survset:support2,Weibull_AFT,9,50,3024,23.874671936035156,0,3.7416574954986572,0.9931259751319885,0.006874024868011475,7.4833149909973145,0.969816267490387,0.030183732509613037,15.748015403747559,0.8590404987335205,0.1409595012664795
survset:support2,Weibull_AFT,9,50,8533,31.63858413696289,0,3.7416574954986572,0.9951382279396057,0.004861772060394287,7.4833149909973145,0.9785779118537903,0.021422088146209717,15.748015403747559,0.8982084393501282,0.10179156064987183
survset:support2,Weibull_AFT,9,50,2219,38.49675369262695,0,3.7416574954986572,0.9968250393867493,0.0031749606132507324,7.4833149909973145,0.9859696626663208,0.0140303373336792,15.748015403747559,0.9323498010635376,0.0676501989364624
survset:support2,Weibull_AFT,9,50,463,24.06241798400879,1,3.7416574954986572,0.9810853004455566,0.01891469955444336,7.4833149909973145,0.9186516404151917,0.08134835958480835,15.748015403747559,0.6566318869590759,0.3433681130409241
survset:support2,Weibull_AFT,9,50,7355,25.15949058532715,0,3.7416574954986572,0.9959984421730042,0.00400155782699585,7.4833149909973145,0.9823421239852905,0.017657876014709473,15.748015403747559,0.9154677987098694,0.08453220129013062
survset:support2,Weibull_AFT,9,50,4145,7.141428470611572,1,3.7416574954986572,0.49734845757484436,0.5026515424251556,7.4833149909973145,0.04489290341734886,0.9551070965826511,15.748015403747559,2.080796832615306e-07,0.9999997919203167
survset:support2,Weibull_AFT,9,50,4208,36.67424011230469,0,3.7416574954986572,0.9944905042648315,0.005509495735168457,7.4833149909973145,0.9757509827613831,0.024249017238616943,15.748015403747559,0.8854184150695801,0.11458158493041992
survset:support2,Weibull_AFT,9,50,0,45.0444221496582,0,3.7416574954986572,0.9807204008102417,0.0192795991897583,7.4833149909973145,0.9171344041824341,0.08286559581756592,15.748015403747559,0.6512730121612549,0.3487269878387451
survset:support2,Weibull_AFT,9,50,5618,14.0,1,3.7416574954986572,0.9930446147918701,0.006955385208129883,7.4833149909973145,0.9694631695747375,0.03053683042526245,15.748015403747559,0.8574910163879395,0.14250898361206055
survset:support2,Weibull_AFT,9,50,3127,14.142135620117188,1,3.7416574954986572,0.9845079779624939,0.015492022037506104,7.4833149909973145,0.9329776167869568,0.06702238321304321,15.748015403747559,0.7089862823486328,0.2910137176513672
survset:support2,Weibull_AFT,9,50,615,14.560219764709473,1,3.7416574954986572,0.9871637225151062,0.012836277484893799,7.4833149909973145,0.9442121982574463,0.05578780174255371,15.748015403747559,0.7523305416107178,0.24766945838928223
survset:support2,Weibull_AFT,9,50,1944,33.34666442871094,1,3.7416574954986572,0.9958812594413757,0.004118740558624268,7.4833149909973145,0.981828510761261,0.018171489238739014,15.748015403747559,0.9130972623825073,0.08690273761749268
survset:support2,Weibull_AFT,9,50,3189,19.899747848510742,0,3.7416574954986572,0.9897759556770325,0.01022404432296753,7.4833149909973145,0.9553647637367249,0.044635236263275146,15.748015403747559,0.7974249720573425,0.20257502794265747
survset:support2,Weibull_AFT,9,50,4552,1.7320507764816284,1,3.7416574954986572,0.022892655804753304,0.9771073441952467,7.4833149909973145,5.148304538238335e-08,0.9999999485169546,15.748015403747559,9.99999993922529e-09,0.9999999900000001
survset:support2,Weibull_AFT,9,50,3872,25.670995712280273,1,3.7416574954986572,0.9926530122756958,0.007346987724304199,7.4833149909973145,0.9677655696868896,0.03223443031311035,15.748015403747559,0.8500730991363525,0.14992690086364746
survset:support2,Weibull_AFT,9,50,1869,2.4494898319244385,1,3.7416574954986572,0.6113711595535278,0.38862884044647217,7.4833149909973145,0.11232908815145493,0.8876709118485451,15.748015403747559,1.9627117580967024e-05,0.999980372882419
survset:support2,Weibull_AFT,9,50,7980,34.98571014404297,1,3.7416574954986572,0.9885762333869934,0.011423766613006592,7.4833149909973145,0.9502298831939697,0.04977011680603027,15.748015403747559,0.7764021754264832,0.22359782457351685
survset:support2,Weibull_AFT,9,50,7066,27.386127471923828,1,3.7416574954986572,0.9940629601478577,0.005937039852142334,7.4833149909973145,0.9738884568214417,0.02611154317855835,15.748015403747559,0.8770713210105896,0.1229286789894104
survset:support2,Weibull_AFT,9,50,5856,8.66025447845459,1,3.7416574954986572,0.9901544451713562,0.009845554828643799,7.4833149909973145,0.9569889903068542,0.04301100969314575,15.748015403747559,0.8041684627532959,0.1958315372467041
survset:support2,Weibull_AFT,9,50,5831,13.190905570983887,1,3.7416574954986572,0.9958459138870239,0.004154086112976074,7.4833149909973145,0.9816737174987793,0.018326282501220703,15.748015403747559,0.9123837351799011,0.08761626482009888
survset:support2,Weibull_AFT,9,50,8959,5.916079998016357,1,3.7416574954986572,0.6068462133407593,0.3931537866592407,7.4833149909973145,0.10868179798126221,0.8913182020187378,15.748015403747559,1.6664389477227814e-05,0.9999833356105228
survset:support2,Weibull_AFT,9,50,4390,6.557438373565674,1,3.7416574954986572,0.17297573387622833,0.8270242661237717,7.4833149909973145,0.00041129335295408964,0.9995887066470459,15.748015403747559,9.99999993922529e-09,0.9999999900000001
survset:support2,Weibull_AFT,9,50,1019,10.14889144897461,1,3.7416574954986572,0.9870561361312866,0.012943863868713379,7.4833149909973145,0.943755030632019,0.05624496936798096,15.748015403747559,0.7505263090133667,0.2494736909866333
survset:support2,Weibull_AFT,9,50,2867,2.8284270763397217,1,3.7416574954986572,0.3864500820636749,0.6135499179363251,7.4833149909973145,0.014633181504905224,0.9853668184950948,15.748015403747559,9.99999993922529e-09,0.9999999900000001
survset:support2,Weibull_AFT,9,50,3588,9.591663360595703,1,3.7416574954986572,0.9966086745262146,0.0033913254737854004,7.4833149909973145,0.9850192070007324,0.014980792999267578,15.748015403747559,0.9279025197029114,0.07209748029708862
survset:support2,Weibull_AFT,9,50,6773,4.123105525970459,1,3.7416574954986572,0.2716000974178314,0.7283999025821686,7.4833149909973145,0.003053443506360054,0.99694655649364,15.748015403747559,9.99999993922529e-09,0.9999999900000001
survset:support2,Weibull_AFT,9,50,4669,29.78254508972168,0,3.7416574954986572,0.996082067489624,0.0039179325103759766,7.4833149909973145,0.9827085137367249,0.017291486263275146,15.748015403747559,0.9171617031097412,0.08283829689025879
survset:support2,Weibull_AFT,9,50,638,38.4837646484375,0,3.7416574954986572,0.9947956204414368,0.005204379558563232,7.4833149909973145,0.9770817756652832,0.022918224334716797,15.748015403747559,0.8914212584495544,0.10857874155044556
survset:support2,Weibull_AFT,9,50,7123,28.26658821105957,0,3.7416574954986572,0.9970524311065674,0.002947568893432617,7.4833149909973145,0.986969530582428,0.013030469417572021,15.748015403747559,0.9370463490486145,0.0629536509513855
survset:support2,Weibull_AFT,9,50,6230,5.196152210235596,1,3.7416574954986572,0.6109510660171509,0.3890489339828491,7.4833149909973145,0.11198652535676956,0.8880134746432304,15.748015403747559,1.9332175725139678e-05,0.9999806678242749
survset:support2,Weibull_AFT,9,50,7552,22.113344192504883,0,3.7416574954986572,0.9942039847373962,0.00579601526260376,7.4833149909973145,0.9745025634765625,0.0254974365234375,15.748015403747559,0.879816472530365,0.12018352746963501
survset:support2,Weibull_AFT,9,50,7845,21.1660099029541,1,3.7416574954986572,0.9878003597259521,0.012199640274047852,7.4833149909973145,0.9469208121299744,0.053079187870025635,15.748015403747559,0.7630904912948608,0.23690950870513916
survset:support2,Weibull_AFT,9,50,8090,40.804412841796875,0,3.7416574954986572,0.997613787651062,0.0023862123489379883,7.4833149909973145,0.98944091796875,0.01055908203125,15.748015403747559,0.9487362504005432,0.05126374959945679
survset:support2,Weibull_AFT,9,50,4033,21.725561141967773,1,3.7416574954986572,0.9905462265014648,0.009453773498535156,7.4833149909973145,0.9586727619171143,0.04132723808288574,15.748015403747559,0.8112070560455322,0.18879294395446777
survset:support2,Weibull_AFT,9,50,2371,36.728736877441406,0,3.7416574954986572,0.9929023385047913,0.00709766149520874,7.4833149909973145,0.9688462018966675,0.03115379810333252,15.748015403747559,0.8547889590263367,0.14521104097366333
survset:support2,Weibull_AFT,9,50,697,37.74917221069336,0,3.7416574954986572,0.9948091506958008,0.005190849304199219,7.4833149909973145,0.9771408438682556,0.022859156131744385,15.748015403747559,0.891688346862793,0.10831165313720703
survset:support2,Weibull_AFT,9,50,4753,3.0,1,3.7416574954986572,0.4629948139190674,0.5370051860809326,7.4833149909973145,0.03266328200697899,0.967336717993021,15.748015403747559,4.300472511431508e-08,0.9999999569952749
survset:support2,Weibull_AFT,9,50,2332,32.0,1,3.7416574954986572,0.9909927248954773,0.009007275104522705,7.4833149909973145,0.960594117641449,0.039405882358551025,15.748015403747559,0.8192989230155945,0.18070107698440552
survset:support2,Weibull_AFT,9,50,2809,2.4494898319244385,1,3.7416574954986572,0.4549478590488434,0.5450521409511566,7.4833149909973145,0.03021525964140892,0.9697847403585911,15.748015403747559,2.9227267717146788e-08,0.9999999707727323
survset:support2,Weibull_AFT,9,50,323,41.952354431152344,1,3.7416574954986572,0.9975308775901794,0.0024691224098205566,7.4833149909973145,0.9890756011009216,0.01092439889907837,15.748015403747559,0.947001039981842,0.05299896001815796
survset:support2,Weibull_AFT,9,50,1844,6.4031243324279785,1,3.7416574954986572,0.5334087610244751,0.4665912389755249,7.4833149909973145,0.06127040833234787,0.9387295916676521,15.748015403747559,9.724078608996933e-07,0.9999990275921391
survset:support2,Weibull_AFT,9,50,3116,1.7320507764816284,1,3.7416574954986572,0.29536134004592896,0.704638659954071,7.4833149909973145,0.004432317800819874,0.9955676821991801,15.748015403747559,9.99999993922529e-09,0.9999999900000001
survset:support2,Weibull_AFT,9,50,1431,22.69361114501953,1,3.7416574954986572,0.9943656921386719,0.005634307861328125,7.4833149909973145,0.9752068519592285,0.024793148040771484,15.748015403747559,0.8829731941223145,0.11702680587768555
survset:support2,Weibull_AFT,9,50,7711,2.4494898319244385,1,3.7416574954986572,0.5144651532173157,0.4855348467826843,7.4833149909973145,0.052176203578710556,0.9478237964212894,15.748015403747559,4.384556859804434e-07,0.999999561544314
survset:support2,Weibull_AFT,9,50,4583,1.7320507764816284,1,3.7416574954986572,0.29311609268188477,0.7068839073181152,7.4833149909973145,0.004284555558115244,0.9957154444418848,15.748015403747559,9.99999993922529e-09,0.9999999900000001
survset:support2,Weibull_AFT,9,50,5786,18.84144401550293,0,3.7416574954986572,0.986120879650116,0.013879120349884033,7.4833149909973145,0.9397881627082825,0.06021183729171753,15.748015403747559,0.7350167036056519,0.26498329639434814
survset:support2,Weibull_AFT,9,50,8861,15.491933822631836,1,3.7416574954986572,0.9879677295684814,0.012032270431518555,7.4833149909973145,0.9476339221000671,0.05236607789993286,15.748015403747559,0.7659435868263245,0.23405641317367554
survset:support2,Weibull_AFT,9,50,2707,7.280109882354736,1,3.7416574954986572,0.7596341967582703,0.24036580324172974,7.4833149909973145,0.29477590322494507,0.7052240967750549,15.748015403747559,0.0023443887475878,0.9976556112524122
survset:support2,Weibull_AFT,9,50,36,24.556058883666992,1,3.7416574954986572,0.9949889183044434,0.005011081695556641,7.4833149909973145,0.9779257774353027,0.022074222564697266,15.748015403747559,0.895244836807251,0.10475516319274902
survset:support2,Weibull_AFT,9,50,3750,1.7320507764816284,1,3.7416574954986572,0.11326609551906586,0.8867339044809341,7.4833149909973145,6.267543358262628e-05,0.9999373245664174,15.748015403747559,9.99999993922529e-09,0.9999999900000001
survset:support2,Weibull_AFT,9,50,4802,2.0,1,3.7416574954986572,0.2650003731250763,0.7349996268749237,7.4833149909973145,0.002737287664785981,0.997262712335214,15.748015403747559,9.99999993922529e-09,0.9999999900000001
survset:support2,Weibull_AFT,9,50,8456,30.82206916809082,1,3.7416574954986572,0.9933614730834961,0.006638526916503906,7.4833149909973145,0.9708383679389954,0.02916163206100464,15.748015403747559,0.8635381460189819,0.13646185398101807
survset:support2,Weibull_AFT,9,50,7523,22.649503707885742,0,3.7416574954986572,0.9909270405769348,0.009072959423065186,7.4833149909973145,0.960311233997345,0.03968876600265503,15.748015403747559,0.8181036710739136,0.18189632892608643
survset:support2,Weibull_AFT,9,50,3876,39.54743957519531,1,3.7416574954986572,0.9918292760848999,0.008170723915100098,7.4833149909973145,0.9642025232315063,0.03579747676849365,15.748015403747559,0.8346700668334961,0.1653299331665039
survset:support2,Weibull_AFT,9,50,6509,11.704699516296387,1,3.7416574954986572,0.9785729646682739,0.021427035331726074,7.4833149909973145,0.9082448482513428,0.09175515174865723,15.748015403747559,0.6205729842185974,0.3794270157814026
survset:support2,Weibull_AFT,9,50,8091,26.038433074951172,1,3.7416574954986572,0.9907193183898926,0.009280681610107422,7.4833149909973145,0.9594172835350037,0.04058271646499634,15.748015403747559,0.8143350481987,0.18566495180130005
survset:support2,Weibull_AFT,9,50,3092,22.24859619140625,0,3.7416574954986572,0.9855542182922363,0.014445781707763672,7.4833149909973145,0.9373908042907715,0.06260919570922852,15.748015403747559,0.725768506526947,0.274231493473053
survset:support2,Weibull_AFT,9,50,6837,7.8102498054504395,1,3.7416574954986572,0.9705708622932434,0.029429137706756592,7.4833149909973145,0.8757060170173645,0.1242939829826355,15.748015403747559,0.5178977251052856,0.48210227489471436
survset:support2,Weibull_AFT,9,50,9054,4.795831680297852,1,3.7416574954986572,0.6067484617233276,0.39325153827667236,7.4833149909973145,0.10860402882099152,0.8913959711790085,15.748015403747559,1.6605354176135734e-05,0.9999833946458239
survset:support2,Weibull_AFT,9,50,5929,9.899495124816895,1,3.7416574954986572,0.9839034676551819,0.016096532344818115,7.4833149909973145,0.9304347038269043,0.0695652961730957,15.748015403747559,0.699458122253418,0.30054187774658203
survset:support2,Weibull_AFT,9,50,3007,24.351591110229492,0,3.7416574954986572,0.98883455991745,0.011165440082550049,7.4833149909973145,0.9513338208198547,0.048666179180145264,15.748015403747559,0.7808838486671448,0.21911615133285522
survset:support2,Weibull_AFT,9,50,8439,23.8117618560791,1,3.7416574954986572,0.9771309494972229,0.0228690505027771,7.4833149909973145,0.9023131728172302,0.09768682718276978,15.748015403747559,0.6007388234138489,0.3992611765861511
survset:support2,Weibull_AFT,9,50,5071,26.153392791748047,0,3.7416574954986572,0.9862530827522278,0.013746917247772217,7.4833149909973145,0.9403481483459473,0.059651851654052734,15.748015403747559,0.7371905446052551,0.2628094553947449
survset:support2,Weibull_AFT,9,50,2093,4.582575798034668,1,3.7416574954986572,0.7021598219871521,0.2978401780128479,7.4833149909973145,0.2078123837709427,0.7921876162290573,15.748015403747559,0.00041436756146140397,0.9995856324385386
survset:support2,Weibull_AFT,9,50,5699,20.248456954956055,0,3.7416574954986572,0.9902005791664124,0.009799420833587646,7.4833149909973145,0.9571871757507324,0.04281282424926758,15.748015403747559,0.8049942255020142,0.19500577449798584
survset:support2,Weibull_AFT,9,50,7586,21.51743507385254,0,3.7416574954986572,0.9786232113838196,0.02137678861618042,7.4833149909973145,0.9084520936012268,0.0915479063987732,15.748015403747559,0.6212753653526306,0.3787246346473694
survset:support2,Weibull_AFT,9,50,5627,7.280109882354736,1,3.7416574954986572,0.35015079379081726,0.6498492062091827,7.4833149909973145,0.009440524503588676,0.9905594754964113,15.748015403747559,9.99999993922529e-09,0.9999999900000001
survset:support2,Weibull_AFT,9,50,1134,2.6457512378692627,1,3.7416574954986572,0.2729681134223938,0.7270318865776062,7.4833149909973145,0.003122375113889575,0.9968776248861104,15.748015403747559,9.99999993922529e-09,0.9999999900000001
survset:support2,Weibull_AFT,9,50,7151,27.838821411132812,0,3.7416574954986572,0.9966709613800049,0.003329038619995117,7.4833149909973145,0.9852926731109619,0.014707326889038086,15.748015403747559,0.9291805028915405,0.07081949710845947
survset:support2,Weibull_AFT,9,50,2912,12.569805145263672,1,3.7416574954986572,0.9910600185394287,0.008939981460571289,7.4833149909973145,0.9608840942382812,0.03911590576171875,15.748015403747559,0.8205257058143616,0.17947429418563843
survset:support2,Weibull_AFT,9,50,5079,3.605551242828369,1,3.7416574954986572,0.529535710811615,0.470464289188385,7.4833149909973145,0.05931822210550308,0.9406817778944969,15.748015403747559,8.281967325274309e-07,0.9999991718032675
survset:support2,Weibull_AFT,9,50,7612,18.055469512939453,1,3.7416574954986572,0.9803413152694702,0.019658684730529785,7.4833149909973145,0.9155601263046265,0.08443987369537354,15.748015403747559,0.6457499265670776,0.35425007343292236
survset:support2,Weibull_AFT,9,50,58,2.0,1,3.7416574954986572,0.5332958102226257,0.46670418977737427,7.4833149909973145,0.06121275946497917,0.9387872405350208,15.748015403747559,9.678805099611054e-07,0.99999903211949
survset:support2,Weibull_AFT,9,50,6313,5.4772257804870605,1,3.7416574954986572,0.35301342606544495,0.646986573934555,7.4833149909973145,0.009788315743207932,0.9902116842567921,15.748015403747559,9.99999993922529e-09,0.9999999900000001
survset:support2,Weibull_AFT,9,50,9015,21.283796310424805,0,3.7416574954986572,0.9936527013778687,0.006347298622131348,7.4833149909973145,0.9721037745475769,0.027896225452423096,15.748015403747559,0.8691322803497314,0.13086771965026855
survset:support2,Weibull_AFT,9,50,7486,23.366641998291016,0,3.7416574954986572,0.994100034236908,0.005899965763092041,7.4833149909973145,0.9740496873855591,0.025950312614440918,15.748015403747559,0.8777915239334106,0.12220847606658936
survset:support2,Weibull_AFT,9,50,3921,39.57271957397461,0,3.7416574954986572,0.9944031238555908,0.00559687614440918,7.4833149909973145,0.9753700494766235,0.024629950523376465,15.748015403747559,0.8837060332298279,0.11629396677017212
survset:support2,Weibull_AFT,9,50,3214,6.324555397033691,1,3.7416574954986572,0.6455703377723694,0.3544296622276306,7.4833149909973145,0.1430623084306717,0.8569376915693283,15.748015403747559,6.509580271085724e-05,0.9999349041972891
survset:support2,Weibull_AFT,9,50,2801,27.964262008666992,0,3.7416574954986572,0.9949052929878235,0.005094707012176514,7.4833149909973145,0.9775604009628296,0.02243959903717041,15.748015403747559,0.893588125705719,0.106411874294281
survset:support2,Weibull_AFT,9,50,2362,10.392304420471191,1,3.7416574954986572,0.9826769232749939,0.017323076725006104,7.4833149909973145,0.9252921938896179,0.07470780611038208,15.748015403747559,0.680501401424408,0.31949859857559204
survset:support2,Weibull_AFT,9,50,2696,11.090536117553711,1,3.7416574954986572,0.9870895147323608,0.01291048526763916,7.4833149909973145,0.9438968300819397,0.0561031699180603,15.748015403747559,0.7510855197906494,0.24891448020935059
survset:support2,Weibull_AFT,9,50,2324,29.866369247436523,1,3.7416574954986572,0.9840264916419983,0.01597350835800171,7.4833149909973145,0.9309518337249756,0.06904816627502441,15.748015403747559,0.7013875842094421,0.29861241579055786
survset:support2,Weibull_AFT,9,50,2846,4.795831680297852,1,3.7416574954986572,0.5135408639907837,0.4864591360092163,7.4833149909973145,0.05176097899675369,0.9482390210032463,15.748015403747559,4.214278419567563e-07,0.999999578572158
survset:support2,Weibull_AFT,9,50,8827,4.4721360206604,1,3.7416574954986572,0.4383898079395294,0.5616101920604706,7.4833149909973145,0.025626201182603836,0.9743737988173962,15.748015403747559,1.2915801761437251e-08,0.9999999870841982
survset:support2,Weibull_AFT,9,50,3370,6.244997978210449,1,3.7416574954986572,0.3509465754032135,0.6490534245967865,7.4833149909973145,0.009536229074001312,0.9904637709259987,15.748015403747559,9.99999993922529e-09,0.9999999900000001
survset:support2,Weibull_AFT,9,50,3282,20.856653213500977,1,3.7416574954986572,0.9855661392211914,0.014433860778808594,7.4833149909973145,0.9374412894248962,0.06255871057510376,15.748015403747559,0.725962221622467,0.27403777837753296
survset:support2,Weibull_AFT,9,50,3437,43.817806243896484,0,3.7416574954986572,0.9966462850570679,0.003353714942932129,7.4833149909973145,0.9851843118667603,0.014815688133239746,15.748015403747559,0.9286739230155945,0.07132607698440552
survset:support2,Weibull_AFT,9,50,6455,7.874007701873779,1,3.7416574954986572,0.9855628609657288,0.01443713903427124,7.4833149909973145,0.9374275803565979,0.0625724196434021,15.748015403747559,0.7259095311164856,0.2740904688835144
survset:support2,Weibull_AFT,9,50,640,7.681145668029785,1,3.7416574954986572,0.6989831328392029,0.3010168671607971,7.4833149909973145,0.2036672830581665,0.7963327169418335,15.748015403747559,0.00037497933954000473,0.99962502066046
survset:support2,Weibull_AFT,9,50,2719,20.46949005126953,1,3.7416574954986572,0.9935381412506104,0.0064618587493896484,7.4833149909973145,0.9716057777404785,0.028394222259521484,15.748015403747559,0.8669271469116211,0.1330728530883789
survset:support2,Weibull_AFT,9,50,7627,20.904544830322266,0,3.7416574954986572,0.9936782121658325,0.0063217878341674805,7.4833149909973145,0.9722147583961487,0.02778524160385132,15.748015403747559,0.8696244359016418,0.13037556409835815
survset:support2,Weibull_AFT,9,50,5264,23.66431999206543,1,3.7416574954986572,0.9873664379119873,0.012633562088012695,7.4833149909973145,0.9450739026069641,0.05492609739303589,15.748015403747559,0.7557404637336731,0.2442595362663269
survset:support2,Weibull_AFT,9,50,7192,5.099019527435303,1,3.7416574954986572,0.39040711522102356,0.6095928847789764,7.4833149909973145,0.015310775488615036,0.984689224511385,15.748015403747559,9.99999993922529e-09,0.9999999900000001
survset:support2,Weibull_AFT,9,50,3247,9.219544410705566,1,3.7416574954986572,0.9956548810005188,0.004345118999481201,7.4833149909973145,0.9808374047279358,0.01916259527206421,15.748015403747559,0.9085368514060974,0.09146314859390259
survset:support2,Weibull_AFT,9,50,4436,31.764760971069336,0,3.7416574954986572,0.995185375213623,0.004814624786376953,7.4833149909973145,0.9787839651107788,0.02121603488922119,15.748015403747559,0.899146556854248,0.10085344314575195
survset:support2,Weibull_AFT,9,50,5161,18.788293838500977,1,3.7416574954986572,0.9953376650810242,0.00466233491897583,7.4833149909973145,0.979449450969696,0.020550549030303955,15.748015403747559,0.9021812677383423,0.09781873226165771
survset:support2,Weibull_AFT,9,50,1206,4.242640495300293,1,3.7416574954986572,0.5407478213310242,0.45925217866897583,7.4833149909973145,0.06510584056377411,0.9348941594362259,15.748015403747559,1.3139307384335552e-06,0.9999986860692616
survset:support2,Weibull_AFT,9,50,8147,40.04996871948242,0,3.7416574954986572,0.9952237606048584,0.0047762393951416016,7.4833149909973145,0.9789516925811768,0.021048307418823242,15.748015403747559,0.899910569190979,0.100089430809021
survset:support2,Weibull_AFT,9,50,8662,29.393877029418945,0,3.7416574954986572,0.9972061514854431,0.0027938485145568848,7.4833149909973145,0.98764568567276,0.01235431432723999,15.748015403747559,0.9402329921722412,0.05976700782775879
survset:support2,Weibull_AFT,9,50,2339,37.10795211791992,0,3.7416574954986572,0.9952762126922607,0.004723787307739258,7.4833149909973145,0.9791809916496277,0.020819008350372314,15.748015403747559,0.9009559750556946,0.09904402494430542
survset:support2,Weibull_AFT,9,50,5476,4.242640495300293,1,3.7416574954986572,0.4147380590438843,0.5852619409561157,7.4833149909973145,0.02002906985580921,0.9799709301441908,15.748015403747559,9.99999993922529e-09,0.9999999900000001
survset:support2,Weibull_AFT,9,50,8221,10.440306663513184,1,3.7416574954986572,0.9885098338127136,0.011490166187286377,7.4833149909973145,0.9499464631080627,0.050053536891937256,15.748015403747559,0.7752546072006226,0.22474539279937744
survset:support2,Weibull_AFT,9,50,5457,18.16590118408203,1,3.7416574954986572,0.994464099407196,0.005535900592803955,7.4833149909973145,0.975635826587677,0.024364173412322998,15.748015403747559,0.8849003911018372,0.11509960889816284
survset:support2,Weibull_AFT,9,50,2019,2.8284270763397217,1,3.7416574954986572,0.5101200938224792,0.48987990617752075,7.4833149909973145,0.0502464734017849,0.9497535265982151,15.748015403747559,3.637369445641525e-07,0.9999996362630554
survset:support2,Weibull_AFT,9,50,648,38.22303009033203,0,3.7416574954986572,0.9932043552398682,0.006795644760131836,7.4833149909973145,0.9701563715934753,0.029843628406524658,15.748015403747559,0.8605348467826843,0.13946515321731567
survset:support2,Weibull_AFT,9,50,2491,11.357816696166992,1,3.7416574954986572,0.987579882144928,0.012420117855072021,7.4833149909973145,0.9459820985794067,0.05401790142059326,15.748015403747559,0.7593474984169006,0.24065250158309937
survset:support2,Weibull_AFT,9,50,8629,10.440306663513184,1,3.7416574954986572,0.9865468740463257,0.013453125953674316,7.4833149909973145,0.9415934085845947,0.05840659141540527,15.748015403747559,0.7420428395271301,0.2579571604728699
survset:support2,Weibull_AFT,9,50,6523,4.795831680297852,1,3.7416574954986572,0.5077244639396667,0.49227553606033325,7.4833149909973145,0.0492064468562603,0.9507935531437397,15.748015403747559,3.2791109561003395e-07,0.9999996720889044
survset:support2,Weibull_AFT,9,50,7539,22.38302993774414,0,3.7416574954986572,0.988204300403595,0.01179569959640503,7.4833149909973145,0.9486424922943115,0.05135750770568848,15.748015403747559,0.7699933648109436,0.2300066351890564
survset:support2,Weibull_AFT,9,50,2615,30.5941162109375,0,3.7416574954986572,0.992590069770813,0.007409930229187012,7.4833149909973145,0.967492938041687,0.03250706195831299,15.748015403747559,0.8488865494728088,0.15111345052719116
survset:support2,Weibull_AFT,9,50,6373,40.024993896484375,0,3.7416574954986572,0.996975839138031,0.003024160861968994,7.4833149909973145,0.9866327047348022,0.013367295265197754,15.748015403747559,0.9354620575904846,0.06453794240951538
survset:support2,Weibull_AFT,9,50,4327,9.949873924255371,1,3.7416574954986572,0.9923596382141113,0.007640361785888672,7.4833149909973145,0.9664955735206604,0.0335044264793396,15.748015403747559,0.8445571660995483,0.15544283390045166
survset:support2,Weibull_AFT,9,50,5075,2.0,1,3.7416574954986572,0.15877440571784973,0.8412255942821503,7.4833149909973145,0.0002810869482345879,0.9997189130517654,15.748015403747559,9.99999993922529e-09,0.9999999900000001
survset:support2,Weibull_AFT,9,50,2176,39.0384407043457,0,3.7416574954986572,0.9922181963920593,0.007781803607940674,7.4833149909973145,0.9658836722373962,0.03411632776260376,15.748015403747559,0.841909646987915,0.15809035301208496
survset:support2,Weibull_AFT,9,50,4023,27.53179931640625,1,3.7416574954986572,0.9954065084457397,0.004593491554260254,7.4833149909973145,0.9797506332397461,0.020249366760253906,15.748015403747559,0.9035573601722717,0.09644263982772827
survset:support2,Weibull_AFT,9,50,727,2.0,1,3.7416574954986572,0.17618654668331146,0.8238134533166885,7.4833149909973145,0.0004463162913452834,0.9995536837086547,15.748015403747559,9.99999993922529e-09,0.9999999900000001
survset:support2,Weibull_AFT,9,50,6403,23.366641998291016,1,3.7416574954986572,0.9963937997817993,0.0036062002182006836,7.4833149909973145,0.9840758442878723,0.015924155712127686,15.748015403747559,0.9235054850578308,0.07649451494216919
survset:support2,Weibull_AFT,9,50,5662,15.033296585083008,1,3.7416574954986572,0.9951362013816833,0.00486379861831665,7.4833149909973145,0.978568971157074,0.021431028842926025,15.748015403747559,0.8981678485870361,0.10183215141296387
survset:support2,Weibull_AFT,9,50,5282,8.83176040649414,1,3.7416574954986572,0.9945389628410339,0.0054610371589660645,7.4833149909973145,0.975962221622467,0.02403777837753296,15.748015403747559,0.8863690495491028,0.11363095045089722
survset:support2,Weibull_AFT,9,50,6657,36.742347717285156,0,3.7416574954986572,0.9950039982795715,0.004996001720428467,7.4833149909973145,0.9779914021492004,0.02200859785079956,15.748015403747559,0.8955429792404175,0.10445702075958252
survset:support2,Weibull_AFT,9,50,7270,4.242640495300293,1,3.7416574954986572,0.6782456040382385,0.3217543959617615,7.4833149909973145,0.17815768718719482,0.8218423128128052,15.748015403747559,0.00019315071403980255,0.9998068492859602
survset:support2,Weibull_AFT,9,50,2408,36.12478256225586,0,3.7416574954986572,0.9762036204338074,0.023796379566192627,7.4833149909973145,0.8985145092010498,0.1014854907989502,15.748015403747559,0.5883052349090576,0.4116947650909424
survset:support2,Weibull_AFT,9,50,8312,4.690415859222412,1,3.7416574954986572,0.7570866942405701,0.24291330575942993,7.4833149909973145,0.29040876030921936,0.7095912396907806,15.748015403747559,0.0021771779283881187,0.9978228220716119
survset:support2,Weibull_AFT,9,50,1290,17.63519287109375,1,3.7416574954986572,0.9806175231933594,0.019382476806640625,7.4833149909973145,0.916706919670105,0.08329308032989502,15.748015403747559,0.6497697234153748,0.35023027658462524
survset:support2,Weibull_AFT,9,50,4932,27.513633728027344,0,3.7416574954986572,0.9958060383796692,0.0041939616203308105,7.4833149909973145,0.9814990758895874,0.018500924110412598,15.748015403747559,0.9115793704986572,0.08842062950134277
survset:support2,Weibull_AFT,9,50,3428,43.89760971069336,0,3.7416574954986572,0.9943472146987915,0.005652785301208496,7.4833149909973145,0.9751264452934265,0.024873554706573486,15.748015403747559,0.8826125264167786,0.11738747358322144
survset:support2,Weibull_AFT,9,50,7410,24.556058883666992,0,3.7416574954986572,0.9956950545310974,0.004304945468902588,7.4833149909973145,0.981013298034668,0.01898670196533203,15.748015403747559,0.9093449711799622,0.09065502882003784
survset:support2,Weibull_AFT,9,50,3868,16.733200073242188,1,3.7416574954986572,0.9945109486579895,0.005489051342010498,7.4833149909973145,0.9758399128913879,0.02416008710861206,15.748015403747559,0.8858185410499573,0.11418145895004272
survset:support2,Weibull_AFT,9,50,2148,6.928203105926514,1,3.7416574954986572,0.6236967444419861,0.3763032555580139,7.4833149909973145,0.12274644523859024,0.8772535547614098,15.748015403747559,3.046501660719514e-05,0.9999695349833928
survset:support2,Weibull_AFT,9,50,2674,29.698484420776367,0,3.7416574954986572,0.9958639740943909,0.004136025905609131,7.4833149909973145,0.981752872467041,0.018247127532958984,15.748015403747559,0.9127486348152161,0.08725136518478394
survset:support2,Weibull_AFT,9,50,1741,20.2237491607666,1,3.7416574954986572,0.9899560213088989,0.010043978691101074,7.4833149909973145,0.9561371207237244,0.043862879276275635,15.748015403747559,0.8006259799003601,0.1993740200996399
survset:support2,Weibull_AFT,9,50,886,3.316624879837036,1,3.7416574954986572,0.21760022640228271,0.7823997735977173,7.4833149909973145,0.0011403347598388791,0.9988596652401611,15.748015403747559,9.99999993922529e-09,0.9999999900000001
survset:support2,Weibull_AFT,9,50,7246,26.551836013793945,0,3.7416574954986572,0.9945107698440552,0.005489230155944824,7.4833149909973145,0.9758392572402954,0.02416074275970459,15.748015403747559,0.8858155608177185,0.1141844391822815
survset:support2,Weibull_AFT,9,50,4521,5.196152210235596,1,3.7416574954986572,0.6498845219612122,0.35011547803878784,7.4833149909973145,0.1473594456911087,0.8526405543088913,15.748015403747559,7.53824133425951e-05,0.9999246175866574
survset:support2,Weibull_AFT,9,50,6453,39.025630950927734,0,3.7416574954986572,0.9946811199188232,0.005318880081176758,7.4833149909973145,0.9765822887420654,0.02341771125793457,15.748015403747559,0.8891642093658447,0.11083579063415527
survset:support2,Weibull_AFT,9,50,5016,6.164413928985596,1,3.7416574954986572,0.4006817042827606,0.5993182957172394,7.4833149909973145,0.017184045165777206,0.9828159548342228,15.748015403747559,9.99999993922529e-09,0.9999999900000001
survset:support2,Weibull_AFT,9,50,2546,4.690415859222412,1,3.7416574954986572,0.5513517260551453,0.44864827394485474,7.4833149909973145,0.07097319513559341,0.9290268048644066,15.748015403747559,2.0153493096586317e-06,0.9999979846506903
survset:support2,Weibull_AFT,9,50,6637,36.95943832397461,0,3.7416574954986572,0.9913370013237,0.008662998676300049,7.4833149909973145,0.9620779752731323,0.037922024726867676,15.748015403747559,0.8255922198295593,0.17440778017044067
survset:support2,Weibull_AFT,9,50,8717,18.357559204101562,1,3.7416574954986572,0.9931083917617798,0.006891608238220215,7.4833149909973145,0.9697397947311401,0.030260205268859863,15.748015403747559,0.8587047457695007,0.14129525423049927
survset:support2,Weibull_AFT,9,50,7210,2.2360680103302,1,3.7416574954986572,0.5636293888092041,0.4363706111907959,7.4833149909973145,0.07826975733041763,0.9217302426695824,15.748015403747559,3.2737113997427514e-06,0.9999967262886003
survset:support2,Weibull_AFT,9,50,3994,19.02629852294922,1,3.7416574954986572,0.992035984992981,0.007964015007019043,7.4833149909973145,0.9650956988334656,0.034904301166534424,15.748015403747559,0.8385100960731506,0.16148990392684937
survset:support2,Weibull_AFT,9,50,3188,19.92485809326172,0,3.7416574954986572,0.9941328167915344,0.005867183208465576,7.4833149909973145,0.9741925001144409,0.025807499885559082,15.748015403747559,0.8784295916557312,0.1215704083442688
survset:support2,Weibull_AFT,9,50,3709,5.4772257804870605,1,3.7416574954986572,0.6974309086799622,0.30256909132003784,7.4833149909973145,0.20166538655757904,0.798334613442421,15.748015403747559,0.0003570592380128801,0.9996429407619871
survset:support2,Weibull_AFT,9,50,5995,3.7416574954986572,1,3.7416574954986572,0.2783043086528778,0.7216956913471222,7.4833149909973145,0.0034028617665171623,0.9965971382334828,15.748015403747559,9.99999993922529e-09,0.9999999900000001
survset:support2,Weibull_AFT,9,50,2224,26.570659637451172,1,3.7416574954986572,0.9946820139884949,0.005317986011505127,7.4833149909973145,0.9765860438346863,0.02341395616531372,15.748015403747559,0.8891814351081848,0.11081856489181519
survset:support2,Weibull_AFT,9,50,182,18.0,1,3.7416574954986572,0.9924540519714355,0.007545948028564453,7.4833149909973145,0.9669040441513062,0.03309595584869385,15.748015403747559,0.8463280200958252,0.1536719799041748
survset:support2,Weibull_AFT,9,50,1701,3.872983455657959,1,3.7416574954986572,0.406657338142395,0.593342661857605,7.4833149909973145,0.01835235208272934,0.9816476479172707,15.748015403747559,9.99999993922529e-09,0.9999999900000001
survset:support2,Weibull_AFT,9,50,5983,2.2360680103302,1,3.7416574954986572,0.28963348269462585,0.7103665173053741,7.4833149909973145,0.004062947817146778,0.9959370521828532,15.748015403747559,9.99999993922529e-09,0.9999999900000001
survset:support2,Weibull_AFT,9,50,2005,4.690415859222412,1,3.7416574954986572,0.7352960109710693,0.26470398902893066,7.4833149909973145,0.2550666332244873,0.7449333667755127,15.748015403747559,0.0011442244285717607,0.9988557755714282
survset:support2,Weibull_AFT,9,50,8973,12.884099006652832,1,3.7416574954986572,0.985246479511261,0.014753520488739014,7.4833149909973145,0.9360910654067993,0.06390893459320068,15.748015403747559,0.7207932472229004,0.2792067527770996
survset:support2,Weibull_AFT,9,50,51,12.727922439575195,1,3.7416574954986572,0.9946604371070862,0.005339562892913818,7.4833149909973145,0.9764918684959412,0.023508131504058838,15.748015403747559,0.8887563347816467,0.11124366521835327
survset:support2,Weibull_AFT,9,50,7022,3.316624879837036,1,3.7416574954986572,0.5852763056755066,0.4147236943244934,7.4833149909973145,0.09253767132759094,0.9074623286724091,15.748015403747559,7.508777343900874e-06,0.9999924912226561
survset:support2,Weibull_AFT,9,50,250,4.358899116516113,1,3.7416574954986572,0.5528299808502197,0.4471700191497803,7.4833149909973145,0.07182261347770691,0.9281773865222931,15.748015403747559,2.1377886696427595e-06,0.9999978622113304
survset:support2,Weibull_AFT,9,50,6564,8.602325439453125,1,3.7416574954986572,0.9922197461128235,0.007780253887176514,7.4833149909973145,0.9658903479576111,0.034109652042388916,15.748015403747559,0.8419384956359863,0.15806150436401367
survset:support2,Weibull_AFT,9,50,673,5.916079998016357,1,3.7416574954986572,0.6854367852210999,0.31456321477890015,7.4833149909973145,0.18670529127120972,0.8132947087287903,15.748015403747559,0.0002436636423226446,0.9997563363576774
survset:support2,Weibull_AFT,9,50,8586,12.922847747802734,1,3.7416574954986572,0.9833877086639404,0.01661229133605957,7.4833149909973145,0.9282694458961487,0.07173055410385132,15.748015403747559,0.6914258003234863,0.30857419967651367
survset:support2,Weibull_AFT,9,50,9096,18.867961883544922,0,3.7416574954986572,0.9884607195854187,0.011539280414581299,7.4833149909973145,0.9497368335723877,0.050263166427612305,15.748015403747559,0.7744069695472717,0.22559303045272827
survset:support2,Weibull_AFT,9,50,5119,2.6457512378692627,1,3.7416574954986572,0.14746303856372833,0.8525369614362717,7.4833149909973145,0.00020240596495568752,0.9997975940350443,15.748015403747559,9.99999993922529e-09,0.9999999900000001
survset:support2,Weibull_AFT,9,50,142,2.4494898319244385,1,3.7416574954986572,0.2670171558856964,0.7329828441143036,7.4833149909973145,0.0028310699854046106,0.9971689300145954,15.748015403747559,9.99999993922529e-09,0.9999999900000001
survset:support2,Weibull_AFT,9,50,4661,4.582575798034668,1,3.7416574954986572,0.6008179187774658,0.3991820812225342,7.4833149909973145,0.10396610200405121,0.8960338979959488,15.748015403747559,1.337468893325422e-05,0.9999866253110667
survset:support2,Weibull_AFT,9,50,2645,19.84943389892578,1,3.7416574954986572,0.9959254264831543,0.004074573516845703,7.4833149909973145,0.9820221662521362,0.01797783374786377,15.748015403747559,0.9139904379844666,0.08600956201553345
survset:support2,Weibull_AFT,9,50,3972,2.8284270763397217,1,3.7416574954986572,0.6633464694023132,0.33665353059768677,7.4833149909973145,0.16141432523727417,0.8385856747627258,15.748015403747559,0.00011841516970889643,0.9998815848302911
survset:support2,Weibull_AFT,9,50,5549,21.725561141967773,0,3.7416574954986572,0.9916716814041138,0.00832831859588623,7.4833149909973145,0.9635218977928162,0.03647810220718384,15.748015403747559,0.8317533135414124,0.16824668645858765
survset:support2,Weibull_AFT,9,50,300,12.806248664855957,1,3.7416574954986572,0.9849338531494141,0.015066146850585938,7.4833149909973145,0.9347720146179199,0.06522798538208008,15.748015403747559,0.7157722115516663,0.28422778844833374
survset:support2,Weibull_AFT,9,50,6798,7.4833149909973145,1,3.7416574954986572,0.42375221848487854,0.5762477815151215,7.4833149909973145,0.02203700877726078,0.9779629912227392,15.748015403747559,9.99999993922529e-09,0.9999999900000001
survset:support2,Weibull_AFT,9,50,1227,3.0,1,3.7416574954986572,0.37718522548675537,0.6228147745132446,7.4833149909973145,0.013137482106685638,0.9868625178933144,15.748015403747559,9.99999993922529e-09,0.9999999900000001
survset:support2,Weibull_AFT,9,50,3190,19.87460708618164,0,3.7416574954986572,0.995189368724823,0.004810631275177002,7.4833149909973145,0.9788013696670532,0.021198630332946777,15.748015403747559,0.8992257118225098,0.10077428817749023
survset:support2,Weibull_AFT,9,50,3194,19.773719787597656,0,3.7416574954986572,0.9947323799133301,0.005267620086669922,7.4833149909973145,0.9768058061599731,0.023194193840026855,15.748015403747559,0.890173614025116,0.10982638597488403
survset:support2,Weibull_AFT,9,50,1674,13.152946472167969,1,3.7416574954986572,0.9915384650230408,0.008461534976959229,7.4833149909973145,0.9629470109939575,0.03705298900604248,15.748015403747559,0.8292958736419678,0.17070412635803223
survset:support2,Weibull_AFT,9,50,7242,4.123105525970459,1,3.7416574954986572,0.6279049515724182,0.3720950484275818,7.4833149909973145,0.12646932899951935,0.8735306710004807,15.748015403747559,3.532894697855227e-05,0.9999646710530214
survset:support2,Weibull_AFT,9,50,8692,11.224971771240234,1,3.7416574954986572,0.9559491872787476,0.04405081272125244,7.4833149909973145,0.8185898065567017,0.18141019344329834,15.748015403747559,0.3707064688205719,0.6292935311794281
survset:support2,Weibull_AFT,9,50,4169,16.881942749023438,1,3.7416574954986572,0.9889600276947021,0.011039972305297852,7.4833149909973145,0.9518702030181885,0.04812979698181152,15.748015403747559,0.7830689549446106,0.2169310450553894
survset:support2,Weibull_AFT,9,50,139,2.4494898319244385,1,3.7416574954986572,0.835332453250885,0.164667546749115,7.4833149909973145,0.4495716691017151,0.5504283308982849,15.748015403747559,0.01900053583085537,0.9809994641691446
survset:support2,Weibull_AFT,9,50,1772,7.745966911315918,1,3.7416574954986572,0.9884832501411438,0.011516749858856201,7.4833149909973145,0.9498329758644104,0.0501670241355896,15.748015403747559,0.7747955918312073,0.22520440816879272
survset:support2,Weibull_AFT,9,50,5660,13.152946472167969,1,3.7416574954986572,0.9899289011955261,0.010071098804473877,7.4833149909973145,0.9560208916664124,0.043979108333587646,15.748015403747559,0.8001436591148376,0.19985634088516235
survset:support2,Weibull_AFT,9,50,8725,25.63201141357422,1,3.7416574954986572,0.9888293147087097,0.011170685291290283,7.4833149909973145,0.9513114094734192,0.04868859052658081,15.748015403747559,0.7807926535606384,0.21920734643936157
survset:support2,Weibull_AFT,9,50,5182,25.139610290527344,0,3.7416574954986572,0.9923325181007385,0.007667481899261475,7.4833149909973145,0.9663780927658081,0.033621907234191895,15.748015403747559,0.8440483212471008,0.15595167875289917
survset:support2,Weibull_AFT,9,50,602,38.87158203125,0,3.7416574954986572,0.9941502809524536,0.005849719047546387,7.4833149909973145,0.9742686152458191,0.025731384754180908,15.748015403747559,0.8787699937820435,0.12123000621795654
survset:support2,Weibull_AFT,9,50,2634,2.8284270763397217,1,3.7416574954986572,0.5450868606567383,0.4549131393432617,7.4833149909973145,0.0674593597650528,0.9325406402349472,15.748015403747559,1.5668513242417248e-06,0.9999984331486758
survset:support2,Weibull_AFT,9,50,7009,19.46792221069336,1,3.7416574954986572,0.9758248925209045,0.02417510747909546,7.4833149909973145,0.8969667553901672,0.10303324460983276,15.748015403747559,0.5832983255386353,0.41670167446136475
survset:support2,Weibull_AFT,9,50,4917,27.622453689575195,0,3.7416574954986572,0.9972953200340271,0.0027046799659729004,7.4833149909973145,0.9880382418632507,0.011961758136749268,15.748015403747559,0.9420871138572693,0.05791288614273071
survset:support2,Weibull_AFT,9,50,6428,39.293766021728516,0,3.7416574954986572,0.99272620677948,0.0072737932205200195,7.4833149909973145,0.9680827260017395,0.0319172739982605,15.748015403747559,0.85145503282547,0.14854496717453003
survset:support2,Weibull_AFT,9,50,3711,30.099834442138672,1,3.7416574954986572,0.9944324493408203,0.0055675506591796875,7.4833149909973145,0.9754979610443115,0.024502038955688477,15.748015403747559,0.8842806816101074,0.11571931838989258
survset:support2,Weibull_AFT,9,50,6841,22.38302993774414,1,3.7416574954986572,0.991173505783081,0.008826494216918945,7.4833149909973145,0.961372971534729,0.038627028465270996,15.748015403747559,0.8225974440574646,0.1774025559425354
survset:support2,Weibull_AFT,9,50,2820,27.712812423706055,0,3.7416574954986572,0.9850009679794312,0.014999032020568848,7.4833149909973145,0.9350550174713135,0.06494498252868652,15.748015403747559,0.7168470025062561,0.2831529974937439
survset:support2,Weibull_AFT,9,50,2345,21.725561141967773,1,3.7416574954986572,0.9787970185279846,0.02120298147201538,7.4833149909973145,0.9091691970825195,0.09083080291748047,15.748015403747559,0.6237103343009949,0.3762896656990051
survset:support2,Weibull_AFT,9,50,7847,3.316624879837036,1,3.7416574954986572,0.797685980796814,0.20231401920318604,7.4833149909973145,0.3662785589694977,0.6337214410305023,15.748015403747559,0.0068804114125669,0.9931195885874331
survset:support2,Weibull_AFT,9,50,1687,35.028560638427734,1,3.7416574954986572,0.9921698570251465,0.007830142974853516,7.4833149909973145,0.9656743407249451,0.03432565927505493,15.748015403747559,0.8410055637359619,0.15899443626403809
survset:support2,Weibull_AFT,9,50,3746,2.0,1,3.7416574954986572,0.042097900062799454,0.9579020999372005,7.4833149909973145,7.712558272032766e-07,0.9999992287441728,15.748015403747559,9.99999993922529e-09,0.9999999900000001
survset:support2,Weibull_AFT,9,50,3256,44.88875198364258,0,3.7416574954986572,0.9948193430900574,0.005180656909942627,7.4833149909973145,0.9771853089332581,0.022814691066741943,15.748015403747559,0.8918895125389099,0.10811048746109009
survset:support2,Weibull_AFT,9,50,5579,5.385164737701416,1,3.7416574954986572,0.6145456433296204,0.38545435667037964,7.4833149909973145,0.11494394391775131,0.8850560560822487,15.748015403747559,2.1998886950314045e-05,0.9999780011130497
survset:support2,Weibull_AFT,9,50,6681,14.764822959899902,1,3.7416574954986572,0.9906538128852844,0.009346187114715576,7.4833149909973145,0.9591354131698608,0.04086458683013916,15.748015403747559,0.8131496906280518,0.18685030937194824
survset:support2,Weibull_AFT,9,50,7190,27.40437889099121,0,3.7416574954986572,0.9929239153862,0.007076084613800049,7.4833149909973145,0.9689397215843201,0.03106027841567993,15.748015403747559,0.8551981449127197,0.14480185508728027
survset:support2,Weibull_AFT,9,50,1408,18.439088821411133,1,3.7416574954986572,0.9951648116111755,0.004835188388824463,7.4833149909973145,0.9786940217018127,0.021305978298187256,15.748015403747559,0.8987368941307068,0.10126310586929321
survset:support2,Weibull_AFT,9,50,1424,5.291502475738525,1,3.7416574954986572,0.6272174119949341,0.3727825880050659,7.4833149909973145,0.1258552074432373,0.8741447925567627,15.748015403747559,3.448662027949467e-05,0.9999655133797205
survset:support2,Weibull_AFT,9,50,7976,2.4494898319244385,1,3.7416574954986572,0.6048357486724854,0.39516425132751465,7.4833149909973145,0.1070910394191742,0.8929089605808258,15.748015403747559,1.5489715224248357e-05,0.9999845102847758
survset:support2,Weibull_AFT,9,50,5844,3.605551242828369,1,3.7416574954986572,0.7127244472503662,0.2872755527496338,7.4833149909973145,0.2220696210861206,0.7779303789138794,15.748015403747559,0.0005757692852057517,0.9994242307147942
survset:support2,Weibull_AFT,9,50,5665,20.542638778686523,0,3.7416574954986572,0.9906867146492004,0.00931328535079956,7.4833149909973145,0.9592769742012024,0.04072302579879761,15.748015403747559,0.8137449622154236,0.18625503778457642
survset:support2,Weibull_AFT,9,50,2040,3.7416574954986572,1,3.7416574954986572,0.392417848110199,0.607582151889801,7.4833149909973145,0.015664277598261833,0.9843357224017382,15.748015403747559,9.99999993922529e-09,0.9999999900000001
survset:support2,Weibull_AFT,9,50,5309,24.166091918945312,0,3.7416574954986572,0.9916608929634094,0.008339107036590576,7.4833149909973145,0.9634754061698914,0.03652459383010864,15.748015403747559,0.8315542936325073,0.16844570636749268
survset:support2,Weibull_AFT,9,50,7078,3.0,1,3.7416574954986572,0.7477458715438843,0.2522541284561157,7.4833149909973145,0.2748231589794159,0.7251768410205841,15.748015403747559,0.0016562702367082238,0.9983437297632918
survset:support2,Weibull_AFT,9,50,595,38.910152435302734,0,3.7416574954986572,0.991814374923706,0.008185625076293945,7.4833149909973145,0.9641380906105042,0.03586190938949585,15.748015403747559,0.8343935608863831,0.16560643911361694
survset:support2,Weibull_AFT,9,50,490,9.899495124816895,1,3.7416574954986572,0.9668076634407043,0.033192336559295654,7.4833149909973145,0.8607198596000671,0.13928014039993286,15.748015403747559,0.4754232168197632,0.5245767831802368
survset:support2,Weibull_AFT,9,50,3492,9.05538558959961,1,3.7416574954986572,0.9907030463218689,0.009296953678131104,7.4833149909973145,0.9593470692634583,0.04065293073654175,15.748015403747559,0.8140397667884827,0.18596023321151733
survset:support2,Weibull_AFT,9,50,5962,1.7320507764816284,1,3.7416574954986572,0.0708601102232933,0.9291398897767067,7.4833149909973145,7.798456863383763e-06,0.9999922015431366,15.748015403747559,9.99999993922529e-09,0.9999999900000001
survset:support2,Weibull_AFT,9,50,358,9.69536018371582,1,3.7416574954986572,0.9797182679176331,0.020281732082366943,7.4833149909973145,0.9129776954650879,0.08702230453491211,15.748015403747559,0.6367706060409546,0.3632293939590454
survset:support2,Weibull_AFT,9,50,6974,16.309507369995117,1,3.7416574954986572,0.994672954082489,0.005327045917510986,7.4833149909973145,0.9765465259552002,0.023453474044799805,15.748015403747559,0.889002799987793,0.11099720001220703
survset:support2,Weibull_AFT,9,50,5993,43.634849548339844,0,3.7416574954986572,0.9919047951698303,0.008095204830169678,7.4833149909973145,0.9645288586616516,0.03547114133834839,15.748015403747559,0.8360713720321655,0.16392862796783447
survset:support2,Weibull_AFT,9,50,7434,15.588457107543945,1,3.7416574954986572,0.9922909736633301,0.007709026336669922,7.4833149909973145,0.9661983251571655,0.03380167484283447,15.748015403747559,0.8432701230049133,0.15672987699508667
survset:support2,Weibull_AFT,9,50,8492,9.797959327697754,1,3.7416574954986572,0.9901289939880371,0.00987100601196289,7.4833149909973145,0.956879734992981,0.04312026500701904,15.748015403747559,0.8037133812904358,0.1962866187095642
survset:support2,Weibull_AFT,9,50,1916,7.937253952026367,1,3.7416574954986572,0.9888603091239929,0.01113969087600708,7.4833149909973145,0.9514439105987549,0.04855608940124512,15.748015403747559,0.7813320755958557,0.2186679244041443
survset:support2,Weibull_AFT,9,50,1451,21.610183715820312,1,3.7416574954986572,0.9884219169616699,0.011578083038330078,7.4833149909973145,0.9495712518692017,0.05042874813079834,15.748015403747559,0.7737378478050232,0.2262621521949768
survset:support2,Weibull_AFT,9,50,8630,29.94995880126953,0,3.7416574954986572,0.9938715100288391,0.006128489971160889,7.4833149909973145,0.9730553030967712,0.02694469690322876,15.748015403747559,0.873357892036438,0.126642107963562
survset:support2,Weibull_AFT,9,50,3044,23.473388671875,0,3.7416574954986572,0.993091881275177,0.006908118724822998,7.4833149909973145,0.9696682095527649,0.030331790447235107,15.748015403747559,0.8583903312683105,0.14160966873168945
survset:support2,Weibull_AFT,9,50,6296,2.2360680103302,1,3.7416574954986572,0.7164156436920166,0.2835843563079834,7.4833149909973145,0.22722558677196503,0.772774413228035,15.748015403747559,0.000645156018435955,0.999354843981564
survset:support2,Weibull_AFT,9,50,8210,36.878177642822266,1,3.7416574954986572,0.9952883720397949,0.004711627960205078,7.4833149909973145,0.9792340993881226,0.02076590061187744,15.748015403747559,0.9011983275413513,0.09880167245864868
survset:support2,Weibull_AFT,9,50,1965,41.569217681884766,0,3.7416574954986572,0.9952558279037476,0.004744172096252441,7.4833149909973145,0.9790918827056885,0.020908117294311523,15.748015403747559,0.9005497694015503,0.09945023059844971
survset:support2,Weibull_AFT,9,50,9037,5.196152210235596,1,3.7416574954986572,0.40955767035484314,0.5904423296451569,7.4833149909973145,0.0189411249011755,0.9810588750988245,15.748015403747559,9.99999993922529e-09,0.9999999900000001
survset:support2,Weibull_AFT,9,50,875,32.40370178222656,0,3.7416574954986572,0.9946552515029907,0.005344748497009277,7.4833149909973145,0.9764694571495056,0.023530542850494385,15.748015403747559,0.8886551260948181,0.11134487390518188
survset:support2,Weibull_AFT,9,50,1662,35.1710090637207,1,3.7416574954986572,0.9892033934593201,0.010796606540679932,7.4833149909973145,0.9529114961624146,0.04708850383758545,15.748015403747559,0.7873249053955078,0.2126750946044922
survset:support2,Weibull_AFT,9,50,2701,12.922847747802734,1,3.7416574954986572,0.9955977201461792,0.004402279853820801,7.4833149909973145,0.9805872440338135,0.019412755966186523,15.748015403747559,0.9073888063430786,0.09261119365692139
survset:support2,Weibull_AFT,9,50,6853,5.916079998016357,1,3.7416574954986572,0.7864618897438049,0.21353811025619507,7.4833149909973145,0.3439270257949829,0.6560729742050171,15.748015403747559,0.005035607144236565,0.9949643928557634
survset:support2,Weibull_AFT,9,50,3415,6.324555397033691,1,3.7416574954986572,0.5438694953918457,0.4561305046081543,7.4833149909973145,0.06679251790046692,0.9332074820995331,15.748015403747559,1.491554712629295e-06,0.9999985084452874
survset:support2,Weibull_AFT,9,50,1809,39.71146011352539,1,3.7416574954986572,0.9957313537597656,0.004268646240234375,7.4833149909973145,0.9811720252037048,0.018827974796295166,15.748015403747559,0.9100747108459473,0.08992528915405273
survset:support2,Weibull_AFT,9,50,5115,4.358899116516113,1,3.7416574954986572,0.43094295263290405,0.569057047367096,7.4833149909973145,0.023747792467474937,0.9762522075325251,15.748015403747559,9.99999993922529e-09,0.9999999900000001
survset:support2,Weibull_AFT,9,50,8719,2.0,1,3.7416574954986572,0.5256131291389465,0.47438687086105347,7.4833149909973145,0.05739058554172516,0.9426094144582748,15.748015403747559,7.030830033727398e-07,0.9999992969169966
survset:support2,Weibull_AFT,9,50,1161,3.316624879837036,1,3.7416574954986572,0.46700239181518555,0.5329976081848145,7.4833149909973145,0.03393836319446564,0.9660616368055344,15.748015403747559,5.199529695687488e-08,0.999999948004703
survset:support2,Weibull_AFT,9,50,3207,10.770329475402832,1,3.7416574954986572,0.9918266534805298,0.008173346519470215,7.4833149909973145,0.964191198348999,0.03580880165100098,15.748015403747559,0.8346214294433594,0.16537857055664062
survset:support2,Weibull_AFT,9,50,2700,22.956480026245117,1,3.7416574954986572,0.9921673536300659,0.007832646369934082,7.4833149909973145,0.965663731098175,0.03433626890182495,15.748015403747559,0.8409596085548401,0.1590403914451599
survset:support2,Weibull_AFT,9,50,6299,4.4721360206604,1,3.7416574954986572,0.2702735960483551,0.7297264039516449,7.4833149909973145,0.0029877345077693462,0.9970122654922307,15.748015403747559,9.99999993922529e-09,0.9999999900000001
survset:support2,Weibull_AFT,9,50,4421,2.8284270763397217,1,3.7416574954986572,0.40644901990890503,0.593550980091095,7.4833149909973145,0.01831061579287052,0.9816893842071295,15.748015403747559,9.99999993922529e-09,0.9999999900000001
survset:support2,Weibull_AFT,9,50,7692,19.899747848510742,0,3.7416574954986572,0.9968042373657227,0.0031957626342773438,7.4833149909973145,0.9858781099319458,0.0141218900680542,15.748015403747559,0.93192058801651,0.06807941198348999
survset:support2,Weibull_AFT,9,50,2554,26.153392791748047,1,3.7416574954986572,0.9962363839149475,0.0037636160850524902,7.4833149909973145,0.9833852052688599,0.016614794731140137,15.748015403747559,0.9202969074249268,0.07970309257507324
survset:support2,Weibull_AFT,9,50,580,39.268306732177734,0,3.7416574954986572,0.9931325912475586,0.006867408752441406,7.4833149909973145,0.9698447585105896,0.0301552414894104,15.748015403747559,0.8591656684875488,0.14083433151245117
survset:support2,Weibull_AFT,9,50,7463,22.135944366455078,1,3.7416574954986572,0.9951016902923584,0.0048983097076416016,7.4833149909973145,0.9784182906150818,0.021581709384918213,15.748015403747559,0.8974824547767639,0.10251754522323608
survset:support2,Weibull_AFT,9,50,2587,11.832159996032715,1,3.7416574954986572,0.9900125861167908,0.009987413883209229,7.4833149909973145,0.9563799500465393,0.04362004995346069,15.748015403747559,0.8016343712806702,0.19836562871932983
survset:support2,Weibull_AFT,9,50,4396,32.07802963256836,0,3.7416574954986572,0.9935609698295593,0.006439030170440674,7.4833149909973145,0.9717051982879639,0.028294801712036133,15.748015403747559,0.8673670291900635,0.13263297080993652
survset:support2,Weibull_AFT,9,50,4405,14.560219764709473,1,3.7416574954986572,0.9920534491539001,0.007946550846099854,7.4833149909973145,0.9651711583137512,0.03482884168624878,15.748015403747559,0.8388353586196899,0.16116464138031006
survset:support2,Weibull_AFT,9,50,1190,2.6457512378692627,1,3.7416574954986572,0.2292487919330597,0.7707512080669403,7.4833149909973145,0.0014376812614500523,0.99856231873855,15.748015403747559,9.99999993922529e-09,0.9999999900000001
survset:support2,Weibull_AFT,9,50,5005,26.758176803588867,0,3.7416574954986572,0.987169623374939,0.012830376625061035,7.4833149909973145,0.9442371726036072,0.05576282739639282,15.748015403747559,0.7524291276931763,0.24757087230682373
survset:support2,Weibull_AFT,9,50,4358,25.219039916992188,1,3.7416574954986572,0.9953153729438782,0.004684627056121826,7.4833149909973145,0.9793521165847778,0.020647883415222168,15.748015403747559,0.901736855506897,0.09826314449310303
survset:support2,Weibull_AFT,9,50,6704,25.84569549560547,1,3.7416574954986572,0.9922254085540771,0.0077745914459228516,7.4833149909973145,0.965914785861969,0.034085214138031006,15.748015403747559,0.8420441150665283,0.15795588493347168
survset:support2,Weibull_AFT,9,50,4082,13.928388595581055,1,3.7416574954986572,0.9907809495925903,0.009219050407409668,7.4833149909973145,0.9596823453903198,0.040317654609680176,15.748015403747559,0.8154510259628296,0.1845489740371704
survset:support2,Weibull_AFT,9,50,2813,1.7320507764816284,1,3.7416574954986572,0.18169808387756348,0.8183019161224365,7.4833149909973145,0.0005117799155414104,0.9994882200844586,15.748015403747559,9.99999993922529e-09,0.9999999900000001
survset:support2,Weibull_AFT,9,50,2878,26.570659637451172,0,3.7416574954986572,0.9957104921340942,0.004289507865905762,7.4833149909973145,0.9810808300971985,0.018919169902801514,15.748015403747559,0.9096554517745972,0.09034454822540283
survset:support2,Weibull_AFT,9,50,1441,22.338308334350586,1,3.7416574954986572,0.9900992512702942,0.00990074872970581,7.4833149909973145,0.9567520618438721,0.04324793815612793,15.748015403747559,0.8031818866729736,0.19681811332702637
survset:support2,Weibull_AFT,9,50,3542,2.6457512378692627,1,3.7416574954986572,0.16694854199886322,0.8330514580011368,7.4833149909973145,0.0003513288393151015,0.9996486711606849,15.748015403747559,9.99999993922529e-09,0.9999999900000001
survset:support2,Weibull_AFT,9,50,7146,27.92848014831543,0,3.7416574954986572,0.9825643301010132,0.017435669898986816,7.4833149909973145,0.9248210191726685,0.07517898082733154,15.748015403747559,0.6787853240966797,0.3212146759033203
survset:support2,Weibull_AFT,9,50,6829,9.32737922668457,1,3.7416574954986572,0.9836760759353638,0.01632392406463623,7.4833149909973145,0.9294795393943787,0.07052046060562134,15.748015403747559,0.6959057450294495,0.30409425497055054
survset:support2,Weibull_AFT,9,50,1768,19.72308349609375,1,3.7416574954986572,0.9908900856971741,0.009109914302825928,7.4833149909973145,0.960152268409729,0.039847731590270996,15.748015403747559,0.8174324631690979,0.1825675368309021
survset:support2,Weibull_AFT,9,50,7366,13.379088401794434,1,3.7416574954986572,0.9460572600364685,0.053942739963531494,7.4833149909973145,0.7816174030303955,0.2183825969696045,15.748015403747559,0.29479730129241943,0.7052026987075806
survset:support2,Weibull_AFT,9,50,1661,8.306623458862305,1,3.7416574954986572,0.9903644919395447,0.009635508060455322,7.4833149909973145,0.9578913450241089,0.04210865497589111,15.748015403747559,0.8079345226287842,0.19206547737121582
survset:support2,Weibull_AFT,9,50,3589,36.08323669433594,1,3.7416574954986572,0.9948099851608276,0.005190014839172363,7.4833149909973145,0.9771444201469421,0.02285557985305786,15.748015403747559,0.8917045593261719,0.10829544067382812
survset:support2,Weibull_AFT,9,50,3722,2.4494898319244385,1,3.7416574954986572,0.30358514189720154,0.6964148581027985,7.4833149909973145,0.005007549654692411,0.9949924503453076,15.748015403747559,9.99999993922529e-09,0.9999999900000001
survset:support2,Weibull_AFT,9,50,2744,2.0,1,3.7416574954986572,0.5281006097793579,0.4718993902206421,7.4833149909973145,0.058607250452041626,0.9413927495479584,15.748015403747559,7.801397714501945e-07,0.9999992198602285
survset:support2,Weibull_AFT,9,50,6556,12.806248664855957,1,3.7416574954986572,0.9791386723518372,0.020861327648162842,7.4833149909973145,0.9105802178382874,0.08941978216171265,15.748015403747559,0.6285238265991211,0.3714761734008789
survset:support2,Weibull_AFT,9,50,175,5.830951690673828,1,3.7416574954986572,0.6231927871704102,0.37680721282958984,7.4833149909973145,0.12230635434389114,0.8776936456561089,15.748015403747559,2.9927350624348037e-05,0.9999700726493757
survset:support2,Weibull_AFT,9,50,1697,44.23799133300781,0,3.7416574954986572,0.9848992824554443,0.015100717544555664,7.4833149909973145,0.9346263408660889,0.06537365913391113,15.748015403747559,0.715219259262085,0.28478074073791504
survset:support2,Weibull_AFT,9,50,7494,23.25940704345703,0,3.7416574954986572,0.9941201210021973,0.005879878997802734,7.4833149909973145,0.9741371870040894,0.025862812995910645,15.748015403747559,0.8781825304031372,0.12181746959686279
survset:support2,Weibull_AFT,9,50,1933,36.37306594848633,1,3.7416574954986572,0.9934448599815369,0.006555140018463135,7.4833149909973145,0.9712006449699402,0.028799355030059814,15.748015403747559,0.8651368021965027,0.13486319780349731
survset:support2,Weibull_AFT,9,50,2487,3.464101552963257,1,3.7416574954986572,0.5480186939239502,0.4519813060760498,7.4833149909973145,0.06908656656742096,0.930913433432579,15.748015403747559,1.7633739162192796e-06,0.9999982366260838
survset:support2,Weibull_AFT,9,50,7518,6.7082037925720215,1,3.7416574954986572,0.5150025486946106,0.4849974513053894,7.4833149909973145,0.052418824285268784,0.9475811757147312,15.748015403747559,4.486564648686908e-07,0.9999995513435351
survset:support2,Weibull_AFT,9,50,3580,42.59107971191406,0,3.7416574954986572,0.9889146089553833,0.0110853910446167,7.4833149909973145,0.9516760110855103,0.048323988914489746,15.748015403747559,0.7822774052619934,0.2177225947380066
survset:support2,Weibull_AFT,9,50,6750,5.0,1,3.7416574954986572,0.6841403841972351,0.3158596158027649,7.4833149909973145,0.18514135479927063,0.8148586452007294,15.748015403747559,0.00023371157294604927,0.999766288427054
survset:support2,Weibull_AFT,9,50,2556,17.748239517211914,1,3.7416574954986572,0.9739128947257996,0.02608710527420044,7.4833149909973145,0.8891838788986206,0.1108161211013794,15.748015403747559,0.5586346983909607,0.4413653016090393
survset:support2,Weibull_AFT,9,50,6460,38.96152114868164,0,3.7416574954986572,0.9948483109474182,0.005151689052581787,7.4833149909973145,0.9773117303848267,0.02268826961517334,15.748015403747559,0.8924617767333984,0.10753822326660156
survset:support2,Weibull_AFT,9,50,2570,31.160873413085938,0,3.7416574954986572,0.9958393573760986,0.004160642623901367,7.4833149909973145,0.9816450476646423,0.018354952335357666,15.748015403747559,0.9122516512870789,0.08774834871292114
survset:support2,Weibull_AFT,9,50,6802,5.196152210235596,1,3.7416574954986572,0.4903090298175812,0.5096909701824188,7.4833149909973145,0.04213760420680046,0.9578623957931995,15.748015403747559,1.5200596692466206e-07,0.9999998479940331
survset:support2,Weibull_AFT,9,50,1991,41.32795715332031,0,3.7416574954986572,0.9963396787643433,0.0036603212356567383,7.4833149909973145,0.9838383197784424,0.016161680221557617,15.748015403747559,0.9224008917808533,0.07759910821914673
survset:support2,Weibull_AFT,9,50,7020,11.532562255859375,1,3.7416574954986572,0.9927728772163391,0.007227122783660889,7.4833149909973145,0.9682851433753967,0.03171485662460327,15.748015403747559,0.8523378968238831,0.14766210317611694
survset:support2,Weibull_AFT,9,50,8211,6.164413928985596,1,3.7416574954986572,0.6611051559448242,0.3388948440551758,7.4833149909973145,0.1590050905942917,0.8409949094057083,15.748015403747559,0.00010990814917022362,0.9998900918508298
survset:support2,Weibull_AFT,9,50,2297,37.616485595703125,0,3.7416574954986572,0.9908790588378906,0.009120941162109375,7.4833149909973145,0.9601046442985535,0.03989535570144653,15.748015403747559,0.8172314763069153,0.18276852369308472
survset:support2,Weibull_AFT,9,50,5283,24.331050872802734,0,3.7416574954986572,0.991756796836853,0.008243203163146973,7.4833149909973145,0.9638895392417908,0.03611046075820923,15.748015403747559,0.8333277702331543,0.1666722297668457
survset:support2,Weibull_AFT,9,50,4404,8.0,1,3.7416574954986572,0.9786109924316406,0.021389007568359375,7.4833149909973145,0.9084017276763916,0.0915982723236084,15.748015403747559,0.6211046576499939,0.3788953423500061
survset:support2,Weibull_AFT,9,50,6690,2.6457512378692627,1,3.7416574954986572,0.5308231115341187,0.46917688846588135,7.4833149909973145,0.059961702674627304,0.9400382973253727,15.748015403747559,8.737018788451678e-07,0.9999991262981212
survset:support2,Weibull_AFT,9,50,70,2.2360680103302,1,3.7416574954986572,0.11128325015306473,0.8887167498469353,7.4833149909973145,5.7945111620938405e-05,0.9999420548883791,15.748015403747559,9.99999993922529e-09,0.9999999900000001
survset:support2,Weibull_AFT,9,50,3515,1.7320507764816284,1,3.7416574954986572,0.01577209308743477,0.9842279069125652,7.4833149909973145,9.99999993922529e-09,0.9999999900000001,15.748015403747559,9.99999993922529e-09,0.9999999900000001
survset:support2,Weibull_AFT,9,50,1797,2.4494898319244385,1,3.7416574954986572,0.09853964298963547,0.9014603570103645,7.4833149909973145,3.375419692019932e-05,0.9999662458030798,15.748015403747559,9.99999993922529e-09,0.9999999900000001
survset:support2,Weibull_AFT,9,50,7726,18.920886993408203,0,3.7416574954986572,0.9932006597518921,0.00679934024810791,7.4833149909973145,0.970140278339386,0.029859721660614014,15.748015403747559,0.8604642152786255,0.1395357847213745
survset:support2,Weibull_AFT,9,50,2330,37.202152252197266,0,3.7416574954986572,0.9946550726890564,0.0053449273109436035,7.4833149909973145,0.9764686226844788,0.02353137731552124,15.748015403747559,0.8886513710021973,0.11134862899780273
survset:support2,Weibull_AFT,9,50,62,31.208972930908203,1,3.7416574954986572,0.993221640586853,0.006778359413146973,7.4833149909973145,0.9702312350273132,0.029768764972686768,15.748015403747559,0.8608642220497131,0.13913577795028687
survset:support2,Weibull_AFT,9,50,229,10.72380542755127,1,3.7416574954986572,0.9938015937805176,0.006198406219482422,7.4833149909973145,0.9727511405944824,0.027248859405517578,15.748015403747559,0.8720054626464844,0.12799453735351562
survset:support2,Weibull_AFT,9,50,4829,28.337255477905273,0,3.7416574954986572,0.9957813024520874,0.004218697547912598,7.4833149909973145,0.9813907742500305,0.018609225749969482,15.748015403747559,0.9110807776451111,0.08891922235488892
survset:support2,Weibull_AFT,9,50,7178,11.832159996032715,1,3.7416574954986572,0.988665759563446,0.011334240436553955,7.4833149909973145,0.950612485408783,0.04938751459121704,15.748015403747559,0.7779529690742493,0.22204703092575073
survset:support2,Weibull_AFT,9,50,8911,23.916521072387695,0,3.7416574954986572,0.9948366284370422,0.005163371562957764,7.4833149909973145,0.9772607684135437,0.0227392315864563,15.748015403747559,0.8922311663627625,0.10776883363723755
survset:support2,Weibull_AFT,9,50,8388,8.246211051940918,1,3.7416574954986572,0.9924255609512329,0.00757443904876709,7.4833149909973145,0.9667807817459106,0.033219218254089355,15.748015403747559,0.8457931876182556,0.15420681238174438
survset:support2,Weibull_AFT,9,50,5040,2.0,1,3.7416574954986572,0.001369647216051817,0.9986303527839482,7.4833149909973145,9.99999993922529e-09,0.9999999900000001,15.748015403747559,9.99999993922529e-09,0.9999999900000001
survset:support2,Weibull_AFT,9,50,4414,11.958260536193848,1,3.7416574954986572,0.9919723272323608,0.00802767276763916,7.4833149909973145,0.9648205637931824,0.03517943620681763,15.748015403747559,0.8373258113861084,0.1626741886138916
survset:support2,Weibull_AFT,9,50,2633,30.282007217407227,0,3.7416574954986572,0.9966657757759094,0.003334224224090576,7.4833149909973145,0.9852699637413025,0.01473003625869751,15.748015403747559,0.9290741086006165,0.07092589139938354
survset:support2,Weibull_AFT,9,50,5854,17.17556381225586,1,3.7416574954986572,0.990559458732605,0.00944054126739502,7.4833149909973145,0.9587295055389404,0.04127049446105957,15.748015403747559,0.8114452362060547,0.1885547637939453
survset:support2,Weibull_AFT,9,50,6668,3.7416574954986572,1,3.7416574954986572,0.3822900354862213,0.6177099645137787,7.4833149909973145,0.01394611969590187,0.9860538803040981,15.748015403747559,9.99999993922529e-09,0.9999999900000001
survset:support2,Weibull_AFT,9,50,8373,36.8917350769043,0,3.7416574954986572,0.9887943267822266,0.011205673217773438,7.4833149909973145,0.951161801815033,0.04883819818496704,15.748015403747559,0.7801840901374817,0.2198159098625183
survset:support2,Weibull_AFT,9,50,6027,43.31281661987305,0,3.7416574954986572,0.996159017086029,0.0038409829139709473,7.4833149909973145,0.9830459952354431,0.016954004764556885,15.748015403747559,0.9187240600585938,0.08127593994140625
survset:support2,Weibull_AFT,9,50,1138,3.872983455657959,1,3.7416574954986572,0.6799590587615967,0.3200409412384033,7.4833149909973145,0.18016622960567474,0.8198337703943253,15.748015403747559,0.00020418938947841525,0.9997958106105216
survset:support2,Weibull_AFT,9,50,7262,26.34387969970703,0,3.7416574954986572,0.9837633967399597,0.016236603260040283,7.4833149909973145,0.9298462271690369,0.07015377283096313,15.748015403747559,0.6972677707672119,0.3027322292327881
survset:support2,Weibull_AFT,9,50,445,17.0880069732666,1,3.7416574954986572,0.9888358116149902,0.011164188385009766,7.4833149909973145,0.9513392448425293,0.0486607551574707,15.748015403747559,0.780906081199646,0.219093918800354
survset:support2,Weibull_AFT,9,50,4821,28.407745361328125,0,3.7416574954986572,0.9905926585197449,0.009407341480255127,7.4833149909973145,0.9588722586631775,0.04112774133682251,15.748015403747559,0.8120444416999817,0.1879555583000183
survset:support2,Weibull_AFT,9,50,470,40.52159881591797,0,3.7416574954986572,0.9944982528686523,0.005501747131347656,7.4833149909973145,0.9757847785949707,0.024215221405029297,15.748015403747559,0.8855705857276917,0.11442941427230835
survset:support2,Weibull_AFT,9,50,3016,3.7416574954986572,1,3.7416574954986572,0.42559340596199036,0.5744065940380096,7.4833149909973145,0.022465646266937256,0.9775343537330627,15.748015403747559,9.99999993922529e-09,0.9999999900000001
survset:support2,Weibull_AFT,9,50,785,31.128765106201172,1,3.7416574954986572,0.9931154251098633,0.006884574890136719,7.4833149909973145,0.9697703719139099,0.030229628086090088,15.748015403747559,0.8588389754295349,0.1411610245704651
survset:support2,Weibull_AFT,9,50,1945,18.6279354095459,1,3.7416574954986572,0.9954191446304321,0.004580855369567871,7.4833149909973145,0.9798059463500977,0.020194053649902344,15.748015403747559,0.9038102626800537,0.09618973731994629
survset:support2,Weibull_AFT,9,50,7571,5.099019527435303,1,3.7416574954986572,0.7480233907699585,0.2519766092300415,7.4833149909973145,0.2752766013145447,0.7247233986854553,15.748015403747559,0.001669862656854093,0.9983301373431459
survset:support2,Weibull_AFT,9,50,342,41.952354431152344,0,3.7416574954986572,0.9942740201950073,0.005725979804992676,7.4833149909973145,0.9748075604438782,0.025192439556121826,15.748015403747559,0.8811824321746826,0.11881756782531738
survset:support2,Weibull_AFT,9,50,8093,13.964240074157715,1,3.7416574954986572,0.9911187887191772,0.008881211280822754,7.4833149909973145,0.9611372351646423,0.038862764835357666,15.748015403747559,0.8215979337692261,0.17840206623077393
survset:support2,Weibull_AFT,9,50,8883,24.556058883666992,0,3.7416574954986572,0.9922692179679871,0.0077307820320129395,7.4833149909973145,0.9661042094230652,0.033895790576934814,15.748015403747559,0.8428629636764526,0.15713703632354736
survset:support2,Weibull_AFT,9,50,1653,5.0,1,3.7416574954986572,0.3671434819698334,0.6328565180301666,7.4833149909973145,0.011653115041553974,0.988346884958446,15.748015403747559,9.99999993922529e-09,0.9999999900000001
survset:support2,Weibull_AFT,9,50,3699,41.78516387939453,0,3.7416574954986572,0.9966660141944885,0.0033339858055114746,7.4833149909973145,0.9852710366249084,0.014728963375091553,15.748015403747559,0.9290791749954224,0.07092082500457764
survset:support2,Weibull_AFT,9,50,6408,3.1622776985168457,1,3.7416574954986572,0.5119033455848694,0.4880966544151306,7.4833149909973145,0.05103164166212082,0.9489683583378792,15.748015403747559,3.927992793251178e-07,0.9999996072007207
survset:support2,Weibull_AFT,9,50,7592,15.65247631072998,1,3.7416574954986572,0.9915752410888672,0.008424758911132812,7.4833149909973145,0.9631056785583496,0.03689432144165039,15.748015403747559,0.8299735188484192,0.1700264811515808
survset:support2,Weibull_AFT,9,50,1228,26.551836013793945,0,3.7416574954986572,0.9901348948478699,0.009865105152130127,7.4833149909973145,0.956904947757721,0.04309505224227905,15.748015403747559,0.8038182854652405,0.19618171453475952
survset:support2,Weibull_AFT,9,50,4339,15.033296585083008,1,3.7416574954986572,0.9949517250061035,0.005048274993896484,7.4833149909973145,0.977763295173645,0.02223670482635498,15.748015403747559,0.8945077061653137,0.10549229383468628
survset:support2,Weibull_AFT,9,50,3942,39.31920623779297,0,3.7416574954986572,0.9936830997467041,0.0063169002532958984,7.4833149909973145,0.9722357988357544,0.027764201164245605,15.748015403747559,0.869717538356781,0.130282461643219
survset:support2,Weibull_AFT,9,50,2389,32.893768310546875,1,3.7416574954986572,0.9934687614440918,0.006531238555908203,7.4833149909973145,0.9713044166564941,0.02869558334350586,15.748015403747559,0.8655949234962463,0.13440507650375366
survset:support2,Weibull_AFT,9,50,4921,16.703292846679688,1,3.7416574954986572,0.9943201541900635,0.0056798458099365234,7.4833149909973145,0.9750083684921265,0.024991631507873535,15.748015403747559,0.8820827007293701,0.11791729927062988
survset:support2,Weibull_AFT,9,50,1855,42.69660568237305,0,3.7416574954986572,0.9977582693099976,0.0022417306900024414,7.4833149909973145,0.990077793598175,0.009922206401824951,15.748015403747559,0.9517674446105957,0.0482325553894043
survset:support2,Weibull_AFT,9,50,6078,32.264530181884766,1,3.7416574954986572,0.9930240511894226,0.006975948810577393,7.4833149909973145,0.9693739414215088,0.03062605857849121,15.748015403747559,0.857099711894989,0.142900288105011
survset:support2,Weibull_AFT,9,50,2381,2.8284270763397217,1,3.7416574954986572,0.1893545538187027,0.8106454461812973,7.4833149909973145,0.0006147958338260651,0.9993852041661739,15.748015403747559,9.99999993922529e-09,0.9999999900000001
survset:support2,Weibull_AFT,9,50,8088,16.5831241607666,1,3.7416574954986572,0.9912249445915222,0.008775055408477783,7.4833149909973145,0.961594820022583,0.03840517997741699,15.748015403747559,0.8235388994216919,0.1764611005783081
survset:support2,Weibull_AFT,9,50,1260,3.464101552963257,1,3.7416574954986572,0.449217289686203,0.550782710313797,7.4833149909973145,0.028560468927025795,0.9714395310729742,15.748015403747559,2.21066969174899e-08,0.9999999778933031
survset:support2,Weibull_AFT,9,50,8098,7.211102485656738,1,3.7416574954986572,0.579060971736908,0.42093902826309204,7.4833149909973145,0.08825040608644485,0.9117495939135551,15.748015403747559,5.935216449870495e-06,0.9999940647835501
survset:support2,Weibull_AFT,9,50,7344,25.27845001220703,0,3.7416574954986572,0.9957589507102966,0.004241049289703369,7.4833149909973145,0.9812930226325989,0.018706977367401123,15.748015403747559,0.9106311202049255,0.08936887979507446
survset:support2,Weibull_AFT,9,50,5774,19.0,0,3.7416574954986572,0.9965241551399231,0.0034758448600769043,7.4833149909973145,0.9846479296684265,0.015352070331573486,15.748015403747559,0.9261698722839355,0.07383012771606445
survset:support2,Weibull_AFT,9,50,4080,18.867961883544922,1,3.7416574954986572,0.985662579536438,0.014337420463562012,7.4833149909973145,0.9378489851951599,0.06215101480484009,15.748015403747559,0.7275286912918091,0.2724713087081909
survset:support2,Weibull_AFT,9,50,4295,32.832908630371094,0,3.7416574954986572,0.9898102283477783,0.01018977165222168,7.4833149909973145,0.9555115699768066,0.04448843002319336,15.748015403747559,0.7980325818061829,0.20196741819381714
survset:support2,Weibull_AFT,9,50,6479,38.716922760009766,0,3.7416574954986572,0.9897806644439697,0.010219335556030273,7.4833149909973145,0.9553849101066589,0.044615089893341064,15.748015403747559,0.7975081205368042,0.2024918794631958
survset:support2,Weibull_AFT,9,50,3893,2.4494898319244385,1,3.7416574954986572,0.300840824842453,0.699159175157547,7.4833149909973145,0.0048095243982970715,0.9951904756017029,15.748015403747559,9.99999993922529e-09,0.9999999900000001
survset:support2,Weibull_AFT,9,50,376,2.6457512378692627,1,3.7416574954986572,0.5834841728210449,0.4165158271789551,7.4833149909973145,0.09128528088331223,0.9087147191166878,15.748015403747559,7.018302312644664e-06,0.9999929816976874
survset:support2,Weibull_AFT,9,50,3736,16.0,1,3.7416574954986572,0.9904811382293701,0.009518861770629883,7.4833149909973145,0.9583926200866699,0.04160737991333008,15.748015403747559,0.8100327253341675,0.18996727466583252
survset:support2,Weibull_AFT,9,50,4515,4.898979663848877,1,3.7416574954986572,0.4164714217185974,0.5835285782814026,7.4833149909973145,0.020403707399964333,0.9795962926000357,15.748015403747559,9.99999993922529e-09,0.9999999900000001
survset:support2,Weibull_AFT,9,50,3419,13.416407585144043,1,3.7416574954986572,0.9956773519515991,0.004322648048400879,7.4833149909973145,0.9809355735778809,0.01906442642211914,15.748015403747559,0.9089879393577576,0.09101206064224243
survset:support2,Weibull_AFT,9,50,5974,43.760711669921875,0,3.7416574954986572,0.9959931373596191,0.004006862640380859,7.4833149909973145,0.9823186993598938,0.0176813006401062,15.748015403747559,0.9153594374656677,0.08464056253433228
survset:support2,Weibull_AFT,9,50,7064,29.068883895874023,0,3.7416574954986572,0.9961792826652527,0.0038207173347473145,7.4833149909973145,0.9831347465515137,0.016865253448486328,15.748015403747559,0.9191354513168335,0.0808645486831665
survset:support2,Weibull_AFT,9,50,690,11.313708305358887,1,3.7416574954986572,0.9714638590812683,0.02853614091873169,7.4833149909973145,0.8792917132377625,0.12070828676223755,15.748015403747559,0.5284959673881531,0.4715040326118469
survset:support2,Weibull_AFT,9,50,1632,44.821868896484375,0,3.7416574954986572,0.99709153175354,0.002908468246459961,7.4833149909973145,0.9871414303779602,0.012858569622039795,15.748015403747559,0.9378557801246643,0.06214421987533569
survset:support2,Weibull_AFT,9,50,520,5.4772257804870605,1,3.7416574954986572,0.6216720938682556,0.3783279061317444,7.4833149909973145,0.12098583579063416,0.8790141642093658,15.748015403747559,2.835935083567165e-05,0.9999716406491643
survset:support2,Weibull_AFT,9,50,6014,4.582575798034668,1,3.7416574954986572,0.36809268593788147,0.6319073140621185,7.4833149909973145,0.011787575669586658,0.9882124243304133,15.748015403747559,9.99999993922529e-09,0.9999999900000001
survset:support2,Weibull_AFT,9,50,1518,20.59126091003418,0,3.7416574954986572,0.9942383766174316,0.005761623382568359,7.4833149909973145,0.9746522307395935,0.025347769260406494,15.748015403747559,0.8804865479469299,0.11951345205307007
survset:support2,Weibull_AFT,9,50,5087,15.905973434448242,1,3.7416574954986572,0.9962874054908752,0.003712594509124756,7.4833149909973145,0.9836090207099915,0.016390979290008545,15.748015403747559,0.9213356375694275,0.07866436243057251
survset:support2,Weibull_AFT,9,50,8011,41.80908966064453,0,3.7416574954986572,0.9960923790931702,0.003907620906829834,7.4833149909973145,0.9827537536621094,0.017246246337890625,15.748015403747559,0.9173709750175476,0.08262902498245239
survset:support2,Weibull_AFT,9,50,749,37.121421813964844,0,3.7416574954986572,0.992780864238739,0.007219135761260986,7.4833149909973145,0.9683195948600769,0.031680405139923096,15.748015403747559,0.8524882793426514,0.14751172065734863
survset:support2,Weibull_AFT,9,50,1065,2.2360680103302,1,3.7416574954986572,0.25892361998558044,0.7410763800144196,7.4833149909973145,0.002469193423166871,0.9975308065768331,15.748015403747559,9.99999993922529e-09,0.9999999900000001
survset:support2,Weibull_AFT,9,50,2125,11.704699516296387,1,3.7416574954986572,0.9875640869140625,0.0124359130859375,7.4833149909973145,0.9459148645401001,0.0540851354598999,15.748015403747559,0.7590800523757935,0.24091994762420654
survset:support2,Weibull_AFT,9,50,2610,29.529645919799805,1,3.7416574954986572,0.9946778416633606,0.005322158336639404,7.4833149909973145,0.9765679240226746,0.02343207597732544,15.748015403747559,0.8890994787216187,0.11090052127838135
survset:support2,Weibull_AFT,9,50,6058,43.058101654052734,0,3.7416574954986572,0.9949277639389038,0.005072236061096191,7.4833149909973145,0.9776585102081299,0.022341489791870117,15.748015403747559,0.8940327167510986,0.10596728324890137
survset:support2,Weibull_AFT,9,50,5350,13.03840446472168,1,3.7416574954986572,0.9943591952323914,0.005640804767608643,7.4833149909973145,0.9751784801483154,0.02482151985168457,15.748015403747559,0.8828458786010742,0.11715412139892578
survset:support2,Weibull_AFT,9,50,1509,20.832666397094727,0,3.7416574954986572,0.9923789501190186,0.007621049880981445,7.4833149909973145,0.966579020023346,0.03342097997665405,15.748015403747559,0.8449184894561768,0.15508151054382324
survset:support2,Weibull_AFT,9,50,7684,15.491933822631836,1,3.7416574954986572,0.9926902055740356,0.0073097944259643555,7.4833149909973145,0.9679268598556519,0.032073140144348145,15.748015403747559,0.8507755398750305,0.14922446012496948
survset:support2,Weibull_AFT,9,50,4496,9.591663360595703,1,3.7416574954986572,0.9826512932777405,0.01734870672225952,7.4833149909973145,0.9251848459243774,0.07481515407562256,15.748015403747559,0.6801101565361023,0.3198898434638977
survset:support2,Weibull_AFT,9,50,8443,3.464101552963257,1,3.7416574954986572,0.546959638595581,0.45304036140441895,7.4833149909973145,0.06849533319473267,0.9315046668052673,15.748015403747559,1.6898183048397186e-06,0.9999983101816952
survset:support2,Weibull_AFT,9,50,361,16.881942749023438,1,3.7416574954986572,0.9943344593048096,0.00566554069519043,7.4833149909973145,0.9750708341598511,0.024929165840148926,15.748015403747559,0.8823629021644592,0.11763709783554077
survset:support2,Weibull_AFT,9,50,1233,26.53299903869629,0,3.7416574954986572,0.99481201171875,0.00518798828125,7.4833149909973145,0.9771533012390137,0.022846698760986328,15.748015403747559,0.8917447328567505,0.10825526714324951
survset:support2,Weibull_AFT,9,50,1963,41.58124542236328,0,3.7416574954986572,0.9969004988670349,0.003099501132965088,7.4833149909973145,0.9863013625144958,0.01369863748550415,15.748015403747559,0.9339056611061096,0.06609433889389038
survset:support2,Weibull_AFT,9,50,4591,10.392304420471191,1,3.7416574954986572,0.9860848784446716,0.01391512155532837,7.4833149909973145,0.9396358132362366,0.06036418676376343,15.748015403747559,0.7344262599945068,0.26557374000549316
survset:support2,Weibull_AFT,9,50,7148,27.874719619750977,0,3.7416574954986572,0.9883161783218384,0.011683821678161621,7.4833149909973145,0.9491197466850281,0.050880253314971924,15.748015403747559,0.77191561460495,0.22808438539505005
survset:support2,Weibull_AFT,9,50,8594,17.6068172454834,1,3.7416574954986572,0.9861773252487183,0.013822674751281738,7.4833149909973145,0.940027117729187,0.05997288227081299,15.748015403747559,0.7359437346458435,0.2640562653541565
survset:support2,Weibull_AFT,9,50,588,39.051246643066406,0,3.7416574954986572,0.985762357711792,0.014237642288208008,7.4833149909973145,0.9382709264755249,0.0617290735244751,15.748015403747559,0.7291527986526489,0.2708472013473511
survset:support2,Weibull_AFT,9,50,2702,29.393877029418945,0,3.7416574954986572,0.992804229259491,0.007195770740509033,7.4833149909973145,0.9684209823608398,0.031579017639160156,15.748015403747559,0.8529309630393982,0.1470690369606018
survset:support2,Weibull_AFT,9,50,2780,5.4772257804870605,1,3.7416574954986572,0.2612103819847107,0.7387896180152893,7.4833149909973145,0.0025675734505057335,0.9974324265494943,15.748015403747559,9.99999993922529e-09,0.9999999900000001
survset:support2,Weibull_AFT,9,50,1224,13.928388595581055,1,3.7416574954986572,0.9912042617797852,0.008795738220214844,7.4833149909973145,0.9615055322647095,0.03849446773529053,15.748015403747559,0.82315993309021,0.17684006690979004
survset:support2,Weibull_AFT,9,50,141,5.099019527435303,1,3.7416574954986572,0.8132917284965515,0.1867082715034485,7.4833149909973145,0.39920783042907715,0.6007921695709229,15.748015403747559,0.010542938485741615,0.9894570615142584
survset:support2,Weibull_AFT,9,50,6921,2.2360680103302,1,3.7416574954986572,0.5338027477264404,0.46619725227355957,7.4833149909973145,0.061471741646528244,0.9385282583534718,15.748015403747559,9.88351985142799e-07,0.9999990116480149
survset:support2,Weibull_AFT,9,50,3292,7.6157732009887695,1,3.7416574954986572,0.7724592685699463,0.2275407314300537,7.4833149909973145,0.3175407350063324,0.6824592649936676,15.748015403747559,0.0033899431582540274,0.996610056841746
survset:support2,Weibull_AFT,9,50,3153,5.0,1,3.7416574954986572,0.5191254615783691,0.48087453842163086,7.4833149909973145,0.05430927500128746,0.9456907249987125,15.748015403747559,5.348018703443813e-07,0.9999994651981297
survset:support2,Weibull_AFT,9,50,3786,40.902320861816406,0,3.7416574954986572,0.9951454997062683,0.0048545002937316895,7.4833149909973145,0.9786095023155212,0.02139049768447876,15.748015403747559,0.898352324962616,0.10164767503738403
survset:support2,Weibull_AFT,9,50,2106,4.582575798034668,1,3.7416574954986572,0.2880859673023224,0.7119140326976776,7.4833149909973145,0.0039673736318945885,0.9960326263681054,15.748015403747559,9.99999993922529e-09,0.9999999900000001
survset:support2,Weibull_AFT,9,50,4819,28.42534065246582,0,3.7416574954986572,0.9948341846466064,0.005165815353393555,7.4833149909973145,0.9772499799728394,0.022750020027160645,15.748015403747559,0.8921822309494019,0.10781776905059814
survset:support2,Weibull_AFT,9,50,6815,6.082762718200684,1,3.7416574954986572,0.2437085509300232,0.7562914490699768,7.4833149909973145,0.0018866559257730842,0.9981133440742269,15.748015403747559,9.99999993922529e-09,0.9999999900000001
survset:support2,Weibull_AFT,9,50,1754,43.69210433959961,0,3.7416574954986572,0.9967499375343323,0.0032500624656677246,7.4833149909973145,0.9856396913528442,0.014360308647155762,15.748015403747559,0.9308039546012878,0.06919604539871216
survset:support2,Weibull_AFT,9,50,4083,4.795831680297852,1,3.7416574954986572,0.4749706983566284,0.5250293016433716,7.4833149909973145,0.03658801317214966,0.9634119868278503,15.748015403747559,7.547701130761197e-08,0.9999999245229887
survset:support2,Weibull_AFT,9,50,3572,13.928388595581055,1,3.7416574954986572,0.9892374277114868,0.010762572288513184,7.4833149909973145,0.9530571103096008,0.04694288969039917,15.748015403747559,0.7879216074943542,0.21207839250564575
survset:support2,Weibull_AFT,9,50,6355,40.174617767333984,0,3.7416574954986572,0.9925699830055237,0.007430016994476318,7.4833149909973145,0.9674060344696045,0.03259396553039551,15.748015403747559,0.8485084772109985,0.15149152278900146
survset:support2,Weibull_AFT,9,50,7037,2.0,1,3.7416574954986572,0.37264031171798706,0.6273596882820129,7.4833149909973145,0.01244855485856533,0.9875514451414347,15.748015403747559,9.99999993922529e-09,0.9999999900000001
survset:support2,Weibull_AFT,9,50,4897,9.05538558959961,1,3.7416574954986572,0.9890420436859131,0.010957956314086914,7.4833149909973145,0.9522210955619812,0.0477789044380188,15.748015403747559,0.7845011353492737,0.21549886465072632
survset:support2,Weibull_AFT,9,50,7732,18.84144401550293,0,3.7416574954986572,0.9913903474807739,0.008609652519226074,7.4833149909973145,0.9623079895973206,0.03769201040267944,15.748015403747559,0.8265712857246399,0.1734287142753601
survset:support2,Weibull_AFT,9,50,8027,20.19900894165039,1,3.7416574954986572,0.9894332885742188,0.01056671142578125,7.4833149909973145,0.9538958668708801,0.04610413312911987,15.748015403747559,0.7913652658462524,0.20863473415374756
survset:support2,Weibull_AFT,9,50,884,32.32645797729492,0,3.7416574954986572,0.9930012822151184,0.006998717784881592,7.4833149909973145,0.9692752361297607,0.030724763870239258,15.748015403747559,0.8566672205924988,0.14333277940750122
survset:support2,Weibull_AFT,9,50,3405,2.2360680103302,1,3.7416574954986572,0.7769090533256531,0.22309094667434692,7.4833149909973145,0.32574939727783203,0.674250602722168,15.748015403747559,0.0038471738807857037,0.9961528261192143
survset:support2,Weibull_AFT,9,50,4600,30.38091468811035,0,3.7416574954986572,0.9968134164810181,0.0031865835189819336,7.4833149909973145,0.9859187006950378,0.014081299304962158,15.748015403747559,0.9321106672286987,0.06788933277130127
survset:support2,Weibull_AFT,9,50,146,10.29563045501709,1,3.7416574954986572,0.9953435063362122,0.004656493663787842,7.4833149909973145,0.9794751405715942,0.02052485942840576,15.748015403747559,0.9022984504699707,0.0977015495300293
survset:support2,Weibull_AFT,9,50,3695,4.358899116516113,1,3.7416574954986572,0.502110481262207,0.49788951873779297,7.4833149909973145,0.046834543347358704,0.9531654566526413,15.748015403747559,2.5667895897640847e-07,0.999999743321041
survset:support2,Weibull_AFT,9,50,2798,24.93992805480957,1,3.7416574954986572,0.9906643629074097,0.009335637092590332,7.4833149909973145,0.9591807126998901,0.04081928730010986,15.748015403747559,0.8133400678634644,0.18665993213653564
survset:support2,Weibull_AFT,9,50,3396,9.0,1,3.7416574954986572,0.9849625825881958,0.0150374174118042,7.4833149909973145,0.9348933100700378,0.06510668992996216,15.748015403747559,0.7162327766418457,0.2837672233581543
survset:support2,Weibull_AFT,9,50,2733,16.5227108001709,1,3.7416574954986572,0.9938951730728149,0.006104826927185059,7.4833149909973145,0.9731581211090088,0.02684187889099121,15.748015403747559,0.8738155961036682,0.1261844038963318
survset:support2,Weibull_AFT,9,50,8707,6.480740547180176,1,3.7416574954986572,0.544593095779419,0.45540690422058105,7.4833149909973145,0.06718827039003372,0.9328117296099663,15.748015403747559,1.5358839391410584e-06,0.9999984641160609
survset:support2,Weibull_AFT,9,50,9098,4.123105525970459,1,3.7416574954986572,0.5479426383972168,0.4520573616027832,7.4833149909973145,0.06904398649930954,0.9309560135006905,15.748015403747559,1.757992095008376e-06,0.999998242007905
survset:support2,Weibull_AFT,9,50,105,7.280109882354736,1,3.7416574954986572,0.4403298795223236,0.5596701204776764,7.4833149909973145,0.026133958250284195,0.9738660417497158,15.748015403747559,1.4235203238399663e-08,0.9999999857647968
survset:support2,Weibull_AFT,9,50,3453,4.898979663848877,1,3.7416574954986572,0.44388964772224426,0.5561103522777557,7.4833149909973145,0.027085868641734123,0.9729141313582659,15.748015403747559,1.699771168262032e-08,0.9999999830022883
survset:support2,Weibull_AFT,9,50,7319,25.63201141357422,0,3.7416574954986572,0.9931022524833679,0.00689774751663208,7.4833149909973145,0.9697132110595703,0.030286788940429688,15.748015403747559,0.858587920665741,0.14141207933425903
survset:support2,Weibull_AFT,9,50,4215,6.082762718200684,1,3.7416574954986572,0.810325026512146,0.189674973487854,7.4833149909973145,0.3927779793739319,0.6072220206260681,15.748015403747559,0.009727519005537033,0.990272480994463
survset:support2,Weibull_AFT,9,50,8560,31.192947387695312,0,3.7416574954986572,0.9910904169082642,0.00890958309173584,7.4833149909973145,0.9610149264335632,0.03898507356643677,15.748015403747559,0.8210799098014832,0.17892009019851685
survset:support2,Weibull_AFT,9,50,6176,41.940433502197266,0,3.7416574954986572,0.9932917952537537,0.006708204746246338,7.4833149909973145,0.970535933971405,0.02946406602859497,15.748015403747559,0.8622052669525146,0.13779473304748535
survset:support2,Weibull_AFT,9,50,8287,4.4721360206604,1,3.7416574954986572,0.48508405685424805,0.514915943145752,7.4833149909973145,0.040178678929805756,0.9598213210701942,15.748015403747559,1.200519648136833e-07,0.9999998799480352
survset:support2,Weibull_AFT,9,50,5901,34.01470184326172,1,3.7416574954986572,0.9944965243339539,0.005503475666046143,7.4833149909973145,0.975777268409729,0.024222731590270996,15.748015403747559,0.8855365514755249,0.1144634485244751
survset:support2,Weibull_AFT,9,50,1104,16.5227108001709,1,3.7416574954986572,0.994485080242157,0.005514919757843018,7.4833149909973145,0.9757273197174072,0.024272680282592773,15.748015403747559,0.8853119611740112,0.11468803882598877
survset:support2,Weibull_AFT,9,50,5073,26.134267807006836,0,3.7416574954986572,0.9907330274581909,0.009266972541809082,7.4833149909973145,0.9594762325286865,0.04052376747131348,15.748015403747559,0.8145832419395447,0.18541675806045532
survset:support2,Weibull_AFT,9,50,2737,28.965496063232422,0,3.7416574954986572,0.9919884204864502,0.008011579513549805,7.4833149909973145,0.9648901224136353,0.035109877586364746,15.748015403747559,0.8376252055168152,0.16237479448318481
survset:support2,Weibull_AFT,9,50,3076,22.69361114501953,0,3.7416574954986572,0.9942746162414551,0.005725383758544922,7.4833149909973145,0.974810004234314,0.025189995765686035,15.748015403747559,0.8811935782432556,0.11880642175674438
survset:support2,Weibull_AFT,9,50,3338,44.41846466064453,0,3.7416574954986572,0.9949401617050171,0.00505983829498291,7.4833149909973145,0.9777128100395203,0.022287189960479736,15.748015403747559,0.894278883934021,0.105721116065979
survset:support2,Weibull_AFT,9,50,6885,31.400636672973633,0,3.7416574954986572,0.9908850789070129,0.00911492109298706,7.4833149909973145,0.9601306319236755,0.03986936807632446,15.748015403747559,0.8173412084579468,0.18265879154205322
survset:support2,Weibull_AFT,9,50,972,4.690415859222412,1,3.7416574954986572,0.3919931650161743,0.6080068349838257,7.4833149909973145,0.015589090064167976,0.984410909935832,15.748015403747559,9.99999993922529e-09,0.9999999900000001
survset:support2,Weibull_AFT,9,50,1838,2.0,1,3.7416574954986572,0.7308842539787292,0.26911574602127075,7.4833149909973145,0.2483365535736084,0.7516634464263916,15.748015403747559,0.0010021674679592252,0.9989978325320408
survset:support2,Weibull_AFT,9,50,5629,7.211102485656738,1,3.7416574954986572,0.6383183598518372,0.36168164014816284,7.4833149909973145,0.13605846464633942,0.8639415353536606,15.748015403747559,5.07553995703347e-05,0.9999492446004297
survset:support2,Weibull_AFT,9,50,8297,7.416198253631592,1,3.7416574954986572,0.9958933591842651,0.004106640815734863,7.4833149909973145,0.9818816184997559,0.01811838150024414,15.748015403747559,0.9133419990539551,0.08665800094604492
survset:support2,Weibull_AFT,9,50,5278,24.392621994018555,0,3.7416574954986572,0.9870119094848633,0.012988090515136719,7.4833149909973145,0.9435670375823975,0.05643296241760254,15.748015403747559,0.7497855424880981,0.25021445751190186
survset:support2,Weibull_AFT,9,50,7308,25.74878692626953,0,3.7416574954986572,0.9923622608184814,0.007637739181518555,7.4833149909973145,0.9665068984031677,0.033493101596832275,15.748015403747559,0.8446062207221985,0.1553937792778015
survset:support2,Weibull_AFT,9,50,4334,3.7416574954986572,1,3.7416574954986572,0.21568234264850616,0.7843176573514938,7.4833149909973145,0.0010963494423776865,0.9989036505576223,15.748015403747559,9.99999993922529e-09,0.9999999900000001
survset:support2,Weibull_AFT,9,50,1801,2.4494898319244385,1,3.7416574954986572,0.3127515912055969,0.6872484087944031,7.4833149909973145,0.005715155508369207,0.9942848444916308,15.748015403747559,9.99999993922529e-09,0.9999999900000001
survset:support2,Weibull_AFT,9,50,3203,19.67231559753418,0,3.7416574954986572,0.9975348114967346,0.002465188503265381,7.4833149909973145,0.9890929460525513,0.01090705394744873,15.748015403747559,0.9470831751823425,0.05291682481765747
survset:support2,Weibull_AFT,9,50,5412,6.480740547180176,1,3.7416574954986572,0.6257628202438354,0.37423717975616455,7.4833149909973145,0.12456346303224564,0.8754365369677544,15.748015403747559,3.2767144148238e-05,0.9999672328558518
survset:support2,Weibull_AFT,9,50,5472,22.583179473876953,0,3.7416574954986572,0.9949544072151184,0.005045592784881592,7.4833149909973145,0.977774977684021,0.022225022315979004,15.748015403747559,0.8945607542991638,0.10543924570083618
survset:support2,Weibull_AFT,9,50,8078,35.53871154785156,1,3.7416574954986572,0.9947773814201355,0.005222618579864502,7.4833149909973145,0.9770021438598633,0.02299785614013672,15.748015403747559,0.8910609483718872,0.10893905162811279
survset:support2,Weibull_AFT,9,50,5859,7.874007701873779,1,3.7416574954986572,0.9913933873176575,0.00860661268234253,7.4833149909973145,0.9623211026191711,0.03767889738082886,15.748015403747559,0.826627254486084,0.17337274551391602
survset:support2,Weibull_AFT,9,50,7601,4.582575798034668,1,3.7416574954986572,0.6587097644805908,0.3412902355194092,7.4833149909973145,0.15646111965179443,0.8435388803482056,15.748015403747559,0.00010146237764274701,0.9998985376223573
survset:support2,Weibull_AFT,9,50,8401,36.37306594848633,0,3.7416574954986572,0.9953804612159729,0.0046195387840271,7.4833149909973145,0.9796366095542908,0.02036339044570923,15.748015403747559,0.9030361771583557,0.09696382284164429
survset:support2,Weibull_AFT,9,50,3845,7.416198253631592,1,3.7416574954986572,0.6643038988113403,0.33569610118865967,7.4833149909973145,0.16245205700397491,0.8375479429960251,15.748015403747559,0.00012223752855788916,0.9998777624714421
survset:support2,Weibull_AFT,9,50,8579,30.870698928833008,0,3.7416574954986572,0.9886266589164734,0.011373341083526611,7.4833149909973145,0.9504453539848328,0.049554646015167236,15.748015403747559,0.7772752046585083,0.2227247953414917
survset:support2,Weibull_AFT,9,50,1888,10.862780570983887,1,3.7416574954986572,0.9904431104660034,0.009556889533996582,7.4833149909973145,0.9582293033599854,0.04177069664001465,15.748015403747559,0.8093485236167908,0.19065147638320923
survset:support2,Weibull_AFT,9,50,8922,23.64318084716797,0,3.7416574954986572,0.9945070743560791,0.0054929256439208984,7.4833149909973145,0.9758232831954956,0.024176716804504395,15.748015403747559,0.8857436776161194,0.11425632238388062
survset:support2,Weibull_AFT,9,50,2567,31.192947387695312,0,3.7416574954986572,0.996908962726593,0.0030910372734069824,7.4833149909973145,0.9863384962081909,0.013661503791809082,15.748015403747559,0.9340801239013672,0.06591987609863281
survset:support2,Weibull_AFT,9,50,352,10.0,1,3.7416574954986572,0.9863664507865906,0.013633549213409424,7.4833149909973145,0.9408283829689026,0.05917161703109741,15.748015403747559,0.7390587329864502,0.2609412670135498
survset:support2,Weibull_AFT,9,50,1289,3.7416574954986572,1,3.7416574954986572,0.21616600453853607,0.7838339954614639,7.4833149909973145,0.001107315649278462,0.9988926843507215,15.748015403747559,9.99999993922529e-09,0.9999999900000001
survset:support2,Weibull_AFT,9,50,1006,26.248809814453125,1,3.7416574954986572,0.9919247627258301,0.008075237274169922,7.4833149909973145,0.964614987373352,0.03538501262664795,15.748015403747559,0.8364417552947998,0.1635582447052002
survset:support2,Weibull_AFT,9,50,4275,10.0,1,3.7416574954986572,0.9931113123893738,0.006888687610626221,7.4833149909973145,0.9697526693344116,0.03024733066558838,15.748015403747559,0.858761191368103,0.14123880863189697
survset:support2,Weibull_AFT,9,50,9035,8.774964332580566,1,3.7416574954986572,0.9888408780097961,0.011159121990203857,7.4833149909973145,0.951360821723938,0.04863917827606201,15.748015403747559,0.7809939384460449,0.21900606155395508
survset:support2,Weibull_AFT,9,50,7765,44.821868896484375,0,3.7416574954986572,0.9914883375167847,0.008511662483215332,7.4833149909973145,0.9627306461334229,0.03726935386657715,15.748015403747559,0.828372597694397,0.17162740230560303
survset:support2,Weibull_AFT,9,50,6371,40.024993896484375,0,3.7416574954986572,0.9966464638710022,0.0033535361289978027,7.4833149909973145,0.9851851463317871,0.01481485366821289,15.748015403747559,0.9286777973175049,0.07132220268249512
survset:support2,Weibull_AFT,9,50,8917,2.6457512378692627,1,3.7416574954986572,0.16596315801143646,0.8340368419885635,7.4833149909973145,0.0003422082227189094,0.9996577917772811,15.748015403747559,9.99999993922529e-09,0.9999999900000001
survset:support2,Weibull_AFT,9,50,5404,23.30236053466797,0,3.7416574954986572,0.9825817942619324,0.017418205738067627,7.4833149909973145,0.9248940944671631,0.07510590553283691,15.748015403747559,0.6790512800216675,0.3209487199783325
survset:support2,Weibull_AFT,9,50,3435,2.6457512378692627,1,3.7416574954986572,0.655327558517456,0.34467244148254395,7.4833149909973145,0.15292292833328247,0.8470770716667175,15.748015403747559,9.058546129381284e-05,0.9999094145387062
survset:support2,Weibull_AFT,9,50,1492,13.190905570983887,1,3.7416574954986572,0.9913052320480347,0.008694767951965332,7.4833149909973145,0.9619408845901489,0.038059115409851074,15.748015403747559,0.8250092267990112,0.17499077320098877
survset:support2,Weibull_AFT,9,50,1526,14.491376876831055,1,3.7416574954986572,0.9850378036499023,0.014962196350097656,7.4833149909973145,0.9352105855941772,0.06478941440582275,15.748015403747559,0.7174385190010071,0.2825614809989929
survset:support2,Weibull_AFT,9,50,5021,3.7416574954986572,1,3.7416574954986572,0.35666927695274353,0.6433307230472565,7.4833149909973145,0.010246825404465199,0.9897531745955348,15.748015403747559,9.99999993922529e-09,0.9999999900000001
survset:support2,Weibull_AFT,9,50,5909,34.2344856262207,1,3.7416574954986572,0.9916394352912903,0.008360564708709717,7.4833149909973145,0.9633827805519104,0.0366172194480896,15.748015403747559,0.8311581015586853,0.1688418984413147
survset:support2,Weibull_AFT,9,50,171,4.898979663848877,1,3.7416574954986572,0.5608145594596863,0.4391854405403137,7.4833149909973145,0.0765477865934372,0.9234522134065628,15.748015403747559,2.9318696306290803e-06,0.9999970681303694
survset:support2,Weibull_AFT,9,50,8311,5.916079998016357,1,3.7416574954986572,0.5388202667236328,0.4611797332763672,7.4833149909973145,0.06408098340034485,0.9359190165996552,15.748015403747559,1.2145399068685947e-06,0.9999987854600931
survset:support2,Weibull_AFT,9,50,5708,3.464101552963257,1,3.7416574954986572,0.10950267314910889,0.8904973268508911,7.4833149909973145,5.3937550546834245e-05,0.9999460624494532,15.748015403747559,9.99999993922529e-09,0.9999999900000001
survset:support2,Weibull_AFT,9,50,3924,9.949873924255371,1,3.7416574954986572,0.9841115474700928,0.015888452529907227,7.4833149909973145,0.9313092827796936,0.0686907172203064,15.748015403747559,0.7027235627174377,0.29727643728256226
survset:support2,Weibull_AFT,9,50,8052,6.4031243324279785,1,3.7416574954986572,0.7234010696411133,0.2765989303588867,7.4833149909973145,0.23723652958869934,0.7627634704113007,15.748015403747559,0.0007988952565938234,0.9992011047434062
survset:support2,Weibull_AFT,9,50,8684,28.913663864135742,0,3.7416574954986572,0.9937738180160522,0.006226181983947754,7.4833149909973145,0.9726304411888123,0.027369558811187744,15.748015403747559,0.8714691400527954,0.1285308599472046
survset:support2,Weibull_AFT,9,50,7012,24.0,1,3.7416574954986572,0.9940127730369568,0.005987226963043213,7.4833149909973145,0.9736698269844055,0.026330173015594482,15.748015403747559,0.8760957717895508,0.12390422821044922
survset:support2,Weibull_AFT,9,50,3904,2.6457512378692627,1,3.7416574954986572,0.45962202548980713,0.5403779745101929,7.4833149909973145,0.03161920607089996,0.9683807939291,15.748015403747559,3.6607683995271145e-08,0.999999963392316
survset:support2,Weibull_AFT,9,50,5822,18.027755737304688,1,3.7416574954986572,0.9953609108924866,0.004639089107513428,7.4833149909973145,0.9795511364936829,0.02044886350631714,15.748015403747559,0.9026456475257874,0.09735435247421265
survset:support2,Weibull_AFT,9,50,6161,2.8284270763397217,1,3.7416574954986572,0.4802617132663727,0.5197382867336273,7.4833149909973145,0.03843405470252037,0.9615659452974796,15.748015403747559,9.633677677811647e-08,0.9999999036632232
survset:support2,Weibull_AFT,9,50,1829,34.62657928466797,1,3.7416574954986572,0.9845244288444519,0.015475571155548096,7.4833149909973145,0.9330466985702515,0.06695330142974854,15.748015403747559,0.7092467546463013,0.29075324535369873
survset:support2,Weibull_AFT,9,50,3172,13.416407585144043,1,3.7416574954986572,0.9844606518745422,0.015539348125457764,7.4833149909973145,0.9327781200408936,0.06722187995910645,15.748015403747559,0.7082351446151733,0.29176485538482666
survset:support2,Weibull_AFT,9,50,4855,28.195743560791016,0,3.7416574954986572,0.9965375661849976,0.0034624338150024414,7.4833149909973145,0.9847067594528198,0.015293240547180176,15.748015403747559,0.9264443516731262,0.07355564832687378
survset:support2,Weibull_AFT,9,50,1609,44.96665573120117,0,3.7416574954986572,0.9939401745796204,0.006059825420379639,7.4833149909973145,0.9733539819717407,0.026646018028259277,15.748015403747559,0.8746877312660217,0.12531226873397827
survset:support2,Weibull_AFT,9,50,4433,31.811946868896484,0,3.7416574954986572,0.996055543422699,0.003944456577301025,7.4833149909973145,0.9825922846794128,0.017407715320587158,15.748015403747559,0.9166239500045776,0.08337604999542236
survset:support2,Weibull_AFT,9,50,4605,15.198683738708496,1,3.7416574954986572,0.9878683686256409,0.01213163137435913,7.4833149909973145,0.947210431098938,0.05278956890106201,15.748015403747559,0.7642480731010437,0.2357519268989563
survset:support2,Weibull_AFT,9,50,2641,2.0,1,3.7416574954986572,0.4538305997848511,0.5461694002151489,7.4833149909973145,0.029886946082115173,0.9701130539178848,15.748015403747559,2.7686375858593237e-08,0.9999999723136241
survset:support2,Weibull_AFT,9,50,5359,23.76972770690918,0,3.7416574954986572,0.9891369938850403,0.010863006114959717,7.4833149909973145,0.9526273608207703,0.047372639179229736,15.748015403747559,0.7861618995666504,0.2138381004333496
survset:support2,Weibull_AFT,9,50,1884,9.05538558959961,1,3.7416574954986572,0.9950973391532898,0.004902660846710205,7.4833149909973145,0.9783992171287537,0.021600782871246338,15.748015403747559,0.897395670413971,0.10260432958602905
survset:support2,Weibull_AFT,9,50,8864,5.099019527435303,1,3.7416574954986572,0.7148355841636658,0.28516441583633423,7.4833149909973145,0.2250072956085205,0.7749927043914795,15.748015403747559,0.0006145295919850469,0.999385470408015
survset:support2,Weibull_AFT,9,50,5717,20.074859619140625,0,3.7416574954986572,0.9971744418144226,0.0028255581855773926,7.4833149909973145,0.987506091594696,0.012493908405303955,15.748015403747559,0.9395744204521179,0.06042557954788208
survset:support2,Weibull_AFT,9,50,941,31.432466506958008,0,3.7416574954986572,0.9929689764976501,0.0070310235023498535,7.4833149909973145,0.9691352844238281,0.030864715576171875,15.748015403747559,0.8560541272163391,0.1439458727836609
survset:support2,Weibull_AFT,9,50,8266,20.124610900878906,1,3.7416574954986572,0.9892448782920837,0.01075512170791626,7.4833149909973145,0.9530891180038452,0.046910881996154785,15.748015403747559,0.7880526781082153,0.21194732189178467
survset:support2,Weibull_AFT,9,50,6676,4.4721360206604,1,3.7416574954986572,0.40148863196372986,0.5985113680362701,7.4833149909973145,0.0173383466899395,0.9826616533100605,15.748015403747559,9.99999993922529e-09,0.9999999900000001
survset:support2,Weibull_AFT,9,50,3658,1.7320507764816284,1,3.7416574954986572,0.4540462791919708,0.5459537208080292,7.4833149909973145,0.029950112104415894,0.9700498878955841,15.748015403747559,2.7977678840329645e-08,0.9999999720223212
survset:support2,Weibull_AFT,9,50,8291,14.071247100830078,1,3.7416574954986572,0.9856520295143127,0.014347970485687256,7.4833149909973145,0.9378042817115784,0.06219571828842163,15.748015403747559,0.7273568511009216,0.27264314889907837
survset:support2,Weibull_AFT,9,50,3012,20.760540008544922,1,3.7416574954986572,0.9941848516464233,0.00581514835357666,7.4833149909973145,0.974419116973877,0.025580883026123047,15.748015403747559,0.8794431686401367,0.12055683135986328
survset:support2,Weibull_AFT,9,50,6788,8.66025447845459,1,3.7416574954986572,0.9880027174949646,0.0119972825050354,7.4833149909973145,0.9477830529212952,0.052216947078704834,15.748015403747559,0.7665414214134216,0.23345857858657837
survset:support2,Weibull_AFT,9,50,6505,5.196152210235596,1,3.7416574954986572,0.22609856724739075,0.7739014327526093,7.4833149909973145,0.0013519534841179848,0.998648046515882,15.748015403747559,9.99999993922529e-09,0.9999999900000001
survset:support2,Weibull_AFT,9,50,6893,8.9442720413208,1,3.7416574954986572,0.9676761627197266,0.03232383728027344,7.4833149909973145,0.8641607761383057,0.13583922386169434,15.748015403747559,0.48492011427879333,0.5150798857212067
survset:support2,Weibull_AFT,9,50,7378,24.85960578918457,0,3.7416574954986572,0.9954667687416077,0.004533231258392334,7.4833149909973145,0.9800140857696533,0.01998591423034668,15.748015403747559,0.9047626256942749,0.0952373743057251
survset:support2,Weibull_AFT,9,50,5738,19.773719787597656,0,3.7416574954986572,0.9945351481437683,0.0054648518562316895,7.4833149909973145,0.9759455919265747,0.024054408073425293,15.748015403747559,0.8862940669059753,0.11370593309402466
survset:support2,Weibull_AFT,9,50,8179,18.867961883544922,1,3.7416574954986572,0.981576681137085,0.01842331886291504,7.4833149909973145,0.920697808265686,0.07930219173431396,15.748015403747559,0.6639143824577332,0.33608561754226685
survset:support2,Weibull_AFT,9,50,3183,20.124610900878906,0,3.7416574954986572,0.9930432438850403,0.006956756114959717,7.4833149909973145,0.9694573879241943,0.030542612075805664,15.748015403747559,0.8574656248092651,0.14253437519073486
survset:support2,Weibull_AFT,9,50,3951,2.8284270763397217,1,3.7416574954986572,0.5940859913825989,0.4059140086174011,7.4833149909973145,0.0988890752196312,0.9011109247803688,15.748015403747559,1.0434975592943374e-05,0.9999895650244071
survset:support2,Weibull_AFT,9,50,3287,2.2360680103302,1,3.7416574954986572,0.4735046625137329,0.5264953374862671,7.4833149909973145,0.036088887602090836,0.9639111123979092,15.748015403747559,7.05085696495189e-08,0.9999999294914304
survset:support2,Weibull_AFT,9,50,2908,14.560219764709473,1,3.7416574954986572,0.9854928255081177,0.014507174491882324,7.4833149909973145,0.9371314644813538,0.06286853551864624,15.748015403747559,0.7247735261917114,0.2752264738082886
survset:support2,Weibull_AFT,9,50,6537,14.456831932067871,1,3.7416574954986572,0.9938769340515137,0.006123065948486328,7.4833149909973145,0.9730789065361023,0.026921093463897705,15.748015403747559,0.8734630346298218,0.12653696537017822
survset:support2,Weibull_AFT,9,50,5107,2.2360680103302,1,3.7416574954986572,0.5610299110412598,0.43897008895874023,7.4833149909973145,0.07667850703001022,0.9233214929699898,15.748015403747559,2.9567738693003776e-06,0.9999970432261307
survset:support2,Weibull_AFT,9,50,4651,12.649110794067383,1,3.7416574954986572,0.9930089116096497,0.006991088390350342,7.4833149909973145,0.9693082571029663,0.03069174289703369,15.748015403747559,0.8568120002746582,0.1431879997253418
survset:support2,Weibull_AFT,9,50,4097,37.709415435791016,0,3.7416574954986572,0.9964431524276733,0.00355684757232666,7.4833149909973145,0.9842924475669861,0.015707552433013916,15.748015403747559,0.9245136380195618,0.07548636198043823
survset:support2,Weibull_AFT,9,50,1292,25.70992088317871,0,3.7416574954986572,0.9963363409042358,0.00366365909576416,7.4833149909973145,0.9838237762451172,0.016176223754882812,15.748015403747559,0.9223332405090332,0.0776667594909668
survset:support2,Weibull_AFT,9,50,4027,38.56163787841797,0,3.7416574954986572,0.997555136680603,0.0024448633193969727,7.4833149909973145,0.9891824126243591,0.01081758737564087,15.748015403747559,0.9475079774856567,0.05249202251434326
survset:support2,Weibull_AFT,9,50,6680,34.2344856262207,1,3.7416574954986572,0.9947587251663208,0.005241274833679199,7.4833149909973145,0.9769208431243896,0.02307915687561035,15.748015403747559,0.8906935453414917,0.1093064546585083
survset:support2,Weibull_AFT,9,50,7336,2.0,1,3.7416574954986572,0.4253842234611511,0.5746157765388489,7.4833149909973145,0.022416623309254646,0.9775833766907454,15.748015403747559,9.99999993922529e-09,0.9999999900000001
survset:support2,Weibull_AFT,9,50,3307,5.916079998016357,1,3.7416574954986572,0.667771577835083,0.332228422164917,7.4833149909973145,0.1662539690732956,0.8337460309267044,15.748015403747559,0.0001370916870655492,0.9998629083129345
survset:support2,Weibull_AFT,9,50,6400,10.0,1,3.7416574954986572,0.9933537840843201,0.006646215915679932,7.4833149909973145,0.9708051681518555,0.02919483184814453,15.748015403747559,0.8633916974067688,0.1366083025932312
survset:support2,Weibull_AFT,9,50,7650,20.615528106689453,0,3.7416574954986572,0.9966690540313721,0.0033309459686279297,7.4833149909973145,0.9852842688560486,0.014715731143951416,15.748015403747559,0.9291409850120544,0.07085901498794556
survset:support2,Weibull_AFT,9,50,5896,1.7320507764816284,1,3.7416574954986572,0.007387462072074413,0.9926125379279256,7.4833149909973145,9.99999993922529e-09,0.9999999900000001,15.748015403747559,9.99999993922529e-09,0.9999999900000001
survset:support2,Weibull_AFT,9,50,158,21.23676109313965,1,3.7416574954986572,0.9920219779014587,0.00797802209854126,7.4833149909973145,0.9650352001190186,0.034964799880981445,15.748015403747559,0.8382495045661926,0.16175049543380737
survset:support2,Weibull_AFT,9,50,1537,19.974985122680664,0,3.7416574954986572,0.9904863834381104,0.009513616561889648,7.4833149909973145,0.9584153294563293,0.041584670543670654,15.748015403747559,0.8101279139518738,0.18987208604812622
survset:support2,Weibull_AFT,9,50,3466,43.65776062011719,0,3.7416574954986572,0.9973303079605103,0.002669692039489746,7.4833149909973145,0.9881922006607056,0.011807799339294434,15.748015403747559,0.9428152441978455,0.05718475580215454
survset:support2,Weibull_AFT,9,50,6549,15.165750503540039,1,3.7416574954986572,0.9943609237670898,0.005639076232910156,7.4833149909973145,0.9751862287521362,0.02481377124786377,15.748015403747559,0.8828807473182678,0.11711925268173218
survset:support2,Weibull_AFT,9,50,1116,28.56571388244629,0,3.7416574954986572,0.9936932921409607,0.006306707859039307,7.4833149909973145,0.9722802639007568,0.027719736099243164,15.748015403747559,0.8699147701263428,0.13008522987365723
survset:support2,Weibull_AFT,9,50,8612,2.2360680103302,1,3.7416574954986572,0.24065180122852325,0.7593481987714767,7.4833149909973145,0.0017837588675320148,0.998216241132468,15.748015403747559,9.99999993922529e-09,0.9999999900000001
survset:support2,Weibull_AFT,9,50,260,10.24695110321045,1,3.7416574954986572,0.9962753057479858,0.00372469425201416,7.4833149909973145,0.9835559725761414,0.016444027423858643,15.748015403747559,0.9210894703865051,0.07891052961349487
survset:support2,Weibull_AFT,9,50,314,35.74912643432617,1,3.7416574954986572,0.9956801533699036,0.0043198466300964355,7.4833149909973145,0.9809479117393494,0.019052088260650635,15.748015403747559,0.9090445637702942,0.09095543622970581
survset:support2,Weibull_AFT,9,50,8404,4.123105525970459,1,3.7416574954986572,0.23465612530708313,0.7653438746929169,7.4833149909973145,0.0015945939812809229,0.9984054060187191,15.748015403747559,9.99999993922529e-09,0.9999999900000001
survset:support2,Weibull_AFT,9,50,6332,16.552946090698242,1,3.7416574954986572,0.9923617243766785,0.007638275623321533,7.4833149909973145,0.9665045738220215,0.033495426177978516,15.748015403747559,0.8445960283279419,0.1554039716720581
survset:support2,Weibull_AFT,9,50,4567,13.892443656921387,1,3.7416574954986572,0.9881318807601929,0.011868119239807129,7.4833149909973145,0.9483336210250854,0.05166637897491455,15.748015403747559,0.7687513828277588,0.2312486171722412
survset:support2,Weibull_AFT,9,50,3891,39.91240310668945,0,3.7416574954986572,0.9884997606277466,0.011500239372253418,7.4833149909973145,0.9499034881591797,0.05009651184082031,15.748015403747559,0.7750808596611023,0.2249191403388977
survset:support2,Weibull_AFT,9,50,317,2.0,1,3.7416574954986572,0.5187550187110901,0.4812449812889099,7.4833149909973145,0.054137300699949265,0.9458626993000507,15.748015403747559,5.264588480713428e-07,0.9999994735411519
survset:support2,Weibull_AFT,9,50,4627,30.182777404785156,0,3.7416574954986572,0.996799647808075,0.003200352191925049,7.4833149909973145,0.9858579635620117,0.014142036437988281,15.748015403747559,0.931826114654541,0.06817388534545898
survset:support2,Weibull_AFT,9,50,8812,2.6457512378692627,1,3.7416574954986572,0.42973774671554565,0.5702622532844543,7.4833149909973145,0.02345411293208599,0.976545887067914,15.748015403747559,9.99999993922529e-09,0.9999999900000001
survset:support2,Weibull_AFT,9,50,1571,3.605551242828369,1,3.7416574954986572,0.28548020124435425,0.7145197987556458,7.4833149909973145,0.0038103910628706217,0.9961896089371294,15.748015403747559,9.99999993922529e-09,0.9999999900000001
survset:support2,Weibull_AFT,9,50,2386,35.2703857421875,1,3.7416574954986572,0.9926250576972961,0.007374942302703857,7.4833149909973145,0.9676445722579956,0.032355427742004395,15.748015403747559,0.8495462536811829,0.15045374631881714
survset:support2,Weibull_AFT,9,50,3477,34.66987228393555,1,3.7416574954986572,0.9925311803817749,0.007468819618225098,7.4833149909973145,0.967238187789917,0.03276181221008301,15.748015403747559,0.847778856754303,0.15222114324569702
survset:support2,Weibull_AFT,9,50,7965,26.645824432373047,1,3.7416574954986572,0.9834343194961548,0.016565680503845215,7.4833149909973145,0.9284651875495911,0.07153481245040894,15.748015403747559,0.692148745059967,0.30785125494003296
survset:support2,Weibull_AFT,9,50,2032,40.853397369384766,0,3.7416574954986572,0.9967617988586426,0.003238201141357422,7.4833149909973145,0.9856916666030884,0.014308333396911621,15.748015403747559,0.9310473203659058,0.06895267963409424
survset:support2,Weibull_AFT,9,50,4188,36.86461639404297,0,3.7416574954986572,0.9846888780593872,0.015311121940612793,7.4833149909973145,0.9337395429611206,0.0662604570388794,15.748015403747559,0.7118613719940186,0.28813862800598145
survset:support2,Weibull_AFT,9,50,2800,10.344079971313477,1,3.7416574954986572,0.9894489049911499,0.010551095008850098,7.4833149909973145,0.9539627432823181,0.046037256717681885,15.748015403747559,0.7916402816772461,0.2083597183227539
survset:support2,Weibull_AFT,9,50,5325,14.933184623718262,1,3.7416574954986572,0.9896364808082581,0.010363519191741943,7.4833149909973145,0.9547666907310486,0.045233309268951416,15.748015403747559,0.7949532270431519,0.20504677295684814
survset:support2,Weibull_AFT,9,50,7835,11.789826393127441,1,3.7416574954986572,0.9855201840400696,0.01447981595993042,7.4833149909973145,0.937247097492218,0.06275290250778198,15.748015403747559,0.7252169847488403,0.27478301525115967
survset:support2,Weibull_AFT,9,50,4376,32.202484130859375,0,3.7416574954986572,0.998062014579773,0.0019379854202270508,7.4833149909973145,0.9914177656173706,0.008582234382629395,15.748015403747559,0.9581703543663025,0.04182964563369751
survset:support2,Weibull_AFT,9,50,780,36.810325622558594,0,3.7416574954986572,0.9932457208633423,0.006754279136657715,7.4833149909973145,0.9703357815742493,0.029664218425750732,15.748015403747559,0.8613241910934448,0.13867580890655518
survset:support2,Weibull_AFT,9,50,5624,21.02379608154297,0,3.7416574954986572,0.9958673715591431,0.004132628440856934,7.4833149909973145,0.9817678332328796,0.01823216676712036,15.748015403747559,0.9128175973892212,0.08718240261077881
survset:support2,Weibull_AFT,9,50,2561,23.494680404663086,1,3.7416574954986572,0.9878421425819397,0.012157857418060303,7.4833149909973145,0.9470987319946289,0.052901268005371094,15.748015403747559,0.7638015747070312,0.23619842529296875
survset:support2,Weibull_AFT,9,50,8559,6.855654716491699,1,3.7416574954986572,0.4871654808521271,0.5128345191478729,7.4833149909973145,0.040950383991003036,0.959049616008997,15.748015403747559,1.3192570236242318e-07,0.9999998680742976
survset:support2,Weibull_AFT,9,50,6062,3.7416574954986572,1,3.7416574954986572,0.2547089457511902,0.7452910542488098,7.4833149909973145,0.0022955446038395166,0.9977044553961605,15.748015403747559,9.99999993922529e-09,0.9999999900000001
survset:support2,Weibull_AFT,9,50,7347,25.27845001220703,0,3.7416574954986572,0.9956334233283997,0.004366576671600342,7.4833149909973145,0.980743408203125,0.019256591796875,15.748015403747559,0.9081054925918579,0.09189450740814209
survset:support2,Weibull_AFT,9,50,1144,20.663978576660156,1,3.7416574954986572,0.9900374412536621,0.00996255874633789,7.4833149909973145,0.9564866423606873,0.043513357639312744,15.748015403747559,0.8020778894424438,0.19792211055755615
survset:support2,Weibull_AFT,9,50,4001,2.0,1,3.7416574954986572,0.3865688443183899,0.6134311556816101,7.4833149909973145,0.014653170481324196,0.9853468295186758,15.748015403747559,9.99999993922529e-09,0.9999999900000001
survset:support2,Weibull_AFT,9,50,6168,42.01190185546875,0,3.7416574954986572,0.9949838519096375,0.005016148090362549,7.4833149909973145,0.977903425693512,0.022096574306488037,15.748015403747559,0.8951435089111328,0.10485649108886719
survset:support2,Weibull_AFT,9,50,701,26.739484786987305,1,3.7416574954986572,0.9951297044754028,0.004870295524597168,7.4833149909973145,0.9785406589508057,0.021459341049194336,15.748015403747559,0.8980388641357422,0.10196113586425781
survset:support2,Weibull_AFT,9,50,887,4.690415859222412,1,3.7416574954986572,0.5835157036781311,0.4164842963218689,7.4833149909973145,0.09130721539258957,0.9086927846074104,15.748015403747559,7.0266642069327645e-06,0.9999929733357931
survset:support2,Weibull_AFT,9,50,3898,3.605551242828369,1,3.7416574954986572,0.6376181244850159,0.36238187551498413,7.4833149909973145,0.13539652526378632,0.8646034747362137,15.748015403747559,4.954298128723167e-05,0.9999504570187128
survset:support2,Weibull_AFT,9,50,7744,18.547237396240234,0,3.7416574954986572,0.995154082775116,0.004845917224884033,7.4833149909973145,0.9786470532417297,0.021352946758270264,15.748015403747559,0.8985232710838318,0.10147672891616821
survset:support2,Weibull_AFT,9,50,3438,11.704699516296387,1,3.7416574954986572,0.9902816414833069,0.009718358516693115,7.4833149909973145,0.957535445690155,0.04246455430984497,15.748015403747559,0.806447446346283,0.19355255365371704
survset:support2,Weibull_AFT,9,50,3538,7.280109882354736,1,3.7416574954986572,0.43670129776000977,0.5632987022399902,7.4833149909973145,0.02519053779542446,0.9748094622045755,15.748015403747559,1.1863263260636359e-08,0.9999999881367367
survset:support2,Weibull_AFT,9,50,8302,33.689762115478516,1,3.7416574954986572,0.9862906336784363,0.01370936632156372,7.4833149909973145,0.9405070543289185,0.05949294567108154,15.748015403747559,0.7378082871437073,0.2621917128562927
survset:support2,Weibull_AFT,9,50,6969,6.633249759674072,1,3.7416574954986572,0.6234233379364014,0.37657666206359863,7.4833149909973145,0.12250753492116928,0.8774924650788307,15.748015403747559,3.0172190236044116e-05,0.999969827809764
survset:support2,Weibull_AFT,9,50,95,11.224971771240234,1,3.7416574954986572,0.9928585290908813,0.007141470909118652,7.4833149909973145,0.9686563014984131,0.031343698501586914,15.748015403747559,0.8539589047431946,0.14604109525680542
survset:support2,Weibull_AFT,9,50,931,29.614185333251953,1,3.7416574954986572,0.9959834218025208,0.004016578197479248,7.4833149909973145,0.982276201248169,0.017723798751831055,15.748015403747559,0.9151631593704224,0.08483684062957764
survset:support2,Weibull_AFT,9,50,3519,9.433980941772461,1,3.7416574954986572,0.9876629114151001,0.012337088584899902,7.4833149909973145,0.9463356137275696,0.05366438627243042,15.748015403747559,0.7607553005218506,0.23924469947814941
survset:support2,Weibull_AFT,9,50,6300,40.70626449584961,0,3.7416574954986572,0.9882141947746277,0.011785805225372314,7.4833149909973145,0.9486846327781677,0.051315367221832275,15.748015403747559,0.7701630592346191,0.22983694076538086
survset:support2,Weibull_AFT,9,50,7084,28.827070236206055,0,3.7416574954986572,0.993513286113739,0.006486713886260986,7.4833149909973145,0.9714979529380798,0.028502047061920166,15.748015403747559,0.8664504885673523,0.1335495114326477
survset:support2,Weibull_AFT,9,50,1657,9.219544410705566,1,3.7416574954986572,0.9869331121444702,0.013066887855529785,7.4833149909973145,0.9432323575019836,0.05676764249801636,15.748015403747559,0.7484681010246277,0.2515318989753723
survset:support2,Weibull_AFT,9,50,5172,25.238859176635742,0,3.7416574954986572,0.9943040013313293,0.005695998668670654,7.4833149909973145,0.9749380350112915,0.025061964988708496,15.748015403747559,0.8817673921585083,0.1182326078414917
survset:support2,Weibull_AFT,9,50,1442,3.1622776985168457,1,3.7416574954986572,0.4471461772918701,0.5528538227081299,7.4833149909973145,0.02798001654446125,0.9720199834555387,15.748015403747559,1.9967163922274267e-08,0.9999999800328361
survset:support2,Weibull_AFT,9,50,1364,8.0,1,3.7416574954986572,0.9887754321098328,0.011224567890167236,7.4833149909973145,0.9510810971260071,0.04891890287399292,15.748015403747559,0.7798561453819275,0.2201438546180725
survset:support2,Weibull_AFT,9,50,6572,5.196152210235596,1,3.7416574954986572,0.612221360206604,0.387778639793396,7.4833149909973145,0.11302483826875687,0.8869751617312431,15.748015403747559,2.023721390287392e-05,0.9999797627860971
survset:support2,Weibull_AFT,9,50,4432,31.811946868896484,0,3.7416574954986572,0.9957160949707031,0.004283905029296875,7.4833149909973145,0.9811052680015564,0.018894731998443604,15.748015403747559,0.9097675681114197,0.09023243188858032
survset:support2,Weibull_AFT,9,50,4277,36.06937789916992,0,3.7416574954986572,0.9964863657951355,0.003513634204864502,7.4833149909973145,0.9844821691513062,0.015517830848693848,15.748015403747559,0.9253972172737122,0.07460278272628784
survset:support2,Weibull_AFT,9,50,6290,5.196152210235596,1,3.7416574954986572,0.6736339330673218,0.3263660669326782,7.4833149909973145,0.17283785343170166,0.8271621465682983,15.748015403747559,0.0001661988062551245,0.9998338011937449
survset:support2,Weibull_AFT,9,50,6293,29.664793014526367,1,3.7416574954986572,0.9877715110778809,0.01222848892211914,7.4833149909973145,0.9467979669570923,0.053202033042907715,15.748015403747559,0.7625998854637146,0.2374001145362854
survset:support2,Weibull_AFT,9,50,5956,43.90899658203125,0,3.7416574954986572,0.9962113499641418,0.0037886500358581543,7.4833149909973145,0.9832754135131836,0.016724586486816406,15.748015403747559,0.9197874069213867,0.08021259307861328
survset:support2,Weibull_AFT,9,50,1112,28.600698471069336,0,3.7416574954986572,0.9911457896232605,0.008854210376739502,7.4833149909973145,0.9612536430358887,0.03874635696411133,15.748015403747559,0.8220913410186768,0.17790865898132324
survset:support2,Weibull_AFT,9,50,4771,16.881942749023438,1,3.7416574954986572,0.991577684879303,0.008422315120697021,7.4833149909973145,0.9631162285804749,0.036883771419525146,15.748015403747559,0.8300186991691589,0.16998130083084106
survset:support2,Weibull_AFT,9,50,244,42.97673797607422,0,3.7416574954986572,0.9964876770973206,0.0035123229026794434,7.4833149909973145,0.9844878315925598,0.015512168407440186,15.748015403747559,0.9254236221313477,0.07457637786865234
survset:support2,Weibull_AFT,9,50,8737,2.2360680103302,1,3.7416574954986572,0.4511629045009613,0.5488370954990387,7.4833149909973145,0.029114212840795517,0.9708857871592045,15.748015403747559,2.4314624980092958e-08,0.999999975685375
survset:support2,Weibull_AFT,9,50,2000,13.928388595581055,1,3.7416574954986572,0.9910181164741516,0.008981883525848389,7.4833149909973145,0.9607034921646118,0.039296507835388184,15.748015403747559,0.8197615742683411,0.18023842573165894
survset:support2,Weibull_AFT,9,50,3271,44.821868896484375,0,3.7416574954986572,0.9925258755683899,0.007474124431610107,7.4833149909973145,0.9672151803970337,0.03278481960296631,15.748015403747559,0.847679078578949,0.15232092142105103
survset:support2,Weibull_AFT,9,50,1807,43.20879364013672,0,3.7416574954986572,0.9940279722213745,0.005972027778625488,7.4833149909973145,0.9737361073493958,0.026263892650604248,15.748015403747559,0.8763914108276367,0.12360858917236328
survset:support2,Weibull_AFT,9,50,6547,14.59451961517334,1,3.7416574954986572,0.9768375754356384,0.023162424564361572,7.4833149909973145,0.9011099934577942,0.09889000654220581,15.748015403747559,0.596778154373169,0.40322184562683105
survset:support2,Weibull_AFT,9,50,1835,5.4772257804870605,1,3.7416574954986572,0.7337970733642578,0.2662029266357422,7.4833149909973145,0.25276440382003784,0.7472355961799622,15.748015403747559,0.0010939316125586629,0.9989060683874413
survset:support2,Weibull_AFT,9,50,1210,26.851442337036133,0,3.7416574954986572,0.9923639893531799,0.007636010646820068,7.4833149909973145,0.9665144085884094,0.033485591411590576,15.748015403747559,0.8446387648582458,0.15536123514175415
survset:support2,Weibull_AFT,9,50,4516,7.348469257354736,1,3.7416574954986572,0.7135975360870361,0.28640246391296387,7.4833149909973145,0.22328093647956848,0.7767190635204315,15.748015403747559,0.0005915077053941786,0.9994084922946058
survset:support2,Weibull_AFT,9,50,6348,12.767145156860352,1,3.7416574954986572,0.9971776008605957,0.002822399139404297,7.4833149909973145,0.9875199794769287,0.012480020523071289,15.748015403747559,0.9396399855613708,0.06036001443862915
survset:support2,Weibull_AFT,9,50,6423,39.37004089355469,0,3.7416574954986572,0.9907980561256409,0.00920194387435913,7.4833149909973145,0.9597561359405518,0.04024386405944824,15.748015403747559,0.8157618641853333,0.18423813581466675
survset:support2,Weibull_AFT,9,50,867,14.317821502685547,1,3.7416574954986572,0.9915894269943237,0.00841057300567627,7.4833149909973145,0.9631667733192444,0.036833226680755615,15.748015403747559,0.8302346467971802,0.16976535320281982
survset:support2,Weibull_AFT,9,50,3638,42.237422943115234,0,3.7416574954986572,0.9949637055397034,0.005036294460296631,7.4833149909973145,0.9778154492378235,0.022184550762176514,15.748015403747559,0.8947442770004272,0.10525572299957275
survset:support2,Weibull_AFT,9,50,5240,3.316624879837036,1,3.7416574954986572,0.39041945338249207,0.6095805466175079,7.4833149909973145,0.015312929637730122,0.9846870703622699,15.748015403747559,9.99999993922529e-09,0.9999999900000001
survset:support2,Weibull_AFT,9,50,8174,29.96664810180664,1,3.7416574954986572,0.9942469000816345,0.0057530999183654785,7.4833149909973145,0.9746893048286438,0.0253106951713562,15.748015403747559,0.880652666091919,0.11934733390808105
survset:support2,Weibull_AFT,9,50,4768,6.928203105926514,1,3.7416574954986572,0.727226197719574,0.272773802280426,7.4833149909973145,0.2428613156080246,0.7571386843919754,15.748015403747559,0.0008973064832389355,0.9991026935167611
survset:support2,Weibull_AFT,9,50,3688,8.306623458862305,1,3.7416574954986572,0.9928719997406006,0.007128000259399414,7.4833149909973145,0.9687146544456482,0.03128534555435181,15.748015403747559,0.8542139530181885,0.14578604698181152
survset:support2,Weibull_AFT,9,50,1317,7.549834251403809,1,3.7416574954986572,0.47778084874153137,0.5222191512584686,7.4833149909973145,0.03755970299243927,0.9624402970075607,15.748015403747559,8.595022649160455e-08,0.9999999140497735
survset:support2,Weibull_AFT,9,50,6531,38.05259704589844,0,3.7416574954986572,0.994767963886261,0.005232036113739014,7.4833149909973145,0.9769609570503235,0.023039042949676514,15.748015403747559,0.890874981880188,0.10912501811981201
survset:support2,Weibull_AFT,9,50,1418,23.0,0,3.7416574954986572,0.9943076968193054,0.00569230318069458,7.4833149909973145,0.9749540686607361,0.025045931339263916,15.748015403747559,0.8818393349647522,0.1181606650352478
survset:support2,Weibull_AFT,9,50,8708,28.42534065246582,0,3.7416574954986572,0.9933962225914001,0.0066037774085998535,7.4833149909973145,0.9709894061088562,0.0290105938911438,15.748015403747559,0.8642042279243469,0.13579577207565308
survset:support2,Weibull_AFT,9,50,53,23.151674270629883,1,3.7416574954986572,0.9898971319198608,0.01010286808013916,7.4833149909973145,0.955884575843811,0.044115424156188965,15.748015403747559,0.799578070640564,0.20042192935943604
survset:support2,Weibull_AFT,9,50,6984,11.180339813232422,1,3.7416574954986572,0.9926429986953735,0.007357001304626465,7.4833149909973145,0.9677224159240723,0.032277584075927734,15.748015403747559,0.8498851656913757,0.15011483430862427
survset:support2,Weibull_AFT,9,50,7961,9.949873924255371,1,3.7416574954986572,0.984404444694519,0.015595555305480957,7.4833149909973145,0.9325417280197144,0.06745827198028564,15.748015403747559,0.7073457837104797,0.29265421628952026
survset:support2,Weibull_AFT,9,50,7474,12.449899673461914,1,3.7416574954986572,0.9898996353149414,0.010100364685058594,7.4833149909973145,0.955895185470581,0.044104814529418945,15.748015403747559,0.7996221780776978,0.20037782192230225
survset:support2,Weibull_AFT,9,50,2847,13.490737915039062,1,3.7416574954986572,0.9875363707542419,0.012463629245758057,7.4833149909973145,0.9457969069480896,0.0542030930519104,15.748015403747559,0.7586109042167664,0.24138909578323364
survset:support2,Weibull_AFT,9,50,157,20.34699058532715,1,3.7416574954986572,0.9936318397521973,0.006368160247802734,7.4833149909973145,0.972012996673584,0.027987003326416016,15.748015403747559,0.8687300682067871,0.1312699317932129
survset:support2,Weibull_AFT,9,50,5817,23.237899780273438,1,3.7416574954986572,0.9934622645378113,0.006537735462188721,7.4833149909973145,0.9712762832641602,0.028723716735839844,15.748015403747559,0.865470826625824,0.13452917337417603
survset:support2,Weibull_AFT,9,50,306,4.0,1,3.7416574954986572,0.8165666460990906,0.18343335390090942,7.4833149909973145,0.406400203704834,0.593599796295166,15.748015403747559,0.011518768034875393,0.9884812319651246
survset:support2,Weibull_AFT,9,50,2547,31.52776527404785,0,3.7416574954986572,0.9909328818321228,0.009067118167877197,7.4833149909973145,0.9603365063667297,0.039663493633270264,15.748015403747559,0.818210244178772,0.18178975582122803
survset:support2,Weibull_AFT,9,50,6795,32.295509338378906,0,3.7416574954986572,0.9927313327789307,0.007268667221069336,7.4833149909973145,0.9681050777435303,0.03189492225646973,15.748015403747559,0.851552426815033,0.14844757318496704
survset:support2,Weibull_AFT,9,50,1353,2.0,1,3.7416574954986572,0.31103718280792236,0.6889628171920776,7.4833149909973145,0.005577261559665203,0.9944227384403348,15.748015403747559,9.99999993922529e-09,0.9999999900000001
survset:support2,Weibull_AFT,9,50,5853,2.8284270763397217,1,3.7416574954986572,0.7194586396217346,0.2805413603782654,7.4833149909973145,0.23154549300670624,0.7684545069932938,15.748015403747559,0.0007082918891683221,0.9992917081108317
survset:support2,Weibull_AFT,9,50,641,38.444766998291016,0,3.7416574954986572,0.9922605752944946,0.007739424705505371,7.4833149909973145,0.9660669565200806,0.033933043479919434,15.748015403747559,0.8427019119262695,0.15729808807373047
survset:support2,Weibull_AFT,9,50,8650,9.05538558959961,1,3.7416574954986572,0.9738854169845581,0.026114583015441895,7.4833149909973145,0.8890725374221802,0.11092746257781982,15.748015403747559,0.5582881569862366,0.4417118430137634
survset:support2,Weibull_AFT,9,50,917,3.316624879837036,1,3.7416574954986572,0.5275988578796387,0.47240114212036133,7.4833149909973145,0.05836024880409241,0.9416397511959076,15.748015403747559,7.639753221155843e-07,0.9999992360246779
survset:support2,Weibull_AFT,9,50,4786,4.898979663848877,1,3.7416574954986572,0.2665688097476959,0.7334311902523041,7.4833149909973145,0.002810009755194187,0.9971899902448058,15.748015403747559,9.99999993922529e-09,0.9999999900000001
survset:support2,Weibull_AFT,9,50,39,29.0,1,3.7416574954986572,0.9943873882293701,0.005612611770629883,7.4833149909973145,0.9753014445304871,0.02469855546951294,15.748015403747559,0.8833978772163391,0.11660212278366089
survset:support2,Weibull_AFT,9,50,278,42.50882339477539,0,3.7416574954986572,0.9955687522888184,0.004431247711181641,7.4833149909973145,0.9804604053497314,0.019539594650268555,15.748015403747559,0.9068071246147156,0.09319287538528442
survset:support2,Weibull_AFT,9,50,6660,5.4772257804870605,1,3.7416574954986572,0.5808268189430237,0.4191731810569763,7.4833149909973145,0.08945246785879135,0.9105475321412086,15.748015403747559,6.346943337121047e-06,0.9999936530566629
survset:support2,Weibull_AFT,9,50,3842,11.269427299499512,1,3.7416574954986572,0.9896525740623474,0.010347425937652588,7.4833149909973145,0.9548355937004089,0.045164406299591064,15.748015403747559,0.79523766040802,0.20476233959197998
survset:support2,Weibull_AFT,9,50,7989,10.816654205322266,1,3.7416574954986572,0.9888743758201599,0.011125624179840088,7.4833149909973145,0.9515039324760437,0.0484960675239563,15.748015403747559,0.7815764546394348,0.21842354536056519
survset:support2,Weibull_AFT,9,50,346,38.236106872558594,1,3.7416574954986572,0.9949062466621399,0.005093753337860107,7.4833149909973145,0.977564811706543,0.02243518829345703,15.748015403747559,0.8936078548431396,0.10639214515686035
survset:support2,Weibull_AFT,9,50,6343,23.83275032043457,1,3.7416574954986572,0.9942591786384583,0.005740821361541748,7.4833149909973145,0.9747429490089417,0.02525705099105835,15.748015403747559,0.8808931112289429,0.11910688877105713
survset:support2,Weibull_AFT,9,50,6091,2.0,1,3.7416574954986572,0.5438991785049438,0.45610082149505615,7.4833149909973145,0.06680873036384583,0.9331912696361542,15.748015403747559,1.493350737291621e-06,0.9999985066492627
survset:support2,Weibull_AFT,9,50,3761,31.827661514282227,1,3.7416574954986572,0.9955836534500122,0.004416346549987793,7.4833149909973145,0.980525553226471,0.019474446773529053,15.748015403747559,0.9071059226989746,0.09289407730102539
survset:support2,Weibull_AFT,9,50,8385,36.701499938964844,0,3.7416574954986572,0.9836550354957581,0.016344964504241943,7.4833149909973145,0.9293913841247559,0.07060861587524414,15.748015403747559,0.6955785751342773,0.30442142486572266
survset:support2,Weibull_AFT,9,50,4839,28.301942825317383,0,3.7416574954986572,0.9951527118682861,0.004847288131713867,7.4833149909973145,0.9786412119865417,0.021358788013458252,15.748015403747559,0.8984966278076172,0.10150337219238281
survset:support2,Weibull_AFT,9,50,7804,13.601470947265625,1,3.7416574954986572,0.9960287809371948,0.003971219062805176,7.4833149909973145,0.9824749231338501,0.017525076866149902,15.748015403747559,0.916081428527832,0.08391857147216797
survset:support2,Weibull_AFT,9,50,6763,19.92485809326172,1,3.7416574954986572,0.9933996200561523,0.006600379943847656,7.4833149909973145,0.971004068851471,0.028995931148529053,15.748015403747559,0.8642688989639282,0.13573110103607178
survset:support2,Weibull_AFT,9,50,2124,39.623226165771484,0,3.7416574954986572,0.9951074719429016,0.004892528057098389,7.4833149909973145,0.9784435629844666,0.021556437015533447,15.748015403747559,0.8975973129272461,0.1024026870727539
survset:support2,Weibull_AFT,9,50,5872,12.922847747802734,1,3.7416574954986572,0.9932326078414917,0.006767392158508301,7.4833149909973145,0.9702789783477783,0.02972102165222168,15.748015403747559,0.8610742688179016,0.1389257311820984
survset:support2,Weibull_AFT,9,50,6098,3.316624879837036,1,3.7416574954986572,0.6471555233001709,0.3528444766998291,7.4833149909973145,0.1446298211812973,0.8553701788187027,15.748015403747559,6.870918878121302e-05,0.9999312908112188
survset:support2,Weibull_AFT,9,50,234,29.933259963989258,1,3.7416574954986572,0.9920315146446228,0.007968485355377197,7.4833149909973145,0.9650763869285583,0.03492361307144165,15.748015403747559,0.838426947593689,0.16157305240631104
survset:support2,Weibull_AFT,9,50,837,10.440306663513184,1,3.7416574954986572,0.9941702485084534,0.005829751491546631,7.4833149909973145,0.9743555188179016,0.02564448118209839,15.748015403747559,0.8791587352752686,0.12084126472473145
survset:support2,Weibull_AFT,9,50,4867,3.464101552963257,1,3.7416574954986572,0.13616390526294708,0.8638360947370529,7.4833149909973145,0.00014203372120391577,0.9998579662787961,15.748015403747559,9.99999993922529e-09,0.9999999900000001
survset:support2,Weibull_AFT,9,50,5530,4.4721360206604,1,3.7416574954986572,0.4163103401660919,0.5836896598339081,7.4833149909973145,0.020368661731481552,0.9796313382685184,15.748015403747559,9.99999993922529e-09,0.9999999900000001
survset:support2,Weibull_AFT,9,50,5746,19.697715759277344,0,3.7416574954986572,0.9960342049598694,0.003965795040130615,7.4833149909973145,0.9824986457824707,0.017501354217529297,15.748015403747559,0.9161909818649292,0.0838090181350708
survset:support2,Weibull_AFT,9,50,1503,21.0,0,3.7416574954986572,0.9956912398338318,0.004308760166168213,7.4833149909973145,0.9809965491294861,0.019003450870513916,15.748015403747559,0.9092680215835571,0.09073197841644287
survset:support2,Weibull_AFT,9,50,836,5.0,1,3.7416574954986572,0.3217714726924896,0.6782285273075104,7.4833149909973145,0.00648476043716073,0.9935152395628393,15.748015403747559,9.99999993922529e-09,0.9999999900000001
survset:support2,Weibull_AFT,9,50,5770,19.05255889892578,0,3.7416574954986572,0.9953835606575012,0.004616439342498779,7.4833149909973145,0.9796501994132996,0.02034980058670044,15.748015403747559,0.9030982851982117,0.09690171480178833
survset:support2,Weibull_AFT,9,50,8632,29.883106231689453,0,3.7416574954986572,0.9941251873970032,0.005874812602996826,7.4833149909973145,0.9741594195365906,0.025840580463409424,15.748015403747559,0.8782817125320435,0.12171828746795654
survset:support2,Weibull_AFT,9,50,2411,4.582575798034668,1,3.7416574954986572,0.4509423077106476,0.5490576922893524,7.4833149909973145,0.02905101329088211,0.9709489867091179,15.748015403747559,2.405409205152864e-08,0.999999975945908
survset:support2,Weibull_AFT,9,50,6320,8.602325439453125,1,3.7416574954986572,0.9867432713508606,0.013256728649139404,7.4833149909973145,0.9424265623092651,0.05757343769073486,15.748015403747559,0.7453034520149231,0.2546965479850769
survset:support2,Weibull_AFT,9,50,6234,3.7416574954986572,1,3.7416574954986572,0.6822474002838135,0.3177525997161865,7.4833149909973145,0.18287597596645355,0.8171240240335464,15.748015403747559,0.00021987389482092112,0.9997801261051791
survset:support2,Weibull_AFT,9,50,3425,43.703548431396484,1,3.7416574954986572,0.9947219491004944,0.005278050899505615,7.4833149909973145,0.9767602682113647,0.023239731788635254,15.748015403747559,0.8899679780006409,0.11003202199935913
survset:support2,Weibull_AFT,9,50,2368,22.315914154052734,1,3.7416574954986572,0.9930445551872253,0.006955444812774658,7.4833149909973145,0.969463050365448,0.030536949634552002,15.748015403747559,0.8574904799461365,0.14250952005386353
survset:support2,Weibull_AFT,9,50,8333,37.53664779663086,0,3.7416574954986572,0.9938454627990723,0.006154537200927734,7.4833149909973145,0.9729418754577637,0.027058124542236328,15.748015403747559,0.8728532791137695,0.12714672088623047
survset:support2,Weibull_AFT,9,50,9066,20.124610900878906,0,3.7416574954986572,0.9958987832069397,0.004101216793060303,7.4833149909973145,0.981905460357666,0.018094539642333984,15.748015403747559,0.9134520292282104,0.08654797077178955
survset:support2,Weibull_AFT,9,50,7676,20.124610900878906,0,3.7416574954986572,0.9948861598968506,0.005113840103149414,7.4833149909973145,0.977476954460144,0.022523045539855957,15.748015403747559,0.8932099938392639,0.10679000616073608
survset:support2,Weibull_AFT,9,50,5565,4.242640495300293,1,3.7416574954986572,0.6326199769973755,0.3673800230026245,7.4833149909973145,0.13074390590190887,0.8692560940980911,15.748015403747559,4.165793507127091e-05,0.9999583420649287
survset:support2,Weibull_AFT,9,50,4733,3.464101552963257,1,3.7416574954986572,0.5262166261672974,0.47378337383270264,7.4833149909973145,0.057683948427438736,0.9423160515725613,15.748015403747559,7.210808234958677e-07,0.9999992789191765
survset:support2,Weibull_AFT,9,50,986,8.5440034866333,1,3.7416574954986572,0.993472695350647,0.006527304649353027,7.4833149909973145,0.9713214039802551,0.028678596019744873,15.748015403747559,0.8656701445579529,0.13432985544204712
survset:support2,Weibull_AFT,9,50,4528,17.233688354492188,1,3.7416574954986572,0.9935851693153381,0.006414830684661865,7.4833149909973145,0.9718101024627686,0.028189897537231445,15.748015403747559,0.8678315877914429,0.13216841220855713
survset:support2,Weibull_AFT,9,50,225,5.196152210235596,1,3.7416574954986572,0.5629295110702515,0.43707048892974854,7.4833149909973145,0.07783881574869156,0.9221611842513084,15.748015403747559,3.185323976140353e-06,0.9999968146760239
survset:support2,Weibull_AFT,9,50,8705,28.42534065246582,0,3.7416574954986572,0.9935407638549805,0.006459236145019531,7.4833149909973145,0.9716172814369202,0.028382718563079834,15.748015403747559,0.8669782280921936,0.1330217719078064
survset:support2,Weibull_AFT,9,50,4750,29.10326385498047,0,3.7416574954986572,0.9728567004203796,0.02714329957962036,7.4833149909973145,0.8849073052406311,0.1150926947593689,15.748015403747559,0.5454412698745728,0.45455873012542725
survset:support2,Weibull_AFT,9,50,3640,8.185352325439453,1,3.7416574954986572,0.9866032004356384,0.013396799564361572,7.4833149909973145,0.9418321251869202,0.058167874813079834,15.748015403747559,0.7429759502410889,0.25702404975891113
survset:support2,Weibull_AFT,9,50,4678,6.633249759674072,1,3.7416574954986572,0.5176994204521179,0.4823005795478821,7.4833149909973145,0.05364954099059105,0.946350459009409,15.748015403747559,5.033600700699026e-07,0.9999994966399299
survset:support2,Weibull_AFT,9,50,4063,4.690415859222412,1,3.7416574954986572,0.4516544044017792,0.5483455955982208,7.4833149909973145,0.029255405068397522,0.9707445949316025,15.748015403747559,2.490482664541105e-08,0.9999999750951734
survset:support2,Weibull_AFT,9,50,7741,18.601076126098633,0,3.7416574954986572,0.9953201413154602,0.004679858684539795,7.4833149909973145,0.9793728590011597,0.020627140998840332,15.748015403747559,0.9018316268920898,0.09816837310791016
survset:support2,Weibull_AFT,9,50,7619,20.976177215576172,0,3.7416574954986572,0.9964524507522583,0.0035475492477416992,7.4833149909973145,0.9843332767486572,0.015666723251342773,15.748015403747559,0.9247036576271057,0.07529634237289429
survset:support2,Weibull_AFT,9,50,568,3.7416574954986572,1,3.7416574954986572,0.4280734658241272,0.5719265341758728,7.4833149909973145,0.02305319532752037,0.9769468046724796,15.748015403747559,9.99999993922529e-09,0.9999999900000001
survset:support2,Weibull_AFT,9,50,8259,31.59113883972168,1,3.7416574954986572,0.9918969869613647,0.008103013038635254,7.4833149909973145,0.9644948840141296,0.03550511598587036,15.748015403747559,0.8359255194664001,0.16407448053359985
survset:support2,Weibull_AFT,9,50,18,3.872983455657959,1,3.7416574954986572,0.5490948557853699,0.4509051442146301,7.4833149909973145,0.06969141215085983,0.9303085878491402,15.748015403747559,1.8412448525850778e-06,0.9999981587551474
survset:support2,Weibull_AFT,9,50,6414,39.49683380126953,0,3.7416574954986572,0.9910355806350708,0.0089644193649292,7.4833149909973145,0.9607786536216736,0.039221346378326416,15.748015403747559,0.8200796842575073,0.17992031574249268
survset:support2,Weibull_AFT,9,50,3424,13.527749061584473,1,3.7416574954986572,0.9958711266517639,0.004128873348236084,7.4833149909973145,0.9817842245101929,0.01821577548980713,15.748015403747559,0.9128930568695068,0.08710694313049316
survset:support2,Weibull_AFT,9,50,3369,3.316624879837036,1,3.7416574954986572,0.6288256645202637,0.37117433547973633,7.4833149909973145,0.1272953748703003,0.8727046251296997,15.748015403747559,3.6487796023720875e-05,0.9999635122039763
survset:support2,Weibull_AFT,9,50,4674,4.898979663848877,1,3.7416574954986572,0.33851534128189087,0.6614846587181091,7.4833149909973145,0.008124244399368763,0.9918757556006312,15.748015403747559,9.99999993922529e-09,0.9999999900000001
survset:support2,Weibull_AFT,9,50,3755,41.29164505004883,0,3.7416574954986572,0.9940842986106873,0.005915701389312744,7.4833149909973145,0.9739812016487122,0.026018798351287842,15.748015403747559,0.8774855136871338,0.12251448631286621
survset:support2,Weibull_AFT,9,50,8856,10.099504470825195,1,3.7416574954986572,0.9828013181686401,0.017198681831359863,7.4833149909973145,0.9258127212524414,0.0741872787475586,15.748015403747559,0.6824015378952026,0.31759846210479736
survset:support2,Weibull_AFT,9,50,7340,2.2360680103302,1,3.7416574954986572,0.40712907910346985,0.5928709208965302,7.4833149909973145,0.018447140231728554,0.9815528597682714,15.748015403747559,9.99999993922529e-09,0.9999999900000001
survset:support2,Weibull_AFT,9,50,1972,5.830951690673828,1,3.7416574954986572,0.6610271334648132,0.33897286653518677,7.4833149909973145,0.15892170369625092,0.8410782963037491,15.748015403747559,0.00010962273518089205,0.9998903772648191
survset:support2,Weibull_AFT,9,50,7057,24.535688400268555,1,3.7416574954986572,0.9957505464553833,0.004249453544616699,7.4833149909973145,0.9812561869621277,0.018743813037872314,15.748015403747559,0.9104617238044739,0.08953827619552612
survset:support2,Weibull_AFT,9,50,6089,40.70626449584961,1,3.7416574954986572,0.9941339492797852,0.005866050720214844,7.4833149909973145,0.9741973280906677,0.025802671909332275,15.748015403747559,0.878451406955719,0.121548593044281
survset:support2,Weibull_AFT,9,50,6501,1.7320507764816284,1,3.7416574954986572,0.2988471984863281,0.7011528015136719,7.4833149909973145,0.004669514484703541,0.9953304855152965,15.748015403747559,9.99999993922529e-09,0.9999999900000001
survset:support2,Weibull_AFT,9,50,2592,11.0,1,3.7416574954986572,0.9894751310348511,0.010524868965148926,7.4833149909973145,0.9540750980377197,0.04592490196228027,15.748015403747559,0.7921026945114136,0.20789730548858643
survset:support2,Weibull_AFT,9,50,5407,23.25940704345703,0,3.7416574954986572,0.9962124228477478,0.0037875771522521973,7.4833149909973145,0.9832800030708313,0.0167199969291687,15.748015403747559,0.9198088645935059,0.08019113540649414
survset:support2,Weibull_AFT,9,50,6165,42.05948257446289,0,3.7416574954986572,0.9947264790534973,0.0052735209465026855,7.4833149909973145,0.9767799377441406,0.023220062255859375,15.748015403747559,0.8900569081306458,0.10994309186935425
survset:support2,Weibull_AFT,9,50,8068,38.820098876953125,1,3.7416574954986572,0.9787595868110657,0.021240413188934326,7.4833149909973145,0.909014880657196,0.09098511934280396,15.748015403747559,0.6231857538223267,0.37681424617767334
survset:support2,Weibull_AFT,9,50,7677,20.099750518798828,0,3.7416574954986572,0.9913248419761658,0.008675158023834229,7.4833149909973145,0.9620255827903748,0.037974417209625244,15.748015403747559,0.8253694772720337,0.1746305227279663
survset:support2,Weibull_AFT,9,50,735,37.30951690673828,0,3.7416574954986572,0.9961913228034973,0.0038086771965026855,7.4833149909973145,0.9831876158714294,0.016812384128570557,15.748015403747559,0.9193803668022156,0.08061963319778442
survset:support2,Weibull_AFT,9,50,6342,40.33608627319336,0,3.7416574954986572,0.9975367784500122,0.002463221549987793,7.4833149909973145,0.9891016483306885,0.010898351669311523,15.748015403747559,0.9471245408058167,0.05287545919418335
survset:support2,Weibull_AFT,9,50,952,2.0,1,3.7416574954986572,0.029513953253626823,0.9704860467463732,7.4833149909973145,1.5918315909857483e-07,0.9999998408168409,15.748015403747559,9.99999993922529e-09,0.9999999900000001
survset:support2,Weibull_AFT,9,50,7150,5.656854152679443,1,3.7416574954986572,0.6742534041404724,0.3257465958595276,7.4833149909973145,0.17354519665241241,0.8264548033475876,15.748015403747559,0.00016959810454864055,0.9998304018954514
survset:support2,Weibull_AFT,9,50,2166,38.65229797363281,1,3.7416574954986572,0.9935547709465027,0.0064452290534973145,7.4833149909973145,0.9716780781745911,0.028321921825408936,15.748015403747559,0.8672472238540649,0.13275277614593506
survset:support2,Weibull_AFT,9,50,5366,23.706539154052734,0,3.7416574954986572,0.9925985336303711,0.007401466369628906,7.4833149909973145,0.9675295948982239,0.03247040510177612,15.748015403747559,0.849045991897583,0.150954008102417
survset:support2,Weibull_AFT,9,50,812,36.37306594848633,0,3.7416574954986572,0.9931234121322632,0.006876587867736816,7.4833149909973145,0.9698050618171692,0.03019493818283081,15.748015403747559,0.858991265296936,0.14100873470306396
survset:support2,Weibull_AFT,9,50,1083,7.280109882354736,1,3.7416574954986572,0.5899494886398315,0.41005051136016846,7.4833149909973145,0.0958661362528801,0.9041338637471199,15.748015403747559,8.946426532929763e-06,0.9999910535734671
survset:support2,Weibull_AFT,9,50,8019,41.761226654052734,0,3.7416574954986572,0.9969198703765869,0.003080129623413086,7.4833149909973145,0.9863865971565247,0.013613402843475342,15.748015403747559,0.9343059062957764,0.06569409370422363
survset:support2,Weibull_AFT,9,50,2202,11.357816696166992,1,3.7416574954986572,0.9748825430870056,0.025117456912994385,7.4833149909973145,0.8931242227554321,0.10687577724456787,15.748015403747559,0.5710151791572571,0.4289848208427429
survset:support2,Weibull_AFT,9,50,1893,17.32050895690918,1,3.7416574954986572,0.9884760975837708,0.011523902416229248,7.4833149909973145,0.9498023986816406,0.050197601318359375,15.748015403747559,0.7746720314025879,0.2253279685974121
survset:support2,Weibull_AFT,9,50,3970,4.795831680297852,1,3.7416574954986572,0.6576036214828491,0.3423963785171509,7.4833149909973145,0.15529705584049225,0.8447029441595078,15.748015403747559,9.77747913566418e-05,0.9999022252086434
survset:support2,Weibull_AFT,9,50,8592,6.164413928985596,1,3.7416574954986572,0.3812892436981201,0.6187107563018799,7.4833149909973145,0.013784627430140972,0.986215372569859,15.748015403747559,9.99999993922529e-09,0.9999999900000001
survset:support2,Weibull_AFT,9,50,2026,3.1622776985168457,1,3.7416574954986572,0.5002157092094421,0.49978429079055786,7.4833149909973145,0.046054329723119736,0.9539456702768803,15.748015403747559,2.361682334139914e-07,0.9999997638317666
survset:support2,Weibull_AFT,9,50,5028,7.8102498054504395,1,3.7416574954986572,0.9866893291473389,0.013310670852661133,7.4833149909973145,0.9421975016593933,0.05780249834060669,15.748015403747559,0.7444059252738953,0.25559407472610474
survset:support2,Weibull_AFT,9,50,7647,12.767145156860352,1,3.7416574954986572,0.9870092868804932,0.012990713119506836,7.4833149909973145,0.9435558319091797,0.05644416809082031,15.748015403747559,0.7497413754463196,0.2502586245536804
survset:support2,Weibull_AFT,9,50,6746,2.0,1,3.7416574954986572,0.15698018670082092,0.8430198132991791,7.4833149909973145,0.00026724537019617856,0.9997327546298038,15.748015403747559,9.99999993922529e-09,0.9999999900000001
survset:support2,Weibull_AFT,9,50,1589,2.2360680103302,1,3.7416574954986572,0.1294780969619751,0.8705219030380249,7.4833149909973145,0.0001135627826442942,0.9998864372173557,15.748015403747559,9.99999993922529e-09,0.9999999900000001
survset:support2,Weibull_AFT,9,50,5984,2.2360680103302,1,3.7416574954986572,0.29667338728904724,0.7033266127109528,7.4833149909973145,0.004520473536103964,0.995479526463896,15.748015403747559,9.99999993922529e-09,0.9999999900000001
survset:support2,Weibull_AFT,9,50,5985,34.423828125,1,3.7416574954986572,0.9951271414756775,0.00487285852432251,7.4833149909973145,0.9785294532775879,0.02147054672241211,15.748015403747559,0.8979878425598145,0.10201215744018555
survset:support2,Weibull_AFT,9,50,2652,30.01666259765625,0,3.7416574954986572,0.9854364395141602,0.014563560485839844,7.4833149909973145,0.9368932843208313,0.0631067156791687,15.748015403747559,0.7238607406616211,0.2761392593383789
survset:support2,Weibull_AFT,9,50,5045,21.656408309936523,1,3.7416574954986572,0.9903836846351624,0.009616315364837646,7.4833149909973145,0.9579739570617676,0.04202604293823242,15.748015403747559,0.8082798719406128,0.1917201280593872
survset:support2,Weibull_AFT,9,50,3493,10.0,1,3.7416574954986572,0.9926019310951233,0.007398068904876709,7.4833149909973145,0.9675444960594177,0.032455503940582275,15.748015403747559,0.8491106033325195,0.15088939666748047
survset:support2,Weibull_AFT,9,50,616,22.89104652404785,1,3.7416574954986572,0.9915834069252014,0.008416593074798584,7.4833149909973145,0.9631407856941223,0.036859214305877686,15.748015403747559,0.8301236033439636,0.16987639665603638
survset:support2,Weibull_AFT,9,50,4028,16.852298736572266,1,3.7416574954986572,0.9910104274749756,0.008989572525024414,7.4833149909973145,0.960670530796051,0.039329469203948975,15.748015403747559,0.8196220397949219,0.18037796020507812
survset:support2,Weibull_AFT,9,50,6901,31.272991180419922,0,3.7416574954986572,0.9955071806907654,0.004492819309234619,7.4833149909973145,0.9801908731460571,0.01980912685394287,15.748015403747559,0.9055718779563904,0.09442812204360962
survset:support2,Weibull_AFT,9,50,7403,24.657655715942383,0,3.7416574954986572,0.9820008873939514,0.017999112606048584,7.4833149909973145,0.922467052936554,0.07753294706344604,15.748015403747559,0.6702631711959839,0.3297368288040161
survset:support2,Weibull_AFT,9,50,7007,8.062257766723633,1,3.7416574954986572,0.9855479598045349,0.014452040195465088,7.4833149909973145,0.937364399433136,0.06263560056686401,15.748015403747559,0.7256670594215393,0.2743329405784607
survset:support2,Weibull_AFT,9,50,5163,23.151674270629883,1,3.7416574954986572,0.9843832850456238,0.01561671495437622,7.4833149909973145,0.9324524402618408,0.06754755973815918,15.748015403747559,0.7070100903511047,0.29298990964889526
survset:support2,Weibull_AFT,9,50,4119,9.433980941772461,1,3.7416574954986572,0.9892022609710693,0.010797739028930664,7.4833149909973145,0.9529066681861877,0.047093331813812256,15.748015403747559,0.7873051762580872,0.21269482374191284
survset:support2,Weibull_AFT,9,50,3451,4.123105525970459,1,3.7416574954986572,0.26762282848358154,0.7323771715164185,7.4833149909973145,0.00285971537232399,0.997140284627676,15.748015403747559,9.99999993922529e-09,0.9999999900000001
survset:support2,Weibull_AFT,9,50,8383,11.704699516296387,1,3.7416574954986572,0.9928368330001831,0.0071631669998168945,7.4833149909973145,0.9685621857643127,0.031437814235687256,15.748015403747559,0.8535475134849548,0.14645248651504517
survset:support2,Weibull_AFT,9,50,4401,5.099019527435303,1,3.7416574954986572,0.5333151817321777,0.46668481826782227,7.4833149909973145,0.06122265011072159,0.9387773498892784,15.748015403747559,9.686563089417177e-07,0.9999990313436911
survset:support2,Weibull_AFT,9,50,1444,22.226110458374023,0,3.7416574954986572,0.9876784086227417,0.0123215913772583,7.4833149909973145,0.9464013576507568,0.053598642349243164,15.748015403747559,0.7610175013542175,0.23898249864578247
survset:support2,Weibull_AFT,9,50,7031,29.51270866394043,0,3.7416574954986572,0.9923781156539917,0.007621884346008301,7.4833149909973145,0.9665753841400146,0.03342461585998535,15.748015403747559,0.844902753829956,0.15509724617004395
survset:support2,Weibull_AFT,9,50,170,35.028560638427734,1,3.7416574954986572,0.9854381680488586,0.014561831951141357,7.4833149909973145,0.9369004964828491,0.06309950351715088,15.748015403747559,0.7238883376121521,0.2761116623878479
survset:support2,Weibull_AFT,9,50,9051,20.4939022064209,0,3.7416574954986572,0.9950175881385803,0.004982411861419678,7.4833149909973145,0.978050947189331,0.021949052810668945,15.748015403747559,0.8958132266998291,0.1041867733001709
survset:support2,Weibull_AFT,9,50,778,7.549834251403809,1,3.7416574954986572,0.5039963126182556,0.4960036873817444,7.4833149909973145,0.04762120172381401,0.952378798276186,15.748015403747559,2.7877428010469885e-07,0.9999997212257199
survset:support2,Weibull_AFT,9,50,6141,42.26109313964844,0,3.7416574954986572,0.9960678815841675,0.0039321184158325195,7.4833149909973145,0.9826462864875793,0.017353713512420654,15.748015403747559,0.9168736934661865,0.08312630653381348
survset:support2,Weibull_AFT,9,50,439,40.8166618347168,0,3.7416574954986572,0.9961604475975037,0.003839552402496338,7.4833149909973145,0.9830523133277893,0.016947686672210693,15.748015403747559,0.9187533259391785,0.08124667406082153
survset:support2,Weibull_AFT,9,50,2905,26.115129470825195,0,3.7416574954986572,0.994644284248352,0.005355715751647949,7.4833149909973145,0.976421594619751,0.023578405380249023,15.748015403747559,0.8884392380714417,0.11156076192855835
survset:support2,Weibull_AFT,9,50,6987,30.066593170166016,0,3.7416574954986572,0.9939224720001221,0.00607752799987793,7.4833149909973145,0.9732770323753357,0.026722967624664307,15.748015403747559,0.8743451237678528,0.12565487623214722
survset:support2,Weibull_AFT,9,50,5895,44.45222091674805,0,3.7416574954986572,0.9901926517486572,0.009807348251342773,7.4833149909973145,0.9571532011032104,0.04284679889678955,15.748015403747559,0.8048526048660278,0.19514739513397217
survset:support2,Weibull_AFT,9,50,353,4.582575798034668,1,3.7416574954986572,0.4840567111968994,0.5159432888031006,7.4833149909973145,0.03980196639895439,0.9601980336010456,15.748015403747559,1.1457443349627283e-07,0.9999998854255665
survset:support2,Weibull_AFT,9,50,8075,24.657655715942383,1,3.7416574954986572,0.9965586066246033,0.0034413933753967285,7.4833149909973145,0.9847993850708008,0.015200614929199219,15.748015403747559,0.926876425743103,0.07312357425689697
survset:support2,Weibull_AFT,9,50,4687,29.647933959960938,0,3.7416574954986572,0.9967716336250305,0.0032283663749694824,7.4833149909973145,0.9857349991798401,0.014265000820159912,15.748015403747559,0.9312501549720764,0.06874984502792358
survset:support2,Weibull_AFT,9,50,4793,28.600698471069336,0,3.7416574954986572,0.9924454689025879,0.007554531097412109,7.4833149909973145,0.9668669700622559,0.03313302993774414,15.748015403747559,0.8461671471595764,0.15383285284042358
survset:support2,Weibull_AFT,9,50,3310,9.380831718444824,1,3.7416574954986572,0.9860056042671204,0.013994395732879639,7.4833149909973145,0.9393001198768616,0.06069988012313843,15.748015403747559,0.7331265211105347,0.26687347888946533
survset:support2,Weibull_AFT,9,50,8626,14.628738403320312,1,3.7416574954986572,0.9808595180511475,0.01914048194885254,7.4833149909973145,0.9177125096321106,0.0822874903678894,15.748015403747559,0.6533107161521912,0.34668928384780884
survset:support2,Weibull_AFT,9,50,816,1.7320507764816284,1,3.7416574954986572,0.4307904541492462,0.5692095458507538,7.4833149909973145,0.023710474371910095,0.9762895256280899,15.748015403747559,9.99999993922529e-09,0.9999999900000001
survset:support2,Weibull_AFT,9,50,7549,22.158519744873047,0,3.7416574954986572,0.9974116086959839,0.0025883913040161133,7.4833149909973145,0.9885501861572266,0.011449813842773438,15.748015403747559,0.944509744644165,0.05549025535583496
survset:support2,Weibull_AFT,9,50,1211,3.1622776985168457,1,3.7416574954986572,0.46264398097991943,0.5373560190200806,7.4833149909973145,0.032553449273109436,0.9674465507268906,15.748015403747559,4.229261207910895e-08,0.9999999577073879
survset:support2,Weibull_AFT,9,50,3863,40.199501037597656,0,3.7416574954986572,0.9925937056541443,0.007406294345855713,7.4833149909973145,0.9675087928771973,0.032491207122802734,15.748015403747559,0.8489555716514587,0.15104442834854126
survset:support2,Weibull_AFT,9,50,5046,7.6157732009887695,1,3.7416574954986572,0.743606686592102,0.25639331340789795,7.4833149909973145,0.2681277394294739,0.7318722605705261,15.748015403747559,0.0014656457351520658,0.9985343542648479
survset:support2,Weibull_AFT,9,50,3341,5.099019527435303,1,3.7416574954986572,0.6476740837097168,0.3523259162902832,7.4833149909973145,0.1451454758644104,0.8548545241355896,15.748015403747559,6.993222632445395e-05,0.9999300677736755
survset:support2,Weibull_AFT,9,50,117,19.84943389892578,1,3.7416574954986572,0.9957028031349182,0.004297196865081787,7.4833149909973145,0.9810472130775452,0.018952786922454834,15.748015403747559,0.9095008373260498,0.0904991626739502
survset:support2,Weibull_AFT,9,50,7107,28.58321189880371,0,3.7416574954986572,0.9936994314193726,0.006300568580627441,7.4833149909973145,0.9723069071769714,0.027693092823028564,15.748015403747559,0.8700331449508667,0.1299668550491333
survset:support2,Weibull_AFT,9,50,8720,11.401754379272461,1,3.7416574954986572,0.9887584447860718,0.011241555213928223,7.4833149909973145,0.9510084986686707,0.048991501331329346,15.748015403747559,0.7795611023902893,0.2204388976097107
survset:support2,Weibull_AFT,9,50,8698,2.8284270763397217,1,3.7416574954986572,0.5267127752304077,0.4732872247695923,7.4833149909973145,0.0579260028898716,0.9420739971101284,15.748015403747559,7.362062319771212e-07,0.999999263793768
survset:support2,Weibull_AFT,9,50,6209,18.734994888305664,1,3.7416574954986572,0.993083655834198,0.006916344165802002,7.4833149909973145,0.9696325659751892,0.03036743402481079,15.748015403747559,0.8582339286804199,0.14176607131958008
survset:support2,Weibull_AFT,9,50,2974,4.242640495300293,1,3.7416574954986572,0.2674090564250946,0.7325909435749054,7.4833149909973145,0.002849579555913806,0.9971504204440862,15.748015403747559,9.99999993922529e-09,0.9999999900000001
survset:support2,Weibull_AFT,9,50,128,24.433584213256836,1,3.7416574954986572,0.9916622042655945,0.008337795734405518,7.4833149909973145,0.963481068611145,0.03651893138885498,15.748015403747559,0.8315784335136414,0.16842156648635864
survset:support2,Weibull_AFT,9,50,6441,8.0,1,3.7416574954986572,0.9542931914329529,0.04570680856704712,7.4833149909973145,0.8123076558113098,0.18769234418869019,15.748015403747559,0.3568153977394104,0.6431846022605896
survset:support2,Weibull_AFT,9,50,1693,8.485280990600586,1,3.7416574954986572,0.9905954599380493,0.009404540061950684,7.4833149909973145,0.9588842391967773,0.041115760803222656,15.748015403747559,0.8120946884155273,0.18790531158447266
survset:support2,Weibull_AFT,9,50,8682,20.273134231567383,1,3.7416574954986572,0.9881033301353455,0.011896669864654541,7.4833149909973145,0.9482119679450989,0.05178803205490112,15.748015403747559,0.768262505531311,0.23173749446868896
survset:support2,Weibull_AFT,9,50,7204,27.258026123046875,0,3.7416574954986572,0.9895796179771423,0.010420382022857666,7.4833149909973145,0.9545229077339172,0.045477092266082764,15.748015403747559,0.7939473390579224,0.20605266094207764
survset:support2,Weibull_AFT,9,50,9074,3.464101552963257,1,3.7416574954986572,0.3507677912712097,0.6492322087287903,7.4833149909973145,0.009514661505818367,0.9904853384941816,15.748015403747559,9.99999993922529e-09,0.9999999900000001
survset:support2,Weibull_AFT,9,50,7324,6.324555397033691,1,3.7416574954986572,0.4283193349838257,0.5716806650161743,7.4833149909973145,0.023112088441848755,0.9768879115581512,15.748015403747559,9.99999993922529e-09,0.9999999900000001
survset:support2,Weibull_AFT,9,50,5400,15.874507904052734,1,3.7416574954986572,0.9930281043052673,0.006971895694732666,7.4833149909973145,0.9693917036056519,0.030608296394348145,15.748015403747559,0.857177734375,0.142822265625
survset:support2,Weibull_AFT,9,50,3500,33.79349136352539,1,3.7416574954986572,0.9938100576400757,0.006189942359924316,7.4833149909973145,0.9727880358695984,0.02721196413040161,15.748015403747559,0.8721694946289062,0.12783050537109375
survset:support2,Weibull_AFT,9,50,8923,9.0,1,3.7416574954986572,0.9857162237167358,0.01428377628326416,7.4833149909973145,0.9380757808685303,0.06192421913146973,15.748015403747559,0.728401243686676,0.271598756313324
survset:support2,Weibull_AFT,9,50,3936,7.4833149909973145,1,3.7416574954986572,0.5765508413314819,0.42344915866851807,7.4833149909973145,0.08656323701143265,0.9134367629885674,15.748015403747559,5.393578703660751e-06,0.9999946064212963
survset:support2,Weibull_AFT,9,50,2939,25.65151023864746,0,3.7416574954986572,0.9943453073501587,0.005654692649841309,7.4833149909973145,0.975118100643158,0.02488189935684204,15.748015403747559,0.8825749754905701,0.11742502450942993
survset:support2,Weibull_AFT,9,50,4142,37.36308288574219,0,3.7416574954986572,0.9963672757148743,0.0036327242851257324,7.4833149909973145,0.9839593768119812,0.0160406231880188,15.748015403747559,0.9229637980461121,0.07703620195388794
survset:support2,Weibull_AFT,9,50,6208,8.0,1,3.7416574954986572,0.9751651883125305,0.024834811687469482,7.4833149909973145,0.8942753672599792,0.10572463274002075,15.748015403747559,0.5746731162071228,0.4253268837928772
survset:support2,Weibull_AFT,9,50,1315,25.219039916992188,0,3.7416574954986572,0.9958256483078003,0.004174351692199707,7.4833149909973145,0.9815849661827087,0.01841503381729126,15.748015403747559,0.9119750261306763,0.08802497386932373
survset:support2,Weibull_AFT,9,50,8451,3.464101552963257,1,3.7416574954986572,0.2751739025115967,0.7248260974884033,7.4833149909973145,0.0032360542099922895,0.9967639457900077,15.748015403747559,9.99999993922529e-09,0.9999999900000001
survset:support2,Weibull_AFT,9,50,5242,23.237899780273438,1,3.7416574954986572,0.9964998960494995,0.0035001039505004883,7.4833149909973145,0.9845415353775024,0.015458464622497559,15.748015403747559,0.9256739616394043,0.0743260383605957
survset:support2,Weibull_AFT,9,50,7189,27.422618865966797,0,3.7416574954986572,0.9954397082328796,0.004560291767120361,7.4833149909973145,0.9798957705497742,0.02010422945022583,15.748015403747559,0.9042211771011353,0.09577882289886475
survset:support2,Weibull_AFT,9,50,3897,4.690415859222412,1,3.7416574954986572,0.5482220649719238,0.45177793502807617,7.4833149909973145,0.06920058280229568,0.9307994171977043,15.748015403747559,1.7778475012164563e-06,0.9999982221524988
survset:support2,Weibull_AFT,9,50,1487,20.049938201904297,1,3.7416574954986572,0.993678629398346,0.006321370601654053,7.4833149909973145,0.9722164273262024,0.027783572673797607,15.748015403747559,0.8696316480636597,0.13036835193634033
survset:support2,Weibull_AFT,9,50,7623,20.952327728271484,0,3.7416574954986572,0.9954280853271484,0.0045719146728515625,7.4833149909973145,0.979844868183136,0.020155131816864014,15.748015403747559,0.903988242149353,0.09601175785064697
survset:support2,Weibull_AFT,9,50,4547,30.838287353515625,0,3.7416574954986572,0.9975183606147766,0.0024816393852233887,7.4833149909973145,0.9890204668045044,0.010979533195495605,15.748015403747559,0.9467393159866333,0.0532606840133667
survset:support2,Weibull_AFT,9,50,2088,40.074928283691406,0,3.7416574954986572,0.9955646991729736,0.004435300827026367,7.4833149909973145,0.9804427027702332,0.019557297229766846,15.748015403747559,0.9067259430885315,0.0932740569114685
survset:support2,Weibull_AFT,9,50,2682,9.433980941772461,1,3.7416574954986572,0.980165421962738,0.019834578037261963,7.4833149909973145,0.9148304462432861,0.08516955375671387,15.748015403747559,0.643202543258667,0.356797456741333
survset:support2,Weibull_AFT,9,50,7796,21.563858032226562,1,3.7416574954986572,0.9830026030540466,0.01699739694595337,7.4833149909973145,0.9266553521156311,0.0733446478843689,15.748015403747559,0.6854861378669739,0.3145138621330261
survset:support2,Weibull_AFT,9,50,4744,3.316624879837036,1,3.7416574954986572,0.5617014169692993,0.4382985830307007,7.4833149909973145,0.07708713412284851,0.9229128658771515,15.748015403747559,3.0357159630511887e-06,0.999996964284037
survset:support2,Weibull_AFT,9,50,8243,13.601470947265625,1,3.7416574954986572,0.9932881593704224,0.006711840629577637,7.4833149909973145,0.9705200791358948,0.029479920864105225,15.748015403747559,0.8621354103088379,0.1378645896911621
survset:support2,Weibull_AFT,9,50,895,17.72004508972168,1,3.7416574954986572,0.9895753264427185,0.010424673557281494,7.4833149909973145,0.9545046091079712,0.04549539089202881,15.748015403747559,0.7938719391822815,0.2061280608177185
survset:support2,Weibull_AFT,9,50,3657,14.662878036499023,1,3.7416574954986572,0.9969772100448608,0.00302278995513916,7.4833149909973145,0.9866385459899902,0.013361454010009766,15.748015403747559,0.9354895353317261,0.06451046466827393
survset:support2,Weibull_AFT,9,50,8154,7.745966911315918,1,3.7416574954986572,0.9876998662948608,0.01230013370513916,7.4833149909973145,0.9464927315711975,0.05350726842880249,15.748015403747559,0.7613817453384399,0.23861825466156006
survset:support2,Weibull_AFT,9,50,5103,15.905973434448242,1,3.7416574954986572,0.9919033646583557,0.008096635341644287,7.4833149909973145,0.9645224213600159,0.03547757863998413,15.748015403747559,0.8360438942909241,0.16395610570907593
survset:support2,Weibull_AFT,9,50,2785,3.1622776985168457,1,3.7416574954986572,0.6754902601242065,0.32450973987579346,7.4833149909973145,0.17496420443058014,0.8250357955694199,15.748015403747559,0.0001765849010553211,0.9998234150989447
survset:support2,Weibull_AFT,9,50,967,4.0,1,3.7416574954986572,0.36214232444763184,0.6378576755523682,7.4833149909973145,0.010964158922433853,0.9890358410775661,15.748015403747559,9.99999993922529e-09,0.9999999900000001
survset:support2,Weibull_AFT,9,50,3682,20.904544830322266,1,3.7416574954986572,0.9928486943244934,0.007151305675506592,7.4833149909973145,0.9686137437820435,0.03138625621795654,15.748015403747559,0.853772759437561,0.14622724056243896
survset:support2,Weibull_AFT,9,50,2773,28.42534065246582,0,3.7416574954986572,0.9967015981674194,0.0032984018325805664,7.4833149909973145,0.98542720079422,0.01457279920578003,15.748015403747559,0.9298095703125,0.0701904296875
survset:support2,Weibull_AFT,9,50,7753,44.94440841674805,0,3.7416574954986572,0.9959871768951416,0.0040128231048583984,7.4833149909973145,0.9822927713394165,0.017707228660583496,15.748015403747559,0.9152398109436035,0.08476018905639648
survset:support2,Weibull_AFT,9,50,5506,22.135944366455078,0,3.7416574954986572,0.9932041764259338,0.006795823574066162,7.4833149909973145,0.970155656337738,0.029844343662261963,15.748015403747559,0.8605319261550903,0.13946807384490967
survset:support2,Weibull_AFT,9,50,7274,26.21068572998047,0,3.7416574954986572,0.9942941069602966,0.005705893039703369,7.4833149909973145,0.9748951196670532,0.025104880332946777,15.748015403747559,0.8815749883651733,0.11842501163482666
survset:support2,Weibull_AFT,9,50,464,2.6457512378692627,1,3.7416574954986572,0.2930099666118622,0.7069900333881378,7.4833149909973145,0.00427766889333725,0.9957223311066628,15.748015403747559,9.99999993922529e-09,0.9999999900000001
survset:support2,Weibull_AFT,9,50,2509,31.93743896484375,0,3.7416574954986572,0.9872371554374695,0.012762844562530518,7.4833149909973145,0.9445241093635559,0.05547589063644409,15.748015403747559,0.753563404083252,0.24643659591674805
survset:support2,Weibull_AFT,9,50,276,42.53234100341797,0,3.7416574954986572,0.9946547746658325,0.0053452253341674805,7.4833149909973145,0.9764673709869385,0.023532629013061523,15.748015403747559,0.8886457085609436,0.1113542914390564
survset:support2,Weibull_AFT,9,50,3941,4.690415859222412,1,3.7416574954986572,0.6141611933708191,0.3858388066291809,7.4833149909973145,0.1146247610449791,0.8853752389550209,15.748015403747559,2.1697704141843133e-05,0.9999783022958582
survset:support2,Weibull_AFT,9,50,1398,23.388031005859375,0,3.7416574954986572,0.9910480976104736,0.008951902389526367,7.4833149909973145,0.9608325958251953,0.03916740417480469,15.748015403747559,0.8203079104423523,0.1796920895576477
survset:support2,Weibull_AFT,9,50,548,2.8284270763397217,1,3.7416574954986572,0.6928549408912659,0.30714505910873413,7.4833149909973145,0.19585222005844116,0.8041477799415588,15.748015403747559,0.0003088632656726986,0.9996911367343273
survset:support2,Weibull_AFT,9,50,1253,26.21068572998047,0,3.7416574954986572,0.9965707659721375,0.003429234027862549,7.4833149909973145,0.98485267162323,0.01514732837677002,15.748015403747559,0.9271252155303955,0.07287478446960449
survset:support2,Weibull_AFT,9,50,4625,16.093477249145508,1,3.7416574954986572,0.9868144392967224,0.013185560703277588,7.4833149909973145,0.9427286386489868,0.057271361351013184,15.748015403747559,0.7464886903762817,0.25351130962371826
survset:support2,Weibull_AFT,9,50,1045,2.2360680103302,1,3.7416574954986572,0.47224876284599304,0.527751237154007,7.4833149909973145,0.03566550835967064,0.9643344916403294,15.748015403747559,6.650197548196957e-08,0.9999999334980245
survset:support2,Weibull_AFT,9,50,4304,32.77193832397461,0,3.7416574954986572,0.9943978190422058,0.0056021809577941895,7.4833149909973145,0.9753468632698059,0.024653136730194092,15.748015403747559,0.8836019039154053,0.11639809608459473
survset:support2,Weibull_AFT,9,50,5800,18.65475845336914,0,3.7416574954986572,0.9887440204620361,0.011255979537963867,7.4833149909973145,0.9509469270706177,0.049053072929382324,15.748015403747559,0.7793108224868774,0.22068917751312256
survset:support2,Weibull_AFT,9,50,1849,42.731719970703125,0,3.7416574954986572,0.9955136179924011,0.004486382007598877,7.4833149909973145,0.9802191257476807,0.019780874252319336,15.748015403747559,0.905701220035553,0.09429877996444702
survset:support2,Weibull_AFT,9,50,3166,11.090536117553711,1,3.7416574954986572,0.9905295968055725,0.00947040319442749,7.4833149909973145,0.958601176738739,0.041398823261260986,15.748015403747559,0.8109069466590881,0.18909305334091187
survset:support2,Weibull_AFT,9,50,7177,3.464101552963257,1,3.7416574954986572,0.44766002893447876,0.5523399710655212,7.4833149909973145,0.028123172000050545,0.9718768279999495,15.748015403747559,2.0478763573805736e-08,0.9999999795212364
survset:support2,Weibull_AFT,9,50,4592,28.740215301513672,1,3.7416574954986572,0.9942929148674011,0.005707085132598877,7.4833149909973145,0.974889874458313,0.02511012554168701,15.748015403747559,0.8815514445304871,0.11844855546951294
survset:support2,Weibull_AFT,9,50,7934,9.591663360595703,1,3.7416574954986572,0.9902481436729431,0.009751856327056885,7.4833149909973145,0.9573914408683777,0.042608559131622314,15.748015403747559,0.8058462142944336,0.1941537857055664
survset:support2,Weibull_AFT,9,50,5815,19.416488647460938,1,3.7416574954986572,0.9871833920478821,0.01281660795211792,7.4833149909973145,0.9442957639694214,0.05570423603057861,15.748015403747559,0.7526606321334839,0.2473393678665161
survset:support2,Weibull_AFT,9,50,4896,27.838821411132812,0,3.7416574954986572,0.9900705814361572,0.009929418563842773,7.4833149909973145,0.9566289186477661,0.04337108135223389,15.748015403747559,0.8026695251464844,0.19733047485351562
survset:support2,Weibull_AFT,9,50,8601,30.495901107788086,0,3.7416574954986572,0.9941211342811584,0.005878865718841553,7.4833149909973145,0.9741417169570923,0.025858283042907715,15.748015403747559,0.8782026171684265,0.12179738283157349
survset:support2,Weibull_AFT,9,50,8816,16.703292846679688,1,3.7416574954986572,0.9906786680221558,0.009321331977844238,7.4833149909973145,0.9592422842979431,0.040757715702056885,15.748015403747559,0.8135989904403687,0.18640100955963135
survset:support2,Weibull_AFT,9,50,6374,39.87480545043945,1,3.7416574954986572,0.9922704696655273,0.007729530334472656,7.4833149909973145,0.9661097526550293,0.0338902473449707,15.748015403747559,0.8428869843482971,0.15711301565170288
survset:support2,Weibull_AFT,9,50,218,43.127716064453125,0,3.7416574954986572,0.9940267205238342,0.0059732794761657715,7.4833149909973145,0.9737305641174316,0.02626943588256836,15.748015403747559,0.8763667345046997,0.12363326549530029
survset:support2,Weibull_AFT,9,50,6819,29.068883895874023,1,3.7416574954986572,0.9910138845443726,0.008986115455627441,7.4833149909973145,0.9606854319572449,0.03931456804275513,15.748015403747559,0.8196852207183838,0.1803147792816162
survset:support2,Weibull_AFT,9,50,2393,36.34556198120117,0,3.7416574954986572,0.9952585101127625,0.004741489887237549,7.4833149909973145,0.9791036248207092,0.02089637517929077,15.748015403747559,0.9006032347679138,0.09939676523208618
survset:support2,Weibull_AFT,9,50,4503,29.4108829498291,1,3.7416574954986572,0.9925510883331299,0.007448911666870117,7.4833149909973145,0.9673241376876831,0.032675862312316895,15.748015403747559,0.8481525778770447,0.15184742212295532
survset:support2,Weibull_AFT,9,50,5521,21.97726058959961,0,3.7416574954986572,0.9946374297142029,0.005362570285797119,7.4833149909973145,0.9763915538787842,0.02360844612121582,15.748015403747559,0.8883036971092224,0.11169630289077759
survset:support2,Weibull_AFT,9,50,6687,31.11269760131836,1,3.7416574954986572,0.9954999089241028,0.004500091075897217,7.4833149909973145,0.9801592230796814,0.019840776920318604,15.748015403747559,0.9054268598556519,0.09457314014434814
survset:support2,Weibull_AFT,9,50,617,28.896366119384766,1,3.7416574954986572,0.9906362891197205,0.009363710880279541,7.4833149909973145,0.9590599536895752,0.040940046310424805,15.748015403747559,0.8128325939178467,0.18716740608215332
survset:support2,Weibull_AFT,9,50,3508,5.74456262588501,1,3.7416574954986572,0.42731407284736633,0.5726859271526337,7.4833149909973145,0.022872043773531914,0.9771279562264681,15.748015403747559,9.99999993922529e-09,0.9999999900000001
survset:support2,Weibull_AFT,9,50,3107,21.748563766479492,0,3.7416574954986572,0.9940755367279053,0.0059244632720947266,7.4833149909973145,0.9739431142807007,0.026056885719299316,15.748015403747559,0.8773154020309448,0.12268459796905518
survset:support2,Weibull_AFT,9,50,2133,2.8284270763397217,1,3.7416574954986572,0.3714257478713989,0.6285742521286011,7.4833149909973145,0.012269282713532448,0.9877307172864676,15.748015403747559,9.99999993922529e-09,0.9999999900000001
survset:support2,Weibull_AFT,9,50,8654,17.0880069732666,1,3.7416574954986572,0.9871127009391785,0.012887299060821533,7.4833149909973145,0.9439954161643982,0.05600458383560181,15.748015403747559,0.7514744997024536,0.2485255002975464
survset:support2,Weibull_AFT,9,50,7330,11.269427299499512,1,3.7416574954986572,0.9950436949729919,0.004956305027008057,7.4833149909973145,0.9781649708747864,0.021835029125213623,15.748015403747559,0.8963310122489929,0.10366898775100708
survset:support2,Weibull_AFT,9,50,7115,28.354894638061523,0,3.7416574954986572,0.9958899021148682,0.004110097885131836,7.4833149909973145,0.9818664193153381,0.018133580684661865,15.748015403747559,0.9132719039916992,0.08672809600830078
survset:support2,Weibull_AFT,9,50,8485,30.430248260498047,1,3.7416574954986572,0.9935924410820007,0.006407558917999268,7.4833149909973145,0.9718417525291443,0.028158247470855713,15.748015403747559,0.8679715991020203,0.13202840089797974
survset:support2,Weibull_AFT,9,50,2761,28.58321189880371,0,3.7416574954986572,0.9966938495635986,0.003306150436401367,7.4833149909973145,0.985393226146698,0.014606773853302002,15.748015403747559,0.9296505451202393,0.07034945487976074
survset:support2,Weibull_AFT,9,50,8974,12.727922439575195,1,3.7416574954986572,0.9883779883384705,0.011622011661529541,7.4833149909973145,0.9493837356567383,0.05061626434326172,15.748015403747559,0.7729806900024414,0.2270193099975586
survset:support2,Weibull_AFT,9,50,3858,29.44486427307129,1,3.7416574954986572,0.9945518970489502,0.005448102951049805,7.4833149909973145,0.9760186672210693,0.023981332778930664,15.748015403747559,0.8866231441497803,0.11337685585021973
survset:support2,Weibull_AFT,9,50,7831,2.4494898319244385,1,3.7416574954986572,0.4777192771434784,0.5222807228565216,7.4833149909973145,0.03753819689154625,0.9624618031084538,15.748015403747559,8.570656007123034e-08,0.9999999142934399
survset:support2,Weibull_AFT,9,50,6601,7.4833149909973145,1,3.7416574954986572,0.7826690673828125,0.2173309326171875,7.4833149909973145,0.33661821484565735,0.6633817851543427,15.748015403747559,0.004526946227997541,0.9954730537720025
survset:support2,Weibull_AFT,9,50,971,2.0,1,3.7416574954986572,0.452974796295166,0.547025203704834,7.4833149909973145,0.029637346044182777,0.9703626539558172,15.748015403747559,2.655889197455963e-08,0.999999973441108
survset:support2,Weibull_AFT,9,50,4369,19.05255889892578,1,3.7416574954986572,0.9940561056137085,0.005943894386291504,7.4833149909973145,0.9738584160804749,0.026141583919525146,15.748015403747559,0.8769373297691345,0.12306267023086548
survset:support2,Weibull_AFT,9,50,4013,9.949873924255371,1,3.7416574954986572,0.9945139288902283,0.0054860711097717285,7.4833149909973145,0.9758529663085938,0.02414703369140625,15.748015403747559,0.885877251625061,0.11412274837493896
survset:support2,Weibull_AFT,9,50,5829,44.933284759521484,0,3.7416574954986572,0.9927736520767212,0.007226347923278809,7.4833149909973145,0.9682883620262146,0.0317116379737854,15.748015403747559,0.8523518443107605,0.1476481556892395
survset:support2,Weibull_AFT,9,50,8181,39.57271957397461,0,3.7416574954986572,0.9893726110458374,0.010627388954162598,7.4833149909973145,0.953636109828949,0.046363890171051025,15.748015403747559,0.7902974486351013,0.20970255136489868
survset:support2,Weibull_AFT,9,50,3444,4.242640495300293,1,3.7416574954986572,0.8004772067070007,0.19952279329299927,7.4833149909973145,0.3720077872276306,0.6279922127723694,15.748015403747559,0.00743071036413312,0.9925692896358669
survset:support2,Weibull_AFT,9,50,1248,26.305892944335938,0,3.7416574954986572,0.991528332233429,0.008471667766571045,7.4833149909973145,0.9629032611846924,0.03709673881530762,15.748015403747559,0.829109251499176,0.17089074850082397
survset:support2,Weibull_AFT,9,50,5328,4.123105525970459,1,3.7416574954986572,0.44813838601112366,0.5518616139888763,7.4833149909973145,0.028256941586732864,0.9717430584132671,15.748015403747559,2.0966231417673953e-08,0.9999999790337686
survset:support2,Weibull_AFT,9,50,6206,20.44504737854004,1,3.7416574954986572,0.9902377724647522,0.009762227535247803,7.4833149909973145,0.9573469758033752,0.042653024196624756,15.748015403747559,0.8056607842445374,0.19433921575546265
survset:support2,Weibull_AFT,9,50,2942,25.63201141357422,0,3.7416574954986572,0.995527446269989,0.004472553730010986,7.4833149909973145,0.9802795648574829,0.01972043514251709,15.748015403747559,0.905978262424469,0.094021737575531
survset:support2,Weibull_AFT,9,50,5913,13.0,1,3.7416574954986572,0.9809877276420593,0.019012272357940674,7.4833149909973145,0.9182456731796265,0.08175432682037354,15.748015403747559,0.6551945209503174,0.3448054790496826
survset:support2,Weibull_AFT,9,50,8940,21.424285888671875,1,3.7416574954986572,0.9947631359100342,0.00523686408996582,7.4833149909973145,0.9769400358200073,0.023059964179992676,15.748015403747559,0.8907802104949951,0.10921978950500488
survset:support2,Weibull_AFT,9,50,574,39.306488037109375,0,3.7416574954986572,0.9873183369636536,0.012681663036346436,7.4833149909973145,0.9448692798614502,0.055130720138549805,15.748015403747559,0.7549294829368591,0.24507051706314087
survset:support2,Weibull_AFT,9,50,6443,31.73326301574707,1,3.7416574954986572,0.9920112490653992,0.00798875093460083,7.4833149909973145,0.964988648891449,0.035011351108551025,15.748015403747559,0.8380492329597473,0.16195076704025269
survset:support2,Weibull_AFT,9,50,3211,19.46792221069336,0,3.7416574954986572,0.9949654340744019,0.0050345659255981445,7.4833149909973145,0.9778229594230652,0.022177040576934814,15.748015403747559,0.8947784900665283,0.10522150993347168
survset:support2,Weibull_AFT,9,50,7103,19.209373474121094,1,3.7416574954986572,0.9945557713508606,0.005444228649139404,7.4833149909973145,0.976035475730896,0.023964524269104004,15.748015403747559,0.8866990208625793,0.11330097913742065
survset:support2,Weibull_AFT,9,50,7478,23.51595115661621,0,3.7416574954986572,0.9936384558677673,0.006361544132232666,7.4833149909973145,0.9720417261123657,0.027958273887634277,15.748015403747559,0.8688572645187378,0.1311427354812622
survset:support2,Weibull_AFT,9,50,4587,16.431676864624023,1,3.7416574954986572,0.9919707179069519,0.008029282093048096,7.4833149909973145,0.9648134708404541,0.0351865291595459,15.748015403747559,0.8372951745986938,0.16270482540130615
survset:support2,Weibull_AFT,9,50,2294,25.0,1,3.7416574954986572,0.9910225868225098,0.008977413177490234,7.4833149909973145,0.9607227444648743,0.03927725553512573,15.748015403747559,0.819843053817749,0.18015694618225098
survset:support2,Weibull_AFT,9,50,8362,3.0,1,3.7416574954986572,0.47717082500457764,0.5228291749954224,7.4833149909973145,0.03734708949923515,0.9626529105007648,15.748015403747559,8.356510505791448e-08,0.9999999164348949
survset:support2,Weibull_AFT,9,50,3555,21.283796310424805,1,3.7416574954986572,0.9955621957778931,0.004437804222106934,7.4833149909973145,0.9804316163063049,0.01956838369369507,15.748015403747559,0.9066751599311829,0.09332484006881714
survset:support2,Weibull_AFT,9,50,5661,20.59126091003418,0,3.7416574954986572,0.9962992668151855,0.003700733184814453,7.4833149909973145,0.9836610555648804,0.01633894443511963,15.748015403747559,0.9215773344039917,0.0784226655960083
survset:support2,Weibull_AFT,9,50,1650,4.582575798034668,1,3.7416574954986572,0.614966630935669,0.38503336906433105,7.4833149909973145,0.1152941882610321,0.8847058117389679,15.748015403747559,2.2333206288749352e-05,0.9999776667937113
survset:support2,Weibull_AFT,9,50,1484,21.44761085510254,0,3.7416574954986572,0.9922955632209778,0.007704436779022217,7.4833149909973145,0.966218113899231,0.03378188610076904,15.748015403747559,0.8433558344841003,0.15664416551589966
survset:support2,Weibull_AFT,9,50,4279,28.337255477905273,1,3.7416574954986572,0.9911263585090637,0.00887364149093628,7.4833149909973145,0.9611698389053345,0.03883016109466553,15.748015403747559,0.821736216545105,0.17826378345489502
survset:support2,Weibull_AFT,9,50,973,2.4494898319244385,1,3.7416574954986572,0.414756178855896,0.585243821144104,7.4833149909973145,0.020032960921525955,0.979967039078474,15.748015403747559,9.99999993922529e-09,0.9999999900000001
survset:support2,Weibull_AFT,9,50,6517,13.190905570983887,1,3.7416574954986572,0.9771388173103333,0.022861182689666748,7.4833149909973145,0.9023454785346985,0.09765452146530151,15.748015403747559,0.6008455753326416,0.3991544246673584
survset:support2,Weibull_AFT,9,50,4111,4.123105525970459,1,3.7416574954986572,0.4557231068611145,0.5442768931388855,7.4833149909973145,0.030444705858826637,0.9695552941411734,15.748015403747559,3.0344192936127e-08,0.9999999696558071
survset:support2,Weibull_AFT,9,50,803,36.51027297973633,0,3.7416574954986572,0.9950798749923706,0.0049201250076293945,7.4833149909973145,0.9783228039741516,0.02167719602584839,15.748015403747559,0.89704829454422,0.10295170545578003
survset:support2,Weibull_AFT,9,50,7452,24.0,0,3.7416574954986572,0.9850600957870483,0.01493990421295166,7.4833149909973145,0.9353045225143433,0.06469547748565674,15.748015403747559,0.7177959084510803,0.2822040915489197
survset:support2,Weibull_AFT,9,50,3851,40.28647232055664,0,3.7416574954986572,0.9938019514083862,0.0061980485916137695,7.4833149909973145,0.9727527499198914,0.027247250080108643,15.748015403747559,0.8720125555992126,0.12798744440078735
survset:support2,Weibull_AFT,9,50,8830,25.45584487915039,0,3.7416574954986572,0.9940217733383179,0.005978226661682129,7.4833149909973145,0.9737090468406677,0.026290953159332275,15.748015403747559,0.876270592212677,0.123729407787323
survset:support2,Weibull_AFT,9,50,4475,31.432466506958008,0,3.7416574954986572,0.9962462186813354,0.0037537813186645508,7.4833149909973145,0.9834282994270325,0.01657170057296753,15.748015403747559,0.9204968214035034,0.07950317859649658
survset:support2,Weibull_AFT,9,50,5477,3.0,1,3.7416574954986572,0.2455558031797409,0.7544441968202591,7.4833149909973145,0.0019510308047756553,0.9980489691952243,15.748015403747559,9.99999993922529e-09,0.9999999900000001
survset:support2,Weibull_AFT,9,50,7228,7.416198253631592,1,3.7416574954986572,0.6220657825469971,0.37793421745300293,7.4833149909973145,0.12132667005062103,0.878673329949379,15.748015403747559,2.8757629479514435e-05,0.9999712423705205
survset:support2,Weibull_AFT,9,50,6278,5.74456262588501,1,3.7416574954986572,0.3504498600959778,0.6495501399040222,7.4833149909973145,0.009476403705775738,0.9905235962942243,15.748015403747559,9.99999993922529e-09,0.9999999900000001
survset:support2,Weibull_AFT,9,50,5307,3.464101552963257,1,3.7416574954986572,0.594157338142395,0.405842661857605,7.4833149909973145,0.09894182533025742,0.9010581746697426,15.748015403747559,1.046260331349913e-05,0.9999895373966865
survset:support2,Weibull_AFT,9,50,7172,8.83176040649414,1,3.7416574954986572,0.9824722409248352,0.017527759075164795,7.4833149909973145,0.9244360327720642,0.07556396722793579,15.748015403747559,0.6773856282234192,0.3226143717765808
survset:support2,Weibull_AFT,9,50,1689,16.0,1,3.7416574954986572,0.9921264052391052,0.007873594760894775,7.4833149909973145,0.965486466884613,0.03451353311538696,15.748015403747559,0.8401947021484375,0.1598052978515625
survset:support2,Weibull_AFT,9,50,394,2.0,1,3.7416574954986572,0.7183069586753845,0.2816930413246155,7.4833149909973145,0.22990314662456512,0.7700968533754349,15.748015403747559,0.0006837333203293383,0.9993162666796707
survset:support2,Weibull_AFT,9,50,340,5.74456262588501,1,3.7416574954986572,0.744451642036438,0.255548357963562,7.4833149909973145,0.2694840729236603,0.7305159270763397,15.748015403747559,0.0015027703484520316,0.998497229651548
survset:support2,Weibull_AFT,9,50,6113,42.48529052734375,0,3.7416574954986572,0.9896296262741089,0.010370373725891113,7.4833149909973145,0.9547373652458191,0.04526263475418091,15.748015403747559,0.7948321104049683,0.20516788959503174
survset:support2,Weibull_AFT,9,50,6719,3.872983455657959,1,3.7416574954986572,0.42509183287620544,0.5749081671237946,7.4833149909973145,0.02234824001789093,0.9776517599821091,15.748015403747559,9.99999993922529e-09,0.9999999900000001
survset:support2,Weibull_AFT,9,50,4628,30.149627685546875,0,3.7416574954986572,0.9963177442550659,0.003682255744934082,7.4833149909973145,0.9837422370910645,0.016257762908935547,15.748015403747559,0.9219542741775513,0.07804572582244873
survset:support2,Weibull_AFT,9,50,8198,24.85960578918457,1,3.7416574954986572,0.9880660772323608,0.01193392276763916,7.4833149909973145,0.9480531811714172,0.051946818828582764,15.748015403747559,0.7676249146461487,0.23237508535385132
survset:support2,Weibull_AFT,9,50,4504,2.0,1,3.7416574954986572,0.19824744760990143,0.8017525523900986,7.4833149909973145,0.0007538653444498777,0.9992461346555501,15.748015403747559,9.99999993922529e-09,0.9999999900000001
survset:support2,Weibull_AFT,9,50,8201,19.621416091918945,1,3.7416574954986572,0.9936502575874329,0.006349742412567139,7.4833149909973145,0.9720931053161621,0.02790689468383789,15.748015403747559,0.8690851330757141,0.1309148669242859
survset:support2,Weibull_AFT,9,50,7718,2.8284270763397217,1,3.7416574954986572,0.758259117603302,0.241740882396698,7.4833149909973145,0.29241231083869934,0.7075876891613007,15.748015403747559,0.0022526653483510017,0.997747334651649
survset:support2,Weibull_AFT,9,50,2242,8.062257766723633,1,3.7416574954986572,0.9908760190010071,0.00912398099899292,7.4833149909973145,0.9600915908813477,0.039908409118652344,15.748015403747559,0.817176342010498,0.18282365798950195
survset:support2,Weibull_AFT,9,50,8398,36.45545196533203,0,3.7416574954986572,0.9951037168502808,0.004896283149719238,7.4833149909973145,0.9784271717071533,0.02157282829284668,15.748015403747559,0.8975228667259216,0.10247713327407837
survset:support2,Weibull_AFT,9,50,4263,3.605551242828369,1,3.7416574954986572,0.6257719397544861,0.3742280602455139,7.4833149909973145,0.1245715469121933,0.8754284530878067,15.748015403747559,3.277769428677857e-05,0.9999672223057132
survset:support2,Weibull_AFT,9,50,3537,2.2360680103302,1,3.7416574954986572,0.2952285706996918,0.7047714293003082,7.4833149909973145,0.004423472099006176,0.9955765279009938,15.748015403747559,9.99999993922529e-09,0.9999999900000001
survset:support2,Weibull_AFT,9,50,5426,19.92485809326172,1,3.7416574954986572,0.9953147172927856,0.0046852827072143555,7.4833149909973145,0.9793492555618286,0.020650744438171387,15.748015403747559,0.9017238616943359,0.09827613830566406
survset:support2,Weibull_AFT,9,50,1402,4.0,1,3.7416574954986572,0.45296546816825867,0.5470345318317413,7.4833149909973145,0.0296346303075552,0.9703653696924448,15.748015403747559,2.654682873526326e-08,0.9999999734531713
survset:support2,Weibull_AFT,9,50,2683,11.618949890136719,1,3.7416574954986572,0.989014208316803,0.010985791683197021,7.4833149909973145,0.95210200548172,0.04789799451828003,15.748015403747559,0.7840149402618408,0.21598505973815918
survset:support2,Weibull_AFT,9,50,6303,40.66939926147461,0,3.7416574954986572,0.9938600659370422,0.006139934062957764,7.4833149909973145,0.9730055332183838,0.02699446678161621,15.748015403747559,0.8731366395950317,0.12686336040496826
survset:support2,Weibull_AFT,9,50,3563,9.539392471313477,1,3.7416574954986572,0.9869235157966614,0.013076484203338623,7.4833149909973145,0.943191647529602,0.05680835247039795,15.748015403747559,0.748308002948761,0.251691997051239
survset:support2,Weibull_AFT,9,50,6787,10.29563045501709,1,3.7416574954986572,0.9925933480262756,0.007406651973724365,7.4833149909973145,0.9675074219703674,0.03249257802963257,15.748015403747559,0.8489493727684021,0.1510506272315979
survset:support2,Weibull_AFT,9,50,7801,7.4833149909973145,1,3.7416574954986572,0.7370818853378296,0.2629181146621704,7.4833149909973145,0.25783082842826843,0.7421691715717316,15.748015403747559,0.0012070301454514265,0.9987929698545486
survset:support2,Weibull_AFT,9,50,5497,22.226110458374023,0,3.7416574954986572,0.9923853278160095,0.0076146721839904785,7.4833149909973145,0.9666067361831665,0.033393263816833496,15.748015403747559,0.845038652420044,0.15496134757995605
survset:support2,Weibull_AFT,9,50,6931,30.838287353515625,0,3.7416574954986572,0.9838709235191345,0.01612907648086548,7.4833149909973145,0.9302980303764343,0.06970196962356567,15.748015403747559,0.6989488005638123,0.30105119943618774
survset:support2,Weibull_AFT,9,50,7072,28.930952072143555,0,3.7416574954986572,0.9951661229133606,0.004833877086639404,7.4833149909973145,0.9786996245384216,0.02130037546157837,15.748015403747559,0.8987624645233154,0.10123753547668457
survset:support2,Weibull_AFT,9,50,7104,26.60826873779297,1,3.7416574954986572,0.9907339811325073,0.009266018867492676,7.4833149909973145,0.9594804048538208,0.0405195951461792,15.748015403747559,0.8146006464958191,0.1853993535041809
survset:support2,Weibull_AFT,9,50,8065,41.08527755737305,0,3.7416574954986572,0.9964721202850342,0.0035278797149658203,7.4833149909973145,0.9844197034835815,0.015580296516418457,15.748015403747559,0.9251061677932739,0.07489383220672607
survset:support2,Weibull_AFT,9,50,8436,32.893768310546875,0,3.7416574954986572,0.9920204877853394,0.007979512214660645,7.4833149909973145,0.9650286436080933,0.03497135639190674,15.748015403747559,0.8382214903831482,0.1617785096168518
survset:support2,Weibull_AFT,9,50,7125,15.748015403747559,1,3.7416574954986572,0.990338146686554,0.009661853313446045,7.4833149909973145,0.9577780365943909,0.04222196340560913,15.748015403747559,0.8074608445167542,0.19253915548324585
survset:support2,Weibull_AFT,9,50,9071,3.316624879837036,1,3.7416574954986572,0.23128361999988556,0.7687163800001144,7.4833149909973145,0.0014952545752748847,0.9985047454247251,15.748015403747559,9.99999993922529e-09,0.9999999900000001
survset:support2,Weibull_AFT,9,50,4281,11.357816696166992,1,3.7416574954986572,0.9954574704170227,0.004542529582977295,7.4833149909973145,0.9799734950065613,0.02002650499343872,15.748015403747559,0.90457683801651,0.09542316198348999
survset:support2,Weibull_AFT,9,50,2787,28.142494201660156,0,3.7416574954986572,0.9958336353302002,0.004166364669799805,7.4833149909973145,0.9816199541091919,0.018380045890808105,15.748015403747559,0.9121360778808594,0.08786392211914062
survset:support2,Weibull_AFT,9,50,2485,19.92485809326172,1,3.7416574954986572,0.9827018976211548,0.017298102378845215,7.4833149909973145,0.9253964424133301,0.07460355758666992,15.748015403747559,0.6808817386627197,0.3191182613372803
survset:support2,Weibull_AFT,9,50,2920,25.980762481689453,0,3.7416574954986572,0.9959948658943176,0.004005134105682373,7.4833149909973145,0.9823265075683594,0.017673492431640625,15.748015403747559,0.9153954386711121,0.08460456132888794
survset:support2,Weibull_AFT,9,50,6036,2.6457512378692627,1,3.7416574954986572,0.5404048562049866,0.4595951437950134,7.4833149909973145,0.06492258608341217,0.9350774139165878,15.748015403747559,1.2956980981471133e-06,0.9999987043019019
survset:support2,Weibull_AFT,9,50,1793,42.35563659667969,1,3.7416574954986572,0.9944863319396973,0.005513668060302734,7.4833149909973145,0.9757327437400818,0.024267256259918213,15.748015403747559,0.8853364586830139,0.11466354131698608
survset:support2,Weibull_AFT,9,50,3297,10.770329475402832,1,3.7416574954986572,0.9953050017356873,0.004694998264312744,7.4833149909973145,0.979306697845459,0.020693302154541016,15.748015403747559,0.9015296101570129,0.09847038984298706
survset:support2,Weibull_AFT,9,50,8506,32.015621185302734,0,3.7416574954986572,0.9966764450073242,0.0033235549926757812,7.4833149909973145,0.985316812992096,0.014683187007904053,15.748015403747559,0.9292932152748108,0.07070678472518921
survset:support2,Weibull_AFT,9,50,2171,5.74456262588501,1,3.7416574954986572,0.4827643632888794,0.5172356367111206,7.4833149909973145,0.039331965148448944,0.9606680348515511,15.748015403747559,1.0802213523675164e-07,0.9999998919778648
survset:support2,Weibull_AFT,9,50,5214,3.0,1,3.7416574954986572,0.34520554542541504,0.654794454574585,7.4833149909973145,0.008862338960170746,0.9911376610398293,15.748015403747559,9.99999993922529e-09,0.9999999900000001
survset:support2,Weibull_AFT,9,50,6178,2.6457512378692627,1,3.7416574954986572,0.3730544447898865,0.6269455552101135,7.4833149909973145,0.012510146014392376,0.9874898539856076,15.748015403747559,9.99999993922529e-09,0.9999999900000001
survset:support2,Weibull_AFT,9,50,2241,4.242640495300293,1,3.7416574954986572,0.29982566833496094,0.7001743316650391,7.4833149909973145,0.004737831652164459,0.9952621683478355,15.748015403747559,9.99999993922529e-09,0.9999999900000001
survset:support2,Weibull_AFT,9,50,5832,3.0,1,3.7416574954986572,0.4614398181438446,0.5385601818561554,7.4833149909973145,0.03217864781618118,0.9678213521838188,15.748015403747559,3.993304176219681e-08,0.9999999600669582
survset:support2,Weibull_AFT,9,50,4776,28.827070236206055,0,3.7416574954986572,0.9951540231704712,0.004845976829528809,7.4833149909973145,0.9786469340324402,0.021353065967559814,15.748015403747559,0.8985225558280945,0.10147744417190552
survset:support2,Weibull_AFT,9,50,3184,7.745966911315918,1,3.7416574954986572,0.9842779040336609,0.01572209596633911,7.4833149909973145,0.9320091009140015,0.06799089908599854,15.748015403747559,0.7053452134132385,0.2946547865867615
survset:support2,Weibull_AFT,9,50,8437,6.244997978210449,1,3.7416574954986572,0.7311116456985474,0.26888835430145264,7.4833149909973145,0.24868004024028778,0.7513199597597122,15.748015403747559,0.001009058323688805,0.9989909416763112
survset:support2,Weibull_AFT,9,50,6718,10.0,1,3.7416574954986572,0.9945257902145386,0.005474209785461426,7.4833149909973145,0.9759047031402588,0.02409529685974121,15.748015403747559,0.886110246181488,0.11388975381851196
survset:support2,Weibull_AFT,9,50,2500,5.5677642822265625,1,3.7416574954986572,0.8013884425163269,0.1986115574836731,7.4833149909973145,0.3738930821418762,0.6261069178581238,15.748015403747559,0.007619282230734825,0.9923807177692652
survset:support2,Weibull_AFT,9,50,6943,17.34935188293457,1,3.7416574954986572,0.9898315072059631,0.010168492794036865,7.4833149909973145,0.9556030631065369,0.044396936893463135,15.748015403747559,0.7984114289283752,0.20158857107162476
survset:support2,Weibull_AFT,9,50,8274,38.470767974853516,0,3.7416574954986572,0.9963559508323669,0.0036440491676330566,7.4833149909973145,0.9839096665382385,0.016090333461761475,15.748015403747559,0.922732412815094,0.077267587184906
survset:support2,Weibull_AFT,9,50,6291,18.84144401550293,1,3.7416574954986572,0.996245801448822,0.0037541985511779785,7.4833149909973145,0.9834263920783997,0.016573607921600342,15.748015403747559,0.9204879403114319,0.07951205968856812
survset:support2,Weibull_AFT,9,50,1321,5.291502475738525,1,3.7416574954986572,0.8342931866645813,0.1657068133354187,7.4833149909973145,0.4470917284488678,0.5529082715511322,15.748015403747559,0.01848657988011837,0.9815134201198816
survset:support2,Weibull_AFT,9,50,7021,2.4494898319244385,1,3.7416574954986572,0.7501764893531799,0.24982351064682007,7.4833149909973145,0.27881473302841187,0.7211852669715881,15.748015403747559,0.00177900365088135,0.9982209963491186
survset:support2,Weibull_AFT,9,50,5346,14.106736183166504,1,3.7416574954986572,0.9901244044303894,0.009875595569610596,7.4833149909973145,0.9568598866462708,0.04314011335372925,15.748015403747559,0.8036307096481323,0.19636929035186768
survset:support2,Weibull_AFT,9,50,8553,20.952327728271484,1,3.7416574954986572,0.9878678321838379,0.01213216781616211,7.4833149909973145,0.9472082257270813,0.0527917742729187,15.748015403747559,0.7642393112182617,0.23576068878173828
survset:support2,Weibull_AFT,9,50,4996,7.549834251403809,1,3.7416574954986572,0.6927649974822998,0.3072350025177002,7.4833149909973145,0.1957392692565918,0.8042607307434082,15.748015403747559,0.0003079812740907073,0.9996920187259093
survset:support2,Weibull_AFT,9,50,308,2.2360680103302,1,3.7416574954986572,0.526363730430603,0.473636269569397,7.4833149909973145,0.05775563046336174,0.9422443695366383,15.748015403747559,7.255340506162611e-07,0.9999992744659494
survset:support2,Weibull_AFT,9,50,4694,29.580398559570312,0,3.7416574954986572,0.9926133751869202,0.007386624813079834,7.4833149909973145,0.9675939679145813,0.0324060320854187,15.748015403747559,0.8493261337280273,0.15067386627197266
survset:support2,Weibull_AFT,9,50,5915,1.7320507764816284,1,3.7416574954986572,0.24196234345436096,0.758037656545639,7.4833149909973145,0.0018273271853104234,0.9981726728146896,15.748015403747559,9.99999993922529e-09,0.9999999900000001
survset:support2,Weibull_AFT,9,50,3040,8.83176040649414,1,3.7416574954986572,0.9919307827949524,0.008069217205047607,7.4833149909973145,0.9646409749984741,0.03535902500152588,15.748015403747559,0.8365534543991089,0.1634465456008911
survset:support2,Weibull_AFT,9,50,3716,41.71330642700195,0,3.7416574954986572,0.990452229976654,0.009547770023345947,7.4833149909973145,0.9582685232162476,0.04173147678375244,15.748015403747559,0.809512734413147,0.19048726558685303
survset:support2,Weibull_AFT,9,50,1320,25.179357528686523,0,3.7416574954986572,0.9922128915786743,0.007787108421325684,7.4833149909973145,0.9658605456352234,0.03413945436477661,15.748015403747559,0.8418096303939819,0.15819036960601807
survset:support2,Weibull_AFT,9,50,178,4.4721360206604,1,3.7416574954986572,0.5467735528945923,0.4532264471054077,7.4833149909973145,0.0683918222784996,0.9316081777215004,15.748015403747559,1.6771967921158648e-06,0.9999983228032079
survset:support2,Weibull_AFT,9,50,4969,2.8284270763397217,1,3.7416574954986572,0.601923942565918,0.39807605743408203,7.4833149909973145,0.10481917858123779,0.8951808214187622,15.748015403747559,1.392764625052223e-05,0.9999860723537495
survset:support2,Weibull_AFT,9,50,1035,9.643651008605957,1,3.7416574954986572,0.987982451915741,0.012017548084259033,7.4833149909973145,0.9476965665817261,0.052303433418273926,15.748015403747559,0.7661946415901184,0.2338053584098816
survset:support2,Weibull_AFT,9,50,1163,27.910572052001953,0,3.7416574954986572,0.9939479231834412,0.006052076816558838,7.4833149909973145,0.9733876585960388,0.02661234140396118,15.748015403747559,0.8748377561569214,0.1251622438430786
survset:support2,Weibull_AFT,9,50,6305,24.95996856689453,1,3.7416574954986572,0.9921182990074158,0.007881700992584229,7.4833149909973145,0.9654515385627747,0.03454846143722534,15.748015403747559,0.8400440812110901,0.1599559187889099
survset:support2,Weibull_AFT,9,50,599,12.041594505310059,1,3.7416574954986572,0.9956573843955994,0.004342615604400635,7.4833149909973145,0.9808483123779297,0.019151687622070312,15.748015403747559,0.9085870385169983,0.09141296148300171
survset:support2,Weibull_AFT,9,50,8909,1.7320507764816284,1,3.7416574954986572,0.4633701741695404,0.5366298258304596,7.4833149909973145,0.032781101763248444,0.9672188982367516,15.748015403747559,4.377926288157141e-08,0.9999999562207371
survset:support2,Weibull_AFT,9,50,6862,31.62277603149414,0,3.7416574954986572,0.9933306574821472,0.006669342517852783,7.4833149909973145,0.9707046151161194,0.029295384883880615,15.748015403747559,0.8629483580589294,0.13705164194107056
survset:support2,Weibull_AFT,9,50,3185,20.0,0,3.7416574954986572,0.9944888949394226,0.005511105060577393,7.4833149909973145,0.9757440090179443,0.024255990982055664,15.748015403747559,0.8853869438171387,0.11461305618286133
survset:support2,Weibull_AFT,9,50,7451,24.0,0,3.7416574954986572,0.9956902265548706,0.0043097734451293945,7.4833149909973145,0.9809919595718384,0.01900804042816162,15.748015403747559,0.9092470407485962,0.09075295925140381
survset:support2,Weibull_AFT,9,50,6493,2.2360680103302,1,3.7416574954986572,0.4769130051136017,0.5230869948863983,7.4833149909973145,0.03725751116871834,0.9627424888312817,15.748015403747559,8.257619299456564e-08,0.999999917423807
survset:support2,Weibull_AFT,9,50,4368,2.2360680103302,1,3.7416574954986572,0.2777000069618225,0.7222999930381775,7.4833149909973145,0.0033701537176966667,0.9966298462823033,15.748015403747559,9.99999993922529e-09,0.9999999900000001
survset:support2,Weibull_AFT,9,50,191,43.46262741088867,0,3.7416574954986572,0.9964404106140137,0.003559589385986328,7.4833149909973145,0.9842803478240967,0.01571965217590332,15.748015403747559,0.9244571328163147,0.0755428671836853
survset:support2,Weibull_AFT,9,50,3123,21.44761085510254,0,3.7416574954986572,0.9943836331367493,0.005616366863250732,7.4833149909973145,0.9752851724624634,0.02471482753753662,15.748015403747559,0.8833249807357788,0.11667501926422119
survset:support2,Weibull_AFT,9,50,4619,2.4494898319244385,1,3.7416574954986572,0.311174601316452,0.688825398683548,7.4833149909973145,0.0055882190354168415,0.9944117809645832,15.748015403747559,9.99999993922529e-09,0.9999999900000001
survset:support2,Weibull_AFT,9,50,5158,11.313708305358887,1,3.7416574954986572,0.9838252067565918,0.016174793243408203,7.4833149909973145,0.9301058650016785,0.06989413499832153,15.748015403747559,0.698233425617218,0.301766574382782
survset:support2,Weibull_AFT,9,50,7279,20.02498435974121,1,3.7416574954986572,0.9945363402366638,0.005463659763336182,7.4833149909973145,0.9759507775306702,0.024049222469329834,15.748015403747559,0.8863174915313721,0.11368250846862793
survset:support2,Weibull_AFT,9,50,3887,19.697715759277344,1,3.7416574954986572,0.9924426674842834,0.007557332515716553,7.4833149909973145,0.9668549299240112,0.03314507007598877,15.748015403747559,0.8461148738861084,0.1538851261138916
survset:support2,Weibull_AFT,9,50,6812,1.7320507764816284,1,3.7416574954986572,0.1058691069483757,0.8941308930516243,7.4833149909973145,4.642723797587678e-05,0.9999535727620241,15.748015403747559,9.99999993922529e-09,0.9999999900000001
survset:support2,Weibull_AFT,9,50,6174,4.242640495300293,1,3.7416574954986572,0.6153615713119507,0.3846384286880493,7.4833149909973145,0.11562356352806091,0.8843764364719391,15.748015403747559,2.2651292965747416e-05,0.9999773487070343
survset:support2,Weibull_AFT,9,50,974,5.74456262588501,1,3.7416574954986572,0.5232886075973511,0.4767113924026489,7.4833149909973145,0.056271377950906754,0.9437286220490932,15.748015403747559,6.37683058357652e-07,0.9999993623169416
survset:support2,Weibull_AFT,9,50,5614,21.118711471557617,0,3.7416574954986572,0.99493008852005,0.005069911479949951,7.4833149909973145,0.9776688814163208,0.0223311185836792,15.748015403747559,0.8940797448158264,0.10592025518417358
survset:support2,Weibull_AFT,9,50,891,21.02379608154297,1,3.7416574954986572,0.9969123005867004,0.0030876994132995605,7.4833149909973145,0.9863530993461609,0.013646900653839111,15.748015403747559,0.9341486096382141,0.06585139036178589
survset:support2,Weibull_AFT,9,50,1477,3.464101552963257,1,3.7416574954986572,0.4164435565471649,0.5835564434528351,7.4833149909973145,0.02039763517677784,0.9796023648232222,15.748015403747559,9.99999993922529e-09,0.9999999900000001
survset:support2,Weibull_AFT,9,50,2315,2.6457512378692627,1,3.7416574954986572,0.5410362482070923,0.4589637517929077,7.4833149909973145,0.06526027619838715,0.9347397238016129,15.748015403747559,1.3294549034981173e-06,0.9999986705450965
survset:support2,Weibull_AFT,9,50,2454,14.966629981994629,1,3.7416574954986572,0.9874417781829834,0.012558221817016602,7.4833149909973145,0.9453943967819214,0.05460560321807861,15.748015403747559,0.7570118308067322,0.24298816919326782
survset:support2,Weibull_AFT,9,50,4227,7.937253952026367,1,3.7416574954986572,0.9916155338287354,0.008384466171264648,7.4833149909973145,0.9632794857025146,0.03672051429748535,15.748015403747559,0.8307164311408997,0.16928356885910034
survset:support2,Weibull_AFT,9,50,4901,12.041594505310059,1,3.7416574954986572,0.9801075458526611,0.019892454147338867,7.4833149909973145,0.9145904779434204,0.08540952205657959,15.748015403747559,0.6423665881156921,0.35763341188430786
survset:support2,Weibull_AFT,9,50,4222,15.620499610900879,1,3.7416574954986572,0.9953539967536926,0.004646003246307373,7.4833149909973145,0.9795209765434265,0.020479023456573486,15.748015403747559,0.9025079607963562,0.0974920392036438
survset:support2,Weibull_AFT,9,50,1419,22.97825050354004,0,3.7416574954986572,0.9968284368515015,0.003171563148498535,7.4833149909973145,0.9859845042228699,0.014015495777130127,15.748015403747559,0.9324192404747009,0.06758075952529907
survset:support2,Weibull_AFT,9,50,4325,3.0,1,3.7416574954986572,0.43746447563171387,0.5625355243682861,7.4833149909973145,0.025386735796928406,0.9746132642030716,15.748015403747559,1.2328436937991682e-08,0.9999999876715631
survset:support2,Weibull_AFT,9,50,565,10.14889144897461,1,3.7416574954986572,0.99307781457901,0.00692218542098999,7.4833149909973145,0.9696072340011597,0.030392765998840332,15.748015403747559,0.8581230044364929,0.14187699556350708
survset:support2,Weibull_AFT,9,50,948,31.33687973022461,0,3.7416574954986572,0.9942068457603455,0.005793154239654541,7.4833149909973145,0.9745149612426758,0.02548503875732422,15.748015403747559,0.87987220287323,0.12012779712677002
survset:support2,Weibull_AFT,9,50,1387,23.72762107849121,0,3.7416574954986572,0.9870350360870361,0.012964963912963867,7.4833149909973145,0.9436652660369873,0.056334733963012695,15.748015403747559,0.75017249584198,0.24982750415802002
survset:support2,Weibull_AFT,9,50,3567,4.242640495300293,1,3.7416574954986572,0.7566849589347839,0.24331504106521606,7.4833149909973145,0.2897246479988098,0.7102753520011902,15.748015403747559,0.0021518711000680923,0.9978481288999319
survset:support2,Weibull_AFT,9,50,292,17.57839584350586,1,3.7416574954986572,0.9905887842178345,0.009411215782165527,7.4833149909973145,0.9588556289672852,0.041144371032714844,15.748015403747559,0.8119745850563049,0.18802541494369507
survset:support2,Weibull_AFT,9,50,8859,25.05992889404297,0,3.7416574954986572,0.9972572922706604,0.0027427077293395996,7.4833149909973145,0.9878708720207214,0.012129127979278564,15.748015403747559,0.9412963390350342,0.05870366096496582
survset:support2,Weibull_AFT,9,50,8545,31.416555404663086,0,3.7416574954986572,0.9944236874580383,0.00557631254196167,7.4833149909973145,0.9754595160484314,0.024540483951568604,15.748015403747559,0.8841080665588379,0.11589193344116211
survset:support2,Weibull_AFT,9,50,6959,4.242640495300293,1,3.7416574954986572,0.028862740844488144,0.9711372591555119,7.4833149909973145,1.4415925875255198e-07,0.9999998558407412,15.748015403747559,9.99999993922529e-09,0.9999999900000001
survset:support2,Weibull_AFT,9,50,2,6.855654716491699,1,3.7416574954986572,0.7618691325187683,0.2381308674812317,7.4833149909973145,0.2986489534378052,0.7013510465621948,15.748015403747559,0.0025011138059198856,0.9974988861940801
survset:support2,Weibull_AFT,9,50,6047,16.031219482421875,1,3.7416574954986572,0.9953905344009399,0.004609465599060059,7.4833149909973145,0.9796806573867798,0.020319342613220215,15.748015403747559,0.903237521648407,0.09676247835159302
survset:support2,Weibull_AFT,9,50,1585,9.273618698120117,1,3.7416574954986572,0.986069917678833,0.013930082321166992,7.4833149909973145,0.9395723342895508,0.06042766571044922,15.748015403747559,0.7341803312301636,0.2658196687698364
survset:support2,Weibull_AFT,9,50,1355,18.973665237426758,1,3.7416574954986572,0.9924677014350891,0.007532298564910889,7.4833149909973145,0.9669632315635681,0.033036768436431885,15.748015403747559,0.8465849757194519,0.1534150242805481
survset:support2,Weibull_AFT,9,50,7622,20.952327728271484,0,3.7416574954986572,0.9972480535507202,0.002751946449279785,7.4833149909973145,0.9878300428390503,0.012169957160949707,15.748015403747559,0.9411035180091858,0.05889648199081421
survset:support2,Weibull_AFT,9,50,2216,5.830951690673828,1,3.7416574954986572,0.7440707087516785,0.25592929124832153,7.4833149909973145,0.2688719630241394,0.7311280369758606,15.748015403747559,0.0014859247021377087,0.9985140752978623
survset:support2,Weibull_AFT,9,50,3161,20.639766693115234,0,3.7416574954986572,0.9969548583030701,0.0030451416969299316,7.4833149909973145,0.9865404367446899,0.013459563255310059,15.748015403747559,0.9350283741950989,0.06497162580490112
survset:support2,Weibull_AFT,9,50,7576,21.725561141967773,0,3.7416574954986572,0.9956810474395752,0.004318952560424805,7.4833149909973145,0.9809518456459045,0.01904815435409546,15.748015403747559,0.9090625643730164,0.09093743562698364
survset:support2,Weibull_AFT,9,50,4449,2.0,1,3.7416574954986572,0.4299704432487488,0.5700295567512512,7.4833149909973145,0.02351059578359127,0.9764894042164087,15.748015403747559,9.99999993922529e-09,0.9999999900000001
survset:support2,Weibull_AFT,9,50,5602,2.6457512378692627,1,3.7416574954986572,0.40946632623672485,0.5905336737632751,7.4833149909973145,0.018922362476587296,0.9810776375234127,15.748015403747559,9.99999993922529e-09,0.9999999900000001
survset:support2,Weibull_AFT,9,50,1010,23.790754318237305,1,3.7416574954986572,0.9922900199890137,0.007709980010986328,7.4833149909973145,0.9661941528320312,0.03380584716796875,15.748015403747559,0.8432521224021912,0.15674787759780884
survset:support2,Weibull_AFT,9,50,431,25.495098114013672,1,3.7416574954986572,0.9774324297904968,0.022567570209503174,7.4833149909973145,0.9035507440567017,0.09644925594329834,15.748015403747559,0.6048347353935242,0.39516526460647583
survset:support2,Weibull_AFT,9,50,1261,9.746794700622559,1,3.7416574954986572,0.9924262166023254,0.0075737833976745605,7.4833149909973145,0.9667835235595703,0.03321647644042969,15.748015403747559,0.8458052277565002,0.15419477224349976
survset:support2,Weibull_AFT,9,50,4399,7.8102498054504395,1,3.7416574954986572,0.9844497442245483,0.01555025577545166,7.4833149909973145,0.9327322840690613,0.06726771593093872,15.748015403747559,0.7080627083778381,0.29193729162216187
survset:support2,Weibull_AFT,9,50,4844,15.81138801574707,1,3.7416574954986572,0.9840599894523621,0.01594001054763794,7.4833149909973145,0.9310926198959351,0.06890738010406494,15.748015403747559,0.7019135355949402,0.2980864644050598
survset:support2,Weibull_AFT,9,50,3759,1.7320507764816284,1,3.7416574954986572,0.2169780731201172,0.7830219268798828,7.4833149909973145,0.0011259190505370498,0.998874080949463,15.748015403747559,9.99999993922529e-09,0.9999999900000001
survset:support2,Weibull_AFT,9,50,4633,30.099834442138672,0,3.7416574954986572,0.9924224019050598,0.0075775980949401855,7.4833149909973145,0.9667672514915466,0.03323274850845337,15.748015403747559,0.8457345962524414,0.1542654037475586
survset:support2,Weibull_AFT,9,50,3835,9.0,1,3.7416574954986572,0.9938850402832031,0.006114959716796875,7.4833149909973145,0.9731141328811646,0.02688586711883545,15.748015403747559,0.8736197352409363,0.12638026475906372
survset:support2,Weibull_AFT,9,50,6220,41.496986389160156,0,3.7416574954986572,0.9966150522232056,0.0033849477767944336,7.4833149909973145,0.9850471019744873,0.014952898025512695,15.748015403747559,0.9280328750610352,0.07196712493896484
survset:support2,Weibull_AFT,9,50,5034,26.495283126831055,0,3.7416574954986572,0.9936875700950623,0.006312429904937744,7.4833149909973145,0.9722553491592407,0.027744650840759277,15.748015403747559,0.8698043823242188,0.13019561767578125
survset:support2,Weibull_AFT,9,50,846,32.66496658325195,0,3.7416574954986572,0.9966428279876709,0.0033571720123291016,7.4833149909973145,0.9851691722869873,0.014830827713012695,15.748015403747559,0.9286030530929565,0.07139694690704346
survset:support2,Weibull_AFT,9,50,7458,23.853721618652344,0,3.7416574954986572,0.9962282180786133,0.0037717819213867188,7.4833149909973145,0.9833495020866394,0.016650497913360596,15.748015403747559,0.9201312065124512,0.07986879348754883
survset:support2,Weibull_AFT,9,50,5910,36.110939025878906,1,3.7416574954986572,0.9929300546646118,0.007069945335388184,7.4833149909973145,0.9689664840698242,0.03103351593017578,15.748015403747559,0.8553153276443481,0.14468467235565186
survset:support2,Weibull_AFT,9,50,8214,39.3319206237793,0,3.7416574954986572,0.9952017664909363,0.004798233509063721,7.4833149909973145,0.978855550289154,0.021144449710845947,15.748015403747559,0.8994725942611694,0.10052740573883057
survset:support2,Weibull_AFT,9,50,4338,1.7320507764816284,1,3.7416574954986572,0.0010474373120814562,0.9989525626879185,7.4833149909973145,9.99999993922529e-09,0.9999999900000001,15.748015403747559,9.99999993922529e-09,0.9999999900000001
survset:support2,Weibull_AFT,9,50,168,23.30236053466797,1,3.7416574954986572,0.9947938919067383,0.005206108093261719,7.4833149909973145,0.9770742654800415,0.022925734519958496,15.748015403747559,0.8913871049880981,0.10861289501190186
survset:support2,Weibull_AFT,9,50,4492,31.28897476196289,0,3.7416574954986572,0.9970205426216125,0.002979457378387451,7.4833149909973145,0.9868292212486267,0.013170778751373291,15.748015403747559,0.9363860487937927,0.06361395120620728
survset:support2,Weibull_AFT,9,50,3470,2.2360680103302,1,3.7416574954986572,0.7023930549621582,0.2976069450378418,7.4833149909973145,0.20811928808689117,0.7918807119131088,15.748015403747559,0.00041741019231267273,0.9995825898076873
survset:support2,Weibull_AFT,9,50,6285,5.5677642822265625,1,3.7416574954986572,0.39469221234321594,0.6053077876567841,7.4833149909973145,0.016071710735559464,0.9839282892644405,15.748015403747559,9.99999993922529e-09,0.9999999900000001
survset:support2,Weibull_AFT,9,50,666,3.316624879837036,1,3.7416574954986572,0.49604129791259766,0.5039587020874023,7.4833149909973145,0.04437100142240524,0.9556289985775948,15.748015403747559,1.9636016190816008e-07,0.9999998036398381
survset:support2,Weibull_AFT,9,50,3641,2.8284270763397217,1,3.7416574954986572,0.7182071208953857,0.28179287910461426,7.4833149909973145,0.22976112365722656,0.7702388763427734,15.748015403747559,0.0006816418608650565,0.9993183581391349
survset:support2,Weibull_AFT,9,50,7983,17.0,1,3.7416574954986572,0.9803872108459473,0.019612789154052734,7.4833149909973145,0.9157506227493286,0.08424937725067139,15.748015403747559,0.6464161276817322,0.3535838723182678
survset:support2,Weibull_AFT,9,50,801,24.73863410949707,1,3.7416574954986572,0.9939796328544617,0.00602036714553833,7.4833149909973145,0.9735256433486938,0.026474356651306152,15.748015403747559,0.8754526972770691,0.12454730272293091
survset:support2,Weibull_AFT,9,50,933,21.817424774169922,1,3.7416574954986572,0.9904017448425293,0.009598255157470703,7.4833149909973145,0.9580515027046204,0.04194849729537964,15.748015403747559,0.8086044788360596,0.19139552116394043
survset:support2,Weibull_AFT,9,50,1713,6.78233003616333,1,3.7416574954986572,0.745460033416748,0.25453996658325195,7.4833149909973145,0.27110978960990906,0.7288902103900909,15.748015403747559,0.0015482533490285277,0.9984517466509715
survset:support2,Weibull_AFT,9,50,5578,21.470911026000977,0,3.7416574954986572,0.9943844676017761,0.005615532398223877,7.4833149909973145,0.9752886295318604,0.02471137046813965,15.748015403747559,0.8833404183387756,0.11665958166122437
survset:support2,Weibull_AFT,9,50,6271,33.0151481628418,1,3.7416574954986572,0.9945749044418335,0.005425095558166504,7.4833149909973145,0.9761189222335815,0.023881077766418457,15.748015403747559,0.8870749473571777,0.11292505264282227
survset:support2,Weibull_AFT,9,50,4246,36.33180236816406,0,3.7416574954986572,0.9931073784828186,0.0068926215171813965,7.4833149909973145,0.9697356224060059,0.03026437759399414,15.748015403747559,0.8586863279342651,0.14131367206573486
survset:support2,Weibull_AFT,9,50,249,2.8284270763397217,1,3.7416574954986572,0.3607352674007416,0.6392647325992584,7.4833149909973145,0.010776137933135033,0.989223862066865,15.748015403747559,9.99999993922529e-09,0.9999999900000001
survset:support2,Weibull_AFT,9,50,6006,2.2360680103302,1,3.7416574954986572,0.16721346974372864,0.8327865302562714,7.4833149909973145,0.0003538127930369228,0.9996461872069631,15.748015403747559,9.99999993922529e-09,0.9999999900000001
survset:support2,Weibull_AFT,9,50,6468,6.4031243324279785,1,3.7416574954986572,0.489632785320282,0.510367214679718,7.4833149909973145,0.04187998175621033,0.9581200182437897,15.748015403747559,1.4745418752681871e-07,0.9999998525458125
survset:support2,Weibull_AFT,9,50,1859,18.920886993408203,1,3.7416574954986572,0.9878906607627869,0.012109339237213135,7.4833149909973145,0.9473055601119995,0.05269443988800049,15.748015403747559,0.7646287679672241,0.23537123203277588
survset:support2,Weibull_AFT,9,50,4007,2.2360680103302,1,3.7416574954986572,0.5925671458244324,0.4074328541755676,7.4833149909973145,0.09777066111564636,0.9022293388843536,15.748015403747559,9.862857950793114e-06,0.9999901371420492
survset:support2,Weibull_AFT,9,50,1324,20.099750518798828,1,3.7416574954986572,0.9951173663139343,0.004882633686065674,7.4833149909973145,0.9784866571426392,0.02151334285736084,15.748015403747559,0.8977933526039124,0.10220664739608765
survset:support2,Weibull_AFT,9,50,1879,11.789826393127441,1,3.7416574954986572,0.9853931665420532,0.014606833457946777,7.4833149909973145,0.9367105960845947,0.06328940391540527,15.748015403747559,0.7231612801551819,0.2768387198448181
survset:support2,Weibull_AFT,9,50,2631,29.546573638916016,1,3.7416574954986572,0.9943124055862427,0.005687594413757324,7.4833149909973145,0.9749747514724731,0.025025248527526855,15.748015403747559,0.8819320797920227,0.1180679202079773
survset:support2,Weibull_AFT,9,50,8315,11.045360565185547,1,3.7416574954986572,0.9904125928878784,0.009587407112121582,7.4833149909973145,0.9580980539321899,0.04190194606781006,15.748015403747559,0.8087992072105408,0.19120079278945923
survset:support2,Weibull_AFT,9,50,177,43.577518463134766,0,3.7416574954986572,0.9828438758850098,0.017156124114990234,7.4833149909973145,0.9259907603263855,0.0740092396736145,15.748015403747559,0.6830521821975708,0.3169478178024292
survset:support2,Weibull_AFT,9,50,1392,23.55843734741211,0,3.7416574954986572,0.9968490600585938,0.00315093994140625,7.4833149909973145,0.9860751032829285,0.013924896717071533,15.748015403747559,0.9328441619873047,0.06715583801269531
survset:support2,Weibull_AFT,9,50,3713,5.5677642822265625,1,3.7416574954986572,0.5275596380233765,0.47244036197662354,7.4833149909973145,0.05834098160266876,0.9416590183973312,15.748015403747559,7.627258469256049e-07,0.9999992372741531
survset:support2,Weibull_AFT,9,50,3015,4.898979663848877,1,3.7416574954986572,0.3554348945617676,0.6445651054382324,7.4833149909973145,0.01009018998593092,0.9899098100140691,15.748015403747559,9.99999993922529e-09,0.9999999900000001
survset:support2,Weibull_AFT,9,50,5277,23.30236053466797,1,3.7416574954986572,0.9934406876564026,0.006559312343597412,7.4833149909973145,0.9711825847625732,0.028817415237426758,15.748015403747559,0.8650569319725037,0.13494306802749634
survset:support2,Weibull_AFT,9,50,6337,38.7685432434082,1,3.7416574954986572,0.9885264039039612,0.011473596096038818,7.4833149909973145,0.9500173330307007,0.049982666969299316,15.748015403747559,0.775541365146637,0.22445863485336304
survset:support2,Weibull_AFT,9,50,1985,32.202484130859375,1,3.7416574954986572,0.9893255233764648,0.010674476623535156,7.4833149909973145,0.9534343481063843,0.04656565189361572,15.748015403747559,0.7894688248634338,0.21053117513656616
survset:support2,Weibull_AFT,9,50,6759,32.75667953491211,0,3.7416574954986572,0.9869403839111328,0.013059616088867188,7.4833149909973145,0.9432633519172668,0.056736648082733154,15.748015403747559,0.7485899925231934,0.25141000747680664
survset:support2,Weibull_AFT,9,50,8099,26.134267807006836,1,3.7416574954986572,0.9939429759979248,0.006057024002075195,7.4833149909973145,0.9733663201332092,0.02663367986679077,15.748015403747559,0.8747426867485046,0.12525731325149536
survset:support2,Weibull_AFT,9,50,343,19.39072036743164,1,3.7416574954986572,0.9933788180351257,0.006621181964874268,7.4833149909973145,0.970913827419281,0.029086172580718994,15.748015403747559,0.8638707995414734,0.1361292004585266
survset:support2,Weibull_AFT,9,50,6395,11.045360565185547,1,3.7416574954986572,0.9859912991523743,0.014008700847625732,7.4833149909973145,0.939239501953125,0.060760498046875,15.748015403747559,0.732891857624054,0.26710814237594604
survset:support2,Weibull_AFT,9,50,7169,3.605551242828369,1,3.7416574954986572,0.5133466124534607,0.4866533875465393,7.4833149909973145,0.05167405679821968,0.9483259432017803,15.748015403747559,4.179310906238243e-07,0.9999995820689094
survset:support2,Weibull_AFT,9,50,5247,23.916521072387695,1,3.7416574954986572,0.9935204982757568,0.006479501724243164,7.4833149909973145,0.9715292453765869,0.028470754623413086,15.748015403747559,0.8665887713432312,0.1334112286567688
survset:support2,Weibull_AFT,9,50,8716,28.213472366333008,0,3.7416574954986572,0.9926994442939758,0.00730055570602417,7.4833149909973145,0.9679669141769409,0.03203308582305908,15.748015403747559,0.8509501814842224,0.1490498185157776
survset:support2,Weibull_AFT,9,50,8103,5.099019527435303,1,3.7416574954986572,0.572340726852417,0.427659273147583,7.4833149909973145,0.08378971368074417,0.9162102863192558,15.748015403747559,4.589493983075954e-06,0.9999954105060169
survset:support2,Weibull_AFT,9,50,839,4.242640495300293,1,3.7416574954986572,0.5336980223655701,0.46630197763442993,7.4833149909973145,0.061418160796165466,0.9385818392038345,15.748015403747559,9.84088501354563e-07,0.9999990159114986
survset:support2,Weibull_AFT,9,50,4803,4.0,1,3.7416574954986572,0.18994297087192535,0.8100570291280746,7.4833149909973145,0.000623330008238554,0.9993766699917614,15.748015403747559,9.99999993922529e-09,0.9999999900000001
survset:support2,Weibull_AFT,9,50,1309,25.357444763183594,0,3.7416574954986572,0.9921054244041443,0.007894575595855713,7.4833149909973145,0.965395987033844,0.034604012966156006,15.748015403747559,0.8398042917251587,0.1601957082748413
survset:support2,Weibull_AFT,9,50,7798,44.5421142578125,0,3.7416574954986572,0.9903199076652527,0.009680092334747314,7.4833149909973145,0.957699716091156,0.042300283908843994,15.748015403747559,0.8071335554122925,0.19286644458770752
survset:support2,Weibull_AFT,9,50,894,32.186954498291016,0,3.7416574954986572,0.9960758686065674,0.003924131393432617,7.4833149909973145,0.9826814532279968,0.017318546772003174,15.748015403747559,0.9170364141464233,0.08296358585357666
survset:support2,Weibull_AFT,9,50,2726,29.120439529418945,0,3.7416574954986572,0.9963493943214417,0.0036506056785583496,7.4833149909973145,0.9838809370994568,0.016119062900543213,15.748015403747559,0.9225989580154419,0.0774010419845581
survset:support2,Weibull_AFT,9,50,3554,18.601076126098633,1,3.7416574954986572,0.9942225217819214,0.005777478218078613,7.4833149909973145,0.9745832085609436,0.025416791439056396,15.748015403747559,0.8801776170730591,0.11982238292694092
survset:support2,Weibull_AFT,9,50,4756,2.4494898319244385,1,3.7416574954986572,0.2598651945590973,0.7401348054409027,7.4833149909973145,0.0025093411095440388,0.997490658890456,15.748015403747559,9.99999993922529e-09,0.9999999900000001
survset:support2,Weibull_AFT,9,50,8160,2.2360680103302,1,3.7416574954986572,0.5980427861213684,0.4019572138786316,7.4833149909973145,0.1018492728471756,0.8981507271528244,15.748015403747559,1.2077987776137888e-05,0.9999879220122239
survset:support2,Weibull_AFT,9,50,473,40.47221374511719,0,3.7416574954986572,0.992163360118866,0.007836639881134033,7.4833149909973145,0.9656462669372559,0.03435373306274414,15.748015403747559,0.8408843278884888,0.15911567211151123
survset:support2,Weibull_AFT,9,50,766,36.95943832397461,0,3.7416574954986572,0.9941021203994751,0.005897879600524902,7.4833149909973145,0.9740587472915649,0.02594125270843506,15.748015403747559,0.8778318762779236,0.12216812372207642
survset:support2,Weibull_AFT,9,50,5898,44.45222091674805,0,3.7416574954986572,0.9867968559265137,0.013203144073486328,7.4833149909973145,0.9426539540290833,0.05734604597091675,15.748015403747559,0.7461955547332764,0.25380444526672363
survset:support2,Weibull_AFT,9,50,7120,28.26658821105957,0,3.7416574954986572,0.9926328063011169,0.007367193698883057,7.4833149909973145,0.9676781892776489,0.032321810722351074,15.748015403747559,0.8496924638748169,0.1503075361251831
survset:support2,Weibull_AFT,9,50,3925,20.44504737854004,1,3.7416574954986572,0.9877840876579285,0.012215912342071533,7.4833149909973145,0.9468514323234558,0.05314856767654419,15.748015403747559,0.7628133893013,0.23718661069869995
survset:support2,Weibull_AFT,9,50,4546,6.0,1,3.7416574954986572,0.21896161139011383,0.7810383886098862,7.4833149909973145,0.0011723777279257774,0.9988276222720742,15.748015403747559,9.99999993922529e-09,0.9999999900000001
survset:support2,Weibull_AFT,9,50,5556,21.63330841064453,0,3.7416574954986572,0.993575394153595,0.006424605846405029,7.4833149909973145,0.9717677235603333,0.028232276439666748,15.748015403747559,0.8676438331604004,0.1323561668395996
survset:support2,Weibull_AFT,9,50,9065,5.916079998016357,1,3.7416574954986572,0.5399324893951416,0.4600675106048584,7.4833149909973145,0.06467078626155853,0.9353292137384415,15.748015403747559,1.2709758721030084e-06,0.9999987290241279
survset:support2,Weibull_AFT,9,50,7643,20.71231460571289,0,3.7416574954986572,0.9936050176620483,0.00639498233795166,7.4833149909973145,0.9718964695930481,0.028103530406951904,15.748015403747559,0.8682138919830322,0.13178610801696777
survset:support2,Weibull_AFT,9,50,3940,2.8284270763397217,1,3.7416574954986572,0.8180275559425354,0.1819724440574646,7.4833149909973145,0.40964072942733765,0.5903592705726624,15.748015403747559,0.011981338262557983,0.988018661737442
survset:support2,Weibull_AFT,9,50,1533,6.557438373565674,1,3.7416574954986572,0.6632508039474487,0.33674919605255127,7.4833149909973145,0.16131091117858887,0.8386890888214111,15.748015403747559,0.00011803951929323375,0.9998819604807068
survset:support2,Weibull_AFT,9,50,5753,6.082762718200684,1,3.7416574954986572,0.6060330271720886,0.3939669728279114,7.4833149909973145,0.10803619772195816,0.8919638022780418,15.748015403747559,1.617937596165575e-05,0.9999838206240383
survset:support2,Weibull_AFT,9,50,5997,8.602325439453125,1,3.7416574954986572,0.9856322407722473,0.014367759227752686,7.4833149909973145,0.9377206563949585,0.062279343605041504,15.748015403747559,0.7270353436470032,0.2729646563529968
survset:support2,Weibull_AFT,9,50,6623,3.1622776985168457,1,3.7416574954986572,0.36176174879074097,0.638238251209259,7.4833149909973145,0.010913056321442127,0.9890869436785579,15.748015403747559,9.99999993922529e-09,0.9999999900000001
survset:support2,Weibull_AFT,9,50,5341,23.916521072387695,0,3.7416574954986572,0.9960272312164307,0.003972768783569336,7.4833149909973145,0.98246830701828,0.01753169298171997,15.748015403747559,0.9160508513450623,0.08394914865493774
survset:support2,Weibull_AFT,9,50,5802,18.6279354095459,0,3.7416574954986572,0.9544625282287598,0.045537471771240234,7.4833149909973145,0.81294846534729,0.18705153465270996,15.748015403747559,0.35821297764778137,0.6417870223522186
survset:support2,Weibull_AFT,9,50,2689,5.196152210235596,1,3.7416574954986572,0.6311702132225037,0.36882978677749634,7.4833149909973145,0.12941785156726837,0.8705821484327316,15.748015403747559,3.960498725064099e-05,0.9999603950127494
survset:support2,Weibull_AFT,9,50,4905,5.74456262588501,1,3.7416574954986572,0.550966739654541,0.449033260345459,7.4833149909973145,0.07075328379869461,0.9292467162013054,15.748015403747559,1.984580876523978e-06,0.9999980154191235
survset:support2,Weibull_AFT,9,50,1670,14.832396507263184,1,3.7416574954986572,0.9946310520172119,0.005368947982788086,7.4833149909973145,0.9763637781143188,0.023636221885681152,15.748015403747559,0.8881784081459045,0.11182159185409546
survset:support2,Weibull_AFT,9,50,281,3.464101552963257,1,3.7416574954986572,0.4361441135406494,0.5638558864593506,7.4833149909973145,0.025048045441508293,0.9749519545584917,15.748015403747559,1.1534294408477308e-08,0.9999999884657056
survset:support2,Weibull_AFT,9,50,7840,38.39270782470703,1,3.7416574954986572,0.9850571155548096,0.01494288444519043,7.4833149909973145,0.9352920055389404,0.06470799446105957,15.748015403747559,0.7177481055259705,0.28225189447402954
survset:support2,Weibull_AFT,9,50,6927,30.91925048828125,0,3.7416574954986572,0.996631920337677,0.003368079662322998,7.4833149909973145,0.9851212501525879,0.01487874984741211,15.748015403747559,0.9283791184425354,0.0716208815574646
survset:support2,Weibull_AFT,9,50,4377,3.0,1,3.7416574954986572,0.34229207038879395,0.657707929611206,7.4833149909973145,0.008534792810678482,0.9914652071893215,15.748015403747559,9.99999993922529e-09,0.9999999900000001
survset:support2,Weibull_AFT,9,50,1911,7.874007701873779,1,3.7416574954986572,0.9859689474105835,0.014031052589416504,7.4833149909973145,0.939145028591156,0.060854971408843994,15.748015403747559,0.7325266003608704,0.26747339963912964
survset:support2,Weibull_AFT,9,50,2218,5.830951690673828,1,3.7416574954986572,0.7844235897064209,0.2155764102935791,7.4833149909973145,0.33998408913612366,0.6600159108638763,15.748015403747559,0.004755829926580191,0.9952441700734198
survset:support2,Weibull_AFT,9,50,263,42.67317581176758,0,3.7416574954986572,0.9943840503692627,0.005615949630737305,7.4833149909973145,0.9752869009971619,0.024713099002838135,15.748015403747559,0.8833327293395996,0.11666727066040039
survset:support2,Weibull_AFT,9,50,1379,13.45362377166748,1,3.7416574954986572,0.9916722774505615,0.008327722549438477,7.4833149909973145,0.9635244011878967,0.03647559881210327,15.748015403747559,0.8317638635635376,0.1682361364364624
survset:support2,Weibull_AFT,9,50,397,19.39072036743164,1,3.7416574954986572,0.9912692308425903,0.008730769157409668,7.4833149909973145,0.9617856740951538,0.03821432590484619,15.748015403747559,0.8243497014045715,0.17565029859542847
survset:support2,Weibull_AFT,9,50,3103,21.931713104248047,0,3.7416574954986572,0.9940851330757141,0.005914866924285889,7.4833149909973145,0.9739848375320435,0.026015162467956543,15.748015403747559,0.8775017857551575,0.12249821424484253
survset:support2,Weibull_AFT,9,50,8013,28.809720993041992,1,3.7416574954986572,0.9931411743164062,0.00685882568359375,7.4833149909973145,0.9698822498321533,0.03011775016784668,15.748015403747559,0.8593301773071289,0.1406698226928711
survset:support2,Weibull_AFT,9,50,8246,15.329710006713867,1,3.7416574954986572,0.9853729009628296,0.01462709903717041,7.4833149909973145,0.9366250038146973,0.06337499618530273,15.748015403747559,0.7228338718414307,0.27716612815856934
survset:support2,Weibull_AFT,9,50,8470,1.7320507764816284,1,3.7416574954986572,0.24848468601703644,0.7515153139829636,7.4833149909973145,0.0020565749146044254,0.9979434250853956,15.748015403747559,9.99999993922529e-09,0.9999999900000001
survset:support2,Weibull_AFT,9,50,6065,18.055469512939453,1,3.7416574954986572,0.9917609691619873,0.008239030838012695,7.4833149909973145,0.9639075994491577,0.036092400550842285,15.748015403747559,0.833405077457428,0.16659492254257202
survset:support2,Weibull_AFT,9,50,1220,3.464101552963257,1,3.7416574954986572,0.17578819394111633,0.8242118060588837,7.4833149909973145,0.0004418500466272235,0.9995581499533728,15.748015403747559,9.99999993922529e-09,0.9999999900000001
survset:support2,Weibull_AFT,9,50,6151,42.154476165771484,0,3.7416574954986572,0.9946721196174622,0.005327880382537842,7.4833149909973145,0.9765428304672241,0.02345716953277588,15.748015403747559,0.8889862298965454,0.11101377010345459
