dataset,method,run_id,seed,sample_id,observed_time,event,horizon_t25,pred_survival_t25,pred_risk_t25,horizon_t50,pred_survival_t50,pred_risk_t50,horizon_t75,pred_survival_t75,pred_risk_t75
survset:UnempDur,CoxPH,6,47,513,1.4142135381698608,0,1.4142135381698608,0.9025204161316549,0.0974795838683451,1.7320507764816284,0.8617070412295105,0.13829295877048953,2.6457512378692627,0.7337910304233966,0.26620896957660345
survset:UnempDur,CoxPH,6,47,549,1.7320507764816284,1,1.4142135381698608,0.8327065303087781,0.16729346969122194,1.7320507764816284,0.7666879690424128,0.23331203095758724,2.6457512378692627,0.5755065118654143,0.42449348813458565
survset:UnempDur,CoxPH,6,47,518,3.872983455657959,1,1.4142135381698608,0.8477103115389554,0.15228968846104463,1.7320507764816284,0.7868163118732171,0.2131836881267829,2.6457512378692627,0.6073734351687695,0.3926265648312305
survset:UnempDur,CoxPH,6,47,765,3.316624879837036,1,1.4142135381698608,0.8168753038558585,0.1831246961441415,1.7320507764816284,0.7456263072822598,0.25437369271774024,2.6457512378692627,0.5431154436260537,0.4568845563739463
survset:UnempDur,CoxPH,6,47,2912,1.0,1,1.4142135381698608,0.5868495988453802,0.41315040115461976,1.7320507764816284,0.4614112185428495,0.5385887814571505,2.6457512378692627,0.2001842283066628,0.7998157716933372
survset:UnempDur,CoxPH,6,47,3125,1.4142135381698608,1,1.4142135381698608,0.5960814578252295,0.4039185421747705,1.7320507764816284,0.47198205308146834,0.5280179469185317,2.6457512378692627,0.2098397747026762,0.7901602252973238
survset:UnempDur,CoxPH,6,47,7,2.6457512378692627,1,1.4142135381698608,0.864763175580067,0.135236824419933,1.7320507764816284,0.8098894745748979,0.1901105254251021,2.6457512378692627,0.6450005095247431,0.3549994904752569
survset:UnempDur,CoxPH,6,47,1750,1.7320507764816284,1,1.4142135381698608,0.6661639031513832,0.3338360968486168,1.7320507764816284,0.5546032900710449,0.4453967099289551,2.6457512378692627,0.2934809369151092,0.7065190630848908
survset:UnempDur,CoxPH,6,47,2943,3.0,0,1.4142135381698608,0.8387279388780694,0.1612720611219306,1.7320507764816284,0.7747465090334454,0.22525349096655456,2.6457512378692627,0.5881576764178198,0.4118423235821802
survset:UnempDur,CoxPH,6,47,100,4.0,0,1.4142135381698608,0.6116869578690693,0.38831304213093065,1.7320507764816284,0.4900191881168341,0.5099808118831659,2.6457512378692627,0.22686102398248684,0.7731389760175131
survset:UnempDur,CoxPH,6,47,2536,1.0,1,1.4142135381698608,0.6028926585433895,0.39710734145661053,1.7320507764816284,0.4798286969518789,0.5201713030481211,2.6457512378692627,0.21715980309832672,0.7828401969016733
survset:UnempDur,CoxPH,6,47,2003,2.2360680103302,1,1.4142135381698608,0.6010713450846819,0.39892865491531815,1.7320507764816284,0.47772656821634096,0.522273431783659,2.6457512378692627,0.2151859762224089,0.7848140237775911
survset:UnempDur,CoxPH,6,47,2795,2.2360680103302,0,1.4142135381698608,0.8284891830825641,0.17151081691743586,1.7320507764816284,0.7610594554639983,0.23894054453600166,2.6457512378692627,0.5667549444791984,0.4332450555208016
survset:UnempDur,CoxPH,6,47,2272,1.0,1,1.4142135381698608,0.6254903144836133,0.37450968551638675,1.7320507764816284,0.5061475218707856,0.4938524781292144,2.6457512378692627,0.24266535132603226,0.7573346486739677
survset:UnempDur,CoxPH,6,47,822,1.7320507764816284,0,1.4142135381698608,0.6672468188182056,0.3327531811817944,1.7320507764816284,0.5559121097190176,0.4440878902809824,2.6457512378692627,0.29492310171361524,0.7050768982863848
survset:UnempDur,CoxPH,6,47,2876,3.605551242828369,1,1.4142135381698608,0.8343941589723667,0.16560584102763332,1.7320507764816284,0.7689439043841203,0.2310560956158797,2.6457512378692627,0.579033729524478,0.42096627047552204
survset:UnempDur,CoxPH,6,47,427,2.4494898319244385,1,1.4142135381698608,0.8894720650187219,0.11052793498127811,1.7320507764816284,0.8436868129374918,0.15631318706250819,2.6457512378692627,0.7022388036878118,0.2977611963121882
survset:UnempDur,CoxPH,6,47,1029,1.0,0,1.4142135381698608,0.8155180208581404,0.1844819791418596,1.7320507764816284,0.7438291022480162,0.25617089775198376,2.6457512378692627,0.5403965773535762,0.45960342264642384
survset:UnempDur,CoxPH,6,47,2408,3.316624879837036,0,1.4142135381698608,0.8835505372981532,0.11644946270184675,1.7320507764816284,0.8355481360744749,0.16445186392552513,2.6457512378692627,0.6882243806353565,0.3117756193646435
survset:UnempDur,CoxPH,6,47,2568,4.358899116516113,1,1.4142135381698608,0.8561515569755512,0.14384844302444877,1.7320507764816284,0.7982117176272585,0.2017882823727415,2.6457512378692627,0.6258100146879899,0.3741899853120101
survset:UnempDur,CoxPH,6,47,2304,4.123105525970459,0,1.4142135381698608,0.904179672358396,0.09582032764160398,1.7320507764816284,0.8640070035503307,0.13599299644966933,2.6457512378692627,0.7378699345458883,0.26213006545411166
survset:UnempDur,CoxPH,6,47,595,3.1622776985168457,0,1.4142135381698608,0.8558645330319522,0.1441354669680478,1.7320507764816284,0.7978234087150012,0.20217659128499876,2.6457512378692627,0.6251770603203576,0.3748229396796424
survset:UnempDur,CoxPH,6,47,695,4.242640495300293,1,1.4142135381698608,0.8813690287689121,0.1186309712310879,1.7320507764816284,0.8325560123495318,0.1674439876504682,2.6457512378692627,0.6831089457495266,0.31689105425047337
survset:UnempDur,CoxPH,6,47,713,1.7320507764816284,0,1.4142135381698608,0.8430060241894556,0.15699397581054442,1.7320507764816284,0.7804878267128703,0.21951217328712969,2.6457512378692627,0.5972581627642854,0.40274183723571455
survset:UnempDur,CoxPH,6,47,2877,2.0,1,1.4142135381698608,0.8538699479619315,0.1461300520380685,1.7320507764816284,0.7951265980682064,0.2048734019317936,2.6457512378692627,0.6207903565539945,0.3792096434460055
survset:UnempDur,CoxPH,6,47,1930,3.0,0,1.4142135381698608,0.8711842360261729,0.1288157639738271,1.7320507764816284,0.818630972347504,0.18136902765249596,2.6457512378692627,0.6595627637720742,0.34043723622792577
survset:UnempDur,CoxPH,6,47,1287,1.0,1,1.4142135381698608,0.5665490236944604,0.43345097630553964,1.7320507764816284,0.43843016615079955,0.5615698338492005,2.6457512378692627,0.18000632011210435,0.8199936798878956
survset:UnempDur,CoxPH,6,47,746,1.4142135381698608,1,1.4142135381698608,0.69054741893433,0.30945258106567,1.7320507764816284,0.584304234303322,0.415695765696678,2.6457512378692627,0.3271124511992454,0.6728875488007546
survset:UnempDur,CoxPH,6,47,3137,3.1622776985168457,0,1.4142135381698608,0.5912623423834414,0.40873765761655856,1.7320507764816284,0.4664546919472254,0.5335453080527746,2.6457512378692627,0.2047615545749578,0.7952384454250422
survset:UnempDur,CoxPH,6,47,1948,1.7320507764816284,1,1.4142135381698608,0.5945205037032207,0.40547949629677926,1.7320507764816284,0.47018947583852067,0.5298105241614793,2.6457512378692627,0.20818578162601353,0.7918142183739865
survset:UnempDur,CoxPH,6,47,2808,1.0,1,1.4142135381698608,0.6121472958484879,0.3878527041515121,1.7320507764816284,0.4905544410080309,0.5094455589919691,2.6457512378692627,0.22737666389653274,0.7726233361034672
survset:UnempDur,CoxPH,6,47,798,3.605551242828369,1,1.4142135381698608,0.8571131038710857,0.14288689612891425,1.7320507764816284,0.7995130030055145,0.20048699699448547,2.6457512378692627,0.6279335705675754,0.37206642943242463
survset:UnempDur,CoxPH,6,47,1664,1.7320507764816284,0,1.4142135381698608,0.6139069419769023,0.3860930580230977,1.7320507764816284,0.49260212361531125,0.5073978763846887,2.6457512378692627,0.22935492500775592,0.7706450749922441
survset:UnempDur,CoxPH,6,47,3016,2.2360680103302,1,1.4142135381698608,0.8969780663254308,0.10302193367456924,1.7320507764816284,0.8540384000842113,0.14596159991578872,2.6457512378692627,0.7202757521014964,0.2797242478985036
survset:UnempDur,CoxPH,6,47,1567,1.7320507764816284,1,1.4142135381698608,0.6555451977681483,0.34445480223185165,1.7320507764816284,0.5418204190336395,0.45817958096636047,2.6457512378692627,0.2795885600061416,0.7204114399938584
survset:UnempDur,CoxPH,6,47,2716,1.4142135381698608,1,1.4142135381698608,0.6032584141452696,0.3967415858547304,1.7320507764816284,0.48025119165552066,0.5197488083444793,2.6457512378692627,0.21755764045840062,0.7824423595415994
survset:UnempDur,CoxPH,6,47,438,2.4494898319244385,0,1.4142135381698608,0.8866516036373556,0.11334839636264438,1.7320507764816284,0.8398072502505242,0.16019274974947584,2.6457512378692627,0.6955400840937439,0.3044599159062561
survset:UnempDur,CoxPH,6,47,1837,3.316624879837036,0,1.4142135381698608,0.8364309606838499,0.16356903931615008,1.7320507764816284,0.7716693390561277,0.22833066094387233,2.6457512378692627,0.583309948091639,0.41669005190836095
survset:UnempDur,CoxPH,6,47,242,2.6457512378692627,1,1.4142135381698608,0.8373903416168226,0.16260965838317742,1.7320507764816284,0.7729541203314575,0.2270458796685425,2.6457512378692627,0.5853314408789205,0.41466855912107947
survset:UnempDur,CoxPH,6,47,605,3.1622776985168457,0,1.4142135381698608,0.8495728458124847,0.1504271541875153,1.7320507764816284,0.789326289896577,0.21067371010342295,2.6457512378692627,0.6114097435143803,0.38859025648561973
survset:UnempDur,CoxPH,6,47,2970,3.605551242828369,0,1.4142135381698608,0.844932978523347,0.15506702147665297,1.7320507764816284,0.783078158003214,0.216921841996786,2.6457512378692627,0.6013878142600044,0.3986121857399956
survset:UnempDur,CoxPH,6,47,2520,2.2360680103302,1,1.4142135381698608,0.8950906278033487,0.10490937219665131,1.7320507764816284,0.8514317260087089,0.14856827399129113,2.6457512378692627,0.7157114251365705,0.2842885748634295
survset:UnempDur,CoxPH,6,47,1370,3.605551242828369,0,1.4142135381698608,0.8187524270224148,0.1812475729775852,1.7320507764816284,0.7481140636394061,0.25188593636059387,2.6457512378692627,0.5468906876220703,0.45310931237792973
survset:UnempDur,CoxPH,6,47,1923,1.4142135381698608,1,1.4142135381698608,0.6581472707820647,0.3418527292179353,1.7320507764816284,0.5449442338272903,0.4550557661727097,2.6457512378692627,0.282951226011643,0.717048773988357
survset:UnempDur,CoxPH,6,47,358,1.4142135381698608,0,1.4142135381698608,0.8838170740512915,0.1161829259487085,1.7320507764816284,0.8359139425320345,0.16408605746796545,2.6457512378692627,0.6888511348558369,0.31114886514416307
survset:UnempDur,CoxPH,6,47,1848,1.0,1,1.4142135381698608,0.5610239000998193,0.4389760999001807,1.7320507764816284,0.4322390162438226,0.5677609837561775,2.6457512378692627,0.17476040351592173,0.8252395964840783
survset:UnempDur,CoxPH,6,47,448,1.0,1,1.4142135381698608,0.6684849122086374,0.33151508779136263,1.7320507764816284,0.557409652905226,0.44259034709477396,2.6457512378692627,0.2965777200474485,0.7034222799525516
survset:UnempDur,CoxPH,6,47,78,2.0,0,1.4142135381698608,0.8331622831825729,0.1668377168174271,1.7320507764816284,0.7672969929485918,0.23270300705140823,2.6457512378692627,0.5764576351609223,0.4235423648390777
survset:UnempDur,CoxPH,6,47,1098,2.2360680103302,0,1.4142135381698608,0.8458110677113045,0.15418893228869546,1.7320507764816284,0.7842594245351049,0.2157405754648951,2.6457512378692627,0.6032759604795066,0.3967240395204934
survset:UnempDur,CoxPH,6,47,2820,1.7320507764816284,0,1.4142135381698608,0.8565619869437482,0.1434380130562518,1.7320507764816284,0.7987670821151442,0.20123291788485576,2.6457512378692627,0.6267158521848422,0.37328414781515784
survset:UnempDur,CoxPH,6,47,1153,1.4142135381698608,1,1.4142135381698608,0.6721977173271554,0.3278022826728446,1.7320507764816284,0.5619079996512614,0.43809200034873863,2.6457512378692627,0.30157679770644313,0.6984232022935568
survset:UnempDur,CoxPH,6,47,566,1.0,1,1.4142135381698608,0.5644044014967284,0.43559559850327156,1.7320507764816284,0.43602377029860584,0.5639762297013942,2.6457512378692627,0.17795775099775432,0.8220422490022457
survset:UnempDur,CoxPH,6,47,376,2.2360680103302,0,1.4142135381698608,0.9025115534591557,0.09748844654084432,1.7320507764816284,0.8616947614384279,0.13830523856157206,2.6457512378692627,0.7337692841377589,0.2662307158622411
survset:UnempDur,CoxPH,6,47,1739,2.2360680103302,0,1.4142135381698608,0.8842370962925872,0.11576290370741282,1.7320507764816284,0.8364905000732443,0.16350949992675567,2.6457512378692627,0.6898395805910139,0.3101604194089861
survset:UnempDur,CoxPH,6,47,2372,1.7320507764816284,1,1.4142135381698608,0.7987077888747123,0.20129221112528772,1.7320507764816284,0.7216825580333197,0.2783174419666803,2.6457512378692627,0.5074736104700418,0.4925263895299582
survset:UnempDur,CoxPH,6,47,669,1.4142135381698608,1,1.4142135381698608,0.6729137809458053,0.32708621905419466,1.7320507764816284,0.5627768575599235,0.43722314244007654,2.6457512378692627,0.30254737142707394,0.6974526285729261
survset:UnempDur,CoxPH,6,47,2567,3.605551242828369,0,1.4142135381698608,0.8507732675771237,0.14922673242287632,1.7320507764816284,0.7909453121427941,0.20905468785720593,2.6457512378692627,0.6140206656618706,0.38597933433812937
survset:UnempDur,CoxPH,6,47,1697,1.4142135381698608,0,1.4142135381698608,0.603545589530978,0.39645441046902197,1.7320507764816284,0.48058299712597624,0.5194170028740237,2.6457512378692627,0.21787034635448943,0.7821296536455106
survset:UnempDur,CoxPH,6,47,2429,3.0,0,1.4142135381698608,0.8488740172019927,0.15112598279800726,1.7320507764816284,0.788384247076171,0.21161575292382895,2.6457512378692627,0.609893212667453,0.390106787332547
survset:UnempDur,CoxPH,6,47,1732,3.7416574954986572,1,1.4142135381698608,0.7123581091052089,0.2876418908947911,1.7320507764816284,0.6112757627233647,0.3887242372766353,2.6457512378692627,0.35929719883549016,0.6407028011645098
survset:UnempDur,CoxPH,6,47,168,1.7320507764816284,1,1.4142135381698608,0.8479388157264314,0.15206118427356863,1.7320507764816284,0.7871241136284073,0.21287588637159272,2.6457512378692627,0.6078676661055339,0.3921323338944661
survset:UnempDur,CoxPH,6,47,446,2.0,1,1.4142135381698608,0.8337292342298447,0.16627076577015532,1.7320507764816284,0.7680548211199725,0.23194517888002752,2.6457512378692627,0.5776422872579076,0.42235771274209244
survset:UnempDur,CoxPH,6,47,1124,1.7320507764816284,1,1.4142135381698608,0.8434821978816405,0.15651780211835953,1.7320507764816284,0.7811276806075083,0.21887231939249174,2.6457512378692627,0.5982768799390359,0.4017231200609641
survset:UnempDur,CoxPH,6,47,496,1.0,1,1.4142135381698608,0.6618656783087215,0.33813432169127855,1.7320507764816284,0.5494178962728157,0.4505821037271843,2.6457512378692627,0.2878033085147512,0.7121966914852488
survset:UnempDur,CoxPH,6,47,3159,3.1622776985168457,0,1.4142135381698608,0.8629430061890988,0.1370569938109012,1.7320507764816284,0.8074168472836457,0.1925831527163543,2.6457512378692627,0.6409120342491502,0.3590879657508498
survset:UnempDur,CoxPH,6,47,3235,2.2360680103302,1,1.4142135381698608,0.8802708279415461,0.1197291720584539,1.7320507764816284,0.8310510003882285,0.16894899961177146,2.6457512378692627,0.680543415275004,0.31945658472499605
survset:UnempDur,CoxPH,6,47,1774,3.0,1,1.4142135381698608,0.8471901808518437,0.15280981914815628,1.7320507764816284,0.7861158203676539,0.21388417963234607,2.6457512378692627,0.6062494482836319,0.3937505517163681
survset:UnempDur,CoxPH,6,47,3208,4.582575798034668,1,1.4142135381698608,0.8662787467116787,0.1337212532883213,1.7320507764816284,0.8119501099176878,0.1880498900823122,2.6457512378692627,0.6484180704087333,0.35158192959126666
survset:UnempDur,CoxPH,6,47,2074,5.196152210235596,1,1.4142135381698608,0.8639344435507298,0.1360655564492702,1.7320507764816284,0.8087633837907199,0.19123661620928012,2.6457512378692627,0.643136851073453,0.356863148926547
survset:UnempDur,CoxPH,6,47,1449,3.7416574954986572,0,1.4142135381698608,0.8717179610314446,0.1282820389685554,1.7320507764816284,0.8193588868278907,0.1806411131721093,2.6457512378692627,0.6607829929989367,0.3392170070010633
survset:UnempDur,CoxPH,6,47,2882,3.7416574954986572,0,1.4142135381698608,0.6234438993296606,0.3765561006703394,1.7320507764816284,0.5037461797079178,0.4962538202920822,2.6457512378692627,0.24027723291509107,0.7597227670849089
survset:UnempDur,CoxPH,6,47,1281,1.7320507764816284,0,1.4142135381698608,0.8250025874635563,0.17499741253644374,1.7320507764816284,0.7564159589230981,0.2435840410769019,2.6457512378692627,0.5595873399018119,0.44041266009818814
survset:UnempDur,CoxPH,6,47,2728,2.2360680103302,1,1.4142135381698608,0.621195510836973,0.378804489163027,1.7320507764816284,0.5011119317137365,0.49888806828626353,2.6457512378692627,0.23767159119717685,0.7623284088028232
survset:UnempDur,CoxPH,6,47,1615,4.690415859222412,0,1.4142135381698608,0.7155670236457516,0.28443297635424836,1.7320507764816284,0.615275784373424,0.384724215626576,2.6457512378692627,0.36420396482211487,0.6357960351778851
survset:UnempDur,CoxPH,6,47,2383,3.0,1,1.4142135381698608,0.8483462246997936,0.1516537753002064,1.7320507764816284,0.7876729981588819,0.21232700184111808,2.6457512378692627,0.6087495165995629,0.3912504834004371
survset:UnempDur,CoxPH,6,47,2602,3.7416574954986572,0,1.4142135381698608,0.8523184750664026,0.14768152493359743,1.7320507764816284,0.7930308683945683,0.20696913160543173,2.6457512378692627,0.6173924586175527,0.38260754138244735
survset:UnempDur,CoxPH,6,47,337,2.6457512378692627,0,1.4142135381698608,0.8392598837844889,0.1607401162155111,1.7320507764816284,0.7754596771710206,0.2245403228289794,2.6457512378692627,0.5892841642956566,0.41071583570434345
survset:UnempDur,CoxPH,6,47,2497,1.7320507764816284,0,1.4142135381698608,0.5836306062066092,0.4163693937933908,1.7320507764816284,0.457742894716558,0.542257105283442,2.6457512378692627,0.19688868802341167,0.8031113119765884
survset:UnempDur,CoxPH,6,47,1755,2.2360680103302,0,1.4142135381698608,0.8409275675261305,0.15907243247386949,1.7320507764816284,0.7776968299983018,0.2223031700016982,2.6457512378692627,0.5928251303216315,0.40717486967836847
survset:UnempDur,CoxPH,6,47,999,1.4142135381698608,1,1.4142135381698608,0.6091441274828638,0.39085587251713616,1.7320507764816284,0.48706581648162456,0.5129341835183754,2.6457512378692627,0.22402679749289228,0.7759732025071078
survset:UnempDur,CoxPH,6,47,2254,1.7320507764816284,1,1.4142135381698608,0.573524986554049,0.42647501344595096,1.7320507764816284,0.446286026023564,0.5537139739764361,2.6457512378692627,0.18677880766635452,0.8132211923336454
survset:UnempDur,CoxPH,6,47,2796,2.6457512378692627,1,1.4142135381698608,0.8619768405476531,0.1380231594523469,1.7320507764816284,0.806105305338735,0.19389469466126497,2.6457512378692627,0.638748884753576,0.36125111524642395
survset:UnempDur,CoxPH,6,47,1836,1.7320507764816284,0,1.4142135381698608,0.839949982832262,0.16005001716773803,1.7320507764816284,0.7763851834261921,0.22361481657380788,2.6457512378692627,0.5907477202157998,0.4092522797842002
survset:UnempDur,CoxPH,6,47,2547,1.7320507764816284,0,1.4142135381698608,0.7376532647276041,0.26234673527239594,1.7320507764816284,0.6430257685732098,0.3569742314267902,2.6457512378692627,0.3991969801344021,0.6008030198655979
survset:UnempDur,CoxPH,6,47,2510,2.8284270763397217,1,1.4142135381698608,0.6649040473255424,0.3350959526744576,1.7320507764816284,0.5530818269445843,0.4469181730554157,2.6457512378692627,0.2918090765170433,0.7081909234829566
survset:UnempDur,CoxPH,6,47,1233,3.0,0,1.4142135381698608,0.8512758730385972,0.1487241269614028,1.7320507764816284,0.7916234880026831,0.20837651199731688,2.6457512378692627,0.615116044944198,0.384883955055802
survset:UnempDur,CoxPH,6,47,846,2.0,0,1.4142135381698608,0.8489363505464983,0.1510636494535017,1.7320507764816284,0.7884682601652322,0.2115317398347678,2.6457512378692627,0.6100283802328352,0.38997161976716477
survset:UnempDur,CoxPH,6,47,1710,1.7320507764816284,1,1.4142135381698608,0.8324541842226076,0.16754581577739236,1.7320507764816284,0.766350822903675,0.23364917709632504,2.6457512378692627,0.5749803354543906,0.42501966454560935
survset:UnempDur,CoxPH,6,47,409,5.099019527435303,0,1.4142135381698608,0.8233629692799118,0.17663703072008818,1.7320507764816284,0.7542353494221111,0.24576465057788888,2.6457512378692627,0.5562377358230969,0.4437622641769031
survset:UnempDur,CoxPH,6,47,594,3.316624879837036,0,1.4142135381698608,0.8478267782289234,0.15217322177107662,1.7320507764816284,0.786973191199051,0.21302680880094904,2.6457512378692627,0.6076253069928395,0.39237469300716055
survset:UnempDur,CoxPH,6,47,1133,1.4142135381698608,1,1.4142135381698608,0.6877691030173367,0.31223089698266326,1.7320507764816284,0.5808957827217943,0.4191042172782057,2.6457512378692627,0.32315668727902175,0.6768433127209783
survset:UnempDur,CoxPH,6,47,2187,2.6457512378692627,1,1.4142135381698608,0.6634790316169951,0.33652096838300494,1.7320507764816284,0.5513624757914285,0.4486375242085715,2.6457512378692627,0.2899257338535931,0.7100742661464069
survset:UnempDur,CoxPH,6,47,2934,1.0,1,1.4142135381698608,0.6463370336155041,0.3536629663844959,1.7320507764816284,0.5308108974163427,0.4691891025836573,2.6457512378692627,0.26790353045068804,0.732096469549312
survset:UnempDur,CoxPH,6,47,823,2.4494898319244385,0,1.4142135381698608,0.8799776853926613,0.1200223146073387,1.7320507764816284,0.8306494109994972,0.16935058900050282,2.6457512378692627,0.6798596897684822,0.3201403102315178
survset:UnempDur,CoxPH,6,47,2012,2.0,0,1.4142135381698608,0.8708326642284919,0.12916733577150807,1.7320507764816284,0.8181515952490029,0.18184840475099706,2.6457512378692627,0.6587598061383444,0.3412401938616556
survset:UnempDur,CoxPH,6,47,375,2.2360680103302,0,1.4142135381698608,0.8431788073822656,0.15682119261773442,1.7320507764816284,0.780719983648544,0.219280016351456,2.6457512378692627,0.5976276777409467,0.4023723222590533
survset:UnempDur,CoxPH,6,47,558,2.6457512378692627,1,1.4142135381698608,0.8758980221363069,0.12410197786369315,1.7320507764816284,0.8250667635048302,0.17493323649516979,2.6457512378692627,0.6703919080546816,0.32960809194531837
survset:UnempDur,CoxPH,6,47,752,1.7320507764816284,1,1.4142135381698608,0.8817219484042558,0.11827805159574423,1.7320507764816284,0.8330398452054629,0.16696015479453707,2.6457512378692627,0.6839347797969187,0.31606522020308125
survset:UnempDur,CoxPH,6,47,481,3.7416574954986572,0,1.4142135381698608,0.8754856855244625,0.12451431447553751,1.7320507764816284,0.8245031700402975,0.1754968299597025,2.6457512378692627,0.6694399229678206,0.3305600770321794
survset:UnempDur,CoxPH,6,47,541,2.2360680103302,1,1.4142135381698608,0.8402761007122915,0.15972389928770847,1.7320507764816284,0.7768226663351679,0.22317733366483206,2.6457512378692627,0.5914401929609981,0.40855980703900185
survset:UnempDur,CoxPH,6,47,789,2.6457512378692627,1,1.4142135381698608,0.8784966350439453,0.12150336495605474,1.7320507764816284,0.8286213753826963,0.1713786246173037,2.6457512378692627,0.6764123103722723,0.32358768962772766
survset:UnempDur,CoxPH,6,47,2404,1.0,1,1.4142135381698608,0.664350512089557,0.335649487910443,1.7320507764816284,0.5524137619261182,0.44758623807388176,2.6457512378692627,0.2910765395029182,0.7089234604970818
survset:UnempDur,CoxPH,6,47,2665,3.316624879837036,0,1.4142135381698608,0.8545137346467042,0.14548626535329579,1.7320507764816284,0.7959967298429099,0.20400327015709008,2.6457512378692627,0.6222039837314722,0.37779601626852777
survset:UnempDur,CoxPH,6,47,1617,2.0,1,1.4142135381698608,0.8023419114017216,0.19765808859827838,1.7320507764816284,0.7264526601369905,0.2735473398630095,2.6457512378692627,0.51447407233773,0.48552592766227
survset:UnempDur,CoxPH,6,47,2432,3.7416574954986572,1,1.4142135381698608,0.8255650744652091,0.1744349255347909,1.7320507764816284,0.7571644890448376,0.24283551095516243,2.6457512378692627,0.5607395538016258,0.43926044619837423
survset:UnempDur,CoxPH,6,47,1051,2.8284270763397217,1,1.4142135381698608,0.8572710124499542,0.14272898755004582,1.7320507764816284,0.7997267676137315,0.20027323238626848,2.6457512378692627,0.6282827682434752,0.3717172317565248
survset:UnempDur,CoxPH,6,47,2151,1.0,0,1.4142135381698608,0.6328407274580635,0.3671592725419365,1.7320507764816284,0.5148019876267605,0.48519801237323945,2.6457512378692627,0.2513739363177621,0.7486260636822379
survset:UnempDur,CoxPH,6,47,2977,4.582575798034668,0,1.4142135381698608,0.5833260425824597,0.4166739574175403,1.7320507764816284,0.4573962895104254,0.5426037104895747,2.6457512378692627,0.1965787738923949,0.8034212261076051
survset:UnempDur,CoxPH,6,47,2760,1.0,1,1.4142135381698608,0.8832832544366506,0.11671674556334943,1.7320507764816284,0.8351813556211879,0.1648186443788121,2.6457512378692627,0.6875962549778777,0.3124037450221223
survset:UnempDur,CoxPH,6,47,75,3.872983455657959,1,1.4142135381698608,0.87779860890321,0.12220139109678996,1.7320507764816284,0.8276660870287154,0.17233391297128464,2.6457512378692627,0.674791604531,0.32520839546900004
survset:UnempDur,CoxPH,6,47,1587,1.4142135381698608,1,1.4142135381698608,0.8981934714214913,0.10180652857850869,1.7320507764816284,0.8557182634648653,0.14428173653513465,2.6457512378692627,0.7232252015854826,0.27677479841451735
survset:UnempDur,CoxPH,6,47,1737,1.0,1,1.4142135381698608,0.6043970950678937,0.39560290493210626,1.7320507764816284,0.48156725432226494,0.5184327456777351,2.6457512378692627,0.21879931897541008,0.78120068102459
survset:UnempDur,CoxPH,6,47,1318,2.0,0,1.4142135381698608,0.8268769016246349,0.1731230983753651,1.7320507764816284,0.758911098414266,0.24108890158573404,2.6457512378692627,0.5634328984130863,0.4365671015869137
survset:UnempDur,CoxPH,6,47,2959,1.0,1,1.4142135381698608,0.6515628100128883,0.3484371899871117,1.7320507764816284,0.5370503502515266,0.4629496497484734,2.6457512378692627,0.2744940197771372,0.7255059802228627
survset:UnempDur,CoxPH,6,47,729,1.0,1,1.4142135381698608,0.850282707051939,0.14971729294806102,1.7320507764816284,0.7902835630585088,0.20971643694149122,2.6457512378692627,0.6129527956486472,0.38704720435135276
survset:UnempDur,CoxPH,6,47,1279,3.464101552963257,0,1.4142135381698608,0.8570966303713378,0.14290336962866224,1.7320507764816284,0.7994907034596086,0.2005092965403914,2.6457512378692627,0.6278971486887667,0.37210285131123333
survset:UnempDur,CoxPH,6,47,660,1.7320507764816284,1,1.4142135381698608,0.8159589030423796,0.1840410969576204,1.7320507764816284,0.744412735119263,0.255587264880737,2.6457512378692627,0.541278738190616,0.458721261809384
survset:UnempDur,CoxPH,6,47,500,1.7320507764816284,1,1.4142135381698608,0.8431802185099785,0.15681978149002151,1.7320507764816284,0.7807218797725246,0.2192781202274754,2.6457512378692627,0.5976306962146782,0.40236930378532176
survset:UnempDur,CoxPH,6,47,2258,2.0,1,1.4142135381698608,0.6390657140752766,0.36093428592472343,1.7320507764816284,0.5221669374896383,0.47783306251036173,2.6457512378692627,0.2589105601849567,0.7410894398150434
survset:UnempDur,CoxPH,6,47,860,1.0,1,1.4142135381698608,0.6632487288272465,0.3367512711727535,1.7320507764816284,0.5510847604810445,0.4489152395189555,2.6457512378692627,0.2896221239191794,0.7103778760808206
survset:UnempDur,CoxPH,6,47,3240,2.8284270763397217,1,1.4142135381698608,0.7894422750123752,0.21055772498762482,1.7320507764816284,0.7095650883419439,0.2904349116580561,2.6457512378692627,0.4899141413416307,0.5100858586583693
survset:UnempDur,CoxPH,6,47,1843,2.2360680103302,0,1.4142135381698608,0.8355935889743465,0.16440641102565345,1.7320507764816284,0.7705484930539652,0.22945150694603478,2.6457512378692627,0.581549358459434,0.418450641540566
survset:UnempDur,CoxPH,6,47,618,2.2360680103302,0,1.4142135381698608,0.62020080664256,0.37979919335743995,1.7320507764816284,0.4999478913026751,0.5000521086973249,2.6457512378692627,0.23652488965735866,0.7634751103426414
survset:UnempDur,CoxPH,6,47,1518,2.2360680103302,1,1.4142135381698608,0.5841864561485304,0.4158135438514696,1.7320507764816284,0.4583756838827063,0.5416243161172938,2.6457512378692627,0.19745514491130217,0.8025448550886978
survset:UnempDur,CoxPH,6,47,191,3.316624879837036,0,1.4142135381698608,0.8055841007054244,0.1944158992945756,1.7320507764816284,0.730716552923009,0.26928344707699103,2.6457512378692627,0.5207737917244789,0.4792262082755211
survset:UnempDur,CoxPH,6,47,2656,3.0,0,1.4142135381698608,0.8523941105834246,0.14760588941657538,1.7320507764816284,0.7931329969752563,0.2068670030247437,2.6457512378692627,0.6175578197388903,0.38244218026110965
survset:UnempDur,CoxPH,6,47,1410,2.2360680103302,0,1.4142135381698608,0.8887199885639527,0.11128001143604727,1.7320507764816284,0.8426517834777454,0.1573482165222546,2.6457512378692627,0.700448390469102,0.299551609530898
survset:UnempDur,CoxPH,6,47,2180,2.4494898319244385,0,1.4142135381698608,0.6216217395947525,0.37837826040524747,1.7320507764816284,0.5016109782284772,0.4983890217715228,2.6457512378692627,0.2381640860151515,0.7618359139848485
survset:UnempDur,CoxPH,6,47,235,1.7320507764816284,0,1.4142135381698608,0.6990005428547803,0.3009994571452197,1.7320507764816284,0.5947125967334972,0.4052874032665028,2.6457512378692627,0.3393468668314769,0.660653133168523
survset:UnempDur,CoxPH,6,47,1280,2.2360680103302,1,1.4142135381698608,0.8581947957599743,0.14180520424002574,1.7320507764816284,0.8009776710351695,0.19902232896483052,2.6457512378692627,0.6303282167413292,0.3696717832586708
survset:UnempDur,CoxPH,6,47,2693,2.0,1,1.4142135381698608,0.6459223876459471,0.3540776123540529,1.7320507764816284,0.5303167915567398,0.46968320844326017,2.6457512378692627,0.2673851781517916,0.7326148218482085
survset:UnempDur,CoxPH,6,47,1470,1.4142135381698608,1,1.4142135381698608,0.6171205976691685,0.3828794023308315,1.7320507764816284,0.4963486586305591,0.5036513413694409,2.6457512378692627,0.23299747921779607,0.767002520782204
survset:UnempDur,CoxPH,6,47,1498,1.4142135381698608,1,1.4142135381698608,0.7035083353337154,0.2964916646662846,1.7320507764816284,0.600286363623477,0.399713636376523,2.6457512378692627,0.3459944288529944,0.6540055711470056
survset:UnempDur,CoxPH,6,47,1085,2.4494898319244385,0,1.4142135381698608,0.8388640234453887,0.16113597655461132,1.7320507764816284,0.7749289355321756,0.22507106446782443,2.6457512378692627,0.5884457224897596,0.41155427751024043
survset:UnempDur,CoxPH,6,47,3040,1.0,1,1.4142135381698608,0.5663288443270977,0.43367115567290226,1.7320507764816284,0.43818292195567077,0.5618170780443292,2.6457512378692627,0.17979527956758165,0.8202047204324183
survset:UnempDur,CoxPH,6,47,3054,1.7320507764816284,1,1.4142135381698608,0.6613679291026303,0.3386320708973697,1.7320507764816284,0.5488183890059875,0.45118161099401255,2.6457512378692627,0.2871506045547391,0.7128493954452608
survset:UnempDur,CoxPH,6,47,1612,2.6457512378692627,1,1.4142135381698608,0.8627570318634056,0.13724296813659442,1.7320507764816284,0.8071643409926555,0.19283565900734445,2.6457512378692627,0.6404952760105911,0.3595047239894089
survset:UnempDur,CoxPH,6,47,2296,1.0,1,1.4142135381698608,0.6880672916761489,0.3119327083238511,1.7320507764816284,0.581261304946321,0.418738695053679,2.6457512378692627,0.3235797072784264,0.6764202927215737
survset:UnempDur,CoxPH,6,47,1941,2.2360680103302,0,1.4142135381698608,0.834726348180754,0.16527365181924603,1.7320507764816284,0.7693882005409138,0.23061179945908616,2.6457512378692627,0.5797297177516421,0.42027028224835794
survset:UnempDur,CoxPH,6,47,1230,1.4142135381698608,1,1.4142135381698608,0.860450898287784,0.13954910171221602,1.7320507764816284,0.8040352336732591,0.19596476632674087,2.6457512378692627,0.6353424032065982,0.3646575967934018
survset:UnempDur,CoxPH,6,47,2267,3.872983455657959,1,1.4142135381698608,0.845606583021402,0.15439341697859799,1.7320507764816284,0.783984288088561,0.21601571191143898,2.6457512378692627,0.602835905602948,0.397164094397052
survset:UnempDur,CoxPH,6,47,945,1.4142135381698608,1,1.4142135381698608,0.8136700823932487,0.18632991760675133,1.7320507764816284,0.7413843796637621,0.25861562033623786,2.6457512378692627,0.5367094973040684,0.46329050269593164
survset:UnempDur,CoxPH,6,47,876,3.605551242828369,1,1.4142135381698608,0.8387377276489427,0.16126227235105728,1.7320507764816284,0.7747596308045246,0.2252403691954754,2.6457512378692627,0.5881783928643249,0.41182160713567506
survset:UnempDur,CoxPH,6,47,911,1.7320507764816284,1,1.4142135381698608,0.840057995556297,0.159942004443703,1.7320507764816284,0.7765300726090052,0.2234699273909948,2.6457512378692627,0.5909770123840346,0.40902298761596545
survset:UnempDur,CoxPH,6,47,2822,2.0,1,1.4142135381698608,0.6505841199913941,0.3494158800086059,1.7320507764816284,0.5358800931666009,0.4641199068333991,2.6457512378692627,0.2732515874712682,0.7267484125287318
survset:UnempDur,CoxPH,6,47,596,1.0,1,1.4142135381698608,0.5734615312183998,0.4265384687816002,1.7320507764816284,0.44621437162042693,0.553785628379573,2.6457512378692627,0.1867164479336958,0.8132835520663042
survset:UnempDur,CoxPH,6,47,157,1.7320507764816284,0,1.4142135381698608,0.6676961005966372,0.3323038994033628,1.7320507764816284,0.5564553963488262,0.44354460365117376,2.6457512378692627,0.29552281742625885,0.7044771825737411
survset:UnempDur,CoxPH,6,47,738,2.6457512378692627,0,1.4142135381698608,0.6997065788325552,0.30029342116744484,1.7320507764816284,0.5955845235212051,0.40441547647879494,2.6457512378692627,0.340382354696427,0.6596176453035729
survset:UnempDur,CoxPH,6,47,3120,1.4142135381698608,0,1.4142135381698608,0.6525810137033272,0.3474189862966728,1.7320507764816284,0.5382686974005008,0.46173130259949924,2.6457512378692627,0.27579061726784354,0.7242093827321565
survset:UnempDur,CoxPH,6,47,3214,1.4142135381698608,1,1.4142135381698608,0.6302236920736994,0.36977630792630056,1.7320507764816284,0.5117154302024193,0.4882845697975807,2.6457512378692627,0.24824978950566512,0.7517502104943349
survset:UnempDur,CoxPH,6,47,776,1.7320507764816284,1,1.4142135381698608,0.6957112553776961,0.30428874462230393,1.7320507764816284,0.5906556957800597,0.4093443042199403,2.6457512378692627,0.3345504832978624,0.6654495167021376
survset:UnempDur,CoxPH,6,47,3151,1.4142135381698608,1,1.4142135381698608,0.5756654575180834,0.4243345424819166,1.7320507764816284,0.44870516139101935,0.5512948386089807,2.6457512378692627,0.18889048855925492,0.8111095114407451
survset:UnempDur,CoxPH,6,47,356,2.2360680103302,1,1.4142135381698608,0.6556238929777969,0.3443761070222031,1.7320507764816284,0.541914811518211,0.45808518848178903,2.6457512378692627,0.2796898640965158,0.7203101359034842
survset:UnempDur,CoxPH,6,47,2570,1.0,1,1.4142135381698608,0.5745124878661116,0.42548751213388836,1.7320507764816284,0.44740158328441937,0.5525984167155806,2.6457512378692627,0.18775105447253967,0.8122489455274603
survset:UnempDur,CoxPH,6,47,908,3.0,1,1.4142135381698608,0.8895025043487336,0.11049749565126643,1.7320507764816284,0.8437287127444676,0.1562712872555324,2.6457512378692627,0.702311332726508,0.29768866727349197
survset:UnempDur,CoxPH,6,47,418,3.0,1,1.4142135381698608,0.8510058582982576,0.1489941417017424,1.7320507764816284,0.7912591291104085,0.20874087088959148,2.6457512378692627,0.6145274120406125,0.38547258795938755
survset:UnempDur,CoxPH,6,47,1296,2.4494898319244385,1,1.4142135381698608,0.6315477770116342,0.3684522229883658,1.7320507764816284,0.5132763478116004,0.48672365218839964,2.6457512378692627,0.24982718152112837,0.7501728184788716
survset:UnempDur,CoxPH,6,47,1833,2.6457512378692627,1,1.4142135381698608,0.8249165434911498,0.17508345650885015,1.7320507764816284,0.7563014761242391,0.24369852387576085,2.6457512378692627,0.5594112247804053,0.4405887752195947
survset:UnempDur,CoxPH,6,47,1734,2.0,0,1.4142135381698608,0.6302426088466163,0.3697573911533837,1.7320507764816284,0.5117377201173402,0.4882622798826598,2.6457512378692627,0.2482722781715663,0.7517277218284337
survset:UnempDur,CoxPH,6,47,845,4.582575798034668,0,1.4142135381698608,0.9084215016440261,0.09157849835597387,1.7320507764816284,0.8698954311713817,0.13010456882861832,2.6457512378692627,0.7483663664369912,0.25163363356300883
survset:UnempDur,CoxPH,6,47,2575,1.7320507764816284,1,1.4142135381698608,0.6329423184676274,0.3670576815323726,1.7320507764816284,0.5149219213813723,0.48507807861862773,2.6457512378692627,0.2514957400983677,0.7485042599016323
survset:UnempDur,CoxPH,6,47,1553,1.4142135381698608,1,1.4142135381698608,0.6870009690674602,0.3129990309325398,1.7320507764816284,0.579954526857286,0.420045473142714,2.6457512378692627,0.32206869129575766,0.6779313087042423
survset:UnempDur,CoxPH,6,47,948,5.0,0,1.4142135381698608,0.8668066138583185,0.13319338614168152,1.7320507764816284,0.81266820283181,0.18733179716819004,2.6457512378692627,0.6496112296038609,0.35038877039613914
survset:UnempDur,CoxPH,6,47,228,4.123105525970459,0,1.4142135381698608,0.8647826158177995,0.13521738418220053,1.7320507764816284,0.8099158960447155,0.19008410395528452,2.6457512378692627,0.6450442701600501,0.35495572983994994
survset:UnempDur,CoxPH,6,47,2953,2.2360680103302,0,1.4142135381698608,0.864865976744677,0.13513402325532298,1.7320507764816284,0.8100291959595506,0.18997080404044941,2.6457512378692627,0.6452319409450907,0.35476805905490927
survset:UnempDur,CoxPH,6,47,850,2.2360680103302,1,1.4142135381698608,0.8443661984092694,0.1556338015907306,1.7320507764816284,0.7823159801041364,0.2176840198958636,2.6457512378692627,0.6001711736062278,0.39982882639377215
survset:UnempDur,CoxPH,6,47,984,2.8284270763397217,1,1.4142135381698608,0.8527519505167264,0.14724804948327364,1.7320507764816284,0.7936162339311418,0.20638376606885822,2.6457512378692627,0.6183405628541436,0.3816594371458564
survset:UnempDur,CoxPH,6,47,167,2.6457512378692627,0,1.4142135381698608,0.8627181149043556,0.13728188509564443,1.7320507764816284,0.8071115046716657,0.1928884953283343,2.6457512378692627,0.6404080881781276,0.35959191182187245
survset:UnempDur,CoxPH,6,47,1456,2.6457512378692627,1,1.4142135381698608,0.8702389821054091,0.12976101789459094,1.7320507764816284,0.8173422927752511,0.18265770722474894,2.6457512378692627,0.6574053750431531,0.3425946249568469
survset:UnempDur,CoxPH,6,47,2004,2.0,0,1.4142135381698608,0.6057793135905473,0.39422068640945274,1.7320507764816284,0.48316629617792284,0.5168337038220772,2.6457512378692627,0.22031291982482937,0.7796870801751706
survset:UnempDur,CoxPH,6,47,2031,2.8284270763397217,1,1.4142135381698608,0.8713787654100906,0.12862123458990937,1.7320507764816284,0.8188962556301697,0.18110374436983034,2.6457512378692627,0.6600073320793282,0.33999266792067184
survset:UnempDur,CoxPH,6,47,1351,3.1622776985168457,0,1.4142135381698608,0.8963502938217469,0.10364970617825309,1.7320507764816284,0.8531711309054634,0.14682886909453663,2.6457512378692627,0.7187554780787181,0.2812445219212819
survset:UnempDur,CoxPH,6,47,2654,2.2360680103302,0,1.4142135381698608,0.8536310069339577,0.14636899306604234,1.7320507764816284,0.7948037244995396,0.20519627550046038,2.6457512378692627,0.6202662366390733,0.3797337633609267
survset:UnempDur,CoxPH,6,47,2861,2.6457512378692627,0,1.4142135381698608,0.8447171881256877,0.15528281187431225,1.7320507764816284,0.7827879465333117,0.21721205346668826,2.6457512378692627,0.6009244080078704,0.3990755919921296
survset:UnempDur,CoxPH,6,47,2775,1.0,1,1.4142135381698608,0.6832337819824787,0.31676621801752125,1.7320507764816284,0.5753451704238065,0.4246548295761935,2.6457512378692627,0.3167682420351829,0.683231757964817
survset:UnempDur,CoxPH,6,47,1379,2.8284270763397217,0,1.4142135381698608,0.8814080648371386,0.11859193516286137,1.7320507764816284,0.832609524292008,0.16739047570799204,2.6457512378692627,0.6832002575674502,0.3167997424325498
survset:UnempDur,CoxPH,6,47,1881,3.464101552963257,1,1.4142135381698608,0.8500665949646494,0.14993340503535058,1.7320507764816284,0.7899920900193533,0.21000790998064667,2.6457512378692627,0.6124827492918228,0.3875172507081772
survset:UnempDur,CoxPH,6,47,3218,1.4142135381698608,1,1.4142135381698608,0.70807575105282,0.29192424894718005,1.7320507764816284,0.6059503118349021,0.3940496881650979,2.6457512378692627,0.3528181542722312,0.6471818457277688
survset:UnempDur,CoxPH,6,47,2649,3.7416574954986572,0,1.4142135381698608,0.898287051570209,0.10171294842979095,1.7320507764816284,0.8558476471384653,0.14415235286153472,2.6457512378692627,0.72345262876589,0.27654737123411
survset:UnempDur,CoxPH,6,47,2954,1.7320507764816284,1,1.4142135381698608,0.8686767246822771,0.13132327531772292,1.7320507764816284,0.8152138269132879,0.18478617308671208,2.6457512378692627,0.6538501281195221,0.34614987188047786
survset:UnempDur,CoxPH,6,47,2405,4.795831680297852,1,1.4142135381698608,0.841627610176816,0.15837238982318402,1.7320507764816284,0.7786365152536672,0.22136348474633283,2.6457512378692627,0.5943157490325557,0.4056842509674443
survset:UnempDur,CoxPH,6,47,2373,1.7320507764816284,0,1.4142135381698608,0.8039028577780738,0.1960971422219262,1.7320507764816284,0.7285045353980879,0.2714954646019121,2.6457512378692627,0.5175006619684549,0.4824993380315451
survset:UnempDur,CoxPH,6,47,282,1.4142135381698608,1,1.4142135381698608,0.593421372432551,0.406578627567449,1.7320507764816284,0.4689285224554408,0.5310714775445592,2.6457512378692627,0.2070263830514978,0.7929736169485022
survset:UnempDur,CoxPH,6,47,3048,2.6457512378692627,0,1.4142135381698608,0.844062076366222,0.155937923633778,1.7320507764816284,0.7819071069450866,0.21809289305491342,2.6457512378692627,0.5995190293353041,0.4004809706646959
survset:UnempDur,CoxPH,6,47,2477,2.2360680103302,1,1.4142135381698608,0.8813639888556359,0.11863601114436406,1.7320507764816284,0.832549103546494,0.16745089645350597,2.6457512378692627,0.6830971571538863,0.3169028428461137
survset:UnempDur,CoxPH,6,47,1344,1.0,1,1.4142135381698608,0.6289180040577892,0.3710819959422108,1.7320507764816284,0.5101776483546256,0.48982235164537435,2.6457512378692627,0.24670084889969474,0.7532991511003053
survset:UnempDur,CoxPH,6,47,1238,1.0,1,1.4142135381698608,0.7213351989534382,0.27866480104656177,1.7320507764816284,0.622486369131681,0.377513630868319,2.6457512378692627,0.3731363954815107,0.6268636045184893
survset:UnempDur,CoxPH,6,47,640,2.4494898319244385,1,1.4142135381698608,0.8543446188288566,0.1456553811711434,1.7320507764816284,0.7957681269577135,0.20423187304228652,2.6457512378692627,0.6218324309027455,0.37816756909725446
survset:UnempDur,CoxPH,6,47,2621,1.7320507764816284,0,1.4142135381698608,0.8504421989578496,0.14955780104215044,1.7320507764816284,0.7904986931983594,0.20950130680164059,2.6457512378692627,0.613299847086703,0.38670015291329696
survset:UnempDur,CoxPH,6,47,2479,1.0,1,1.4142135381698608,0.7357347212908282,0.2642652787091718,1.7320507764816284,0.640600178758762,0.35939982124123804,2.6457512378692627,0.3960717947911585,0.6039282052088415
survset:UnempDur,CoxPH,6,47,2640,3.316624879837036,1,1.4142135381698608,0.8784617039542592,0.12153829604574085,1.7320507764816284,0.8285735620627348,0.1714264379372652,2.6457512378692627,0.6763311441305587,0.3236688558694413
survset:UnempDur,CoxPH,6,47,2652,1.0,1,1.4142135381698608,0.7675109445677759,0.2324890554322241,1.7320507764816284,0.6811390057647491,0.31886099423525094,2.6457512378692627,0.4499799540622936,0.5500200459377065
survset:UnempDur,CoxPH,6,47,10,3.872983455657959,0,1.4142135381698608,0.8619158492950372,0.13808415070496283,1.7320507764816284,0.8060225337226705,0.19397746627732948,2.6457512378692627,0.6386124954125733,0.36138750458742674
survset:UnempDur,CoxPH,6,47,2427,1.0,1,1.4142135381698608,0.8148075320500461,0.18519246794995392,1.7320507764816284,0.7428888679304954,0.25711113206950464,2.6457512378692627,0.5389769845629152,0.4610230154370848
survset:UnempDur,CoxPH,6,47,859,1.4142135381698608,1,1.4142135381698608,0.6668536255708553,0.33314637442914474,1.7320507764816284,0.5554367826346398,0.4445632173653602,2.6457512378692627,0.29439892295460807,0.705601077045392
survset:UnempDur,CoxPH,6,47,1221,1.4142135381698608,1,1.4142135381698608,0.6458778995332232,0.35412210046677683,1.7320507764816284,0.5302637865483323,0.4697362134516677,2.6457512378692627,0.26732960306878484,0.7326703969312152
survset:UnempDur,CoxPH,6,47,2488,1.4142135381698608,1,1.4142135381698608,0.5652603278585424,0.4347396721414576,1.7320507764816284,0.436983677660511,0.5630163223394891,2.6457512378692627,0.17877346251953966,0.8212265374804604
survset:UnempDur,CoxPH,6,47,613,1.0,1,1.4142135381698608,0.611782799623412,0.388217200376588,1.7320507764816284,0.4901306120804122,0.5098693879195878,2.6457512378692627,0.22696831500976597,0.773031684990234
survset:UnempDur,CoxPH,6,47,1636,1.4142135381698608,1,1.4142135381698608,0.582252316847724,0.41774768315227595,1.7320507764816284,0.4561749994413744,0.5438250005586256,2.6457512378692627,0.19548878736959718,0.8045112126304028
survset:UnempDur,CoxPH,6,47,2657,3.605551242828369,0,1.4142135381698608,0.8552875690949285,0.14471243090507147,1.7320507764816284,0.7970430235858864,0.2029569764141136,2.6457512378692627,0.6239060163626579,0.37609398363734214
survset:UnempDur,CoxPH,6,47,2154,2.2360680103302,1,1.4142135381698608,0.8317868848011692,0.16821311519883075,1.7320507764816284,0.7654595019580326,0.23454049804196742,2.6457512378692627,0.5735904742725543,0.4264095257274457
survset:UnempDur,CoxPH,6,47,1489,1.7320507764816284,1,1.4142135381698608,0.8490349086506622,0.15096509134933778,1.7320507764816284,0.7886011027853669,0.21139889721463312,2.6457512378692627,0.6102421407286146,0.3897578592713854
survset:UnempDur,CoxPH,6,47,1381,2.2360680103302,1,1.4142135381698608,0.8273315317763501,0.1726684682236499,1.7320507764816284,0.7595166996754077,0.2404833003245923,2.6457512378692627,0.564368325203198,0.435631674796802
survset:UnempDur,CoxPH,6,47,1532,1.0,1,1.4142135381698608,0.6581010152382897,0.3418989847617103,1.7320507764816284,0.5448886548547265,0.4551113451452735,2.6457512378692627,0.2828912150183118,0.7171087849816882
survset:UnempDur,CoxPH,6,47,2738,1.4142135381698608,1,1.4142135381698608,0.6771004015555084,0.32289959844449156,1.7320507764816284,0.5678651667373662,0.4321348332626338,2.6457512378692627,0.3082638731369851,0.6917361268630149
survset:UnempDur,CoxPH,6,47,455,2.2360680103302,1,1.4142135381698608,0.8983196981552395,0.10168030184476051,1.7320507764816284,0.8558927856541173,0.1441072143458827,2.6457512378692627,0.7235319807827723,0.27646801921722775
survset:UnempDur,CoxPH,6,47,1052,1.4142135381698608,1,1.4142135381698608,0.8850460804027633,0.11495391959723666,1.7320507764816284,0.8376013273067036,0.16239867269329644,2.6457512378692627,0.6917460486406026,0.30825395135939737
survset:UnempDur,CoxPH,6,47,2271,1.4142135381698608,1,1.4142135381698608,0.6422636818548395,0.3577363181451605,1.7320507764816284,0.5259631640456167,0.4740368359543833,2.6457512378692627,0.2628404338944472,0.7371595661055528
survset:UnempDur,CoxPH,6,47,883,4.795831680297852,0,1.4142135381698608,0.8459343772039636,0.15406562279603642,1.7320507764816284,0.7844253533490605,0.2155746466509395,2.6457512378692627,0.6035414285995634,0.3964585714004366
survset:UnempDur,CoxPH,6,47,923,1.4142135381698608,1,1.4142135381698608,0.8674462375306994,0.13255376246930062,1.7320507764816284,0.8135385900260318,0.1864614099739682,2.6457512378692627,0.6510589625751502,0.34894103742484983
survset:UnempDur,CoxPH,6,47,2106,2.2360680103302,1,1.4142135381698608,0.834016548890911,0.16598345110908896,1.7320507764816284,0.7684389556693065,0.23156104433069347,2.6457512378692627,0.5782432562436293,0.42175674375637073
survset:UnempDur,CoxPH,6,47,3030,1.4142135381698608,0,1.4142135381698608,0.639820842551384,0.36017915744861595,1.7320507764816284,0.523062560122368,0.47693743987763204,2.6457512378692627,0.2598349434790356,0.7401650565209644
survset:UnempDur,CoxPH,6,47,3232,2.2360680103302,1,1.4142135381698608,0.8628778718954069,0.13712212810459312,1.7320507764816284,0.8073284085248296,0.19267159147517043,2.6457512378692627,0.6407660512530583,0.3592339487469417
survset:UnempDur,CoxPH,6,47,2674,2.0,1,1.4142135381698608,0.6925059974683806,0.3074940025316194,1.7320507764816284,0.5867107505632494,0.4132892494367506,2.6457512378692627,0.32992044486031474,0.6700795551396852
survset:UnempDur,CoxPH,6,47,1257,1.7320507764816284,0,1.4142135381698608,0.8837098417065393,0.11629015829346068,1.7320507764816284,0.8357667662834097,0.16423323371659027,2.6457512378692627,0.6885989349304839,0.31140106506951615
survset:UnempDur,CoxPH,6,47,1143,1.4142135381698608,1,1.4142135381698608,0.5975407660629892,0.4024592339370108,1.7320507764816284,0.4736598184460456,0.5263401815539543,2.6457512378692627,0.21139398894344932,0.7886060110565507
survset:UnempDur,CoxPH,6,47,311,1.0,1,1.4142135381698608,0.5929000597291322,0.4070999402708678,1.7320507764816284,0.4683308265040168,0.5316691734959832,2.6457512378692627,0.2064779985819982,0.7935220014180018
survset:UnempDur,CoxPH,6,47,2846,1.4142135381698608,1,1.4142135381698608,0.617463010080502,0.382536989919498,1.7320507764816284,0.49674836888839535,0.5032516311116046,2.6457512378692627,0.23338785522082295,0.766612144779177
survset:UnempDur,CoxPH,6,47,1165,1.4142135381698608,1,1.4142135381698608,0.8141103660262856,0.18588963397371439,1.7320507764816284,0.7419666239885415,0.2580333760114585,2.6457512378692627,0.5375864373164271,0.4624135626835729
survset:UnempDur,CoxPH,6,47,730,2.4494898319244385,0,1.4142135381698608,0.8412565317366602,0.15874346826333985,1.7320507764816284,0.7781383631786154,0.2218616368213846,2.6457512378692627,0.5935252904862431,0.40647470951375686
survset:UnempDur,CoxPH,6,47,2942,3.316624879837036,1,1.4142135381698608,0.8775316508618951,0.12246834913810489,1.7320507764816284,0.8273008303943841,0.17269916960561593,2.6457512378692627,0.674172457426422,0.32582754257357804
survset:UnempDur,CoxPH,6,47,254,5.196152210235596,0,1.4142135381698608,0.8615264763361065,0.13847352366389354,1.7320507764816284,0.8054941755006273,0.1945058244993727,2.6457512378692627,0.6377422340723817,0.36225776592761827
survset:UnempDur,CoxPH,6,47,1248,5.196152210235596,1,1.4142135381698608,0.8949093523091339,0.10509064769086607,1.7320507764816284,0.8511815033087413,0.14881849669125868,2.6457512378692627,0.7152740736384278,0.28472592636157223
survset:UnempDur,CoxPH,6,47,1544,1.0,1,1.4142135381698608,0.6257228374516989,0.3742771625483011,1.7320507764816284,0.5064205978085311,0.4935794021914689,2.6457512378692627,0.24293769999041134,0.7570623000095886
survset:UnempDur,CoxPH,6,47,1241,1.7320507764816284,1,1.4142135381698608,0.9085300064524107,0.09146999354758933,1.7320507764816284,0.8700462185403769,0.1299537814596231,2.6457512378692627,0.748636163677825,0.25136383632217496
survset:UnempDur,CoxPH,6,47,3177,1.4142135381698608,1,1.4142135381698608,0.7404992950984771,0.2595007049015229,1.7320507764816284,0.6466292131719359,0.3533707868280641,2.6457512378692627,0.403863287960229,0.5961367120397709
survset:UnempDur,CoxPH,6,47,2851,4.358899116516113,1,1.4142135381698608,0.892065225342184,0.10793477465781598,1.7320507764816284,0.847258622846677,0.15274137715332303,2.6457512378692627,0.7084356122572029,0.29156438774279714
survset:UnempDur,CoxPH,6,47,162,3.0,0,1.4142135381698608,0.8447242560866131,0.15527574391338694,1.7320507764816284,0.7827974515392062,0.2172025484607938,2.6457512378692627,0.6009395825517406,0.3990604174482594
survset:UnempDur,CoxPH,6,47,871,1.0,1,1.4142135381698608,0.6857215857560152,0.31427841424398484,1.7320507764816284,0.578387850281327,0.421612149718673,2.6457512378692627,0.32026199610116934,0.6797380038988307
survset:UnempDur,CoxPH,6,47,591,1.7320507764816284,0,1.4142135381698608,0.6401440570674616,0.3598559429325384,1.7320507764816284,0.5234460555828813,0.47655394441711874,2.6457512378692627,0.26023127689885617,0.7397687231011438
survset:UnempDur,CoxPH,6,47,2302,1.7320507764816284,1,1.4142135381698608,0.8408219050658348,0.15917809493416524,1.7320507764816284,0.7775550272072492,0.22244497279275077,2.6457512378692627,0.5926003579121657,0.4073996420878343
survset:UnempDur,CoxPH,6,47,2892,2.2360680103302,1,1.4142135381698608,0.883997497271577,0.11600250272842305,1.7320507764816284,0.8361615913410458,0.16383840865895416,2.6457512378692627,0.689275611888135,0.310724388111865
survset:UnempDur,CoxPH,6,47,2512,1.7320507764816284,1,1.4142135381698608,0.6219206584830472,0.37807934151695277,1.7320507764816284,0.5019610571284859,0.49803894287151407,2.6457512378692627,0.23850988479563642,0.7614901152043636
survset:UnempDur,CoxPH,6,47,3086,1.4142135381698608,1,1.4142135381698608,0.6457705413853149,0.35422945861468513,1.7320507764816284,0.5301358823201773,0.4698641176798227,2.6457512378692627,0.26719552179465933,0.7328044782053407
survset:UnempDur,CoxPH,6,47,2365,2.8284270763397217,0,1.4142135381698608,0.8159342231153455,0.18406577688465453,1.7320507764816284,0.7443800604613723,0.2556199395386277,2.6457512378692627,0.5412293307193908,0.45877066928060917
survset:UnempDur,CoxPH,6,47,628,4.0,0,1.4142135381698608,0.8300566154404851,0.16994338455951485,1.7320507764816284,0.7631498604887449,0.2368501395112551,2.6457512378692627,0.5699971113646057,0.43000288863539426
survset:UnempDur,CoxPH,6,47,2348,1.0,1,1.4142135381698608,0.6019833332173345,0.39801666678266545,1.7320507764816284,0.4787788105679788,0.5212211894320212,2.6457512378692627,0.21617282620371098,0.783827173796289
survset:UnempDur,CoxPH,6,47,408,1.4142135381698608,1,1.4142135381698608,0.6075603674758684,0.3924396325241316,1.7320507764816284,0.4852291653747359,0.5147708346252641,2.6457512378692627,0.2222735677119672,0.7777264322880328
survset:UnempDur,CoxPH,6,47,1604,1.7320507764816284,0,1.4142135381698608,0.8564880192174329,0.1435119807825671,1.7320507764816284,0.798666985405288,0.20133301459471198,2.6457512378692627,0.6265525373491816,0.3734474626508184
survset:UnempDur,CoxPH,6,47,2496,1.7320507764816284,1,1.4142135381698608,0.7998030356337719,0.20019696436622814,1.7320507764816284,0.7231191359781554,0.27688086402184464,2.6457512378692627,0.5095766507264929,0.49042334927350706
survset:UnempDur,CoxPH,6,47,2115,4.242640495300293,1,1.4142135381698608,0.8535421134307515,0.14645788656924852,1.7320507764816284,0.7946836158835153,0.20531638411648467,2.6457512378692627,0.6200713232487355,0.3799286767512645
survset:UnempDur,CoxPH,6,47,1676,2.6457512378692627,1,1.4142135381698608,0.8517264213072965,0.14827357869270352,1.7320507764816284,0.7922315756071724,0.2077684243928276,2.6457512378692627,0.6160990806177586,0.38390091938224136
survset:UnempDur,CoxPH,6,47,815,1.7320507764816284,1,1.4142135381698608,0.8540751150840743,0.1459248849159257,1.7320507764816284,0.7954038665416714,0.2045961334583286,2.6457512378692627,0.6212406292464595,0.3787593707535405
survset:UnempDur,CoxPH,6,47,1441,1.4142135381698608,1,1.4142135381698608,0.6188474471145732,0.3811525528854268,1.7320507764816284,0.49836549121197754,0.5016345087880225,2.6457512378692627,0.2349706767761269,0.7650293232238731
survset:UnempDur,CoxPH,6,47,2516,3.1622776985168457,1,1.4142135381698608,0.6637939096541293,0.3362060903458707,1.7320507764816284,0.5517422482766906,0.4482577517233094,2.6457512378692627,0.2903411842717409,0.7096588157282591
survset:UnempDur,CoxPH,6,47,967,1.7320507764816284,1,1.4142135381698608,0.6413677703126818,0.3586322296873182,1.7320507764816284,0.5248987882146017,0.4751012117853983,2.6457512378692627,0.26173548577545097,0.738264514224549
survset:UnempDur,CoxPH,6,47,1781,3.0,0,1.4142135381698608,0.8530781094074512,0.1469218905925488,1.7320507764816284,0.7940567676388572,0.20594323236114276,2.6457512378692627,0.6190545841251763,0.38094541587482367
survset:UnempDur,CoxPH,6,47,3203,2.0,1,1.4142135381698608,0.8562334087463417,0.14376659125365832,1.7320507764816284,0.7983224640039921,0.2016775359960079,2.6457512378692627,0.625990595314544,0.37400940468545596
survset:UnempDur,CoxPH,6,47,2467,2.2360680103302,0,1.4142135381698608,0.8722298947310941,0.12777010526890586,1.7320507764816284,0.8200572704618552,0.17994272953814483,2.6457512378692627,0.6619548192359619,0.3380451807640381
survset:UnempDur,CoxPH,6,47,1718,1.7320507764816284,0,1.4142135381698608,0.878948308357037,0.12105169164296303,1.7320507764816284,0.8292396984647845,0.1707603015352155,2.6457512378692627,0.6774624098209056,0.32253759017909445
survset:UnempDur,CoxPH,6,47,2695,1.7320507764816284,1,1.4142135381698608,0.6223142580079382,0.37768574199206184,1.7320507764816284,0.5024221370754551,0.49757786292454487,2.6457512378692627,0.23896572495276358,0.7610342750472364
survset:UnempDur,CoxPH,6,47,1430,1.7320507764816284,1,1.4142135381698608,0.6116808272463395,0.38831917275366046,1.7320507764816284,0.4900120610290646,0.5099879389709354,2.6457512378692627,0.22685416214871992,0.7731458378512801
survset:UnempDur,CoxPH,6,47,1590,2.2360680103302,1,1.4142135381698608,0.6153740760408933,0.38462592395910666,1.7320507764816284,0.49431143878418476,0.5056885612158153,2.6457512378692627,0.23101310410143724,0.7689868958985627
survset:UnempDur,CoxPH,6,47,2739,2.2360680103302,1,1.4142135381698608,0.8771049623690471,0.12289503763095289,1.7320507764816284,0.8267171318801118,0.17328286811988824,2.6457512378692627,0.6731836416367091,0.3268163583632909
survset:UnempDur,CoxPH,6,47,722,2.4494898319244385,0,1.4142135381698608,0.8984473269565311,0.10155267304346893,1.7320507764816284,0.8560692576041347,0.14393074239586534,2.6457512378692627,0.7238422559938824,0.2761577440061176
survset:UnempDur,CoxPH,6,47,1411,1.0,1,1.4142135381698608,0.7133258880291284,0.28667411197087156,1.7320507764816284,0.6124812778024551,0.3875187221975449,2.6457512378692627,0.36077234860207164,0.6392276513979284
survset:UnempDur,CoxPH,6,47,2582,3.0,1,1.4142135381698608,0.6768121550571654,0.3231878449428346,1.7320507764816284,0.5675143832698395,0.4324856167301605,2.6457512378692627,0.30786799968995787,0.6921320003100422
survset:UnempDur,CoxPH,6,47,1384,1.7320507764816284,1,1.4142135381698608,0.8418816697474389,0.15811833025256106,1.7320507764816284,0.7789776331912222,0.22102236680877785,2.6457512378692627,0.5948573437484147,0.4051426562515853
survset:UnempDur,CoxPH,6,47,2352,1.4142135381698608,1,1.4142135381698608,0.6318686940504782,0.3681313059495218,1.7320507764816284,0.5136548882037879,0.4863451117962121,2.6457512378692627,0.2502104986476597,0.7497895013523403
survset:UnempDur,CoxPH,6,47,2997,1.0,1,1.4142135381698608,0.7257296390013306,0.2742703609986694,1.7320507764816284,0.6279971951086286,0.3720028048913714,2.6457512378692627,0.38003895489021755,0.6199610451097824
survset:UnempDur,CoxPH,6,47,1556,1.0,1,1.4142135381698608,0.6029528134082173,0.39704718659178273,1.7320507764816284,0.47989817560416276,0.5201018243958373,2.6457512378692627,0.21722520091440103,0.782774799085599
survset:UnempDur,CoxPH,6,47,2684,1.4142135381698608,1,1.4142135381698608,0.6242839427236615,0.3757160572763385,1.7320507764816284,0.5047314892769214,0.49526851072307865,2.6457512378692627,0.24125563322898916,0.7587443667710109
survset:UnempDur,CoxPH,6,47,505,2.6457512378692627,0,1.4142135381698608,0.840307515452632,0.15969248454736795,1.7320507764816284,0.7768648128479956,0.22313518715200442,2.6457512378692627,0.5915069270914668,0.4084930729085332
survset:UnempDur,CoxPH,6,47,868,3.605551242828369,1,1.4142135381698608,0.723094138864733,0.27690586113526705,1.7320507764816284,0.6246903463019117,0.37530965369808833,2.6457512378692627,0.3758890955023695,0.6241109044976305
survset:UnempDur,CoxPH,6,47,3201,1.0,1,1.4142135381698608,0.6628860050973823,0.33711399490261773,1.7320507764816284,0.5506474509065515,0.44935254909344846,2.6457512378692627,0.289144373650007,0.710855626349993
survset:UnempDur,CoxPH,6,47,785,3.605551242828369,1,1.4142135381698608,0.8581676053431105,0.14183239465688946,1.7320507764816284,0.8009408435615669,0.19905915643843308,2.6457512378692627,0.630267947991758,0.369732052008242
survset:UnempDur,CoxPH,6,47,708,1.4142135381698608,1,1.4142135381698608,0.8576497358281692,0.14235026417183083,1.7320507764816284,0.8002395268807321,0.19976047311926792,2.6457512378692627,0.6291208029754065,0.3708791970245935
survset:UnempDur,CoxPH,6,47,1803,2.4494898319244385,0,1.4142135381698608,0.8770837311623864,0.12291626883761364,1.7320507764816284,0.826688091499246,0.17331190850075395,2.6457512378692627,0.673134465389539,0.326865534610461
survset:UnempDur,CoxPH,6,47,3191,2.2360680103302,1,1.4142135381698608,0.6140567372621037,0.38594326273789625,1.7320507764816284,0.4927765613412799,0.5072234386587201,2.6457512378692627,0.22952386011479134,0.7704761398852087
survset:UnempDur,CoxPH,6,47,407,3.7416574954986572,0,1.4142135381698608,0.8355553614523623,0.1644446385476377,1.7320507764816284,0.7704973365127946,0.22950266348720538,2.6457512378692627,0.5814690693006261,0.41853093069937386
survset:UnempDur,CoxPH,6,47,1391,3.0,1,1.4142135381698608,0.8816071070484203,0.11839289295157973,1.7320507764816284,0.8328823946108186,0.1671176053891814,2.6457512378692627,0.6836659771127275,0.3163340228872725
survset:UnempDur,CoxPH,6,47,842,4.4721360206604,0,1.4142135381698608,0.8125489331264395,0.1874510668735605,1.7320507764816284,0.7399023800192446,0.2600976199807554,2.6457512378692627,0.5344807553791892,0.46551924462081085
survset:UnempDur,CoxPH,6,47,1440,1.7320507764816284,1,1.4142135381698608,0.6733115481248859,0.3266884518751141,1.7320507764816284,0.5632596809369543,0.43674031906304567,2.6457512378692627,0.30308741801426486,0.6969125819857351
survset:UnempDur,CoxPH,6,47,1573,2.6457512378692627,0,1.4142135381698608,0.5734135403048105,0.4265864596951895,1.7320507764816284,0.44616018217400844,0.5538398178259916,2.6457512378692627,0.1866692948652172,0.8133307051347828
survset:UnempDur,CoxPH,6,47,303,3.316624879837036,0,1.4142135381698608,0.8453494556388033,0.15465054436119674,1.7320507764816284,0.7836383629124225,0.2163616370875775,2.6457512378692627,0.6022828673616225,0.3977171326383775
survset:UnempDur,CoxPH,6,47,2815,2.4494898319244385,0,1.4142135381698608,0.8726476801852793,0.12735231981472073,1.7320507764816284,0.8206273534551775,0.17937264654482254,2.6457512378692627,0.6629121673616833,0.33708783263831665
survset:UnempDur,CoxPH,6,47,2521,3.1622776985168457,1,1.4142135381698608,0.6535591606646275,0.3464408393353725,1.7320507764816284,0.5394399220967904,0.46056007790320963,2.6457512378692627,0.277040056452384,0.722959943547616
survset:UnempDur,CoxPH,6,47,71,3.7416574954986572,0,1.4142135381698608,0.8644994065663367,0.13550059343366327,1.7320507764816284,0.8095310093025837,0.1904689906974163,2.6457512378692627,0.6444069526912678,0.3555930473087322
survset:UnempDur,CoxPH,6,47,2722,1.4142135381698608,0,1.4142135381698608,0.6384022215313109,0.3615977784686891,1.7320507764816284,0.5213803939294152,0.47861960607058485,2.6457512378692627,0.2581001691944061,0.741899830805594
survset:UnempDur,CoxPH,6,47,1706,1.4142135381698608,0,1.4142135381698608,0.8637702119987583,0.13622978800124175,1.7320507764816284,0.8085402818771837,0.19145971812281626,2.6457512378692627,0.6427679539845104,0.35723204601548963
survset:UnempDur,CoxPH,6,47,1336,5.196152210235596,1,1.4142135381698608,0.7672000316012462,0.23279996839875383,1.7320507764816284,0.6807386233936575,0.31926137660634246,2.6457512378692627,0.44943005974463474,0.5505699402553652
survset:UnempDur,CoxPH,6,47,608,1.7320507764816284,0,1.4142135381698608,0.8936181879737474,0.10638181202625263,1.7320507764816284,0.8493999128947906,0.15060008710520945,2.6457512378692627,0.7121641342764284,0.28783586572357156
survset:UnempDur,CoxPH,6,47,3188,3.0,0,1.4142135381698608,0.5800447800362698,0.4199552199637302,1.7320507764816284,0.45366726834851256,0.5463327316514874,2.6457512378692627,0.19326052907514507,0.806739470924855
survset:UnempDur,CoxPH,6,47,482,2.6457512378692627,0,1.4142135381698608,0.8277657128329392,0.1722342871670608,1.7320507764816284,0.7600952014066708,0.23990479859332925,2.6457512378692627,0.5652626457150965,0.43473735428490345
survset:UnempDur,CoxPH,6,47,758,2.6457512378692627,0,1.4142135381698608,0.8311896980521367,0.16881030194786328,1.7320507764816284,0.7646621049744807,0.23533789502551927,2.6457512378692627,0.5723485511489207,0.4276514488510793
survset:UnempDur,CoxPH,6,47,2844,2.0,0,1.4142135381698608,0.8292416136001528,0.1707583863998472,1.7320507764816284,0.7620627113907656,0.23793728860923435,2.6457512378692627,0.568309771587594,0.431690228412406
survset:UnempDur,CoxPH,6,47,1835,2.8284270763397217,0,1.4142135381698608,0.6620678111139546,0.33793218888604537,1.7320507764816284,0.5496614104749624,0.4503385895250376,2.6457512378692627,0.2880686504338876,0.7119313495661124
survset:UnempDur,CoxPH,6,47,142,1.7320507764816284,0,1.4142135381698608,0.7301213911938526,0.26987860880614745,1.7320507764816284,0.6335197131059448,0.3664802868940552,2.6457512378692627,0.38702207404545097,0.612977925954549
survset:UnempDur,CoxPH,6,47,1485,3.0,1,1.4142135381698608,0.8470904552290057,0.15290954477099428,1.7320507764816284,0.7859815359935537,0.2140184640064463,2.6457512378692627,0.6060341032081528,0.39396589679184724
survset:UnempDur,CoxPH,6,47,623,3.0,1,1.4142135381698608,0.8944525493985633,0.10554745060143667,1.7320507764816284,0.8505510591762203,0.14944894082377969,2.6457512378692627,0.714172767816404,0.28582723218359596
survset:UnempDur,CoxPH,6,47,306,3.0,1,1.4142135381698608,0.6134535641241655,0.3865464358758345,1.7320507764816284,0.4920742787545214,0.5079257212454786,2.6457512378692627,0.22884412428099235,0.7711558757190077
survset:UnempDur,CoxPH,6,47,6,1.7320507764816284,1,1.4142135381698608,0.5956390946666053,0.40436090533339475,1.7320507764816284,0.4714738342768653,0.5285261657231347,2.6457512378692627,0.20937015614773732,0.7906298438522626
survset:UnempDur,CoxPH,6,47,1958,1.4142135381698608,1,1.4142135381698608,0.8290182638651283,0.17098173613487166,1.7320507764816284,0.7617648643382979,0.23823513566170207,2.6457512378692627,0.5678479430397031,0.4321520569602969
survset:UnempDur,CoxPH,6,47,1114,1.7320507764816284,0,1.4142135381698608,0.830814702344752,0.16918529765524803,1.7320507764816284,0.764161521927967,0.23583847807203295,2.6457512378692627,0.5715696212888308,0.4284303787111692
survset:UnempDur,CoxPH,6,47,914,3.7416574954986572,1,1.4142135381698608,0.8847033381024993,0.11529666189750065,1.7320507764816284,0.8371306471739872,0.16286935282601278,2.6457512378692627,0.6909379057923264,0.3090620942076736
survset:UnempDur,CoxPH,6,47,1397,1.0,1,1.4142135381698608,0.6969365270962441,0.3030634729037559,1.7320507764816284,0.5921658971850717,0.40783410281492827,2.6457512378692627,0.3363318194035962,0.6636681805964038
survset:UnempDur,CoxPH,6,47,2112,2.2360680103302,1,1.4142135381698608,0.828566043106394,0.17143395689360597,1.7320507764816284,0.7611619182073671,0.23883808179263288,2.6457512378692627,0.5669136379163714,0.4330863620836286
survset:UnempDur,CoxPH,6,47,2523,2.2360680103302,1,1.4142135381698608,0.6979213289111902,0.3020786710888098,1.7320507764816284,0.5933805775844484,0.4066194224155516,2.6457512378692627,0.33776814179443754,0.6622318582055624
survset:UnempDur,CoxPH,6,47,2120,2.6457512378692627,0,1.4142135381698608,0.8358716216538968,0.16412837834610317,1.7320507764816284,0.7709205915806678,0.22907940841933216,2.6457512378692627,0.5821335327588841,0.41786646724111587
survset:UnempDur,CoxPH,6,47,1299,2.0,1,1.4142135381698608,0.8392336439448653,0.16076635605513467,1.7320507764816284,0.775424493147616,0.22457550685238403,2.6457512378692627,0.5892285629748616,0.4107714370251384
survset:UnempDur,CoxPH,6,47,975,1.7320507764816284,1,1.4142135381698608,0.6281000535148091,0.37189994648519087,1.7320507764816284,0.5092150356140192,0.49078496438598085,2.6457512378692627,0.24573381216533446,0.7542661878346655
survset:UnempDur,CoxPH,6,47,1708,1.0,1,1.4142135381698608,0.705230623556674,0.294769376443326,1.7320507764816284,0.602420191466599,0.397579808533401,2.6457512378692627,0.3485570672529071,0.651442932747093
survset:UnempDur,CoxPH,6,47,3009,4.582575798034668,1,1.4142135381698608,0.8669778733681524,0.13302212663184765,1.7320507764816284,0.8129012209745636,0.18709877902543637,2.6457512378692627,0.6499986494840962,0.35000135051590375
survset:UnempDur,CoxPH,6,47,58,1.7320507764816284,0,1.4142135381698608,0.8513655315338831,0.14863446846611694,1.7320507764816284,0.7917444850420194,0.20825551495798056,2.6457512378692627,0.6153115840627308,0.3846884159372692
survset:UnempDur,CoxPH,6,47,1243,1.4142135381698608,1,1.4142135381698608,0.6493519446910179,0.35064805530898213,1.7320507764816284,0.5344078632685316,0.4655921367314684,2.6457512378692627,0.2716927139038306,0.7283072860961695
survset:UnempDur,CoxPH,6,47,2927,2.8284270763397217,0,1.4142135381698608,0.854778113861956,0.145221886138044,1.7320507764816284,0.7963541462520993,0.20364585374790067,2.6457512378692627,0.6227851306507103,0.3772148693492897
survset:UnempDur,CoxPH,6,47,411,3.0,0,1.4142135381698608,0.86584995785717,0.13415004214283,1.7320507764816284,0.8113669451156664,0.18863305488433357,2.6457512378692627,0.6474499411331813,0.35255005886681867
survset:UnempDur,CoxPH,6,47,2422,3.464101552963257,0,1.4142135381698608,0.6315163225654138,0.3684836774345862,1.7320507764816284,0.513239250124197,0.486760749875803,2.6457512378692627,0.24978963211930041,0.7502103678806996
survset:UnempDur,CoxPH,6,47,1511,1.4142135381698608,1,1.4142135381698608,0.6593688497052408,0.3406311502947592,1.7320507764816284,0.5464126761412249,0.4535873238587751,2.6457512378692627,0.28453915990547207,0.7154608400945279
survset:UnempDur,CoxPH,6,47,1571,1.0,1,1.4142135381698608,0.6278576965131493,0.37214230348685073,1.7320507764816284,0.508929924082589,0.49107007591741103,2.6457512378692627,0.24544776878883406,0.7545522312111659
survset:UnempDur,CoxPH,6,47,2950,1.4142135381698608,1,1.4142135381698608,0.8883702696403805,0.11162973035961954,1.7320507764816284,0.8421706247110771,0.15782937528892294,2.6457512378692627,0.6996168809782742,0.30038311902172576
survset:UnempDur,CoxPH,6,47,341,2.2360680103302,1,1.4142135381698608,0.8380660569442633,0.16193394305573672,1.7320507764816284,0.7738594217727053,0.22614057822729472,2.6457512378692627,0.5867580353669128,0.41324196463308716
survset:UnempDur,CoxPH,6,47,565,3.0,1,1.4142135381698608,0.828279861407483,0.171720138592517,1.7320507764816284,0.760780428726184,0.239219571273816,2.6457512378692627,0.5663229071348952,0.4336770928651048
survset:UnempDur,CoxPH,6,47,2686,1.0,1,1.4142135381698608,0.6921190649637537,0.30788093503624625,1.7320507764816284,0.5862350807380253,0.4137649192619747,2.6457512378692627,0.3293644313121402,0.6706355686878598
survset:UnempDur,CoxPH,6,47,1234,1.7320507764816284,1,1.4142135381698608,0.8136240574107467,0.18637594258925327,1.7320507764816284,0.741323523046797,0.25867647695320295,2.6457512378692627,0.5366178817727625,0.4633821182272375
survset:UnempDur,CoxPH,6,47,1418,1.0,1,1.4142135381698608,0.8709305465608197,0.1290694534391803,1.7320507764816284,0.8182850515318781,0.18171494846812186,2.6457512378692627,0.6589832946840344,0.3410167053159656
survset:UnempDur,CoxPH,6,47,2642,1.0,1,1.4142135381698608,0.5877626699755143,0.4122373300244857,1.7320507764816284,0.46245339905715355,0.5375466009428465,2.6457512378692627,0.2011256811670637,0.7988743188329364
survset:UnempDur,CoxPH,6,47,480,2.2360680103302,1,1.4142135381698608,0.5774856250373595,0.42251437496264055,1.7320507764816284,0.4507654894625752,0.5492345105374248,2.6457512378692627,0.19069868398818493,0.8093013160118151
survset:UnempDur,CoxPH,6,47,2755,1.0,1,1.4142135381698608,0.5817007104267122,0.41829928957328777,1.7320507764816284,0.455547979495789,0.5444520205042109,2.6457512378692627,0.19493040194093914,0.8050695980590609
survset:UnempDur,CoxPH,6,47,1904,1.7320507764816284,1,1.4142135381698608,0.5764218373739267,0.4235781626260733,1.7320507764816284,0.44956098480206336,0.5504390151979366,2.6457512378692627,0.18964049470107,0.81035950529893
survset:UnempDur,CoxPH,6,47,1216,3.316624879837036,1,1.4142135381698608,0.8103327458278432,0.1896672541721568,1.7320507764816284,0.7369756102793029,0.2630243897206971,2.6457512378692627,0.5300934015493505,0.4699065984506495
survset:UnempDur,CoxPH,6,47,3155,1.0,1,1.4142135381698608,0.5941092342570793,0.4058907657429207,1.7320507764816284,0.4697175330480364,0.5302824669519637,2.6457512378692627,0.2077514546120699,0.7922485453879301
survset:UnempDur,CoxPH,6,47,1591,1.7320507764816284,1,1.4142135381698608,0.6993740290831839,0.3006259709168161,1.7320507764816284,0.5951737881232889,0.4048262118767111,2.6457512378692627,0.33989436712861354,0.6601056328713865
survset:UnempDur,CoxPH,6,47,2185,2.6457512378692627,0,1.4142135381698608,0.8510283895294508,0.1489716104705492,1.7320507764816284,0.7912895308429614,0.20871046915703861,2.6457512378692627,0.61457651577951,0.38542348422049
survset:UnempDur,CoxPH,6,47,2023,3.0,0,1.4142135381698608,0.8415335109151046,0.15846648908489536,1.7320507764816284,0.7785101828712884,0.22148981712871163,2.6457512378692627,0.5941152354420972,0.4058847645579028
survset:UnempDur,CoxPH,6,47,676,3.1622776985168457,0,1.4142135381698608,0.8275492047952608,0.17245079520473916,1.7320507764816284,0.7598067095321895,0.24019329046781046,2.6457512378692627,0.5648165669115154,0.4351834330884846
survset:UnempDur,CoxPH,6,47,2702,3.1622776985168457,1,1.4142135381698608,0.8274059278802397,0.1725940721197603,1.7320507764816284,0.7596158151317884,0.24038418486821156,2.6457512378692627,0.5645214981175244,0.4354785018824756
survset:UnempDur,CoxPH,6,47,559,2.4494898319244385,0,1.4142135381698608,0.8448999921807719,0.15510000781922806,1.7320507764816284,0.7830337932753834,0.21696620672461664,2.6457512378692627,0.6013169611779341,0.3986830388220659
survset:UnempDur,CoxPH,6,47,1883,2.6457512378692627,1,1.4142135381698608,0.8123578450840737,0.18764215491592628,1.7320507764816284,0.7396498808224129,0.2603501191775871,2.6457512378692627,0.5341015082235112,0.4658984917764888
survset:UnempDur,CoxPH,6,47,2359,5.196152210235596,0,1.4142135381698608,0.9109442669622272,0.08905573303777281,1.7320507764816284,0.8734033779089437,0.12659662209105627,2.6457512378692627,0.7546560581945627,0.24534394180543728
survset:UnempDur,CoxPH,6,47,1474,1.7320507764816284,1,1.4142135381698608,0.864005571935486,0.135994428064514,1.7320507764816284,0.8088600147601941,0.1911399852398059,2.6457512378692627,0.6432966636504133,0.35670333634958673
survset:UnempDur,CoxPH,6,47,439,2.6457512378692627,1,1.4142135381698608,0.8360928005316021,0.16390719946839793,1.7320507764816284,0.7712166410387716,0.22878335896122837,2.6457512378692627,0.5825985316908296,0.41740146830917035
survset:UnempDur,CoxPH,6,47,2013,2.2360680103302,0,1.4142135381698608,0.7068069607688181,0.2931930392311819,1.7320507764816284,0.6043752554143572,0.3956247445856428,2.6457512378692627,0.35091363681768617,0.6490863631823138
survset:UnempDur,CoxPH,6,47,1471,2.0,0,1.4142135381698608,0.8284029035562137,0.1715970964437863,1.7320507764816284,0.7609444406120769,0.2390555593879231,2.6457512378692627,0.5665768379176149,0.43342316208238507
survset:UnempDur,CoxPH,6,47,1888,3.316624879837036,0,1.4142135381698608,0.8243973533962505,0.17560264660374947,1.7320507764816284,0.7556108002437275,0.2443891997562725,2.6457512378692627,0.5583493310177505,0.4416506689822495
survset:UnempDur,CoxPH,6,47,970,4.0,1,1.4142135381698608,0.6549500564481975,0.3450499435518025,1.7320507764816284,0.5411067308724686,0.45889326912753137,2.6457512378692627,0.2788232307503941,0.7211767692496058
survset:UnempDur,CoxPH,6,47,3196,3.605551242828369,0,1.4142135381698608,0.8698890490254595,0.1301109509745405,1.7320507764816284,0.8168653836105026,0.18313461638949735,2.6457512378692627,0.6566079078415991,0.34339209215840094
survset:UnempDur,CoxPH,6,47,1963,4.242640495300293,0,1.4142135381698608,0.868494669962363,0.13150533003763698,1.7320507764816284,0.8149659024437869,0.18503409755621314,2.6457512378692627,0.6534366624460637,0.3465633375539363
survset:UnempDur,CoxPH,6,47,1749,1.7320507764816284,1,1.4142135381698608,0.7053660510236583,0.29463394897634165,1.7320507764816284,0.6025880790424961,0.3974119209575039,2.6457512378692627,0.34875910985622993,0.6512408901437701
survset:UnempDur,CoxPH,6,47,1766,1.4142135381698608,1,1.4142135381698608,0.8304990483615812,0.16950095163841883,1.7320507764816284,0.7637402333635869,0.23625976663641313,2.6457512378692627,0.5709145039826735,0.4290854960173265
survset:UnempDur,CoxPH,6,47,2091,1.4142135381698608,1,1.4142135381698608,0.6070219615599091,0.39297803844009094,1.7320507764816284,0.48460527961852534,0.5153947203814746,2.6457512378692627,0.22167964605116597,0.778320353948834
survset:UnempDur,CoxPH,6,47,869,2.2360680103302,0,1.4142135381698608,0.7198442297300011,0.28015577026999894,1.7320507764816284,0.6206200607853385,0.3793799392146615,2.6457512378692627,0.370813645494182,0.6291863545058181
survset:UnempDur,CoxPH,6,47,342,3.605551242828369,0,1.4142135381698608,0.8425648363710964,0.15743516362890364,1.7320507764816284,0.7798951302746014,0.22010486972539856,2.6457512378692627,0.5963153294736395,0.4036846705263605
survset:UnempDur,CoxPH,6,47,2933,1.0,1,1.4142135381698608,0.6019865606555567,0.39801343934444333,1.7320507764816284,0.47878253563035794,0.5212174643696421,2.6457512378692627,0.21617632393342553,0.7838236760665744
survset:UnempDur,CoxPH,6,47,2718,1.7320507764816284,1,1.4142135381698608,0.8504720623141626,0.1495279376858374,1.7320507764816284,0.7905389763130984,0.20946102368690156,2.6457512378692627,0.6133648437981521,0.38663515620184785
survset:UnempDur,CoxPH,6,47,1515,2.6457512378692627,1,1.4142135381698608,0.8455698283813041,0.15443017161869588,1.7320507764816284,0.7839348374900844,0.2160651625099156,2.6457512378692627,0.6027568316935653,0.3972431683064347
survset:UnempDur,CoxPH,6,47,619,3.0,1,1.4142135381698608,0.8588982588420503,0.1411017411579497,1.7320507764816284,0.8019306444084224,0.19806935559157757,2.6457512378692627,0.6318888132950012,0.36811118670499876
survset:UnempDur,CoxPH,6,47,294,1.0,1,1.4142135381698608,0.5738020141776939,0.42619798582230606,1.7320507764816284,0.4465988902961258,0.5534011097038742,2.6457512378692627,0.18705121531504312,0.8129487846849569
survset:UnempDur,CoxPH,6,47,2308,3.316624879837036,0,1.4142135381698608,0.8686201171852539,0.1313798828147461,1.7320507764816284,0.8151367355808458,0.18486326441915424,2.6457512378692627,0.6537215477257037,0.3462784522742963
survset:UnempDur,CoxPH,6,47,1566,1.0,1,1.4142135381698608,0.648860252894809,0.351139747105191,1.7320507764816284,0.5338207308167839,0.46617926918321606,2.6457512378692627,0.2710723188945522,0.7289276811054478
survset:UnempDur,CoxPH,6,47,33,2.0,0,1.4142135381698608,0.6273894665296719,0.37261053347032813,1.7320507764816284,0.5083792336438199,0.49162076635618013,2.6457512378692627,0.2448957681373091,0.7551042318626909
survset:UnempDur,CoxPH,6,47,2280,2.2360680103302,1,1.4142135381698608,0.6747431819091312,0.3252568180908688,1.7320507764816284,0.564998511886046,0.435001488113954,2.6457512378692627,0.30503647475808693,0.6949635252419131
survset:UnempDur,CoxPH,6,47,3067,1.4142135381698608,0,1.4142135381698608,0.6470055674928573,0.3529944325071427,1.7320507764816284,0.5316078457193204,0.4683921542806796,2.6457512378692627,0.2687406843435916,0.7312593156564084
survset:UnempDur,CoxPH,6,47,2089,3.0,0,1.4142135381698608,0.6785600042679476,0.3214399957320524,1.7320507764816284,0.5696424740144055,0.4303575259855945,2.6457512378692627,0.3102736960753241,0.6897263039246759
survset:UnempDur,CoxPH,6,47,2256,3.316624879837036,0,1.4142135381698608,0.5983003818736045,0.40169961812639554,1.7320507764816284,0.47453388023566373,0.5254661197643362,2.6457512378692627,0.21220604374755275,0.7877939562524472
survset:UnempDur,CoxPH,6,47,2285,1.4142135381698608,0,1.4142135381698608,0.8438428913119413,0.15615710868805865,1.7320507764816284,0.7816124674929226,0.21838753250707743,2.6457512378692627,0.5990493136584828,0.4009506863415172
survset:UnempDur,CoxPH,6,47,3140,2.4494898319244385,0,1.4142135381698608,0.5845020906649832,0.41549790933501685,1.7320507764816284,0.458735128625597,0.541264871374403,2.6457512378692627,0.19777728703468161,0.8022227129653183
survset:UnempDur,CoxPH,6,47,1690,3.7416574954986572,1,1.4142135381698608,0.8736424395583869,0.12635756044161306,1.7320507764816284,0.8219852333870282,0.17801476661297178,2.6457512378692627,0.665195366694015,0.334804633305985
survset:UnempDur,CoxPH,6,47,2914,1.7320507764816284,1,1.4142135381698608,0.4703564290729598,0.5296435709270402,1.7320507764816284,0.33467946950878336,0.6653205304912166,2.6457512378692627,0.10266147462953987,0.8973385253704601
survset:UnempDur,CoxPH,6,47,1794,5.291502475738525,0,1.4142135381698608,0.8607035456731803,0.1392964543268197,1.7320507764816284,0.8043778572099431,0.19562214279005685,2.6457512378692627,0.635905566757871,0.364094433242129
survset:UnempDur,CoxPH,6,47,1531,1.0,1,1.4142135381698608,0.5759795269132334,0.4240204730867666,1.7320507764816284,0.4490604608852044,0.5509395391147955,2.6457512378692627,0.18920167015751702,0.810798329842483
survset:UnempDur,CoxPH,6,47,1408,1.4142135381698608,0,1.4142135381698608,0.6350424258686457,0.3649575741313543,1.7320507764816284,0.517403157808187,0.482596842191813,2.6457512378692627,0.254022537642787,0.7459774623572131
survset:UnempDur,CoxPH,6,47,472,3.316624879837036,0,1.4142135381698608,0.7163849266633784,0.2836150733366216,1.7320507764816284,0.6162966248844056,0.3837033751155944,2.6457512378692627,0.3654617493506345,0.6345382506493655
survset:UnempDur,CoxPH,6,47,2527,1.0,1,1.4142135381698608,0.5962488756135678,0.40375112438643224,1.7320507764816284,0.4721744391503855,0.5278255608496145,2.6457512378692627,0.210017691188086,0.789982308811914
survset:UnempDur,CoxPH,6,47,521,4.0,0,1.4142135381698608,0.6310779413420812,0.3689220586579188,1.7320507764816284,0.512722305726793,0.487277694273207,2.6457512378692627,0.24926669811199767,0.7507333018880024
survset:UnempDur,CoxPH,6,47,806,2.6457512378692627,1,1.4142135381698608,0.8778063060339681,0.12219369396603186,1.7320507764816284,0.8276766191203314,0.1723233808796686,2.6457512378692627,0.6748094618729592,0.3251905381270408
survset:UnempDur,CoxPH,6,47,2424,1.4142135381698608,1,1.4142135381698608,0.8111527277109186,0.18884727228908138,1.7320507764816284,0.7380580849115961,0.2619419150884039,2.6457512378692627,0.5317138899401334,0.46828611005986664
survset:UnempDur,CoxPH,6,47,1736,1.4142135381698608,1,1.4142135381698608,0.6373067049895453,0.36269329501045466,1.7320507764816284,0.5200825105676571,0.4799174894323429,2.6457512378692627,0.2567658184301026,0.7432341815698974
survset:UnempDur,CoxPH,6,47,974,3.316624879837036,0,1.4142135381698608,0.8740507671604735,0.12594923283952653,1.7320507764816284,0.8225428162906843,0.17745718370931574,2.6457512378692627,0.6661340916073171,0.33386590839268293
survset:UnempDur,CoxPH,6,47,1782,1.7320507764816284,0,1.4142135381698608,0.8556014499422318,0.14439855005776825,1.7320507764816284,0.7974675405065291,0.20253245949347087,2.6457512378692627,0.6245972772052865,0.37540272279471354
survset:UnempDur,CoxPH,6,47,1272,1.0,1,1.4142135381698608,0.6544418881199732,0.34555811188002683,1.7320507764816284,0.5404975714818339,0.45950242851816614,2.6457512378692627,0.27817085522064994,0.7218291447793501
survset:UnempDur,CoxPH,6,47,2802,1.4142135381698608,1,1.4142135381698608,0.620875571761376,0.379124428238624,1.7320507764816284,0.5007374351090338,0.4992625648909662,2.6457512378692627,0.23730235873665606,0.7626976412633439
survset:UnempDur,CoxPH,6,47,437,2.2360680103302,1,1.4142135381698608,0.8378158368669698,0.1621841631330302,1.7320507764816284,0.7735241466310973,0.22647585336890275,2.6457512378692627,0.5862294910118746,0.4137705089881254
survset:UnempDur,CoxPH,6,47,1417,2.4494898319244385,0,1.4142135381698608,0.5897440144788723,0.41025598552112774,1.7320507764816284,0.4647174205589375,0.5352825794410625,2.6457512378692627,0.20317878614579446,0.7968212138542056
survset:UnempDur,CoxPH,6,47,284,2.0,0,1.4142135381698608,0.8326961075465759,0.16730389245342414,1.7320507764816284,0.7666740428332678,0.2333259571667322,2.6457512378692627,0.5754847725961234,0.4245152274038766
survset:UnempDur,CoxPH,6,47,1115,2.6457512378692627,0,1.4142135381698608,0.868808092423566,0.13119190757643395,1.7320507764816284,0.8153927397629158,0.18460726023708418,2.6457512378692627,0.6541485868939847,0.3458514131060153
survset:UnempDur,CoxPH,6,47,1929,1.0,1,1.4142135381698608,0.7070011541340677,0.2929988458659323,1.7320507764816284,0.6046162414034586,0.3953837585965414,2.6457512378692627,0.35120468408590644,0.6487953159140936
survset:UnempDur,CoxPH,6,47,642,1.0,1,1.4142135381698608,0.611686613553475,0.388313386446525,1.7320507764816284,0.49001878783568703,0.509981212164313,2.6457512378692627,0.22686063859603817,0.7731393614039619
survset:UnempDur,CoxPH,6,47,904,3.7416574954986572,0,1.4142135381698608,0.8583317699931406,0.14166823000685935,1.7320507764816284,0.8011632008365791,0.1988367991634209,2.6457512378692627,0.6306318847296192,0.3693681152703808
survset:UnempDur,CoxPH,6,47,270,4.4721360206604,1,1.4142135381698608,0.8770799570731642,0.12292004292683578,1.7320507764816284,0.8266829292734114,0.17331707072658864,2.6457512378692627,0.6731257240019768,0.3268742759980232
survset:UnempDur,CoxPH,6,47,1579,1.4142135381698608,1,1.4142135381698608,0.5821917981770407,0.4178082018229593,1.7320507764816284,0.45610619379429324,0.5438938062057068,2.6457512378692627,0.1954274727853358,0.8045725272146642
survset:UnempDur,CoxPH,6,47,2690,2.2360680103302,1,1.4142135381698608,0.8402037395821925,0.15979626041780748,1.7320507764816284,0.7767255882026227,0.22327441179737728,2.6457512378692627,0.5912864958320752,0.40871350416792485
survset:UnempDur,CoxPH,6,47,650,3.7416574954986572,0,1.4142135381698608,0.8908342917595972,0.10916570824040284,1.7320507764816284,0.8455625543306136,0.15443744566938644,2.6457512378692627,0.705489543077046,0.29451045692295397
survset:UnempDur,CoxPH,6,47,1786,5.196152210235596,0,1.4142135381698608,0.6744383457613737,0.32556165423862626,1.7320507764816284,0.5646281249782256,0.43537187502177443,2.6457512378692627,0.304620764176314,0.695379235823686
survset:UnempDur,CoxPH,6,47,3001,1.0,1,1.4142135381698608,0.582367260179261,0.417632739820739,1.7320507764816284,0.4563056911416612,0.5436943088583388,2.6457512378692627,0.19560527779593423,0.8043947222040657
survset:UnempDur,CoxPH,6,47,1747,3.464101552963257,0,1.4142135381698608,0.867100531204087,0.13289946879591297,1.7320507764816284,0.8130681237479288,0.1869318762520712,2.6457512378692627,0.6502762185456769,0.34972378145432315
survset:UnempDur,CoxPH,6,47,894,3.7416574954986572,1,1.4142135381698608,0.8332679147741492,0.1667320852258508,1.7320507764816284,0.767438170216068,0.23256182978393203,2.6457512378692627,0.5766782305842812,0.42332176941571875
survset:UnempDur,CoxPH,6,47,2364,2.4494898319244385,0,1.4142135381698608,0.826837649882135,0.17316235011786496,1.7320507764816284,0.7588588192102808,0.24114118078971924,2.6457512378692627,0.5633521844247801,0.4366478155752199
survset:UnempDur,CoxPH,6,47,2910,1.7320507764816284,1,1.4142135381698608,0.6306461479837344,0.3693538520162656,1.7320507764816284,0.5122132881815437,0.48778671181845634,2.6457512378692627,0.24875233869457578,0.7512476613054242
survset:UnempDur,CoxPH,6,47,1009,1.4142135381698608,1,1.4142135381698608,0.6015128339400364,0.3984871660599636,1.7320507764816284,0.4782358635477074,0.5217641364522926,2.6457512378692627,0.21566332830667714,0.7843366716933229
survset:UnempDur,CoxPH,6,47,2682,2.0,0,1.4142135381698608,0.8538472205024592,0.1461527794975408,1.7320507764816284,0.7950958854055749,0.20490411459442515,2.6457512378692627,0.6207404908691458,0.37925950913085416
survset:UnempDur,CoxPH,6,47,2853,3.316624879837036,0,1.4142135381698608,0.8330338216153371,0.16696617838466288,1.7320507764816284,0.7671253141615456,0.2328746858384544,2.6457512378692627,0.5761894388667819,0.42381056113321813
survset:UnempDur,CoxPH,6,47,1611,1.7320507764816284,1,1.4142135381698608,0.6297536372688438,0.3702463627311562,1.7320507764816284,0.5111616545915676,0.4888383454084324,2.6457512378692627,0.24769141559120156,0.7523085844087984
survset:UnempDur,CoxPH,6,47,1825,3.1622776985168457,1,1.4142135381698608,0.8492232428708267,0.15077675712917327,1.7320507764816284,0.7888549704776132,0.21114502952238678,2.6457512378692627,0.6106507539437409,0.3893492460562591
survset:UnempDur,CoxPH,6,47,993,1.4142135381698608,1,1.4142135381698608,0.6368094106491414,0.3631905893508586,1.7320507764816284,0.5194936866495662,0.4805063133504338,2.6457512378692627,0.25616163390355473,0.7438383660964453
survset:UnempDur,CoxPH,6,47,2554,2.4494898319244385,0,1.4142135381698608,0.621419873829877,0.37858012617012304,1.7320507764816284,0.5013746060689236,0.4986253939310764,2.6457512378692627,0.23793075107771838,0.7620692489222816
survset:UnempDur,CoxPH,6,47,2010,1.0,1,1.4142135381698608,0.5872437826572223,0.4127562173427777,1.7320507764816284,0.4618610507541999,0.5381389492458001,2.6457512378692627,0.20059030255891766,0.7994096974410824
survset:UnempDur,CoxPH,6,47,1412,2.0,0,1.4142135381698608,0.8552736484775602,0.14472635152243984,1.7320507764816284,0.7970241978856587,0.2029758021143413,2.6457512378692627,0.6238753707926155,0.37612462920738454
survset:UnempDur,CoxPH,6,47,2595,1.4142135381698608,1,1.4142135381698608,0.6263540811193328,0.3736459188806672,1.7320507764816284,0.5071621638471735,0.4928378361528265,2.6457512378692627,0.2436780911947736,0.7563219088052264
survset:UnempDur,CoxPH,6,47,3082,1.0,1,1.4142135381698608,0.8351776623772456,0.16482233762275444,1.7320507764816284,0.7699919517180888,0.23000804828191124,2.6457512378692627,0.5806761873264404,0.41932381267355956
survset:UnempDur,CoxPH,6,47,2062,3.872983455657959,1,1.4142135381698608,0.8480981657074348,0.1519018342925652,1.7320507764816284,0.7873387848167827,0.21266121518321734,2.6457512378692627,0.6082124827437019,0.3917875172562981
survset:UnempDur,CoxPH,6,47,2336,2.6457512378692627,1,1.4142135381698608,0.5289368198408865,0.4710631801591135,1.7320507764816284,0.39683140237934106,0.6031685976206589,2.6457512378692627,0.1463024888774171,0.8536975111225829
survset:UnempDur,CoxPH,6,47,2219,1.0,1,1.4142135381698608,0.6042395866456473,0.39576041335435275,1.7320507764816284,0.4813851427857331,0.5186148572142669,2.6457512378692627,0.2186272817196354,0.7813727182803646
survset:UnempDur,CoxPH,6,47,624,1.4142135381698608,1,1.4142135381698608,0.8970792248687174,0.10292077513128262,1.7320507764816284,0.8541781764752224,0.14582182352477757,2.6457512378692627,0.7205209282851881,0.2794790717148119
survset:UnempDur,CoxPH,6,47,3097,1.4142135381698608,1,1.4142135381698608,0.6414880318987676,0.3585119681012324,1.7320507764816284,0.5250416244408906,0.47495837555910936,2.6457512378692627,0.2618836263041363,0.7381163736958637
survset:UnempDur,CoxPH,6,47,853,1.4142135381698608,1,1.4142135381698608,0.5938172510346275,0.40618274896537254,1.7320507764816284,0.46938256387570076,0.5306174361242992,2.6457512378692627,0.20744346957120402,0.792556530428796
survset:UnempDur,CoxPH,6,47,1860,2.6457512378692627,0,1.4142135381698608,0.8478718788207806,0.15212812117921937,1.7320507764816284,0.7870339438025402,0.21296605619745979,2.6457512378692627,0.6077228606602555,0.3922771393397445
survset:UnempDur,CoxPH,6,47,3079,5.196152210235596,0,1.4142135381698608,0.8506303450071379,0.14936965499286214,1.7320507764816284,0.790752496790345,0.20924750320965502,2.6457512378692627,0.613709418297882,0.38629058170211805
survset:UnempDur,CoxPH,6,47,2320,2.6457512378692627,1,1.4142135381698608,0.6374555423771682,0.36254445762283183,1.7320507764816284,0.5202587825597218,0.4797412174402782,2.6457512378692627,0.25694683253485073,0.7430531674651493
survset:UnempDur,CoxPH,6,47,575,2.0,0,1.4142135381698608,0.851625254085278,0.148374745914722,1.7320507764816284,0.7920950214746894,0.20790497852531065,2.6457512378692627,0.615878255971527,0.384121744028473
survset:UnempDur,CoxPH,6,47,2618,1.7320507764816284,1,1.4142135381698608,0.871259238083933,0.12874076191606698,1.7320507764816284,0.8187332508614757,0.18126674913852425,2.6457512378692627,0.6597341462232064,0.34026585377679364
survset:UnempDur,CoxPH,6,47,862,2.0,1,1.4142135381698608,0.627547697402613,0.37245230259738704,1.7320507764816284,0.5085653099788413,0.4914346900211587,2.6457512378692627,0.24508221501567878,0.7549177849843212
survset:UnempDur,CoxPH,6,47,1032,2.6457512378692627,1,1.4142135381698608,0.8950937581736391,0.10490624182636088,1.7320507764816284,0.8514360472001491,0.1485639527998509,2.6457512378692627,0.7157189791458152,0.28428102085418483
survset:UnempDur,CoxPH,6,47,435,2.8284270763397217,0,1.4142135381698608,0.8300822458879156,0.16991775411208443,1.7320507764816284,0.7631840573273976,0.23681594267260242,2.6457512378692627,0.5700502296421394,0.42994977035786064
survset:UnempDur,CoxPH,6,47,2744,1.0,0,1.4142135381698608,0.5877059265117677,0.4122940734882323,1.7320507764816284,0.46238861069633014,0.5376113893036698,2.6457512378692627,0.20106708780842153,0.7989329121915785
survset:UnempDur,CoxPH,6,47,1909,3.605551242828369,1,1.4142135381698608,0.6222780292951732,0.3777219707048268,1.7320507764816284,0.5023796916542966,0.49762030834570337,2.6457512378692627,0.23892374300512387,0.7610762569948761
survset:UnempDur,CoxPH,6,47,442,1.7320507764816284,1,1.4142135381698608,0.6780345452776023,0.3219654547223977,1.7320507764816284,0.5690024420280722,0.43099755797192785,2.6457512378692627,0.3095491508652762,0.6904508491347239
survset:UnempDur,CoxPH,6,47,719,1.4142135381698608,1,1.4142135381698608,0.6879807756964722,0.3120192243035278,1.7320507764816284,0.5811552455522081,0.4188447544477919,2.6457512378692627,0.32345693482844257,0.6765430651715574
survset:UnempDur,CoxPH,6,47,253,2.4494898319244385,1,1.4142135381698608,0.8298988135753936,0.17010118642460637,1.7320507764816284,0.7629393274537399,0.23706067254626007,2.6457512378692627,0.5696701449905431,0.43032985500945686
survset:UnempDur,CoxPH,6,47,3138,3.7416574954986572,1,1.4142135381698608,0.8414873172504187,0.1585126827495813,1.7320507764816284,0.7784481681845231,0.22155183181547689,2.6457512378692627,0.594016819157615,0.40598318084238505
survset:UnempDur,CoxPH,6,47,2564,1.4142135381698608,1,1.4142135381698608,0.821583587940926,0.178416412059074,1.7320507764816284,0.7518710779286737,0.2481289220713263,2.6457512378692627,0.5526178059024837,0.44738219409751634
survset:UnempDur,CoxPH,6,47,1821,1.0,1,1.4142135381698608,0.607638753328748,0.39236124667125205,1.7320507764816284,0.48532001694147725,0.5146799830585227,2.6457512378692627,0.22236012465924912,0.7776398753407509
survset:UnempDur,CoxPH,6,47,1969,1.4142135381698608,1,1.4142135381698608,0.682064085417892,0.317935914582108,1.7320507764816284,0.5739163121006439,0.42608368789935613,2.6457512378692627,0.3151344211142896,0.6848655788857104
survset:UnempDur,CoxPH,6,47,1799,4.690415859222412,0,1.4142135381698608,0.8758304021562296,0.12416959784377035,1.7320507764816284,0.8249743303760292,0.17502566962397081,2.6457512378692627,0.670235727934177,0.32976427206582304
survset:UnempDur,CoxPH,6,47,2226,2.2360680103302,1,1.4142135381698608,0.5448659472935394,0.45513405270646057,1.7320507764816284,0.4142913712241092,0.5857086287758908,2.6457512378692627,0.16000751216695325,0.8399924878330467
survset:UnempDur,CoxPH,6,47,1324,1.0,1,1.4142135381698608,0.6656209084957384,0.3343790915042616,1.7320507764816284,0.5539473839957174,0.4460526160042826,2.6457512378692627,0.29275958620498427,0.7072404137950157
survset:UnempDur,CoxPH,6,47,787,3.605551242828369,1,1.4142135381698608,0.6263374567632312,0.37366254323676884,1.7320507764816284,0.5071426297294954,0.4928573702705046,2.6457512378692627,0.24365857302453625,0.7563414269754638
survset:UnempDur,CoxPH,6,47,964,3.0,0,1.4142135381698608,0.842627953436778,0.157372046563222,1.7320507764816284,0.7799799138349506,0.22002008616504942,2.6457512378692627,0.5964501517310615,0.40354984826893847
survset:UnempDur,CoxPH,6,47,2779,1.4142135381698608,1,1.4142135381698608,0.8486588131565931,0.15134118684340692,1.7320507764816284,0.7880942157420046,0.21190578425799544,2.6457512378692627,0.609426704529861,0.39057329547013897
survset:UnempDur,CoxPH,6,47,819,3.316624879837036,1,1.4142135381698608,0.8492234127435294,0.15077658725647058,1.7320507764816284,0.7888551994713177,0.21114480052868234,2.6457512378692627,0.6106511225850807,0.3893488774149193
survset:UnempDur,CoxPH,6,47,1864,2.8284270763397217,1,1.4142135381698608,0.8513961091052584,0.14860389089474157,1.7320507764816284,0.7917857517783778,0.20821424822162216,2.6457512378692627,0.6153782811826131,0.38462171881738694
survset:UnempDur,CoxPH,6,47,476,2.4494898319244385,0,1.4142135381698608,0.8637391428618992,0.13626085713810077,1.7320507764816284,0.8084980778654539,0.1915019221345461,2.6457512378692627,0.6426981823742205,0.3573018176257795
survset:UnempDur,CoxPH,6,47,1679,1.0,1,1.4142135381698608,0.6075365005684548,0.39246349943154524,1.7320507764816284,0.48520150395971756,0.5147984960402825,2.6457512378692627,0.22224721734636524,0.7777527826536348
survset:UnempDur,CoxPH,6,47,2867,2.4494898319244385,0,1.4142135381698608,0.6004101400785734,0.3995898599214266,1.7320507764816284,0.4769641270728696,0.5230358729271304,2.6457512378692627,0.21447238206482297,0.785527617935177
survset:UnempDur,CoxPH,6,47,2489,1.7320507764816284,1,1.4142135381698608,0.8131941101879732,0.18680588981202684,1.7320507764816284,0.7407550995807243,0.2592449004192757,2.6457512378692627,0.5357625506808094,0.46423744931919064
survset:UnempDur,CoxPH,6,47,2277,1.0,1,1.4142135381698608,0.5938436131301796,0.40615638686982036,1.7320507764816284,0.4694128039639591,0.5305871960360409,2.6457512378692627,0.20747126386643577,0.7925287361335642
survset:UnempDur,CoxPH,6,47,3170,2.2360680103302,1,1.4142135381698608,0.8686496805371378,0.13135031946286224,1.7320507764816284,0.8151769963643233,0.18482300363567672,2.6457512378692627,0.6537886969235925,0.34621130307640746
survset:UnempDur,CoxPH,6,47,1409,2.0,1,1.4142135381698608,0.6898292224002937,0.31017077759970635,1.7320507764816284,0.5834225531949273,0.4165774468050727,2.6457512378692627,0.3260867983546101,0.6739132016453899
survset:UnempDur,CoxPH,6,47,2528,2.2360680103302,1,1.4142135381698608,0.6419710033896776,0.3580289966103224,1.7320507764816284,0.5256153775513175,0.4743846224486825,2.6457512378692627,0.2624791245371367,0.7375208754628633
survset:UnempDur,CoxPH,6,47,361,4.0,0,1.4142135381698608,0.8665246240699099,0.13347537593009007,1.7320507764816284,0.8122845687445488,0.1877154312554512,2.6457512378692627,0.6489736543447902,0.35102634565520985
survset:UnempDur,CoxPH,6,47,2962,2.0,0,1.4142135381698608,0.821757908129827,0.17824209187017304,1.7320507764816284,0.752102595912054,0.24789740408794603,2.6457512378692627,0.5529717405694733,0.4470282594305267
survset:UnempDur,CoxPH,6,47,1651,2.6457512378692627,1,1.4142135381698608,0.8629168870287853,0.13708311297121467,1.7320507764816284,0.8073813825606894,0.19261861743931064,2.6457512378692627,0.6408534917056671,0.3591465082943329
survset:UnempDur,CoxPH,6,47,3129,1.7320507764816284,1,1.4142135381698608,0.8217639664010351,0.1782360335989649,1.7320507764816284,0.7521106424166089,0.24788935758339115,2.6457512378692627,0.5529840438326253,0.44701595616737466
survset:UnempDur,CoxPH,6,47,1090,2.4494898319244385,1,1.4142135381698608,0.8567786858900597,0.14322131410994032,1.7320507764816284,0.7990603520740266,0.2009396479259734,2.6457512378692627,0.627194469999834,0.37280553000016603
survset:UnempDur,CoxPH,6,47,70,1.7320507764816284,0,1.4142135381698608,0.61976270396931,0.38023729603069,1.7320507764816284,0.49943547406974,0.50056452593026,2.6457512378692627,0.23602101770545986,0.7639789822945402
survset:UnempDur,CoxPH,6,47,3045,1.0,1,1.4142135381698608,0.5731712105316101,0.42682878946838987,1.7320507764816284,0.4458865842090131,0.5541134157909868,2.6457512378692627,0.18643131739157584,0.8135686826084242
survset:UnempDur,CoxPH,6,47,1816,1.0,1,1.4142135381698608,0.6248252327485361,0.3751747672514639,1.7320507764816284,0.5053666999989523,0.49463330000104766,2.6457512378692627,0.24188748401204857,0.7581125159879514
survset:UnempDur,CoxPH,6,47,148,2.2360680103302,0,1.4142135381698608,0.8766595431144601,0.12334045688553985,1.7320507764816284,0.8261079468444206,0.17389205315557943,2.6457512378692627,0.6721524538619285,0.32784754613807154
survset:UnempDur,CoxPH,6,47,250,3.0,1,1.4142135381698608,0.8277985349219791,0.17220146507802092,1.7320507764816284,0.7601389390414572,0.23986106095854276,2.6457512378692627,0.5653302907263927,0.43466970927360726
survset:UnempDur,CoxPH,6,47,1424,1.0,1,1.4142135381698608,0.615307877115543,0.384692122884457,1.7320507764816284,0.494234272694122,0.505765727305878,2.6457512378692627,0.23093811285959442,0.7690618871404056
survset:UnempDur,CoxPH,6,47,2078,3.464101552963257,0,1.4142135381698608,0.847308431041461,0.15269156895853897,1.7320507764816284,0.7862750580235325,0.21372494197646752,2.6457512378692627,0.6065048611525878,0.39349513884741216
survset:UnempDur,CoxPH,6,47,351,1.4142135381698608,0,1.4142135381698608,0.6121595029004657,0.3878404970995343,1.7320507764816284,0.4905686370951643,0.5094313629048357,2.6457512378692627,0.22739034807762307,0.772609651922377
survset:UnempDur,CoxPH,6,47,483,2.6457512378692627,0,1.4142135381698608,0.8169247262872446,0.18307527371275545,1.7320507764816284,0.7456917739329938,0.2543082260670062,2.6457512378692627,0.5432146172835008,0.45678538271649916
survset:UnempDur,CoxPH,6,47,987,1.4142135381698608,1,1.4142135381698608,0.6679307802362058,0.3320692197637942,1.7320507764816284,0.5567392444515775,0.4432607555484225,2.6457512378692627,0.2958363992786948,0.7041636007213052
survset:UnempDur,CoxPH,6,47,2947,2.0,0,1.4142135381698608,0.8634938916111359,0.13650610838886412,1.7320507764816284,0.8081649550087114,0.19183504499128856,2.6457512378692627,0.6421476021582545,0.3578523978417455
survset:UnempDur,CoxPH,6,47,330,2.6457512378692627,1,1.4142135381698608,0.8645918740700287,0.1354081259299713,1.7320507764816284,0.809656668139176,0.19034333186082397,2.6457512378692627,0.6446149898173353,0.35538501018266466
survset:UnempDur,CoxPH,6,47,2090,2.6457512378692627,1,1.4142135381698608,0.8519580827906535,0.14804191720934645,1.7320507764816284,0.7925442966744041,0.20745570332559593,2.6457512378692627,0.616604943457556,0.383395056542444
survset:UnempDur,CoxPH,6,47,94,1.4142135381698608,1,1.4142135381698608,0.6506839610006138,0.34931603899938624,1.7320507764816284,0.5359994405207273,0.46400055947927266,2.6457512378692627,0.27337816154793015,0.7266218384520698
survset:UnempDur,CoxPH,6,47,1200,3.0,1,1.4142135381698608,0.8460498778374838,0.15395012216251625,1.7320507764816284,0.7845807842352185,0.2154192157647815,2.6457512378692627,0.6037901561724249,0.39620984382757507
survset:UnempDur,CoxPH,6,47,1306,2.4494898319244385,0,1.4142135381698608,0.8130628546559728,0.18693714534402717,1.7320507764816284,0.7405815966321203,0.2594184033678797,2.6457512378692627,0.5355016144750262,0.4644983855249738
survset:UnempDur,CoxPH,6,47,2825,4.123105525970459,1,1.4142135381698608,0.6470565789643838,0.35294342103561616,1.7320507764816284,0.5316686709230994,0.46833132907690056,2.6457512378692627,0.2688046338396201,0.7311953661603798
survset:UnempDur,CoxPH,6,47,1839,3.605551242828369,0,1.4142135381698608,0.845167267092114,0.15483273290788602,1.7320507764816284,0.7833932850981373,0.21660671490186267,2.6457512378692627,0.601891215505968,0.398108784494032
survset:UnempDur,CoxPH,6,47,31,2.2360680103302,0,1.4142135381698608,0.833151683752631,0.16684831624736896,1.7320507764816284,0.7672828271915346,0.23271717280846538,2.6457512378692627,0.5764355029880109,0.42356449701198906
survset:UnempDur,CoxPH,6,47,2651,2.6457512378692627,0,1.4142135381698608,0.8346698091890299,0.1653301908109701,1.7320507764816284,0.769312575180968,0.23068742481903204,2.6457512378692627,0.5796112202629912,0.42038877973700883
survset:UnempDur,CoxPH,6,47,3173,3.316624879837036,0,1.4142135381698608,0.9111161494274637,0.08888385057253634,1.7320507764816284,0.8736425429793421,0.12635745702065793,2.6457512378692627,0.75508587246776,0.24491412753223996
survset:UnempDur,CoxPH,6,47,1716,2.6457512378692627,1,1.4142135381698608,0.6280102975036823,0.3719897024963177,1.7320507764816284,0.5091094398339026,0.49089056016609744,2.6457512378692627,0.2456278510944915,0.7543721489055085
survset:UnempDur,CoxPH,6,47,175,1.7320507764816284,0,1.4142135381698608,0.7325970726606235,0.26740292733937654,1.7320507764816284,0.6366394382794668,0.3633605617205332,2.6457512378692627,0.3909960910656367,0.6090039089343633
survset:UnempDur,CoxPH,6,47,1033,2.0,0,1.4142135381698608,0.8540884538695857,0.14591154613041435,1.7320507764816284,0.7954218939826051,0.2045781060173949,2.6457512378692627,0.6212699109434064,0.37873008905659356
survset:UnempDur,CoxPH,6,47,2949,1.7320507764816284,0,1.4142135381698608,0.8633785535551551,0.13662144644484486,1.7320507764816284,0.8080083069863027,0.19199169301369734,2.6457512378692627,0.6418887814519257,0.35811121854807426
survset:UnempDur,CoxPH,6,47,441,2.4494898319244385,0,1.4142135381698608,0.8588588197205372,0.14114118027946276,1.7320507764816284,0.8018772073610585,0.1981227926389415,2.6457512378692627,0.6318012513535444,0.36819874864645563
survset:UnempDur,CoxPH,6,47,1439,2.0,1,1.4142135381698608,0.6161899358538421,0.3838100641461579,1.7320507764816284,0.495262769417366,0.504737230582634,2.6457512378692627,0.2319386609679038,0.7680613390320962
survset:UnempDur,CoxPH,6,47,3122,2.2360680103302,0,1.4142135381698608,0.6554419923614346,0.34455800763856537,1.7320507764816284,0.5416966350702157,0.4583033649297843,2.6457512378692627,0.27945574120829053,0.7205442587917095
survset:UnempDur,CoxPH,6,47,54,2.6457512378692627,1,1.4142135381698608,0.8660489994417873,0.13395100055821274,1.7320507764816284,0.8116376310221354,0.18836236897786462,2.6457512378692627,0.6478992214880375,0.35210077851196253
survset:UnempDur,CoxPH,6,47,1730,2.2360680103302,1,1.4142135381698608,0.8657904017412132,0.13420959825878676,1.7320507764816284,0.8112859574408259,0.18871404255917412,2.6457512378692627,0.6473155504665807,0.35268444953341926
survset:UnempDur,CoxPH,6,47,573,4.0,0,1.4142135381698608,0.8598607083067831,0.14013929169321693,1.7320507764816284,0.8032350342431442,0.19676496575685576,2.6457512378692627,0.6340281400986147,0.36597185990138525
survset:UnempDur,CoxPH,6,47,1653,1.0,1,1.4142135381698608,0.641015827469963,0.358984172530037,1.7320507764816284,0.5244808506221265,0.47551914937787354,2.6457512378692627,0.2613022777765243,0.7386977222234756
survset:UnempDur,CoxPH,6,47,2597,2.2360680103302,0,1.4142135381698608,0.8424051872010448,0.15759481279895515,1.7320507764816284,0.7796806903674682,0.22031930963253177,2.6457512378692627,0.595974399170677,0.40402560082932304
survset:UnempDur,CoxPH,6,47,2070,1.7320507764816284,0,1.4142135381698608,0.6063329142115396,0.39366708578846044,1.7320507764816284,0.4838072000653659,0.5161927999346341,2.6457512378692627,0.22092109936611817,0.7790789006338819
survset:UnempDur,CoxPH,6,47,1951,2.6457512378692627,0,1.4142135381698608,0.8392279999771747,0.16077200002282532,1.7320507764816284,0.7754169254264623,0.22458307457353766,2.6457512378692627,0.5892166040591897,0.41078339594081026
survset:UnempDur,CoxPH,6,47,1629,3.1622776985168457,0,1.4142135381698608,0.8316973658746789,0.1683026341253211,1.7320507764816284,0.7653399548420655,0.23466004515793448,2.6457512378692627,0.5734041939874778,0.4265958060125222
survset:UnempDur,CoxPH,6,47,159,2.4494898319244385,1,1.4142135381698608,0.8793616422034022,0.12063835779659782,1.7320507764816284,0.8298056619593699,0.1701943380406301,2.6457512378692627,0.6784243281713502,0.32157567182864977
survset:UnempDur,CoxPH,6,47,3025,2.2360680103302,0,1.4142135381698608,0.558368106880728,0.441631893119272,1.7320507764816284,0.4292728393622565,0.5707271606377435,2.6457512378692627,0.17227561558817361,0.8277243844118264
survset:UnempDur,CoxPH,6,47,1954,2.2360680103302,0,1.4142135381698608,0.6429193251434081,0.3570806748565919,1.7320507764816284,0.5267425170299203,0.47325748297007975,2.6457512378692627,0.26365102717253613,0.7363489728274639
survset:UnempDur,CoxPH,6,47,1352,1.7320507764816284,0,1.4142135381698608,0.8191223503117395,0.18087764968826048,1.7320507764816284,0.7486046277650525,0.25139537223494746,2.6457512378692627,0.5476367358321163,0.45236326416788375
survset:UnempDur,CoxPH,6,47,61,1.4142135381698608,1,1.4142135381698608,0.6470684530349731,0.35293154696502693,1.7320507764816284,0.531682829671657,0.46831717032834297,2.6457512378692627,0.26881952098698964,0.7311804790130103
survset:UnempDur,CoxPH,6,47,2096,2.2360680103302,0,1.4142135381698608,0.839546115924793,0.160453884075207,1.7320507764816284,0.7758435074194845,0.2241564925805155,2.6457512378692627,0.5898909082632673,0.4101090917367327
survset:UnempDur,CoxPH,6,47,1362,3.872983455657959,1,1.4142135381698608,0.6889496964753143,0.31105030352468566,1.7320507764816284,0.5823433830081509,0.4176566169918491,2.6457512378692627,0.3248336837352514,0.6751663162647485
survset:UnempDur,CoxPH,6,47,2860,3.7416574954986572,1,1.4142135381698608,0.8901638675716849,0.10983613242831514,1.7320507764816284,0.8446392404337788,0.1553607595662212,2.6457512378692627,0.7038884269107797,0.2961115730892203
survset:UnempDur,CoxPH,6,47,1121,3.605551242828369,0,1.4142135381698608,0.6421151937736234,0.35788480622637664,1.7320507764816284,0.525786708407518,0.47421329159248204,2.6457512378692627,0.2626570849468469,0.7373429150531531
survset:UnempDur,CoxPH,6,47,2471,1.7320507764816284,0,1.4142135381698608,0.8812444920972418,0.11875550790275824,1.7320507764816284,0.8323853004798816,0.16761469952011843,2.6457512378692627,0.6828176884280959,0.31718231157190413
survset:UnempDur,CoxPH,6,47,1640,1.0,1,1.4142135381698608,0.5632256483490987,0.4367743516509013,1.7320507764816284,0.43470289284962793,0.5652971071503721,2.6457512378692627,0.17683845940742426,0.8231615405925757
survset:UnempDur,CoxPH,6,47,2149,2.8284270763397217,0,1.4142135381698608,0.8722459507038149,0.12775404929618506,1.7320507764816284,0.8200791771271703,0.17992082287282973,2.6457512378692627,0.6619915941270016,0.3380084058729984
survset:UnempDur,CoxPH,6,47,2522,1.7320507764816284,1,1.4142135381698608,0.681422227229688,0.31857777277031196,1.7320507764816284,0.5731327112845833,0.4268672887154167,2.6457512378692627,0.31424027879539057,0.6857597212046094
survset:UnempDur,CoxPH,6,47,1663,1.4142135381698608,1,1.4142135381698608,0.8334804820222353,0.16651951797776465,1.7320507764816284,0.767722292116285,0.23227770788371505,2.6457512378692627,0.5771223158371901,0.4228776841628099
survset:UnempDur,CoxPH,6,47,1328,2.4494898319244385,1,1.4142135381698608,0.8436577836819137,0.1563422163180863,1.7320507764816284,0.7813636635025194,0.2186363364974806,2.6457512378692627,0.5986528179420282,0.4013471820579718
survset:UnempDur,CoxPH,6,47,2053,2.0,1,1.4142135381698608,0.6807624451982847,0.31923755480171534,1.7320507764816284,0.5723275755062633,0.42767242449373666,2.6457512378692627,0.31332293732891164,0.6866770626710883
survset:UnempDur,CoxPH,6,47,1011,2.6457512378692627,1,1.4142135381698608,0.8391953822157364,0.16080461778426358,1.7320507764816284,0.7753731903099795,0.22462680969002047,2.6457512378692627,0.5891474939691521,0.4108525060308479
survset:UnempDur,CoxPH,6,47,2591,1.0,1,1.4142135381698608,0.6587674882258556,0.3412325117741444,1.7320507764816284,0.5456896346860505,0.4543103653139495,2.6457512378692627,0.2837567058399322,0.7162432941600678
survset:UnempDur,CoxPH,6,47,2946,1.7320507764816284,0,1.4142135381698608,0.887243697192691,0.11275630280730897,1.7320507764816284,0.8406212176207493,0.15937878237925074,2.6457512378692627,0.6969427731332122,0.3030572268667878
survset:UnempDur,CoxPH,6,47,1692,1.4142135381698608,1,1.4142135381698608,0.8680821582744354,0.13191784172556464,1.7320507764816284,0.8144042254577335,0.1855957745422665,2.6457512378692627,0.6525004513573793,0.34749954864262067
survset:UnempDur,CoxPH,6,47,1343,2.6457512378692627,1,1.4142135381698608,0.6683534135228739,0.3316465864771261,1.7320507764816284,0.5572505384462288,0.44274946155377115,2.6457512378692627,0.29640168811701695,0.703598311882983
survset:UnempDur,CoxPH,6,47,1623,2.6457512378692627,0,1.4142135381698608,0.8878611808417008,0.11213881915829915,1.7320507764816284,0.8414703505661106,0.15852964943388936,2.6457512378692627,0.6984076256766001,0.3015923743233999
survset:UnempDur,CoxPH,6,47,620,1.7320507764816284,0,1.4142135381698608,0.5702666289498526,0.4297333710501474,1.7320507764816284,0.4426112847852725,0.5573887152147274,2.6457512378692627,0.18359467231210144,0.8164053276878985
survset:UnempDur,CoxPH,6,47,2834,1.7320507764816284,0,1.4142135381698608,0.8672900760082122,0.13270992399178783,1.7320507764816284,0.8133260617992186,0.18667393820078138,2.6457512378692627,0.6507053056001479,0.34929469439985206
survset:UnempDur,CoxPH,6,47,777,1.4142135381698608,0,1.4142135381698608,0.8174583684613101,0.18254163153868985,1.7320507764816284,0.7463987684996675,0.25360123150033254,2.6457512378692627,0.5442862231576179,0.4557137768423821
survset:UnempDur,CoxPH,6,47,2961,1.4142135381698608,1,1.4142135381698608,0.8964240190099564,0.10357598099004361,1.7320507764816284,0.8532729682267094,0.1467270317732906,2.6457512378692627,0.7189339067573478,0.2810660932426522
survset:UnempDur,CoxPH,6,47,794,4.123105525970459,0,1.4142135381698608,0.8448044776961625,0.15519552230383749,1.7320507764816284,0.7829053362113122,0.2170946637886878,2.6457512378692627,0.6011118321257443,0.39888816787425574
survset:UnempDur,CoxPH,6,47,2611,1.7320507764816284,0,1.4142135381698608,0.8704998343229284,0.12950016567707157,1.7320507764816284,0.8176978536523265,0.1823021463476735,2.6457512378692627,0.6580002557933071,0.3419997442066929
survset:UnempDur,CoxPH,6,47,184,2.6457512378692627,1,1.4142135381698608,0.6346824706638314,0.36531752933616857,1.7320507764816284,0.5169776143868988,0.4830223856131012,2.6457512378692627,0.2535882485760574,0.7464117514239426
survset:UnempDur,CoxPH,6,47,1358,1.7320507764816284,1,1.4142135381698608,0.6889168267165554,0.3110831732834446,1.7320507764816284,0.5823030641609231,0.41769693583907685,2.6457512378692627,0.3247869146925279,0.675213085307472
survset:UnempDur,CoxPH,6,47,2881,1.4142135381698608,1,1.4142135381698608,0.8244693346573426,0.17553066534265738,1.7320507764816284,0.7557065448253564,0.24429345517464363,2.6457512378692627,0.5584964729476213,0.4415035270523787
survset:UnempDur,CoxPH,6,47,452,3.0,1,1.4142135381698608,0.8041412495672634,0.1958587504327366,1.7320507764816284,0.7288180614719786,0.2711819385280214,2.6457512378692627,0.517963935930495,0.48203606406950505
survset:UnempDur,CoxPH,6,47,2015,5.0,0,1.4142135381698608,0.690397987871831,0.30960201212816896,1.7320507764816284,0.5841207538344205,0.4158792461655795,2.6457512378692627,0.3268988719997179,0.6731011280002821
survset:UnempDur,CoxPH,6,47,1688,2.2360680103302,1,1.4142135381698608,0.6060766025478087,0.3939233974521913,1.7320507764816284,0.48351043500797386,0.5164895649920261,2.6457512378692627,0.22063937883293788,0.7793606211670621
survset:UnempDur,CoxPH,6,47,2357,1.0,1,1.4142135381698608,0.6422218937142092,0.35777810628579076,1.7320507764816284,0.5259135032961103,0.4740864967038897,2.6457512378692627,0.2627888264119393,0.7372111735880607
survset:UnempDur,CoxPH,6,47,1242,1.7320507764816284,1,1.4142135381698608,0.6650213310720847,0.3349786689279153,1.7320507764816284,0.5532234096335834,0.4467765903664166,2.6457512378692627,0.29196444548007183,0.7080355545199282
survset:UnempDur,CoxPH,6,47,281,2.6457512378692627,1,1.4142135381698608,0.8596228943535075,0.14037710564649253,1.7320507764816284,0.8029126681144304,0.1970873318855696,2.6457512378692627,0.6334990789241969,0.3665009210758031
survset:UnempDur,CoxPH,6,47,555,3.464101552963257,0,1.4142135381698608,0.8213489106910409,0.17865108930895912,1.7320507764816284,0.7515594335779501,0.24844056642204992,2.6457512378692627,0.5521415632752572,0.4478584367247428
survset:UnempDur,CoxPH,6,47,2401,4.123105525970459,0,1.4142135381698608,0.6190420942963633,0.38095790570363675,1.7320507764816284,0.498592984152627,0.501407015847373,2.6457512378692627,0.23519379000805984,0.7648062099919402
survset:UnempDur,CoxPH,6,47,2362,1.7320507764816284,1,1.4142135381698608,0.6032240530584307,0.39677594694156926,1.7320507764816284,0.4802114952661474,0.5197885047338526,2.6457512378692627,0.21752024471155965,0.7824797552884404
survset:UnempDur,CoxPH,6,47,725,4.4721360206604,1,1.4142135381698608,0.824185571285207,0.17581442871479303,1.7320507764816284,0.7553291239469752,0.24467087605302484,2.6457512378692627,0.5579165627211341,0.4420834372788659
survset:UnempDur,CoxPH,6,47,2525,2.0,0,1.4142135381698608,0.6711873389755638,0.3288126610244362,1.7320507764816284,0.5606827360980376,0.43931726390196235,2.6457512378692627,0.3002108456769674,0.6997891543230326
survset:UnempDur,CoxPH,6,47,2313,2.0,1,1.4142135381698608,0.8497985454085013,0.1502014545914987,1.7320507764816284,0.7896306147246377,0.2103693852753623,2.6457512378692627,0.611900073265701,0.38809992673429905
survset:UnempDur,CoxPH,6,47,2995,3.7416574954986572,0,1.4142135381698608,0.8358456606036486,0.16415433939635138,1.7320507764816284,0.7708858448528582,0.22911415514714184,2.6457512378692627,0.5820789694109567,0.4179210305890433
survset:UnempDur,CoxPH,6,47,2752,1.4142135381698608,1,1.4142135381698608,0.6024289664038761,0.3975710335961239,1.7320507764816284,0.47929323919052386,0.5207067608094762,2.6457512378692627,0.21665613847817175,0.7833438615218282
survset:UnempDur,CoxPH,6,47,3192,1.0,1,1.4142135381698608,0.7005363947815242,0.2994636052184758,1.7320507764816284,0.5966098212825868,0.40339017871741323,2.6457512378692627,0.3416020792084596,0.6583979207915405
survset:UnempDur,CoxPH,6,47,2928,1.7320507764816284,1,1.4142135381698608,0.8642552659681038,0.13574473403189624,1.7320507764816284,0.8091992632565531,0.19080073674344689,2.6457512378692627,0.6438578910607544,0.3561421089392456
survset:UnempDur,CoxPH,6,47,1773,3.872983455657959,0,1.4142135381698608,0.8729175789602953,0.12708242103970468,1.7320507764816284,0.8209957053394936,0.17900429466050638,2.6457512378692627,0.6635311276846512,0.33646887231534883
survset:UnempDur,CoxPH,6,47,3058,1.0,1,1.4142135381698608,0.6559496651968584,0.3440503348031416,1.7320507764816284,0.5423056196600977,0.4576943803399023,2.6457512378692627,0.2801094907262185,0.7198905092737815
survset:UnempDur,CoxPH,6,47,1224,3.316624879837036,1,1.4142135381698608,0.8414988787175139,0.15850112128248606,1.7320507764816284,0.7784636892328881,0.2215363107671119,2.6457512378692627,0.5940414500111173,0.4059585499888827
survset:UnempDur,CoxPH,6,47,3213,2.6457512378692627,0,1.4142135381698608,0.8208284864210078,0.1791715135789922,1.7320507764816284,0.7508684690884836,0.2491315309115164,2.6457512378692627,0.5510864187535641,0.4489135812464359
survset:UnempDur,CoxPH,6,47,2592,2.0,0,1.4142135381698608,0.8337595960714961,0.16624040392850392,1.7320507764816284,0.7680954115358255,0.2319045884641745,2.6457512378692627,0.5777057746289016,0.4222942253710984
survset:UnempDur,CoxPH,6,47,2976,4.0,0,1.4142135381698608,0.8860671084402765,0.11393289155972353,1.7320507764816284,0.839003969063721,0.160996030936279,2.6457512378692627,0.6941572485295159,0.3058427514704841
survset:UnempDur,CoxPH,6,47,1212,1.4142135381698608,1,1.4142135381698608,0.8623624613649508,0.13763753863504924,1.7320507764816284,0.806628694964554,0.19337130503544597,2.6457512378692627,0.6396116653535083,0.36038833464649167
survset:UnempDur,CoxPH,6,47,2183,3.7416574954986572,1,1.4142135381698608,0.8499189554383898,0.1500810445616102,1.7320507764816284,0.789792985989155,0.21020701401084496,2.6457512378692627,0.6121617701780774,0.3878382298219226
survset:UnempDur,CoxPH,6,47,309,1.0,1,1.4142135381698608,0.6707799609300633,0.3292200390699367,1.7320507764816284,0.5601889530179601,0.4398110469820399,2.6457512378692627,0.2996612749610133,0.7003387250389868
survset:UnempDur,CoxPH,6,47,1320,2.0,1,1.4142135381698608,0.7398103445830365,0.2601896554169635,1.7320507764816284,0.6457563379734731,0.3542436620265269,2.6457512378692627,0.4027303677200228,0.5972696322799772
survset:UnempDur,CoxPH,6,47,381,1.4142135381698608,0,1.4142135381698608,0.590275742067087,0.409724257932913,1.7320507764816284,0.4653255941397915,0.5346744058602084,2.6457512378692627,0.20373214690937452,0.7962678530906255
survset:UnempDur,CoxPH,6,47,109,3.872983455657959,1,1.4142135381698608,0.8781730090344397,0.12182699096556027,1.7320507764816284,0.8281784322386729,0.17182156776132707,2.6457512378692627,0.6756605789351859,0.32433942106481406
survset:UnempDur,CoxPH,6,47,1659,3.7416574954986572,0,1.4142135381698608,0.840862292842047,0.15913770715795295,1.7320507764816284,0.7776092280944907,0.22239077190550927,2.6457512378692627,0.5926862668218089,0.4073137331781911
survset:UnempDur,CoxPH,6,47,2326,3.0,0,1.4142135381698608,0.8877820774240599,0.1122179225759401,1.7320507764816284,0.8413615565771536,0.1586384434228464,2.6457512378692627,0.6982198542795733,0.30178014572042666
survset:UnempDur,CoxPH,6,47,2166,1.7320507764816284,1,1.4142135381698608,0.7599800021486853,0.24001999785131467,1.7320507764816284,0.6714615546582486,0.32853844534175136,2.6457512378692627,0.43678643339589796,0.563213566604102
survset:UnempDur,CoxPH,6,47,2199,3.7416574954986572,0,1.4142135381698608,0.8105893667445171,0.1894106332554829,1.7320507764816284,0.7373143276230146,0.26268567237698537,2.6457512378692627,0.5306001928459476,0.4693998071540524
survset:UnempDur,CoxPH,6,47,238,1.4142135381698608,1,1.4142135381698608,0.8190098057332439,0.1809901942667561,1.7320507764816284,0.748455369124828,0.251544630875172,2.6457512378692627,0.5474096879290326,0.45259031207096745
survset:UnempDur,CoxPH,6,47,2694,1.0,1,1.4142135381698608,0.8541452044692184,0.14585479553078162,1.7320507764816284,0.7954985941456034,0.20450140585439658,2.6457512378692627,0.6213945018557423,0.3786054981442577
survset:UnempDur,CoxPH,6,47,2315,1.4142135381698608,1,1.4142135381698608,0.8464036937578586,0.15359630624214138,1.7320507764816284,0.7850569790597001,0.21494302094029993,2.6457512378692627,0.6045525159847497,0.3954474840152503
survset:UnempDur,CoxPH,6,47,899,1.4142135381698608,1,1.4142135381698608,0.5293301912493343,0.47066980875066566,1.7320507764816284,0.39725975606030034,0.6027402439396996,2.6457512378692627,0.14663110273447436,0.8533688972655257
survset:UnempDur,CoxPH,6,47,973,1.4142135381698608,1,1.4142135381698608,0.6418568434270966,0.3581431565729034,1.7320507764816284,0.5254797419563062,0.4745202580436938,2.6457512378692627,0.26233828500412487,0.7376617149958751
survset:UnempDur,CoxPH,6,47,1462,4.242640495300293,1,1.4142135381698608,0.8575114278926509,0.1424885721073491,1.7320507764816284,0.8000522578462239,0.1999477421537761,2.6457512378692627,0.6288146701871519,0.37118532981284813
survset:UnempDur,CoxPH,6,47,1907,1.4142135381698608,0,1.4142135381698608,0.5930681174183868,0.40693188258161317,1.7320507764816284,0.46852348228248547,0.5314765177175145,2.6457512378692627,0.20665467728421036,0.7933453227157896
survset:UnempDur,CoxPH,6,47,146,3.7416574954986572,0,1.4142135381698608,0.8623548069379833,0.13764519306201672,1.7320507764816284,0.8066183048515617,0.19338169514843828,2.6457512378692627,0.6395945319101604,0.36040546808983964
survset:UnempDur,CoxPH,6,47,1841,3.7416574954986572,1,1.4142135381698608,0.6302215853876678,0.3697784146123322,1.7320507764816284,0.5117129478816115,0.4882870521183885,2.6457512378692627,0.24824728511636077,0.7517527148836393
survset:UnempDur,CoxPH,6,47,298,1.4142135381698608,0,1.4142135381698608,0.5884377491251022,0.41156225087489784,1.7320507764816284,0.46322440512293744,0.5367755948770625,2.6457512378692627,0.20182364470895717,0.7981763552910428
survset:UnempDur,CoxPH,6,47,1116,1.0,1,1.4142135381698608,0.6418954390755429,0.3581045609244571,1.7320507764816284,0.5255255969531115,0.4744744030468885,2.6457512378692627,0.2623858949311393,0.7376141050688607
survset:UnempDur,CoxPH,6,47,2698,1.7320507764816284,1,1.4142135381698608,0.6444253929726601,0.3555746070273399,1.7320507764816284,0.5285341143763177,0.4714658856236823,2.6457512378692627,0.26551935431875434,0.7344806456812456
survset:UnempDur,CoxPH,6,47,2182,4.795831680297852,0,1.4142135381698608,0.8896567525879158,0.11034324741208423,1.7320507764816284,0.8439410457415727,0.1560589542584273,2.6457512378692627,0.702678943326983,0.297321056673017
survset:UnempDur,CoxPH,6,47,1495,2.6457512378692627,1,1.4142135381698608,0.8673728539609684,0.13262714603903158,1.7320507764816284,0.8134387164112943,0.18656128358870572,2.6457512378692627,0.6508927557535804,0.3491072442464196
survset:UnempDur,CoxPH,6,47,1407,2.0,1,1.4142135381698608,0.8532946762964001,0.1467053237035999,1.7320507764816284,0.7943493204761757,0.20565067952382432,2.6457512378692627,0.6195289929577503,0.3804710070422497
survset:UnempDur,CoxPH,6,47,678,2.2360680103302,1,1.4142135381698608,0.6301865496665856,0.3698134503334144,1.7320507764816284,0.5116716656298524,0.48832833437014755,2.6457512378692627,0.24820563777717464,0.7517943622228254
survset:UnempDur,CoxPH,6,47,740,2.2360680103302,1,1.4142135381698608,0.5980606488117791,0.4019393511882209,1.7320507764816284,0.4742579741706151,0.5257420258293849,2.6457512378692627,0.21194953620637685,0.7880504637936232
survset:UnempDur,CoxPH,6,47,195,1.7320507764816284,0,1.4142135381698608,0.8763037536712859,0.12369624632871412,1.7320507764816284,0.8256214458216067,0.17437855417839332,2.6457512378692627,0.6713295267733416,0.32867047322665843
survset:UnempDur,CoxPH,6,47,3055,1.7320507764816284,0,1.4142135381698608,0.8499573748895228,0.15004262511047717,1.7320507764816284,0.7898447962733529,0.2101552037266471,2.6457512378692627,0.6122452860421548,0.3877547139578452
survset:UnempDur,CoxPH,6,47,530,1.7320507764816284,1,1.4142135381698608,0.8775073347535294,0.12249266524647062,1.7320507764816284,0.8272675631630413,0.1727324368369587,2.6457512378692627,0.6741160807498371,0.3258839192501629
survset:UnempDur,CoxPH,6,47,2785,2.0,1,1.4142135381698608,0.8332319959822686,0.1667680040177314,1.7320507764816284,0.7673901636251792,0.2326098363748208,2.6457512378692627,0.576603213348713,0.423396786651287
survset:UnempDur,CoxPH,6,47,1266,1.0,1,1.4142135381698608,0.5306133730183181,0.4693866269816819,1.7320507764816284,0.3986580486500588,0.6013419513499412,2.6457512378692627,0.14770647481179502,0.852293525188205
survset:UnempDur,CoxPH,6,47,380,1.4142135381698608,1,1.4142135381698608,0.605698007185816,0.394301992814184,1.7320507764816284,0.4830721899355477,0.5169278100644523,2.6457512378692627,0.22022369189908989,0.7797763081009101
survset:UnempDur,CoxPH,6,47,2511,2.4494898319244385,1,1.4142135381698608,0.843315270228966,0.15668472977103398,1.7320507764816284,0.7809033545957773,0.2190966454042227,2.6457512378692627,0.5979196258650196,0.40208037413498043
survset:UnempDur,CoxPH,6,47,1436,1.0,1,1.4142135381698608,0.8039088211527629,0.19609117884723715,1.7320507764816284,0.7285123777467049,0.27148762225329515,2.6457512378692627,0.5175122473945578,0.4824877526054422
survset:UnempDur,CoxPH,6,47,2377,1.0,1,1.4142135381698608,0.5798964086690175,0.4201035913309825,1.7320507764816284,0.4534988747446428,0.5465011252553572,2.6457512378692627,0.19311137711128054,0.8068886228887194
survset:UnempDur,CoxPH,6,47,2470,1.7320507764816284,0,1.4142135381698608,0.719214547073953,0.28078545292604695,1.7320507764816284,0.6198323842287656,0.38016761577123437,2.6457512378692627,0.3698355868918864,0.6301644131081137
survset:UnempDur,CoxPH,6,47,2620,3.316624879837036,0,1.4142135381698608,0.8891711109402899,0.11082888905971011,1.7320507764816284,0.8432725837851148,0.15672741621488517,2.6457512378692627,0.7015219776040424,0.29847802239595755
survset:UnempDur,CoxPH,6,47,2629,1.0,1,1.4142135381698608,0.618664306285758,0.38133569371424203,1.7320507764816284,0.49815147574098206,0.5018485242590179,2.6457512378692627,0.23476088189746538,0.7652391181025346
survset:UnempDur,CoxPH,6,47,384,3.316624879837036,0,1.4142135381698608,0.8849830595637906,0.11501694043620936,1.7320507764816284,0.8375147760635591,0.16248522393644094,2.6457512378692627,0.6915974061038284,0.30840259389617164
survset:UnempDur,CoxPH,6,47,3156,1.0,1,1.4142135381698608,0.6205069462309833,0.37949305376901665,1.7320507764816284,0.5003060577467815,0.4996939422532185,2.6457512378692627,0.23687741441279517,0.7631225855872048
survset:UnempDur,CoxPH,6,47,2941,1.0,1,1.4142135381698608,0.6262952994157666,0.37370470058423344,1.7320507764816284,0.5070930946289518,0.4929069053710482,2.6457512378692627,0.24360908200260148,0.7563909179973985
survset:UnempDur,CoxPH,6,47,1757,1.4142135381698608,1,1.4142135381698608,0.6215626543088796,0.3784373456911204,1.7320507764816284,0.501541789476136,0.49845821052386396,2.6457512378692627,0.23809577400030368,0.7619042259996963
survset:UnempDur,CoxPH,6,47,2338,2.2360680103302,1,1.4142135381698608,0.8277459423551324,0.17225405764486756,1.7320507764816284,0.7600688562967444,0.23993114370325563,2.6457512378692627,0.5652219021639084,0.43477809783609156
survset:UnempDur,CoxPH,6,47,1120,3.872983455657959,0,1.4142135381698608,0.6209248996061798,0.3790751003938202,1.7320507764816284,0.5007951688959085,0.49920483110409153,2.6457512378692627,0.23735926155305972,0.7626407384469402
survset:UnempDur,CoxPH,6,47,977,3.0,1,1.4142135381698608,0.8520061756788058,0.14799382432119423,1.7320507764816284,0.7926092223293357,0.20739077767066427,2.6457512378692627,0.6167099953051774,0.38329000469482255
survset:UnempDur,CoxPH,6,47,2916,1.0,1,1.4142135381698608,0.6069271572721182,0.3930728427278818,1.7320507764816284,0.4844954496023623,0.5155045503976377,2.6457512378692627,0.22157517636646157,0.7784248236335385
survset:UnempDur,CoxPH,6,47,1613,1.4142135381698608,1,1.4142135381698608,0.8252251814888131,0.17477481851118692,1.7320507764816284,0.7567121486152579,0.24328785138474207,2.6457512378692627,0.5600431181778414,0.43995688182215864
survset:UnempDur,CoxPH,6,47,1146,1.0,1,1.4142135381698608,0.8412012198356313,0.15879878016436866,1.7320507764816284,0.7780641185304649,0.22193588146953513,2.6457512378692627,0.5934075272097369,0.4065924727902631
survset:UnempDur,CoxPH,6,47,1824,2.8284270763397217,1,1.4142135381698608,0.8558947970636186,0.1441052029363814,1.7320507764816284,0.7978643495432683,0.20213565045673165,2.6457512378692627,0.6252437793325668,0.3747562206674332
survset:UnempDur,CoxPH,6,47,1858,4.795831680297852,0,1.4142135381698608,0.8342351231384603,0.16576487686153973,1.7320507764816284,0.7687312255107769,0.23126877448922312,2.6457512378692627,0.5787007224938773,0.4212992775061227
survset:UnempDur,CoxPH,6,47,778,3.0,0,1.4142135381698608,0.8406699097858572,0.1593300902141428,1.7320507764816284,0.7773510582205343,0.2226489417794657,2.6457512378692627,0.5922771231160393,0.4077228768839607
survset:UnempDur,CoxPH,6,47,488,1.4142135381698608,1,1.4142135381698608,0.8110760639084897,0.18892393609151026,1.7320507764816284,0.737956858547655,0.262043141452345,2.6457512378692627,0.5315622430041413,0.46843775699585866
survset:UnempDur,CoxPH,6,47,1422,1.0,1,1.4142135381698608,0.6459975615222509,0.35400243847774915,1.7320507764816284,0.5304063606175935,0.4695936393824065,2.6457512378692627,0.2674791038126812,0.7325208961873189
survset:UnempDur,CoxPH,6,47,951,3.7416574954986572,0,1.4142135381698608,0.8787813200563092,0.12121867994369084,1.7320507764816284,0.8290110813112288,0.1709889186887712,2.6457512378692627,0.6770740502728099,0.32292594972719013
survset:UnempDur,CoxPH,6,47,723,2.0,1,1.4142135381698608,0.869703740939066,0.130296259060934,1.7320507764816284,0.8166128700183914,0.18338712998160855,2.6457512378692627,0.656185868832794,0.34381413116720605
survset:UnempDur,CoxPH,6,47,1063,2.0,1,1.4142135381698608,0.8521351457921117,0.1478648542078883,1.7320507764816284,0.7927833408313959,0.2072166591686041,2.6457512378692627,0.6169917706435546,0.3830082293564454
survset:UnempDur,CoxPH,6,47,1294,3.0,0,1.4142135381698608,0.8237433719647133,0.17625662803528674,1.7320507764816284,0.7547410914171144,0.24525890858288557,2.6457512378692627,0.5570136692289246,0.4429863307710754
survset:UnempDur,CoxPH,6,47,1984,1.7320507764816284,1,1.4142135381698608,0.6007262276546971,0.3992737723453029,1.7320507764816284,0.4773285631204777,0.5226714368795222,2.6457512378692627,0.21481331642661425,0.7851866835733857
survset:UnempDur,CoxPH,6,47,2809,1.0,1,1.4142135381698608,0.6088627646835245,0.3911372353164755,1.7320507764816284,0.4867393687636943,0.5132606312363057,2.6457512378692627,0.22371465456672823,0.7762853454332718
survset:UnempDur,CoxPH,6,47,839,3.605551242828369,1,1.4142135381698608,0.8847652285343074,0.11523477146569261,1.7320507764816284,0.8372156337973886,0.16278436620261139,2.6457512378692627,0.6910837888461241,0.3089162111538759
survset:UnempDur,CoxPH,6,47,182,2.0,0,1.4142135381698608,0.8820223976643735,0.11797760233562649,1.7320507764816284,0.8334518130090962,0.1665481869909038,2.6457512378692627,0.6846383586991251,0.31536164130087485
survset:UnempDur,CoxPH,6,47,3117,2.2360680103302,1,1.4142135381698608,0.860224049183418,0.139775950816582,1.7320507764816284,0.8037276347171359,0.19627236528286407,2.6457512378692627,0.634837029532033,0.365162970467967
survset:UnempDur,CoxPH,6,47,1946,1.0,1,1.4142135381698608,0.5904620634426053,0.4095379365573947,1.7320507764816284,0.4655387612716262,0.5344612387283738,2.6457512378692627,0.20392628687182301,0.796073713128177
survset:UnempDur,CoxPH,6,47,357,1.0,1,1.4142135381698608,0.6093730681298164,0.3906269318701836,1.7320507764816284,0.48733149225038663,0.5126685077496134,2.6457512378692627,0.22428099823795472,0.7757190017620452
survset:UnempDur,CoxPH,6,47,2449,2.6457512378692627,1,1.4142135381698608,0.8596024030447312,0.14039759695526877,1.7320507764816284,0.8028848932254907,0.19711510677450927,2.6457512378692627,0.633453506031846,0.366546493968154
survset:UnempDur,CoxPH,6,47,467,2.6457512378692627,0,1.4142135381698608,0.9078053022382472,0.09219469776175282,1.7320507764816284,0.8690392629957966,0.1309607370042034,2.6457512378692627,0.7468354193083682,0.25316458069163184
survset:UnempDur,CoxPH,6,47,1507,2.2360680103302,1,1.4142135381698608,0.6172417749099268,0.3827582250900732,1.7320507764816284,0.4964901017217686,0.5035098982782313,2.6457512378692627,0.2331355804664066,0.7668644195335934
survset:UnempDur,CoxPH,6,47,1416,2.6457512378692627,1,1.4142135381698608,0.574255434787688,0.42574456521231197,1.7320507764816284,0.447111113045058,0.552888886954942,2.6457512378692627,0.18749764725816936,0.8125023527418307
survset:UnempDur,CoxPH,6,47,2944,3.0,1,1.4142135381698608,0.8384840928473097,0.16151590715269026,1.7320507764816284,0.7744196576300684,0.22558034236993163,2.6457512378692627,0.5876417707792817,0.4123582292207183
survset:UnempDur,CoxPH,6,47,2857,1.7320507764816284,1,1.4142135381698608,0.8673124137055421,0.13268758629445787,1.7320507764816284,0.8133564612592578,0.18664353874074224,2.6457512378692627,0.6507558856187633,0.3492441143812367
survset:UnempDur,CoxPH,6,47,1007,1.7320507764816284,0,1.4142135381698608,0.8745346599515257,0.12546534004847432,1.7320507764816284,0.8232037377787791,0.1767962622212209,2.6457512378692627,0.6672476834694775,0.3327523165305225
survset:UnempDur,CoxPH,6,47,668,4.0,1,1.4142135381698608,0.8448277740978685,0.15517222590213153,1.7320507764816284,0.7829366668484362,0.2170633331515638,2.6457512378692627,0.601161859686201,0.39883814031379905
survset:UnempDur,CoxPH,6,47,1696,1.4142135381698608,1,1.4142135381698608,0.6289881551975189,0.37101184480248106,1.7320507764816284,0.5102602326926262,0.4897397673073738,2.6457512378692627,0.24678390462011449,0.7532160953798855
survset:UnempDur,CoxPH,6,47,2400,1.4142135381698608,1,1.4142135381698608,0.8425925629150038,0.15740743708499616,1.7320507764816284,0.7799323742879104,0.2200676257120896,2.6457512378692627,0.5963745527088021,0.40362544729119787
survset:UnempDur,CoxPH,6,47,3225,2.4494898319244385,1,1.4142135381698608,0.8397581780073181,0.1602418219926819,1.7320507764816284,0.7761279155276695,0.22387208447233053,2.6457512378692627,0.5903406986529427,0.4096593013470573
survset:UnempDur,CoxPH,6,47,2598,1.7320507764816284,1,1.4142135381698608,0.8491625357373993,0.1508374642626007,1.7320507764816284,0.7887731366907326,0.21122686330926743,2.6457512378692627,0.6105190227118058,0.3894809772881942
survset:UnempDur,CoxPH,6,47,582,1.4142135381698608,1,1.4142135381698608,0.8752493909365312,0.1247506090634688,1.7320507764816284,0.8241802498189167,0.1758197501810833,2.6457512378692627,0.668894783799823,0.33110521620017697
survset:UnempDur,CoxPH,6,47,121,2.4494898319244385,0,1.4142135381698608,0.8552475645227097,0.14475243547729033,1.7320507764816284,0.7969889233342343,0.20301107666576568,2.6457512378692627,0.6238179509296435,0.37618204907035646
survset:UnempDur,CoxPH,6,47,957,1.0,1,1.4142135381698608,0.5958941059495526,0.4041058940504474,1.7320507764816284,0.4717667889092984,0.5282332110907015,2.6457512378692627,0.2096407935977889,0.7903592064022111
survset:UnempDur,CoxPH,6,47,2558,1.7320507764816284,0,1.4142135381698608,0.6103195580263314,0.3896804419736686,1.7320507764816284,0.48843033094008864,0.5115696690599114,2.6457512378692627,0.22533396572222442,0.7746660342777756
survset:UnempDur,CoxPH,6,47,2971,2.0,0,1.4142135381698608,0.8403755161708307,0.15962448382916927,1.7320507764816284,0.7769560461226866,0.22304395387731335,2.6457512378692627,0.591651397823131,0.40834860217686897
survset:UnempDur,CoxPH,6,47,2603,1.0,1,1.4142135381698608,0.6553693363858013,0.3446306636141987,1.7320507764816284,0.5416094971909112,0.4583905028090888,2.6457512378692627,0.27936226289549204,0.720637737104508
survset:UnempDur,CoxPH,6,47,843,3.7416574954986572,0,1.4142135381698608,0.8695653671573873,0.1304346328426127,1.7320507764816284,0.8164243281807838,0.1835756718192162,2.6457512378692627,0.6558708409807477,0.34412915901925234
survset:UnempDur,CoxPH,6,47,2382,2.6457512378692627,1,1.4142135381698608,0.6679583920122528,0.3320416079877472,1.7320507764816284,0.5567726442159525,0.4432273557840475,2.6457512378692627,0.2958733090991889,0.704126690900811
survset:UnempDur,CoxPH,6,47,469,1.7320507764816284,0,1.4142135381698608,0.6217835120271473,0.3782164879728527,1.7320507764816284,0.5018004286089015,0.4981995713910985,2.6457512378692627,0.2383511878085191,0.7616488121914808
survset:UnempDur,CoxPH,6,47,2696,1.0,1,1.4142135381698608,0.8874467191802838,0.11255328081971616,1.7320507764816284,0.8409003739954644,0.15909962600453564,2.6457512378692627,0.6974241739927997,0.30257582600720034
survset:UnempDur,CoxPH,6,47,745,2.0,0,1.4142135381698608,0.631058708014595,0.36894129198540504,1.7320507764816284,0.5126996292654347,0.48730037073456534,2.6457512378692627,0.2492437719340704,0.7507562280659296
survset:UnempDur,CoxPH,6,47,2450,1.0,1,1.4142135381698608,0.6568476681334879,0.34315233186651206,1.7320507764816284,0.5433833498630031,0.4566166501369969,2.6457512378692627,0.2812683858658079,0.7187316141341922
survset:UnempDur,CoxPH,6,47,1142,1.4142135381698608,0,1.4142135381698608,0.7174704450587905,0.28252955494120946,1.7320507764816284,0.6176522935625457,0.3823477064374543,2.6457512378692627,0.36713555801385556,0.6328644419861444
survset:UnempDur,CoxPH,6,47,189,3.316624879837036,0,1.4142135381698608,0.8330246564881807,0.1669753435118193,1.7320507764816284,0.7671130661459992,0.23288693385400083,2.6457512378692627,0.5761703075149226,0.4238296924850774
survset:UnempDur,CoxPH,6,47,179,1.4142135381698608,1,1.4142135381698608,0.8941133690003346,0.10588663099966544,1.7320507764816284,0.8500830425248838,0.14991695747511624,2.6457512378692627,0.7133557719139666,0.2866442280860334
survset:UnempDur,CoxPH,6,47,1317,3.0,1,1.4142135381698608,0.8402163302733789,0.15978366972662106,1.7320507764816284,0.7767424793314819,0.22325752066851812,2.6457512378692627,0.5913132369041668,0.4086867630958332
survset:UnempDur,CoxPH,6,47,1297,3.605551242828369,0,1.4142135381698608,0.8579359207969098,0.14206407920309017,1.7320507764816284,0.8006270647814634,0.1993729352185366,2.6457512378692627,0.6297545653357731,0.3702454346642269
survset:UnempDur,CoxPH,6,47,220,1.0,1,1.4142135381698608,0.6293295589581381,0.37067044104186186,1.7320507764816284,0.5106622042821607,0.4893377957178393,2.6457512378692627,0.24718837787563908,0.7528116221243609
survset:UnempDur,CoxPH,6,47,417,2.2360680103302,0,1.4142135381698608,0.6995966586075534,0.3004033413924466,1.7320507764816284,0.5954487502456257,0.4045512497543743,2.6457512378692627,0.3402210046194143,0.6597789953805857
survset:UnempDur,CoxPH,6,47,2453,2.0,1,1.4142135381698608,0.8300532737670194,0.16994672623298057,1.7320507764816284,0.7631454019724103,0.23685459802758968,2.6457512378692627,0.5699901860977687,0.43000981390223125
survset:UnempDur,CoxPH,6,47,1265,3.605551242828369,0,1.4142135381698608,0.5942493707347669,0.4057506292652331,1.7320507764816284,0.4698783268879559,0.5301216731120442,2.6457512378692627,0.20789937963606764,0.7921006203639324
survset:UnempDur,CoxPH,6,47,519,1.4142135381698608,1,1.4142135381698608,0.6009569749023589,0.3990430250976411,1.7320507764816284,0.47759465990130995,0.5224053400986901,2.6457512378692627,0.21506243078818138,0.7849375692118186
survset:UnempDur,CoxPH,6,47,308,1.0,1,1.4142135381698608,0.6209151785816851,0.3790848214183149,1.7320507764816284,0.5007837911510459,0.4992162088489541,2.6457512378692627,0.2373480470093019,0.7626519529906981
survset:UnempDur,CoxPH,6,47,706,2.0,1,1.4142135381698608,0.832211523418074,0.16778847658192597,1.7320507764816284,0.7660266602411275,0.23397333975887247,2.6457512378692627,0.5744746576724057,0.4255253423275943
survset:UnempDur,CoxPH,6,47,2375,2.4494898319244385,0,1.4142135381698608,0.8642751491276162,0.13572485087238384,1.7320507764816284,0.8092262795476614,0.19077372045233865,2.6457512378692627,0.6439025957203299,0.35609740427967007
survset:UnempDur,CoxPH,6,47,81,3.1622776985168457,0,1.4142135381698608,0.8734063662801772,0.1265936337198228,1.7320507764816284,0.8216629222743849,0.17833707772561513,2.6457512378692627,0.66465304966919,0.33534695033080997
survset:UnempDur,CoxPH,6,47,508,1.0,1,1.4142135381698608,0.821977265807822,0.17802273419217796,1.7320507764816284,0.7523939605349539,0.2476060394650461,2.6457512378692627,0.5534173333801127,0.4465826666198873
survset:UnempDur,CoxPH,6,47,2932,2.2360680103302,0,1.4142135381698608,0.5754140130469857,0.4245859869530143,1.7320507764816284,0.4484207710660245,0.5515792289339755,2.6457512378692627,0.1886416028696836,0.8113583971303164
survset:UnempDur,CoxPH,6,47,492,2.2360680103302,0,1.4142135381698608,0.6461238445799476,0.35387615542005235,1.7320507764816284,0.5305568364372615,0.4694431635627385,2.6457512378692627,0.26763693726370846,0.7323630627362916
survset:UnempDur,CoxPH,6,47,601,3.1622776985168457,0,1.4142135381698608,0.8929652453228759,0.10703475467712409,1.7320507764816284,0.8484994034338043,0.15150059656619574,2.6457512378692627,0.7105948838621203,0.28940511613787967
survset:UnempDur,CoxPH,6,47,2800,2.2360680103302,0,1.4142135381698608,0.625085248616483,0.37491475138351704,1.7320507764816284,0.505671920227513,0.49432807977248705,2.6457512378692627,0.2421913949647692,0.7578086050352308
survset:UnempDur,CoxPH,6,47,1789,1.7320507764816284,0,1.4142135381698608,0.8509611065915522,0.14903889340844778,1.7320507764816284,0.7911987460296886,0.20880125397031135,2.6457512378692627,0.6144298895922248,0.3855701104077752
survset:UnempDur,CoxPH,6,47,2160,1.4142135381698608,1,1.4142135381698608,0.6524864422190656,0.3475135577809344,1.7320507764816284,0.5381555002932092,0.46184449970679076,2.6457512378692627,0.2756700162201656,0.7243299837798344
survset:UnempDur,CoxPH,6,47,940,4.0,0,1.4142135381698608,0.8217440296321561,0.1782559703678439,1.7320507764816284,0.7520841628014061,0.2479158371985939,2.6457512378692627,0.5529435565177144,0.44705644348228557
survset:UnempDur,CoxPH,6,47,867,2.2360680103302,0,1.4142135381698608,0.8336324226987435,0.1663675773012565,1.7320507764816284,0.76792539929084,0.23207460070915997,2.6457512378692627,0.5774398830761707,0.42256011692382933
survset:UnempDur,CoxPH,6,47,561,1.0,1,1.4142135381698608,0.6416192568152885,0.35838074318471147,1.7320507764816284,0.5251974957400051,0.47480250425999493,2.6457512378692627,0.2620453356250099,0.7379546643749901
survset:UnempDur,CoxPH,6,47,2133,4.582575798034668,0,1.4142135381698608,0.8173849065432608,0.1826150934567392,1.7320507764816284,0.7463014302884676,0.2536985697115324,2.6457512378692627,0.5441386205914206,0.4558613794085794
survset:UnempDur,CoxPH,6,47,982,1.4142135381698608,1,1.4142135381698608,0.8659025844464256,0.13409741555357435,1.7320507764816284,0.8114385117316101,0.18856148826838992,2.6457512378692627,0.6475687105813995,0.35243128941860047
survset:UnempDur,CoxPH,6,47,3231,1.4142135381698608,1,1.4142135381698608,0.6559840521391885,0.34401594786081147,1.7320507764816284,0.5423468765911056,0.4576531234088944,2.6457512378692627,0.2801538090337326,0.7198461909662675
