dataset,method,run_id,seed,sample_id,observed_time,event,horizon_t25,pred_survival_t25,pred_risk_t25,horizon_t50,pred_survival_t50,pred_risk_t50,horizon_t75,pred_survival_t75,pred_risk_t75
survset:UnempDur,CoxPH,1,42,2731,2.4494898319244385,1,1.0,0.9069444357548524,0.0930555642451476,1.7320507764816284,0.7631390669513458,0.2368609330486542,2.4494898319244385,0.6366769026763541,0.36332309732364587
survset:UnempDur,CoxPH,1,42,2120,2.6457512378692627,0,1.0,0.9120920923322509,0.08790790766774914,1.7320507764816284,0.7751866377042799,0.22481336229572013,2.4494898319244385,0.6535534419349803,0.34644655806501967
survset:UnempDur,CoxPH,1,42,951,3.7416574954986572,0,1.0,0.9320249016193288,0.06797509838067117,1.7320507764816284,0.8229814374650148,0.17701856253498516,2.4494898319244385,0.7222381429921274,0.2777618570078726
survset:UnempDur,CoxPH,1,42,2026,3.605551242828369,1,1.0,0.788619476785705,0.211380523214295,1.7320507764816284,0.518297057698355,0.481702942301645,2.4494898319244385,0.3336382574084237,0.6663617425915763
survset:UnempDur,CoxPH,1,42,221,1.0,1,1.0,0.7677709778869941,0.2322290221130059,1.7320507764816284,0.4812562853388866,0.5187437146611134,2.4494898319244385,0.29477454873707787,0.7052254512629221
survset:UnempDur,CoxPH,1,42,1290,3.605551242828369,1,1.0,0.9004417480681263,0.09955825193187373,1.7320507764816284,0.7480920259902355,0.2519079740097645,2.4494898319244385,0.6158482188584778,0.38415178114152215
survset:UnempDur,CoxPH,1,42,2423,3.872983455657959,1,1.0,0.9077365272113028,0.09226347278869718,1.7320507764816284,0.7649850353029011,0.23501496469709893,2.4494898319244385,0.6392512807166679,0.3607487192833321
survset:UnempDur,CoxPH,1,42,127,2.2360680103302,0,1.0,0.9157139848281599,0.08428601517184009,1.7320507764816284,0.783735668625895,0.21626433137410495,2.4494898319244385,0.6656363859512847,0.3343636140487153
survset:UnempDur,CoxPH,1,42,186,1.4142135381698608,1,1.0,0.8428123722178944,0.1571876277821056,1.7320507764816284,0.6229580309967645,0.3770419690032355,2.4494898319244385,0.45362323873840227,0.5463767612615977
survset:UnempDur,CoxPH,1,42,250,3.0,1,1.0,0.9033920725743646,0.0966079274256354,1.7320507764816284,0.7548952811319449,0.24510471886805507,2.4494898319244385,0.6252311066491092,0.3747688933508908
survset:UnempDur,CoxPH,1,42,634,2.0,0,1.0,0.9472939851266073,0.05270601487339266,1.7320507764816284,0.8608374619528911,0.13916253804710887,2.4494898319244385,0.7785781722458018,0.22142182775419816
survset:UnempDur,CoxPH,1,42,1302,1.4142135381698608,1,1.0,0.7475421290370757,0.25245787096292427,1.7320507764816284,0.4469759971934537,0.5530240028065463,2.4494898319244385,0.26054817983383005,0.73945182016617
survset:UnempDur,CoxPH,1,42,1584,1.4142135381698608,1,1.0,0.804215551746817,0.19578444825318297,1.7320507764816284,0.5471626108813418,0.45283738911865823,2.4494898319244385,0.36524945753431665,0.6347505424656834
survset:UnempDur,CoxPH,1,42,553,1.7320507764816284,1,1.0,0.9042313699816704,0.09576863001832958,1.7320507764816284,0.7568378373646296,0.24316216263537038,2.4494898319244385,0.6279206748694455,0.37207932513055453
survset:UnempDur,CoxPH,1,42,281,2.6457512378692627,1,1.0,0.9316840578903184,0.06831594210968162,1.7320507764816284,0.8221487764634443,0.1778512235365557,2.4494898319244385,0.7210180521859942,0.27898194781400576
survset:UnempDur,CoxPH,1,42,3099,1.7320507764816284,1,1.0,0.9227063054541988,0.07729369454580115,1.7320507764816284,0.8004100013066805,0.1995899986933195,2.4494898319244385,0.6894582149485567,0.31054178505144325
survset:UnempDur,CoxPH,1,42,1188,1.0,1,1.0,0.7787631517745551,0.22123684822544487,1.7320507764816284,0.5005670511951372,0.4994329488048628,2.4494898319244385,0.31479481770490564,0.6852051822950944
survset:UnempDur,CoxPH,1,42,1645,2.2360680103302,1,1.0,0.9086114035548033,0.0913885964451967,1.7320507764816284,0.767027245386099,0.232972754613901,2.4494898319244385,0.6421041914411326,0.3578958085588674
survset:UnempDur,CoxPH,1,42,1586,1.0,1,1.0,0.7608592229945021,0.23914077700549785,1.7320507764816284,0.46936133026706184,0.5306386697329382,2.4494898319244385,0.28270655691288266,0.7172934430871174
survset:UnempDur,CoxPH,1,42,2938,1.4142135381698608,1,1.0,0.9394097877349026,0.06059021226509742,1.7320507764816284,0.8411547351194636,0.1588452648805364,2.4494898319244385,0.7490730040527328,0.2509269959472672
survset:UnempDur,CoxPH,1,42,2812,2.0,1,1.0,0.9074247448579952,0.09257525514200482,1.7320507764816284,0.7642580869037816,0.2357419130962184,2.4494898319244385,0.6382369846203036,0.36176301537969635
survset:UnempDur,CoxPH,1,42,2130,1.7320507764816284,0,1.0,0.8143328351708962,0.18566716482910384,1.7320507764816284,0.5664252512311825,0.4335747487688175,2.4494898319244385,0.38697868215724995,0.61302131784275
survset:UnempDur,CoxPH,1,42,252,1.0,1,1.0,0.7896654826186594,0.21033451738134057,1.7320507764816284,0.5202018387741948,0.4797981612258052,2.4494898319244385,0.3356887459548194,0.6643112540451805
survset:UnempDur,CoxPH,1,42,1040,4.123105525970459,0,1.0,0.9138561665138359,0.08614383348616406,1.7320507764816284,0.779343036947424,0.22065696305257598,2.4494898319244385,0.6594168772883944,0.3405831227116056
survset:UnempDur,CoxPH,1,42,2527,1.0,1,1.0,0.7404908976380175,0.25950910236198255,1.7320507764816284,0.4354048192654284,0.5645951807345716,2.4494898319244385,0.2493803920602166,0.7506196079397834
survset:UnempDur,CoxPH,1,42,1444,1.0,1,1.0,0.7677792249973383,0.2322207750026617,1.7320507764816284,0.48127059210292283,0.5187294078970772,2.4494898319244385,0.29478918533538817,0.7052108146646119
survset:UnempDur,CoxPH,1,42,1749,1.7320507764816284,1,1.0,0.8177635955893632,0.18223640441063682,1.7320507764816284,0.5730540912180531,0.42694590878194694,2.4494898319244385,0.39457250714899755,0.6054274928510024
survset:UnempDur,CoxPH,1,42,928,2.4494898319244385,0,1.0,0.9350901645522203,0.06490983544777973,1.7320507764816284,0.8304939037788847,0.16950609622111534,2.4494898319244385,0.7332834800414733,0.26671651995852674
survset:UnempDur,CoxPH,1,42,1874,3.605551242828369,1,1.0,0.9310704660102614,0.06892953398973856,1.7320507764816284,0.8206511644537011,0.17934883554629888,2.4494898319244385,0.7188256984413315,0.2811743015586685
survset:UnempDur,CoxPH,1,42,597,3.464101552963257,1,1.0,0.9025493845081917,0.09745061549180833,1.7320507764816284,0.7529480838327949,0.24705191616720512,2.4494898319244385,0.6225397640568181,0.3774602359431819
survset:UnempDur,CoxPH,1,42,1658,2.6457512378692627,1,1.0,0.7481872415510703,0.2518127584489297,1.7320507764816284,0.44804432843012937,0.5519556715698706,2.4494898319244385,0.26158914991596377,0.7384108500840363
survset:UnempDur,CoxPH,1,42,1828,1.4142135381698608,1,1.0,0.9026151089896013,0.09738489101039871,1.7320507764816284,0.7530998377598418,0.2469001622401582,2.4494898319244385,0.6227493451875943,0.3772506548124057
survset:UnempDur,CoxPH,1,42,977,3.0,1,1.0,0.9223734868641085,0.07762651313589153,1.7320507764816284,0.7996112549169411,0.20038874508305893,2.4494898319244385,0.6883094268791691,0.3116905731208309
survset:UnempDur,CoxPH,1,42,581,2.0,0,1.0,0.8010809995337338,0.1989190004662662,1.7320507764816284,0.5412807714216971,0.45871922857830294,2.4494898319244385,0.3587151743522008,0.6412848256477992
survset:UnempDur,CoxPH,1,42,765,3.316624879837036,1,1.0,0.8976890788346645,0.10231092116533547,1.7320507764816284,0.7417799792508734,0.25822002074912664,2.4494898319244385,0.6071937820358088,0.39280621796419124
survset:UnempDur,CoxPH,1,42,2364,2.4494898319244385,0,1.0,0.9019793261000492,0.09802067389995084,1.7320507764816284,0.7516326720453541,0.2483673279546459,2.4494898319244385,0.620724289152307,0.37927571084769296
survset:UnempDur,CoxPH,1,42,2272,1.0,1,1.0,0.7681735286002459,0.2318264713997541,1.7320507764816284,0.4819549315432353,0.5180450684567647,2.4494898319244385,0.2954896423810796,0.7045103576189204
survset:UnempDur,CoxPH,1,42,1535,1.4142135381698608,0,1.0,0.9059061854044458,0.09409381459555421,1.7320507764816284,0.7607237374706424,0.23927626252935763,2.4494898319244385,0.6333147952246924,0.36668520477530764
survset:UnempDur,CoxPH,1,42,1245,1.4142135381698608,1,1.0,0.9283912786220673,0.07160872137793273,1.7320507764816284,0.8141324063047558,0.1858675936952442,2.4494898319244385,0.709314131677299,0.29068586832270105
survset:UnempDur,CoxPH,1,42,2935,4.898979663848877,0,1.0,0.9387055878283657,0.06129441217163434,1.7320507764816284,0.83941084231229,0.16058915768770998,2.4494898319244385,0.7464809326033057,0.2535190673966943
survset:UnempDur,CoxPH,1,42,3111,3.1622776985168457,0,1.0,0.9092107734616819,0.09078922653831811,1.7320507764816284,0.7684283528844944,0.2315716471155056,2.4494898319244385,0.6440644472056487,0.3559355527943513
survset:UnempDur,CoxPH,1,42,1190,2.2360680103302,1,1.0,0.9401488561294856,0.05985114387051438,1.7320507764816284,0.8429874635711285,0.15701253642887147,2.4494898319244385,0.7518010026207642,0.2481989973792358
survset:UnempDur,CoxPH,1,42,866,4.242640495300293,0,1.0,0.8977798930280133,0.10222010697198669,1.7320507764816284,0.7419876773329228,0.2580123226670772,2.4494898319244385,0.6074777741542537,0.39252222584574625
survset:UnempDur,CoxPH,1,42,1469,3.605551242828369,0,1.0,0.9248234815480317,0.07517651845196827,1.7320507764816284,0.8055030409289883,0.19449695907101172,2.4494898319244385,0.696801287249752,0.303198712750248
survset:UnempDur,CoxPH,1,42,2509,2.0,0,1.0,0.7974928100356741,0.20250718996432593,1.7320507764816284,0.5345974599137244,0.4654025400862756,2.4494898319244385,0.3513480760218104,0.6486519239781896
survset:UnempDur,CoxPH,1,42,555,3.464101552963257,0,1.0,0.8966496414581748,0.10335035854182517,1.7320507764816284,0.7394053613071417,0.26059463869285826,2.4494898319244385,0.6039506810906708,0.39604931890932915
survset:UnempDur,CoxPH,1,42,3115,1.7320507764816284,1,1.0,0.759741427233774,0.24025857276622598,1.7320507764816284,0.4674554649940447,0.5325445350059552,2.4494898319244385,0.2807918162191846,0.7192081837808154
survset:UnempDur,CoxPH,1,42,84,3.316624879837036,1,1.0,0.781458856698457,0.21854114330154295,1.7320507764816284,0.5053770802414875,0.49462291975851247,2.4494898319244385,0.31986342545847507,0.6801365745415249
survset:UnempDur,CoxPH,1,42,2307,2.8284270763397217,0,1.0,0.9251085209730323,0.07489147902696769,1.7320507764816284,0.806190302911313,0.193809697088687,2.4494898319244385,0.6977945612637014,0.30220543873629857
survset:UnempDur,CoxPH,1,42,2073,3.7416574954986572,1,1.0,0.7696297849880578,0.23037021501194221,1.7320507764816284,0.48448774408940026,0.5155122559105998,2.4494898319244385,0.29808790761128484,0.7019120923887152
survset:UnempDur,CoxPH,1,42,404,4.358899116516113,0,1.0,0.8113577311623493,0.18864226883765067,1.7320507764816284,0.5607166409734163,0.43928335902658366,2.4494898319244385,0.38048658914851624,0.6195134108514837
survset:UnempDur,CoxPH,1,42,2155,2.8284270763397217,0,1.0,0.9339123408853992,0.0660876591146008,1.7320507764816284,0.8276020891975937,0.1723979108024063,2.4494898319244385,0.7290237756191669,0.27097622438083313
survset:UnempDur,CoxPH,1,42,2665,3.316624879837036,0,1.0,0.9266586772691415,0.07334132273085847,1.7320507764816284,0.8099344601085121,0.1900655398914879,2.4494898319244385,0.7032158182659817,0.2967841817340183
survset:UnempDur,CoxPH,1,42,898,3.0,0,1.0,0.9075018433916995,0.09249815660830052,1.7320507764816284,0.7644378079409794,0.23556219205902063,2.4494898319244385,0.6384876855290891,0.3615123144709109
survset:UnempDur,CoxPH,1,42,1892,1.4142135381698608,1,1.0,0.7812535255682708,0.21874647443172923,1.7320507764816284,0.5050096675684138,0.4949903324315862,2.4494898319244385,0.31947511580537935,0.6805248841946206
survset:UnempDur,CoxPH,1,42,2515,3.605551242828369,1,1.0,0.9117377919168467,0.08826220808315333,1.7320507764816284,0.774353568826158,0.22564643117384198,2.4494898319244385,0.6523807602925645,0.34761923970743547
survset:UnempDur,CoxPH,1,42,2597,2.2360680103302,0,1.0,0.9101576719402839,0.08984232805971615,1.7320507764816284,0.7706451841278027,0.2293548158721973,2.4494898319244385,0.6471708585387896,0.35282914146121036
survset:UnempDur,CoxPH,1,42,2789,1.0,1,1.0,0.6967036237022961,0.3032963762977039,1.7320507764816284,0.3678175081749004,0.6321824918250996,2.4494898319244385,0.18814755320696186,0.8118524467930381
survset:UnempDur,CoxPH,1,42,479,2.6457512378692627,1,1.0,0.9151712523310495,0.08482874766895054,1.7320507764816284,0.7824507996303137,0.21754920036968628,2.4494898319244385,0.66381472133643,0.33618527866356995
survset:UnempDur,CoxPH,1,42,15,3.7416574954986572,1,1.0,0.9166719601633178,0.08332803983668224,1.7320507764816284,0.7860068734589345,0.2139931265410655,2.4494898319244385,0.6688613584948231,0.3311386415051769
survset:UnempDur,CoxPH,1,42,91,1.0,1,1.0,0.7554157903294375,0.2445842096705625,1.7320507764816284,0.4601267525240402,0.5398732474759598,2.4494898319244385,0.2734777153370347,0.7265222846629653
survset:UnempDur,CoxPH,1,42,1881,3.464101552963257,1,1.0,0.9213809730666652,0.07861902693333478,1.7320507764816284,0.7972322993945388,0.20276770060546123,2.4494898319244385,0.684892476915872,0.31510752308412804
survset:UnempDur,CoxPH,1,42,2171,3.316624879837036,0,1.0,0.9204358196268446,0.07956418037315538,1.7320507764816284,0.7949710683541834,0.2050289316458166,2.4494898319244385,0.6816509460706138,0.31834905392938617
survset:UnempDur,CoxPH,1,42,454,1.4142135381698608,1,1.0,0.7965618062176737,0.2034381937823263,1.7320507764816284,0.5328720425066679,0.46712795749333214,2.4494898319244385,0.34945610034863567,0.6505438996513644
survset:UnempDur,CoxPH,1,42,2270,4.242640495300293,1,1.0,0.7813019430741296,0.2186980569258704,1.7320507764816284,0.505096288861972,0.494903711138028,2.4494898319244385,0.31956664672304996,0.68043335327695
survset:UnempDur,CoxPH,1,42,2375,2.4494898319244385,0,1.0,0.9211819611861035,0.07881803881389648,1.7320507764816284,0.796755832743654,0.20324416725634598,2.4494898319244385,0.6842089370239028,0.31579106297609716
survset:UnempDur,CoxPH,1,42,3195,1.7320507764816284,1,1.0,0.7935768218072651,0.20642317819273492,1.7320507764816284,0.5273640034499006,0.47263599655009936,2.4494898319244385,0.34344382568276216,0.6565561743172379
survset:UnempDur,CoxPH,1,42,1644,4.582575798034668,1,1.0,0.9072906997999459,0.09270930020005408,1.7320507764816284,0.7639456845504395,0.23605431544956046,2.4494898319244385,0.6378012946463526,0.3621987053536474
survset:UnempDur,CoxPH,1,42,2825,4.123105525970459,1,1.0,0.7808661260826499,0.21913387391735006,1.7320507764816284,0.5043169325109446,0.49568306748905544,2.4494898319244385,0.31874349569432964,0.6812565043056704
survset:UnempDur,CoxPH,1,42,2734,1.4142135381698608,1,1.0,0.9049368585799982,0.09506314142000183,1.7320507764816284,0.7584731599648165,0.24152684003518354,2.4494898319244385,0.6301884527741839,0.3698115472258161
survset:UnempDur,CoxPH,1,42,889,4.0,0,1.0,0.9342644370133413,0.06573556298665872,1.7320507764816284,0.8284658871454303,0.17153411285456965,2.4494898319244385,0.7302951252174971,0.26970487478250293
survset:UnempDur,CoxPH,1,42,2538,2.8284270763397217,0,1.0,0.8941937472394587,0.10580625276054134,1.7320507764816284,0.7338141172263655,0.26618588277363453,2.4494898319244385,0.596342071584492,0.40365792841550796
survset:UnempDur,CoxPH,1,42,3204,1.4142135381698608,0,1.0,0.8283354457534349,0.17166455424656513,1.7320507764816284,0.5937917402072984,0.4062082597927016,2.4494898319244385,0.41870967510942214,0.5812903248905779
survset:UnempDur,CoxPH,1,42,2869,3.316624879837036,1,1.0,0.9250055367587351,0.07499446324126491,1.7320507764816284,0.8059419532427662,0.19405804675723382,2.4494898319244385,0.6974355652710682,0.3025644347289318
survset:UnempDur,CoxPH,1,42,1952,1.4142135381698608,0,1.0,0.9176503880426168,0.08234961195738322,1.7320507764816284,0.7883309025876342,0.21166909741236584,2.4494898319244385,0.6721678099801675,0.32783219001983255
survset:UnempDur,CoxPH,1,42,339,2.6457512378692627,1,1.0,0.9219577704566357,0.07804222954336426,1.7320507764816284,0.7986142736076671,0.20138572639233288,2.4494898319244385,0.6868766084778446,0.3131233915221554
survset:UnempDur,CoxPH,1,42,1675,2.6457512378692627,1,1.0,0.7845564545929192,0.21544354540708077,1.7320507764816284,0.5109405468534686,0.48905945314653143,2.4494898319244385,0.3257664244617308,0.6742335755382691
survset:UnempDur,CoxPH,1,42,2093,3.0,1,1.0,0.9465715806539854,0.05342841934601461,1.7320507764816284,0.8590218842850463,0.14097811571495367,2.4494898319244385,0.7758374211184018,0.22416257888159818
survset:UnempDur,CoxPH,1,42,2060,3.316624879837036,0,1.0,0.9060636233554383,0.09393637664456167,1.7320507764816284,0.761089678104516,0.238910321895484,2.4494898319244385,0.6338237206510718,0.36617627934892816
survset:UnempDur,CoxPH,1,42,3230,1.0,1,1.0,0.8128113406298062,0.1871886593701938,1.7320507764816284,0.5635012034866426,0.43649879651335743,2.4494898319244385,0.3836478148657306,0.6163521851342695
survset:UnempDur,CoxPH,1,42,1170,2.2360680103302,0,1.0,0.9086107999995152,0.09138920000048478,1.7320507764816284,0.7670258353177151,0.23297416468228493,2.4494898319244385,0.6421022198563101,0.3578977801436899
survset:UnempDur,CoxPH,1,42,192,4.358899116516113,0,1.0,0.9365767807227423,0.06342321927725769,1.7320507764816284,0.8341530737527373,0.16584692624726272,2.4494898319244385,0.7386877789289009,0.2613122210710991
survset:UnempDur,CoxPH,1,42,3044,2.0,1,1.0,0.9244857031487034,0.07551429685129663,1.7320507764816284,0.8046891039471783,0.1953108960528217,2.4494898319244385,0.6956256691105611,0.3043743308894389
survset:UnempDur,CoxPH,1,42,1566,1.0,1,1.0,0.7711727683738088,0.22882723162619123,1.7320507764816284,0.48718065592984444,0.5128193440701556,2.4494898319244385,0.300860412126983,0.699139587873017
survset:UnempDur,CoxPH,1,42,1910,3.0,0,1.0,0.8238105248362675,0.1761894751637325,1.7320507764816284,0.5848580499020922,0.4151419500979078,2.4494898319244385,0.40824100109194744,0.5917589989080525
survset:UnempDur,CoxPH,1,42,2971,2.0,0,1.0,0.9125139124593201,0.08748608754067988,1.7320507764816284,0.7761792122581262,0.22382078774187375,2.4494898319244385,0.6549517572076353,0.3450482427923647
survset:UnempDur,CoxPH,1,42,3052,1.0,1,1.0,0.9111371677093844,0.08886283229061565,1.7320507764816284,0.7729426238802158,0.22705737611978416,2.4494898319244385,0.6503965512388767,0.34960344876112326
survset:UnempDur,CoxPH,1,42,2263,1.0,1,1.0,0.793598248695766,0.206401751304234,1.7320507764816284,0.5274034112093712,0.4725965887906288,2.4494898319244385,0.3434866922488039,0.6565133077511961
survset:UnempDur,CoxPH,1,42,1141,1.7320507764816284,0,1.0,0.8403708331854083,0.15962916681459172,1.7320507764816284,0.6179764194559306,0.3820235805440694,2.4494898319244385,0.44758068169590065,0.5524193183040993
survset:UnempDur,CoxPH,1,42,2370,2.8284270763397217,0,1.0,0.9145093013530107,0.08549069864698933,1.7320507764816284,0.7808855139622485,0.21911448603775152,2.4494898319244385,0.6615981945906242,0.3384018054093758
survset:UnempDur,CoxPH,1,42,40,3.7416574954986572,0,1.0,0.9319956114950321,0.06800438850496793,1.7320507764816284,0.8229098622865052,0.1770901377134948,2.4494898319244385,0.7221332319968399,0.2778667680031601
survset:UnempDur,CoxPH,1,42,1961,2.6457512378692627,0,1.0,0.9294392887093406,0.07056071129065944,1.7320507764816284,0.8166783769357471,0.18332162306425293,2.4494898319244385,0.7130229243221028,0.2869770756778972
survset:UnempDur,CoxPH,1,42,2199,3.7416574954986572,0,1.0,0.8959190925991255,0.1040809074008745,1.7320507764816284,0.737739314930952,0.262260685069048,2.4494898319244385,0.6016794639035765,0.3983205360964235
survset:UnempDur,CoxPH,1,42,1552,4.358899116516113,1,1.0,0.7331229319778146,0.26687706802218536,1.7320507764816284,0.42352018518576584,0.5764798148142342,2.4494898319244385,0.23811535453159555,0.7618846454684045
survset:UnempDur,CoxPH,1,42,1109,2.2360680103302,1,1.0,0.9172458320096972,0.08275416799030277,1.7320507764816284,0.787369441920316,0.212630558079684,2.4494898319244385,0.6707991235546925,0.3292008764453075
survset:UnempDur,CoxPH,1,42,1265,3.605551242828369,0,1.0,0.7478162568028852,0.2521837431971148,1.7320507764816284,0.44742976434612935,0.5525702356538706,2.4494898319244385,0.2609901220134062,0.7390098779865938
survset:UnempDur,CoxPH,1,42,851,3.316624879837036,0,1.0,0.7708637165861599,0.22913628341384007,1.7320507764816284,0.48664051567206384,0.5133594843279361,2.4494898319244385,0.30030348164458126,0.6996965183554187
survset:UnempDur,CoxPH,1,42,2689,5.196152210235596,0,1.0,0.8074135507594417,0.19258644924055834,1.7320507764816284,0.5532054099251558,0.44679459007484423,2.4494898319244385,0.3720117603071998,0.6279882396928003
survset:UnempDur,CoxPH,1,42,445,4.0,0,1.0,0.9077815887937598,0.09221841120624019,1.7320507764816284,0.7650901369163201,0.2349098630836799,2.4494898319244385,0.6393979803033051,0.3606020196966949
survset:UnempDur,CoxPH,1,42,1142,1.4142135381698608,0,1.0,0.8330125113070388,0.1669874886929612,1.7320507764816284,0.6031169151024928,0.39688308489750723,2.4494898319244385,0.42975026912421516,0.5702497308757848
survset:UnempDur,CoxPH,1,42,2696,1.0,1,1.0,0.9471406139145438,0.05285938608545615,1.7320507764816284,0.860451798177159,0.139548201822841,2.4494898319244385,0.7779956593473302,0.22200434065266983
survset:UnempDur,CoxPH,1,42,1616,1.0,1,1.0,0.7662955728831666,0.23370442711683337,1.7320507764816284,0.47870117939022266,0.5212988206097773,2.4494898319244385,0.2921652159844413,0.7078347840155588
survset:UnempDur,CoxPH,1,42,1048,2.6457512378692627,0,1.0,0.9133286603458944,0.08667133965410556,1.7320507764816284,0.77809867263868,0.22190132736131996,2.4494898319244385,0.6576592479176853,0.34234075208231474
survset:UnempDur,CoxPH,1,42,1323,1.0,1,1.0,0.8222914522614649,0.17770854773853506,1.7320507764816284,0.5818782682232007,0.41812173177679934,2.4494898319244385,0.40477292300863765,0.5952270769913623
survset:UnempDur,CoxPH,1,42,2560,1.4142135381698608,1,1.0,0.7439353212475218,0.2560646787524782,1.7320507764816284,0.4410329554981509,0.5589670445018491,2.4494898319244385,0.25478779977982696,0.7452122002201731
survset:UnempDur,CoxPH,1,42,1642,1.4142135381698608,1,1.0,0.757913344249601,0.242086655750399,1.7320507764816284,0.46434920957360654,0.5356507904263934,2.4494898319244385,0.2776822966711581,0.7223177033288419
survset:UnempDur,CoxPH,1,42,2952,2.6457512378692627,1,1.0,0.9156622658540616,0.08433773414593837,1.7320507764816284,0.7836131706951169,0.21638682930488307,2.4494898319244385,0.665462624158203,0.334537375841797
survset:UnempDur,CoxPH,1,42,2533,1.4142135381698608,1,1.0,0.7337689307502122,0.2662310692497878,1.7320507764816284,0.42455379805955956,0.5754462019404405,2.4494898319244385,0.23908677444455007,0.7609132255554499
survset:UnempDur,CoxPH,1,42,878,1.4142135381698608,1,1.0,0.9100316482515585,0.08996835174844153,1.7320507764816284,0.7703499084740546,0.2296500915259454,2.4494898319244385,0.6467567471279955,0.35324325287200453
survset:UnempDur,CoxPH,1,42,507,2.8284270763397217,0,1.0,0.9115220694353457,0.08847793056465425,1.7320507764816284,0.7738466193228838,0.2261533806771162,2.4494898319244385,0.6516675590576895,0.34833244094231053
survset:UnempDur,CoxPH,1,42,1402,1.4142135381698608,1,1.0,0.7820796962819506,0.21792030371804938,1.7320507764816284,0.5064890282096723,0.49351097179032766,2.4494898319244385,0.3210397695732356,0.6789602304267643
survset:UnempDur,CoxPH,1,42,1619,2.6457512378692627,0,1.0,0.9336909327630559,0.06630906723694407,1.7320507764816284,0.8270592030258784,0.17294079697412157,2.4494898319244385,0.7282252033070602,0.2717747966929398
survset:UnempDur,CoxPH,1,42,1969,1.4142135381698608,1,1.0,0.8025366534114385,0.19746334658856146,1.7320507764816284,0.5440071882080159,0.45599281179198414,2.4494898319244385,0.36173813373115127,0.6382618662688487
survset:UnempDur,CoxPH,1,42,909,1.4142135381698608,0,1.0,0.9251261206171675,0.07487387938283252,1.7320507764816284,0.8062327498955778,0.1937672501044222,2.4494898319244385,0.697855926916404,0.30214407308359603
survset:UnempDur,CoxPH,1,42,532,1.7320507764816284,0,1.0,0.7828954102853357,0.2171045897146643,1.7320507764816284,0.507952377335756,0.49204762266424396,2.4494898319244385,0.322590505165459,0.677409494834541
survset:UnempDur,CoxPH,1,42,1905,1.0,1,1.0,0.7741860581984792,0.2258139418015208,1.7320507764816284,0.49246716085239645,0.5075328391476035,2.4494898319244385,0.3063330797658877,0.6936669202341124
survset:UnempDur,CoxPH,1,42,1559,1.4142135381698608,0,1.0,0.9038025590090133,0.0961974409909867,1.7320507764816284,0.7558449547889067,0.24415504521109332,2.4494898319244385,0.6265453994639353,0.3734546005360647
survset:UnempDur,CoxPH,1,42,1225,2.0,1,1.0,0.9206360190168074,0.07936398098319264,1.7320507764816284,0.7954496927188628,0.2045503072811372,2.4494898319244385,0.6823365510720518,0.3176634489279482
survset:UnempDur,CoxPH,1,42,1737,1.0,1,1.0,0.7497607429815868,0.2502392570184132,1.7320507764816284,0.4506569437254552,0.5493430562745448,2.4494898319244385,0.2641418651025921,0.7358581348974079
survset:UnempDur,CoxPH,1,42,2534,2.0,1,1.0,0.7640022474898547,0.23599775251014532,1.7320507764816284,0.4747468273195929,0.525253172680407,2.4494898319244385,0.2881453168181893,0.7118546831818107
survset:UnempDur,CoxPH,1,42,510,2.2360680103302,1,1.0,0.9189762154794483,0.0810237845205517,1.7320507764816284,0.7914870948386076,0.20851290516139243,2.4494898319244385,0.6766686699949803,0.3233313300050197
survset:UnempDur,CoxPH,1,42,1140,3.605551242828369,0,1.0,0.947162090319577,0.05283790968042301,1.7320507764816284,0.8605057956132033,0.13949420438679672,2.4494898319244385,0.7780772074280308,0.22192279257196923
survset:UnempDur,CoxPH,1,42,422,1.4142135381698608,1,1.0,0.7814948866751051,0.21850511332489486,1.7320507764816284,0.5054415686804192,0.49455843131958077,2.4494898319244385,0.31993160127086295,0.680068398729137
survset:UnempDur,CoxPH,1,42,2902,1.0,1,1.0,0.7495591326326868,0.2504408673673132,1.7320507764816284,0.45032165130025814,0.5496783486997419,2.4494898319244385,0.26381370373527924,0.7361862962647208
survset:UnempDur,CoxPH,1,42,2210,1.4142135381698608,0,1.0,0.8945994349128695,0.10540056508713047,1.7320507764816284,0.7347358629397094,0.2652641370602906,2.4494898319244385,0.5975937250631241,0.40240627493687586
survset:UnempDur,CoxPH,1,42,2713,1.7320507764816284,0,1.0,0.9383537630607116,0.06164623693928839,1.7320507764816284,0.83854044311426,0.16145955688573999,2.4494898319244385,0.7451885458069121,0.2548114541930879
survset:UnempDur,CoxPH,1,42,3007,2.2360680103302,0,1.0,0.902662496635586,0.09733750336441405,1.7320507764816284,0.7532092651405005,0.24679073485949954,2.4494898319244385,0.6229004884250974,0.3770995115749026
survset:UnempDur,CoxPH,1,42,1894,1.4142135381698608,1,1.0,0.7274861863385517,0.27251381366144833,1.7320507764816284,0.41456939703119944,0.5854306029688006,2.4494898319244385,0.22976968302777445,0.7702303169722255
survset:UnempDur,CoxPH,1,42,182,2.0,0,1.0,0.9332582139288592,0.06674178607114079,1.7320507764816284,0.8259988459815331,0.17400115401846694,2.4494898319244385,0.7266664570856337,0.2733335429143663
survset:UnempDur,CoxPH,1,42,1069,3.316624879837036,0,1.0,0.9167083933603416,0.0832916066396584,1.7320507764816284,0.7860933335516578,0.21390666644834222,2.4494898319244385,0.6689842501272665,0.3310157498727335
survset:UnempDur,CoxPH,1,42,1103,1.7320507764816284,1,1.0,0.7655499891132033,0.23445001088679673,1.7320507764816284,0.4774132801590078,0.5225867198409921,2.4494898319244385,0.2908535148929209,0.7091464851070791
survset:UnempDur,CoxPH,1,42,254,5.196152210235596,0,1.0,0.9241361162410304,0.07586388375896957,1.7320507764816284,0.8038472656121237,0.19615273438787628,2.4494898319244385,0.6944105895485359,0.30558941045146415
survset:UnempDur,CoxPH,1,42,2232,1.4142135381698608,1,1.0,0.7515656840682474,0.24843431593175258,1.7320507764816284,0.4536657950092177,0.5463342049907822,2.4494898319244385,0.267094044001034,0.732905955998966
survset:UnempDur,CoxPH,1,42,1917,1.0,1,1.0,0.7632107533062359,0.2367892466937641,1.7320507764816284,0.47338692339847127,0.5266130766015287,2.4494898319244385,0.28676803970871306,0.7132319602912869
survset:UnempDur,CoxPH,1,42,2870,1.7320507764816284,0,1.0,0.7485167882727294,0.2514832117272706,1.7320507764816284,0.44859069923508077,0.5514093007649192,2.4494898319244385,0.26212217113055036,0.7378778288694496
survset:UnempDur,CoxPH,1,42,2343,1.7320507764816284,1,1.0,0.897657958346237,0.10234204165376304,1.7320507764816284,0.7417088131736226,0.2582911868263774,2.4494898319244385,0.6070964866786521,0.3929035133213479
survset:UnempDur,CoxPH,1,42,68,3.0,0,1.0,0.8180205129296081,0.1819794870703919,1.7320507764816284,0.5735524849826888,0.42644751501731115,2.4494898319244385,0.39514584577144485,0.6048541542285552
survset:UnempDur,CoxPH,1,42,262,3.605551242828369,1,1.0,0.9307439903824812,0.06925600961751877,1.7320507764816284,0.8198550363090177,0.18014496369098232,2.4494898319244385,0.7176613375884814,0.2823386624115186
survset:UnempDur,CoxPH,1,42,1513,3.872983455657959,0,1.0,0.9090702840311877,0.09092971596881227,1.7320507764816284,0.7680997934705207,0.2319002065294793,2.4494898319244385,0.6436045524384895,0.35639544756151054
survset:UnempDur,CoxPH,1,42,2737,1.0,1,1.0,0.7400839380608861,0.2599160619391139,1.7320507764816284,0.43474290066305277,0.5652570993369472,2.4494898319244385,0.2487474948951053,0.7512525051048947
survset:UnempDur,CoxPH,1,42,1573,2.6457512378692627,0,1.0,0.7378479065885152,0.2621520934114848,1.7320507764816284,0.4311174673306812,0.5688825326693188,2.4494898319244385,0.24529247580559327,0.7547075241944068
survset:UnempDur,CoxPH,1,42,755,1.7320507764816284,0,1.0,0.8224138504144852,0.17758614958551477,1.7320507764816284,0.5821180019397981,0.4178819980602019,2.4494898319244385,0.40505150256009975,0.5949484974399002
survset:UnempDur,CoxPH,1,42,386,1.7320507764816284,1,1.0,0.9357403975173878,0.0642596024826122,1.7320507764816284,0.8320931287519985,0.16790687124800152,2.4494898319244385,0.7356434472634958,0.26435655273650416
survset:UnempDur,CoxPH,1,42,2633,1.0,1,1.0,0.790209797456628,0.209790202543372,1.7320507764816284,0.5211948043478278,0.47880519565217217,2.4494898319244385,0.33675966736302193,0.663240332636978
survset:UnempDur,CoxPH,1,42,696,3.1622776985168457,0,1.0,0.9436464731955118,0.05635352680448824,1.7320507764816284,0.851695383304887,0.14830461669511297,2.4494898319244385,0.7648169619645675,0.2351830380354325
survset:UnempDur,CoxPH,1,42,1707,2.0,0,1.0,0.9324452492376079,0.06755475076239215,1.7320507764816284,0.8240090631828458,0.17599093681715416,2.4494898319244385,0.7237450548852208,0.2762549451147792
survset:UnempDur,CoxPH,1,42,1145,3.872983455657959,1,1.0,0.9174052134656486,0.08259478653435137,1.7320507764816284,0.7877481355949005,0.21225186440509947,2.4494898319244385,0.6713380789417838,0.32866192105821623
survset:UnempDur,CoxPH,1,42,2842,1.0,1,1.0,0.7935498174828466,0.2064501825171534,1.7320507764816284,0.527314340498314,0.47268565950168595,2.4494898319244385,0.3433898068872994,0.6566101931127006
survset:UnempDur,CoxPH,1,42,2814,1.7320507764816284,0,1.0,0.9396483528864276,0.06035164711357244,1.7320507764816284,0.8417460462391416,0.15825395376085838,2.4494898319244385,0.7499527300678782,0.2500472699321218
survset:UnempDur,CoxPH,1,42,987,1.4142135381698608,1,1.0,0.7832492044836253,0.21675079551637466,1.7320507764816284,0.5085879045496854,0.4914120954503146,2.4494898319244385,0.32326491766834514,0.6767350823316549
survset:UnempDur,CoxPH,1,42,1554,2.6457512378692627,0,1.0,0.8252180568635413,0.17478194313645867,1.7320507764816284,0.5876277180930035,0.4123722819069965,2.4494898319244385,0.41147517274650025,0.5885248272534997
survset:UnempDur,CoxPH,1,42,1555,3.1622776985168457,0,1.0,0.9386628912425131,0.06133710875748688,1.7320507764816284,0.8393051820642476,0.16069481793575235,2.4494898319244385,0.7463239981516689,0.25367600184833106
survset:UnempDur,CoxPH,1,42,2806,3.0,1,1.0,0.9246044751152934,0.07539552488470658,1.7320507764816284,0.8049752461660656,0.19502475383393436,2.4494898319244385,0.6960388707277833,0.30396112927221675
survset:UnempDur,CoxPH,1,42,420,3.872983455657959,0,1.0,0.9128386213608574,0.08716137863914264,1.7320507764816284,0.776943829411969,0.22305617058803096,2.4494898319244385,0.6560297491662194,0.34397025083378063
survset:UnempDur,CoxPH,1,42,2257,2.0,1,1.0,0.7520179723901422,0.24798202760985777,1.7320507764816284,0.4544217678297121,0.5455782321702879,2.4494898319244385,0.267837846457759,0.732162153542241
survset:UnempDur,CoxPH,1,42,1585,1.0,1,1.0,0.8196414933308102,0.18035850666918984,1.7320507764816284,0.5767034078790712,0.42329659212092885,2.4494898319244385,0.3987783089853282,0.6012216910146718
survset:UnempDur,CoxPH,1,42,801,1.0,1,1.0,0.7775865462459929,0.22241345375400712,1.7320507764816284,0.49847680008663964,0.5015231999133604,2.4494898319244385,0.31260233505641805,0.687397664943582
survset:UnempDur,CoxPH,1,42,746,1.4142135381698608,1,1.0,0.8118425754309826,0.1881574245690174,1.7320507764816284,0.5616444389596895,0.4383555610403105,2.4494898319244385,0.3815387227535972,0.6184612772464029
survset:UnempDur,CoxPH,1,42,1317,3.0,1,1.0,0.9077548742610406,0.09224512573895938,1.7320507764816284,0.7650278268399929,0.23497217316000707,2.4494898319244385,0.6393110070068269,0.36068899299317314
survset:UnempDur,CoxPH,1,42,621,2.6457512378692627,1,1.0,0.8310641551364973,0.16893584486350266,1.7320507764816284,0.5992209864073034,0.40077901359269663,2.4494898319244385,0.4251236404089595,0.5748763595910404
survset:UnempDur,CoxPH,1,42,1837,3.316624879837036,0,1.0,0.9079319923896839,0.09206800761031608,1.7320507764816284,0.7654410049515493,0.23455899504845068,2.4494898319244385,0.6398878155623554,0.3601121844376446
survset:UnempDur,CoxPH,1,42,2838,1.0,1,1.0,0.8045953481981951,0.19540465180180489,1.7320507764816284,0.5478780403978526,0.4521219596021474,2.4494898319244385,0.36604747261083265,0.6339525273891673
survset:UnempDur,CoxPH,1,42,1836,1.7320507764816284,0,1.0,0.9083673246732448,0.09163267532675523,1.7320507764816284,0.766457146139161,0.23354285386083895,2.4494898319244385,0.6413072657493003,0.3586927342506997
survset:UnempDur,CoxPH,1,42,3096,2.2360680103302,1,1.0,0.767453413098271,0.23254658690172902,1.7320507764816284,0.4807055929625599,0.5192944070374401,2.4494898319244385,0.2942113821459989,0.7057886178540012
survset:UnempDur,CoxPH,1,42,1866,1.0,1,1.0,0.740786760334225,0.25921323966577503,1.7320507764816284,0.43588644293427703,0.564113557065723,2.4494898319244385,0.2498413047661419,0.7501586952338581
survset:UnempDur,CoxPH,1,42,1263,3.316624879837036,1,1.0,0.919267168304992,0.080732831695008,1.7320507764816284,0.792180799190385,0.20781920080961502,2.4494898319244385,0.6776595362195542,0.3223404637804458
survset:UnempDur,CoxPH,1,42,708,1.4142135381698608,1,1.0,0.9212102925920596,0.07878970740794045,1.7320507764816284,0.7968236516092527,0.20317634839074727,2.4494898319244385,0.6843062133690145,0.31569378663098546
survset:UnempDur,CoxPH,1,42,3074,2.0,1,1.0,0.8995887559190947,0.1004112440809053,1.7320507764816284,0.7461324074061672,0.25386759259383285,2.4494898319244385,0.6131561291113109,0.3868438708886891
survset:UnempDur,CoxPH,1,42,2614,1.0,1,1.0,0.79746948915597,0.20253051084402995,1.7320507764816284,0.5345541961216405,0.46544580387835954,2.4494898319244385,0.3513005857847571,0.6486994142152429
survset:UnempDur,CoxPH,1,42,2572,1.4142135381698608,1,1.0,0.7520217626413326,0.24797823735866742,1.7320507764816284,0.454428106404188,0.545571893595812,2.4494898319244385,0.26784408649655256,0.7321559135034474
survset:UnempDur,CoxPH,1,42,685,1.7320507764816284,1,1.0,0.8103645641311752,0.1896354358688248,1.7320507764816284,0.5588191741097427,0.4411808258902573,2.4494898319244385,0.3783384719386916,0.6216615280613085
survset:UnempDur,CoxPH,1,42,2514,3.7416574954986572,1,1.0,0.9367248781043985,0.06327512189560147,1.7320507764816284,0.834518164814222,0.16548183518577797,2.4494898319244385,0.7392278624139423,0.26077213758605766
survset:UnempDur,CoxPH,1,42,1448,1.4142135381698608,0,1.0,0.9164087615804831,0.08359123841951688,1.7320507764816284,0.7853824538988144,0.21461754610118555,2.4494898319244385,0.6679740973586477,0.33202590264135234
survset:UnempDur,CoxPH,1,42,2551,2.6457512378692627,0,1.0,0.7576353758792345,0.24236462412076554,1.7320507764816284,0.46387804728060883,0.5361219527193912,2.4494898319244385,0.277211853537888,0.722788146462112
survset:UnempDur,CoxPH,1,42,2382,2.6457512378692627,1,1.0,0.794788222618414,0.20521177738158602,1.7320507764816284,0.5295949330036676,0.47040506699633244,2.4494898319244385,0.3458739411204256,0.6541260588795744
survset:UnempDur,CoxPH,1,42,1907,1.4142135381698608,0,1.0,0.7505295348524322,0.24947046514756777,1.7320507764816284,0.4519369626624082,0.5480630373375919,2.4494898319244385,0.2653961652600171,0.7346038347399829
survset:UnempDur,CoxPH,1,42,100,4.0,0,1.0,0.7452012445397391,0.2547987554602609,1.7320507764816284,0.4431130684952643,0.5568869315047358,2.4494898319244385,0.25679809993318964,0.7432019000668104
survset:UnempDur,CoxPH,1,42,2613,4.242640495300293,1,1.0,0.9032839141658952,0.09671608583410485,1.7320507764816284,0.7546451800711276,0.24535481992887243,2.4494898319244385,0.6248851656611942,0.37511483433880577
survset:UnempDur,CoxPH,1,42,2666,3.605551242828369,0,1.0,0.9003129548458412,0.09968704515415883,1.7320507764816284,0.7477959328977365,0.2522040671022635,2.4494898319244385,0.6154411478501692,0.38455885214983077
survset:UnempDur,CoxPH,1,42,2695,1.7320507764816284,1,1.0,0.7662856274250396,0.23371437257496042,1.7320507764816284,0.4786839853176276,0.5213160146823723,2.4494898319244385,0.29214768854865275,0.7078523114513473
survset:UnempDur,CoxPH,1,42,1805,2.4494898319244385,1,1.0,0.9442678047356861,0.055732195264313944,1.7320507764816284,0.8532482773343426,0.1467517226656574,2.4494898319244385,0.767147526404374,0.232852473595626
survset:UnempDur,CoxPH,1,42,2204,1.7320507764816284,1,1.0,0.7840611078382259,0.2159388921617741,1.7320507764816284,0.5100482612264059,0.4899517387735941,2.4494898319244385,0.3248167682745565,0.6751832317254435
survset:UnempDur,CoxPH,1,42,2654,2.2360680103302,0,1.0,0.9113646379054386,0.08863536209456135,1.7320507764816284,0.7734767878311323,0.22652321216886773,2.4494898319244385,0.6511474596250235,0.3488525403749765
survset:UnempDur,CoxPH,1,42,470,2.2360680103302,0,1.0,0.8034167144258485,0.1965832855741515,1.7320507764816284,0.5456597743619687,0.45434022563803134,2.4494898319244385,0.3635754180419251,0.6364245819580749
survset:UnempDur,CoxPH,1,42,2367,1.7320507764816284,0,1.0,0.905325156029268,0.094674843970732,1.7320507764816284,0.7593741954941433,0.2406258045058567,2.4494898319244385,0.6314393620888824,0.3685606379111176
survset:UnempDur,CoxPH,1,42,1272,1.0,1,1.0,0.7908918800450216,0.20910811995497836,1.7320507764816284,0.5224408003096415,0.47755919969035854,2.4494898319244385,0.33810541982909553,0.6618945801709044
survset:UnempDur,CoxPH,1,42,2947,2.0,0,1.0,0.9263257447739066,0.07367425522609339,1.7320507764816284,0.8091293799508534,0.19087062004914657,2.4494898319244385,0.7020487022963078,0.2979512977036922
survset:UnempDur,CoxPH,1,42,926,1.7320507764816284,1,1.0,0.924517844656053,0.07548215534394698,1.7320507764816284,0.8047665319876877,0.19523346801231234,2.4494898319244385,0.6957374687996286,0.3042625312003714
survset:UnempDur,CoxPH,1,42,206,2.4494898319244385,0,1.0,0.9468027873775964,0.05319721262240362,1.7320507764816284,0.8596026964899542,0.14039730351004576,2.4494898319244385,0.7767137789276019,0.22328622107239815
survset:UnempDur,CoxPH,1,42,3018,2.2360680103302,0,1.0,0.9067959827646113,0.09320401723538874,1.7320507764816284,0.7627934142995987,0.23720658570040132,2.4494898319244385,0.636195320709539,0.363804679290461
survset:UnempDur,CoxPH,1,42,1943,3.7416574954986572,0,1.0,0.9246498130259573,0.07535018697404272,1.7320507764816284,0.8050844901727298,0.19491550982727024,2.4494898319244385,0.6961966497221713,0.3038033502778287
survset:UnempDur,CoxPH,1,42,3178,1.0,1,1.0,0.7567922409249246,0.2432077590750754,1.7320507764816284,0.4624507835842717,0.5375492164157283,2.4494898319244385,0.27578872262829995,0.7242112773717
survset:UnempDur,CoxPH,1,42,669,1.4142135381698608,1,1.0,0.8128047603492814,0.1871952396507186,1.7320507764816284,0.5634885783188729,0.4365114216811271,2.4494898319244385,0.3836334582319366,0.6163665417680634
survset:UnempDur,CoxPH,1,42,938,1.7320507764816284,1,1.0,0.9126534626584618,0.08734653734153819,1.7320507764816284,0.7765077629839241,0.2234922370160759,2.4494898319244385,0.6554148757606728,0.3445851242393272
survset:UnempDur,CoxPH,1,42,579,2.2360680103302,1,1.0,0.931246083727644,0.06875391627235605,1.7320507764816284,0.8210796217295968,0.1789203782704032,2.4494898319244385,0.7194526433033362,0.28054735669666375
survset:UnempDur,CoxPH,1,42,1241,1.7320507764816284,1,1.0,0.9497973032151711,0.050202696784828915,1.7320507764816284,0.8671478627278448,0.13285213727215517,2.4494898319244385,0.7881343362046791,0.2118656637953209
survset:UnempDur,CoxPH,1,42,2848,1.4142135381698608,0,1.0,0.9115071794918141,0.08849282050818585,1.7320507764816284,0.7738116356626994,0.2261883643373006,2.4494898319244385,0.651618353889259,0.34838164611074096
survset:UnempDur,CoxPH,1,42,3174,1.7320507764816284,0,1.0,0.9065452535707864,0.09345474642921359,1.7320507764816284,0.7622098524591475,0.23779014754085248,2.4494898319244385,0.6353826026747448,0.3646173973252552
survset:UnempDur,CoxPH,1,42,480,2.2360680103302,1,1.0,0.7458778120372999,0.25412218796270014,1.7320507764816284,0.44422734066707714,0.5557726593329229,2.4494898319244385,0.257877581196877,0.742122418803123
survset:UnempDur,CoxPH,1,42,3185,2.0,1,1.0,0.7454076261143039,0.2545923738856961,1.7320507764816284,0.44345277898869256,0.5565472210113074,2.4494898319244385,0.2571270110934359,0.7428729889065642
survset:UnempDur,CoxPH,1,42,1650,1.4142135381698608,1,1.0,0.9176188409347755,0.08238115906522447,1.7320507764816284,0.7882559013521657,0.21174409864783428,2.4494898319244385,0.6720610017856379,0.3279389982143621
survset:UnempDur,CoxPH,1,42,2460,3.0,1,1.0,0.9063330208354364,0.09366697916456357,1.7320507764816284,0.7617161124215545,0.23828388757844554,2.4494898319244385,0.6346953037637771,0.36530469623622286
survset:UnempDur,CoxPH,1,42,1704,1.4142135381698608,1,1.0,0.9317256494848637,0.0682743505151363,1.7320507764816284,0.8222503534250973,0.17774964657490266,2.4494898319244385,0.7211668476758345,0.2788331523241655
survset:UnempDur,CoxPH,1,42,706,2.0,1,1.0,0.9074810495856389,0.09251895041436109,1.7320507764816284,0.7643893337465513,0.23561066625344873,2.4494898319244385,0.6384200628172979,0.3615799371827021
survset:UnempDur,CoxPH,1,42,2012,2.0,0,1.0,0.9284390407184638,0.07156095928153616,1.7320507764816284,0.8142483261731742,0.18575167382682578,2.4494898319244385,0.7094828269903513,0.29051717300964874
survset:UnempDur,CoxPH,1,42,3122,2.2360680103302,0,1.0,0.7873462047618047,0.21265379523819528,1.7320507764816284,0.515984442733176,0.484015557266824,2.4494898319244385,0.3311555183947939,0.6688444816052062
survset:UnempDur,CoxPH,1,42,116,2.0,1,1.0,0.7806335184040326,0.2193664815959674,1.7320507764816284,0.5039012828421467,0.49609871715785325,2.4494898319244385,0.31830483766461226,0.6816951623353877
survset:UnempDur,CoxPH,1,42,1988,1.7320507764816284,1,1.0,0.8137402813602904,0.18625971863970958,1.7320507764816284,0.5652853167327999,0.4347146832672001,2.4494898319244385,0.3856787756785753,0.6143212243214247
survset:UnempDur,CoxPH,1,42,1025,3.7416574954986572,0,1.0,0.9154613825167911,0.0845386174832089,1.7320507764816284,0.7831374885164682,0.21686251148353175,2.4494898319244385,0.6647880475111984,0.33521195248880165
survset:UnempDur,CoxPH,1,42,2398,4.582575798034668,0,1.0,0.7644916865845258,0.23550831341547418,1.7320507764816284,0.475589003016943,0.524410996983057,2.4494898319244385,0.28899957884399585,0.7110004211560041
survset:UnempDur,CoxPH,1,42,1738,3.0,0,1.0,0.9117930874823467,0.08820691251765334,1.7320507764816284,0.7744835479759504,0.22551645202404957,2.4494898319244385,0.6525636717059355,0.34743632829406446
survset:UnempDur,CoxPH,1,42,2990,3.0,0,1.0,0.9379468008096447,0.062053199190355346,1.7320507764816284,0.8375343554323244,0.16246564456767565,2.4494898319244385,0.7436958058694306,0.2563041941305694
survset:UnempDur,CoxPH,1,42,2216,3.464101552963257,1,1.0,0.7588050159617297,0.24119498403827033,1.7320507764816284,0.46586267449222085,0.5341373255077791,2.4494898319244385,0.27919561616603994,0.7208043838339601
survset:UnempDur,CoxPH,1,42,1571,1.0,1,1.0,0.7785081583198816,0.22149184168011837,1.7320507764816284,0.500113578668348,0.49988642133165195,2.4494898319244385,0.3143186441665919,0.6856813558334081
survset:UnempDur,CoxPH,1,42,1414,1.7320507764816284,1,1.0,0.7901280349271944,0.2098719650728056,1.7320507764816284,0.5210455719779566,0.47895442802204335,2.4494898319244385,0.33659863165078985,0.6634013683492102
survset:UnempDur,CoxPH,1,42,2803,1.0,1,1.0,0.8561603310060346,0.14383966899396539,1.7320507764816284,0.6506461984929635,0.34935380150703654,2.4494898319244385,0.48779772462798765,0.5122022753720124
survset:UnempDur,CoxPH,1,42,622,2.6457512378692627,1,1.0,0.7622174464298495,0.23778255357015055,1.7320507764816284,0.47168379913925296,0.528316200860747,2.4494898319244385,0.2850468944590091,0.7149531055409909
survset:UnempDur,CoxPH,1,42,274,5.196152210235596,0,1.0,0.8262407610938787,0.17375923890612133,1.7320507764816284,0.5896453870877126,0.41035461291228736,2.4494898319244385,0.41383767039328295,0.5861623296067171
survset:UnempDur,CoxPH,1,42,337,2.6457512378692627,0,1.0,0.9115142393788469,0.0884857606211531,1.7320507764816284,0.7738282226170679,0.22617177738293215,2.4494898319244385,0.6516416835630747,0.3483583164369253
survset:UnempDur,CoxPH,1,42,3085,1.0,1,1.0,0.8117478578505375,0.1882521421494625,1.7320507764816284,0.5614631103973415,0.43853688960265846,2.4494898319244385,0.3813330024160729,0.6186669975839272
survset:UnempDur,CoxPH,1,42,2000,2.4494898319244385,0,1.0,0.7753918252813015,0.22460817471869854,1.7320507764816284,0.49459277149967423,0.5054072285003257,2.4494898319244385,0.30854469019308384,0.6914553098069162
survset:UnempDur,CoxPH,1,42,1754,1.7320507764816284,0,1.0,0.9271734085336271,0.07282659146637294,1.7320507764816284,0.8111801632668273,0.1888198367331727,2.4494898319244385,0.7050232334115645,0.2949767665884355
survset:UnempDur,CoxPH,1,42,49,2.0,1,1.0,0.8971311462804421,0.1028688537195579,1.7320507764816284,0.7405047652962292,0.2594952347037708,2.4494898319244385,0.6054513101332119,0.39454868986678815
survset:UnempDur,CoxPH,1,42,2957,2.4494898319244385,0,1.0,0.8077494021667485,0.1922505978332515,1.7320507764816284,0.5538424811043979,0.44615751889560207,2.4494898319244385,0.37272758488646107,0.6272724151135389
survset:UnempDur,CoxPH,1,42,2247,1.0,1,1.0,0.7792194053252864,0.22078059467471356,1.7320507764816284,0.5013790936311486,0.49862090636885137,2.4494898319244385,0.31564823390696334,0.6843517660930367
survset:UnempDur,CoxPH,1,42,2754,1.0,1,1.0,0.7264400702329524,0.27355992976704757,1.7320507764816284,0.4129216479599211,0.5870783520400789,2.4494898319244385,0.22824637302840733,0.7717536269715927
survset:UnempDur,CoxPH,1,42,2224,2.0,1,1.0,0.8984578607687881,0.10154213923121191,1.7320507764816284,0.743539408238367,0.25646059176163305,2.4494898319244385,0.6096011904867981,0.39039880951320194
survset:UnempDur,CoxPH,1,42,2587,1.7320507764816284,0,1.0,0.7933604827108144,0.20663951728918561,1.7320507764816284,0.5269662237230355,0.4730337762769645,2.4494898319244385,0.3430112531715976,0.6569887468284024
survset:UnempDur,CoxPH,1,42,387,3.0,0,1.0,0.7143990966727463,0.28560090332725374,1.7320507764816284,0.3942561849006611,0.6057438150993388,2.4494898319244385,0.21127594520591936,0.7887240547940806
survset:UnempDur,CoxPH,1,42,1031,1.4142135381698608,0,1.0,0.7913121582881415,0.2086878417118585,1.7320507764816284,0.5232094909222343,0.47679050907776566,2.4494898319244385,0.33893672699497207,0.6610632730050279
survset:UnempDur,CoxPH,1,42,1521,2.0,1,1.0,0.7624761861038917,0.23752381389610833,1.7320507764816284,0.4721270566915258,0.5278729433084741,2.4494898319244385,0.28549444189970125,0.7145055581002988
survset:UnempDur,CoxPH,1,42,1622,2.0,1,1.0,0.9276049264118337,0.07239507358816633,1.7320507764816284,0.8122254237371885,0.18777457626281147,2.4494898319244385,0.706541258511526,0.29345874148847395
survset:UnempDur,CoxPH,1,42,2071,2.6457512378692627,0,1.0,0.7769749143825422,0.22302508561745782,1.7320507764816284,0.4973924359742508,0.5026075640257492,2.4494898319244385,0.31146735965213035,0.6885326403478697
survset:UnempDur,CoxPH,1,42,2053,2.0,1,1.0,0.8038409733975937,0.19615902660240625,1.7320507764816284,0.5464575954912072,0.4535424045087928,2.4494898319244385,0.3644637425946357,0.6355362574053642
survset:UnempDur,CoxPH,1,42,1511,1.4142135381698608,1,1.0,0.7860712403757046,0.21392875962429536,1.7320507764816284,0.513675368023181,0.48632463197681897,2.4494898319244385,0.3286840099811377,0.6713159900188623
survset:UnempDur,CoxPH,1,42,2403,1.7320507764816284,0,1.0,0.925496679003569,0.07450332099643098,1.7320507764816284,0.8071267974637246,0.19287320253627538,2.4494898319244385,0.6991489555781245,0.3008510444218755
survset:UnempDur,CoxPH,1,42,2156,2.6457512378692627,0,1.0,0.8984031846867473,0.10159681531325271,1.7320507764816284,0.7434141889962061,0.25658581100379385,2.4494898319244385,0.6094297279603212,0.39057027203967876
survset:UnempDur,CoxPH,1,42,721,1.0,1,1.0,0.7951506973946016,0.20484930260539835,1.7320507764816284,0.5302636401741162,0.4697363598258838,2.4494898319244385,0.3466036918781396,0.6533963081218603
survset:UnempDur,CoxPH,1,42,2998,1.4142135381698608,0,1.0,0.9000776576638979,0.09992234233610209,1.7320507764816284,0.7472551825914029,0.2527448174085971,2.4494898319244385,0.6146979990469081,0.38530200095309186
survset:UnempDur,CoxPH,1,42,2179,2.6457512378692627,1,1.0,0.9039747252160177,0.09602527478398226,1.7320507764816284,0.756243493889948,0.24375650611005195,2.4494898319244385,0.6270972841434943,0.3729027158565057
survset:UnempDur,CoxPH,1,42,2103,2.6457512378692627,1,1.0,0.9319143814423784,0.06808561855762163,1.7320507764816284,0.8227113842543988,0.17728861574560117,2.4494898319244385,0.7218423457098492,0.2781576542901508
survset:UnempDur,CoxPH,1,42,295,2.2360680103302,1,1.0,0.9121483490420255,0.08785165095797454,1.7320507764816284,0.7753189671068866,0.22468103289311336,2.4494898319244385,0.6537397951409152,0.3462602048590848
survset:UnempDur,CoxPH,1,42,246,2.2360680103302,1,1.0,0.9419677395533963,0.0580322604466037,1.7320507764816284,0.8475087540212392,0.15249124597876085,2.4494898319244385,0.7585479058502035,0.24145209414979651
survset:UnempDur,CoxPH,1,42,468,1.0,1,1.0,0.7585453432712268,0.2414546567287732,1.7320507764816284,0.4654215985101244,0.5345784014898756,2.4494898319244385,0.2787542418082379,0.7212457581917622
survset:UnempDur,CoxPH,1,42,2611,1.7320507764816284,0,1.0,0.9252703586136863,0.07472964138631366,1.7320507764816284,0.8065806782122924,0.1934193217877076,2.4494898319244385,0.6983590088914664,0.3016409911085336
survset:UnempDur,CoxPH,1,42,531,3.464101552963257,0,1.0,0.9302194166794151,0.0697805833205849,1.7320507764816284,0.8185768688250985,0.1814231311749015,2.4494898319244385,0.7157935646028185,0.2842064353971815
survset:UnempDur,CoxPH,1,42,3046,1.7320507764816284,1,1.0,0.8975511924964571,0.1024488075035429,1.7320507764816284,0.7414646950477067,0.25853530495229327,2.4494898319244385,0.6067627858806165,0.3932372141193835
survset:UnempDur,CoxPH,1,42,2319,1.0,1,1.0,0.789023813229429,0.21097618677057095,1.7320507764816284,0.5190328269968063,0.4809671730031937,2.4494898319244385,0.3344297122434019,0.6655702877565981
survset:UnempDur,CoxPH,1,42,3038,2.8284270763397217,1,1.0,0.9037772289403493,0.09622277105965071,1.7320507764816284,0.7557863307784192,0.24421366922158083,2.4494898319244385,0.6264642351899695,0.3735357648100305
survset:UnempDur,CoxPH,1,42,791,2.6457512378692627,0,1.0,0.9218099037582733,0.07819009624172668,1.7320507764816284,0.798259847570267,0.20174015242973298,2.4494898319244385,0.6863675314234006,0.31363246857659943
survset:UnempDur,CoxPH,1,42,2996,3.0,1,1.0,0.7478825378931011,0.2521174621068989,1.7320507764816284,0.44753952442070916,0.5524604755792908,2.4494898319244385,0.26109706692802037,0.7389029330719796
survset:UnempDur,CoxPH,1,42,1298,2.0,0,1.0,0.8992028265352958,0.10079717346470418,1.7320507764816284,0.7452468722180544,0.2547531277819456,2.4494898319244385,0.6119411493419673,0.3880588506580327
survset:UnempDur,CoxPH,1,42,781,2.6457512378692627,1,1.0,0.89207174104404,0.10792825895596003,1.7320507764816284,0.7290048310552254,0.2709951689447746,2.4494898319244385,0.589828559043508,0.41017144095649205
survset:UnempDur,CoxPH,1,42,2820,1.7320507764816284,0,1.0,0.9168867044007779,0.08311329559922209,1.7320507764816284,0.786516573406026,0.213483426593974,2.4494898319244385,0.6695859605447045,0.33041403945529546
survset:UnempDur,CoxPH,1,42,1306,2.4494898319244385,0,1.0,0.8933450565913769,0.10665494340862314,1.7320507764816284,0.731888232590958,0.26811176740904197,2.4494898319244385,0.5937302816270905,0.4062697183729095
survset:UnempDur,CoxPH,1,42,1913,3.872983455657959,1,1.0,0.9223847531551764,0.07761524684482357,1.7320507764816284,0.7996382850700628,0.20036171492993715,2.4494898319244385,0.6883482901267679,0.3116517098732321
survset:UnempDur,CoxPH,1,42,2084,1.0,1,1.0,0.9302969771760395,0.06970302282396046,1.7320507764816284,0.8187657711980975,0.18123422880190254,2.4494898319244385,0.7160694826857505,0.28393051731424945
survset:UnempDur,CoxPH,1,42,284,2.0,0,1.0,0.9122741884408184,0.08772581155918158,1.7320507764816284,0.7756150240694797,0.22438497593052031,2.4494898319244385,0.6541567952874011,0.3458432047125989
survset:UnempDur,CoxPH,1,42,2496,1.7320507764816284,1,1.0,0.8886181209135146,0.11138187908648545,1.7320507764816284,0.7212207209421451,0.27877927905785493,2.4494898319244385,0.5793469846647248,0.4206530153352752
survset:UnempDur,CoxPH,1,42,1418,1.0,1,1.0,0.9329704899599982,0.0670295100400018,1.7320507764816284,0.8252942728317467,0.17470572716825328,2.4494898319244385,0.7256314616606577,0.27436853833934227
survset:UnempDur,CoxPH,1,42,2154,2.2360680103302,1,1.0,0.9058190126938337,0.09418098730616631,1.7320507764816284,0.7605211660736977,0.23947883392630231,2.4494898319244385,0.633033143202066,0.36696685679793395
survset:UnempDur,CoxPH,1,42,1699,1.4142135381698608,0,1.0,0.8249858131787018,0.1750141868212982,1.7320507764816284,0.5871701452887639,0.4128298547112361,2.4494898319244385,0.41094015392932814,0.5890598460706719
survset:UnempDur,CoxPH,1,42,1908,2.8284270763397217,1,1.0,0.9160237034474868,0.08397629655251315,1.7320507764816284,0.784469502323405,0.21553049767659505,2.4494898319244385,0.6666777010767501,0.33332229892324994
survset:UnempDur,CoxPH,1,42,214,3.316624879837036,0,1.0,0.916657868634458,0.08334213136554203,1.7320507764816284,0.7859734342977807,0.21402656570221934,2.4494898319244385,0.6688138315617926,0.33118616843820736
survset:UnempDur,CoxPH,1,42,2439,3.7416574954986572,1,1.0,0.8997652313954188,0.10023476860458125,1.7320507764816284,0.7465375634315203,0.25346243656847967,2.4494898319244385,0.613712337245276,0.38628766275472404
survset:UnempDur,CoxPH,1,42,1312,3.316624879837036,1,1.0,0.8985418989124104,0.10145810108758957,1.7320507764816284,0.7437318987788445,0.2562681012211555,2.4494898319244385,0.6098648052493968,0.3901351947506032
survset:UnempDur,CoxPH,1,42,335,2.6457512378692627,0,1.0,0.7749463724004519,0.22505362759954806,1.7320507764816284,0.493806814903475,0.506193185096525,2.4494898319244385,0.30772619084744507,0.6922738091525549
survset:UnempDur,CoxPH,1,42,1329,1.0,1,1.0,0.7824248846828349,0.2175751153171651,1.7320507764816284,0.5071079494369669,0.4928920505630331,2.4494898319244385,0.32169528483257614,0.6783047151674239
survset:UnempDur,CoxPH,1,42,2993,1.0,1,1.0,0.7760361756980739,0.22396382430192607,1.7320507764816284,0.4957310756575161,0.5042689243424838,2.4494898319244385,0.30973167245956856,0.6902683275404314
survset:UnempDur,CoxPH,1,42,931,1.0,1,1.0,0.8032393350889551,0.19676066491104494,1.7320507764816284,0.5453264322944924,0.4546735677055076,2.4494898319244385,0.3632045199357933,0.6367954800642067
survset:UnempDur,CoxPH,1,42,311,1.0,1,1.0,0.7520787468250988,0.2479212531749012,1.7320507764816284,0.45452340992690504,0.5454765900730949,2.4494898319244385,0.26793791552030743,0.7320620844796926
survset:UnempDur,CoxPH,1,42,3009,4.582575798034668,1,1.0,0.9215028509774394,0.07849714902256055,1.7320507764816284,0.7975241846643205,0.2024758153356795,2.4494898319244385,0.6853113513116144,0.31468864868838564
survset:UnempDur,CoxPH,1,42,94,1.4142135381698608,1,1.0,0.774349669502745,0.22565033049725503,1.7320507764816284,0.4927552435059311,0.507244756494069,2.4494898319244385,0.3066324438533409,0.6933675561466591
survset:UnempDur,CoxPH,1,42,2258,2.0,1,1.0,0.7695557257678921,0.2304442742321079,1.7320507764816284,0.4843587309650772,0.5156412690349228,2.4494898319244385,0.29795533996624,0.70204466003376
survset:UnempDur,CoxPH,1,42,1005,2.0,1,1.0,0.9002121854916203,0.0997878145083797,1.7320507764816284,0.747564318326434,0.252435681673566,2.4494898319244385,0.6151227976914813,0.38487720230851874
survset:UnempDur,CoxPH,1,42,1404,1.7320507764816284,1,1.0,0.8100184187220933,0.18998158127790665,1.7320507764816284,0.5581588209823312,0.44184117901766884,2.4494898319244385,0.3775920330684946,0.6224079669315055
survset:UnempDur,CoxPH,1,42,2505,1.4142135381698608,0,1.0,0.7800219414783911,0.2199780585216089,1.7320507764816284,0.5028094921499748,0.49719050785002517,2.4494898319244385,0.31715376570572656,0.6828462342942734
survset:UnempDur,CoxPH,1,42,558,2.6457512378692627,1,1.0,0.9305825055067174,0.0694174944932826,1.7320507764816284,0.819461429274816,0.18053857072518398,2.4494898319244385,0.7170859555589378,0.28291404444106216
survset:UnempDur,CoxPH,1,42,3172,2.0,0,1.0,0.9041726897995821,0.0958273102004179,1.7320507764816284,0.7567019182382084,0.24329808176179157,2.4494898319244385,0.6277323371848744,0.3722676628151256
survset:UnempDur,CoxPH,1,42,2943,3.0,0,1.0,0.9037309336521356,0.09626906634786436,1.7320507764816284,0.7556791922855572,0.24432080771444276,2.4494898319244385,0.6263159140707472,0.37368408592925284
survset:UnempDur,CoxPH,1,42,1058,3.605551242828369,0,1.0,0.9152060612738079,0.08479393872619212,1.7320507764816284,0.7825331661780529,0.2174668338219471,2.4494898319244385,0.6639314390763176,0.3360685609236824
survset:UnempDur,CoxPH,1,42,1986,3.0,1,1.0,0.9058543564923256,0.0941456435076744,1.7320507764816284,0.7606032936175358,0.23939670638246424,2.4494898319244385,0.6331473259627031,0.36685267403729693
survset:UnempDur,CoxPH,1,42,2618,1.7320507764816284,1,1.0,0.9257911831558286,0.07420881684417135,1.7320507764816284,0.8078378001045984,0.19216219989540162,2.4494898319244385,0.70017793853795,0.29982206146205004
survset:UnempDur,CoxPH,1,42,2209,3.316624879837036,0,1.0,0.9355233914766421,0.0644766085233579,1.7320507764816284,0.8315591916129792,0.1684408083870208,2.4494898319244385,0.7348551808880567,0.2651448191119433
survset:UnempDur,CoxPH,1,42,39,2.2360680103302,1,1.0,0.9172025129231834,0.08279748707681656,1.7320507764816284,0.7872665349635326,0.2127334650364674,2.4494898319244385,0.6706526967828552,0.3293473032171448
survset:UnempDur,CoxPH,1,42,1100,2.0,0,1.0,0.9085522150676304,0.0914477849323696,1.7320507764816284,0.7668889729520062,0.2331110270479938,2.4494898319244385,0.6419108678168196,0.3580891321831804
survset:UnempDur,CoxPH,1,42,1977,3.464101552963257,1,1.0,0.9282121897269396,0.07178781027306036,1.7320507764816284,0.8136978466837976,0.18630215331620237,2.4494898319244385,0.7086818711246323,0.2913181288753677
survset:UnempDur,CoxPH,1,42,3035,2.0,0,1.0,0.91828251830267,0.08171748169732995,1.7320507764816284,0.7898347126977676,0.21016528730223238,2.4494898319244385,0.6743108016945614,0.32568919830543863
survset:UnempDur,CoxPH,1,42,1577,1.4142135381698608,0,1.0,0.9094165537502652,0.0905834462497348,1.7320507764816284,0.7689097685371071,0.23109023146289287,2.4494898319244385,0.644738537637169,0.35526146236283096
survset:UnempDur,CoxPH,1,42,1072,1.7320507764816284,0,1.0,0.9346554977795665,0.06534450222043353,1.7320507764816284,0.8294259517646208,0.17057404823537925,2.4494898319244385,0.7317092042664441,0.26829079573355585
survset:UnempDur,CoxPH,1,42,3126,1.4142135381698608,1,1.0,0.7528446859976626,0.24715531400233737,1.7320507764816284,0.4558056483780544,0.5441943516219456,2.4494898319244385,0.2692015975857587,0.7307984024142413
survset:UnempDur,CoxPH,1,42,1430,1.7320507764816284,1,1.0,0.7467025044328428,0.2532974955671572,1.7320507764816284,0.4455879850414049,0.5544120149585952,2.4494898319244385,0.25919820520647663,0.7408017947935234
survset:UnempDur,CoxPH,1,42,626,4.690415859222412,0,1.0,0.9249781505026491,0.07502184949735091,1.7320507764816284,0.8058759186512157,0.19412408134878434,2.4494898319244385,0.69734012300507,0.30265987699493
survset:UnempDur,CoxPH,1,42,2305,3.7416574954986572,0,1.0,0.9315403744143712,0.06845962558562879,1.7320507764816284,0.8217979275413281,0.17820207245867192,2.4494898319244385,0.720504204272213,0.27949579572778704
survset:UnempDur,CoxPH,1,42,1348,3.0,0,1.0,0.9102765848692959,0.08972341513070414,1.7320507764816284,0.7709238654218875,0.2290761345781125,2.4494898319244385,0.6475617946363331,0.3524382053636669
survset:UnempDur,CoxPH,1,42,494,2.6457512378692627,1,1.0,0.9002100975997716,0.09978990240022845,1.7320507764816284,0.7475595198700841,0.25244048012991593,2.4494898319244385,0.6151162029964299,0.3848837970035701
survset:UnempDur,CoxPH,1,42,3212,2.4494898319244385,1,1.0,0.805822414910114,0.19417758508988603,1.7320507764816284,0.5501935708115964,0.44980642918840363,2.4494898319244385,0.36863508515408855,0.6313649148459115
survset:UnempDur,CoxPH,1,42,1092,3.464101552963257,0,1.0,0.9241281288570291,0.07587187114297089,1.7320507764816284,0.8038280378117099,0.19617196218829014,2.4494898319244385,0.6943828467821432,0.30561715321785676
survset:UnempDur,CoxPH,1,42,1633,1.0,1,1.0,0.8061618664340944,0.19383813356590562,1.7320507764816284,0.5508352328715592,0.4491647671284408,2.4494898319244385,0.36935343837822615,0.6306465616217738
survset:UnempDur,CoxPH,1,42,128,2.2360680103302,1,1.0,0.930024359763015,0.06997564023698499,1.7320507764816284,0.8181019212211901,0.18189807877880992,2.4494898319244385,0.7151000263694898,0.28489997363051023
survset:UnempDur,CoxPH,1,42,1936,3.7416574954986572,1,1.0,0.9065927441505426,0.09340725584945742,1.7320507764816284,0.7623203629252797,0.23767963707472028,2.4494898319244385,0.6355364769843059,0.36446352301569407
survset:UnempDur,CoxPH,1,42,1999,1.4142135381698608,1,1.0,0.9025971665780543,0.09740283342194567,1.7320507764816284,0.7530584078581603,0.24694159214183975,2.4494898319244385,0.6226921252386535,0.37730787476134653
survset:UnempDur,CoxPH,1,42,723,2.0,1,1.0,0.9242612051493634,0.07573879485063661,1.7320507764816284,0.8041484268764537,0.19585157312354629,2.4494898319244385,0.6948451770922822,0.3051548229077178
survset:UnempDur,CoxPH,1,42,2673,1.4142135381698608,1,1.0,0.9271898695264144,0.07281013047358564,1.7320507764816284,0.8112200207577894,0.18877997924221057,2.4494898319244385,0.7050810941616236,0.29491890583837643
survset:UnempDur,CoxPH,1,42,2192,1.0,1,1.0,0.7951163055363086,0.20488369446369137,1.7320507764816284,0.5302001696317035,0.46979983036829653,2.4494898319244385,0.3465344008559225,0.6534655991440774
survset:UnempDur,CoxPH,1,42,1872,4.582575798034668,0,1.0,0.9156630513470738,0.08433694865292618,1.7320507764816284,0.7836150310672598,0.21638496893274017,2.4494898319244385,0.6654652629368388,0.33453473706316117
survset:UnempDur,CoxPH,1,42,3100,1.0,1,1.0,0.8076898682300778,0.19231013176992218,1.7320507764816284,0.553729517980326,0.446270482019674,2.4494898319244385,0.37260061722421195,0.627399382775788
survset:UnempDur,CoxPH,1,42,635,1.0,1,1.0,0.8225961614778398,0.17740383852216024,1.7320507764816284,0.5824752003200042,0.4175247996799958,2.4494898319244385,0.4054667231061149,0.5945332768938851
survset:UnempDur,CoxPH,1,42,671,1.0,1,1.0,0.8255342048561136,0.17446579514388638,1.7320507764816284,0.5882509673560029,0.4117490326439971,2.4494898319244385,0.4122043587115312,0.5877956412884688
survset:UnempDur,CoxPH,1,42,1363,1.0,1,1.0,0.8114774732897515,0.1885225267102485,1.7320507764816284,0.5609456884132752,0.4390543115867248,2.4494898319244385,0.38074622319442086,0.6192537768055791
survset:UnempDur,CoxPH,1,42,2392,1.4142135381698608,1,1.0,0.7487078106538754,0.25129218934612463,1.7320507764816284,0.4489075988283223,0.5510924011716777,2.4494898319244385,0.262431527322942,0.7375684726770579
survset:UnempDur,CoxPH,1,42,328,1.0,1,1.0,0.7767913719412534,0.22320862805874664,1.7320507764816284,0.49706732713641677,0.5029326728635832,2.4494898319244385,0.3111273996390076,0.6888726003609924
survset:UnempDur,CoxPH,1,42,595,3.1622776985168457,0,1.0,0.9195892783900942,0.08041072160990581,1.7320507764816284,0.7929492430180168,0.20705075698198316,2.4494898319244385,0.6787578371635803,0.3212421628364197
survset:UnempDur,CoxPH,1,42,44,2.0,0,1.0,0.9062295466088868,0.09377045339111323,1.7320507764816284,0.7614754631944759,0.2385245368055241,2.4494898319244385,0.6343604220195295,0.36563957798047053
survset:UnempDur,CoxPH,1,42,2134,4.4721360206604,0,1.0,0.8906964129464665,0.10930358705353349,1.7320507764816284,0.7258985853815546,0.2741014146184454,2.4494898319244385,0.5856368497606896,0.41436315023931036
survset:UnempDur,CoxPH,1,42,2058,1.4142135381698608,1,1.0,0.9445824183490106,0.05541758165098942,1.7320507764816284,0.8540352803256664,0.14596471967433355,2.4494898319244385,0.7683297371562456,0.23167026284375436
survset:UnempDur,CoxPH,1,42,1002,2.2360680103302,0,1.0,0.922232244623282,0.07776775537671798,1.7320507764816284,0.7992724351999968,0.2007275648000032,2.4494898319244385,0.6878223554436225,0.31217764455637753
survset:UnempDur,CoxPH,1,42,2612,1.7320507764816284,0,1.0,0.9427605744084324,0.05723942559156758,1.7320507764816284,0.849484379677122,0.15051562032287802,2.4494898319244385,0.7615036264414613,0.2384963735585387
survset:UnempDur,CoxPH,1,42,2172,2.2360680103302,0,1.0,0.9122557601746988,0.08774423982530122,1.7320507764816284,0.775571664165581,0.224428335834419,2.4494898319244385,0.6540957156200533,0.3459042843799467
survset:UnempDur,CoxPH,1,42,1826,4.358899116516113,0,1.0,0.930778176139729,0.06922182386027098,1.7320507764816284,0.8199383769608387,0.1800616230391613,2.4494898319244385,0.7177831902481981,0.28221680975180186
survset:UnempDur,CoxPH,1,42,2941,1.0,1,1.0,0.764149233172262,0.23585076682773798,1.7320507764816284,0.47499964478308565,0.5250003552169143,2.4494898319244385,0.2884016559464556,0.7115983440535444
survset:UnempDur,CoxPH,1,42,306,3.0,1,1.0,0.7675775828763287,0.2324224171236713,1.7320507764816284,0.48092086911268944,0.5190791308873106,2.4494898319244385,0.2944314832538407,0.7055685167461593
survset:UnempDur,CoxPH,1,42,350,4.4721360206604,0,1.0,0.9000222312848681,0.09997776871513187,1.7320507764816284,0.7471278403207382,0.2528721596792618,2.4494898319244385,0.6145230460065085,0.38547695399349147
survset:UnempDur,CoxPH,1,42,57,2.0,1,1.0,0.7486369345638244,0.2513630654361756,1.7320507764816284,0.44879000114300754,0.5512099988569925,2.4494898319244385,0.26231671181816346,0.7376832881818365
survset:UnempDur,CoxPH,1,42,2933,1.0,1,1.0,0.7741709439374191,0.22582905606258086,1.7320507764816284,0.4924405534719758,0.5075594465280242,2.4494898319244385,0.30630543634912694,0.6936945636508731
survset:UnempDur,CoxPH,1,42,3023,1.0,1,1.0,0.7446499965942577,0.2553500034057423,1.7320507764816284,0.4422065122008305,0.5577934877991695,2.4494898319244385,0.2559211901039872,0.7440788098960128
survset:UnempDur,CoxPH,1,42,1349,2.6457512378692627,1,1.0,0.7969890997031671,0.20301090029683289,1.7320507764816284,0.5336634977416468,0.4663365022583532,2.4494898319244385,0.3503234475295025,0.6496765524704975
survset:UnempDur,CoxPH,1,42,1060,2.0,1,1.0,0.9152024031516709,0.0847975968483291,1.7320507764816284,0.782524509898045,0.217475490101955,2.4494898319244385,0.663919172284023,0.336080827715977
survset:UnempDur,CoxPH,1,42,410,3.605551242828369,0,1.0,0.9194261796138632,0.08057382038613681,1.7320507764816284,0.7925600859882108,0.20743991401178918,2.4494898319244385,0.6782015439587523,0.3217984560412477
survset:UnempDur,CoxPH,1,42,2939,2.2360680103302,0,1.0,0.9170696708490474,0.08293032915095255,1.7320507764816284,0.7869510146131734,0.2130489853868266,2.4494898319244385,0.6702038214217415,0.3297961785782585
survset:UnempDur,CoxPH,1,42,2722,1.4142135381698608,0,1.0,0.7843909017445371,0.21560909825546293,1.7320507764816284,0.5106422198292123,0.4893577801707877,2.4494898319244385,0.32544879235101953,0.6745512076489805
survset:UnempDur,CoxPH,1,42,2539,2.8284270763397217,0,1.0,0.9211042437077003,0.07889575629229972,1.7320507764816284,0.7965698139133,0.20343018608670005,2.4494898319244385,0.6839421484270549,0.3160578515729451
survset:UnempDur,CoxPH,1,42,2368,4.123105525970459,0,1.0,0.9337019341752784,0.06629806582472164,1.7320507764816284,0.827086172792029,0.172913827207971,2.4494898319244385,0.7282648668840918,0.27173513311590825
survset:UnempDur,CoxPH,1,42,1297,3.605551242828369,0,1.0,0.9259829280276086,0.07401707197239138,1.7320507764816284,0.8083009324794846,0.19169906752051535,2.4494898319244385,0.7008485232738593,0.29915147672614073
survset:UnempDur,CoxPH,1,42,2710,1.7320507764816284,1,1.0,0.9476401385447402,0.05235986145525984,1.7320507764816284,0.8617082972156799,0.13829170278432013,2.4494898319244385,0.7798941395772389,0.22010586042276115
survset:UnempDur,CoxPH,1,42,1630,2.6457512378692627,0,1.0,0.754170425129968,0.24582957487003199,1.7320507764816284,0.4580304885298033,0.5419695114701967,2.4494898319244385,0.27139989797812175,0.7286001020218782
survset:UnempDur,CoxPH,1,42,1888,3.316624879837036,0,1.0,0.9008018817896017,0.09919811821039826,1.7320507764816284,0.7489203637332129,0.2510796362667871,2.4494898319244385,0.6169875974732218,0.38301240252677815
survset:UnempDur,CoxPH,1,42,2867,2.4494898319244385,0,1.0,0.7570343039094233,0.24296569609057672,1.7320507764816284,0.46286026175283035,0.5371397382471697,2.4494898319244385,0.2761967144142706,0.7238032855857294
survset:UnempDur,CoxPH,1,42,1923,1.4142135381698608,1,1.0,0.7982109627984604,0.20178903720153962,1.7320507764816284,0.5359308379079892,0.46406916209201077,2.4494898319244385,0.3528129746539336,0.6471870253460664
survset:UnempDur,CoxPH,1,42,3193,3.0,1,1.0,0.8983781965502816,0.10162180344971838,1.7320507764816284,0.7433569656144373,0.2566430343855627,2.4494898319244385,0.6093513785105729,0.39064862148942714
survset:UnempDur,CoxPH,1,42,2335,1.0,1,1.0,0.7793244326550777,0.22067556734492233,1.7320507764816284,0.5015661408605648,0.49843385913943516,2.4494898319244385,0.3158449426024605,0.6841550573975395
survset:UnempDur,CoxPH,1,42,1741,2.0,1,1.0,0.9001522594979611,0.09984774050203893,1.7320507764816284,0.7474266024108768,0.2525733975891232,2.4494898319244385,0.6149335409213132,0.38506645907868675
survset:UnempDur,CoxPH,1,42,1968,1.4142135381698608,1,1.0,0.803178850970597,0.19682114902940295,1.7320507764816284,0.5452127965930784,0.4547872034069216,2.4494898319244385,0.3630781161715378,0.6369218838284623
survset:UnempDur,CoxPH,1,42,2116,3.7416574954986572,1,1.0,0.9149513624571292,0.08504863754287084,1.7320507764816284,0.7819306138941607,0.21806938610583926,2.4494898319244385,0.663077780966708,0.336922219033292
survset:UnempDur,CoxPH,1,42,1697,1.4142135381698608,0,1.0,0.7463666614562071,0.2536333385437929,1.7320507764816284,0.44503356329471355,0.5549664367052864,2.4494898319244385,0.2586597637801345,0.7413402362198656
survset:UnempDur,CoxPH,1,42,1840,2.4494898319244385,0,1.0,0.901561729839292,0.09843827016070805,1.7320507764816284,0.7506699992054071,0.2493300007945929,2.4494898319244385,0.6193969980585331,0.3806030019414669
survset:UnempDur,CoxPH,1,42,606,1.7320507764816284,1,1.0,0.8317563921908359,0.16824360780916414,1.7320507764816284,0.6006033354552464,0.39939666454475364,2.4494898319244385,0.42676295514065377,0.5732370448593462
survset:UnempDur,CoxPH,1,42,16,1.0,1,1.0,0.7875475822362198,0.2124524177637802,1.7320507764816284,0.5163497604074566,0.4836502395925434,2.4494898319244385,0.3315472151209116,0.6684527848790884
survset:UnempDur,CoxPH,1,42,1612,2.6457512378692627,1,1.0,0.9162348543568811,0.08376514564311888,1.7320507764816284,0.7849700454935735,0.21502995450642648,2.4494898319244385,0.6673883499937018,0.3326116500062982
survset:UnempDur,CoxPH,1,42,2122,1.4142135381698608,1,1.0,0.7333803472022308,0.2666196527977692,1.7320507764816284,0.42393186261562765,0.5760681373843723,2.4494898319244385,0.2385020709616266,0.7614979290383734
survset:UnempDur,CoxPH,1,42,3177,1.4142135381698608,1,1.0,0.8399601000554593,0.1600398999445407,1.7320507764816284,0.6171408860378716,0.38285911396212835,2.4494898319244385,0.44657038892655726,0.5534296110734427
survset:UnempDur,CoxPH,1,42,2325,2.6457512378692627,1,1.0,0.8201241693600122,0.1798758306399878,1.7320507764816284,0.5776437828761223,0.4223562171238777,2.4494898319244385,0.39986498014846483,0.6001350198515352
survset:UnempDur,CoxPH,1,42,3,1.7320507764816284,1,1.0,0.9005881466808398,0.09941185331916025,1.7320507764816284,0.7484286844467787,0.2515713155532213,2.4494898319244385,0.6163111906449598,0.38368880935504024
survset:UnempDur,CoxPH,1,42,2622,3.316624879837036,0,1.0,0.9440068951194274,0.05599310488057263,1.7320507764816284,0.8525959658407483,0.14740403415925174,2.4494898319244385,0.7661681986721096,0.2338318013278904
survset:UnempDur,CoxPH,1,42,2676,2.2360680103302,1,1.0,0.9210070811064016,0.07899291889359839,1.7320507764816284,0.7963372916877466,0.20366270831225342,2.4494898319244385,0.6836087232801225,0.31639127671987755
survset:UnempDur,CoxPH,1,42,1663,1.4142135381698608,1,1.0,0.9070101934607125,0.09298980653928746,1.7320507764816284,0.763292206812946,0.23670779318705404,2.4494898319244385,0.636890312156276,0.363109687843724
survset:UnempDur,CoxPH,1,42,2188,1.0,1,1.0,0.7825555963765711,0.21744440362342887,1.7320507764816284,0.507342440927395,0.492657559072605,2.4494898319244385,0.3219437808883729,0.6780562191116271
survset:UnempDur,CoxPH,1,42,8,2.2360680103302,0,1.0,0.9172484668053167,0.08275153319468331,1.7320507764816284,0.7873757013044844,0.21262429869551558,2.4494898319244385,0.6708080304744443,0.32919196952555574
survset:UnempDur,CoxPH,1,42,55,1.0,1,1.0,0.8271587365399798,0.17284126346002016,1.7320507764816284,0.5914602024814976,0.40853979751850245,2.4494898319244385,0.41596727993404015,0.5840327200659599
survset:UnempDur,CoxPH,1,42,1508,1.7320507764816284,1,1.0,0.7983358279914309,0.20166417200856912,1.7320507764816284,0.5361628888061003,0.4638371111938997,2.4494898319244385,0.3530681642173739,0.6469318357826261
survset:UnempDur,CoxPH,1,42,2578,2.2360680103302,1,1.0,0.768484434359204,0.231515565640796,1.7320507764816284,0.4824949665973151,0.5175050334026849,2.4494898319244385,0.29604286720666223,0.7039571327933378
survset:UnempDur,CoxPH,1,42,2852,3.1622776985168457,0,1.0,0.9420869899304188,0.05791301006958116,1.7320507764816284,0.8478057203949309,0.15219427960506915,2.4494898319244385,0.75899190070179,0.24100809929821
survset:UnempDur,CoxPH,1,42,2165,4.4721360206604,1,1.0,0.9143698405948021,0.08563015940519791,1.7320507764816284,0.780555992662144,0.21944400733785596,2.4494898319244385,0.6611319542383787,0.33886804576162133
survset:UnempDur,CoxPH,1,42,1539,1.4142135381698608,1,1.0,0.9104604934387033,0.08953950656129672,1.7320507764816284,0.7713549955657711,0.22864500443422886,2.4494898319244385,0.6481667736945916,0.35183322630540836
survset:UnempDur,CoxPH,1,42,1133,1.4142135381698608,1,1.0,0.8149049486653489,0.1850950513346511,1.7320507764816284,0.5675272553760525,0.43247274462394747,2.4494898319244385,0.3882370033584473,0.6117629966415528
survset:UnempDur,CoxPH,1,42,2895,2.2360680103302,1,1.0,0.9532096348310369,0.046790365168963066,1.7320507764816284,0.8757971877526401,0.12420281224735985,2.4494898319244385,0.8013083421860576,0.19869165781394238
survset:UnempDur,CoxPH,1,42,2558,1.7320507764816284,0,1.0,0.7677531703981988,0.2322468296018012,1.7320507764816284,0.4812253945311889,0.5187746054688112,2.4494898319244385,0.2947429467540988,0.7052570532459013
survset:UnempDur,CoxPH,1,42,1656,2.8284270763397217,1,1.0,0.7338611602413123,0.2661388397586877,1.7320507764816284,0.4247014986489507,0.5752985013510493,2.4494898319244385,0.23922571739731682,0.7607742826026832
survset:UnempDur,CoxPH,1,42,895,2.2360680103302,0,1.0,0.9365884590287505,0.06341154097124946,1.7320507764816284,0.8341818595172137,0.1658181404827863,2.4494898319244385,0.7387303562952364,0.2612696437047636
survset:UnempDur,CoxPH,1,42,36,1.7320507764816284,1,1.0,0.7769787813646479,0.22302121863535207,1.7320507764816284,0.49739928702232605,0.502600712977674,2.4494898319244385,0.31147452526314995,0.6885254747368501
survset:UnempDur,CoxPH,1,42,2668,2.0,0,1.0,0.905147299453063,0.09485270054693695,1.7320507764816284,0.75896139849355,0.24103860150644996,2.4494898319244385,0.6308661516848828,0.3691338483151172
survset:UnempDur,CoxPH,1,42,1273,3.605551242828369,1,1.0,0.932998470701019,0.06700152929898096,1.7320507764816284,0.8253627746990359,0.17463722530096415,2.4494898319244385,0.7257320627325033,0.27426793726749665
survset:UnempDur,CoxPH,1,42,461,2.6457512378692627,0,1.0,0.9359868126725278,0.06401318732747219,1.7320507764816284,0.8326996915931147,0.16730030840688526,2.4494898319244385,0.7365393444116938,0.2634606555883062
survset:UnempDur,CoxPH,1,42,3210,1.7320507764816284,1,1.0,0.9342916345561951,0.06570836544380487,1.7320507764816284,0.8285326348629157,0.17146736513708427,2.4494898319244385,0.7303934024143036,0.2696065975856964
survset:UnempDur,CoxPH,1,42,96,2.6457512378692627,1,1.0,0.9140635040191752,0.08593649598082476,1.7320507764816284,0.7798324849057814,0.2201675150942186,2.4494898319244385,0.6601087244335292,0.3398912755664708
survset:UnempDur,CoxPH,1,42,1121,3.605551242828369,0,1.0,0.7820526049553362,0.21794739504466376,1.7320507764816284,0.5064404740132716,0.49355952598672836,2.4494898319244385,0.3209883672846374,0.6790116327153626
survset:UnempDur,CoxPH,1,42,2099,1.7320507764816284,1,1.0,0.729005263560544,0.27099473643945604,1.7320507764816284,0.41696957937851514,0.5830304206214849,2.4494898319244385,0.23199587107082262,0.7680041289291774
survset:UnempDur,CoxPH,1,42,2385,2.8284270763397217,1,1.0,0.9141575448388284,0.08584245516117162,1.7320507764816284,0.7800545455568441,0.21994545444315594,2.4494898319244385,0.6604227088141205,0.33957729118587954
survset:UnempDur,CoxPH,1,42,918,1.4142135381698608,0,1.0,0.9298695165606794,0.0701304834393206,1.7320507764816284,0.8177250160535942,0.18227498394640584,2.4494898319244385,0.7145498457892507,0.28545015421074926
survset:UnempDur,CoxPH,1,42,1790,4.242640495300293,0,1.0,0.9355198666764298,0.06448013332357017,1.7320507764816284,0.8315505207496572,0.16844947925034282,2.4494898319244385,0.734842382647779,0.265157617352221
survset:UnempDur,CoxPH,1,42,205,1.7320507764816284,1,1.0,0.9093913681603353,0.09060863183966472,1.7320507764816284,0.7688508374049199,0.23114916259508012,2.4494898319244385,0.6446560055694425,0.35534399443055753
survset:UnempDur,CoxPH,1,42,1066,2.8284270763397217,0,1.0,0.942376296229747,0.057623703770253054,1.7320507764816284,0.8485264491473534,0.15147355085264658,2.4494898319244385,0.7600698968012245,0.2399301031987755
survset:UnempDur,CoxPH,1,42,66,1.0,1,1.0,0.7481231227304324,0.25187687726956765,1.7320507764816284,0.4479380722786391,0.552061927721361,2.4494898319244385,0.2614855405179187,0.7385144594820813
survset:UnempDur,CoxPH,1,42,868,3.605551242828369,1,1.0,0.8649762979869908,0.13502370201300917,1.7320507764816284,0.6693571167369483,0.3306428832630517,2.4494898319244385,0.5114527395522993,0.4885472604477007
survset:UnempDur,CoxPH,1,42,3057,2.6457512378692627,1,1.0,0.7704229486253118,0.2295770513746882,1.7320507764816284,0.4858708325566132,0.5141291674433868,2.4494898319244385,0.2995105885910442,0.7004894114089558
survset:UnempDur,CoxPH,1,42,611,1.0,1,1.0,0.7592100354209547,0.24078996457904533,1.7320507764816284,0.46655116699948057,0.5334488330005194,2.4494898319244385,0.2798851343901526,0.7201148656098474
survset:UnempDur,CoxPH,1,42,2243,4.582575798034668,1,1.0,0.9320447747216549,0.06795522527834508,1.7320507764816284,0.8230300028839669,0.17696999711603312,2.4494898319244385,0.7223093310186647,0.2776906689813353
survset:UnempDur,CoxPH,1,42,2017,2.8284270763397217,1,1.0,0.8015137091350751,0.19848629086492486,1.7320507764816284,0.542090315986603,0.45790968401339704,2.4494898319244385,0.3596117074749948,0.6403882925250052
survset:UnempDur,CoxPH,1,42,1609,1.0,1,1.0,0.7623180248075293,0.2376819751924707,1.7320507764816284,0.4718560724931311,0.5281439275068689,2.4494898319244385,0.28522080161722796,0.714779198382772
survset:UnempDur,CoxPH,1,42,104,2.4494898319244385,0,1.0,0.9285853367822084,0.07141466321779155,1.7320507764816284,0.8146034561728018,0.18539654382719817,2.4494898319244385,0.7099997390788048,0.29000026092119524
survset:UnempDur,CoxPH,1,42,1230,1.4142135381698608,1,1.0,0.9174632539780898,0.08253674602191019,1.7320507764816284,0.787886069954693,0.212113930045307,2.4494898319244385,0.6715344297479451,0.3284655702520549
survset:UnempDur,CoxPH,1,42,2987,3.872983455657959,1,1.0,0.9277807193537364,0.0722192806462636,1.7320507764816284,0.812651491293146,0.18734850870685404,2.4494898319244385,0.7071604095326222,0.29283959046737784
survset:UnempDur,CoxPH,1,42,478,3.872983455657959,0,1.0,0.9192109384304901,0.08078906156950993,1.7320507764816284,0.7920467028386854,0.2079532971613146,2.4494898319244385,0.6774679517012152,0.3225320482987848
survset:UnempDur,CoxPH,1,42,2865,2.2360680103302,1,1.0,0.75938226007475,0.24061773992525004,1.7320507764816284,0.4668441284563347,0.5331558715436653,2.4494898319244385,0.28017873926217496,0.719821260737825
survset:UnempDur,CoxPH,1,42,1256,3.7416574954986572,1,1.0,0.9327064546831738,0.06729354531682619,1.7320507764816284,0.8246480459553592,0.17535195404464077,2.4494898319244385,0.7246826955891623,0.2753173044108377
survset:UnempDur,CoxPH,1,42,3179,2.6457512378692627,0,1.0,0.900083357314996,0.099916642685004,1.7320507764816284,0.7472682783427156,0.2527317216572844,2.4494898319244385,0.6147159921752652,0.3852840078247348
survset:UnempDur,CoxPH,1,42,1947,2.2360680103302,0,1.0,0.8044392080233488,0.19556079197665122,1.7320507764816284,0.5475838440239875,0.4524161559760125,2.4494898319244385,0.36571923109109455,0.6342807689089054
survset:UnempDur,CoxPH,1,42,1412,2.0,0,1.0,0.9210546488057403,0.07894535119425972,1.7320507764816284,0.796451121709094,0.20354887829090595,2.4494898319244385,0.6837719416391816,0.31622805836081835
survset:UnempDur,CoxPH,1,42,340,2.8284270763397217,1,1.0,0.9075296312808385,0.09247036871916148,1.7320507764816284,0.764502589696935,0.23549741030306504,2.4494898319244385,0.6385780621835792,0.36142193781642085
survset:UnempDur,CoxPH,1,42,608,1.7320507764816284,0,1.0,0.941150175096254,0.05884982490374602,1.7320507764816284,0.8454745816444246,0.15452541835557543,2.4494898319244385,0.7555094155288401,0.2444905844711599
survset:UnempDur,CoxPH,1,42,1283,3.464101552963257,0,1.0,0.9120391477004487,0.0879608522995513,1.7320507764816284,0.7750621122876332,0.22493788771236678,2.4494898319244385,0.6533780981829446,0.34662190181705543
survset:UnempDur,CoxPH,1,42,2502,3.872983455657959,1,1.0,0.7964641960711398,0.20353580392886017,1.7320507764816284,0.5326913491643467,0.4673086508356533,2.4494898319244385,0.34925820147172293,0.6507417985282771
survset:UnempDur,CoxPH,1,42,2125,2.0,0,1.0,0.9079107574257657,0.09208924257423434,1.7320507764816284,0.7653914608772526,0.23460853912274737,2.4494898319244385,0.6398186395921317,0.3601813604078683
survset:UnempDur,CoxPH,1,42,702,2.2360680103302,0,1.0,0.9292995623966634,0.07070043760333655,1.7320507764816284,0.8163386411540025,0.18366135884599755,2.4494898319244385,0.7125275722106449,0.2874724277893551
survset:UnempDur,CoxPH,1,42,737,1.0,1,1.0,0.7592717993235527,0.2407282006764473,1.7320507764816284,0.4666562165156189,0.533343783484381,2.4494898319244385,0.2799904004146706,0.7200095995853294
survset:UnempDur,CoxPH,1,42,1838,3.605551242828369,0,1.0,0.9105112434918619,0.08948875650813815,1.7320507764816284,0.7714739941650516,0.22852600583494842,2.4494898319244385,0.648333797207638,0.35166620279236205
survset:UnempDur,CoxPH,1,42,83,3.605551242828369,1,1.0,0.9134677641604009,0.08653223583959913,1.7320507764816284,0.7784266892559227,0.22157331074407727,2.4494898319244385,0.6581223793903634,0.34187762060963656
survset:UnempDur,CoxPH,1,42,2568,4.358899116516113,1,1.0,0.9175572156437338,0.08244278435626617,1.7320507764816284,0.7881094043023165,0.21189059569768354,2.4494898319244385,0.6718523970625148,0.32814760293748524
survset:UnempDur,CoxPH,1,42,2111,3.1622776985168457,1,1.0,0.9005903837903866,0.09940961620961342,1.7320507764816284,0.7484338296574913,0.2515661703425087,2.4494898319244385,0.6163182674077703,0.3836817325922297
survset:UnempDur,CoxPH,1,42,1460,1.4142135381698608,1,1.0,0.7393109637377129,0.2606890362622871,1.7320507764816284,0.4334874304778686,0.5665125695221314,2.4494898319244385,0.2475488436965498,0.7524511563034502
survset:UnempDur,CoxPH,1,42,991,2.2360680103302,0,1.0,0.9274868140834366,0.07251318591656342,1.7320507764816284,0.8119392362410489,0.1880607637589511,2.4494898319244385,0.7061254999885928,0.29387450001140725
survset:UnempDur,CoxPH,1,42,2744,1.0,0,1.0,0.7480856040287093,0.2519143959712907,1.7320507764816284,0.4478759046623731,0.552124095337627,2.4494898319244385,0.2614249290835707,0.7385750709164294
survset:UnempDur,CoxPH,1,42,425,1.0,1,1.0,0.9138971593359734,0.08610284066402663,1.7320507764816284,0.7794397904310355,0.2205602095689645,2.4494898319244385,0.6595536177124028,0.34044638228759716
survset:UnempDur,CoxPH,1,42,3171,1.4142135381698608,0,1.0,0.7702829041242283,0.22971709587577172,1.7320507764816284,0.485626445235056,0.514373554764944,2.4494898319244385,0.29925900769950925,0.7007409923004908
survset:UnempDur,CoxPH,1,42,2681,1.4142135381698608,1,1.0,0.8346176092634544,0.1653823907365456,1.7320507764816284,0.6063385889860975,0.3936614110139025,2.4494898319244385,0.4335913492299293,0.5664086507700707
survset:UnempDur,CoxPH,1,42,2927,2.8284270763397217,0,1.0,0.9273613744942323,0.07263862550576772,1.7320507764816284,0.8116353652373014,0.1883646347626986,2.4494898319244385,0.7056841592718187,0.2943158407281813
survset:UnempDur,CoxPH,1,42,3024,1.0,0,1.0,0.8921439411971214,0.10785605880287863,1.7320507764816284,0.7291681327039201,0.2708318672960799,2.4494898319244385,0.5900492575554189,0.4099507424445811
survset:UnempDur,CoxPH,1,42,1360,3.0,1,1.0,0.9211936456461023,0.07880635435389771,1.7320507764816284,0.796783802205109,0.20321619779489097,2.4494898319244385,0.6842490544950518,0.3157509455049482
survset:UnempDur,CoxPH,1,42,2575,1.7320507764816284,1,1.0,0.767924575739388,0.232075424260612,1.7320507764816284,0.48152278546018235,0.5184772145398177,2.4494898319244385,0.295047240743413,0.704952759256587
survset:UnempDur,CoxPH,1,42,691,1.7320507764816284,1,1.0,0.9022621368953977,0.09773786310460231,1.7320507764816284,0.7522850753436704,0.2477149246563296,2.4494898319244385,0.621624442249805,0.37837555775019505
survset:UnempDur,CoxPH,1,42,1940,1.7320507764816284,0,1.0,0.941326695339397,0.058673304660603054,1.7320507764816284,0.8459135153109609,0.15408648468903907,2.4494898319244385,0.7561646467928509,0.2438353532071491
survset:UnempDur,CoxPH,1,42,2121,1.0,1,1.0,0.7696319836738824,0.2303680163261176,1.7320507764816284,0.48449157459379316,0.5155084254062068,2.4494898319244385,0.2980918440140046,0.7019081559859954
survset:UnempDur,CoxPH,1,42,1085,2.4494898319244385,0,1.0,0.9009393033024506,0.09906069669754936,1.7320507764816284,0.7492365990675952,0.2507634009324048,2.4494898319244385,0.6174228020779257,0.38257719792207434
survset:UnempDur,CoxPH,1,42,3067,1.4142135381698608,0,1.0,0.7934782671788814,0.20652173282111863,1.7320507764816284,0.5271827686348886,0.47281723136511145,2.4494898319244385,0.34324671158711145,0.6567532884128886
survset:UnempDur,CoxPH,1,42,1238,1.0,1,1.0,0.8414762161733004,0.15852378382669963,1.7320507764816284,0.6202286310856225,0.37977136891437746,2.4494898319244385,0.45030852465021615,0.5496914753497839
survset:UnempDur,CoxPH,1,42,329,1.7320507764816284,0,1.0,0.9110431042033713,0.08895689579662869,1.7320507764816284,0.7727218052076481,0.2272781947923519,2.4494898319244385,0.6500862339093068,0.34991376609069325
survset:UnempDur,CoxPH,1,42,2653,4.123105525970459,0,1.0,0.9275745428381713,0.07242545716182869,1.7320507764816284,0.8121517978437708,0.18784820215622922,2.4494898319244385,0.7064342892057648,0.2935657107942352
survset:UnempDur,CoxPH,1,42,439,2.6457512378692627,1,1.0,0.9044515797433142,0.09554842025668575,1.7320507764816284,0.7573480416039996,0.2426519583960004,2.4494898319244385,0.6286278466953494,0.37137215330465057
survset:UnempDur,CoxPH,1,42,2413,1.4142135381698608,0,1.0,0.9067520328737952,0.09324796712620476,1.7320507764816284,0.7626911021266249,0.23730889787337506,2.4494898319244385,0.6360528019063401,0.36394719809365994
survset:UnempDur,CoxPH,1,42,1301,2.6457512378692627,1,1.0,0.9096014142109259,0.09039858578907412,1.7320507764816284,0.7693424072055275,0.2306575927944725,2.4494898319244385,0.6453445706858338,0.35465542931416616
survset:UnempDur,CoxPH,1,42,1569,3.1622776985168457,0,1.0,0.9363882230304199,0.06361177696958009,1.7320507764816284,0.8336883871935327,0.16631161280646733,2.4494898319244385,0.7380005917876818,0.26199940821231815
survset:UnempDur,CoxPH,1,42,850,2.2360680103302,1,1.0,0.909761376897593,0.09023862310240705,1.7320507764816284,0.7697169017480312,0.2302830982519688,2.4494898319244385,0.6458693408832562,0.3541306591167438
survset:UnempDur,CoxPH,1,42,78,2.0,0,1.0,0.9135130027699162,0.0864869972300838,1.7320507764816284,0.7785333841190277,0.22146661588097227,2.4494898319244385,0.6582730516302194,0.34172694836978057
survset:UnempDur,CoxPH,1,42,2918,2.8284270763397217,0,1.0,0.9219277565100116,0.07807224348998842,1.7320507764816284,0.7985423241684694,0.20145767583153062,2.4494898319244385,0.6867732522135508,0.3132267477864492
survset:UnempDur,CoxPH,1,42,2369,2.0,0,1.0,0.9249363581145172,0.07506364188548276,1.7320507764816284,0.8057751542068479,0.19422484579315213,2.4494898319244385,0.6971944944850662,0.3028055055149338
survset:UnempDur,CoxPH,1,42,2757,2.2360680103302,1,1.0,0.746552138105583,0.25344786189441704,1.7320507764816284,0.44533970035929754,0.5546602996407024,2.4494898319244385,0.2589570213809111,0.7410429786190889
survset:UnempDur,CoxPH,1,42,2230,1.0,1,1.0,0.7379082163680536,0.2620917836319464,1.7320507764816284,0.4312149974252386,0.5687850025747614,2.4494898319244385,0.24538516754258854,0.7546148324574115
survset:UnempDur,CoxPH,1,42,2536,1.0,1,1.0,0.745050272902342,0.25494972709765795,1.7320507764816284,0.44286466977415484,0.5571353302258452,2.4494898319244385,0.25655770470256634,0.7434422952974337
survset:UnempDur,CoxPH,1,42,506,2.2360680103302,1,1.0,0.9138065976017034,0.08619340239829665,1.7320507764816284,0.7792260519566803,0.22077394804331973,2.4494898319244385,0.6592515591369107,0.3407484408630893
survset:UnempDur,CoxPH,1,42,1583,2.6457512378692627,1,1.0,0.9373275826915916,0.06267241730840845,1.7320507764816284,0.8360050105834468,0.16399498941655322,2.4494898319244385,0.7414290065463149,0.25857099345368506
survset:UnempDur,CoxPH,1,42,198,2.2360680103302,0,1.0,0.9214520825062621,0.0785479174937379,1.7320507764816284,0.7974025910181657,0.20259740898183431,2.4494898319244385,0.6851368440117157,0.3148631559882843
survset:UnempDur,CoxPH,1,42,1126,2.6457512378692627,1,1.0,0.903854409052707,0.09614559094729302,1.7320507764816284,0.7559649657905204,0.24403503420947958,2.4494898319244385,0.6267115664870845,0.3732884335129155
survset:UnempDur,CoxPH,1,42,2451,3.0,1,1.0,0.9473877373469607,0.05261226265303931,1.7320507764816284,0.8610732635207574,0.13892673647924259,2.4494898319244385,0.7789344169874277,0.2210655830125723
survset:UnempDur,CoxPH,1,42,59,2.6457512378692627,1,1.0,0.915853838706114,0.08414616129388597,1.7320507764816284,0.7840669779501754,0.21593302204982456,2.4494898319244385,0.6661064353082012,0.33389356469179876
survset:UnempDur,CoxPH,1,42,2851,4.358899116516113,1,1.0,0.9390667907315281,0.0609332092684719,1.7320507764816284,0.8403050426771325,0.15969495732286754,2.4494898319244385,0.7478095955634333,0.2521904044365667
survset:UnempDur,CoxPH,1,42,1259,1.0,1,1.0,0.7871100951279163,0.2128899048720837,1.7320507764816284,0.5155563279387794,0.48444367206122063,2.4494898319244385,0.3306967265553146,0.6693032734446853
survset:UnempDur,CoxPH,1,42,2919,1.7320507764816284,1,1.0,0.7690001411421045,0.23099985885789553,1.7320507764816284,0.48339158748337885,0.5166084125166212,2.4494898319244385,0.2969623039016559,0.7030376960983441
survset:UnempDur,CoxPH,1,42,630,1.0,1,1.0,0.8158558920534065,0.18414410794659353,1.7320507764816284,0.569361988839407,0.43063801116059297,2.4494898319244385,0.3903356248955367,0.6096643751044633
survset:UnempDur,CoxPH,1,42,3173,3.316624879837036,0,1.0,0.9484910491970893,0.051508950802910736,1.7320507764816284,0.8638513660872038,0.1361486339127962,2.4494898319244385,0.7831364460951296,0.21686355390487044
survset:UnempDur,CoxPH,1,42,336,1.7320507764816284,0,1.0,0.9380971961661922,0.06190280383380775,1.7320507764816284,0.8379060713472923,0.16209392865270766,2.4494898319244385,0.7442471836853395,0.2557528163146605
survset:UnempDur,CoxPH,1,42,95,4.242640495300293,0,1.0,0.9176858469901275,0.08231415300987255,1.7320507764816284,0.7884152094125103,0.2115847905874897,2.4494898319244385,0.6722878782634972,0.32771212173650277
survset:UnempDur,CoxPH,1,42,3081,1.4142135381698608,1,1.0,0.9147339078736473,0.08526609212635272,1.7320507764816284,0.7814164065039005,0.21858359349609946,2.4494898319244385,0.6623496329193376,0.33765036708066243
survset:UnempDur,CoxPH,1,42,1061,1.0,1,1.0,0.94752104901081,0.052478950989189976,1.7320507764816284,0.8614086343341559,0.13859136566584407,2.4494898319244385,0.7794412017836598,0.22055879821634017
survset:UnempDur,CoxPH,1,42,873,2.6457512378692627,1,1.0,0.9085707990407814,0.09142920095921858,1.7320507764816284,0.7669323859506618,0.23306761404933818,2.4494898319244385,0.6419715625635685,0.35802843743643153
survset:UnempDur,CoxPH,1,42,1921,1.7320507764816284,0,1.0,0.7447681606470126,0.25523183935298743,1.7320507764816284,0.44240073937259056,0.5575992606274094,2.4494898319244385,0.2561089642784075,0.7438910357215924
survset:UnempDur,CoxPH,1,42,60,1.4142135381698608,1,1.0,0.8956588899268747,0.1043411100731253,1.7320507764816284,0.7371464917532491,0.2628535082467509,2.4494898319244385,0.60087213351326,0.39912786648674003
survset:UnempDur,CoxPH,1,42,1262,2.2360680103302,1,1.0,0.7536820046757988,0.24631799532420118,1.7320507764816284,0.4572100219422242,0.5427899780577758,2.4494898319244385,0.2705883836389616,0.7294116163610385
survset:UnempDur,CoxPH,1,42,436,2.6457512378692627,1,1.0,0.9156214414246805,0.0843785585753195,1.7320507764816284,0.7835164854542409,0.2164835145457591,2.4494898319244385,0.6653254902000914,0.33467450979990865
survset:UnempDur,CoxPH,1,42,2018,1.0,1,1.0,0.8081966827905305,0.19180331720946953,1.7320507764816284,0.5546916478455257,0.4453083521544743,2.4494898319244385,0.373682582192534,0.626317417807466
survset:UnempDur,CoxPH,1,42,1235,4.690415859222412,0,1.0,0.9176707303275218,0.08232926967247822,1.7320507764816284,0.7883792674885804,0.21162073251141955,2.4494898319244385,0.6722366893611217,0.3277633106388783
survset:UnempDur,CoxPH,1,42,1773,3.872983455657959,0,1.0,0.927661803788248,0.07233819621175197,1.7320507764816284,0.8123632612364531,0.18763673876354692,2.4494898319244385,0.7067415368020873,0.2932584631979127
survset:UnempDur,CoxPH,1,42,1137,1.0,1,1.0,0.8288643131943897,0.1711356868056103,1.7320507764816284,0.5948415497689105,0.40515845023108954,2.4494898319244385,0.41994683947368966,0.5800531605263104
survset:UnempDur,CoxPH,1,42,2677,3.316624879837036,0,1.0,0.927572026402774,0.07242797359722597,1.7320507764816284,0.8121457001740588,0.18785429982594115,2.4494898319244385,0.7064254303381983,0.29357456966180173
survset:UnempDur,CoxPH,1,42,3065,1.0,1,1.0,0.747365551750992,0.25263444824900805,1.7320507764816284,0.446683862278633,0.553316137721367,2.4494898319244385,0.26026381688419226,0.7397361831158078
survset:UnempDur,CoxPH,1,42,145,5.099019527435303,0,1.0,0.9240526138296145,0.07594738617038554,1.7320507764816284,0.80364626716816,0.19635373283184,2.4494898319244385,0.6941206016055174,0.30587939839448264
survset:UnempDur,CoxPH,1,42,3119,4.123105525970459,1,1.0,0.9037285298923936,0.0962714701076064,1.7320507764816284,0.7556736296691068,0.24432637033089322,2.4494898319244385,0.626308213642618,0.373691786357382
survset:UnempDur,CoxPH,1,42,3165,1.0,1,1.0,0.7729400623766369,0.22705993762336307,1.7320507764816284,0.49027677121379054,0.5097232287862095,2.4494898319244385,0.3040607534389661,0.6959392465610339
survset:UnempDur,CoxPH,1,42,1967,3.0,0,1.0,0.9105116274913327,0.08948837250866726,1.7320507764816284,0.7714748946107522,0.22852510538924775,2.4494898319244385,0.6483350611169512,0.35166493888304884
survset:UnempDur,CoxPH,1,42,2841,1.7320507764816284,0,1.0,0.9181302205734797,0.0818697794265203,1.7320507764816284,0.789472235715224,0.21052776428477604,2.4494898319244385,0.6737940066075241,0.3262059933924759
survset:UnempDur,CoxPH,1,42,795,3.7416574954986572,0,1.0,0.9201062543255747,0.07989374567442531,1.7320507764816284,0.794183564621196,0.205816435378804,2.4494898319244385,0.6805234891181677,0.31947651088183227
survset:UnempDur,CoxPH,1,42,412,2.8284270763397217,0,1.0,0.9263359036791095,0.07366409632089055,1.7320507764816284,0.8091539381273823,0.19084606187261766,2.4494898319244385,0.7020842925143506,0.29791570748564944
survset:UnempDur,CoxPH,1,42,2464,2.4494898319244385,0,1.0,0.9098919538732401,0.09010804612675993,1.7320507764816284,0.7700226866110215,0.22997731338897853,2.4494898319244385,0.646297956792457,0.35370204320754295
survset:UnempDur,CoxPH,1,42,2604,3.872983455657959,0,1.0,0.9402664972329157,0.059733502767084334,1.7320507764816284,0.8432794229103755,0.1567205770896245,2.4494898319244385,0.7522359486829212,0.2477640513170788
survset:UnempDur,CoxPH,1,42,2590,1.4142135381698608,1,1.0,0.7905107346028465,0.2094892653971535,1.7320507764816284,0.5217443077513467,0.4782556922486533,2.4494898319244385,0.33735289944285135,0.6626471005571486
survset:UnempDur,CoxPH,1,42,905,3.464101552963257,0,1.0,0.7535206655024047,0.2464793344975953,1.7320507764816284,0.4569392048809326,0.5430607951190674,2.4494898319244385,0.27032073560968256,0.7296792643903174
survset:UnempDur,CoxPH,1,42,124,2.6457512378692627,1,1.0,0.9093560164663625,0.09064398353363745,1.7320507764816284,0.7687681237263393,0.2312318762736607,2.4494898319244385,0.644540173593859,0.35545982640614104
survset:UnempDur,CoxPH,1,42,522,2.4494898319244385,1,1.0,0.749530772640326,0.25046922735967403,1.7320507764816284,0.45027449939139425,0.5497255006086057,2.4494898319244385,0.26376756779175503,0.736232432208245
survset:UnempDur,CoxPH,1,42,680,1.4142135381698608,1,1.0,0.8089851335536393,0.19101486644636068,1.7320507764816284,0.5561905534067675,0.4438094465932325,2.4494898319244385,0.3753706867366585,0.6246293132633415
survset:UnempDur,CoxPH,1,42,1709,2.0,0,1.0,0.9468671489699254,0.05313285103007459,1.7320507764816284,0.8597644232458664,0.14023557675413356,2.4494898319244385,0.7769578708125733,0.22304212918742672
survset:UnempDur,CoxPH,1,42,2205,3.7416574954986572,1,1.0,0.9101620849198441,0.08983791508015593,1.7320507764816284,0.77065552512391,0.22934447487609,2.4494898319244385,0.6471853632690424,0.3528146367309576
survset:UnempDur,CoxPH,1,42,3041,1.7320507764816284,1,1.0,0.7585802052355584,0.24141979476444164,1.7320507764816284,0.4654807989922707,0.5345192010077293,2.4494898319244385,0.27881346605577983,0.7211865339442202
survset:UnempDur,CoxPH,1,42,2847,2.6457512378692627,0,1.0,0.9176305347255331,0.08236946527446687,1.7320507764816284,0.7882837020617908,0.21171629793820923,2.4494898319244385,0.6721005915870559,0.32789940841294407
survset:UnempDur,CoxPH,1,42,1995,1.0,1,1.0,0.9157226459748267,0.08427735402517333,1.7320507764816284,0.7837561840052483,0.21624381599475173,2.4494898319244385,0.6656654885417429,0.3343345114582571
survset:UnempDur,CoxPH,1,42,417,2.2360680103302,0,1.0,0.813319257742439,0.18668074225756104,1.7320507764816284,0.5644762571405897,0.4355237428594103,2.4494898319244385,0.38475724244546455,0.6152427575545354
survset:UnempDur,CoxPH,1,42,2320,2.6457512378692627,1,1.0,0.7844027981082664,0.2155972018917336,1.7320507764816284,0.5106636534227313,0.48933634657726865,2.4494898319244385,0.32547160879129644,0.6745283912087036
survset:UnempDur,CoxPH,1,42,2,4.582575798034668,1,1.0,0.898770527284239,0.10122947271576099,1.7320507764816284,0.7442557363167875,0.25574426368321246,2.4494898319244385,0.610582429513233,0.38941757048676695
survset:UnempDur,CoxPH,1,42,916,1.7320507764816284,0,1.0,0.9159832205604833,0.08401677943951669,1.7320507764816284,0.7843735590283811,0.21562644097161887,2.4494898319244385,0.6665415197571933,0.33345848024280667
survset:UnempDur,CoxPH,1,42,838,2.4494898319244385,0,1.0,0.9037215231655795,0.09627847683442048,1.7320507764816284,0.7556574153301759,0.24434258466982406,2.4494898319244385,0.6262857680638343,0.3737142319361657
survset:UnempDur,CoxPH,1,42,2444,2.2360680103302,1,1.0,0.7936374910385735,0.2063625089614265,1.7320507764816284,0.5274755895515882,0.47252441044841176,2.4494898319244385,0.3435652112283018,0.6564347887716981
survset:UnempDur,CoxPH,1,42,234,2.2360680103302,0,1.0,0.782059245283639,0.21794075471636098,1.7320507764816284,0.5064523748093479,0.4935476251906521,2.4494898319244385,0.32100096585208077,0.6789990341479193
survset:UnempDur,CoxPH,1,42,1299,2.0,1,1.0,0.9138500877571524,0.08614991224284763,1.7320507764816284,0.7793286901890815,0.22067130981091854,2.4494898319244385,0.6593966021724139,0.3406033978275861
survset:UnempDur,CoxPH,1,42,2292,2.2360680103302,1,1.0,0.7831650029067888,0.2168349970932112,1.7320507764816284,0.5084366056425714,0.4915633943574286,2.4494898319244385,0.32310431014587077,0.6768956898541292
survset:UnempDur,CoxPH,1,42,23,3.872983455657959,1,1.0,0.7818139739064374,0.21818602609356263,1.7320507764816284,0.5060129179869027,0.49398708201309727,2.4494898319244385,0.32053587428719305,0.6794641257128069
survset:UnempDur,CoxPH,1,42,411,3.0,0,1.0,0.923215345711091,0.07678465428890902,1.7320507764816284,0.80163265547041,0.19836734452959004,2.4494898319244385,0.6912181723115057,0.30878182768849427
survset:UnempDur,CoxPH,1,42,2100,1.0,1,1.0,0.7931910364940888,0.20680896350591116,1.7320507764816284,0.5266547991504209,0.4733452008495791,2.4494898319244385,0.34267274178331564,0.6573272582166844
survset:UnempDur,CoxPH,1,42,2833,1.0,1,1.0,0.9188768711346039,0.08112312886539608,1.7320507764816284,0.7912503219416563,0.20874967805834366,2.4494898319244385,0.6763306039750365,0.3236693960249635
survset:UnempDur,CoxPH,1,42,1970,3.0,0,1.0,0.8919868784709792,0.10801312152902076,1.7320507764816284,0.7288129195240464,0.27118708047595363,2.4494898319244385,0.5895692372667356,0.4104307627332644
survset:UnempDur,CoxPH,1,42,360,2.6457512378692627,0,1.0,0.9075896765881267,0.09241032341187327,1.7320507764816284,0.7646425849712849,0.2353574150287151,2.4494898319244385,0.6387733863162592,0.36122661368374076
survset:UnempDur,CoxPH,1,42,867,2.2360680103302,0,1.0,0.9030150771856207,0.09698492281437932,1.7320507764816284,0.754023761739285,0.24597623826071502,2.4494898319244385,0.624025949489815,0.37597405051018495
survset:UnempDur,CoxPH,1,42,1876,1.7320507764816284,0,1.0,0.9077441203174678,0.09225587968253224,1.7320507764816284,0.7650027448140702,0.23499725518592984,2.4494898319244385,0.6392759984962265,0.3607240015037735
survset:UnempDur,CoxPH,1,42,2670,1.0,1,1.0,0.7840056719309937,0.2159943280690063,1.7320507764816284,0.5099484645346314,0.4900515354653686,2.4494898319244385,0.32471062421818436,0.6752893757818157
survset:UnempDur,CoxPH,1,42,54,2.6457512378692627,1,1.0,0.9224382249374601,0.07756177506253992,1.7320507764816284,0.7997665828485524,0.2002334171514476,2.4494898319244385,0.6885327653269929,0.3114672346730071
survset:UnempDur,CoxPH,1,42,3228,2.2360680103302,1,1.0,0.9352262655931656,0.06477373440683443,1.7320507764816284,0.8308284768876232,0.16917152311237682,2.4494898319244385,0.7337769559497378,0.2662230440502622
survset:UnempDur,CoxPH,1,42,390,5.0,0,1.0,0.9104839563907001,0.08951604360929988,1.7320507764816284,0.7714100099804969,0.2285899900195031,2.4494898319244385,0.6482439884303732,0.35175601156962677
survset:UnempDur,CoxPH,1,42,276,2.8284270763397217,1,1.0,0.9319260128693532,0.06807398713064683,1.7320507764816284,0.8227398026820283,0.1772601973179717,2.4494898319244385,0.7218839924262664,0.27811600757373356
survset:UnempDur,CoxPH,1,42,3194,1.7320507764816284,1,1.0,0.8418566691818163,0.15814333081818366,1.7320507764816284,0.6210050127452741,0.3789949872547259,2.4494898319244385,0.4512504068560324,0.5487495931439677
survset:UnempDur,CoxPH,1,42,641,1.4142135381698608,0,1.0,0.9178503147620499,0.08214968523795008,1.7320507764816284,0.7888063215706033,0.21119367842939674,2.4494898319244385,0.6728450058175255,0.3271549941824745
survset:UnempDur,CoxPH,1,42,2690,2.2360680103302,1,1.0,0.9129144384107685,0.08708556158923153,1.7320507764816284,0.7771224309267274,0.2228775690732726,2.4494898319244385,0.6562816521717608,0.3437183478282392
survset:UnempDur,CoxPH,1,42,1391,3.0,1,1.0,0.9408041297197729,0.0591958702802271,1.7320507764816284,0.8446145304341911,0.1553854695658089,2.4494898319244385,0.7542262095100547,0.2457737904899453
survset:UnempDur,CoxPH,1,42,1179,1.4142135381698608,0,1.0,0.7791016756156496,0.22089832438435042,1.7320507764816284,0.5011694772075209,0.4988305227924791,2.4494898319244385,0.3154278487004088,0.6845721512995913
survset:UnempDur,CoxPH,1,42,1744,2.8284270763397217,0,1.0,0.9008645144034343,0.09913548559656571,1.7320507764816284,0.7490644837620828,0.2509355162379172,2.4494898319244385,0.6171859208853147,0.38281407911468535
survset:UnempDur,CoxPH,1,42,883,4.795831680297852,0,1.0,0.9113767784272543,0.08862322157274571,1.7320507764816284,0.7735053038137509,0.22649469618624907,2.4494898319244385,0.6511875561390718,0.34881244386092825
survset:UnempDur,CoxPH,1,42,1387,3.7416574954986572,0,1.0,0.8138719449188142,0.1861280550811858,1.7320507764816284,0.5655384797955775,0.4344615202044225,2.4494898319244385,0.38596731459317,0.61403268540683
survset:UnempDur,CoxPH,1,42,1332,1.0,1,1.0,0.803993809053199,0.19600619094680105,1.7320507764816284,0.5467451861311939,0.45325481386880606,2.4494898319244385,0.3647841702858961,0.635215829714104
survset:UnempDur,CoxPH,1,42,1423,1.7320507764816284,1,1.0,0.9228564525080557,0.0771435474919443,1.7320507764816284,0.8007705127463283,0.19922948725367173,2.4494898319244385,0.6899769682624314,0.3100230317375686
survset:UnempDur,CoxPH,1,42,2298,1.4142135381698608,1,1.0,0.772857048218246,0.22714295178175403,1.7320507764816284,0.4901310585795584,0.5098689414204416,2.4494898319244385,0.30390983098969826,0.6960901690103017
survset:UnempDur,CoxPH,1,42,2524,3.316624879837036,0,1.0,0.7969434343215466,0.20305656567845343,1.7320507764816284,0.5335788781394046,0.46642112186059537,2.4494898319244385,0.35023067263842805,0.6497693273615719
survset:UnempDur,CoxPH,1,42,70,1.7320507764816284,0,1.0,0.7509312136148607,0.2490687863851393,1.7320507764816284,0.4526066700692088,0.5473933299307912,2.4494898319244385,0.26605336640658794,0.7339466335934121
survset:UnempDur,CoxPH,1,42,2250,1.4142135381698608,0,1.0,0.7514378320198709,0.2485621679801291,1.7320507764816284,0.45345224369257003,0.5465477563074299,2.4494898319244385,0.26688408101220046,0.7331159189877996
survset:UnempDur,CoxPH,1,42,2999,1.7320507764816284,1,1.0,0.9075673523141178,0.09243264768588222,1.7320507764816284,0.7645905341482695,0.2354094658517305,2.4494898319244385,0.6387007611950911,0.3612992388049089
survset:UnempDur,CoxPH,1,42,2915,2.0,0,1.0,0.9234425810542484,0.07655741894575163,1.7320507764816284,0.8021788325796401,0.19782116742035993,2.4494898319244385,0.6920049521633187,0.3079950478366813
survset:UnempDur,CoxPH,1,42,2180,2.4494898319244385,0,1.0,0.7666656434498044,0.23333435655019563,1.7320507764816284,0.4793412513892349,0.5206587486107651,2.4494898319244385,0.29281799805556696,0.707182001944433
survset:UnempDur,CoxPH,1,42,423,5.099019527435303,0,1.0,0.9290790569594423,0.07092094304055774,1.7320507764816284,0.8158026796316091,0.18419732036839087,2.4494898319244385,0.7117463938494483,0.28825360615055173
survset:UnempDur,CoxPH,1,42,2456,2.2360680103302,1,1.0,0.7574703753643298,0.24252962463567018,1.7320507764816284,0.4635985123744787,0.5364014876255213,2.4494898319244385,0.2769328966118563,0.7230671033881437
survset:UnempDur,CoxPH,1,42,857,1.0,1,1.0,0.8139081139466866,0.1860918860533134,1.7320507764816284,0.5656080383804795,0.43439196161952054,2.4494898319244385,0.3860466081412478,0.6139533918587522
survset:UnempDur,CoxPH,1,42,2588,1.7320507764816284,1,1.0,0.9248876275789094,0.07511237242109059,1.7320507764816284,0.805657671553322,0.19434232844667798,2.4494898319244385,0.697024719599006,0.302975280400994
survset:UnempDur,CoxPH,1,42,632,2.0,1,1.0,0.9039753591854686,0.09602464081453144,1.7320507764816284,0.7562449616826595,0.24375503831734047,2.4494898319244385,0.6270993170580357,0.3729006829419643
survset:UnempDur,CoxPH,1,42,2724,1.4142135381698608,1,1.0,0.7938588653230149,0.20614113467698514,1.7320507764816284,0.5278828808933398,0.4721171191066602,2.4494898319244385,0.3440084167827776,0.6559915832172224
survset:UnempDur,CoxPH,1,42,1980,1.0,1,1.0,0.7985931487307665,0.20140685126923352,1.7320507764816284,0.5366412989587407,0.4633587010412593,2.4494898319244385,0.35359451209275683,0.6464054879072432
survset:UnempDur,CoxPH,1,42,1280,2.2360680103302,1,1.0,0.9206860785970823,0.07931392140291771,1.7320507764816284,0.7955694008340538,0.2044305991659462,2.4494898319244385,0.6825080700803181,0.3174919299196819
survset:UnempDur,CoxPH,1,42,2157,2.6457512378692627,1,1.0,0.7468936080090309,0.25310639199096907,1.7320507764816284,0.44590366256844055,0.5540963374315595,2.4494898319244385,0.2595049845528823,0.7404950154471177
survset:UnempDur,CoxPH,1,42,882,3.605551242828369,0,1.0,0.9169909739258164,0.08300902607418359,1.7320507764816284,0.7867641354207728,0.21323586457922716,2.4494898319244385,0.6699380144126408,0.3300619855873592
survset:UnempDur,CoxPH,1,42,289,1.0,1,1.0,0.7499519003478814,0.2500480996521186,1.7320507764816284,0.4509749993078526,0.5490250006921473,2.4494898319244385,0.264453307502978,0.735546692497022
survset:UnempDur,CoxPH,1,42,1739,2.2360680103302,0,1.0,0.9347267634505325,0.06527323654946748,1.7320507764816284,0.8296009873942006,0.17039901260579937,2.4494898319244385,0.7319671325192075,0.26803286748079247
survset:UnempDur,CoxPH,1,42,1915,2.6457512378692627,1,1.0,0.7325701742394327,0.2674298257605673,1.7320507764816284,0.4226370372099156,0.5773629627900845,2.4494898319244385,0.2372866037694315,0.7627133962305686
survset:UnempDur,CoxPH,1,42,3132,1.0,0,1.0,0.7885700122459502,0.21142998775404975,1.7320507764816284,0.5182070930459629,0.4817929069540371,2.4494898319244385,0.33354153556002597,0.666458464439974
survset:UnempDur,CoxPH,1,42,3233,3.872983455657959,0,1.0,0.9269802967683604,0.07301970323163964,1.7320507764816284,0.8107126694105515,0.18928733058944847,2.4494898319244385,0.7043447191692455,0.29565528083075454
survset:UnempDur,CoxPH,1,42,1305,4.582575798034668,0,1.0,0.9120542371628972,0.08794576283710276,1.7320507764816284,0.7750976012996724,0.22490239870032758,2.4494898319244385,0.6534280681982992,0.34657193180170076
survset:UnempDur,CoxPH,1,42,1144,2.2360680103302,1,1.0,0.9315112354205007,0.06848876457949926,1.7320507764816284,0.8217267870814196,0.17827321291858045,2.4494898319244385,0.7204000309795867,0.2795999690204133
survset:UnempDur,CoxPH,1,42,1185,2.2360680103302,1,1.0,0.9293328647814989,0.0706671352185011,1.7320507764816284,0.8164196056234023,0.18358039437659768,2.4494898319244385,0.7126456100016899,0.2873543899983101
survset:UnempDur,CoxPH,1,42,1374,2.6457512378692627,0,1.0,0.7533473148849449,0.24665268511505511,1.7320507764816284,0.4566483401196806,0.5433516598803194,2.4494898319244385,0.27003339286818107,0.7299666071318189
survset:UnempDur,CoxPH,1,42,2312,3.464101552963257,1,1.0,0.7993413528175062,0.20065864718249382,1.7320507764816284,0.5380339069510318,0.4619660930489682,2.4494898319244385,0.35512845278667665,0.6448715472133233
survset:UnempDur,CoxPH,1,42,2477,2.2360680103302,1,1.0,0.9322037028658177,0.06779629713418234,1.7320507764816284,0.8234184535858123,0.17658154641418766,2.4494898319244385,0.7228788300588516,0.27712116994114844
survset:UnempDur,CoxPH,1,42,2315,1.4142135381698608,1,1.0,0.9214507745760192,0.0785492254239808,1.7320507764816284,0.7973994586003382,0.20260054139966177,2.4494898319244385,0.6851323487017805,0.3148676512982195
survset:UnempDur,CoxPH,1,42,3200,2.0,1,1.0,0.9223842582050631,0.07761574179493691,1.7320507764816284,0.7996370975705263,0.20036290242947374,2.4494898319244385,0.6883465827524832,0.31165341724751683
survset:UnempDur,CoxPH,1,42,2644,1.4142135381698608,0,1.0,0.7482746391252522,0.25172536087474784,1.7320507764816284,0.4481891874894855,0.5518108125105146,2.4494898319244385,0.26173042718766637,0.7382695728123336
survset:UnempDur,CoxPH,1,42,351,1.4142135381698608,0,1.0,0.7492034908660187,0.2507965091339813,1.7320507764816284,0.44973058210234107,0.5502694178976589,2.4494898319244385,0.2632356042348251,0.7367643957651748
survset:UnempDur,CoxPH,1,42,2863,2.2360680103302,1,1.0,0.7638869657222954,0.23611303427770458,1.7320507764816284,0.4745486011864933,0.5254513988135068,2.4494898319244385,0.28794439344020983,0.7120556065597902
survset:UnempDur,CoxPH,1,42,2549,4.795831680297852,1,1.0,0.7767018047847722,0.22329819521522776,1.7320507764816284,0.4969087260645029,0.5030912739354971,2.4494898319244385,0.310961607642392,0.689038392357608
survset:UnempDur,CoxPH,1,42,1522,2.2360680103302,1,1.0,0.8522742361344068,0.14772576386559322,1.7320507764816284,0.6425057118141,0.3574942881859,2.4494898319244385,0.47764695907791066,0.5223530409220893
survset:UnempDur,CoxPH,1,42,2516,3.1622776985168457,1,1.0,0.7934254406086808,0.2065745593913192,1.7320507764816284,0.5270856407804297,0.47291435921957026,2.4494898319244385,0.3431410923557718,0.6568589076442282
survset:UnempDur,CoxPH,1,42,481,3.7416574954986572,0,1.0,0.9304742200979961,0.06952577990200393,1.7320507764816284,0.8191975594833149,0.18080244051668515,2.4494898319244385,0.7167003295222396,0.2832996704777604
survset:UnempDur,CoxPH,1,42,1972,3.605551242828369,1,1.0,0.9193809781228729,0.0806190218771271,1.7320507764816284,0.7924522558937405,0.20754774410625954,2.4494898319244385,0.6780474350997358,0.32195256490026425
survset:UnempDur,CoxPH,1,42,2207,2.2360680103302,1,1.0,0.9173091650926305,0.0826908349073695,1.7320507764816284,0.7875199087261792,0.21248009127382084,2.4494898319244385,0.6710132465396209,0.3289867534603791
survset:UnempDur,CoxPH,1,42,1654,1.0,1,1.0,0.736737680038273,0.263262319961727,1.7320507764816284,0.42932457807296354,0.5706754219270365,2.4494898319244385,0.24359103458614656,0.7564089654138535
survset:UnempDur,CoxPH,1,42,309,1.0,1,1.0,0.8085440730663619,0.1914559269336381,1.7320507764816284,0.5553517451297552,0.44464825487024484,2.4494898319244385,0.37442562384786643,0.6255743761521335
survset:UnempDur,CoxPH,1,42,1588,2.6457512378692627,1,1.0,0.7949201571390258,0.20507984286097425,1.7320507764816284,0.5298382684157836,0.47016173158421637,2.4494898319244385,0.3461394182088223,0.6538605817911777
survset:UnempDur,CoxPH,1,42,3217,1.4142135381698608,1,1.0,0.8198092763787751,0.1801907236212249,1.7320507764816284,0.5770301807465491,0.4229698192534509,2.4494898319244385,0.39915578407579905,0.6008442159242009
survset:UnempDur,CoxPH,1,42,910,4.123105525970459,0,1.0,0.9038267129333786,0.09617328706662143,1.7320507764816284,0.7559008594313791,0.24409914056862092,2.4494898319244385,0.626622802734284,0.37337719726571605
survset:UnempDur,CoxPH,1,42,3043,1.0,1,1.0,0.7747599550079703,0.22524004499202965,1.7320507764816284,0.4934781371653237,0.5065218628346764,2.4494898319244385,0.3073841628756519,0.692615837124348
survset:UnempDur,CoxPH,1,42,777,1.4142135381698608,0,1.0,0.892392570815394,0.10760742918460597,1.7320507764816284,0.7297306596545842,0.27026934034541583,2.4494898319244385,0.5908097537121769,0.4091902462878231
survset:UnempDur,CoxPH,1,42,2166,1.7320507764816284,1,1.0,0.8533905114422784,0.1466094885577216,1.7320507764816284,0.6448373560903709,0.35516264390962915,2.4494898319244385,0.48054564260718174,0.5194543573928183
survset:UnempDur,CoxPH,1,42,1607,1.4142135381698608,0,1.0,0.9228392692543885,0.07716073074561147,1.7320507764816284,0.8007292495432284,0.19927075045677156,2.4494898319244385,0.6899175851708699,0.3100824148291301
survset:UnempDur,CoxPH,1,42,1421,1.7320507764816284,1,1.0,0.783583865682225,0.21641613431777496,1.7320507764816284,0.5091895299584882,0.4908104700415118,2.4494898319244385,0.3239038747277251,0.6760961252722749
survset:UnempDur,CoxPH,1,42,42,2.2360680103302,1,1.0,0.8977312734203869,0.10226872657961306,1.7320507764816284,0.7418764764474899,0.2581235235525101,2.4494898319244385,0.6073257190592438,0.3926742809407562
survset:UnempDur,CoxPH,1,42,1796,1.4142135381698608,1,1.0,0.7647553335517849,0.23524466644821507,1.7320507764816284,0.4760430543292234,0.5239569456707767,2.4494898319244385,0.2894605673532788,0.7105394326467211
survset:UnempDur,CoxPH,1,42,2191,1.7320507764816284,1,1.0,0.9140654984249109,0.08593450157508908,1.7320507764816284,0.7798371939207215,0.22016280607927852,2.4494898319244385,0.660115382159903,0.33988461784009705
survset:UnempDur,CoxPH,1,42,1784,3.7416574954986572,1,1.0,0.7937089285580275,0.20629107144197245,1.7320507764816284,0.5276070005961259,0.47239299940387414,2.4494898319244385,0.34370818480570453,0.6562918151942955
survset:UnempDur,CoxPH,1,42,1798,3.605551242828369,0,1.0,0.7941582537358214,0.20584174626417862,1.7320507764816284,0.5284340244915999,0.47156597550840007,2.4494898319244385,0.3446085242264567,0.6553914757735433
survset:UnempDur,CoxPH,1,42,2545,2.0,1,1.0,0.9229469174042999,0.0770530825957001,1.7320507764816284,0.8009877740570576,0.19901222594294243,2.4494898319244385,0.6902896692452943,0.30971033075470566
survset:UnempDur,CoxPH,1,42,613,1.0,1,1.0,0.7668070730514955,0.23319292694850446,1.7320507764816284,0.4795860115252796,0.5204139884747204,2.4494898319244385,0.29306777295813585,0.7069322270418641
survset:UnempDur,CoxPH,1,42,874,1.0,1,1.0,0.9329293290215764,0.06707067097842356,1.7320507764816284,0.8251935100794053,0.17480648992059467,2.4494898319244385,0.7254834927866111,0.27451650721338894
survset:UnempDur,CoxPH,1,42,2544,3.0,1,1.0,0.9165129763984119,0.0834870236015881,1.7320507764816284,0.785629658099111,0.214370341900889,2.4494898319244385,0.6683253025475868,0.3316746974524132
survset:UnempDur,CoxPH,1,42,518,3.872983455657959,1,1.0,0.9131122998851458,0.08688770011485425,1.7320507764816284,0.7775886548509602,0.22241134514903982,2.4494898319244385,0.6569394062050121,0.3430605937949879
survset:UnempDur,CoxPH,1,42,1996,1.7320507764816284,1,1.0,0.8083327901482664,0.19166720985173358,1.7320507764816284,0.5549502139334249,0.4450497860665751,2.4494898319244385,0.37397356777589197,0.626026432224108
survset:UnempDur,CoxPH,1,42,897,1.4142135381698608,1,1.0,0.7627780575702797,0.23722194242972028,1.7320507764816284,0.47264454122806293,0.5273554587719371,2.4494898319244385,0.286017291120912,0.713982708879088
survset:UnempDur,CoxPH,1,42,2643,2.6457512378692627,0,1.0,0.9012956489504949,0.09870435104950515,1.7320507764816284,0.7500570213926834,0.24994297860731662,2.4494898319244385,0.6185524453418687,0.3814475546581313
survset:UnempDur,CoxPH,1,42,2139,1.0,1,1.0,0.8720654982755727,0.12793450172442733,1.7320507764816284,0.6846497599012101,0.31535024009878987,2.4494898319244385,0.531118706572859,0.468881293427141
survset:UnempDur,CoxPH,1,42,2742,3.7416574954986572,1,1.0,0.768239920984343,0.23176007901565698,1.7320507764816284,0.4820702209197414,0.5179297790802586,2.4494898319244385,0.29560771271245406,0.7043922872875459
survset:UnempDur,CoxPH,1,42,2963,1.0,1,1.0,0.8404688487850409,0.1595311512149591,1.7320507764816284,0.6181759142934813,0.3818240857065187,2.4494898319244385,0.4478220381493532,0.5521779618506468
survset:UnempDur,CoxPH,1,42,1164,1.0,1,1.0,0.7150235653179976,0.2849764346820024,1.7320507764816284,0.3952106816660447,0.6047893183339552,2.4494898319244385,0.21213097050754623,0.7878690294924537
survset:UnempDur,CoxPH,1,42,516,2.0,0,1.0,0.9017622988231152,0.0982377011768848,1.7320507764816284,0.7511322668651009,0.24886773313489907,2.4494898319244385,0.6200342101425766,0.37996578985742335
survset:UnempDur,CoxPH,1,42,2679,3.464101552963257,1,1.0,0.9101270704056706,0.08987292959432935,1.7320507764816284,0.7705734775660279,0.2294265224339721,2.4494898319244385,0.6470702833896012,0.35292971661039885
survset:UnempDur,CoxPH,1,42,1651,2.6457512378692627,1,1.0,0.9209897248022207,0.07901027519777926,1.7320507764816284,0.796295760450656,0.20370423954934402,2.4494898319244385,0.6835491764477658,0.3164508235522342
survset:UnempDur,CoxPH,1,42,1485,3.0,1,1.0,0.909456868587133,0.09054313141286696,1.7320507764816284,0.7690041062205654,0.23099589377943464,2.4494898319244385,0.6448706648152455,0.35512933518475454
survset:UnempDur,CoxPH,1,42,3188,3.0,0,1.0,0.73220586606671,0.26779413393329,1.7320507764816284,0.42205562103492295,0.5779443789650771,2.4494898319244385,0.23674163285501404,0.763258367144986
survset:UnempDur,CoxPH,1,42,251,3.0,0,1.0,0.9076689657841527,0.09233103421584732,1.7320507764816284,0.7648274723399844,0.23517252766001562,2.4494898319244385,0.6390313815052843,0.36096861849471573
survset:UnempDur,CoxPH,1,42,2683,1.7320507764816284,1,1.0,0.9199126022288955,0.08008739777110452,1.7320507764816284,0.7937210610439502,0.20627893895604976,2.4494898319244385,0.679861679014436,0.32013832098556405
survset:UnempDur,CoxPH,1,42,2519,2.2360680103302,0,1.0,0.9457108109070801,0.05428918909291991,1.7320507764816284,0.8568617564959112,0.14313824350408877,2.4494898319244385,0.7725815999550922,0.22741840004490776
survset:UnempDur,CoxPH,1,42,1202,2.0,1,1.0,0.8925736936075747,0.10742630639242534,1.7320507764816284,0.7301406261940184,0.2698593738059816,2.4494898319244385,0.5913642467189775,0.40863575328102253
survset:UnempDur,CoxPH,1,42,196,1.7320507764816284,1,1.0,0.7512645875627555,0.2487354124372445,1.7320507764816284,0.4531629758753108,0.5468370241246892,2.4494898319244385,0.2665997794693584,0.7334002205306416
survset:UnempDur,CoxPH,1,42,2346,2.2360680103302,1,1.0,0.8164387880084821,0.18356121199151787,1.7320507764816284,0.5704884883362225,0.42951151166377755,2.4494898319244385,0.39162639639858754,0.6083736036014125
survset:UnempDur,CoxPH,1,42,3131,2.4494898319244385,0,1.0,0.9178225557674955,0.0821774442325045,1.7320507764816284,0.7887403006754834,0.2112596993245166,2.4494898319244385,0.672750948038022,0.32724905196197795
survset:UnempDur,CoxPH,1,42,2181,1.7320507764816284,0,1.0,0.7881555984134816,0.2118444015865184,1.7320507764816284,0.5174537611099643,0.4825462388900357,2.4494898319244385,0.33273206300318964,0.6672679369968104
survset:UnempDur,CoxPH,1,42,1558,2.6457512378692627,0,1.0,0.9260557509998324,0.0739442490001676,1.7320507764816284,0.8084768703972056,0.19152312960279438,2.4494898319244385,0.7011033371371755,0.29889666286282446
survset:UnempDur,CoxPH,1,42,1620,5.196152210235596,1,1.0,0.9241134686323667,0.07588653136763335,1.7320507764816284,0.8037927474377005,0.19620725256229954,2.4494898319244385,0.6943319293434314,0.30566807065656865
survset:UnempDur,CoxPH,1,42,1906,1.4142135381698608,1,1.0,0.7720809193199565,0.22791908068004352,1.7320507764816284,0.48877007727245264,0.5112299227275474,2.4494898319244385,0.3025016415583248,0.6974983584416752
survset:UnempDur,CoxPH,1,42,2254,1.7320507764816284,1,1.0,0.7372669172863783,0.2627330827136217,1.7320507764816284,0.430178640685984,0.569821359314016,2.4494898319244385,0.24440094218524522,0.7555990578147548
survset:UnempDur,CoxPH,1,42,1978,4.0,1,1.0,0.8115577713056534,0.18844222869434657,1.7320507764816284,0.5610993190753504,0.4389006809246496,2.4494898319244385,0.3809204092538448,0.6190795907461553
survset:UnempDur,CoxPH,1,42,727,1.7320507764816284,1,1.0,0.729769332695404,0.270230667304596,1.7320507764816284,0.41818017562064147,0.5818198243793585,2.4494898319244385,0.23312197446191946,0.7668780255380805
survset:UnempDur,CoxPH,1,42,1427,2.2360680103302,1,1.0,0.8984182442524992,0.10158175574750083,1.7320507764816284,0.7434486770914341,0.25655132290856586,2.4494898319244385,0.6094769505276808,0.3905230494723192
survset:UnempDur,CoxPH,1,42,1575,2.0,0,1.0,0.7699952096193252,0.23000479038067478,1.7320507764816284,0.4851246447939414,0.5148753552060585,2.4494898319244385,0.2987427026728171,0.7012572973271829
survset:UnempDur,CoxPH,1,42,3143,3.464101552963257,1,1.0,0.9052117495085236,0.09478825049147643,1.7320507764816284,0.7591109675710278,0.2408890324289722,2.4494898319244385,0.6310738193494264,0.3689261806505736
survset:UnempDur,CoxPH,1,42,1321,2.4494898319244385,1,1.0,0.8200281814948982,0.1799718185051018,1.7320507764816284,0.5774566962833412,0.4225433037166588,2.4494898319244385,0.39964869353777743,0.6003513064622226
survset:UnempDur,CoxPH,1,42,1502,3.7416574954986572,0,1.0,0.941530090588865,0.058469909411134946,1.7320507764816284,0.8464194565560869,0.15358054344391314,2.4494898319244385,0.7569201883715334,0.2430798116284666
survset:UnempDur,CoxPH,1,42,2907,1.0,1,1.0,0.7809616063146961,0.21903839368530387,1.7320507764816284,0.504487610738745,0.49551238926125496,2.4494898319244385,0.31892369204966736,0.6810763079503326
survset:UnempDur,CoxPH,1,42,3011,1.4142135381698608,1,1.0,0.7791947470399706,0.2208052529600294,1.7320507764816284,0.5013351851967358,0.4986648148032642,2.4494898319244385,0.315602064617231,0.6843979353827689
survset:UnempDur,CoxPH,1,42,1047,1.0,1,1.0,0.8985761771234401,0.10142382287655993,1.7320507764816284,0.7438104226368402,0.25618957736315984,2.4494898319244385,0.6099723563854249,0.3900276436145751
survset:UnempDur,CoxPH,1,42,1982,4.0,1,1.0,0.9250202387592614,0.07497976124073857,1.7320507764816284,0.8059774045887473,0.19402259541125266,2.4494898319244385,0.6974868065902406,0.30251319340975935
survset:UnempDur,CoxPH,1,42,614,1.0,1,1.0,0.7916399811381408,0.20836001886185918,1.7320507764816284,0.5238095814230233,0.47619041857697675,2.4494898319244385,0.33958626937154984,0.6604137306284501
survset:UnempDur,CoxPH,1,42,1653,1.0,1,1.0,0.7893982381728685,0.21060176182713153,1.7320507764816284,0.5197147610383337,0.4802852389616663,2.4494898319244385,0.3351639291758435,0.6648360708241565
survset:UnempDur,CoxPH,1,42,2042,3.7416574954986572,0,1.0,0.9072643769041846,0.0927356230958154,1.7320507764816284,0.7638843465923392,0.23611565340766083,2.4494898319244385,0.6377157640721676,0.36228423592783243
survset:UnempDur,CoxPH,1,42,1123,1.0,1,1.0,0.9365455050626408,0.06345449493735922,1.7320507764816284,0.8340759857491259,0.1659240142508741,2.4494898319244385,0.73857376199653,0.26142623800347
survset:UnempDur,CoxPH,1,42,3176,4.690415859222412,1,1.0,0.9262071437148891,0.0737928562851109,1.7320507764816284,0.8088427085130028,0.19115729148699723,2.4494898319244385,0.7016333056661812,0.2983666943338188
survset:UnempDur,CoxPH,1,42,2772,2.2360680103302,1,1.0,0.8985802170032072,0.10141978299679277,1.7320507764816284,0.7438196774634788,0.25618032253652123,2.4494898319244385,0.6099850328701444,0.3900149671298556
survset:UnempDur,CoxPH,1,42,717,1.4142135381698608,1,1.0,0.765564923677271,0.23443507632272897,1.7320507764816284,0.4774390559345908,0.5225609440654092,2.4494898319244385,0.2908797438042654,0.7091202561957346
survset:UnempDur,CoxPH,1,42,605,3.1622776985168457,0,1.0,0.9138660034123103,0.08613399658768972,1.7320507764816284,0.7793662538295564,0.22063374617044362,2.4494898319244385,0.6594496883646109,0.34055031163538907
survset:UnempDur,CoxPH,1,42,1036,4.0,1,1.0,0.7701553928410492,0.22984460715895083,1.7320507764816284,0.48540399753933566,0.5145960024606644,2.4494898319244385,0.2990300859887958,0.7009699140112042
survset:UnempDur,CoxPH,1,42,815,1.7320507764816284,1,1.0,0.9123596479269166,0.0876403520730834,1.7320507764816284,0.7758161221011323,0.22418387789886773,2.4494898319244385,0.6544401053769032,0.3455598946230968
survset:UnempDur,CoxPH,1,42,315,3.605551242828369,0,1.0,0.9149393567668428,0.08506064323315721,1.7320507764816284,0.7819022188158253,0.21809778118417467,2.4494898319244385,0.6630375634835173,0.3369624365164827
survset:UnempDur,CoxPH,1,42,3027,1.0,1,1.0,0.760800573146096,0.23919942685390405,1.7320507764816284,0.46926120790940545,0.5307387920905946,2.4494898319244385,0.2826058383688378,0.7173941616311622
survset:UnempDur,CoxPH,1,42,2781,3.316624879837036,0,1.0,0.7679551685912184,0.23204483140878163,1.7320507764816284,0.48157587687427716,0.5184241231257228,2.4494898319244385,0.2951015777737086,0.7048984222262914
survset:UnempDur,CoxPH,1,42,1384,1.7320507764816284,1,1.0,0.9111009885310016,0.08889901146899837,1.7320507764816284,0.7728576867238919,0.22714231327610812,2.4494898319244385,0.6502771816934255,0.3497228183065745
survset:UnempDur,CoxPH,1,42,2625,2.8284270763397217,0,1.0,0.953964689621567,0.046035310378433,1.7320507764816284,0.8777184574506656,0.12228154254933443,2.4494898319244385,0.8042465626775409,0.1957534373224591
survset:UnempDur,CoxPH,1,42,1032,2.6457512378692627,1,1.0,0.9411607981544847,0.05883920184551528,1.7320507764816284,0.8455009927320207,0.15449900726797927,2.4494898319244385,0.7555488350189321,0.2444511649810679
survset:UnempDur,CoxPH,1,42,1052,1.4142135381698608,1,1.0,0.931602217133654,0.06839778286634601,1.7320507764816284,0.8219489244930478,0.1780510755069522,2.4494898319244385,0.7207253340567321,0.2792746659432679
survset:UnempDur,CoxPH,1,42,3236,3.316624879837036,1,1.0,0.9259599459387745,0.07404005406122549,1.7320507764816284,0.8082454135816005,0.1917545864183995,2.4494898319244385,0.7007681220301732,0.29923187796982675
survset:UnempDur,CoxPH,1,42,2718,1.7320507764816284,1,1.0,0.9191338065589589,0.08086619344104107,1.7320507764816284,0.791862783230704,0.20813721676929597,2.4494898319244385,0.6772052196577314,0.3227947803422686
survset:UnempDur,CoxPH,1,42,27,2.2360680103302,0,1.0,0.922738451392969,0.07726154860703105,1.7320507764816284,0.8004871767736509,0.1995128232263491,2.4494898319244385,0.6895692524261114,0.31043074757388855
survset:UnempDur,CoxPH,1,42,1565,2.2360680103302,1,1.0,0.7714520432392723,0.2285479567607277,1.7320507764816284,0.48766908325251396,0.5123309167474861,2.4494898319244385,0.30136437863952603,0.698635621360474
survset:UnempDur,CoxPH,1,42,2059,2.2360680103302,1,1.0,0.8614791884928078,0.1385208115071922,1.7320507764816284,0.6618943348791833,0.33810566512081675,2.4494898319244385,0.5019641536258127,0.4980358463741873
survset:UnempDur,CoxPH,1,42,2966,2.2360680103302,1,1.0,0.7636392327349695,0.23636076726503052,1.7320507764816284,0.4741228050457961,0.5258771949542038,2.4494898319244385,0.2875129937073516,0.7124870062926484
survset:UnempDur,CoxPH,1,42,1226,2.6457512378692627,1,1.0,0.7657933880504819,0.23420661194951808,1.7320507764816284,0.4778334766330232,0.5221665233669768,2.4494898319244385,0.29128121675151947,0.7087187832484805
survset:UnempDur,CoxPH,1,42,1227,2.2360680103302,1,1.0,0.8882829122392036,0.11171708776079636,1.7320507764816284,0.7204680342308954,0.27953196576910455,2.4494898319244385,0.5783374674894924,0.42166253251050756
survset:UnempDur,CoxPH,1,42,3051,1.0,1,1.0,0.8527624402027824,0.14723755979721764,1.7320507764816284,0.6435247949714188,0.3564752050285812,2.4494898319244385,0.47891301018448124,0.5210869898155188
survset:UnempDur,CoxPH,1,42,1785,1.0,1,1.0,0.7495433163878286,0.25045668361217144,1.7320507764816284,0.45029535449606994,0.5497046455039301,2.4494898319244385,0.26378797313958213,0.7362120268604179
survset:UnempDur,CoxPH,1,42,644,3.316624879837036,1,1.0,0.7474816731955523,0.25251832680444775,1.7320507764816284,0.44687596344973446,0.5531240365502655,2.4494898319244385,0.2604507933616197,0.7395492066383803
survset:UnempDur,CoxPH,1,42,689,1.4142135381698608,1,1.0,0.7535735156317132,0.24642648436828685,1.7320507764816284,0.4570279055694474,0.5429720944305526,2.4494898319244385,0.27040838663999717,0.7295916133600029
survset:UnempDur,CoxPH,1,42,2176,2.4494898319244385,0,1.0,0.8942967881337395,0.10570321186626053,1.7320507764816284,0.7340481620516014,0.2659518379483986,2.4494898319244385,0.5966597851003339,0.4033402148996661
survset:UnempDur,CoxPH,1,42,2178,3.7416574954986572,1,1.0,0.7922502232208016,0.20774977677919837,1.7320507764816284,0.5249278199663346,0.47507218003366536,2.4494898319244385,0.3407979900195336,0.6592020099804664
survset:UnempDur,CoxPH,1,42,2573,1.7320507764816284,1,1.0,0.9148020713121574,0.0851979286878426,1.7320507764816284,0.7815775670020272,0.21842243299797282,2.4494898319244385,0.6625778111642663,0.3374221888357337
survset:UnempDur,CoxPH,1,42,590,2.0,0,1.0,0.9082910641145786,0.0917089358854214,1.7320507764816284,0.7662790785425678,0.23372092145743217,2.4494898319244385,0.6410584314698088,0.3589415685301912
survset:UnempDur,CoxPH,1,42,2652,1.0,1,1.0,0.8628700801947935,0.1371299198052065,1.7320507764816284,0.6648560783964242,0.33514392160357576,2.4494898319244385,0.5057213403154517,0.4942786596845483
survset:UnempDur,CoxPH,1,42,393,1.7320507764816284,0,1.0,0.912399938483328,0.08760006151667199,1.7320507764816284,0.7759109429216202,0.22408905707837978,2.4494898319244385,0.6545737075267902,0.3454262924732098
survset:UnempDur,CoxPH,1,42,1249,3.872983455657959,1,1.0,0.9111639301838795,0.08883606981612047,1.7320507764816284,0.7730054574591251,0.22699454254087492,2.4494898319244385,0.6504848623695967,0.3495151376304033
survset:UnempDur,CoxPH,1,42,1670,1.4142135381698608,1,1.0,0.7948139565687482,0.2051860434312518,1.7320507764816284,0.5296423901966767,0.4703576098033233,2.4494898319244385,0.3459257101417283,0.6540742898582717
survset:UnempDur,CoxPH,1,42,800,1.7320507764816284,1,1.0,0.7158271382441883,0.2841728617558117,1.7320507764816284,0.3964411080407971,0.603558891959203,2.4494898319244385,0.21323521340273427,0.7867647865972658
survset:UnempDur,CoxPH,1,42,56,2.4494898319244385,1,1.0,0.9176425861056798,0.08235741389432016,1.7320507764816284,0.788312353556326,0.211687646443674,2.4494898319244385,0.6721413939340996,0.32785860606590045
survset:UnempDur,CoxPH,1,42,2311,2.6457512378692627,1,1.0,0.7382300894227057,0.26176991057729426,1.7320507764816284,0.4317357534457948,0.5682642465542052,2.4494898319244385,0.24588032725304798,0.754119672746952
