dataset,method,run_id,seed,sample_id,observed_time,event,horizon_t25,pred_survival_t25,pred_risk_t25,horizon_t50,pred_survival_t50,pred_risk_t50,horizon_t75,pred_survival_t75,pred_risk_t75
survset:UnempDur,RDSurv,7,48,1075,1.7320507764816284,1,1.0,0.9753075838088989,0.024692416191101074,1.7320507764816284,0.8322084546089172,0.16779154539108276,2.6457512378692627,0.5797305107116699,0.4202694892883301
survset:UnempDur,RDSurv,7,48,2394,1.7320507764816284,1,1.0,0.8866921067237854,0.1133078932762146,1.7320507764816284,0.5819162130355835,0.4180837869644165,2.6457512378692627,0.2894723117351532,0.7105276882648468
survset:UnempDur,RDSurv,7,48,2287,4.0,1,1.0,0.975407600402832,0.02459239959716797,1.7320507764816284,0.8326430320739746,0.1673569679260254,2.6457512378692627,0.5804080963134766,0.41959190368652344
survset:UnempDur,RDSurv,7,48,1439,2.0,1,1.0,0.8988667726516724,0.10113322734832764,1.7320507764816284,0.6074951887130737,0.39250481128692627,2.6457512378692627,0.31244611740112305,0.687553882598877
survset:UnempDur,RDSurv,7,48,2249,2.6457512378692627,0,1.0,0.9815163612365723,0.018483638763427734,1.7320507764816284,0.8607735633850098,0.13922643661499023,2.6457512378692627,0.6263025999069214,0.3736974000930786
survset:UnempDur,RDSurv,7,48,1516,1.0,1,1.0,0.840884804725647,0.15911519527435303,1.7320507764816284,0.49831509590148926,0.5016849040985107,2.6457512378692627,0.22185346484184265,0.7781465351581573
survset:UnempDur,RDSurv,7,48,2415,1.7320507764816284,1,1.0,0.8697594404220581,0.1302405595779419,1.7320507764816284,0.5489189624786377,0.4510810375213623,2.6457512378692627,0.2614783048629761,0.7385216951370239
survset:UnempDur,RDSurv,7,48,2180,2.4494898319244385,0,1.0,0.8011171817779541,0.1988828182220459,1.7320507764816284,0.4377383887767792,0.5622616112232208,2.6457512378692627,0.17919671535491943,0.8208032846450806
survset:UnempDur,RDSurv,7,48,2381,4.358899116516113,1,1.0,0.9845830202102661,0.015416979789733887,1.7320507764816284,0.8763400316238403,0.12365996837615967,2.6457512378692627,0.6536370515823364,0.3463629484176636
survset:UnempDur,RDSurv,7,48,1762,3.316624879837036,0,1.0,0.968719482421875,0.031280517578125,1.7320507764816284,0.8050981760025024,0.19490182399749756,2.6457512378692627,0.5391325950622559,0.46086740493774414
survset:UnempDur,RDSurv,7,48,3165,1.0,1,1.0,0.9115097522735596,0.08849024772644043,1.7320507764816284,0.6359996795654297,0.3640003204345703,2.6457512378692627,0.33945950865745544,0.6605404913425446
survset:UnempDur,RDSurv,7,48,374,3.1622776985168457,0,1.0,0.991024374961853,0.008975625038146973,1.7320507764816284,0.9137629270553589,0.08623707294464111,2.6457512378692627,0.7266031503677368,0.2733968496322632
survset:UnempDur,RDSurv,7,48,1136,1.7320507764816284,1,1.0,0.9855625629425049,0.014437437057495117,1.7320507764816284,0.8815689086914062,0.11843109130859375,2.6457512378692627,0.663174033164978,0.336825966835022
survset:UnempDur,RDSurv,7,48,842,4.4721360206604,0,1.0,0.9803236722946167,0.0196763277053833,1.7320507764816284,0.8550078868865967,0.14499211311340332,2.6457512378692627,0.616549551486969,0.383450448513031
survset:UnempDur,RDSurv,7,48,799,4.358899116516113,0,1.0,0.8693997263908386,0.13060027360916138,1.7320507764816284,0.5482470393180847,0.4517529606819153,2.6457512378692627,0.26092660427093506,0.7390733957290649
survset:UnempDur,RDSurv,7,48,462,1.4142135381698608,0,1.0,0.8697502613067627,0.1302497386932373,1.7320507764816284,0.5489016771316528,0.45109832286834717,2.6457512378692627,0.26146411895751953,0.7385358810424805
survset:UnempDur,RDSurv,7,48,3076,2.2360680103302,1,1.0,0.8334704637527466,0.16652953624725342,1.7320507764816284,0.48629748821258545,0.5137025117874146,2.6457512378692627,0.2129930853843689,0.7870069146156311
survset:UnempDur,RDSurv,7,48,468,1.0,1,1.0,0.8979411125183105,0.10205888748168945,1.7320507764816284,0.6054897308349609,0.39451026916503906,2.6457512378692627,0.3106028139591217,0.6893971860408783
survset:UnempDur,RDSurv,7,48,1371,2.2360680103302,0,1.0,0.8416253328323364,0.15837466716766357,1.7320507764816284,0.49953559041023254,0.5004644095897675,2.6457512378692627,0.222764790058136,0.777235209941864
survset:UnempDur,RDSurv,7,48,565,3.0,1,1.0,0.9859639406204224,0.014036059379577637,1.7320507764816284,0.8837515115737915,0.1162484884262085,2.6457512378692627,0.667211651802063,0.332788348197937
survset:UnempDur,RDSurv,7,48,1247,1.7320507764816284,0,1.0,0.9823505282402039,0.017649471759796143,1.7320507764816284,0.8648968935012817,0.13510310649871826,2.6457512378692627,0.633396565914154,0.36660343408584595
survset:UnempDur,RDSurv,7,48,1312,3.316624879837036,1,1.0,0.9739007949829102,0.026099205017089844,1.7320507764816284,0.8261781334877014,0.17382186651229858,2.6457512378692627,0.5704203248023987,0.4295796751976013
survset:UnempDur,RDSurv,7,48,2061,2.6457512378692627,0,1.0,0.9935498237609863,0.006450176239013672,1.7320507764816284,0.9311200976371765,0.06887990236282349,2.6457512378692627,0.7649941444396973,0.23500585556030273
survset:UnempDur,RDSurv,7,48,843,3.7416574954986572,0,1.0,0.9858285188674927,0.014171481132507324,1.7320507764816284,0.8830127716064453,0.11698722839355469,2.6457512378692627,0.6658411622047424,0.33415883779525757
survset:UnempDur,RDSurv,7,48,1682,1.4142135381698608,0,1.0,0.9749437570571899,0.02505624294281006,1.7320507764816284,0.8306350708007812,0.16936492919921875,2.6457512378692627,0.57728511095047,0.42271488904953003
survset:UnempDur,RDSurv,7,48,2163,1.7320507764816284,1,1.0,0.9815196990966797,0.018480300903320312,1.7320507764816284,0.8607895970344543,0.13921040296554565,2.6457512378692627,0.6263299584388733,0.3736700415611267
survset:UnempDur,RDSurv,7,48,3131,2.4494898319244385,0,1.0,0.9925980567932129,0.007401943206787109,1.7320507764816284,0.9243302345275879,0.07566976547241211,2.6457512378692627,0.7495552897453308,0.2504447102546692
survset:UnempDur,RDSurv,7,48,537,3.872983455657959,1,1.0,0.98604816198349,0.01395183801651001,1.7320507764816284,0.884212851524353,0.11578714847564697,2.6457512378692627,0.6680693626403809,0.33193063735961914
survset:UnempDur,RDSurv,7,48,1017,1.7320507764816284,1,1.0,0.8724522590637207,0.1275477409362793,1.7320507764816284,0.5539848804473877,0.4460151195526123,2.6457512378692627,0.26566100120544434,0.7343389987945557
survset:UnempDur,RDSurv,7,48,1163,1.7320507764816284,0,1.0,0.8554462194442749,0.1445537805557251,1.7320507764816284,0.5230289101600647,0.4769710898399353,2.6457512378692627,0.24072638154029846,0.7592736184597015
survset:UnempDur,RDSurv,7,48,1104,3.0,1,1.0,0.9267139434814453,0.07328605651855469,1.7320507764816284,0.6734364032745361,0.32656359672546387,2.6457512378692627,0.37740516662597656,0.6225948333740234
survset:UnempDur,RDSurv,7,48,2016,1.4142135381698608,1,1.0,0.9116090536117554,0.08839094638824463,1.7320507764816284,0.6362321972846985,0.3637678027153015,2.6457512378692627,0.3396862745285034,0.6603137254714966
survset:UnempDur,RDSurv,7,48,1481,2.2360680103302,0,1.0,0.9965353012084961,0.0034646987915039062,1.7320507764816284,0.9552363157272339,0.04476368427276611,2.6457512378692627,0.8254073858261108,0.17459261417388916
survset:UnempDur,RDSurv,7,48,3159,3.1622776985168457,0,1.0,0.9837477803230286,0.016252219676971436,1.7320507764816284,0.8719854950904846,0.12801450490951538,2.6457512378692627,0.6458357572555542,0.3541642427444458
survset:UnempDur,RDSurv,7,48,1845,2.4494898319244385,1,1.0,0.9791725873947144,0.020827412605285645,1.7320507764816284,0.8495786190032959,0.1504213809967041,2.6457512378692627,0.6075359582901001,0.3924640417098999
survset:UnempDur,RDSurv,7,48,1673,1.0,1,1.0,0.9279292821884155,0.07207071781158447,1.7320507764816284,0.6766015887260437,0.3233984112739563,2.6457512378692627,0.38075119256973267,0.6192488074302673
survset:UnempDur,RDSurv,7,48,2295,2.2360680103302,1,1.0,0.9024516940116882,0.09754830598831177,1.7320507764816284,0.6153628826141357,0.38463711738586426,2.6457512378692627,0.31974905729293823,0.6802509427070618
survset:UnempDur,RDSurv,7,48,495,4.582575798034668,0,1.0,0.9722394347190857,0.027760565280914307,1.7320507764816284,0.8192344307899475,0.1807655692100525,2.6457512378692627,0.5599042177200317,0.44009578227996826
survset:UnempDur,RDSurv,7,48,1500,1.4142135381698608,0,1.0,0.8825668096542358,0.11743319034576416,1.7320507764816284,0.573617696762085,0.42638230323791504,2.6457512378692627,0.2822626829147339,0.7177373170852661
survset:UnempDur,RDSurv,7,48,125,1.4142135381698608,1,1.0,0.8229674100875854,0.17703258991241455,1.7320507764816284,0.4698721468448639,0.5301278531551361,2.6457512378692627,0.20120739936828613,0.7987926006317139
survset:UnempDur,RDSurv,7,48,2014,1.0,1,1.0,0.8759516477584839,0.12404835224151611,1.7320507764816284,0.5606670379638672,0.4393329620361328,2.6457512378692627,0.27124083042144775,0.7287591695785522
survset:UnempDur,RDSurv,7,48,2679,3.464101552963257,1,1.0,0.9778133034706116,0.022186696529388428,1.7320507764816284,0.8433260917663574,0.15667390823364258,2.6457512378692627,0.5973512530326843,0.4026487469673157
survset:UnempDur,RDSurv,7,48,1299,2.0,1,1.0,0.9876906871795654,0.01230931282043457,1.7320507764816284,0.8934363126754761,0.10656368732452393,2.6457512378692627,0.6855539679527283,0.31444603204727173
survset:UnempDur,RDSurv,7,48,2808,1.0,1,1.0,0.885042667388916,0.11495733261108398,1.7320507764816284,0.5785769820213318,0.4214230179786682,2.6457512378692627,0.2865571975708008,0.7134428024291992
survset:UnempDur,RDSurv,7,48,596,1.0,1,1.0,0.7958656549453735,0.20413434505462646,1.7320507764816284,0.43039047718048096,0.569609522819519,2.6457512378692627,0.17435222864151,0.82564777135849
survset:UnempDur,RDSurv,7,48,689,1.4142135381698608,1,1.0,0.871634304523468,0.12836569547653198,1.7320507764816284,0.5524391531944275,0.4475608468055725,2.6457512378692627,0.26438039541244507,0.7356196045875549
survset:UnempDur,RDSurv,7,48,155,1.4142135381698608,1,1.0,0.8858688473701477,0.1141311526298523,1.7320507764816284,0.5802460312843323,0.4197539687156677,2.6457512378692627,0.2880118787288666,0.7119881212711334
survset:UnempDur,RDSurv,7,48,3108,2.4494898319244385,0,1.0,0.9826485514640808,0.01735144853591919,1.7320507764816284,0.866389274597168,0.13361072540283203,2.6457512378692627,0.6359893083572388,0.36401069164276123
survset:UnempDur,RDSurv,7,48,1029,1.0,0,1.0,0.9789104461669922,0.021089553833007812,1.7320507764816284,0.8483600616455078,0.1516399383544922,2.6457512378692627,0.6055350303649902,0.39446496963500977
survset:UnempDur,RDSurv,7,48,2914,1.7320507764816284,1,1.0,0.9094948768615723,0.09050512313842773,1.7320507764816284,0.6313107013702393,0.36868929862976074,2.6457512378692627,0.3349088430404663,0.6650911569595337
survset:UnempDur,RDSurv,7,48,2370,2.8284270763397217,0,1.0,0.9888594150543213,0.011140584945678711,1.7320507764816284,0.9002919793128967,0.09970802068710327,2.6457512378692627,0.6989879608154297,0.3010120391845703
survset:UnempDur,RDSurv,7,48,1434,1.0,1,1.0,0.8945741653442383,0.10542583465576172,1.7320507764816284,0.5982819199562073,0.4017180800437927,2.6457512378692627,0.30403777956962585,0.6959622204303741
survset:UnempDur,RDSurv,7,48,2597,2.2360680103302,0,1.0,0.9875017404556274,0.012498259544372559,1.7320507764816284,0.8923518061637878,0.10764819383621216,2.6457512378692627,0.6834640502929688,0.31653594970703125
survset:UnempDur,RDSurv,7,48,1605,1.7320507764816284,0,1.0,0.9902482032775879,0.00975179672241211,1.7320507764816284,0.9088060855865479,0.09119391441345215,2.6457512378692627,0.7162420749664307,0.28375792503356934
survset:UnempDur,RDSurv,7,48,2725,1.4142135381698608,1,1.0,0.9429152011871338,0.05708479881286621,1.7320507764816284,0.718165934085846,0.28183406591415405,2.6457512378692627,0.4268798828125,0.5731201171875
survset:UnempDur,RDSurv,7,48,1298,2.0,0,1.0,0.9708799123764038,0.02912008762359619,1.7320507764816284,0.8136858344078064,0.1863141655921936,2.6457512378692627,0.5516518354415894,0.44834816455841064
survset:UnempDur,RDSurv,7,48,3055,1.7320507764816284,0,1.0,0.9654542803764343,0.034545719623565674,1.7320507764816284,0.792605996131897,0.20739400386810303,2.6457512378692627,0.5214415192604065,0.4785584807395935
survset:UnempDur,RDSurv,7,48,202,1.7320507764816284,1,1.0,0.9752613306045532,0.024738669395446777,1.7320507764816284,0.8320081233978271,0.16799187660217285,2.6457512378692627,0.579418420791626,0.420581579208374
survset:UnempDur,RDSurv,7,48,3013,1.7320507764816284,1,1.0,0.9777807593345642,0.02221924066543579,1.7320507764816284,0.843178391456604,0.156821608543396,2.6457512378692627,0.5971131920814514,0.4028868079185486
survset:UnempDur,RDSurv,7,48,2938,1.4142135381698608,1,1.0,0.989855945110321,0.010144054889678955,1.7320507764816284,0.9063572287559509,0.09364277124404907,2.6457512378692627,0.7112112641334534,0.28878873586654663
survset:UnempDur,RDSurv,7,48,1556,1.0,1,1.0,0.8679760694503784,0.13202393054962158,1.7320507764816284,0.5455992221832275,0.45440077781677246,2.6457512378692627,0.25875943899154663,0.7412405610084534
survset:UnempDur,RDSurv,7,48,2437,1.0,1,1.0,0.9124925136566162,0.08750748634338379,1.7320507764816284,0.6383082270622253,0.36169177293777466,2.6457512378692627,0.34171590209007263,0.6582840979099274
survset:UnempDur,RDSurv,7,48,3062,2.6457512378692627,0,1.0,0.8230229020118713,0.17697709798812866,1.7320507764816284,0.469957172870636,0.530042827129364,2.6457512378692627,0.20126745104789734,0.7987325489521027
survset:UnempDur,RDSurv,7,48,2096,2.2360680103302,0,1.0,0.9789421558380127,0.021057844161987305,1.7320507764816284,0.8485068678855896,0.1514931321144104,2.6457512378692627,0.6057755947113037,0.3942244052886963
survset:UnempDur,RDSurv,7,48,1272,1.0,1,1.0,0.7968431711196899,0.20315682888031006,1.7320507764816284,0.4317478537559509,0.5682521462440491,2.6457512378692627,0.17524200677871704,0.824757993221283
survset:UnempDur,RDSurv,7,48,2410,1.4142135381698608,1,1.0,0.8569132089614868,0.14308679103851318,1.7320507764816284,0.525606095790863,0.47439390420913696,2.6457512378692627,0.2427462339401245,0.7572537660598755
survset:UnempDur,RDSurv,7,48,1532,1.0,1,1.0,0.6357772946357727,0.3642227053642273,1.7320507764816284,0.25619202852249146,0.7438079714775085,2.6457512378692627,0.07826262712478638,0.9217373728752136
survset:UnempDur,RDSurv,7,48,1430,1.7320507764816284,1,1.0,0.8981832265853882,0.10181677341461182,1.7320507764816284,0.6060131788253784,0.3939868211746216,2.6457512378692627,0.31108328700065613,0.6889167129993439
survset:UnempDur,RDSurv,7,48,878,1.4142135381698608,1,1.0,0.9731370806694031,0.026862919330596924,1.7320507764816284,0.8229630589485168,0.17703694105148315,2.6457512378692627,0.5655245184898376,0.43447548151016235
survset:UnempDur,RDSurv,7,48,3193,3.0,1,1.0,0.9747588634490967,0.02524113655090332,1.7320507764816284,0.8298391699790955,0.17016083002090454,2.6457512378692627,0.5760524272918701,0.4239475727081299
survset:UnempDur,RDSurv,7,48,252,1.0,1,1.0,0.8228163719177246,0.1771836280822754,1.7320507764816284,0.469640851020813,0.530359148979187,2.6457512378692627,0.20104408264160156,0.7989559173583984
survset:UnempDur,RDSurv,7,48,428,2.4494898319244385,0,1.0,0.9866648316383362,0.013335168361663818,1.7320507764816284,0.8876233100891113,0.11237668991088867,2.6457512378692627,0.6744592189788818,0.32554078102111816
survset:UnempDur,RDSurv,7,48,953,1.0,0,1.0,0.9159567952156067,0.08404320478439331,1.7320507764816284,0.6465617418289185,0.35343825817108154,2.6457512378692627,0.3498702645301819,0.6501297354698181
survset:UnempDur,RDSurv,7,48,3129,1.7320507764816284,1,1.0,0.9698911905288696,0.03010880947113037,1.7320507764816284,0.8097221255302429,0.19027787446975708,2.6457512378692627,0.5458359718322754,0.4541640281677246
survset:UnempDur,RDSurv,7,48,912,1.0,1,1.0,0.869929313659668,0.13007068634033203,1.7320507764816284,0.549236536026001,0.450763463973999,2.6457512378692627,0.2617393732070923,0.7382606267929077
survset:UnempDur,RDSurv,7,48,1452,3.0,1,1.0,0.9733943939208984,0.026605606079101562,1.7320507764816284,0.8240418434143066,0.17595815658569336,2.6457512378692627,0.5671620965003967,0.43283790349960327
survset:UnempDur,RDSurv,7,48,1584,1.4142135381698608,1,1.0,0.8957335352897644,0.1042664647102356,1.7320507764816284,0.6007487177848816,0.3992512822151184,2.6457512378692627,0.30627405643463135,0.6937259435653687
survset:UnempDur,RDSurv,7,48,947,2.6457512378692627,1,1.0,0.9848723411560059,0.01512765884399414,1.7320507764816284,0.8778704404830933,0.12212955951690674,2.6457512378692627,0.6564087867736816,0.34359121322631836
survset:UnempDur,RDSurv,7,48,2686,1.0,1,1.0,0.8366525173187256,0.16334748268127441,1.7320507764816284,0.4914108216762543,0.5085891783237457,2.6457512378692627,0.21673822402954102,0.783261775970459
survset:UnempDur,RDSurv,7,48,24,2.4494898319244385,1,1.0,0.9825024604797363,0.017497539520263672,1.7320507764816284,0.8656566143035889,0.13434338569641113,2.6457512378692627,0.6347147822380066,0.3652852177619934
survset:UnempDur,RDSurv,7,48,69,1.0,1,1.0,0.9751141667366028,0.024885833263397217,1.7320507764816284,0.831371009349823,0.168628990650177,2.6457512378692627,0.5784274339675903,0.42157256603240967
survset:UnempDur,RDSurv,7,48,10,3.872983455657959,0,1.0,0.9923962354660034,0.007603764533996582,1.7320507764816284,0.9229320287704468,0.07706797122955322,2.6457512378692627,0.7464463710784912,0.2535536289215088
survset:UnempDur,RDSurv,7,48,1800,1.4142135381698608,0,1.0,0.7302544713020325,0.26974552869796753,1.7320507764816284,0.34873372316360474,0.6512662768363953,2.6457512378692627,0.12497591972351074,0.8750240802764893
survset:UnempDur,RDSurv,7,48,2871,3.316624879837036,1,1.0,0.775170087814331,0.22482991218566895,1.7320507764816284,0.4027087688446045,0.5972912311553955,2.6457512378692627,0.1567111611366272,0.8432888388633728
survset:UnempDur,RDSurv,7,48,2979,1.0,1,1.0,0.8291313648223877,0.1708686351776123,1.7320507764816284,0.4794292449951172,0.5205707550048828,2.6457512378692627,0.20801985263824463,0.7919801473617554
survset:UnempDur,RDSurv,7,48,2250,1.4142135381698608,0,1.0,0.8613123893737793,0.1386876106262207,1.7320507764816284,0.5334361791610718,0.4665638208389282,2.6457512378692627,0.24894464015960693,0.7510553598403931
survset:UnempDur,RDSurv,7,48,3239,1.0,1,1.0,0.9026627540588379,0.09733724594116211,1.7320507764816284,0.615831196308136,0.384168803691864,2.6457512378692627,0.3201873302459717,0.6798126697540283
survset:UnempDur,RDSurv,7,48,879,3.7416574954986572,1,1.0,0.9735023975372314,0.026497602462768555,1.7320507764816284,0.8244960308074951,0.17550396919250488,2.6457512378692627,0.5678530931472778,0.43214690685272217
survset:UnempDur,RDSurv,7,48,454,1.4142135381698608,1,1.0,0.8937780857086182,0.10622191429138184,1.7320507764816284,0.5965973138809204,0.4034026861190796,2.6457512378692627,0.30251672863960266,0.6974832713603973
survset:UnempDur,RDSurv,7,48,1852,2.4494898319244385,1,1.0,0.974694013595581,0.025305986404418945,1.7320507764816284,0.8295607566833496,0.1704392433166504,2.6457512378692627,0.5756219625473022,0.42437803745269775
survset:UnempDur,RDSurv,7,48,528,2.8284270763397217,0,1.0,0.9763771295547485,0.023622870445251465,1.7320507764816284,0.8368926048278809,0.16310739517211914,2.6457512378692627,0.5870805978775024,0.41291940212249756
survset:UnempDur,RDSurv,7,48,1110,2.6457512378692627,1,1.0,0.9827321171760559,0.017267882823944092,1.7320507764816284,0.866809606552124,0.13319039344787598,2.6457512378692627,0.6367220878601074,0.3632779121398926
survset:UnempDur,RDSurv,7,48,1874,3.605551242828369,1,1.0,0.9869478940963745,0.013052105903625488,1.7320507764816284,0.8892091512680054,0.11079084873199463,2.6457512378692627,0.6774601340293884,0.3225398659706116
survset:UnempDur,RDSurv,7,48,2588,1.7320507764816284,1,1.0,0.9981533288955688,0.0018466711044311523,1.7320507764816284,0.9713432788848877,0.028656721115112305,2.6457512378692627,0.8726876974105835,0.1273123025894165
survset:UnempDur,RDSurv,7,48,584,2.8284270763397217,0,1.0,0.9769589900970459,0.0230410099029541,1.7320507764816284,0.8394783735275269,0.16052162647247314,2.6457512378692627,0.5911838412284851,0.4088161587715149
survset:UnempDur,RDSurv,7,48,1054,1.7320507764816284,1,1.0,0.9053151607513428,0.09468483924865723,1.7320507764816284,0.6217657327651978,0.37823426723480225,2.6457512378692627,0.3257773518562317,0.6742226481437683
survset:UnempDur,RDSurv,7,48,1205,1.4142135381698608,0,1.0,0.8952147960662842,0.10478520393371582,1.7320507764816284,0.5996430516242981,0.4003569483757019,2.6457512378692627,0.30527034401893616,0.6947296559810638
survset:UnempDur,RDSurv,7,48,1257,1.7320507764816284,0,1.0,0.9935803413391113,0.006419658660888672,1.7320507764816284,0.9313435554504395,0.06865644454956055,2.6457512378692627,0.765512228012085,0.23448777198791504
survset:UnempDur,RDSurv,7,48,492,2.2360680103302,0,1.0,0.776106595993042,0.223893404006958,1.7320507764816284,0.40391969680786133,0.5960803031921387,2.6457512378692627,0.15746304392814636,0.8425369560718536
survset:UnempDur,RDSurv,7,48,911,1.7320507764816284,1,1.0,0.9709628820419312,0.029037117958068848,1.7320507764816284,0.8140214681625366,0.18597853183746338,2.6457512378692627,0.5521473288536072,0.4478526711463928
survset:UnempDur,RDSurv,7,48,1354,2.4494898319244385,0,1.0,0.9867340326309204,0.01326596736907959,1.7320507764816284,0.8880099058151245,0.11199009418487549,2.6457512378692627,0.6751889586448669,0.32481104135513306
survset:UnempDur,RDSurv,7,48,310,1.0,1,1.0,0.8615999221801758,0.13840007781982422,1.7320507764816284,0.5339534282684326,0.4660465717315674,2.6457512378692627,0.24935737252235413,0.7506426274776459
survset:UnempDur,RDSurv,7,48,568,1.4142135381698608,1,1.0,0.8675969243049622,0.13240307569503784,1.7320507764816284,0.5448971390724182,0.4551028609275818,2.6457512378692627,0.2581866383552551,0.7418133616447449
survset:UnempDur,RDSurv,7,48,1317,3.0,1,1.0,0.9759622812271118,0.024037718772888184,1.7320507764816284,0.8350651860237122,0.16493481397628784,2.6457512378692627,0.5842006206512451,0.4157993793487549
survset:UnempDur,RDSurv,7,48,984,2.8284270763397217,1,1.0,0.9854999780654907,0.014500021934509277,1.7320507764816284,0.8812308311462402,0.11876916885375977,2.6457512378692627,0.6625517010688782,0.3374482989311218
survset:UnempDur,RDSurv,7,48,1131,1.0,1,1.0,0.8202742338180542,0.1797257661819458,1.7320507764816284,0.4657675623893738,0.5342324376106262,2.6457512378692627,0.19831961393356323,0.8016803860664368
survset:UnempDur,RDSurv,7,48,873,2.6457512378692627,1,1.0,0.9728494882583618,0.027150511741638184,1.7320507764816284,0.8217625617980957,0.1782374382019043,2.6457512378692627,0.5637083649635315,0.4362916350364685
survset:UnempDur,RDSurv,7,48,2723,3.1622776985168457,0,1.0,0.9828691482543945,0.01713085174560547,1.7320507764816284,0.8675007820129395,0.13249921798706055,2.6457512378692627,0.6379294395446777,0.36207056045532227
survset:UnempDur,RDSurv,7,48,1189,1.4142135381698608,1,1.0,0.861331582069397,0.13866841793060303,1.7320507764816284,0.5334706902503967,0.46652930974960327,2.6457512378692627,0.24897217750549316,0.7510278224945068
survset:UnempDur,RDSurv,7,48,62,5.196152210235596,0,1.0,0.9757715463638306,0.024228453636169434,1.7320507764816284,0.8342297077178955,0.1657702922821045,2.6457512378692627,0.582889199256897,0.417110800743103
survset:UnempDur,RDSurv,7,48,473,1.0,1,1.0,0.7658135890960693,0.23418641090393066,1.7320507764816284,0.3908151388168335,0.6091848611831665,2.6457512378692627,0.14942094683647156,0.8505790531635284
survset:UnempDur,RDSurv,7,48,475,1.7320507764816284,1,1.0,0.9946699142456055,0.005330085754394531,1.7320507764816284,0.9395877718925476,0.06041222810745239,2.6457512378692627,0.7851185202598572,0.21488147974014282
survset:UnempDur,RDSurv,7,48,1478,2.0,1,1.0,0.6857063174247742,0.31429368257522583,1.7320507764816284,0.3020170032978058,0.6979829967021942,2.6457512378692627,0.10021400451660156,0.8997859954833984
survset:UnempDur,RDSurv,7,48,1252,3.7416574954986572,1,1.0,0.7857084274291992,0.21429157257080078,1.7320507764816284,0.41655847430229187,0.5834415256977081,2.6457512378692627,0.16541817784309387,0.8345818221569061
survset:UnempDur,RDSurv,7,48,2170,2.4494898319244385,1,1.0,0.9911007881164551,0.008899211883544922,1.7320507764816284,0.9142595529556274,0.08574044704437256,2.6457512378692627,0.7276548743247986,0.2723451256752014
survset:UnempDur,RDSurv,7,48,2285,1.4142135381698608,0,1.0,0.9634994268417358,0.03650057315826416,1.7320507764816284,0.7853818535804749,0.21461814641952515,2.6457512378692627,0.5114776492118835,0.48852235078811646
survset:UnempDur,RDSurv,7,48,2008,2.6457512378692627,0,1.0,0.9735307693481445,0.02646923065185547,1.7320507764816284,0.8246152997016907,0.17538470029830933,2.6457512378692627,0.5680347084999084,0.43196529150009155
survset:UnempDur,RDSurv,7,48,87,1.4142135381698608,0,1.0,0.9683176279067993,0.031682372093200684,1.7320507764816284,0.8035303354263306,0.19646966457366943,2.6457512378692627,0.5368790030479431,0.4631209969520569
survset:UnempDur,RDSurv,7,48,2168,2.4494898319244385,0,1.0,0.9821682572364807,0.017831742763519287,1.7320507764816284,0.8639892339706421,0.1360107660293579,2.6457512378692627,0.6318261623382568,0.36817383766174316
survset:UnempDur,RDSurv,7,48,2767,1.4142135381698608,1,1.0,0.9814795255661011,0.018520474433898926,1.7320507764816284,0.8605931997299194,0.13940680027008057,2.6457512378692627,0.6259945631027222,0.37400543689727783
survset:UnempDur,RDSurv,7,48,1996,1.7320507764816284,1,1.0,0.8443576097488403,0.15564239025115967,1.7320507764816284,0.5040714144706726,0.4959285855293274,2.6457512378692627,0.22617009282112122,0.7738299071788788
survset:UnempDur,RDSurv,7,48,3188,3.0,0,1.0,0.8766822218894958,0.12331777811050415,1.7320507764816284,0.5620764493942261,0.4379235506057739,2.6457512378692627,0.2724270224571228,0.7275729775428772
survset:UnempDur,RDSurv,7,48,808,3.0,0,1.0,0.9674152135848999,0.0325847864151001,1.7320507764816284,0.8000413179397583,0.1999586820602417,2.6457512378692627,0.5318987369537354,0.46810126304626465
survset:UnempDur,RDSurv,7,48,615,2.0,1,1.0,0.9793384075164795,0.020661592483520508,1.7320507764816284,0.8503528833389282,0.14964711666107178,2.6457512378692627,0.6088116765022278,0.3911883234977722
survset:UnempDur,RDSurv,7,48,1640,1.0,1,1.0,0.8706327676773071,0.12936723232269287,1.7320507764816284,0.5505546927452087,0.44944530725479126,2.6457512378692627,0.2628243863582611,0.7371756136417389
survset:UnempDur,RDSurv,7,48,64,2.2360680103302,1,1.0,0.8788347244262695,0.12116527557373047,1.7320507764816284,0.5662587881088257,0.4337412118911743,2.6457512378692627,0.2759658694267273,0.7240341305732727
survset:UnempDur,RDSurv,7,48,952,1.4142135381698608,1,1.0,0.9066431522369385,0.09335684776306152,1.7320507764816284,0.6247724890708923,0.37522751092910767,2.6457512378692627,0.32863491773605347,0.6713650822639465
survset:UnempDur,RDSurv,7,48,2671,1.7320507764816284,0,1.0,0.8516175746917725,0.14838242530822754,1.7320507764816284,0.5163806080818176,0.4836193919181824,2.6457512378692627,0.23556137084960938,0.7644386291503906
survset:UnempDur,RDSurv,7,48,2791,1.0,1,1.0,0.8661952614784241,0.13380473852157593,1.7320507764816284,0.5423120260238647,0.45768797397613525,2.6457512378692627,0.25608426332473755,0.7439157366752625
survset:UnempDur,RDSurv,7,48,370,1.0,1,1.0,0.8774250149726868,0.12257498502731323,1.7320507764816284,0.5635146498680115,0.4364853501319885,2.6457512378692627,0.2736406922340393,0.7263593077659607
survset:UnempDur,RDSurv,7,48,716,2.6457512378692627,1,1.0,0.9816493988037109,0.018350601196289062,1.7320507764816284,0.8614259362220764,0.13857406377792358,2.6457512378692627,0.6274182200431824,0.3725817799568176
survset:UnempDur,RDSurv,7,48,274,5.196152210235596,0,1.0,0.9153751730918884,0.08462482690811157,1.7320507764816284,0.6451632380485535,0.35483676195144653,2.6457512378692627,0.34847891330718994,0.6515210866928101
survset:UnempDur,RDSurv,7,48,144,3.872983455657959,0,1.0,0.9751005172729492,0.02489948272705078,1.7320507764816284,0.8313120603561401,0.16868793964385986,2.6457512378692627,0.5783358216285706,0.42166417837142944
survset:UnempDur,RDSurv,7,48,794,4.123105525970459,0,1.0,0.9764280319213867,0.02357196807861328,1.7320507764816284,0.8371177315711975,0.1628822684288025,2.6457512378692627,0.5874366164207458,0.41256338357925415
survset:UnempDur,RDSurv,7,48,1724,3.0,1,1.0,0.9817445874214172,0.018255412578582764,1.7320507764816284,0.861893892288208,0.138106107711792,2.6457512378692627,0.6282200217247009,0.3717799782752991
survset:UnempDur,RDSurv,7,48,2929,1.4142135381698608,1,1.0,0.9009333252906799,0.09906667470932007,1.7320507764816284,0.6120108366012573,0.3879891633987427,2.6457512378692627,0.31662362813949585,0.6833763718605042
survset:UnempDur,RDSurv,7,48,1635,3.0,1,1.0,0.9839355945587158,0.01606440544128418,1.7320507764816284,0.8729568123817444,0.12704318761825562,2.6457512378692627,0.6475650072097778,0.35243499279022217
survset:UnempDur,RDSurv,7,48,1251,4.4721360206604,0,1.0,0.99241042137146,0.007589578628540039,1.7320507764816284,0.9230297803878784,0.07697021961212158,2.6457512378692627,0.7466629147529602,0.2533370852470398
survset:UnempDur,RDSurv,7,48,1025,3.7416574954986572,0,1.0,0.9881166815757751,0.011883318424224854,1.7320507764816284,0.8959046602249146,0.10409533977508545,2.6457512378692627,0.6903459429740906,0.3096540570259094
survset:UnempDur,RDSurv,7,48,2389,2.2360680103302,0,1.0,0.9735606908798218,0.026439309120178223,1.7320507764816284,0.8247413635253906,0.17525863647460938,2.6457512378692627,0.56822669506073,0.43177330493927
survset:UnempDur,RDSurv,7,48,2203,1.7320507764816284,1,1.0,0.9815739393234253,0.018426060676574707,1.7320507764816284,0.8610556125640869,0.13894438743591309,2.6457512378692627,0.6267846822738647,0.37321531772613525
survset:UnempDur,RDSurv,7,48,2897,1.4142135381698608,1,1.0,0.8775374889373779,0.12246251106262207,1.7320507764816284,0.5637328028678894,0.4362671971321106,2.6457512378692627,0.27382510900497437,0.7261748909950256
survset:UnempDur,RDSurv,7,48,1668,3.605551242828369,0,1.0,0.9722896814346313,0.027710318565368652,1.7320507764816284,0.8194419145584106,0.18055808544158936,2.6457512378692627,0.5602153539657593,0.4397846460342407
survset:UnempDur,RDSurv,7,48,2702,3.1622776985168457,1,1.0,0.971204400062561,0.028795599937438965,1.7320507764816284,0.8149998188018799,0.18500018119812012,2.6457512378692627,0.5535943508148193,0.44640564918518066
survset:UnempDur,RDSurv,7,48,1118,2.0,0,1.0,0.9875093698501587,0.012490630149841309,1.7320507764816284,0.8923951983451843,0.10760480165481567,2.6457512378692627,0.6835474967956543,0.3164525032043457
survset:UnempDur,RDSurv,7,48,266,1.4142135381698608,1,1.0,0.9852950572967529,0.01470494270324707,1.7320507764816284,0.8801273107528687,0.11987268924713135,2.6457512378692627,0.6605256795883179,0.33947432041168213
survset:UnempDur,RDSurv,7,48,2787,2.2360680103302,1,1.0,0.8583016991615295,0.14169830083847046,1.7320507764816284,0.528060793876648,0.47193920612335205,2.6457512378692627,0.24467942118644714,0.7553205788135529
survset:UnempDur,RDSurv,7,48,2303,3.1622776985168457,1,1.0,0.9772548675537109,0.022745132446289062,1.7320507764816284,0.8408039212226868,0.15919607877731323,2.6457512378692627,0.5933001041412354,0.40669989585876465
survset:UnempDur,RDSurv,7,48,971,1.7320507764816284,0,1.0,0.9828047752380371,0.01719522476196289,1.7320507764816284,0.8671754598617554,0.13282454013824463,2.6457512378692627,0.6373608708381653,0.3626391291618347
survset:UnempDur,RDSurv,7,48,2131,1.7320507764816284,0,1.0,0.7598034143447876,0.2401965856552124,1.7320507764816284,0.3833653926849365,0.6166346073150635,2.6457512378692627,0.14494135975837708,0.8550586402416229
survset:UnempDur,RDSurv,7,48,1811,2.6457512378692627,1,1.0,0.9703572988510132,0.029642701148986816,1.7320507764816284,0.8115833401679993,0.18841665983200073,2.6457512378692627,0.54855877161026,0.45144122838974
survset:UnempDur,RDSurv,7,48,1490,1.0,1,1.0,0.9821634292602539,0.017836570739746094,1.7320507764816284,0.8639652132987976,0.1360347867012024,2.6457512378692627,0.6317847967147827,0.3682152032852173
survset:UnempDur,RDSurv,7,48,1802,3.316624879837036,0,1.0,0.9716744422912598,0.028325557708740234,1.7320507764816284,0.8169143199920654,0.18308568000793457,2.6457512378692627,0.5564375519752502,0.44356244802474976
survset:UnempDur,RDSurv,7,48,1890,2.0,0,1.0,0.9809751510620117,0.01902484893798828,1.7320507764816284,0.8581387996673584,0.1418612003326416,2.6457512378692627,0.6218221187591553,0.3781778812408447
survset:UnempDur,RDSurv,7,48,1147,1.4142135381698608,0,1.0,0.9685381650924683,0.03146183490753174,1.7320507764816284,0.8043897151947021,0.19561028480529785,2.6457512378692627,0.538112998008728,0.461887001991272
survset:UnempDur,RDSurv,7,48,378,2.2360680103302,0,1.0,0.8753196001052856,0.12468039989471436,1.7320507764816284,0.5594516396522522,0.4405483603477478,2.6457512378692627,0.2702205777168274,0.7297794222831726
survset:UnempDur,RDSurv,7,48,2045,1.7320507764816284,1,1.0,0.991386890411377,0.008613109588623047,1.7320507764816284,0.9161326885223389,0.08386731147766113,2.6457512378692627,0.7316446900367737,0.2683553099632263
survset:UnempDur,RDSurv,7,48,2362,1.7320507764816284,1,1.0,0.8139879703521729,0.18601202964782715,1.7320507764816284,0.45634910464286804,0.543650895357132,2.6457512378692627,0.19177857041358948,0.8082214295864105
survset:UnempDur,RDSurv,7,48,1339,2.2360680103302,1,1.0,0.8801782727241516,0.11982172727584839,1.7320507764816284,0.5688920617103577,0.43110793828964233,2.6457512378692627,0.27820879220962524,0.7217912077903748
survset:UnempDur,RDSurv,7,48,2363,2.6457512378692627,0,1.0,0.9893231391906738,0.010676860809326172,1.7320507764816284,0.9030877351760864,0.09691226482391357,2.6457512378692627,0.7045813798904419,0.2954186201095581
survset:UnempDur,RDSurv,7,48,2313,2.0,1,1.0,0.9785979390144348,0.021402060985565186,1.7320507764816284,0.8469151258468628,0.1530848741531372,2.6457512378692627,0.6031723618507385,0.3968276381492615
survset:UnempDur,RDSurv,7,48,3024,1.0,0,1.0,0.9737975597381592,0.02620244026184082,1.7320507764816284,0.825741171836853,0.17425882816314697,2.6457512378692627,0.5697522163391113,0.43024778366088867
survset:UnempDur,RDSurv,7,48,1555,3.1622776985168457,0,1.0,0.9973918199539185,0.002608180046081543,1.7320507764816284,0.9633560180664062,0.03664398193359375,2.6457512378692627,0.8483325839042664,0.15166741609573364
survset:UnempDur,RDSurv,7,48,210,5.196152210235596,0,1.0,0.9903866648674011,0.009613335132598877,1.7320507764816284,0.9096791744232178,0.09032082557678223,2.6457512378692627,0.7180495262145996,0.2819504737854004
survset:UnempDur,RDSurv,7,48,1957,2.2360680103302,0,1.0,0.9775208830833435,0.022479116916656494,1.7320507764816284,0.8420022130012512,0.15799778699874878,2.6457512378692627,0.5952208042144775,0.40477919578552246
survset:UnempDur,RDSurv,7,48,985,3.605551242828369,0,1.0,0.909674882888794,0.09032511711120605,1.7320507764816284,0.6317272186279297,0.3682727813720703,2.6457512378692627,0.33531129360198975,0.6646887063980103
survset:UnempDur,RDSurv,7,48,3092,2.6457512378692627,0,1.0,0.9711555242538452,0.028844475746154785,1.7320507764816284,0.8148013353347778,0.18519866466522217,2.6457512378692627,0.5533004403114319,0.4466995596885681
survset:UnempDur,RDSurv,7,48,1348,3.0,0,1.0,0.9742246866226196,0.02577531337738037,1.7320507764816284,0.8275540471076965,0.17244595289230347,2.6457512378692627,0.5725298523902893,0.4274701476097107
survset:UnempDur,RDSurv,7,48,852,1.0,1,1.0,0.7859606742858887,0.21403932571411133,1.7320507764816284,0.4168960750102997,0.5831039249897003,2.6457512378692627,0.16563338041305542,0.8343666195869446
survset:UnempDur,RDSurv,7,48,2428,2.8284270763397217,1,1.0,0.9748327732086182,0.025167226791381836,1.7320507764816284,0.8301571607589722,0.16984283924102783,2.6457512378692627,0.5765445828437805,0.4234554171562195
survset:UnempDur,RDSurv,7,48,2147,1.4142135381698608,1,1.0,0.9666601419448853,0.033339858055114746,1.7320507764816284,0.7971550226211548,0.20284497737884521,2.6457512378692627,0.5278145670890808,0.4721854329109192
survset:UnempDur,RDSurv,7,48,720,2.0,0,1.0,0.9843993186950684,0.01560068130493164,1.7320507764816284,0.875374436378479,0.124625563621521,2.6457512378692627,0.6518962383270264,0.34810376167297363
survset:UnempDur,RDSurv,7,48,2115,4.242640495300293,1,1.0,0.9803798198699951,0.019620180130004883,1.7320507764816284,0.8552760481834412,0.14472395181655884,2.6457512378692627,0.6169990301132202,0.3830009698867798
survset:UnempDur,RDSurv,7,48,1460,1.4142135381698608,1,1.0,0.9000793695449829,0.09992063045501709,1.7320507764816284,0.6101382970809937,0.38986170291900635,2.6457512378692627,0.31488677859306335,0.6851132214069366
survset:UnempDur,RDSurv,7,48,3178,1.0,1,1.0,0.8889108896255493,0.11108911037445068,1.7320507764816284,0.5864538550376892,0.4135461449623108,2.6457512378692627,0.29346412420272827,0.7065358757972717
survset:UnempDur,RDSurv,7,48,3205,3.316624879837036,1,1.0,0.9732102751731873,0.026789724826812744,1.7320507764816284,0.8232694864273071,0.17673051357269287,2.6457512378692627,0.5659891963005066,0.4340108036994934
survset:UnempDur,RDSurv,7,48,1860,2.6457512378692627,0,1.0,0.9879941940307617,0.012005805969238281,1.7320507764816284,0.8951916098594666,0.10480839014053345,2.6457512378692627,0.6889565587043762,0.3110434412956238
survset:UnempDur,RDSurv,7,48,3022,2.0,1,1.0,0.848191499710083,0.151808500289917,1.7320507764816284,0.5105242133140564,0.4894757866859436,2.6457512378692627,0.23106572031974792,0.7689342796802521
survset:UnempDur,RDSurv,7,48,1914,2.2360680103302,0,1.0,0.8774165511131287,0.12258344888687134,1.7320507764816284,0.5634982585906982,0.43650174140930176,2.6457512378692627,0.27362683415412903,0.726373165845871
survset:UnempDur,RDSurv,7,48,3006,1.7320507764816284,1,1.0,0.98707115650177,0.01292884349822998,1.7320507764816284,0.8899042010307312,0.1100957989692688,2.6457512378692627,0.6787813901901245,0.3212186098098755
survset:UnempDur,RDSurv,7,48,176,2.0,0,1.0,0.8856368660926819,0.11436313390731812,1.7320507764816284,0.5797766447067261,0.4202233552932739,2.6457512378692627,0.2876023054122925,0.7123976945877075
survset:UnempDur,RDSurv,7,48,94,1.4142135381698608,1,1.0,0.8210222125053406,0.17897778749465942,1.7320507764816284,0.46690329909324646,0.5330967009067535,2.6457512378692627,0.19911640882492065,0.8008835911750793
survset:UnempDur,RDSurv,7,48,1239,1.4142135381698608,0,1.0,0.9915152788162231,0.008484721183776855,1.7320507764816284,0.9169808626174927,0.08301913738250732,2.6457512378692627,0.7334633469581604,0.2665366530418396
survset:UnempDur,RDSurv,7,48,2980,1.4142135381698608,1,1.0,0.7895718812942505,0.2104281187057495,1.7320507764816284,0.421762079000473,0.578237920999527,2.6457512378692627,0.16875097155570984,0.8312490284442902
survset:UnempDur,RDSurv,7,48,914,3.7416574954986572,1,1.0,0.9834276437759399,0.01657235622406006,1.7320507764816284,0.8703403472900391,0.12965965270996094,2.6457512378692627,0.6429206728935242,0.35707932710647583
survset:UnempDur,RDSurv,7,48,532,1.7320507764816284,0,1.0,0.7851539254188538,0.21484607458114624,1.7320507764816284,0.4158172607421875,0.5841827392578125,2.6457512378692627,0.16494616866111755,0.8350538313388824
survset:UnempDur,RDSurv,7,48,2181,1.7320507764816284,0,1.0,0.7381350994110107,0.26186490058898926,1.7320507764816284,0.35766109824180603,0.642338901758194,2.6457512378692627,0.12998908758163452,0.8700109124183655
survset:UnempDur,RDSurv,7,48,758,2.6457512378692627,0,1.0,0.9765791893005371,0.02342081069946289,1.7320507764816284,0.8377876281738281,0.16221237182617188,2.6457512378692627,0.5884971618652344,0.4115028381347656
survset:UnempDur,RDSurv,7,48,2259,2.2360680103302,1,1.0,0.8566790819168091,0.14332091808319092,1.7320507764816284,0.5251936912536621,0.4748063087463379,2.6457512378692627,0.24242231249809265,0.7575776875019073
survset:UnempDur,RDSurv,7,48,956,2.2360680103302,1,1.0,0.9699538350105286,0.030046164989471436,1.7320507764816284,0.8099714517593384,0.19002854824066162,2.6457512378692627,0.5461999177932739,0.4538000822067261
survset:UnempDur,RDSurv,7,48,1737,1.0,1,1.0,0.7881578207015991,0.21184217929840088,1.7320507764816284,0.4198494255542755,0.5801505744457245,2.6457512378692627,0.16752204298973083,0.8324779570102692
survset:UnempDur,RDSurv,7,48,1470,1.4142135381698608,1,1.0,0.8651047348976135,0.13489526510238647,1.7320507764816284,0.5403124094009399,0.45968759059906006,2.6457512378692627,0.25446516275405884,0.7455348372459412
survset:UnempDur,RDSurv,7,48,2260,3.316624879837036,1,1.0,0.9755135774612427,0.024486422538757324,1.7320507764816284,0.8331037759780884,0.16689622402191162,2.6457512378692627,0.5811272263526917,0.41887277364730835
survset:UnempDur,RDSurv,7,48,522,2.4494898319244385,1,1.0,0.8395830988883972,0.16041690111160278,1.7320507764816284,0.4961788058280945,0.5038211941719055,2.6457512378692627,0.2202635407447815,0.7797364592552185
survset:UnempDur,RDSurv,7,48,1261,3.605551242828369,0,1.0,0.9865534901618958,0.013446509838104248,1.7320507764816284,0.8870029449462891,0.11299705505371094,2.6457512378692627,0.673290491104126,0.326709508895874
survset:UnempDur,RDSurv,7,48,585,4.0,0,1.0,0.9869294166564941,0.01307058334350586,1.7320507764816284,0.8891052603721619,0.11089473962783813,2.6457512378692627,0.6772629022598267,0.32273709774017334
survset:UnempDur,RDSurv,7,48,2418,1.7320507764816284,1,1.0,0.8646559715270996,0.1353440284729004,1.7320507764816284,0.5394924879074097,0.46050751209259033,2.6457512378692627,0.2538030743598938,0.7461969256401062
survset:UnempDur,RDSurv,7,48,2655,3.1622776985168457,0,1.0,0.9819176197052002,0.018082380294799805,1.7320507764816284,0.862747311592102,0.13725268840789795,2.6457512378692627,0.629685640335083,0.370314359664917
survset:UnempDur,RDSurv,7,48,2479,1.0,1,1.0,0.9032158851623535,0.09678411483764648,1.7320507764816284,0.617061197757721,0.38293880224227905,2.6457512378692627,0.32134053111076355,0.6786594688892365
survset:UnempDur,RDSurv,7,48,1775,3.464101552963257,1,1.0,0.9732286930084229,0.02677130699157715,1.7320507764816284,0.8233466148376465,0.17665338516235352,2.6457512378692627,0.5661062002182007,0.4338937997817993
survset:UnempDur,RDSurv,7,48,723,2.0,1,1.0,0.9848867058753967,0.015113294124603271,1.7320507764816284,0.8779467344284058,0.12205326557159424,2.6457512378692627,0.656547486782074,0.343452513217926
survset:UnempDur,RDSurv,7,48,2747,2.4494898319244385,1,1.0,0.8845586776733398,0.11544132232666016,1.7320507764816284,0.5776025652885437,0.4223974347114563,2.6457512378692627,0.2857101261615753,0.7142898738384247
survset:UnempDur,RDSurv,7,48,2104,1.0,1,1.0,0.8472132086753845,0.15278679132461548,1.7320507764816284,0.5088677406311035,0.4911322593688965,2.6457512378692627,0.22980323433876038,0.7701967656612396
survset:UnempDur,RDSurv,7,48,636,1.7320507764816284,0,1.0,0.9822643995285034,0.017735600471496582,1.7320507764816284,0.8644676208496094,0.13553237915039062,2.6457512378692627,0.6326532959938049,0.36734670400619507
survset:UnempDur,RDSurv,7,48,2809,1.0,1,1.0,0.8602620363235474,0.13973796367645264,1.7320507764816284,0.5315525531768799,0.4684474468231201,2.6457512378692627,0.2474449872970581,0.7525550127029419
survset:UnempDur,RDSurv,7,48,2359,5.196152210235596,0,1.0,0.9853072166442871,0.01469278335571289,1.7320507764816284,0.8801926374435425,0.11980736255645752,2.6457512378692627,0.6606455445289612,0.3393544554710388
survset:UnempDur,RDSurv,7,48,443,1.0,1,1.0,0.9237963557243347,0.07620364427566528,1.7320507764816284,0.6659495234489441,0.3340504765510559,2.6457512378692627,0.3695787787437439,0.6304212212562561
survset:UnempDur,RDSurv,7,48,2200,2.6457512378692627,1,1.0,0.9770804047584534,0.02291959524154663,1.7320507764816284,0.8400216102600098,0.15997838973999023,2.6457512378692627,0.5920500755310059,0.40794992446899414
survset:UnempDur,RDSurv,7,48,1753,3.0,0,1.0,0.9932408332824707,0.006759166717529297,1.7320507764816284,0.928878664970398,0.07112133502960205,2.6457512378692627,0.7598328590393066,0.24016714096069336
survset:UnempDur,RDSurv,7,48,614,1.0,1,1.0,0.7556661367416382,0.24433386325836182,1.7320507764816284,0.3783203959465027,0.6216796040534973,2.6457512378692627,0.14194536209106445,0.8580546379089355
survset:UnempDur,RDSurv,7,48,924,1.4142135381698608,1,1.0,0.9744762182235718,0.025523781776428223,1.7320507764816284,0.8286274671554565,0.17137253284454346,2.6457512378692627,0.5741816163063049,0.42581838369369507
survset:UnempDur,RDSurv,7,48,1711,2.2360680103302,1,1.0,0.8891818523406982,0.11081814765930176,1.7320507764816284,0.5870116353034973,0.4129883646965027,2.6457512378692627,0.29395729303359985,0.7060427069664001
survset:UnempDur,RDSurv,7,48,450,3.316624879837036,1,1.0,0.9874046444892883,0.01259535551071167,1.7320507764816284,0.8917969465255737,0.10820305347442627,2.6457512378692627,0.6823983788490295,0.31760162115097046
survset:UnempDur,RDSurv,7,48,1984,1.7320507764816284,1,1.0,0.8165420293807983,0.18345797061920166,1.7320507764816284,0.46014875173568726,0.5398512482643127,2.6457512378692627,0.19440320134162903,0.805596798658371
survset:UnempDur,RDSurv,7,48,26,1.0,1,1.0,0.7530651688575745,0.24693483114242554,1.7320507764816284,0.3751828670501709,0.6248171329498291,2.6457512378692627,0.14009732007980347,0.8599026799201965
survset:UnempDur,RDSurv,7,48,2715,2.2360680103302,1,1.0,0.8487387895584106,0.15126121044158936,1.7320507764816284,0.5114539861679077,0.4885460138320923,2.6457512378692627,0.23177608847618103,0.768223911523819
survset:UnempDur,RDSurv,7,48,1390,1.7320507764816284,0,1.0,0.981958270072937,0.01804172992706299,1.7320507764816284,0.8629480600357056,0.13705193996429443,2.6457512378692627,0.6300309896469116,0.3699690103530884
survset:UnempDur,RDSurv,7,48,2241,1.4142135381698608,1,1.0,0.8993712663650513,0.10062873363494873,1.7320507764816284,0.6085926294326782,0.3914073705673218,2.6457512378692627,0.31345799565315247,0.6865420043468475
survset:UnempDur,RDSurv,7,48,2291,5.196152210235596,0,1.0,0.9732538461685181,0.026746153831481934,1.7320507764816284,0.8234519958496094,0.17654800415039062,2.6457512378692627,0.5662660598754883,0.4337339401245117
survset:UnempDur,RDSurv,7,48,1695,2.2360680103302,1,1.0,0.8165943622589111,0.18340563774108887,1.7320507764816284,0.46022695302963257,0.5397730469703674,2.6457512378692627,0.19445741176605225,0.8055425882339478
survset:UnempDur,RDSurv,7,48,1444,1.0,1,1.0,0.8884338140487671,0.11156618595123291,1.7320507764816284,0.5854736566543579,0.4145263433456421,2.6457512378692627,0.2925988733768463,0.7074011266231537
survset:UnempDur,RDSurv,7,48,431,1.4142135381698608,1,1.0,0.9167855381965637,0.08321446180343628,1.7320507764816284,0.6485636234283447,0.3514363765716553,2.6457512378692627,0.3518689274787903,0.6481310725212097
survset:UnempDur,RDSurv,7,48,2480,2.0,0,1.0,0.9968451261520386,0.0031548738479614258,1.7320507764816284,0.9580875635147095,0.04191243648529053,2.6457512378692627,0.8332747220993042,0.1667252779006958
survset:UnempDur,RDSurv,7,48,247,2.4494898319244385,0,1.0,0.9731311798095703,0.026868820190429688,1.7320507764816284,0.8229385614395142,0.17706143856048584,2.6457512378692627,0.5654874444007874,0.43451255559921265
survset:UnempDur,RDSurv,7,48,1417,2.4494898319244385,0,1.0,0.8140749335289001,0.18592506647109985,1.7320507764816284,0.4564778804779053,0.5435221195220947,2.6457512378692627,0.19186723232269287,0.8081327676773071
survset:UnempDur,RDSurv,7,48,2334,2.0,1,1.0,0.8637476563453674,0.13625234365463257,1.7320507764816284,0.5378380417823792,0.46216195821762085,2.6457512378692627,0.2524701952934265,0.7475298047065735
survset:UnempDur,RDSurv,7,48,2414,2.0,1,1.0,0.8725808262825012,0.12741917371749878,1.7320507764816284,0.5542283654212952,0.44577163457870483,2.6457512378692627,0.26586300134658813,0.7341369986534119
survset:UnempDur,RDSurv,7,48,165,2.2360680103302,1,1.0,0.9757076501846313,0.024292349815368652,1.7320507764816284,0.8339503407478333,0.16604965925216675,2.6457512378692627,0.5824515223503113,0.4175484776496887
survset:UnempDur,RDSurv,7,48,2543,2.0,0,1.0,0.9903455972671509,0.009654402732849121,1.7320507764816284,0.9094196557998657,0.09058034420013428,2.6457512378692627,0.7175115346908569,0.28248846530914307
survset:UnempDur,RDSurv,7,48,627,1.7320507764816284,0,1.0,0.9848639965057373,0.015136003494262695,1.7320507764816284,0.8778263330459595,0.12217366695404053,2.6457512378692627,0.6563287973403931,0.34367120265960693
survset:UnempDur,RDSurv,7,48,1686,3.7416574954986572,1,1.0,0.9968194961547852,0.0031805038452148438,1.7320507764816284,0.9578484296798706,0.042151570320129395,2.6457512378692627,0.8326075673103333,0.16739243268966675
survset:UnempDur,RDSurv,7,48,188,2.2360680103302,1,1.0,0.8451526165008545,0.1548473834991455,1.7320507764816284,0.5054008960723877,0.4945991039276123,2.6457512378692627,0.2271738052368164,0.7728261947631836
survset:UnempDur,RDSurv,7,48,232,1.7320507764816284,1,1.0,0.9806142449378967,0.01938575506210327,1.7320507764816284,0.8563989400863647,0.14360105991363525,2.6457512378692627,0.6188852787017822,0.3811147212982178
survset:UnempDur,RDSurv,7,48,2583,1.7320507764816284,1,1.0,0.9792448282241821,0.02075517177581787,1.7320507764816284,0.8499158024787903,0.15008419752120972,2.6457512378692627,0.6080911755561829,0.39190882444381714
survset:UnempDur,RDSurv,7,48,1211,1.4142135381698608,1,1.0,0.9821833968162537,0.017816603183746338,1.7320507764816284,0.8640645742416382,0.13593542575836182,2.6457512378692627,0.6319563388824463,0.3680436611175537
survset:UnempDur,RDSurv,7,48,2336,2.6457512378692627,1,1.0,0.8565583229064941,0.14344167709350586,1.7320507764816284,0.5249809622764587,0.47501903772354126,2.6457512378692627,0.24225538969039917,0.7577446103096008
survset:UnempDur,RDSurv,7,48,2323,1.0,1,1.0,0.8029763698577881,0.19702363014221191,1.7320507764816284,0.44037294387817383,0.5596270561218262,2.6457512378692627,0.18095046281814575,0.8190495371818542
survset:UnempDur,RDSurv,7,48,99,1.4142135381698608,0,1.0,0.967859148979187,0.03214085102081299,1.7320507764816284,0.8017521500587463,0.19824784994125366,2.6457512378692627,0.5343348383903503,0.46566516160964966
survset:UnempDur,RDSurv,7,48,765,3.316624879837036,1,1.0,0.9695090055465698,0.030490994453430176,1.7320507764816284,0.8082051277160645,0.19179487228393555,2.6457512378692627,0.5436272621154785,0.4563727378845215
survset:UnempDur,RDSurv,7,48,161,2.8284270763397217,0,1.0,0.9915631413459778,0.008436858654022217,1.7320507764816284,0.9172979593276978,0.08270204067230225,2.6457512378692627,0.7341452836990356,0.26585471630096436
survset:UnempDur,RDSurv,7,48,1527,1.0,1,1.0,0.8285484910011292,0.17145150899887085,1.7320507764816284,0.478515625,0.521484375,2.6457512378692627,0.20736321806907654,0.7926367819309235
survset:UnempDur,RDSurv,7,48,1921,1.7320507764816284,0,1.0,0.8516464829444885,0.14835351705551147,1.7320507764816284,0.5164304971694946,0.48356950283050537,2.6457512378692627,0.23559990525245667,0.7644000947475433
survset:UnempDur,RDSurv,7,48,840,3.0,1,1.0,0.9739025831222534,0.026097416877746582,1.7320507764816284,0.8261857032775879,0.1738142967224121,2.6457512378692627,0.5704318881034851,0.4295681118965149
survset:UnempDur,RDSurv,7,48,836,1.7320507764816284,0,1.0,0.981269359588623,0.018730640411376953,1.7320507764816284,0.8595669269561768,0.14043307304382324,2.6457512378692627,0.6242457032203674,0.37575429677963257
survset:UnempDur,RDSurv,7,48,54,2.6457512378692627,1,1.0,0.9841408729553223,0.015859127044677734,1.7320507764816284,0.8740235567092896,0.12597644329071045,2.6457512378692627,0.6494714021682739,0.3505285978317261
survset:UnempDur,RDSurv,7,48,541,2.2360680103302,1,1.0,0.974905252456665,0.02509474754333496,1.7320507764816284,0.8304691314697266,0.16953086853027344,2.6457512378692627,0.5770278573036194,0.4229721426963806
survset:UnempDur,RDSurv,7,48,2580,1.0,1,1.0,0.9833447933197021,0.01665520668029785,1.7320507764816284,0.8699166178703308,0.1300833821296692,2.6457512378692627,0.6421725749969482,0.35782742500305176
survset:UnempDur,RDSurv,7,48,1708,1.0,1,1.0,0.9038324952125549,0.09616750478744507,1.7320507764816284,0.6184369921684265,0.3815630078315735,2.6457512378692627,0.32263368368148804,0.677366316318512
survset:UnempDur,RDSurv,7,48,2926,2.0,1,1.0,0.9808691740036011,0.019130825996398926,1.7320507764816284,0.8576263189315796,0.1423736810684204,2.6457512378692627,0.6209551692008972,0.3790448307991028
survset:UnempDur,RDSurv,7,48,1032,2.6457512378692627,1,1.0,0.9847697019577026,0.015230298042297363,1.7320507764816284,0.877326250076294,0.12267374992370605,2.6457512378692627,0.6554214954376221,0.34457850456237793
survset:UnempDur,RDSurv,7,48,367,4.0,1,1.0,0.9623819589614868,0.037618041038513184,1.7320507764816284,0.7813314199447632,0.21866858005523682,2.6457512378692627,0.5059730410575867,0.49402695894241333
survset:UnempDur,RDSurv,7,48,3191,2.2360680103302,1,1.0,0.8028489351272583,0.1971510648727417,1.7320507764816284,0.44019174575805664,0.5598082542419434,2.6457512378692627,0.18082955479621887,0.8191704452037811
survset:UnempDur,RDSurv,7,48,391,3.0,0,1.0,0.9840134978294373,0.015986502170562744,1.7320507764816284,0.8733609914779663,0.1266390085220337,2.6457512378692627,0.6482865810394287,0.3517134189605713
survset:UnempDur,RDSurv,7,48,270,4.4721360206604,1,1.0,0.9828437566757202,0.017156243324279785,1.7320507764816284,0.8673725724220276,0.1326274275779724,2.6457512378692627,0.6377052068710327,0.3622947931289673
survset:UnempDur,RDSurv,7,48,1781,3.0,0,1.0,0.9826472401618958,0.017352759838104248,1.7320507764816284,0.8663826584815979,0.1336173415184021,2.6457512378692627,0.6359778642654419,0.3640221357345581
survset:UnempDur,RDSurv,7,48,2988,2.2360680103302,1,1.0,0.9741921424865723,0.025807857513427734,1.7320507764816284,0.8274154663085938,0.17258453369140625,2.6457512378692627,0.5723170042037964,0.4276829957962036
survset:UnempDur,RDSurv,7,48,2603,1.0,1,1.0,0.7367746829986572,0.2632253170013428,1.7320507764816284,0.3561045527458191,0.6438954472541809,2.6457512378692627,0.12910839915275574,0.8708916008472443
survset:UnempDur,RDSurv,7,48,1199,2.4494898319244385,1,1.0,0.9798435568809509,0.020156443119049072,1.7320507764816284,0.8527277708053589,0.1472722291946411,2.6457512378692627,0.6127444505691528,0.38725554943084717
survset:UnempDur,RDSurv,7,48,112,1.7320507764816284,0,1.0,0.976112961769104,0.023887038230895996,1.7320507764816284,0.8357272148132324,0.16427278518676758,2.6457512378692627,0.5852420926094055,0.4147579073905945
survset:UnempDur,RDSurv,7,48,1803,2.4494898319244385,0,1.0,0.9969031810760498,0.0030968189239501953,1.7320507764816284,0.9586317539215088,0.04136824607849121,2.6457512378692627,0.834797739982605,0.16520226001739502
survset:UnempDur,RDSurv,7,48,701,1.0,1,1.0,0.9038815498352051,0.09611845016479492,1.7320507764816284,0.6185466647148132,0.38145333528518677,2.6457512378692627,0.322736918926239,0.677263081073761
survset:UnempDur,RDSurv,7,48,872,2.2360680103302,1,1.0,0.9872573614120483,0.01274263858795166,1.7320507764816284,0.8909585475921631,0.10904145240783691,2.6457512378692627,0.6807928085327148,0.31920719146728516
survset:UnempDur,RDSurv,7,48,2379,2.4494898319244385,1,1.0,0.9776297807693481,0.022370219230651855,1.7320507764816284,0.8424941897392273,0.1575058102607727,2.6457512378692627,0.5960115194320679,0.40398848056793213
survset:UnempDur,RDSurv,7,48,2434,1.0,1,1.0,0.8440872430801392,0.15591275691986084,1.7320507764816284,0.5036201477050781,0.4963798522949219,2.6457512378692627,0.22583001852035522,0.7741699814796448
survset:UnempDur,RDSurv,7,48,2390,1.4142135381698608,0,1.0,0.9014908075332642,0.09850919246673584,1.7320507764816284,0.6132380962371826,0.3867619037628174,2.6457512378692627,0.3177655041217804,0.6822344958782196
survset:UnempDur,RDSurv,7,48,3206,2.6457512378692627,0,1.0,0.979296088218689,0.020703911781311035,1.7320507764816284,0.850155234336853,0.14984476566314697,2.6457512378692627,0.6084856986999512,0.39151430130004883
survset:UnempDur,RDSurv,7,48,2921,2.2360680103302,0,1.0,0.9715524911880493,0.028447508811950684,1.7320507764816284,0.8164163827896118,0.18358361721038818,2.6457512378692627,0.5556964874267578,0.4443035125732422
survset:UnempDur,RDSurv,7,48,1304,1.0,1,1.0,0.8357800245285034,0.16421997547149658,1.7320507764816284,0.49000227451324463,0.5099977254867554,2.6457512378692627,0.21570295095443726,0.7842970490455627
survset:UnempDur,RDSurv,7,48,2710,1.7320507764816284,1,1.0,0.9823992252349854,0.01760077476501465,1.7320507764816284,0.8651401400566101,0.1348598599433899,2.6457512378692627,0.6338182091712952,0.36618179082870483
survset:UnempDur,RDSurv,7,48,1788,1.4142135381698608,1,1.0,0.9723809361457825,0.02761906385421753,1.7320507764816284,0.8198186159133911,0.1801813840866089,2.6457512378692627,0.5607807636260986,0.43921923637390137
survset:UnempDur,RDSurv,7,48,993,1.4142135381698608,1,1.0,0.8876458406448364,0.11235415935516357,1.7320507764816284,0.5838602781295776,0.41613972187042236,2.6457512378692627,0.2911781966686249,0.7088218033313751
survset:UnempDur,RDSurv,7,48,2634,2.2360680103302,1,1.0,0.9723741412162781,0.027625858783721924,1.7320507764816284,0.8197906017303467,0.18020939826965332,2.6457512378692627,0.5607386231422424,0.43926137685775757
survset:UnempDur,RDSurv,7,48,728,2.2360680103302,1,1.0,0.9885779619216919,0.011422038078308105,1.7320507764816284,0.8986163139343262,0.10138368606567383,2.6457512378692627,0.69566810131073,0.30433189868927
survset:UnempDur,RDSurv,7,48,620,1.7320507764816284,0,1.0,0.8193914890289307,0.18060851097106934,1.7320507764816284,0.4644314646720886,0.5355685353279114,2.6457512378692627,0.19738450646400452,0.8026154935359955
survset:UnempDur,RDSurv,7,48,1030,2.0,1,1.0,0.9039192199707031,0.09608078002929688,1.7320507764816284,0.6186308264732361,0.3813691735267639,2.6457512378692627,0.3228161633014679,0.6771838366985321
survset:UnempDur,RDSurv,7,48,1872,4.582575798034668,0,1.0,0.9828376770019531,0.017162322998046875,1.7320507764816284,0.8673417568206787,0.1326582431793213,2.6457512378692627,0.6376513242721558,0.36234867572784424
survset:UnempDur,RDSurv,7,48,1877,5.196152210235596,1,1.0,0.876372218132019,0.12362778186798096,1.7320507764816284,0.5614777207374573,0.4385222792625427,2.6457512378692627,0.271922767162323,0.728077232837677
survset:UnempDur,RDSurv,7,48,1408,1.4142135381698608,0,1.0,0.8874509930610657,0.11254900693893433,1.7320507764816284,0.5834622979164124,0.41653770208358765,2.6457512378692627,0.2908284366130829,0.7091715633869171
survset:UnempDur,RDSurv,7,48,2535,3.0,1,1.0,0.9190162420272827,0.08098375797271729,1.7320507764816284,0.6540066003799438,0.34599339962005615,2.6457512378692627,0.35734492540359497,0.642655074596405
survset:UnempDur,RDSurv,7,48,2629,1.0,1,1.0,0.7695128321647644,0.2304871678352356,1.7320507764816284,0.3954735994338989,0.6045264005661011,2.6457512378692627,0.15225595235824585,0.8477440476417542
survset:UnempDur,RDSurv,7,48,3067,1.4142135381698608,0,1.0,0.8747559189796448,0.12524408102035522,1.7320507764816284,0.5583708882331848,0.4416291117668152,2.6457512378692627,0.26931536197662354,0.7306846380233765
survset:UnempDur,RDSurv,7,48,2511,2.4494898319244385,1,1.0,0.963426947593689,0.036573052406311035,1.7320507764816284,0.7851172685623169,0.2148827314376831,2.6457512378692627,0.5111162662506104,0.48888373374938965
survset:UnempDur,RDSurv,7,48,1412,2.0,0,1.0,0.9819808006286621,0.01801919937133789,1.7320507764816284,0.8630595207214355,0.13694047927856445,2.6457512378692627,0.6302229166030884,0.3697770833969116
survset:UnempDur,RDSurv,7,48,1571,1.0,1,1.0,0.8259881734848022,0.17401182651519775,1.7320507764816284,0.4745270907878876,0.5254729092121124,2.6457512378692627,0.20450997352600098,0.795490026473999
survset:UnempDur,RDSurv,7,48,279,1.0,1,1.0,0.8623003959655762,0.13769960403442383,1.7320507764816284,0.5352160334587097,0.4647839665412903,2.6457512378692627,0.25036656856536865,0.7496334314346313
survset:UnempDur,RDSurv,7,48,1013,3.316624879837036,0,1.0,0.9742133617401123,0.025786638259887695,1.7320507764816284,0.8275058269500732,0.17249417304992676,2.6457512378692627,0.5724558234214783,0.42754417657852173
survset:UnempDur,RDSurv,7,48,973,1.4142135381698608,1,1.0,0.7474883794784546,0.2525116205215454,1.7320507764816284,0.36854204535484314,0.6314579546451569,2.6457512378692627,0.13622403144836426,0.8637759685516357
survset:UnempDur,RDSurv,7,48,2474,1.0,1,1.0,0.9207984209060669,0.0792015790939331,1.7320507764816284,0.6584140062332153,0.34158599376678467,2.6457512378692627,0.3618243634700775,0.6381756365299225
survset:UnempDur,RDSurv,7,48,2665,3.316624879837036,0,1.0,0.9880627393722534,0.011937260627746582,1.7320507764816284,0.8955903053283691,0.10440969467163086,2.6457512378692627,0.6897329092025757,0.3102670907974243
survset:UnempDur,RDSurv,7,48,3081,1.4142135381698608,1,1.0,0.9820555448532104,0.01794445514678955,1.7320507764816284,0.8634296655654907,0.13657033443450928,2.6457512378692627,0.6308606863021851,0.36913931369781494
survset:UnempDur,RDSurv,7,48,574,1.4142135381698608,1,1.0,0.9838427901268005,0.016157209873199463,1.7320507764816284,0.8724762797355652,0.12752372026443481,2.6457512378692627,0.6467087268829346,0.35329127311706543
survset:UnempDur,RDSurv,7,48,2207,2.2360680103302,1,1.0,0.9827238321304321,0.01727616786956787,1.7320507764816284,0.8667678833007812,0.13323211669921875,2.6457512378692627,0.6366493701934814,0.36335062980651855
survset:UnempDur,RDSurv,7,48,402,3.872983455657959,0,1.0,0.9707345962524414,0.029265403747558594,1.7320507764816284,0.81309974193573,0.18690025806427002,2.6457512378692627,0.5507878065109253,0.4492121934890747
survset:UnempDur,RDSurv,7,48,81,3.1622776985168457,0,1.0,0.9770904183387756,0.022909581661224365,1.7320507764816284,0.8400664329528809,0.15993356704711914,2.6457512378692627,0.5921216607093811,0.4078783392906189
survset:UnempDur,RDSurv,7,48,30,2.6457512378692627,1,1.0,0.9211345911026001,0.0788654088973999,1.7320507764816284,0.6592512726783752,0.34074872732162476,2.6457512378692627,0.36268001794815063,0.6373199820518494
survset:UnempDur,RDSurv,7,48,2264,1.7320507764816284,1,1.0,0.9145441651344299,0.08545583486557007,1.7320507764816284,0.6431741118431091,0.35682588815689087,2.6457512378692627,0.34650668501853943,0.6534933149814606
survset:UnempDur,RDSurv,7,48,2738,1.4142135381698608,1,1.0,0.8316489458084106,0.16835105419158936,1.7320507764816284,0.48339980840682983,0.5166001915931702,2.6457512378692627,0.21088692545890808,0.7891130745410919
survset:UnempDur,RDSurv,7,48,3137,3.1622776985168457,0,1.0,0.767454981803894,0.23254501819610596,1.7320507764816284,0.39287513494491577,0.6071248650550842,2.6457512378692627,0.1506713628768921,0.8493286371231079
survset:UnempDur,RDSurv,7,48,97,3.316624879837036,1,1.0,0.9701772928237915,0.029822707176208496,1.7320507764816284,0.8108632564544678,0.18913674354553223,2.6457512378692627,0.5475037097930908,0.4524962902069092
survset:UnempDur,RDSurv,7,48,1121,3.605551242828369,0,1.0,0.9156171083450317,0.08438289165496826,1.7320507764816284,0.645744264125824,0.354255735874176,2.6457512378692627,0.3490564823150635,0.6509435176849365
survset:UnempDur,RDSurv,7,48,2344,2.8284270763397217,1,1.0,0.7998257279396057,0.2001742720603943,1.7320507764816284,0.43591856956481934,0.5640814304351807,2.6457512378692627,0.17799046635627747,0.8220095336437225
survset:UnempDur,RDSurv,7,48,180,3.1622776985168457,1,1.0,0.992211103439331,0.007788896560668945,1.7320507764816284,0.921661376953125,0.078338623046875,2.6457512378692627,0.7436407208442688,0.2563592791557312
survset:UnempDur,RDSurv,7,48,118,1.4142135381698608,1,1.0,0.9657519459724426,0.03424805402755737,1.7320507764816284,0.7937222123146057,0.2062777876853943,2.6457512378692627,0.5229980945587158,0.4770019054412842
survset:UnempDur,RDSurv,7,48,1677,2.6457512378692627,0,1.0,0.9825833439826965,0.017416656017303467,1.7320507764816284,0.8660618662834167,0.13393813371658325,2.6457512378692627,0.6354193687438965,0.3645806312561035
survset:UnempDur,RDSurv,7,48,854,2.2360680103302,0,1.0,0.8157532215118408,0.18424677848815918,1.7320507764816284,0.45897138118743896,0.541028618812561,2.6457512378692627,0.19358786940574646,0.8064121305942535
survset:UnempDur,RDSurv,7,48,2263,1.0,1,1.0,0.7416852116584778,0.2583147883415222,1.7320507764816284,0.3617538511753082,0.6382461488246918,2.6457512378692627,0.1323181390762329,0.8676818609237671
survset:UnempDur,RDSurv,7,48,469,1.7320507764816284,0,1.0,0.8900682926177979,0.10993170738220215,1.7320507764816284,0.5888419151306152,0.41115808486938477,2.6457512378692627,0.2955792546272278,0.7044207453727722
survset:UnempDur,RDSurv,7,48,2488,1.4142135381698608,1,1.0,0.8237932920455933,0.17620670795440674,1.7320507764816284,0.47113943099975586,0.5288605690002441,2.6457512378692627,0.20210358500480652,0.7978964149951935
survset:UnempDur,RDSurv,7,48,2416,3.0,0,1.0,0.9740177392959595,0.025982260704040527,1.7320507764816284,0.8266738653182983,0.17332613468170166,2.6457512378692627,0.5711794495582581,0.42882055044174194
survset:UnempDur,RDSurv,7,48,29,1.0,1,1.0,0.8650474548339844,0.13495254516601562,1.7320507764816284,0.5402076840400696,0.4597923159599304,2.6457512378692627,0.2543805241584778,0.7456194758415222
survset:UnempDur,RDSurv,7,48,774,2.6457512378692627,1,1.0,0.8652018904685974,0.1347981095314026,1.7320507764816284,0.5404900908470154,0.4595099091529846,2.6457512378692627,0.25460880994796753,0.7453911900520325
survset:UnempDur,RDSurv,7,48,2204,1.7320507764816284,1,1.0,0.8783275485038757,0.12167245149612427,1.7320507764816284,0.5652692914009094,0.4347307085990906,2.6457512378692627,0.2751260995864868,0.7248739004135132
survset:UnempDur,RDSurv,7,48,2553,2.4494898319244385,1,1.0,0.9217682480812073,0.07823175191879272,1.7320507764816284,0.6608346700668335,0.3391653299331665,2.6457512378692627,0.3643020987510681,0.6356979012489319
survset:UnempDur,RDSurv,7,48,3103,2.4494898319244385,0,1.0,0.9796772003173828,0.020322799682617188,1.7320507764816284,0.8519428968429565,0.14805710315704346,2.6457512378692627,0.6114413738250732,0.38855862617492676
survset:UnempDur,RDSurv,7,48,434,3.605551242828369,1,1.0,0.9948854446411133,0.005114555358886719,1.7320507764816284,0.9412859678268433,0.05871403217315674,2.6457512378692627,0.789283037185669,0.21071696281433105
survset:UnempDur,RDSurv,7,48,2633,1.0,1,1.0,0.88531094789505,0.11468905210494995,1.7320507764816284,0.5791181921958923,0.42088180780410767,2.6457512378692627,0.28702840209007263,0.7129715979099274
survset:UnempDur,RDSurv,7,48,2750,1.4142135381698608,1,1.0,0.8441956043243408,0.15580439567565918,1.7320507764816284,0.5038009881973267,0.49619901180267334,2.6457512378692627,0.225966215133667,0.774033784866333
survset:UnempDur,RDSurv,7,48,1884,1.4142135381698608,1,1.0,0.8692612648010254,0.1307387351989746,1.7320507764816284,0.5479886531829834,0.4520113468170166,2.6457512378692627,0.26071465015411377,0.7392853498458862
survset:UnempDur,RDSurv,7,48,2478,1.4142135381698608,1,1.0,0.9740735292434692,0.02592647075653076,1.7320507764816284,0.8269108533859253,0.1730891466140747,2.6457512378692627,0.5715426802635193,0.4284573197364807
survset:UnempDur,RDSurv,7,48,1975,2.6457512378692627,1,1.0,0.9843703508377075,0.01562964916229248,1.7320507764816284,0.8752226829528809,0.12477731704711914,2.6457512378692627,0.6516232490539551,0.3483767509460449
survset:UnempDur,RDSurv,7,48,2403,1.7320507764816284,0,1.0,0.9846957921981812,0.015304207801818848,1.7320507764816284,0.8769352436065674,0.12306475639343262,2.6457512378692627,0.6547132730484009,0.3452867269515991
survset:UnempDur,RDSurv,7,48,1310,2.6457512378692627,0,1.0,0.9699370265007019,0.030062973499298096,1.7320507764816284,0.8099045157432556,0.19009548425674438,2.6457512378692627,0.5461022257804871,0.45389777421951294
survset:UnempDur,RDSurv,7,48,2731,2.4494898319244385,1,1.0,0.978341817855835,0.02165818214416504,1.7320507764816284,0.8457374572753906,0.15426254272460938,2.6457512378692627,0.601254940032959,0.398745059967041
survset:UnempDur,RDSurv,7,48,1282,1.7320507764816284,0,1.0,0.9723083972930908,0.02769160270690918,1.7320507764816284,0.8195188641548157,0.18048113584518433,2.6457512378692627,0.5603308081626892,0.4396691918373108
survset:UnempDur,RDSurv,7,48,608,1.7320507764816284,0,1.0,0.9861483573913574,0.013851642608642578,1.7320507764816284,0.8847628831863403,0.11523711681365967,2.6457512378692627,0.6690942049026489,0.3309057950973511
survset:UnempDur,RDSurv,7,48,330,2.6457512378692627,1,1.0,0.978950023651123,0.021049976348876953,1.7320507764816284,0.8485434055328369,0.15145659446716309,2.6457512378692627,0.605835497379303,0.394164502620697
survset:UnempDur,RDSurv,7,48,145,5.099019527435303,0,1.0,0.9762368202209473,0.023763179779052734,1.7320507764816284,0.8362730741500854,0.16372692584991455,2.6457512378692627,0.5861024260520935,0.4138975739479065
survset:UnempDur,RDSurv,7,48,2817,1.0,1,1.0,0.8630379438400269,0.13696205615997314,1.7320507764816284,0.5365500450134277,0.46344995498657227,2.6457512378692627,0.2514355182647705,0.7485644817352295
survset:UnempDur,RDSurv,7,48,2400,1.4142135381698608,1,1.0,0.9772887825965881,0.022711217403411865,1.7320507764816284,0.8409566879272461,0.1590433120727539,2.6457512378692627,0.5935444831848145,0.40645551681518555
survset:UnempDur,RDSurv,7,48,2185,2.6457512378692627,0,1.0,0.9788064956665039,0.021193504333496094,1.7320507764816284,0.8478782176971436,0.15212178230285645,2.6457512378692627,0.6047458648681641,0.39525413513183594
survset:UnempDur,RDSurv,7,48,2680,3.316624879837036,1,1.0,0.979800820350647,0.020199179649353027,1.7320507764816284,0.8525257110595703,0.1474742889404297,2.6457512378692627,0.6124086380004883,0.3875913619995117
survset:UnempDur,RDSurv,7,48,2483,1.7320507764816284,1,1.0,0.8716473579406738,0.12835264205932617,1.7320507764816284,0.5524638891220093,0.4475361108779907,2.6457512378692627,0.264400839805603,0.735599160194397
survset:UnempDur,RDSurv,7,48,1687,2.2360680103302,1,1.0,0.9748002290725708,0.0251997709274292,1.7320507764816284,0.8300172090530396,0.16998279094696045,2.6457512378692627,0.5763279795646667,0.42367202043533325
survset:UnempDur,RDSurv,7,48,1140,3.605551242828369,0,1.0,0.9881290197372437,0.011870980262756348,1.7320507764816284,0.8959766626358032,0.10402333736419678,2.6457512378692627,0.690486490726471,0.30951350927352905
survset:UnempDur,RDSurv,7,48,1646,2.0,1,1.0,0.9914587736129761,0.008541226387023926,1.7320507764816284,0.9166070222854614,0.08339297771453857,2.6457512378692627,0.7326608300209045,0.26733916997909546
survset:UnempDur,RDSurv,7,48,1842,2.2360680103302,1,1.0,0.8433355689048767,0.1566644310951233,1.7320507764816284,0.5023686289787292,0.49763137102127075,2.6457512378692627,0.22488826513290405,0.775111734867096
survset:UnempDur,RDSurv,7,48,283,1.4142135381698608,0,1.0,0.8562183380126953,0.1437816619873047,1.7320507764816284,0.5243832468986511,0.4756167531013489,2.6457512378692627,0.24178659915924072,0.7582134008407593
survset:UnempDur,RDSurv,7,48,321,1.7320507764816284,1,1.0,0.8251115083694458,0.1748884916305542,1.7320507764816284,0.47317054867744446,0.5268294513225555,2.6457512378692627,0.2035444974899292,0.7964555025100708
survset:UnempDur,RDSurv,7,48,496,1.0,1,1.0,0.9051781892776489,0.09482181072235107,1.7320507764816284,0.6214570999145508,0.3785429000854492,2.6457512378692627,0.325484961271286,0.674515038728714
survset:UnempDur,RDSurv,7,48,2640,3.316624879837036,1,1.0,0.9964931011199951,0.003506898880004883,1.7320507764816284,0.9548541307449341,0.04514586925506592,2.6457512378692627,0.8243669271469116,0.17563307285308838
survset:UnempDur,RDSurv,7,48,3223,1.4142135381698608,0,1.0,0.9847460985183716,0.015253901481628418,1.7320507764816284,0.8772014379501343,0.12279856204986572,2.6457512378692627,0.6551952362060547,0.3448047637939453
survset:UnempDur,RDSurv,7,48,877,2.6457512378692627,1,1.0,0.9804733991622925,0.01952660083770752,1.7320507764816284,0.85572350025177,0.14427649974822998,2.6457512378692627,0.6177498698234558,0.3822501301765442
survset:UnempDur,RDSurv,7,48,2515,3.605551242828369,1,1.0,0.9776912927627563,0.022308707237243652,1.7320507764816284,0.8427727222442627,0.1572272777557373,2.6457512378692627,0.596459686756134,0.40354031324386597
survset:UnempDur,RDSurv,7,48,2210,1.4142135381698608,0,1.0,0.9819697141647339,0.018030285835266113,1.7320507764816284,0.8630050420761108,0.13699495792388916,2.6457512378692627,0.6301291584968567,0.3698708415031433
survset:UnempDur,RDSurv,7,48,120,4.898979663848877,0,1.0,0.9844223260879517,0.01557767391204834,1.7320507764816284,0.8754953742027283,0.12450462579727173,2.6457512378692627,0.6521139740943909,0.34788602590560913
survset:UnempDur,RDSurv,7,48,21,2.2360680103302,1,1.0,0.981440544128418,0.01855945587158203,1.7320507764816284,0.8604024648666382,0.13959753513336182,2.6457512378692627,0.625669002532959,0.374330997467041
survset:UnempDur,RDSurv,7,48,221,1.0,1,1.0,0.6887496113777161,0.31125038862228394,1.7320507764816284,0.30502042174339294,0.6949795782566071,2.6457512378692627,0.10173273086547852,0.8982672691345215
survset:UnempDur,RDSurv,7,48,2002,1.4142135381698608,1,1.0,0.9731016159057617,0.02689838409423828,1.7320507764816284,0.8228144645690918,0.1771855354309082,2.6457512378692627,0.5652994513511658,0.43470054864883423
survset:UnempDur,RDSurv,7,48,1381,2.2360680103302,1,1.0,0.969055712223053,0.03094428777694702,1.7320507764816284,0.8064171075820923,0.19358289241790771,2.6457512378692627,0.5410358905792236,0.45896410942077637
survset:UnempDur,RDSurv,7,48,2962,2.0,0,1.0,0.9704079031944275,0.02959209680557251,1.7320507764816284,0.8117863535881042,0.18821364641189575,2.6457512378692627,0.5488566756248474,0.4511433243751526
survset:UnempDur,RDSurv,7,48,2397,1.7320507764816284,0,1.0,0.9025008678436279,0.09749913215637207,1.7320507764816284,0.6154718995094299,0.38452810049057007,2.6457512378692627,0.3198510408401489,0.6801489591598511
survset:UnempDur,RDSurv,7,48,1754,1.7320507764816284,0,1.0,0.9810978174209595,0.018902182579040527,1.7320507764816284,0.858733057975769,0.14126694202423096,2.6457512378692627,0.6228290796279907,0.3771709203720093
survset:UnempDur,RDSurv,7,48,784,1.0,1,1.0,0.828032374382019,0.17196762561798096,1.7320507764816284,0.4777083098888397,0.5222916901111603,2.6457512378692627,0.20678392052650452,0.7932160794734955
survset:UnempDur,RDSurv,7,48,1657,2.6457512378692627,1,1.0,0.9737873077392578,0.026212692260742188,1.7320507764816284,0.8256977796554565,0.17430222034454346,2.6457512378692627,0.5696858763694763,0.4303141236305237
survset:UnempDur,RDSurv,7,48,2994,2.0,1,1.0,0.970711350440979,0.029288649559020996,1.7320507764816284,0.8130059242248535,0.18699407577514648,2.6457512378692627,0.5506495833396912,0.44935041666030884
survset:UnempDur,RDSurv,7,48,1861,4.242640495300293,0,1.0,0.9025008678436279,0.09749913215637207,1.7320507764816284,0.6154718995094299,0.38452810049057007,2.6457512378692627,0.3198510408401489,0.6801489591598511
survset:UnempDur,RDSurv,7,48,2433,2.6457512378692627,1,1.0,0.9811760783195496,0.01882392168045044,1.7320507764816284,0.859113335609436,0.14088666439056396,2.6457512378692627,0.623474657535553,0.376525342464447
survset:UnempDur,RDSurv,7,48,3209,2.4494898319244385,1,1.0,0.9789907932281494,0.021009206771850586,1.7320507764816284,0.8487328290939331,0.1512671709060669,2.6457512378692627,0.6061463356018066,0.39385366439819336
survset:UnempDur,RDSurv,7,48,2431,2.8284270763397217,0,1.0,0.9672107696533203,0.03278923034667969,1.7320507764816284,0.7992568016052246,0.2007431983947754,2.6457512378692627,0.5307855010032654,0.4692144989967346
survset:UnempDur,RDSurv,7,48,162,3.0,0,1.0,0.9823001027107239,0.017699897289276123,1.7320507764816284,0.8646454811096191,0.13535451889038086,2.6457512378692627,0.6329611539840698,0.3670388460159302
survset:UnempDur,RDSurv,7,48,2156,2.6457512378692627,0,1.0,0.9673952460289001,0.032604753971099854,1.7320507764816284,0.7999645471572876,0.2000354528427124,2.6457512378692627,0.5317897796630859,0.46821022033691406
survset:UnempDur,RDSurv,7,48,123,2.6457512378692627,0,1.0,0.9938053488731384,0.006194651126861572,1.7320507764816284,0.9330025911331177,0.06699740886688232,2.6457512378692627,0.7693804502487183,0.23061954975128174
survset:UnempDur,RDSurv,7,48,1831,4.358899116516113,1,1.0,0.9888687133789062,0.01113128662109375,1.7320507764816284,0.9003474712371826,0.09965252876281738,2.6457512378692627,0.6990984082221985,0.3009015917778015
survset:UnempDur,RDSurv,7,48,2346,2.2360680103302,1,1.0,0.9112119674682617,0.08878803253173828,1.7320507764816284,0.6353029608726501,0.36469703912734985,2.6457512378692627,0.33878058195114136,0.6612194180488586
survset:UnempDur,RDSurv,7,48,1992,3.1622776985168457,0,1.0,0.983582615852356,0.016417384147644043,1.7320507764816284,0.8711349964141846,0.12886500358581543,2.6457512378692627,0.6443265676498413,0.3556734323501587
survset:UnempDur,RDSurv,7,48,1718,1.7320507764816284,0,1.0,0.9961365461349487,0.0038634538650512695,1.7320507764816284,0.9516889452934265,0.048311054706573486,2.6457512378692627,0.8158679604530334,0.18413203954696655
survset:UnempDur,RDSurv,7,48,1615,4.690415859222412,0,1.0,0.9112335443496704,0.08876645565032959,1.7320507764816284,0.6353534460067749,0.3646465539932251,2.6457512378692627,0.33882978558540344,0.6611702144145966
survset:UnempDur,RDSurv,7,48,1465,1.0,1,1.0,0.8752689361572266,0.12473106384277344,1.7320507764816284,0.5593544244766235,0.44064557552337646,2.6457512378692627,0.27013906836509705,0.729860931634903
survset:UnempDur,RDSurv,7,48,444,1.0,1,1.0,0.8411585092544556,0.15884149074554443,1.7320507764816284,0.4987659156322479,0.5012340843677521,2.6457512378692627,0.22218981385231018,0.7778101861476898
survset:UnempDur,RDSurv,7,48,848,4.0,0,1.0,0.9052944779396057,0.09470552206039429,1.7320507764816284,0.6217191815376282,0.3782808184623718,2.6457512378692627,0.3257332146167755,0.6742667853832245
survset:UnempDur,RDSurv,7,48,1369,1.4142135381698608,1,1.0,0.8692530393600464,0.1307469606399536,1.7320507764816284,0.5479733943939209,0.4520266056060791,2.6457512378692627,0.2607021629810333,0.7392978370189667
survset:UnempDur,RDSurv,7,48,1497,3.316624879837036,1,1.0,0.9730095863342285,0.026990413665771484,1.7320507764816284,0.8224303126335144,0.1775696873664856,2.6457512378692627,0.5647177696228027,0.43528223037719727
survset:UnempDur,RDSurv,7,48,1391,3.0,1,1.0,0.9912689328193665,0.008731067180633545,1.7320507764816284,0.9153575301170349,0.08464246988296509,2.6457512378692627,0.7299891114234924,0.27001088857650757
survset:UnempDur,RDSurv,7,48,1946,1.0,1,1.0,0.8189603686332703,0.18103963136672974,1.7320507764816284,0.4637804627418518,0.5362195372581482,2.6457512378692627,0.19692975282669067,0.8030702471733093
survset:UnempDur,RDSurv,7,48,356,2.2360680103302,1,1.0,0.9044675827026367,0.09553241729736328,1.7320507764816284,0.6198593378067017,0.38014066219329834,2.6457512378692627,0.3239743411540985,0.6760256588459015
survset:UnempDur,RDSurv,7,48,2076,4.0,1,1.0,0.8681895732879639,0.13181042671203613,1.7320507764816284,0.5459952354431152,0.45400476455688477,2.6457512378692627,0.2590828537940979,0.7409171462059021
survset:UnempDur,RDSurv,7,48,1051,2.8284270763397217,1,1.0,0.9733995199203491,0.02660048007965088,1.7320507764816284,0.8240633010864258,0.17593669891357422,2.6457512378692627,0.5671946406364441,0.4328053593635559
survset:UnempDur,RDSurv,7,48,457,2.0,0,1.0,0.9901007413864136,0.009899258613586426,1.7320507764816284,0.9078810214996338,0.09211897850036621,2.6457512378692627,0.7143350839614868,0.2856649160385132
survset:UnempDur,RDSurv,7,48,1855,2.4494898319244385,0,1.0,0.897292971611023,0.10270702838897705,1.7320507764816284,0.6040917038917542,0.39590829610824585,2.6457512378692627,0.30932214856147766,0.6906778514385223
survset:UnempDur,RDSurv,7,48,1713,2.2360680103302,1,1.0,0.9893333911895752,0.010666608810424805,1.7320507764816284,0.9031500816345215,0.09684991836547852,2.6457512378692627,0.7047068476676941,0.2952931523323059
survset:UnempDur,RDSurv,7,48,3132,1.0,0,1.0,0.9194047451019287,0.08059525489807129,1.7320507764816284,0.654962956905365,0.345037043094635,2.6457512378692627,0.3583134710788727,0.6416865289211273
survset:UnempDur,RDSurv,7,48,991,2.2360680103302,0,1.0,0.9750885367393494,0.024911463260650635,1.7320507764816284,0.8312601447105408,0.16873985528945923,2.6457512378692627,0.5782552361488342,0.42174476385116577
survset:UnempDur,RDSurv,7,48,1489,1.7320507764816284,1,1.0,0.9713684320449829,0.02863156795501709,1.7320507764816284,0.8156664371490479,0.18433356285095215,2.6457512378692627,0.5545825362205505,0.44541746377944946
survset:UnempDur,RDSurv,7,48,2670,1.0,1,1.0,0.8845160007476807,0.11548399925231934,1.7320507764816284,0.5775167942047119,0.4224832057952881,2.6457512378692627,0.28563567996025085,0.7143643200397491
survset:UnempDur,RDSurv,7,48,2659,1.0,1,1.0,0.8563940525054932,0.14360594749450684,1.7320507764816284,0.5246921181678772,0.4753078818321228,2.6457512378692627,0.24202877283096313,0.7579712271690369
survset:UnempDur,RDSurv,7,48,1829,2.6457512378692627,0,1.0,0.8971103429794312,0.10288965702056885,1.7320507764816284,0.6036986112594604,0.39630138874053955,2.6457512378692627,0.30896270275115967,0.6910372972488403
survset:UnempDur,RDSurv,7,48,439,2.6457512378692627,1,1.0,0.9736700057983398,0.026329994201660156,1.7320507764816284,0.825202465057373,0.17479753494262695,2.6457512378692627,0.5689297914505005,0.4310702085494995
survset:UnempDur,RDSurv,7,48,343,1.0,1,1.0,0.8735411763191223,0.12645882368087769,1.7320507764816284,0.556052029132843,0.443947970867157,2.6457512378692627,0.2673794627189636,0.7326205372810364
survset:UnempDur,RDSurv,7,48,1917,1.0,1,1.0,0.8020303249359131,0.19796967506408691,1.7320507764816284,0.43903008103370667,0.5609699189662933,2.6457512378692627,0.1800554394721985,0.8199445605278015
survset:UnempDur,RDSurv,7,48,2276,2.0,1,1.0,0.8517888784408569,0.14821112155914307,1.7320507764816284,0.5166758298873901,0.48332417011260986,2.6457512378692627,0.23578938841819763,0.7642106115818024
survset:UnempDur,RDSurv,7,48,1256,3.7416574954986572,1,1.0,0.9857348203659058,0.014265179634094238,1.7320507764816284,0.8825028538703918,0.11749714612960815,2.6457512378692627,0.6648975014686584,0.33510249853134155
survset:UnempDur,RDSurv,7,48,1385,3.872983455657959,0,1.0,0.979266345500946,0.020733654499053955,1.7320507764816284,0.8500162363052368,0.14998376369476318,2.6457512378692627,0.6082565188407898,0.3917434811592102
survset:UnempDur,RDSurv,7,48,2609,1.4142135381698608,1,1.0,0.8346070051193237,0.16539299488067627,1.7320507764816284,0.4881162643432617,0.5118837356567383,2.6457512378692627,0.2143210470676422,0.7856789529323578
survset:UnempDur,RDSurv,7,48,2717,1.0,1,1.0,0.7891978025436401,0.21080219745635986,1.7320507764816284,0.4212552011013031,0.5787447988986969,2.6457512378692627,0.1684248447418213,0.8315751552581787
survset:UnempDur,RDSurv,7,48,39,2.2360680103302,1,1.0,0.9804707765579224,0.019529223442077637,1.7320507764816284,0.8557109832763672,0.1442890167236328,2.6457512378692627,0.6177287101745605,0.38227128982543945
survset:UnempDur,RDSurv,7,48,535,4.0,1,1.0,0.859025776386261,0.140974223613739,1.7320507764816284,0.5293468832969666,0.47065311670303345,2.6457512378692627,0.24569588899612427,0.7543041110038757
survset:UnempDur,RDSurv,7,48,353,1.0,1,1.0,0.8040055632591248,0.19599443674087524,1.7320507764816284,0.4418390691280365,0.5581609308719635,2.6457512378692627,0.1819303333759308,0.8180696666240692
survset:UnempDur,RDSurv,7,48,1985,1.7320507764816284,1,1.0,0.8924665451049805,0.10753345489501953,1.7320507764816284,0.5938377380371094,0.4061622619628906,2.6457512378692627,0.30003607273101807,0.6999639272689819
survset:UnempDur,RDSurv,7,48,1999,1.4142135381698608,1,1.0,0.9738240242004395,0.026175975799560547,1.7320507764816284,0.8258533477783203,0.1741466522216797,2.6457512378692627,0.5699235796928406,0.4300764203071594
survset:UnempDur,RDSurv,7,48,1513,3.872983455657959,0,1.0,0.9755593538284302,0.024440646171569824,1.7320507764816284,0.8333033323287964,0.1666966676712036,2.6457512378692627,0.5814390182495117,0.4185609817504883
survset:UnempDur,RDSurv,7,48,593,1.0,1,1.0,0.9919745326042175,0.00802546739578247,1.7320507764816284,0.9200534224510193,0.07994657754898071,2.6457512378692627,0.7401169538497925,0.2598830461502075
survset:UnempDur,RDSurv,7,48,20,2.2360680103302,0,1.0,0.9891185760498047,0.010881423950195312,1.7320507764816284,0.901848554611206,0.09815144538879395,2.6457512378692627,0.7020936012268066,0.29790639877319336
survset:UnempDur,RDSurv,7,48,2383,3.0,1,1.0,0.9756737351417542,0.02432626485824585,1.7320507764816284,0.8338021636009216,0.16619783639907837,2.6457512378692627,0.5822194218635559,0.4177805781364441
survset:UnempDur,RDSurv,7,48,2245,1.4142135381698608,0,1.0,0.8337593078613281,0.16624069213867188,1.7320507764816284,0.4867589771747589,0.5132410228252411,2.6457512378692627,0.21332958340644836,0.7866704165935516
survset:UnempDur,RDSurv,7,48,663,3.316624879837036,1,1.0,0.9764100313186646,0.02358996868133545,1.7320507764816284,0.8370381593704224,0.16296184062957764,2.6457512378692627,0.5873107314109802,0.4126892685890198
survset:UnempDur,RDSurv,7,48,249,2.2360680103302,0,1.0,0.834525465965271,0.165474534034729,1.7320507764816284,0.4879855811595917,0.5120144188404083,2.6457512378692627,0.21422544121742249,0.7857745587825775
survset:UnempDur,RDSurv,7,48,1152,3.316624879837036,0,1.0,0.9695217609405518,0.030478239059448242,1.7320507764816284,0.8082557916641235,0.19174420833587646,2.6457512378692627,0.5437008142471313,0.45629918575286865
survset:UnempDur,RDSurv,7,48,1387,3.7416574954986572,0,1.0,0.9020496606826782,0.09795033931732178,1.7320507764816284,0.614472508430481,0.38552749156951904,2.6457512378692627,0.31891679763793945,0.6810832023620605
survset:UnempDur,RDSurv,7,48,1394,1.0,1,1.0,0.6628333926200867,0.33716660737991333,1.7320507764816284,0.28024429082870483,0.7197557091712952,2.6457512378692627,0.08949992060661316,0.9105000793933868
survset:UnempDur,RDSurv,7,48,601,3.1622776985168457,0,1.0,0.987953245639801,0.012046754360198975,1.7320507764816284,0.8949536085128784,0.10504639148712158,2.6457512378692627,0.6884936094284058,0.31150639057159424
survset:UnempDur,RDSurv,7,48,1494,2.0,1,1.0,0.9299840927124023,0.07001590728759766,1.7320507764816284,0.6820175647735596,0.31798243522644043,2.6457512378692627,0.3865291178226471,0.6134708821773529
survset:UnempDur,RDSurv,7,48,756,4.0,0,1.0,0.9891554713249207,0.010844528675079346,1.7320507764816284,0.902071475982666,0.09792852401733398,2.6457512378692627,0.7025400996208191,0.2974599003791809
survset:UnempDur,RDSurv,7,48,1546,2.2360680103302,0,1.0,0.9877233505249023,0.012276649475097656,1.7320507764816284,0.8936243057250977,0.10637569427490234,2.6457512378692627,0.6859172582626343,0.3140827417373657
survset:UnempDur,RDSurv,7,48,2730,1.4142135381698608,1,1.0,0.8511596322059631,0.14884036779403687,1.7320507764816284,0.5155928730964661,0.48440712690353394,2.6457512378692627,0.23495373129844666,0.7650462687015533
survset:UnempDur,RDSurv,7,48,2592,2.0,0,1.0,0.9669501781463623,0.033049821853637695,1.7320507764816284,0.7982603907585144,0.2017396092414856,2.6457512378692627,0.529374897480011,0.470625102519989
survset:UnempDur,RDSurv,7,48,1622,2.0,1,1.0,0.9941391348838806,0.005860865116119385,1.7320507764816284,0.9355039000511169,0.06449609994888306,2.6457512378692627,0.7752842307090759,0.22471576929092407
survset:UnempDur,RDSurv,7,48,2335,1.0,1,1.0,0.8735958337783813,0.12640416622161865,1.7320507764816284,0.5561561584472656,0.4438438415527344,2.6457512378692627,0.2674661874771118,0.7325338125228882
survset:UnempDur,RDSurv,7,48,3143,3.464101552963257,1,1.0,0.9741619229316711,0.025838077068328857,1.7320507764816284,0.8272868394851685,0.17271316051483154,2.6457512378692627,0.5721194744110107,0.42788052558898926
survset:UnempDur,RDSurv,7,48,2673,1.4142135381698608,1,1.0,0.9920502305030823,0.007949769496917725,1.7320507764816284,0.9205660820007324,0.07943391799926758,2.6457512378692627,0.7412373423576355,0.2587626576423645
survset:UnempDur,RDSurv,7,48,2931,1.4142135381698608,1,1.0,0.8675920963287354,0.13240790367126465,1.7320507764816284,0.5448881387710571,0.45511186122894287,2.6457512378692627,0.25817930698394775,0.7418206930160522
survset:UnempDur,RDSurv,7,48,1327,1.7320507764816284,0,1.0,0.9752923250198364,0.024707674980163574,1.7320507764816284,0.8321423530578613,0.16785764694213867,2.6457512378692627,0.579627513885498,0.42037248611450195
survset:UnempDur,RDSurv,7,48,1309,2.0,1,1.0,0.9758797883987427,0.024120211601257324,1.7320507764816284,0.8347036838531494,0.16529631614685059,2.6457512378692627,0.58363276720047,0.41636723279953003
survset:UnempDur,RDSurv,7,48,2304,4.123105525970459,0,1.0,0.9793133735656738,0.020686626434326172,1.7320507764816284,0.8502357006072998,0.1497642993927002,2.6457512378692627,0.6086183190345764,0.3913816809654236
survset:UnempDur,RDSurv,7,48,2771,1.0,1,1.0,0.9980628490447998,0.0019371509552001953,1.7320507764816284,0.9703452587127686,0.029654741287231445,2.6457512378692627,0.8695290684700012,0.13047093152999878
survset:UnempDur,RDSurv,7,48,3207,4.242640495300293,0,1.0,0.9806559085845947,0.019344091415405273,1.7320507764816284,0.8565990924835205,0.1434009075164795,2.6457512378692627,0.6192222833633423,0.3807777166366577
survset:UnempDur,RDSurv,7,48,2329,3.0,0,1.0,0.9837918281555176,0.016208171844482422,1.7320507764816284,0.8722127676010132,0.12778723239898682,2.6457512378692627,0.6462398767471313,0.35376012325286865
survset:UnempDur,RDSurv,7,48,712,2.2360680103302,1,1.0,0.9698982238769531,0.030101776123046875,1.7320507764816284,0.8097500801086426,0.19024991989135742,2.6457512378692627,0.5458768010139465,0.45412319898605347
survset:UnempDur,RDSurv,7,48,686,2.2360680103302,0,1.0,0.9850472807884216,0.01495271921157837,1.7320507764816284,0.8788014650344849,0.12119853496551514,2.6457512378692627,0.6581029891967773,0.34189701080322266
survset:UnempDur,RDSurv,7,48,1215,1.7320507764816284,0,1.0,0.9007703065872192,0.09922969341278076,1.7320507764816284,0.6116526126861572,0.3883473873138428,2.6457512378692627,0.3162909150123596,0.6837090849876404
survset:UnempDur,RDSurv,7,48,1825,3.1622776985168457,1,1.0,0.9796664714813232,0.020333528518676758,1.7320507764816284,0.8518922924995422,0.14810770750045776,2.6457512378692627,0.6113573908805847,0.3886426091194153
survset:UnempDur,RDSurv,7,48,923,1.4142135381698608,1,1.0,0.9723699688911438,0.0276300311088562,1.7320507764816284,0.8197733759880066,0.1802266240119934,2.6457512378692627,0.5607128143310547,0.4392871856689453
survset:UnempDur,RDSurv,7,48,826,1.7320507764816284,0,1.0,0.9681075215339661,0.031892478466033936,1.7320507764816284,0.8027140498161316,0.1972859501838684,2.6457512378692627,0.5357096195220947,0.4642903804779053
survset:UnempDur,RDSurv,7,48,2421,2.6457512378692627,1,1.0,0.9757398366928101,0.02426016330718994,1.7320507764816284,0.8340910077095032,0.16590899229049683,2.6457512378692627,0.5826718211174011,0.4173281788825989
survset:UnempDur,RDSurv,7,48,2703,5.196152210235596,1,1.0,0.9864740967750549,0.013525903224945068,1.7320507764816284,0.886561930179596,0.11343806982040405,2.6457512378692627,0.6724613904953003,0.3275386095046997
survset:UnempDur,RDSurv,7,48,318,1.7320507764816284,1,1.0,0.8568636775016785,0.14313632249832153,1.7320507764816284,0.5255188345909119,0.47448116540908813,2.6457512378692627,0.2426776885986328,0.7573223114013672
survset:UnempDur,RDSurv,7,48,1660,3.1622776985168457,0,1.0,0.9903448820114136,0.009655117988586426,1.7320507764816284,0.9094154834747314,0.09058451652526855,2.6457512378692627,0.717502772808075,0.28249722719192505
survset:UnempDur,RDSurv,7,48,38,1.4142135381698608,0,1.0,0.7755312919616699,0.22446870803833008,1.7320507764816284,0.40317535400390625,0.5968246459960938,2.6457512378692627,0.15700066089630127,0.8429993391036987
survset:UnempDur,RDSurv,7,48,361,4.0,0,1.0,0.9856264591217041,0.014373540878295898,1.7320507764816284,0.8819147348403931,0.11808526515960693,2.6457512378692627,0.663811445236206,0.33618855476379395
survset:UnempDur,RDSurv,7,48,2566,2.2360680103302,1,1.0,0.9898208379745483,0.01017916202545166,1.7320507764816284,0.9061399698257446,0.09386003017425537,2.6457512378692627,0.7107677459716797,0.2892322540283203
survset:UnempDur,RDSurv,7,48,96,2.6457512378692627,1,1.0,0.9732472896575928,0.026752710342407227,1.7320507764816284,0.8234245777130127,0.1765754222869873,2.6457512378692627,0.5662245154380798,0.43377548456192017
survset:UnempDur,RDSurv,7,48,1236,1.7320507764816284,1,1.0,0.9190365076065063,0.08096349239349365,1.7320507764816284,0.6540565490722656,0.3459434509277344,2.6457512378692627,0.3573954701423645,0.6426045298576355
survset:UnempDur,RDSurv,7,48,1132,1.4142135381698608,1,1.0,0.8642346262931824,0.13576537370681763,1.7320507764816284,0.5387241840362549,0.4612758159637451,2.6457512378692627,0.2531835436820984,0.7468164563179016
survset:UnempDur,RDSurv,7,48,315,3.605551242828369,0,1.0,0.9804977178573608,0.01950228214263916,1.7320507764816284,0.8558399677276611,0.14416003227233887,2.6457512378692627,0.6179453730583191,0.3820546269416809
survset:UnempDur,RDSurv,7,48,1518,2.2360680103302,1,1.0,0.8768842816352844,0.12311571836471558,1.7320507764816284,0.5624671578407288,0.43753284215927124,2.6457512378692627,0.2727563977241516,0.7272436022758484
survset:UnempDur,RDSurv,7,48,1969,1.4142135381698608,1,1.0,0.9014164209365845,0.09858357906341553,1.7320507764816284,0.6130740642547607,0.38692593574523926,2.6457512378692627,0.3176127076148987,0.6823872923851013
survset:UnempDur,RDSurv,7,48,1097,1.0,1,1.0,0.7422470450401306,0.2577529549598694,1.7320507764816284,0.3624056875705719,0.6375943124294281,2.6457512378692627,0.13269087672233582,0.8673091232776642
survset:UnempDur,RDSurv,7,48,1181,1.0,1,1.0,0.8324651122093201,0.16753488779067993,1.7320507764816284,0.48469558358192444,0.5153044164180756,2.6457512378692627,0.21182730793952942,0.7881726920604706
survset:UnempDur,RDSurv,7,48,2165,4.4721360206604,1,1.0,0.9745928049087524,0.02540719509124756,1.7320507764816284,0.8291267156600952,0.17087328433990479,2.6457512378692627,0.5749515891075134,0.4250484108924866
survset:UnempDur,RDSurv,7,48,1021,2.0,0,1.0,0.9911268353462219,0.008873164653778076,1.7320507764816284,0.9144290685653687,0.08557093143463135,2.6457512378692627,0.7280145883560181,0.27198541164398193
survset:UnempDur,RDSurv,7,48,1617,2.0,1,1.0,0.9824343919754028,0.017565608024597168,1.7320507764816284,0.8653159737586975,0.1346840262413025,2.6457512378692627,0.6341233253479004,0.3658766746520996
survset:UnempDur,RDSurv,7,48,208,2.0,0,1.0,0.8628675937652588,0.1371324062347412,1.7320507764816284,0.5362415313720703,0.4637584686279297,2.6457512378692627,0.2511880695819855,0.7488119304180145
survset:UnempDur,RDSurv,7,48,2198,1.0,0,1.0,0.9093793630599976,0.09062063694000244,1.7320507764816284,0.631043553352356,0.36895644664764404,2.6457512378692627,0.33465084433555603,0.665349155664444
survset:UnempDur,RDSurv,7,48,1942,2.2360680103302,0,1.0,0.991196870803833,0.008803129196166992,1.7320507764816284,0.9148860573768616,0.08511394262313843,2.6457512378692627,0.7289852499961853,0.2710147500038147
survset:UnempDur,RDSurv,7,48,766,2.4494898319244385,1,1.0,0.9774211645126343,0.022578835487365723,1.7320507764816284,0.8415524959564209,0.1584475040435791,2.6457512378692627,0.5944991111755371,0.4055008888244629
survset:UnempDur,RDSurv,7,48,2253,1.0,1,1.0,0.9799443483352661,0.020055651664733887,1.7320507764816284,0.8532043695449829,0.1467956304550171,2.6457512378692627,0.6135374307632446,0.38646256923675537
survset:UnempDur,RDSurv,7,48,2637,3.605551242828369,1,1.0,0.9731271266937256,0.026872873306274414,1.7320507764816284,0.8229213356971741,0.17707866430282593,2.6457512378692627,0.565461277961731,0.43453872203826904
survset:UnempDur,RDSurv,7,48,2220,1.4142135381698608,1,1.0,0.8692985773086548,0.13070142269134521,1.7320507764816284,0.5480583310127258,0.45194166898727417,2.6457512378692627,0.260771781206131,0.739228218793869
survset:UnempDur,RDSurv,7,48,664,1.4142135381698608,0,1.0,0.9712762832641602,0.028723716735839844,1.7320507764816284,0.8152916431427002,0.1847083568572998,2.6457512378692627,0.5540266633033752,0.44597333669662476
survset:UnempDur,RDSurv,7,48,1924,1.7320507764816284,0,1.0,0.9906591176986694,0.009340882301330566,1.7320507764816284,0.9114115238189697,0.08858847618103027,2.6457512378692627,0.7216577529907227,0.27834224700927734
survset:UnempDur,RDSurv,7,48,623,3.0,1,1.0,0.9844505786895752,0.015549421310424805,1.7320507764816284,0.8756434917449951,0.12435650825500488,2.6457512378692627,0.6523808240890503,0.3476191759109497
survset:UnempDur,RDSurv,7,48,2823,3.7416574954986572,0,1.0,0.8219934105873108,0.1780065894126892,1.7320507764816284,0.4683827757835388,0.5316172242164612,2.6457512378692627,0.20015695691108704,0.799843043088913
survset:UnempDur,RDSurv,7,48,1706,1.4142135381698608,0,1.0,0.976664662361145,0.02333533763885498,1.7320507764816284,0.8381671905517578,0.1618328094482422,2.6457512378692627,0.5890990495681763,0.41090095043182373
survset:UnempDur,RDSurv,7,48,3032,3.7416574954986572,1,1.0,0.9792391061782837,0.02076089382171631,1.7320507764816284,0.8498890995979309,0.1501109004020691,2.6457512378692627,0.6080471277236938,0.39195287227630615
survset:UnempDur,RDSurv,7,48,348,4.582575798034668,0,1.0,0.9094527959823608,0.09054720401763916,1.7320507764816284,0.6312133073806763,0.36878669261932373,2.6457512378692627,0.33481475710868835,0.6651852428913116
survset:UnempDur,RDSurv,7,48,1801,4.242640495300293,1,1.0,0.8831587433815002,0.11684125661849976,1.7320507764816284,0.5747976899147034,0.42520231008529663,2.6457512378692627,0.28328073024749756,0.7167192697525024
survset:UnempDur,RDSurv,7,48,2267,3.872983455657959,1,1.0,0.9930745363235474,0.006925463676452637,1.7320507764816284,0.927687406539917,0.07231259346008301,2.6457512378692627,0.7571163773536682,0.2428836226463318
survset:UnempDur,RDSurv,7,48,227,2.2360680103302,1,1.0,0.8889051675796509,0.11109483242034912,1.7320507764816284,0.5864421129226685,0.41355788707733154,2.6457512378692627,0.29345378279685974,0.7065462172031403
survset:UnempDur,RDSurv,7,48,13,1.0,1,1.0,0.8966677188873291,0.1033322811126709,1.7320507764816284,0.602747917175293,0.39725208282470703,2.6457512378692627,0.30809444189071655,0.6919055581092834
survset:UnempDur,RDSurv,7,48,2600,3.316624879837036,0,1.0,0.990790843963623,0.009209156036376953,1.7320507764816284,0.9122554063796997,0.08774459362030029,2.6457512378692627,0.7234261631965637,0.2765738368034363
survset:UnempDur,RDSurv,7,48,1813,1.7320507764816284,0,1.0,0.821480393409729,0.178519606590271,1.7320507764816284,0.467600554227829,0.532399445772171,2.6457512378692627,0.19960641860961914,0.8003935813903809
survset:UnempDur,RDSurv,7,48,937,4.690415859222412,0,1.0,0.9938697814941406,0.006130218505859375,1.7320507764816284,0.9334816336631775,0.06651836633682251,2.6457512378692627,0.770504355430603,0.22949564456939697
survset:UnempDur,RDSurv,7,48,1382,2.2360680103302,1,1.0,0.9824577569961548,0.017542243003845215,1.7320507764816284,0.865432858467102,0.13456714153289795,2.6457512378692627,0.634326159954071,0.36567384004592896
survset:UnempDur,RDSurv,7,48,743,1.4142135381698608,1,1.0,0.8534073233604431,0.14659267663955688,1.7320507764816284,0.5194746851921082,0.48052531480789185,2.6457512378692627,0.23795700073242188,0.7620429992675781
survset:UnempDur,RDSurv,7,48,197,1.0,1,1.0,0.8927657604217529,0.10723423957824707,1.7320507764816284,0.5944656133651733,0.40553438663482666,2.6457512378692627,0.3005993366241455,0.6994006633758545
survset:UnempDur,RDSurv,7,48,1805,2.4494898319244385,1,1.0,0.984801173210144,0.015198826789855957,1.7320507764816284,0.877493143081665,0.12250685691833496,2.6457512378692627,0.6557241678237915,0.3442758321762085
survset:UnempDur,RDSurv,7,48,3027,1.0,1,1.0,0.875604510307312,0.12439548969268799,1.7320507764816284,0.5599991083145142,0.44000089168548584,2.6457512378692627,0.27067986130714417,0.7293201386928558
survset:UnempDur,RDSurv,7,48,248,1.0,1,1.0,0.8923816680908203,0.10761833190917969,1.7320507764816284,0.5936597585678101,0.40634024143218994,2.6457512378692627,0.2998765707015991,0.7001234292984009
survset:UnempDur,RDSurv,7,48,2841,1.7320507764816284,0,1.0,0.9815725684165955,0.01842743158340454,1.7320507764816284,0.8610489368438721,0.13895106315612793,2.6457512378692627,0.6267731189727783,0.3732268810272217
survset:UnempDur,RDSurv,7,48,3005,1.7320507764816284,1,1.0,0.8728897571563721,0.12711024284362793,1.7320507764816284,0.5548140406608582,0.44518595933914185,2.6457512378692627,0.2663494348526001,0.7336505651473999
survset:UnempDur,RDSurv,7,48,827,3.7416574954986572,0,1.0,0.9869407415390015,0.013059258460998535,1.7320507764816284,0.8891690969467163,0.11083090305328369,2.6457512378692627,0.6773840188980103,0.32261598110198975
survset:UnempDur,RDSurv,7,48,3080,3.7416574954986572,1,1.0,0.929578423500061,0.07042157649993896,1.7320507764816284,0.6809418201446533,0.3190581798553467,2.6457512378692627,0.3853762149810791,0.6146237850189209
survset:UnempDur,RDSurv,7,48,1579,1.4142135381698608,1,1.0,0.8109365701675415,0.1890634298324585,1.7320507764816284,0.451856791973114,0.548143208026886,2.6457512378692627,0.1887001097202301,0.8112998902797699
survset:UnempDur,RDSurv,7,48,1995,1.0,1,1.0,0.9805456399917603,0.019454360008239746,1.7320507764816284,0.8560695052146912,0.14393049478530884,2.6457512378692627,0.6183311343193054,0.3816688656806946
survset:UnempDur,RDSurv,7,48,1848,1.0,1,1.0,0.8030800223350525,0.1969199776649475,1.7320507764816284,0.44052037596702576,0.5594796240329742,2.6457512378692627,0.1810488998889923,0.8189511001110077
survset:UnempDur,RDSurv,7,48,506,2.2360680103302,1,1.0,0.979779064655304,0.020220935344696045,1.7320507764816284,0.8524232506752014,0.14757674932479858,2.6457512378692627,0.6122384071350098,0.38776159286499023
survset:UnempDur,RDSurv,7,48,567,1.7320507764816284,0,1.0,0.9818949699401855,0.018105030059814453,1.7320507764816284,0.8626353740692139,0.13736462593078613,2.6457512378692627,0.6294931769371033,0.37050682306289673
survset:UnempDur,RDSurv,7,48,1537,5.099019527435303,0,1.0,0.9880861043930054,0.011913895606994629,1.7320507764816284,0.8957263231277466,0.10427367687225342,2.6457512378692627,0.6899980902671814,0.3100019097328186
survset:UnempDur,RDSurv,7,48,1540,1.7320507764816284,0,1.0,0.8804397583007812,0.11956024169921875,1.7320507764816284,0.5694066286087036,0.4305933713912964,2.6457512378692627,0.2786484360694885,0.7213515639305115
survset:UnempDur,RDSurv,7,48,365,1.0,1,1.0,0.9846878051757812,0.01531219482421875,1.7320507764816284,0.8768930435180664,0.1231069564819336,2.6457512378692627,0.6546367406845093,0.3453632593154907
survset:UnempDur,RDSurv,7,48,259,4.795831680297852,0,1.0,0.978992223739624,0.021007776260375977,1.7320507764816284,0.8487395644187927,0.15126043558120728,2.6457512378692627,0.6061573028564453,0.3938426971435547
survset:UnempDur,RDSurv,7,48,243,4.582575798034668,0,1.0,0.9852132797241211,0.014786720275878906,1.7320507764816284,0.8796887993812561,0.1203112006187439,2.6457512378692627,0.6597231030464172,0.34027689695358276
survset:UnempDur,RDSurv,7,48,1951,2.6457512378692627,0,1.0,0.9882408380508423,0.011759161949157715,1.7320507764816284,0.8966304063796997,0.10336959362030029,2.6457512378692627,0.6917643547058105,0.30823564529418945
survset:UnempDur,RDSurv,7,48,1569,3.1622776985168457,0,1.0,0.9911553859710693,0.008844614028930664,1.7320507764816284,0.9146155118942261,0.08538448810577393,2.6457512378692627,0.7284102439880371,0.2715897560119629
survset:UnempDur,RDSurv,7,48,1597,2.4494898319244385,0,1.0,0.8129894733428955,0.1870105266571045,1.7320507764816284,0.4548734724521637,0.5451265275478363,2.6457512378692627,0.19076445698738098,0.809235543012619
survset:UnempDur,RDSurv,7,48,347,1.4142135381698608,0,1.0,0.870732307434082,0.12926769256591797,1.7320507764816284,0.5507416725158691,0.44925832748413086,2.6457512378692627,0.26297852396965027,0.7370214760303497
survset:UnempDur,RDSurv,7,48,1204,4.123105525970459,0,1.0,0.9912453293800354,0.0087546706199646,1.7320507764816284,0.9152029752731323,0.08479702472686768,2.6457512378692627,0.7296597361564636,0.2703402638435364
survset:UnempDur,RDSurv,7,48,2424,1.4142135381698608,1,1.0,0.9851604700088501,0.014839529991149902,1.7320507764816284,0.8794060945510864,0.12059390544891357,2.6457512378692627,0.6592063903808594,0.3407936096191406
survset:UnempDur,RDSurv,7,48,909,1.4142135381698608,0,1.0,0.9806985259056091,0.01930147409439087,1.7320507764816284,0.8568040132522583,0.1431959867477417,2.6457512378692627,0.6195675134658813,0.38043248653411865
survset:UnempDur,RDSurv,7,48,1596,3.605551242828369,1,1.0,0.997281551361084,0.0027184486389160156,1.7320507764816284,0.9622661471366882,0.03773385286331177,2.6457512378692627,0.8451582193374634,0.15484178066253662
survset:UnempDur,RDSurv,7,48,674,3.872983455657959,1,1.0,0.984717845916748,0.015282154083251953,1.7320507764816284,0.8770518898963928,0.12294811010360718,2.6457512378692627,0.6549243330955505,0.34507566690444946
survset:UnempDur,RDSurv,7,48,1498,1.4142135381698608,1,1.0,0.8823560476303101,0.11764395236968994,1.7320507764816284,0.5731983184814453,0.4268016815185547,2.6457512378692627,0.28190141916275024,0.7180985808372498
survset:UnempDur,RDSurv,7,48,2325,2.6457512378692627,1,1.0,0.8410452604293823,0.15895473957061768,1.7320507764816284,0.49857932329177856,0.5014206767082214,2.6457512378692627,0.22205060720443726,0.7779493927955627
survset:UnempDur,RDSurv,7,48,427,2.4494898319244385,1,1.0,0.9875956773757935,0.012404322624206543,1.7320507764816284,0.8928899765014648,0.10711002349853516,2.6457512378692627,0.6844999194145203,0.31550008058547974
survset:UnempDur,RDSurv,7,48,2901,1.4142135381698608,1,1.0,0.6853525638580322,0.3146474361419678,1.7320507764816284,0.30166956782341003,0.69833043217659,2.6457512378692627,0.10003891587257385,0.8999610841274261
survset:UnempDur,RDSurv,7,48,2753,1.0,1,1.0,0.850480318069458,0.149519681930542,1.7320507764816284,0.5144271850585938,0.48557281494140625,2.6457512378692627,0.234056293964386,0.765943706035614
survset:UnempDur,RDSurv,7,48,2774,1.4142135381698608,1,1.0,0.9757287502288818,0.024271249771118164,1.7320507764816284,0.8340424299240112,0.16595757007598877,2.6457512378692627,0.5825957655906677,0.4174042344093323
survset:UnempDur,RDSurv,7,48,1083,2.2360680103302,0,1.0,0.9747106432914734,0.02528935670852661,1.7320507764816284,0.8296321034431458,0.17036789655685425,2.6457512378692627,0.5757322907447815,0.4242677092552185
survset:UnempDur,RDSurv,7,48,1050,2.6457512378692627,0,1.0,0.9686940908432007,0.031305909156799316,1.7320507764816284,0.8049989938735962,0.1950010061264038,2.6457512378692627,0.5389896035194397,0.4610103964805603
survset:UnempDur,RDSurv,7,48,2201,5.099019527435303,0,1.0,0.9785311222076416,0.0214688777923584,1.7320507764816284,0.8466073274612427,0.15339267253875732,2.6457512378692627,0.6026706099510193,0.3973293900489807
survset:UnempDur,RDSurv,7,48,1789,1.7320507764816284,0,1.0,0.967687726020813,0.03231227397918701,1.7320507764816284,0.8010904788970947,0.19890952110290527,2.6457512378692627,0.5333912968635559,0.4666087031364441
survset:UnempDur,RDSurv,7,48,2230,1.0,1,1.0,0.8636099100112915,0.1363900899887085,1.7320507764816284,0.5375877022743225,0.4624122977256775,2.6457512378692627,0.2522689402103424,0.7477310597896576
survset:UnempDur,RDSurv,7,48,362,2.2360680103302,0,1.0,0.8717426061630249,0.1282573938369751,1.7320507764816284,0.5526434183120728,0.44735658168792725,2.6457512378692627,0.2645494341850281,0.7354505658149719
survset:UnempDur,RDSurv,7,48,1654,1.0,1,1.0,0.8070829510688782,0.19291704893112183,1.7320507764816284,0.4462555944919586,0.5537444055080414,2.6457512378692627,0.18489885330200195,0.815101146697998
survset:UnempDur,RDSurv,7,48,2150,1.7320507764816284,1,1.0,0.8618714809417725,0.13812851905822754,1.7320507764816284,0.5344423651695251,0.46555763483047485,2.6457512378692627,0.24974790215492249,0.7502520978450775
survset:UnempDur,RDSurv,7,48,3066,3.0,0,1.0,0.9735703468322754,0.02642965316772461,1.7320507764816284,0.8247822523117065,0.17521774768829346,2.6457512378692627,0.568289041519165,0.43171095848083496
survset:UnempDur,RDSurv,7,48,983,3.0,1,1.0,0.9905022382736206,0.009497761726379395,1.7320507764816284,0.9104119539260864,0.08958804607391357,2.6457512378692627,0.7195721864700317,0.28042781352996826
survset:UnempDur,RDSurv,7,48,2436,2.8284270763397217,0,1.0,0.8842878937721252,0.11571210622787476,1.7320507764816284,0.5770584344863892,0.42294156551361084,2.6457512378692627,0.28523778915405273,0.7147622108459473
survset:UnempDur,RDSurv,7,48,164,3.0,0,1.0,0.9769012928009033,0.02309870719909668,1.7320507764816284,0.8392207026481628,0.16077929735183716,2.6457512378692627,0.5907734036445618,0.40922659635543823
survset:UnempDur,RDSurv,7,48,1488,4.123105525970459,1,1.0,0.7636028528213501,0.2363971471786499,1.7320507764816284,0.38805800676345825,0.6119419932365417,2.6457512378692627,0.14775529503822327,0.8522447049617767
survset:UnempDur,RDSurv,7,48,1491,2.2360680103302,0,1.0,0.9737495183944702,0.026250481605529785,1.7320507764816284,0.8255380392074585,0.1744619607925415,2.6457512378692627,0.5694419145584106,0.43055808544158936
survset:UnempDur,RDSurv,7,48,3010,2.4494898319244385,1,1.0,0.8948854207992554,0.10511457920074463,1.7320507764816284,0.5989426374435425,0.4010573625564575,2.6457512378692627,0.3046356737613678,0.6953643262386322
survset:UnempDur,RDSurv,7,48,1593,2.2360680103302,0,1.0,0.9006681442260742,0.09933185577392578,1.7320507764816284,0.6114282608032227,0.38857173919677734,2.6457512378692627,0.316082626581192,0.683917373418808
survset:UnempDur,RDSurv,7,48,1817,1.4142135381698608,1,1.0,0.9743101596832275,0.02568984031677246,1.7320507764816284,0.827918291091919,0.17208170890808105,2.6457512378692627,0.5730896592140198,0.4269103407859802
survset:UnempDur,RDSurv,7,48,4,3.0,1,1.0,0.9686514139175415,0.031348586082458496,1.7320507764816284,0.8048319816589355,0.19516801834106445,2.6457512378692627,0.5387492775917053,0.4612507224082947
survset:UnempDur,RDSurv,7,48,1440,1.7320507764816284,1,1.0,0.9145370721817017,0.08546292781829834,1.7320507764816284,0.6431571841239929,0.3568428158760071,2.6457512378692627,0.34648993611335754,0.6535100638866425
survset:UnempDur,RDSurv,7,48,693,2.8284270763397217,1,1.0,0.8589056730270386,0.14109432697296143,1.7320507764816284,0.5291332602500916,0.47086673974990845,2.6457512378692627,0.24552690982818604,0.754473090171814
survset:UnempDur,RDSurv,7,48,2509,2.0,0,1.0,0.884882926940918,0.11511707305908203,1.7320507764816284,0.5782550573348999,0.4217449426651001,2.6457512378692627,0.28627723455429077,0.7137227654457092
survset:UnempDur,RDSurv,7,48,2475,1.4142135381698608,0,1.0,0.9384572505950928,0.06154274940490723,1.7320507764816284,0.7052727937698364,0.2947272062301636,2.6457512378692627,0.41211870312690735,0.5878812968730927
survset:UnempDur,RDSurv,7,48,301,3.1622776985168457,0,1.0,0.8637199401855469,0.13628005981445312,1.7320507764816284,0.537787675857544,0.46221232414245605,2.6457512378692627,0.25242969393730164,0.7475703060626984
survset:UnempDur,RDSurv,7,48,2745,3.316624879837036,1,1.0,0.968366265296936,0.031633734703063965,1.7320507764816284,0.8037195205688477,0.19628047943115234,2.6457512378692627,0.5371504426002502,0.46284955739974976
survset:UnempDur,RDSurv,7,48,2985,1.7320507764816284,1,1.0,0.8425024747848511,0.15749752521514893,1.7320507764816284,0.5009860992431641,0.49901390075683594,2.6457512378692627,0.22385051846504211,0.7761494815349579
survset:UnempDur,RDSurv,7,48,153,2.6457512378692627,0,1.0,0.972078800201416,0.027921199798583984,1.7320507764816284,0.8185727596282959,0.1814272403717041,2.6457512378692627,0.5589132308959961,0.4410867691040039
survset:UnempDur,RDSurv,7,48,2643,2.6457512378692627,0,1.0,0.979803204536438,0.02019679546356201,1.7320507764816284,0.8525371551513672,0.1474628448486328,2.6457512378692627,0.6124276518821716,0.38757234811782837
survset:UnempDur,RDSurv,7,48,901,1.0,1,1.0,0.8847295045852661,0.11527049541473389,1.7320507764816284,0.5779462456703186,0.4220537543296814,2.6457512378692627,0.28600871562957764,0.7139912843704224
survset:UnempDur,RDSurv,7,48,922,1.4142135381698608,1,1.0,0.9240384101867676,0.07596158981323242,1.7320507764816284,0.6665648818016052,0.3334351181983948,2.6457512378692627,0.37021738290786743,0.6297826170921326
survset:UnempDur,RDSurv,7,48,1955,2.0,1,1.0,0.9952120184898376,0.0047879815101623535,1.7320507764816284,0.9439079761505127,0.056092023849487305,2.6457512378692627,0.7958042621612549,0.20419573783874512
survset:UnempDur,RDSurv,7,48,2857,1.7320507764816284,1,1.0,0.9854403138160706,0.014559686183929443,1.7320507764816284,0.8809088468551636,0.11909115314483643,2.6457512378692627,0.6619596481323242,0.3380403518676758
survset:UnempDur,RDSurv,7,48,291,1.0,1,1.0,0.8805660009384155,0.11943399906158447,1.7320507764816284,0.5696554183959961,0.4303445816040039,2.6457512378692627,0.2788611054420471,0.7211388945579529
survset:UnempDur,RDSurv,7,48,306,3.0,1,1.0,0.8666051626205444,0.13339483737945557,1.7320507764816284,0.5430663228034973,0.4569336771965027,2.6457512378692627,0.25669658184051514,0.7433034181594849
survset:UnempDur,RDSurv,7,48,2412,2.4494898319244385,0,1.0,0.9706417322158813,0.029358267784118652,1.7320507764816284,0.8127259016036987,0.18727409839630127,2.6457512378692627,0.5502374172210693,0.44976258277893066
survset:UnempDur,RDSurv,7,48,3015,2.2360680103302,1,1.0,0.5652434825897217,0.4347565174102783,1.7320507764816284,0.2010020911693573,0.7989979088306427,2.6457512378692627,0.05482456088066101,0.945175439119339
survset:UnempDur,RDSurv,7,48,487,3.1622776985168457,1,1.0,0.9842320680618286,0.015767931938171387,1.7320507764816284,0.8744992017745972,0.12550079822540283,2.6457512378692627,0.6503238081932068,0.3496761918067932
survset:UnempDur,RDSurv,7,48,1432,2.4494898319244385,0,1.0,0.9717202186584473,0.028279781341552734,1.7320507764816284,0.8171015977859497,0.1828984022140503,2.6457512378692627,0.5567165613174438,0.44328343868255615
survset:UnempDur,RDSurv,7,48,1966,3.0,0,1.0,0.993389368057251,0.0066106319427490234,1.7320507764816284,0.9299511909484863,0.07004880905151367,2.6457512378692627,0.7622944116592407,0.23770558834075928
survset:UnempDur,RDSurv,7,48,3098,3.464101552963257,1,1.0,0.982955813407898,0.01704418659210205,1.7320507764816284,0.8679388761520386,0.13206112384796143,2.6457512378692627,0.6386961340904236,0.3613038659095764
survset:UnempDur,RDSurv,7,48,2372,1.7320507764816284,1,1.0,0.9722844362258911,0.027715563774108887,1.7320507764816284,0.8194200992584229,0.18057990074157715,2.6457512378692627,0.5601826310157776,0.4398173689842224
survset:UnempDur,RDSurv,7,48,951,3.7416574954986572,0,1.0,0.9841614365577698,0.015838563442230225,1.7320507764816284,0.8741307854652405,0.12586921453475952,2.6457512378692627,0.6496634483337402,0.35033655166625977
survset:UnempDur,RDSurv,7,48,626,4.690415859222412,0,1.0,0.9890273809432983,0.01097261905670166,1.7320507764816284,0.9012991189956665,0.0987008810043335,2.6457512378692627,0.7009949684143066,0.29900503158569336
survset:UnempDur,RDSurv,7,48,2054,1.0,1,1.0,0.8669962882995605,0.13300371170043945,1.7320507764816284,0.5437873005867004,0.45621269941329956,2.6457512378692627,0.2572827637195587,0.7427172362804413
survset:UnempDur,RDSurv,7,48,1591,1.7320507764816284,1,1.0,0.8772875070571899,0.12271249294281006,1.7320507764816284,0.5632480382919312,0.43675196170806885,2.6457512378692627,0.2734154462814331,0.7265845537185669
survset:UnempDur,RDSurv,7,48,1954,2.2360680103302,0,1.0,0.9166958332061768,0.08330416679382324,1.7320507764816284,0.648346483707428,0.351653516292572,2.6457512378692627,0.35165172815322876,0.6483482718467712
survset:UnempDur,RDSurv,7,48,1191,1.0,1,1.0,0.860227108001709,0.13977289199829102,1.7320507764816284,0.5314900279045105,0.4685099720954895,2.6457512378692627,0.2473953366279602,0.7526046633720398
survset:UnempDur,RDSurv,7,48,2442,3.0,0,1.0,0.7456785440444946,0.25432145595550537,1.7320507764816284,0.3664117753505707,0.6335882246494293,2.6457512378692627,0.13499251008033752,0.8650074899196625
survset:UnempDur,RDSurv,7,48,2545,2.0,1,1.0,0.9946631193161011,0.005336880683898926,1.7320507764816284,0.9395346641540527,0.060465335845947266,2.6457512378692627,0.784989058971405,0.21501094102859497
survset:UnempDur,RDSurv,7,48,2184,2.6457512378692627,1,1.0,0.9860990047454834,0.013900995254516602,1.7320507764816284,0.8844918012619019,0.11550819873809814,2.6457512378692627,0.6685888767242432,0.33141112327575684
survset:UnempDur,RDSurv,7,48,770,2.0,0,1.0,0.9739987850189209,0.0260012149810791,1.7320507764816284,0.8265934586524963,0.17340654134750366,2.6457512378692627,0.5710562467575073,0.4289437532424927
survset:UnempDur,RDSurv,7,48,2272,1.0,1,1.0,0.897932767868042,0.10206723213195801,1.7320507764816284,0.6054717302322388,0.39452826976776123,2.6457512378692627,0.3105863332748413,0.6894136667251587
survset:UnempDur,RDSurv,7,48,2459,4.242640495300293,1,1.0,0.9845372438430786,0.015462756156921387,1.7320507764816284,0.8760993480682373,0.1239006519317627,2.6457512378692627,0.6532025933265686,0.3467974066734314
survset:UnempDur,RDSurv,7,48,455,2.2360680103302,1,1.0,0.9902835488319397,0.009716451168060303,1.7320507764816284,0.9090285897254944,0.09097141027450562,2.6457512378692627,0.7167020440101624,0.28329795598983765
survset:UnempDur,RDSurv,7,48,359,3.316624879837036,0,1.0,0.9815782308578491,0.01842176914215088,1.7320507764816284,0.8610767722129822,0.13892322778701782,2.6457512378692627,0.6268208026885986,0.37317919731140137
survset:UnempDur,RDSurv,7,48,272,3.0,1,1.0,0.8601042032241821,0.13989579677581787,1.7320507764816284,0.5312702655792236,0.46872973442077637,2.6457512378692627,0.24722075462341309,0.7527792453765869
survset:UnempDur,RDSurv,7,48,2350,2.8284270763397217,0,1.0,0.9851009845733643,0.014899015426635742,1.7320507764816284,0.8790881037712097,0.12091189622879028,2.6457512378692627,0.6586257219314575,0.3413742780685425
survset:UnempDur,RDSurv,7,48,936,4.123105525970459,1,1.0,0.9824934005737305,0.01750659942626953,1.7320507764816284,0.8656109571456909,0.13438904285430908,2.6457512378692627,0.6346354484558105,0.36536455154418945
survset:UnempDur,RDSurv,7,48,1978,4.0,1,1.0,0.893064022064209,0.10693597793579102,1.7320507764816284,0.5950924158096313,0.40490758419036865,2.6457512378692627,0.3011622726917267,0.6988377273082733
survset:UnempDur,RDSurv,7,48,1648,2.0,1,1.0,0.8606324195861816,0.13936758041381836,1.7320507764816284,0.5322156548500061,0.4677843451499939,2.6457512378692627,0.247972309589386,0.752027690410614
survset:UnempDur,RDSurv,7,48,1786,5.196152210235596,0,1.0,0.9121683835983276,0.08783161640167236,1.7320507764816284,0.6375452280044556,0.36245477199554443,2.6457512378692627,0.3409689664840698,0.6590310335159302
survset:UnempDur,RDSurv,7,48,2878,3.1622776985168457,0,1.0,0.909037709236145,0.09096229076385498,1.7320507764816284,0.6302548050880432,0.3697451949119568,2.6457512378692627,0.33389002084732056,0.6661099791526794
survset:UnempDur,RDSurv,7,48,2486,3.7416574954986572,0,1.0,0.9744818806648254,0.02551811933517456,1.7320507764816284,0.8286516666412354,0.17134833335876465,2.6457512378692627,0.5742188692092896,0.42578113079071045
survset:UnempDur,RDSurv,7,48,853,1.4142135381698608,1,1.0,0.8070101737976074,0.19298982620239258,1.7320507764816284,0.44615060091018677,0.5538493990898132,2.6457512378692627,0.184827983379364,0.815172016620636
survset:UnempDur,RDSurv,7,48,1959,3.7416574954986572,1,1.0,0.978556752204895,0.02144324779510498,1.7320507764816284,0.8467252850532532,0.15327471494674683,2.6457512378692627,0.6028627753257751,0.39713722467422485
survset:UnempDur,RDSurv,7,48,1111,2.2360680103302,0,1.0,0.9801430702209473,0.019856929779052734,1.7320507764816284,0.8541473150253296,0.1458526849746704,2.6457512378692627,0.6151099801063538,0.38489001989364624
survset:UnempDur,RDSurv,7,48,341,2.2360680103302,1,1.0,0.9692422151565552,0.030757784843444824,1.7320507764816284,0.8071516156196594,0.19284838438034058,2.6457512378692627,0.5420987606048584,0.4579012393951416
survset:UnempDur,RDSurv,7,48,1678,2.6457512378692627,1,1.0,0.8374779224395752,0.1625220775604248,1.7320507764816284,0.4927479326725006,0.5072520673274994,2.6457512378692627,0.21772363781929016,0.7822763621807098
survset:UnempDur,RDSurv,7,48,264,3.1622776985168457,0,1.0,0.9717377424240112,0.02826225757598877,1.7320507764816284,0.8171735405921936,0.1828264594078064,2.6457512378692627,0.55682373046875,0.44317626953125
survset:UnempDur,RDSurv,7,48,2502,3.872983455657959,1,1.0,0.9076665043830872,0.09233349561691284,1.7320507764816284,0.6271056532859802,0.3728943467140198,2.6457512378692627,0.3308643102645874,0.6691356897354126
survset:UnempDur,RDSurv,7,48,1886,1.4142135381698608,1,1.0,0.9845452904701233,0.015454709529876709,1.7320507764816284,0.8761414885520935,0.1238585114479065,2.6457512378692627,0.653278648853302,0.346721351146698
survset:UnempDur,RDSurv,7,48,2470,1.7320507764816284,0,1.0,0.8982343077659607,0.1017656922340393,1.7320507764816284,0.6061238050460815,0.39387619495391846,2.6457512378692627,0.3111848831176758,0.6888151168823242
survset:UnempDur,RDSurv,7,48,1115,2.6457512378692627,0,1.0,0.9943389892578125,0.0056610107421875,1.7320507764816284,0.9370259046554565,0.06297409534454346,2.6457512378692627,0.7789202928543091,0.22107970714569092
survset:UnempDur,RDSurv,7,48,2579,2.0,0,1.0,0.974810004234314,0.025189995765686035,1.7320507764816284,0.830059289932251,0.16994071006774902,2.6457512378692627,0.5763931274414062,0.42360687255859375
survset:UnempDur,RDSurv,7,48,2235,1.0,1,1.0,0.8577492237091064,0.14225077629089355,1.7320507764816284,0.5270822048187256,0.4729177951812744,2.6457512378692627,0.24390769004821777,0.7560923099517822
survset:UnempDur,RDSurv,7,48,805,2.6457512378692627,0,1.0,0.9831721782684326,0.016827821731567383,1.7320507764816284,0.8690365552902222,0.13096344470977783,2.6457512378692627,0.640622615814209,0.359377384185791
survset:UnempDur,RDSurv,7,48,3040,1.0,1,1.0,0.8077890872955322,0.19221091270446777,1.7320507764816284,0.4472760856151581,0.5527239143848419,2.6457512378692627,0.18558835983276367,0.8144116401672363
survset:UnempDur,RDSurv,7,48,2038,1.7320507764816284,1,1.0,0.7876659035682678,0.21233409643173218,1.7320507764816284,0.4191862642765045,0.5808137357234955,2.6457512378692627,0.16709700226783752,0.8329029977321625
survset:UnempDur,RDSurv,7,48,1409,2.0,1,1.0,0.8941295742988586,0.10587042570114136,1.7320507764816284,0.5973402857780457,0.40265971422195435,2.6457512378692627,0.30318692326545715,0.6968130767345428
survset:UnempDur,RDSurv,7,48,533,1.0,1,1.0,0.8565570116043091,0.14344298839569092,1.7320507764816284,0.524978756904602,0.47502124309539795,2.6457512378692627,0.2422536015510559,0.7577463984489441
survset:UnempDur,RDSurv,7,48,3121,1.7320507764816284,1,1.0,0.608612060546875,0.391387939453125,1.7320507764816284,0.23372912406921387,0.7662708759307861,2.6457512378692627,0.06832987070083618,0.9316701292991638
survset:UnempDur,RDSurv,7,48,2802,1.4142135381698608,1,1.0,0.9023672342300415,0.0976327657699585,1.7320507764816284,0.6151756048202515,0.38482439517974854,2.6457512378692627,0.31957384943962097,0.680426150560379
survset:UnempDur,RDSurv,7,48,2257,2.0,1,1.0,0.8324373364448547,0.16756266355514526,1.7320507764816284,0.4846514165401459,0.5153485834598541,2.6457512378692627,0.21179524064064026,0.7882047593593597
survset:UnempDur,RDSurv,7,48,2807,1.7320507764816284,0,1.0,0.9829627275466919,0.017037272453308105,1.7320507764816284,0.8679735660552979,0.13202643394470215,2.6457512378692627,0.6387569904327393,0.36124300956726074
survset:UnempDur,RDSurv,7,48,1496,1.7320507764816284,1,1.0,0.9832479953765869,0.016752004623413086,1.7320507764816284,0.8694228529930115,0.13057714700698853,2.6457512378692627,0.6413022875785828,0.35869771242141724
survset:UnempDur,RDSurv,7,48,2682,2.0,0,1.0,0.9881521463394165,0.011847853660583496,1.7320507764816284,0.8961116671562195,0.10388833284378052,2.6457512378692627,0.6907501220703125,0.3092498779296875
survset:UnempDur,RDSurv,7,48,629,2.4494898319244385,0,1.0,0.9172971844673157,0.08270281553268433,1.7320507764816284,0.6498050689697266,0.35019493103027344,2.6457512378692627,0.35311248898506165,0.6468875110149384
survset:UnempDur,RDSurv,7,48,3087,1.7320507764816284,0,1.0,0.9890336394309998,0.010966360569000244,1.7320507764816284,0.9013369083404541,0.0986630916595459,2.6457512378692627,0.7010705471038818,0.29892945289611816
survset:UnempDur,RDSurv,7,48,870,2.2360680103302,1,1.0,0.9755209684371948,0.024479031562805176,1.7320507764816284,0.8331360816955566,0.16686391830444336,2.6457512378692627,0.5811777710914612,0.4188222289085388
survset:UnempDur,RDSurv,7,48,218,1.0,1,1.0,0.9870990514755249,0.012900948524475098,1.7320507764816284,0.8900613784790039,0.1099386215209961,2.6457512378692627,0.6790807843208313,0.3209192156791687
survset:UnempDur,RDSurv,7,48,1947,2.2360680103302,0,1.0,0.8941999673843384,0.10580003261566162,1.7320507764816284,0.5974891781806946,0.4025108218193054,2.6457512378692627,0.30332139134407043,0.6966786086559296
survset:UnempDur,RDSurv,7,48,2830,2.4494898319244385,1,1.0,0.8852659463882446,0.11473405361175537,1.7320507764816284,0.5790272951126099,0.42097270488739014,2.6457512378692627,0.2869492471218109,0.7130507528781891
survset:UnempDur,RDSurv,7,48,2386,1.0,1,1.0,0.4841262102127075,0.5158737897872925,1.7320507764816284,0.14867699146270752,0.8513230085372925,2.6457512378692627,0.03562745451927185,0.9643725454807281
survset:UnempDur,RDSurv,7,48,1960,1.0,1,1.0,0.8873814344406128,0.11261856555938721,1.7320507764816284,0.5833203196525574,0.4166796803474426,2.6457512378692627,0.2907037138938904,0.7092962861061096
survset:UnempDur,RDSurv,7,48,517,2.2360680103302,1,1.0,0.9811365604400635,0.018863439559936523,1.7320507764816284,0.8589211106300354,0.1410788893699646,2.6457512378692627,0.6231482028961182,0.37685179710388184
survset:UnempDur,RDSurv,7,48,422,1.4142135381698608,1,1.0,0.8392467498779297,0.1607532501220703,1.7320507764816284,0.4956287741661072,0.5043712258338928,2.6457512378692627,0.21985521912574768,0.7801447808742523
survset:UnempDur,RDSurv,7,48,19,2.6457512378692627,0,1.0,0.9926187992095947,0.0073812007904052734,1.7320507764816284,0.924474835395813,0.07552516460418701,2.6457512378692627,0.7498781085014343,0.2501218914985657
survset:UnempDur,RDSurv,7,48,1937,1.0,1,1.0,0.8261533975601196,0.17384660243988037,1.7320507764816284,0.4747833013534546,0.5252166986465454,2.6457512378692627,0.20469257235527039,0.7953074276447296
survset:UnempDur,RDSurv,7,48,1101,2.6457512378692627,0,1.0,0.9741009473800659,0.025899052619934082,1.7320507764816284,0.8270275592803955,0.1729724407196045,2.6457512378692627,0.571721613407135,0.428278386592865
survset:UnempDur,RDSurv,7,48,889,4.0,0,1.0,0.9856230020523071,0.014376997947692871,1.7320507764816284,0.881895899772644,0.11810410022735596,2.6457512378692627,0.6637766361236572,0.3362233638763428
survset:UnempDur,RDSurv,7,48,2178,3.7416574954986572,1,1.0,0.8775134682655334,0.12248653173446655,1.7320507764816284,0.5636862516403198,0.4363137483596802,2.6457512378692627,0.2737857699394226,0.7262142300605774
survset:UnempDur,RDSurv,7,48,1307,4.123105525970459,0,1.0,0.9909918904304504,0.00900810956954956,1.7320507764816284,0.9135525226593018,0.08644747734069824,2.6457512378692627,0.7261584997177124,0.2738415002822876
survset:UnempDur,RDSurv,7,48,2916,1.0,1,1.0,0.7241145968437195,0.2758854031562805,1.7320507764816284,0.34192484617233276,0.6580751538276672,2.6457512378692627,0.12121379375457764,0.8787862062454224
survset:UnempDur,RDSurv,7,48,2358,4.4721360206604,0,1.0,0.9953583478927612,0.0046416521072387695,1.7320507764816284,0.9451024532318115,0.05489754676818848,2.6457512378692627,0.7988132834434509,0.20118671655654907
survset:UnempDur,RDSurv,7,48,955,1.0,1,1.0,0.8637893795967102,0.1362106204032898,1.7320507764816284,0.5379138588905334,0.46208614110946655,2.6457512378692627,0.2525312304496765,0.7474687695503235
survset:UnempDur,RDSurv,7,48,1525,1.4142135381698608,1,1.0,0.895379364490509,0.10462063550949097,1.7320507764816284,0.5999934673309326,0.4000065326690674,2.6457512378692627,0.3055882453918457,0.6944117546081543
survset:UnempDur,RDSurv,7,48,2070,1.7320507764816284,0,1.0,0.888730525970459,0.11126947402954102,1.7320507764816284,0.5860830545425415,0.4139169454574585,2.6457512378692627,0.2931366264820099,0.7068633735179901
survset:UnempDur,RDSurv,7,48,2009,2.8284270763397217,1,1.0,0.972711443901062,0.02728855609893799,1.7320507764816284,0.8211885690689087,0.1788114309310913,2.6457512378692627,0.5628421306610107,0.43715786933898926
survset:UnempDur,RDSurv,7,48,2752,1.4142135381698608,1,1.0,0.858522891998291,0.14147710800170898,1.7320507764816284,0.5284532308578491,0.4715467691421509,2.6457512378692627,0.24498936533927917,0.7550106346607208
survset:UnempDur,RDSurv,7,48,490,2.4494898319244385,1,1.0,0.8304080367088318,0.1695919632911682,1.7320507764816284,0.4814378023147583,0.5185621976852417,2.6457512378692627,0.20946747064590454,0.7905325293540955
survset:UnempDur,RDSurv,7,48,1396,1.7320507764816284,1,1.0,0.8991997241973877,0.1008002758026123,1.7320507764816284,0.6082190871238708,0.39178091287612915,2.6457512378692627,0.31311336159706116,0.6868866384029388
survset:UnempDur,RDSurv,7,48,124,2.6457512378692627,1,1.0,0.9768621325492859,0.02313786745071411,1.7320507764816284,0.8390462398529053,0.16095376014709473,2.6457512378692627,0.5904957056045532,0.4095042943954468
survset:UnempDur,RDSurv,7,48,2992,4.242640495300293,1,1.0,0.8371634483337402,0.16283655166625977,1.7320507764816284,0.49223795533180237,0.5077620446681976,2.6457512378692627,0.21734750270843506,0.7826524972915649
survset:UnempDur,RDSurv,7,48,2124,2.0,0,1.0,0.9786797761917114,0.021320223808288574,1.7320507764816284,0.8472926616668701,0.15270733833312988,2.6457512378692627,0.6037886738777161,0.39621132612228394
survset:UnempDur,RDSurv,7,48,769,1.7320507764816284,0,1.0,0.990654468536377,0.009345531463623047,1.7320507764816284,0.9113818407058716,0.08861815929412842,2.6457512378692627,0.7215955853462219,0.2784044146537781
survset:UnempDur,RDSurv,7,48,1583,2.6457512378692627,1,1.0,0.9891344308853149,0.010865569114685059,1.7320507764816284,0.9019441604614258,0.09805583953857422,2.6457512378692627,0.7022850513458252,0.2977149486541748
survset:UnempDur,RDSurv,7,48,2892,2.2360680103302,1,1.0,0.9846357703208923,0.015364229679107666,1.7320507764816284,0.8766183257102966,0.12338167428970337,2.6457512378692627,0.6541399359703064,0.3458600640296936
survset:UnempDur,RDSurv,7,48,265,2.2360680103302,1,1.0,0.988008975982666,0.011991024017333984,1.7320507764816284,0.8952776193618774,0.10472238063812256,2.6457512378692627,0.6891238689422607,0.31087613105773926
survset:UnempDur,RDSurv,7,48,2589,2.2360680103302,0,1.0,0.9706866145133972,0.029313385486602783,1.7320507764816284,0.8129064440727234,0.1870935559272766,2.6457512378692627,0.550503134727478,0.449496865272522
survset:UnempDur,RDSurv,7,48,1448,1.4142135381698608,0,1.0,0.9799326658248901,0.020067334175109863,1.7320507764816284,0.8531491756439209,0.1468508243560791,2.6457512378692627,0.613445520401001,0.386554479598999
survset:UnempDur,RDSurv,7,48,2585,1.7320507764816284,0,1.0,0.9748291969299316,0.02517080307006836,1.7320507764816284,0.8301419019699097,0.16985809803009033,2.6457512378692627,0.5765209197998047,0.4234790802001953
survset:UnempDur,RDSurv,7,48,1480,3.464101552963257,0,1.0,0.9830507040023804,0.01694929599761963,1.7320507764816284,0.8684194684028625,0.13158053159713745,2.6457512378692627,0.6395386457443237,0.36046135425567627
survset:UnempDur,RDSurv,7,48,892,3.7416574954986572,0,1.0,0.9880053400993347,0.011994659900665283,1.7320507764816284,0.8952562212944031,0.10474377870559692,2.6457512378692627,0.6890822052955627,0.31091779470443726
survset:UnempDur,RDSurv,7,48,1625,1.7320507764816284,0,1.0,0.8718549013137817,0.12814509868621826,1.7320507764816284,0.5528555512428284,0.44714444875717163,2.6457512378692627,0.264724999666214,0.735275000333786
survset:UnempDur,RDSurv,7,48,3050,3.464101552963257,1,1.0,0.9823863506317139,0.017613649368286133,1.7320507764816284,0.8650757074356079,0.1349242925643921,2.6457512378692627,0.6337065100669861,0.3662934899330139
survset:UnempDur,RDSurv,7,48,2158,1.4142135381698608,1,1.0,0.9685530066490173,0.031446993350982666,1.7320507764816284,0.8044477105140686,0.1955522894859314,2.6457512378692627,0.538196325302124,0.461803674697876
survset:UnempDur,RDSurv,7,48,2761,1.4142135381698608,1,1.0,0.9027308821678162,0.09726911783218384,1.7320507764816284,0.6159824132919312,0.38401758670806885,2.6457512378692627,0.320328950881958,0.679671049118042
survset:UnempDur,RDSurv,7,48,2859,1.0,1,1.0,0.8277398347854614,0.17226016521453857,1.7320507764816284,0.4772515594959259,0.5227484405040741,2.6457512378692627,0.20645657181739807,0.7935434281826019
survset:UnempDur,RDSurv,7,48,2167,2.2360680103302,0,1.0,0.9683687090873718,0.031631290912628174,1.7320507764816284,0.8037291765213013,0.19627082347869873,2.6457512378692627,0.5371642708778381,0.46283572912216187
survset:UnempDur,RDSurv,7,48,2015,5.0,0,1.0,0.8811674118041992,0.11883258819580078,1.7320507764816284,0.5708422064781189,0.4291577935218811,2.6457512378692627,0.2798772156238556,0.7201227843761444
survset:UnempDur,RDSurv,7,48,837,2.6457512378692627,1,1.0,0.9757187366485596,0.02428126335144043,1.7320507764816284,0.8339986801147461,0.1660013198852539,2.6457512378692627,0.5825272798538208,0.4174727201461792
survset:UnempDur,RDSurv,7,48,3034,2.6457512378692627,1,1.0,0.8100794553756714,0.1899205446243286,1.7320507764816284,0.4506041407585144,0.5493958592414856,2.6457512378692627,0.18784642219543457,0.8121535778045654
survset:UnempDur,RDSurv,7,48,82,3.1622776985168457,0,1.0,0.97864830493927,0.02135169506072998,1.7320507764816284,0.8471471667289734,0.1528528332710266,2.6457512378692627,0.6035510897636414,0.39644891023635864
survset:UnempDur,RDSurv,7,48,1193,1.4142135381698608,1,1.0,0.8773741722106934,0.12262582778930664,1.7320507764816284,0.5634160041809082,0.4365839958190918,2.6457512378692627,0.2735573947429657,0.7264426052570343
survset:UnempDur,RDSurv,7,48,2951,1.7320507764816284,1,1.0,0.8457010984420776,0.15429890155792236,1.7320507764816284,0.5063207149505615,0.4936792850494385,2.6457512378692627,0.22786974906921387,0.7721302509307861
survset:UnempDur,RDSurv,7,48,3094,1.7320507764816284,1,1.0,0.9172126054763794,0.0827873945236206,1.7320507764816284,0.6495994329452515,0.35040056705474854,2.6457512378692627,0.35290634632110596,0.647093653678894
survset:UnempDur,RDSurv,7,48,115,2.2360680103302,0,1.0,0.9696075916290283,0.03039240837097168,1.7320507764816284,0.8085957169532776,0.1914042830467224,2.6457512378692627,0.5441949963569641,0.4558050036430359
survset:UnempDur,RDSurv,7,48,520,2.0,1,1.0,0.7747467756271362,0.22525322437286377,1.7320507764816284,0.40216267108917236,0.5978373289108276,2.6457512378692627,0.15637263655662537,0.8436273634433746
survset:UnempDur,RDSurv,7,48,3173,3.316624879837036,0,1.0,0.9812387228012085,0.018761277198791504,1.7320507764816284,0.8594177961349487,0.14058220386505127,2.6457512378692627,0.6239920258522034,0.37600797414779663
survset:UnempDur,RDSurv,7,48,3084,1.0,1,1.0,0.8573364615440369,0.14266353845596313,1.7320507764816284,0.5263527035713196,0.4736472964286804,2.6457512378692627,0.24333328008651733,0.7566667199134827
survset:UnempDur,RDSurv,7,48,257,2.2360680103302,1,1.0,0.9749678373336792,0.0250321626663208,1.7320507764816284,0.8307390213012695,0.16926097869873047,2.6457512378692627,0.5774462819099426,0.4225537180900574
survset:UnempDur,RDSurv,7,48,2845,1.7320507764816284,1,1.0,0.908664345741272,0.09133565425872803,1.7320507764816284,0.6293946504592896,0.37060534954071045,2.6457512378692627,0.33306169509887695,0.666938304901123
survset:UnempDur,RDSurv,7,48,2708,1.7320507764816284,1,1.0,0.9046324491500854,0.09536755084991455,1.7320507764816284,0.6202294230461121,0.37977057695388794,2.6457512378692627,0.3243238925933838,0.6756761074066162
survset:UnempDur,RDSurv,7,48,2071,2.6457512378692627,0,1.0,0.7649898529052734,0.23501014709472656,1.7320507764816284,0.389785498380661,0.610214501619339,2.6457512378692627,0.148797869682312,0.851202130317688
