dataset,method,run_id,seed,sample_id,observed_time,event,horizon_t25,pred_survival_t25,pred_risk_t25,horizon_t50,pred_survival_t50,pred_risk_t50,horizon_t75,pred_survival_t75,pred_risk_t75
survset:UnempDur,RDSurv,10,51,192,4.358899116516113,0,1.4142135381698608,0.9636280536651611,0.03637194633483887,1.7320507764816284,0.920967698097229,0.079032301902771,2.6457512378692627,0.739883542060852,0.26011645793914795
survset:UnempDur,RDSurv,10,51,2536,1.0,1,1.4142135381698608,0.6659982204437256,0.3340017795562744,1.7320507764816284,0.5183714032173157,0.4816285967826843,2.6457512378692627,0.23497584462165833,0.7650241553783417
survset:UnempDur,RDSurv,10,51,1131,1.0,1,1.4142135381698608,0.607923150062561,0.39207684993743896,1.7320507764816284,0.4566357433795929,0.5433642566204071,2.6457512378692627,0.19009745121002197,0.809902548789978
survset:UnempDur,RDSurv,10,51,1542,1.0,1,1.4142135381698608,0.9347370862960815,0.06526291370391846,1.7320507764816284,0.8705950975418091,0.12940490245819092,2.6457512378692627,0.6407949328422546,0.35920506715774536
survset:UnempDur,RDSurv,10,51,1728,2.4494898319244385,1,1.4142135381698608,0.7500607967376709,0.2499392032623291,1.7320507764816284,0.614802360534668,0.38519763946533203,2.6457512378692627,0.31676429510116577,0.6832357048988342
survset:UnempDur,RDSurv,10,51,514,2.2360680103302,1,1.4142135381698608,0.6265797019004822,0.3734202980995178,1.7320507764816284,0.47607186436653137,0.5239281356334686,2.6457512378692627,0.20365428924560547,0.7963457107543945
survset:UnempDur,RDSurv,10,51,2570,1.0,1,1.4142135381698608,0.5795060396194458,0.4204939603805542,1.7320507764816284,0.42771562933921814,0.5722843706607819,2.6457512378692627,0.17084857821464539,0.8291514217853546
survset:UnempDur,RDSurv,10,51,187,1.4142135381698608,1,1.4142135381698608,0.9191914796829224,0.08080852031707764,1.7320507764816284,0.8453829884529114,0.15461701154708862,2.6457512378692627,0.5980126857757568,0.40198731422424316
survset:UnempDur,RDSurv,10,51,2767,1.4142135381698608,1,1.4142135381698608,0.9306604862213135,0.06933951377868652,1.7320507764816284,0.8638771176338196,0.13612288236618042,2.6457512378692627,0.6290284395217896,0.37097156047821045
survset:UnempDur,RDSurv,10,51,2914,1.7320507764816284,1,1.4142135381698608,0.6861224174499512,0.31387758255004883,1.7320507764816284,0.5406477451324463,0.4593522548675537,2.6457512378692627,0.252527117729187,0.747472882270813
survset:UnempDur,RDSurv,10,51,974,3.316624879837036,0,1.4142135381698608,0.9621381759643555,0.03786182403564453,1.7320507764816284,0.9182253479957581,0.08177465200424194,2.6457512378692627,0.7338861227035522,0.26611387729644775
survset:UnempDur,RDSurv,10,51,2433,2.6457512378692627,1,1.4142135381698608,0.9011876583099365,0.09881234169006348,1.7320507764816284,0.8174064755439758,0.18259352445602417,2.6457512378692627,0.5544455647468567,0.4455544352531433
survset:UnempDur,RDSurv,10,51,1381,2.2360680103302,1,1.4142135381698608,0.9027734994888306,0.09722650051116943,1.7320507764816284,0.8198240995407104,0.18017590045928955,2.6457512378692627,0.5580672025680542,0.4419327974319458
survset:UnempDur,RDSurv,10,51,2818,1.4142135381698608,0,1.4142135381698608,0.635705828666687,0.364294171333313,1.7320507764816284,0.48571333289146423,0.5142866671085358,2.6457512378692627,0.2105705440044403,0.7894294559955597
survset:UnempDur,RDSurv,10,51,2578,2.2360680103302,1,1.4142135381698608,0.513546347618103,0.486453652381897,1.7320507764816284,0.36359691619873047,0.6364030838012695,2.6457512378692627,0.13189351558685303,0.868106484413147
survset:UnempDur,RDSurv,10,51,2146,2.4494898319244385,0,1.4142135381698608,0.9692209959030151,0.030779004096984863,1.7320507764816284,0.9314454793930054,0.06855452060699463,2.6457512378692627,0.7636271715164185,0.23637282848358154
survset:UnempDur,RDSurv,10,51,618,2.2360680103302,0,1.4142135381698608,0.6848866939544678,0.3151133060455322,1.7320507764816284,0.539266049861908,0.46073395013809204,2.6457512378692627,0.2514163851737976,0.7485836148262024
survset:UnempDur,RDSurv,10,51,786,2.2360680103302,0,1.4142135381698608,0.9026886820793152,0.09731131792068481,1.7320507764816284,0.8196945786476135,0.18030542135238647,2.6457512378692627,0.5578725934028625,0.44212740659713745
survset:UnempDur,RDSurv,10,51,1696,1.4142135381698608,1,1.4142135381698608,0.5650880336761475,0.43491196632385254,1.7320507764816284,0.4133480489253998,0.5866519510746002,2.6457512378692627,0.1616828441619873,0.8383171558380127
survset:UnempDur,RDSurv,10,51,175,1.7320507764816284,0,1.4142135381698608,0.7779300212860107,0.22206997871398926,1.7320507764816284,0.6489168405532837,0.3510831594467163,2.6457512378692627,0.34966450929641724,0.6503354907035828
survset:UnempDur,RDSurv,10,51,1367,1.4142135381698608,1,1.4142135381698608,0.9211152791976929,0.07888472080230713,1.7320507764816284,0.8484457731246948,0.15155422687530518,2.6457512378692627,0.6030178666114807,0.3969821333885193
survset:UnempDur,RDSurv,10,51,1345,2.6457512378692627,1,1.4142135381698608,0.9436417818069458,0.0563582181930542,1.7320507764816284,0.8855655193328857,0.11443448066711426,2.6457512378692627,0.6680930852890015,0.33190691471099854
survset:UnempDur,RDSurv,10,51,932,2.8284270763397217,0,1.4142135381698608,0.8730446696281433,0.1269553303718567,1.7320507764816284,0.7757982015609741,0.22420179843902588,2.6457512378692627,0.4957931637763977,0.5042068362236023
survset:UnempDur,RDSurv,10,51,3087,1.7320507764816284,0,1.4142135381698608,0.9504353404045105,0.0495646595954895,1.7320507764816284,0.8972911834716797,0.10270881652832031,2.6457512378692627,0.6906318664550781,0.3093681335449219
survset:UnempDur,RDSurv,10,51,2668,2.0,0,1.4142135381698608,0.9087004661560059,0.09129953384399414,1.7320507764816284,0.828936755657196,0.17106324434280396,2.6457512378692627,0.5719527006149292,0.4280472993850708
survset:UnempDur,RDSurv,10,51,1558,2.6457512378692627,0,1.4142135381698608,0.9408032894134521,0.05919671058654785,1.7320507764816284,0.8807470202445984,0.11925297975540161,2.6457512378692627,0.6591355800628662,0.3408644199371338
survset:UnempDur,RDSurv,10,51,1087,2.2360680103302,0,1.4142135381698608,0.9174159169197083,0.08258408308029175,1.7320507764816284,0.8425695300102234,0.1574304699897766,2.6457512378692627,0.5934584140777588,0.4065415859222412
survset:UnempDur,RDSurv,10,51,3190,1.0,1,1.4142135381698608,0.9135311841964722,0.08646881580352783,1.7320507764816284,0.8364574909210205,0.1635425090789795,2.6457512378692627,0.583703875541687,0.416296124458313
survset:UnempDur,RDSurv,10,51,2318,1.4142135381698608,1,1.4142135381698608,0.7130360007286072,0.2869639992713928,1.7320507764816284,0.5712090134620667,0.42879098653793335,2.6457512378692627,0.2778732180595398,0.7221267819404602
survset:UnempDur,RDSurv,10,51,2912,1.0,1,1.4142135381698608,0.655371904373169,0.34462809562683105,1.7320507764816284,0.5067983269691467,0.49320167303085327,2.6457512378692627,0.22615107893943787,0.7738489210605621
survset:UnempDur,RDSurv,10,51,2633,1.0,1,1.4142135381698608,0.6866672039031982,0.31333279609680176,1.7320507764816284,0.5412575602531433,0.4587424397468567,2.6457512378692627,0.25301826000213623,0.7469817399978638
survset:UnempDur,RDSurv,10,51,1048,2.6457512378692627,0,1.4142135381698608,0.9326233863830566,0.06737661361694336,1.7320507764816284,0.8671017289161682,0.1328982710838318,2.6457512378692627,0.6346409916877747,0.36535900831222534
survset:UnempDur,RDSurv,10,51,297,1.0,1,1.4142135381698608,0.5905298590660095,0.4094701409339905,1.7320507764816284,0.4388384222984314,0.5611615777015686,2.6457512378692627,0.17812374234199524,0.8218762576580048
survset:UnempDur,RDSurv,10,51,577,2.0,1,1.4142135381698608,0.9617780447006226,0.03822195529937744,1.7320507764816284,0.9175653457641602,0.08243465423583984,2.6457512378692627,0.7324551939964294,0.26754480600357056
survset:UnempDur,RDSurv,10,51,154,2.6457512378692627,1,1.4142135381698608,0.5795434713363647,0.42045652866363525,1.7320507764816284,0.42775315046310425,0.5722468495368958,2.6457512378692627,0.17087286710739136,0.8291271328926086
survset:UnempDur,RDSurv,10,51,1407,2.0,1,1.4142135381698608,0.9497057795524597,0.05029422044754028,1.7320507764816284,0.8960181474685669,0.1039818525314331,2.6457512378692627,0.6881312131881714,0.3118687868118286
survset:UnempDur,RDSurv,10,51,628,4.0,0,1.4142135381698608,0.8906711935997009,0.10932880640029907,1.7320507764816284,0.8015811443328857,0.19841885566711426,2.6457512378692627,0.5313477516174316,0.46865224838256836
survset:UnempDur,RDSurv,10,51,3097,1.4142135381698608,1,1.4142135381698608,0.7040289044380188,0.2959710955619812,1.7320507764816284,0.5608800053596497,0.43911999464035034,2.6457512378692627,0.26913753151893616,0.7308624684810638
survset:UnempDur,RDSurv,10,51,3124,3.316624879837036,0,1.4142135381698608,0.6851427555084229,0.31485724449157715,1.7320507764816284,0.5395522713661194,0.4604477286338806,2.6457512378692627,0.2516462206840515,0.7483537793159485
survset:UnempDur,RDSurv,10,51,75,3.872983455657959,1,1.4142135381698608,0.9821509122848511,0.017849087715148926,1.7320507764816284,0.9570584297180176,0.04294157028198242,2.6457512378692627,0.8286646604537964,0.1713353395462036
survset:UnempDur,RDSurv,10,51,2290,1.7320507764816284,0,1.4142135381698608,0.9587603211402893,0.04123967885971069,1.7320507764816284,0.9120767116546631,0.08792328834533691,2.6457512378692627,0.7207364439964294,0.27926355600357056
survset:UnempDur,RDSurv,10,51,1673,1.0,1,1.4142135381698608,0.7389291524887085,0.2610708475112915,1.7320507764816284,0.601497232913971,0.39850276708602905,2.6457512378692627,0.30453556776046753,0.6954644322395325
survset:UnempDur,RDSurv,10,51,2543,2.0,0,1.4142135381698608,0.9579876661300659,0.04201233386993408,1.7320507764816284,0.9106832146644592,0.08931678533554077,2.6457512378692627,0.7178107500076294,0.2821892499923706
survset:UnempDur,RDSurv,10,51,1978,4.0,1,1.4142135381698608,0.7042495608329773,0.2957504391670227,1.7320507764816284,0.5611317753791809,0.4388682246208191,2.6457512378692627,0.2693483829498291,0.7306516170501709
survset:UnempDur,RDSurv,10,51,1156,1.4142135381698608,0,1.4142135381698608,0.7049190998077393,0.29508090019226074,1.7320507764816284,0.5618962645530701,0.43810373544692993,2.6457512378692627,0.2699892222881317,0.7300107777118683
survset:UnempDur,RDSurv,10,51,560,1.0,1,1.4142135381698608,0.5828360915184021,0.4171639084815979,1.7320507764816284,0.43106287717819214,0.5689371228218079,2.6457512378692627,0.1730213463306427,0.8269786536693573
survset:UnempDur,RDSurv,10,51,3156,1.0,1,1.4142135381698608,0.6513471603393555,0.34865283966064453,1.7320507764816284,0.502448320388794,0.49755167961120605,2.6457512378692627,0.2228846549987793,0.7771153450012207
survset:UnempDur,RDSurv,10,51,1380,2.6457512378692627,1,1.4142135381698608,0.9060264825820923,0.09397351741790771,1.7320507764816284,0.824810266494751,0.17518973350524902,2.6457512378692627,0.5656182765960693,0.43438172340393066
survset:UnempDur,RDSurv,10,51,439,2.6457512378692627,1,1.4142135381698608,0.9094083905220032,0.09059160947799683,1.7320507764816284,0.830033540725708,0.169966459274292,2.6457512378692627,0.5736496448516846,0.42635035514831543
survset:UnempDur,RDSurv,10,51,1804,3.464101552963257,0,1.4142135381698608,0.9538426399230957,0.0461573600769043,1.7320507764816284,0.9032832980155945,0.09671670198440552,2.6457512378692627,0.7025901675224304,0.2974098324775696
survset:UnempDur,RDSurv,10,51,2927,2.8284270763397217,0,1.4142135381698608,0.9414113759994507,0.058588624000549316,1.7320507764816284,0.8817756175994873,0.1182243824005127,2.6457512378692627,0.6610335111618042,0.3389664888381958
survset:UnempDur,RDSurv,10,51,1709,2.0,0,1.4142135381698608,0.9598264694213867,0.04017353057861328,1.7320507764816284,0.9140073657035828,0.08599263429641724,2.6457512378692627,0.7248225212097168,0.2751774787902832
survset:UnempDur,RDSurv,10,51,674,3.872983455657959,1,1.4142135381698608,0.9449832439422607,0.05501675605773926,1.7320507764816284,0.8878588080406189,0.1121411919593811,2.6457512378692627,0.6724163293838501,0.3275836706161499
survset:UnempDur,RDSurv,10,51,2553,2.4494898319244385,1,1.4142135381698608,0.8085052967071533,0.19149470329284668,1.7320507764816284,0.6877838969230652,0.3122161030769348,2.6457512378692627,0.39010488986968994,0.6098951101303101
survset:UnempDur,RDSurv,10,51,2614,1.0,1,1.4142135381698608,0.6116001009941101,0.3883998990058899,1.7320507764816284,0.46043768525123596,0.539562314748764,2.6457512378692627,0.19270938634872437,0.8072906136512756
survset:UnempDur,RDSurv,10,51,749,1.7320507764816284,1,1.4142135381698608,0.6512435078620911,0.34875649213790894,1.7320507764816284,0.5023365616798401,0.4976634383201599,2.6457512378692627,0.2228010594844818,0.7771989405155182
survset:UnempDur,RDSurv,10,51,1538,1.7320507764816284,1,1.4142135381698608,0.9521434307098389,0.04785656929016113,1.7320507764816284,0.9002852439880371,0.09971475601196289,2.6457512378692627,0.6965677738189697,0.3034322261810303
survset:UnempDur,RDSurv,10,51,1218,1.0,1,1.4142135381698608,0.6328765153884888,0.36712348461151123,1.7320507764816284,0.48271462321281433,0.5172853767871857,2.6457512378692627,0.20840564370155334,0.7915943562984467
survset:UnempDur,RDSurv,10,51,1337,4.358899116516113,1,1.4142135381698608,0.9258525371551514,0.07414746284484863,1.7320507764816284,0.85605388879776,0.14394611120224,2.6457512378692627,0.6156717538833618,0.3843282461166382
survset:UnempDur,RDSurv,10,51,3004,1.0,1,1.4142135381698608,0.7185019254684448,0.2814980745315552,1.7320507764816284,0.577528178691864,0.422471821308136,2.6457512378692627,0.2833053469657898,0.7166946530342102
survset:UnempDur,RDSurv,10,51,2969,1.0,1,1.4142135381698608,0.7514436841011047,0.24855631589889526,1.7320507764816284,0.6164677143096924,0.3835322856903076,2.6457512378692627,0.3183180093765259,0.6816819906234741
survset:UnempDur,RDSurv,10,51,2771,1.0,1,1.4142135381698608,0.9885090589523315,0.011490941047668457,1.7320507764816284,0.9706820249557495,0.02931797504425049,2.6457512378692627,0.8691300749778748,0.13086992502212524
survset:UnempDur,RDSurv,10,51,706,2.0,1,1.4142135381698608,0.9039440155029297,0.09605598449707031,1.7320507764816284,0.821614146232605,0.17838585376739502,2.6457512378692627,0.560765266418457,0.43923473358154297
survset:UnempDur,RDSurv,10,51,565,3.0,1,1.4142135381698608,0.9293781518936157,0.07062184810638428,1.7320507764816284,0.8617801666259766,0.13821983337402344,2.6457512378692627,0.6254128217697144,0.37458717823028564
survset:UnempDur,RDSurv,10,51,3181,1.4142135381698608,1,1.4142135381698608,0.9660657644271851,0.03393423557281494,1.7320507764816284,0.9254977703094482,0.07450222969055176,2.6457512378692627,0.7499818205833435,0.2500181794166565
survset:UnempDur,RDSurv,10,51,0,2.2360680103302,1,1.4142135381698608,0.6712421178817749,0.3287578821182251,1.7320507764816284,0.5241302847862244,0.47586971521377563,2.6457512378692627,0.23944106698036194,0.7605589330196381
survset:UnempDur,RDSurv,10,51,1195,1.0,1,1.4142135381698608,0.6806567907333374,0.3193432092666626,1.7320507764816284,0.5345501899719238,0.46544981002807617,2.6457512378692627,0.24764758348464966,0.7523524165153503
survset:UnempDur,RDSurv,10,51,746,1.4142135381698608,1,1.4142135381698608,0.7075040340423584,0.2924959659576416,1.7320507764816284,0.5648528337478638,0.43514716625213623,2.6457512378692627,0.2724767029285431,0.7275232970714569
survset:UnempDur,RDSurv,10,51,1376,2.0,0,1.4142135381698608,0.7476343512535095,0.2523656487464905,1.7320507764816284,0.6118871569633484,0.3881128430366516,2.6457512378692627,0.31405699253082275,0.6859430074691772
survset:UnempDur,RDSurv,10,51,810,1.7320507764816284,1,1.4142135381698608,0.7873075008392334,0.2126924991607666,1.7320507764816284,0.6606693863868713,0.33933061361312866,2.6457512378692627,0.3615444600582123,0.6384555399417877
survset:UnempDur,RDSurv,10,51,2893,1.4142135381698608,1,1.4142135381698608,0.6162956357002258,0.38370436429977417,1.7320507764816284,0.4653131365776062,0.5346868634223938,2.6457512378692627,0.1960870921611786,0.8039129078388214
survset:UnempDur,RDSurv,10,51,1500,1.4142135381698608,0,1.4142135381698608,0.6881314516067505,0.3118685483932495,1.7320507764816284,0.5428981781005859,0.45710182189941406,2.6457512378692627,0.25434261560440063,0.7456573843955994
survset:UnempDur,RDSurv,10,51,2937,2.6457512378692627,1,1.4142135381698608,0.9006258845329285,0.09937411546707153,1.7320507764816284,0.8165520429611206,0.1834479570388794,2.6457512378692627,0.5531717538833618,0.4468282461166382
survset:UnempDur,RDSurv,10,51,2042,3.7416574954986572,0,1.4142135381698608,0.9061979651451111,0.09380203485488892,1.7320507764816284,0.8250741958618164,0.1749258041381836,2.6457512378692627,0.5660210251808167,0.43397897481918335
survset:UnempDur,RDSurv,10,51,2301,4.123105525970459,0,1.4142135381698608,0.9292656183242798,0.07073438167572021,1.7320507764816284,0.8615965843200684,0.13840341567993164,2.6457512378692627,0.6250974535942078,0.37490254640579224
survset:UnempDur,RDSurv,10,51,1702,1.7320507764816284,1,1.4142135381698608,0.7033913731575012,0.2966086268424988,1.7320507764816284,0.5601527690887451,0.4398472309112549,2.6457512378692627,0.26852911710739136,0.7314708828926086
survset:UnempDur,RDSurv,10,51,1821,1.0,1,1.4142135381698608,0.5780198574066162,0.4219801425933838,1.7320507764816284,0.42622530460357666,0.5737746953964233,2.6457512378692627,0.1698857545852661,0.8301142454147339
survset:UnempDur,RDSurv,10,51,2071,2.6457512378692627,0,1.4142135381698608,0.6111593842506409,0.38884061574935913,1.7320507764816284,0.4599812626838684,0.5400187373161316,2.6457512378692627,0.19239482283592224,0.8076051771640778
survset:UnempDur,RDSurv,10,51,1877,5.196152210235596,1,1.4142135381698608,0.7039124965667725,0.29608750343322754,1.7320507764816284,0.5607472062110901,0.4392527937889099,2.6457512378692627,0.26902636885643005,0.73097363114357
survset:UnempDur,RDSurv,10,51,2662,2.0,1,1.4142135381698608,0.8774062395095825,0.12259376049041748,1.7320507764816284,0.7820970416069031,0.21790295839309692,2.6457512378692627,0.5042569637298584,0.4957430362701416
survset:UnempDur,RDSurv,10,51,1563,3.7416574954986572,1,1.4142135381698608,0.9010306596755981,0.09896934032440186,1.7320507764816284,0.8171675205230713,0.1828324794769287,2.6457512378692627,0.5540890693664551,0.4459109306335449
survset:UnempDur,RDSurv,10,51,725,4.4721360206604,1,1.4142135381698608,0.8981362581253052,0.10186374187469482,1.7320507764816284,0.812778115272522,0.18722188472747803,2.6457512378692627,0.5475826263427734,0.45241737365722656
survset:UnempDur,RDSurv,10,51,1068,1.7320507764816284,0,1.4142135381698608,0.9298357367515564,0.0701642632484436,1.7320507764816284,0.8625275492668152,0.13747245073318481,2.6457512378692627,0.62669837474823,0.37330162525177
survset:UnempDur,RDSurv,10,51,1065,1.4142135381698608,1,1.4142135381698608,0.75901198387146,0.24098801612854004,1.7320507764816284,0.6256313920021057,0.3743686079978943,2.6457512378692627,0.32696136832237244,0.6730386316776276
survset:UnempDur,RDSurv,10,51,518,3.872983455657959,1,1.4142135381698608,0.9205607175827026,0.07943928241729736,1.7320507764816284,0.847561240196228,0.15243875980377197,2.6457512378692627,0.6015672087669373,0.39843279123306274
survset:UnempDur,RDSurv,10,51,344,2.4494898319244385,0,1.4142135381698608,0.7564276456832886,0.24357235431671143,1.7320507764816284,0.622492790222168,0.37750720977783203,2.6457512378692627,0.32398292422294617,0.6760170757770538
survset:UnempDur,RDSurv,10,51,2147,1.4142135381698608,1,1.4142135381698608,0.8993484973907471,0.10065150260925293,1.7320507764816284,0.8146131038665771,0.18538689613342285,2.6457512378692627,0.5502926111221313,0.44970738887786865
survset:UnempDur,RDSurv,10,51,2231,3.1622776985168457,0,1.4142135381698608,0.8923678398132324,0.10763216018676758,1.7320507764816284,0.8041107654571533,0.19588923454284668,2.6457512378692627,0.5349711775779724,0.4650288224220276
survset:UnempDur,RDSurv,10,51,2492,1.7320507764816284,1,1.4142135381698608,0.6075910925865173,0.39240890741348267,1.7320507764816284,0.45629310607910156,0.5437068939208984,2.6457512378692627,0.18986299633979797,0.810137003660202
survset:UnempDur,RDSurv,10,51,371,2.8284270763397217,0,1.4142135381698608,0.9476203322410583,0.05237966775894165,1.7320507764816284,0.8923979997634888,0.10760200023651123,2.6457512378692627,0.6810933351516724,0.31890666484832764
survset:UnempDur,RDSurv,10,51,3230,1.0,1,1.4142135381698608,0.7070937752723694,0.2929062247276306,1.7320507764816284,0.5643830299377441,0.43561697006225586,2.6457512378692627,0.2720804810523987,0.7279195189476013
survset:UnempDur,RDSurv,10,51,1411,1.0,1,1.4142135381698608,0.7974956035614014,0.20250439643859863,1.7320507764816284,0.6736037135124207,0.32639628648757935,2.6457512378692627,0.37496256828308105,0.625037431716919
survset:UnempDur,RDSurv,10,51,1397,1.0,1,1.4142135381698608,0.7310620546340942,0.26893794536590576,1.7320507764816284,0.5921989679336548,0.4078010320663452,2.6457512378692627,0.2961800694465637,0.7038199305534363
survset:UnempDur,RDSurv,10,51,3160,1.0,1,1.4142135381698608,0.5882591009140015,0.41174089908599854,1.7320507764816284,0.43653741478919983,0.5634625852108002,2.6457512378692627,0.1766057014465332,0.8233942985534668
survset:UnempDur,RDSurv,10,51,377,1.4142135381698608,1,1.4142135381698608,0.930179238319397,0.06982076168060303,1.7320507764816284,0.8630892038345337,0.1369107961654663,2.6457512378692627,0.6276667714118958,0.37233322858810425
survset:UnempDur,RDSurv,10,51,2251,3.316624879837036,0,1.4142135381698608,0.9061253070831299,0.09387469291687012,1.7320507764816284,0.8249623775482178,0.17503762245178223,2.6457512378692627,0.5658503174781799,0.43414968252182007
survset:UnempDur,RDSurv,10,51,3150,1.4142135381698608,1,1.4142135381698608,0.6892119646072388,0.31078803539276123,1.7320507764816284,0.5441105365753174,0.4558894634246826,2.6457512378692627,0.25532394647598267,0.7446760535240173
survset:UnempDur,RDSurv,10,51,3120,1.4142135381698608,0,1.4142135381698608,0.6765816807746887,0.3234183192253113,1.7320507764816284,0.5300271511077881,0.4699728488922119,2.6457512378692627,0.2440650463104248,0.7559349536895752
survset:UnempDur,RDSurv,10,51,520,2.0,1,1.4142135381698608,0.559691309928894,0.44030869007110596,1.7320507764816284,0.40802183747291565,0.5919781625270844,2.6457512378692627,0.1583503782749176,0.8416496217250824
survset:UnempDur,RDSurv,10,51,1321,2.4494898319244385,1,1.4142135381698608,0.7154631614685059,0.28453683853149414,1.7320507764816284,0.5740101933479309,0.4259898066520691,2.6457512378692627,0.280272901058197,0.719727098941803
survset:UnempDur,RDSurv,10,51,1311,3.0,1,1.4142135381698608,0.9015151858329773,0.0984848141670227,1.7320507764816284,0.817905068397522,0.18209493160247803,2.6457512378692627,0.5551904439926147,0.44480955600738525
survset:UnempDur,RDSurv,10,51,1137,1.0,1,1.4142135381698608,0.5586055517196655,0.4413944482803345,1.7320507764816284,0.40695369243621826,0.5930463075637817,2.6457512378692627,0.15768632292747498,0.842313677072525
survset:UnempDur,RDSurv,10,51,473,1.0,1,1.4142135381698608,0.5630245804786682,0.4369754195213318,1.7320507764816284,0.41130825877189636,0.5886917412281036,2.6457512378692627,0.16040247678756714,0.8395975232124329
survset:UnempDur,RDSurv,10,51,2776,1.4142135381698608,1,1.4142135381698608,0.6141561269760132,0.3858438730239868,1.7320507764816284,0.4630887806415558,0.5369112193584442,2.6457512378692627,0.19454210996627808,0.8054578900337219
survset:UnempDur,RDSurv,10,51,1432,2.4494898319244385,0,1.4142135381698608,0.9124109745025635,0.08758902549743652,1.7320507764816284,0.8347058296203613,0.16529417037963867,2.6457512378692627,0.5809425115585327,0.4190574884414673
survset:UnempDur,RDSurv,10,51,2452,2.2360680103302,1,1.4142135381698608,0.6179500818252563,0.38204991817474365,1.7320507764816284,0.4670363962650299,0.5329636037349701,2.6457512378692627,0.1972886025905609,0.8027113974094391
survset:UnempDur,RDSurv,10,51,1482,1.0,1,1.4142135381698608,0.7308357954025269,0.26916420459747314,1.7320507764816284,0.5919328331947327,0.40806716680526733,2.6457512378692627,0.2959432005882263,0.7040567994117737
survset:UnempDur,RDSurv,10,51,1472,3.7416574954986572,0,1.4142135381698608,0.9350005388259888,0.06499946117401123,1.7320507764816284,0.8710319995880127,0.1289680004119873,2.6457512378692627,0.6415700912475586,0.3584299087524414
survset:UnempDur,RDSurv,10,51,1320,2.0,1,1.4142135381698608,0.7333692312240601,0.26663076877593994,1.7320507764816284,0.5949170589447021,0.40508294105529785,2.6457512378692627,0.29860663414001465,0.7013933658599854
survset:UnempDur,RDSurv,10,51,2480,2.0,0,1.4142135381698608,0.9826008677482605,0.017399132251739502,1.7320507764816284,0.9579946994781494,0.042005300521850586,2.6457512378692627,0.8312838673591614,0.16871613264083862
survset:UnempDur,RDSurv,10,51,2155,2.8284270763397217,0,1.4142135381698608,0.9605669975280762,0.03943300247192383,1.7320507764816284,0.9153538346290588,0.08464616537094116,2.6457512378692627,0.727695107460022,0.272304892539978
survset:UnempDur,RDSurv,10,51,437,2.2360680103302,1,1.4142135381698608,0.9109259843826294,0.0890740156173706,1.7320507764816284,0.8323907852172852,0.16760921478271484,2.6457512378692627,0.5773159265518188,0.42268407344818115
survset:UnempDur,RDSurv,10,51,360,2.6457512378692627,0,1.4142135381698608,0.9193457365036011,0.08065426349639893,1.7320507764816284,0.8456279635429382,0.15437203645706177,2.6457512378692627,0.5984111428260803,0.4015888571739197
survset:UnempDur,RDSurv,10,51,2224,2.0,1,1.4142135381698608,0.9045184850692749,0.0954815149307251,1.7320507764816284,0.8224942684173584,0.1775057315826416,2.6457512378692627,0.5620970726013184,0.43790292739868164
survset:UnempDur,RDSurv,10,51,308,1.0,1,1.4142135381698608,0.6399754285812378,0.3600245714187622,1.7320507764816284,0.49025487899780273,0.5097451210021973,2.6457512378692627,0.21387317776679993,0.7861268222332001
survset:UnempDur,RDSurv,10,51,1011,2.6457512378692627,1,1.4142135381698608,0.9119430780410767,0.08805692195892334,1.7320507764816284,0.8339753746986389,0.16602462530136108,2.6457512378692627,0.5797954797744751,0.4202045202255249
survset:UnempDur,RDSurv,10,51,166,2.2360680103302,0,1.4142135381698608,0.911007285118103,0.08899271488189697,1.7320507764816284,0.8325173854827881,0.16748261451721191,2.6457512378692627,0.577513575553894,0.42248642444610596
survset:UnempDur,RDSurv,10,51,2108,3.316624879837036,0,1.4142135381698608,0.9016674160957336,0.09833258390426636,1.7320507764816284,0.818136990070343,0.18186300992965698,2.6457512378692627,0.555537223815918,0.44446277618408203
survset:UnempDur,RDSurv,10,51,2920,1.0,1,1.4142135381698608,0.5861591100692749,0.4138408899307251,1.7320507764816284,0.4344140291213989,0.5655859708786011,2.6457512378692627,0.1752108931541443,0.8247891068458557
survset:UnempDur,RDSurv,10,51,915,1.0,1,1.4142135381698608,0.7015222907066345,0.2984777092933655,1.7320507764816284,0.5580238699913025,0.4419761300086975,2.6457512378692627,0.26675286889076233,0.7332471311092377
survset:UnempDur,RDSurv,10,51,1193,1.4142135381698608,1,1.4142135381698608,0.7167025208473206,0.28329747915267944,1.7320507764816284,0.5754435658454895,0.4245564341545105,2.6457512378692627,0.28150588274002075,0.7184941172599792
survset:UnempDur,RDSurv,10,51,2600,3.316624879837036,0,1.4142135381698608,0.9564926624298096,0.04350733757019043,1.7320507764816284,0.9079996347427368,0.09200036525726318,2.6457512378692627,0.7122306227684021,0.2877693772315979
survset:UnempDur,RDSurv,10,51,970,4.0,1,1.4142135381698608,0.6745268106460571,0.32547318935394287,1.7320507764816284,0.5277538299560547,0.4722461700439453,2.6457512378692627,0.24227619171142578,0.7577238082885742
survset:UnempDur,RDSurv,10,51,1934,3.0,0,1.4142135381698608,0.9172718524932861,0.08272814750671387,1.7320507764816284,0.8423418998718262,0.15765810012817383,2.6457512378692627,0.5930916666984558,0.4069083333015442
survset:UnempDur,RDSurv,10,51,2637,3.605551242828369,1,1.4142135381698608,0.9001933336257935,0.09980666637420654,1.7320507764816284,0.8158948421478271,0.18410515785217285,2.6457512378692627,0.5521940588951111,0.4478059411048889
survset:UnempDur,RDSurv,10,51,1216,3.316624879837036,1,1.4142135381698608,0.912204384803772,0.08779561519622803,1.7320507764816284,0.8343831300735474,0.16561686992645264,2.6457512378692627,0.5804355144500732,0.41956448554992676
survset:UnempDur,RDSurv,10,51,1302,1.4142135381698608,1,1.4142135381698608,0.6639440655708313,0.3360559344291687,1.7320507764816284,0.5161241888999939,0.4838758111000061,2.6457512378692627,0.2332468330860138,0.7667531669139862
survset:UnempDur,RDSurv,10,51,1675,2.6457512378692627,1,1.4142135381698608,0.6489433646202087,0.35105663537979126,1.7320507764816284,0.49985891580581665,0.5001410841941833,2.6457512378692627,0.22095322608947754,0.7790467739105225
survset:UnempDur,RDSurv,10,51,1820,3.7416574954986572,1,1.4142135381698608,0.6084410548210144,0.3915589451789856,1.7320507764816284,0.45717042684555054,0.5428295731544495,2.6457512378692627,0.19046363234519958,0.8095363676548004
survset:UnempDur,RDSurv,10,51,1729,3.0,1,1.4142135381698608,0.7412833571434021,0.2587166428565979,1.7320507764816284,0.6042965054512024,0.3957034945487976,2.6457512378692627,0.3070814311504364,0.6929185688495636
survset:UnempDur,RDSurv,10,51,585,4.0,0,1.4142135381698608,0.9506893754005432,0.04931062459945679,1.7320507764816284,0.8977352380752563,0.10226476192474365,2.6457512378692627,0.6915073990821838,0.30849260091781616
survset:UnempDur,RDSurv,10,51,2086,4.0,0,1.4142135381698608,0.8885319232940674,0.11146807670593262,1.7320507764816284,0.7984040975570679,0.20159590244293213,2.6457512378692627,0.526832640171051,0.473167359828949
survset:UnempDur,RDSurv,10,51,1999,1.4142135381698608,1,1.4142135381698608,0.902410626411438,0.09758937358856201,1.7320507764816284,0.819270133972168,0.18072986602783203,2.6457512378692627,0.5572351217269897,0.44276487827301025
survset:UnempDur,RDSurv,10,51,2855,2.6457512378692627,0,1.4142135381698608,0.6979437470436096,0.3020562529563904,1.7320507764816284,0.5539599061012268,0.4460400938987732,2.6457512378692627,0.26338255405426025,0.7366174459457397
survset:UnempDur,RDSurv,10,51,130,3.872983455657959,0,1.4142135381698608,0.9621322154998779,0.03786778450012207,1.7320507764816284,0.9182143807411194,0.08178561925888062,2.6457512378692627,0.7338622808456421,0.2661377191543579
survset:UnempDur,RDSurv,10,51,1720,1.0,1,1.4142135381698608,0.616186797618866,0.38381320238113403,1.7320507764816284,0.46519985795021057,0.5348001420497894,2.6457512378692627,0.19600826501846313,0.8039917349815369
survset:UnempDur,RDSurv,10,51,2049,1.4142135381698608,1,1.4142135381698608,0.6047896146774292,0.3952103853225708,1.7320507764816284,0.4534067213535309,0.5465932786464691,2.6457512378692627,0.18789419531822205,0.812105804681778
survset:UnempDur,RDSurv,10,51,1614,2.2360680103302,1,1.4142135381698608,0.9801879525184631,0.019812047481536865,1.7320507764816284,0.9530155658721924,0.04698443412780762,2.6457512378692627,0.8175848722457886,0.18241512775421143
survset:UnempDur,RDSurv,10,51,3095,1.4142135381698608,1,1.4142135381698608,0.756883978843689,0.24311602115631104,1.7320507764816284,0.6230462789535522,0.37695372104644775,2.6457512378692627,0.32450681924819946,0.6754931807518005
survset:UnempDur,RDSurv,10,51,1939,2.0,0,1.4142135381698608,0.6800287961959839,0.3199712038040161,1.7320507764816284,0.5338519215583801,0.4661480784416199,2.6457512378692627,0.24709242582321167,0.7529075741767883
survset:UnempDur,RDSurv,10,51,2882,3.7416574954986572,0,1.4142135381698608,0.7285991907119751,0.2714008092880249,1.7320507764816284,0.5893055200576782,0.4106944799423218,2.6457512378692627,0.2936112582683563,0.7063887417316437
survset:UnempDur,RDSurv,10,51,2629,1.0,1,1.4142135381698608,0.5727574825286865,0.4272425174713135,1.7320507764816284,0.4209654629230499,0.5790345370769501,2.6457512378692627,0.16651010513305664,0.8334898948669434
survset:UnempDur,RDSurv,10,51,2774,1.4142135381698608,1,1.4142135381698608,0.9143359661102295,0.08566403388977051,1.7320507764816284,0.8377189636230469,0.16228103637695312,2.6457512378692627,0.5857017040252686,0.41429829597473145
survset:UnempDur,RDSurv,10,51,2712,3.605551242828369,1,1.4142135381698608,0.7305830121040344,0.2694169878959656,1.7320507764816284,0.591635525226593,0.408364474773407,2.6457512378692627,0.2956787049770355,0.7043212950229645
survset:UnempDur,RDSurv,10,51,3220,3.316624879837036,1,1.4142135381698608,0.9609599113464355,0.03904008865356445,1.7320507764816284,0.9160699844360352,0.08393001556396484,2.6457512378692627,0.7292309999465942,0.27076900005340576
survset:UnempDur,RDSurv,10,51,3158,1.0,1,1.4142135381698608,0.7221585512161255,0.2778414487838745,1.7320507764816284,0.5817775130271912,0.41822248697280884,2.6457512378692627,0.2869962453842163,0.7130037546157837
survset:UnempDur,RDSurv,10,51,119,3.316624879837036,0,1.4142135381698608,0.9248605966567993,0.07513940334320068,1.7320507764816284,0.8544529676437378,0.1455470323562622,2.6457512378692627,0.6129822731018066,0.38701772689819336
survset:UnempDur,RDSurv,10,51,1026,5.291502475738525,0,1.4142135381698608,0.9149084091186523,0.08509159088134766,1.7320507764816284,0.8386176824569702,0.16138231754302979,2.6457512378692627,0.5871300101280212,0.41286998987197876
survset:UnempDur,RDSurv,10,51,1317,3.0,1,1.4142135381698608,0.9112898111343384,0.08871018886566162,1.7320507764816284,0.8329571485519409,0.16704285144805908,2.6457512378692627,0.5782008171081543,0.4217991828918457
survset:UnempDur,RDSurv,10,51,3167,1.7320507764816284,0,1.4142135381698608,0.7136846780776978,0.28631532192230225,1.7320507764816284,0.5719568729400635,0.4280431270599365,2.6457512378692627,0.2785125970840454,0.7214874029159546
survset:UnempDur,RDSurv,10,51,1185,2.2360680103302,1,1.4142135381698608,0.939525842666626,0.06047415733337402,1.7320507764816284,0.8785931468009949,0.12140685319900513,2.6457512378692627,0.6551854610443115,0.3448145389556885
survset:UnempDur,RDSurv,10,51,2365,2.8284270763397217,0,1.4142135381698608,0.8951427936553955,0.10485720634460449,1.7320507764816284,0.8082671165466309,0.19173288345336914,2.6457512378692627,0.5409803986549377,0.45901960134506226
survset:UnempDur,RDSurv,10,51,1046,3.0,1,1.4142135381698608,0.9486311674118042,0.0513688325881958,1.7320507764816284,0.8941493034362793,0.1058506965637207,2.6457512378692627,0.6844845414161682,0.3155154585838318
survset:UnempDur,RDSurv,10,51,349,4.4721360206604,0,1.4142135381698608,0.9037588834762573,0.09624111652374268,1.7320507764816284,0.8213306665420532,0.17866933345794678,2.6457512378692627,0.5603370666503906,0.4396629333496094
survset:UnempDur,RDSurv,10,51,640,2.4494898319244385,1,1.4142135381698608,0.9033699035644531,0.09663009643554688,1.7320507764816284,0.8207355737686157,0.17926442623138428,2.6457512378692627,0.5594392418861389,0.4405607581138611
survset:UnempDur,RDSurv,10,51,1251,4.4721360206604,0,1.4142135381698608,0.9770915508270264,0.022908449172973633,1.7320507764816284,0.946763813495636,0.053236186504364014,2.6457512378692627,0.8011202812194824,0.19887971878051758
survset:UnempDur,RDSurv,10,51,132,2.2360680103302,1,1.4142135381698608,0.6828001737594604,0.31719982624053955,1.7320507764816284,0.5369371771812439,0.4630628228187561,2.6457512378692627,0.24955087900161743,0.7504491209983826
survset:UnempDur,RDSurv,10,51,1887,2.6457512378692627,1,1.4142135381698608,0.6748654842376709,0.3251345157623291,1.7320507764816284,0.5281282067298889,0.4718717932701111,2.6457512378692627,0.24257022142410278,0.7574297785758972
survset:UnempDur,RDSurv,10,51,2580,1.0,1,1.4142135381698608,0.9460963010787964,0.05390369892120361,1.7320507764816284,0.8897696137428284,0.11023038625717163,2.6457512378692627,0.6760492920875549,0.32395070791244507
survset:UnempDur,RDSurv,10,51,1949,3.605551242828369,1,1.4142135381698608,0.9324859380722046,0.06751406192779541,1.7320507764816284,0.866875410079956,0.13312458992004395,2.6457512378692627,0.634244978427887,0.36575502157211304
survset:UnempDur,RDSurv,10,51,2944,3.0,1,1.4142135381698608,0.9249072074890137,0.07509279251098633,1.7320507764816284,0.8545280694961548,0.14547193050384521,2.6457512378692627,0.6131080389022827,0.3868919610977173
survset:UnempDur,RDSurv,10,51,1531,1.0,1,1.4142135381698608,0.6192249655723572,0.3807750344276428,1.7320507764816284,0.4683663249015808,0.5316336750984192,2.6457512378692627,0.19821861386299133,0.8017813861370087
survset:UnempDur,RDSurv,10,51,262,3.605551242828369,1,1.4142135381698608,0.942296028137207,0.05770397186279297,1.7320507764816284,0.8832753896713257,0.11672461032867432,2.6457512378692627,0.6638146638870239,0.3361853361129761
survset:UnempDur,RDSurv,10,51,1892,1.4142135381698608,1,1.4142135381698608,0.599515974521637,0.40048402547836304,1.7320507764816284,0.44799503684043884,0.5520049631595612,2.6457512378692627,0.1842324137687683,0.8157675862312317
survset:UnempDur,RDSurv,10,51,679,2.8284270763397217,0,1.4142135381698608,0.9081862568855286,0.09181374311447144,1.7320507764816284,0.8281413316726685,0.17185866832733154,2.6457512378692627,0.5707255005836487,0.4292744994163513
survset:UnempDur,RDSurv,10,51,652,1.4142135381698608,1,1.4142135381698608,0.690544605255127,0.30945539474487305,1.7320507764816284,0.5456076264381409,0.45439237356185913,2.6457512378692627,0.2565389573574066,0.7434610426425934
survset:UnempDur,RDSurv,10,51,452,3.0,1,1.4142135381698608,0.8797317147254944,0.12026828527450562,1.7320507764816284,0.785476565361023,0.21452343463897705,2.6457512378692627,0.5088555812835693,0.49114441871643066
survset:UnempDur,RDSurv,10,51,1279,3.464101552963257,0,1.4142135381698608,0.9529094099998474,0.04709059000015259,1.7320507764816284,0.9016342163085938,0.09836578369140625,2.6457512378692627,0.6992676854133606,0.3007323145866394
survset:UnempDur,RDSurv,10,51,1560,1.4142135381698608,1,1.4142135381698608,0.7080436944961548,0.2919563055038452,1.7320507764816284,0.5654711127281189,0.4345288872718811,2.6457512378692627,0.2729986906051636,0.7270013093948364
survset:UnempDur,RDSurv,10,51,980,2.2360680103302,0,1.4142135381698608,0.9143821597099304,0.08561784029006958,1.7320507764816284,0.8377913236618042,0.1622086763381958,2.6457512378692627,0.5858166217803955,0.4141833782196045
survset:UnempDur,RDSurv,10,51,2540,2.2360680103302,0,1.4142135381698608,0.5984869599342346,0.4015130400657654,1.7320507764816284,0.4469423294067383,0.5530576705932617,2.6457512378692627,0.18352457880973816,0.8164754211902618
survset:UnempDur,RDSurv,10,51,894,3.7416574954986572,1,1.4142135381698608,0.920405924320221,0.07959407567977905,1.7320507764816284,0.8473146557807922,0.15268534421920776,2.6457512378692627,0.6011635661125183,0.3988364338874817
survset:UnempDur,RDSurv,10,51,1524,1.7320507764816284,1,1.4142135381698608,0.6936938762664795,0.3063061237335205,1.7320507764816284,0.5491544008255005,0.4508455991744995,2.6457512378692627,0.25943151116371155,0.7405684888362885
survset:UnempDur,RDSurv,10,51,272,3.0,1,1.4142135381698608,0.6367204189300537,0.3632795810699463,1.7320507764816284,0.4867907464504242,0.5132092535495758,2.6457512378692627,0.2113514244556427,0.7886485755443573
survset:UnempDur,RDSurv,10,51,830,3.7416574954986572,0,1.4142135381698608,0.9332485198974609,0.06675148010253906,1.7320507764816284,0.8681325912475586,0.1318674087524414,2.6457512378692627,0.6364489197731018,0.3635510802268982
survset:UnempDur,RDSurv,10,51,201,1.7320507764816284,1,1.4142135381698608,0.9060596227645874,0.0939403772354126,1.7320507764816284,0.8248612284660339,0.17513877153396606,2.6457512378692627,0.5656959414482117,0.43430405855178833
survset:UnempDur,RDSurv,10,51,2705,1.0,1,1.4142135381698608,0.5359926223754883,0.4640073776245117,1.7320507764816284,0.38495978713035583,0.6150402128696442,2.6457512378692627,0.1443212628364563,0.8556787371635437
survset:UnempDur,RDSurv,10,51,2464,2.4494898319244385,0,1.4142135381698608,0.915389358997345,0.08461064100265503,1.7320507764816284,0.8393737077713013,0.16062629222869873,2.6457512378692627,0.5883345603942871,0.4116654396057129
survset:UnempDur,RDSurv,10,51,1573,2.6457512378692627,0,1.4142135381698608,0.6254056692123413,0.3745943307876587,1.7320507764816284,0.474837988615036,0.525162011384964,2.6457512378692627,0.20277848839759827,0.7972215116024017
survset:UnempDur,RDSurv,10,51,1818,1.4142135381698608,1,1.4142135381698608,0.9037647247314453,0.09623527526855469,1.7320507764816284,0.8213396072387695,0.17866039276123047,2.6457512378692627,0.5603505373001099,0.43964946269989014
survset:UnempDur,RDSurv,10,51,2222,2.0,0,1.4142135381698608,0.8983826637268066,0.10161733627319336,1.7320507764816284,0.8131507635116577,0.18684923648834229,2.6457512378692627,0.5481318235397339,0.4518681764602661
survset:UnempDur,RDSurv,10,51,114,3.464101552963257,1,1.4142135381698608,0.9658867120742798,0.034113287925720215,1.7320507764816284,0.9251630306243896,0.07483696937561035,2.6457512378692627,0.7492272257804871,0.25077277421951294
survset:UnempDur,RDSurv,10,51,2380,4.582575798034668,0,1.4142135381698608,0.912124752998352,0.08787524700164795,1.7320507764816284,0.8342588543891907,0.16574114561080933,2.6457512378692627,0.5802403092384338,0.41975969076156616
survset:UnempDur,RDSurv,10,51,1540,1.7320507764816284,0,1.4142135381698608,0.7220398187637329,0.2779601812362671,1.7320507764816284,0.5816392302513123,0.41836076974868774,2.6457512378692627,0.2868756651878357,0.7131243348121643
survset:UnempDur,RDSurv,10,51,2139,1.0,1,1.4142135381698608,0.7262396216392517,0.2737603783607483,1.7320507764816284,0.5865411162376404,0.4134588837623596,2.6457512378692627,0.2911706864833832,0.7088293135166168
survset:UnempDur,RDSurv,10,51,2085,4.0,0,1.4142135381698608,0.9114487767219543,0.08855122327804565,1.7320507764816284,0.8332048654556274,0.16679513454437256,2.6457512378692627,0.5785883069038391,0.4214116930961609
survset:UnempDur,RDSurv,10,51,1049,1.0,1,1.4142135381698608,0.6068559885025024,0.39314401149749756,1.7320507764816284,0.4555349349975586,0.5444650650024414,2.6457512378692627,0.18934479355812073,0.8106552064418793
survset:UnempDur,RDSurv,10,51,2642,1.0,1,1.4142135381698608,0.594017744064331,0.40598225593566895,1.7320507764816284,0.4423828423023224,0.5576171576976776,2.6457512378692627,0.1804754137992859,0.8195245862007141
survset:UnempDur,RDSurv,10,51,9,2.6457512378692627,0,1.4142135381698608,0.9127148985862732,0.0872851014137268,1.7320507764816284,0.8351805210113525,0.16481947898864746,2.6457512378692627,0.5816892981529236,0.4183107018470764
survset:UnempDur,RDSurv,10,51,3071,3.0,1,1.4142135381698608,0.9079506397247314,0.09204936027526855,1.7320507764816284,0.8277770280838013,0.17222297191619873,2.6457512378692627,0.5701645612716675,0.4298354387283325
survset:UnempDur,RDSurv,10,51,1372,2.0,1,1.4142135381698608,0.6078943610191345,0.3921056389808655,1.7320507764816284,0.45660609006881714,0.5433939099311829,2.6457512378692627,0.19007715582847595,0.809922844171524
survset:UnempDur,RDSurv,10,51,91,1.0,1,1.4142135381698608,0.6774362325668335,0.3225637674331665,1.7320507764816284,0.5309739708900452,0.46902602910995483,2.6457512378692627,0.24481239914894104,0.755187600851059
survset:UnempDur,RDSurv,10,51,1273,3.605551242828369,1,1.4142135381698608,0.9557039737701416,0.0442960262298584,1.7320507764816284,0.9065907001495361,0.09340929985046387,2.6457512378692627,0.709328830242157,0.290671169757843
survset:UnempDur,RDSurv,10,51,924,1.4142135381698608,1,1.4142135381698608,0.92408287525177,0.07591712474822998,1.7320507764816284,0.8532006740570068,0.14679932594299316,2.6457512378692627,0.6108885407447815,0.3891114592552185
survset:UnempDur,RDSurv,10,51,3231,1.4142135381698608,1,1.4142135381698608,0.7071298956871033,0.29287010431289673,1.7320507764816284,0.5644243955612183,0.43557560443878174,2.6457512378692627,0.2721153497695923,0.7278846502304077
survset:UnempDur,RDSurv,10,51,2490,1.7320507764816284,0,1.4142135381698608,0.9256480932235718,0.07435190677642822,1.7320507764816284,0.8557237386703491,0.14427626132965088,2.6457512378692627,0.6151158213615417,0.38488417863845825
survset:UnempDur,RDSurv,10,51,1346,1.7320507764816284,1,1.4142135381698608,0.5750605463981628,0.42493945360183716,1.7320507764816284,0.4232640862464905,0.5767359137535095,2.6457512378692627,0.16798102855682373,0.8320189714431763
survset:UnempDur,RDSurv,10,51,2611,1.7320507764816284,0,1.4142135381698608,0.95838463306427,0.04161536693572998,1.7320507764816284,0.9113984704017639,0.08860152959823608,2.6457512378692627,0.7193099856376648,0.2806900143623352
survset:UnempDur,RDSurv,10,51,470,2.2360680103302,0,1.4142135381698608,0.765062689781189,0.23493731021881104,1.7320507764816284,0.6330190300941467,0.36698096990585327,2.6457512378692627,0.33404743671417236,0.6659525632858276
survset:UnempDur,RDSurv,10,51,2050,1.0,1,1.4142135381698608,0.5970377922058105,0.40296220779418945,1.7320507764816284,0.4454617202281952,0.5545382797718048,2.6457512378692627,0.1825314462184906,0.8174685537815094
survset:UnempDur,RDSurv,10,51,2172,2.2360680103302,0,1.4142135381698608,0.9233875274658203,0.07661247253417969,1.7320507764816284,0.8520832061767578,0.1479167938232422,2.6457512378692627,0.6090275645256042,0.39097243547439575
survset:UnempDur,RDSurv,10,51,649,4.0,1,1.4142135381698608,0.6137444376945496,0.38625556230545044,1.7320507764816284,0.4626612961292267,0.5373387038707733,2.6457512378692627,0.19424596428871155,0.8057540357112885
survset:UnempDur,RDSurv,10,51,1389,2.6457512378692627,0,1.4142135381698608,0.7421716451644897,0.25782835483551025,1.7320507764816284,0.6053547263145447,0.3946452736854553,2.6457512378692627,0.3080475330352783,0.6919524669647217
survset:UnempDur,RDSurv,10,51,140,3.316624879837036,0,1.4142135381698608,0.9299355745315552,0.07006442546844482,1.7320507764816284,0.8626906871795654,0.13730931282043457,2.6457512378692627,0.6269794702529907,0.3730205297470093
survset:UnempDur,RDSurv,10,51,293,1.0,1,1.4142135381698608,0.7113634347915649,0.28863656520843506,1.7320507764816284,0.569283127784729,0.430716872215271,2.6457512378692627,0.27623099088668823,0.7237690091133118
survset:UnempDur,RDSurv,10,51,1669,2.2360680103302,1,1.4142135381698608,0.5505448579788208,0.4494551420211792,1.7320507764816284,0.39905846118927,0.60094153881073,2.6457512378692627,0.15282103419303894,0.8471789658069611
survset:UnempDur,RDSurv,10,51,485,3.7416574954986572,1,1.4142135381698608,0.918691873550415,0.08130812644958496,1.7320507764816284,0.8445900678634644,0.15540993213653564,2.6457512378692627,0.5967249870300293,0.4032750129699707
survset:UnempDur,RDSurv,10,51,721,1.0,1,1.4142135381698608,0.731138288974762,0.26886171102523804,1.7320507764816284,0.592288613319397,0.407711386680603,2.6457512378692627,0.29625993967056274,0.7037400603294373
survset:UnempDur,RDSurv,10,51,1313,3.605551242828369,0,1.4142135381698608,0.9492666125297546,0.05073338747024536,1.7320507764816284,0.8952535390853882,0.10474646091461182,2.6457512378692627,0.6866357326507568,0.31336426734924316
survset:UnempDur,RDSurv,10,51,1124,1.7320507764816284,1,1.4142135381698608,0.9103415012359619,0.08965849876403809,1.7320507764816284,0.83148193359375,0.16851806640625,2.6457512378692627,0.5758991837501526,0.4241008162498474
survset:UnempDur,RDSurv,10,51,3025,2.2360680103302,0,1.4142135381698608,0.6147096157073975,0.38529038429260254,1.7320507764816284,0.4636637568473816,0.5363362431526184,2.6457512378692627,0.19494083523750305,0.805059164762497
survset:UnempDur,RDSurv,10,51,3194,1.7320507764816284,1,1.4142135381698608,0.6768609285354614,0.3231390714645386,1.7320507764816284,0.5303364992141724,0.46966350078582764,2.6457512378692627,0.24430903792381287,0.7556909620761871
survset:UnempDur,RDSurv,10,51,2724,1.4142135381698608,1,1.4142135381698608,0.6921404004096985,0.3078595995903015,1.7320507764816284,0.5474033355712891,0.45259666442871094,2.6457512378692627,0.258000910282135,0.741999089717865
survset:UnempDur,RDSurv,10,51,1428,1.7320507764816284,0,1.4142135381698608,0.718968391418457,0.28103160858154297,1.7320507764816284,0.578069269657135,0.421930730342865,2.6457512378692627,0.28377360105514526,0.7162263989448547
survset:UnempDur,RDSurv,10,51,991,2.2360680103302,0,1.4142135381698608,0.941569983959198,0.058430016040802,1.7320507764816284,0.8820441365242004,0.11795586347579956,2.6457512378692627,0.6615303754806519,0.33846962451934814
survset:UnempDur,RDSurv,10,51,1814,1.4142135381698608,1,1.4142135381698608,0.7357948422431946,0.2642051577568054,1.7320507764816284,0.5977824926376343,0.4022175073623657,2.6457512378692627,0.3011789619922638,0.6988210380077362
survset:UnempDur,RDSurv,10,51,3226,1.7320507764816284,0,1.4142135381698608,0.9210730791091919,0.0789269208908081,1.7320507764816284,0.8483784198760986,0.15162158012390137,2.6457512378692627,0.602907121181488,0.39709287881851196
survset:UnempDur,RDSurv,10,51,2446,3.316624879837036,0,1.4142135381698608,0.9412908554077148,0.058709144592285156,1.7320507764816284,0.8815715909004211,0.11842840909957886,2.6457512378692627,0.6606564521789551,0.3393435478210449
survset:UnempDur,RDSurv,10,51,682,3.7416574954986572,0,1.4142135381698608,0.6638919115066528,0.33610808849334717,1.7320507764816284,0.5160672068595886,0.4839327931404114,2.6457512378692627,0.23320305347442627,0.7667969465255737
survset:UnempDur,RDSurv,10,51,2793,2.2360680103302,0,1.4142135381698608,0.9519405364990234,0.04805946350097656,1.7320507764816284,0.8999285697937012,0.10007143020629883,2.6457512378692627,0.6958565711975098,0.30414342880249023
survset:UnempDur,RDSurv,10,51,106,1.7320507764816284,1,1.4142135381698608,0.942009687423706,0.057990312576293945,1.7320507764816284,0.8827894926071167,0.1172105073928833,2.6457512378692627,0.6629117727279663,0.3370882272720337
survset:UnempDur,RDSurv,10,51,1387,3.7416574954986572,0,1.4142135381698608,0.7429264783859253,0.2570735216140747,1.7320507764816284,0.6062548160552979,0.39374518394470215,2.6457512378692627,0.30887097120285034,0.6911290287971497
survset:UnempDur,RDSurv,10,51,2734,1.4142135381698608,1,1.4142135381698608,0.9057873487472534,0.09421265125274658,1.7320507764816284,0.8244425058364868,0.17555749416351318,2.6457512378692627,0.5650575757026672,0.43494242429733276
survset:UnempDur,RDSurv,10,51,3057,2.6457512378692627,1,1.4142135381698608,0.7427942752838135,0.2572057247161865,1.7320507764816284,0.6060971617698669,0.39390283823013306,2.6457512378692627,0.30872660875320435,0.6912733912467957
survset:UnempDur,RDSurv,10,51,147,1.0,1,1.4142135381698608,0.5445387363433838,0.4554612636566162,1.7320507764816284,0.39321547746658325,0.6067845225334167,2.6457512378692627,0.14926934242248535,0.8507306575775146
survset:UnempDur,RDSurv,10,51,2773,3.605551242828369,0,1.4142135381698608,0.9721410870552063,0.0278589129447937,1.7320507764816284,0.9370427131652832,0.0629572868347168,2.6457512378692627,0.7769069671630859,0.22309303283691406
survset:UnempDur,RDSurv,10,51,545,3.872983455657959,0,1.4142135381698608,0.9378810524940491,0.06211894750595093,1.7320507764816284,0.8758325576782227,0.12416744232177734,2.6457512378692627,0.6501699090003967,0.34983009099960327
survset:UnempDur,RDSurv,10,51,2120,2.6457512378692627,0,1.4142135381698608,0.9080525636672974,0.09194743633270264,1.7320507764816284,0.8279345035552979,0.17206549644470215,2.6457512378692627,0.5704069137573242,0.4295930862426758
survset:UnempDur,RDSurv,10,51,1622,2.0,1,1.4142135381698608,0.9713209867477417,0.0286790132522583,1.7320507764816284,0.9354612827301025,0.06453871726989746,2.6457512378692627,0.7731092572212219,0.22689074277877808
survset:UnempDur,RDSurv,10,51,2656,3.0,0,1.4142135381698608,0.9056296944618225,0.09437030553817749,1.7320507764816284,0.8242000937461853,0.1757999062538147,2.6457512378692627,0.5646882057189941,0.43531179428100586
survset:UnempDur,RDSurv,10,51,1405,1.7320507764816284,1,1.4142135381698608,0.60326087474823,0.39673912525177,1.7320507764816284,0.4518350660800934,0.5481649339199066,2.6457512378692627,0.18682679533958435,0.8131732046604156
survset:UnempDur,RDSurv,10,51,2435,2.6457512378692627,1,1.4142135381698608,0.9168490171432495,0.08315098285675049,1.7320507764816284,0.8416740298271179,0.15832597017288208,2.6457512378692627,0.592017412185669,0.40798258781433105
survset:UnempDur,RDSurv,10,51,821,1.0,1,1.4142135381698608,0.7187331318855286,0.28126686811447144,1.7320507764816284,0.5777963399887085,0.4222036600112915,2.6457512378692627,0.2835373282432556,0.7164626717567444
survset:UnempDur,RDSurv,10,51,2731,2.4494898319244385,1,1.4142135381698608,0.916574239730835,0.08342576026916504,1.7320507764816284,0.8412402868270874,0.1587597131729126,2.6457512378692627,0.5913209915161133,0.4086790084838867
survset:UnempDur,RDSurv,10,51,2121,1.0,1,1.4142135381698608,0.7176474332809448,0.2823525667190552,1.7320507764816284,0.5765376687049866,0.4234623312950134,2.6457512378692627,0.2824494242668152,0.7175505757331848
survset:UnempDur,RDSurv,10,51,1159,1.0,1,1.4142135381698608,0.6083806157112122,0.39161938428878784,1.7320507764816284,0.4571080505847931,0.5428919494152069,2.6457512378692627,0.19042089581489563,0.8095791041851044
survset:UnempDur,RDSurv,10,51,2145,1.4142135381698608,1,1.4142135381698608,0.6868224740028381,0.31317752599716187,1.7320507764816284,0.5414313673973083,0.45856863260269165,2.6457512378692627,0.2531583905220032,0.7468416094779968
survset:UnempDur,RDSurv,10,51,2,4.582575798034668,1,1.4142135381698608,0.9014918804168701,0.09850811958312988,1.7320507764816284,0.8178695440292358,0.18213045597076416,2.6457512378692627,0.5551372766494751,0.4448627233505249
survset:UnempDur,RDSurv,10,51,204,1.0,1,1.4142135381698608,0.6843792796134949,0.3156207203865051,1.7320507764816284,0.5386992692947388,0.46130073070526123,2.6457512378692627,0.2509615421295166,0.7490384578704834
survset:UnempDur,RDSurv,10,51,1044,1.0,1,1.4142135381698608,0.9430296421051025,0.05697035789489746,1.7320507764816284,0.8845226168632507,0.11547738313674927,2.6457512378692627,0.6661398410797119,0.3338601589202881
survset:UnempDur,RDSurv,10,51,2106,2.2360680103302,1,1.4142135381698608,0.8997654914855957,0.1002345085144043,1.7320507764816284,0.815245509147644,0.18475449085235596,2.6457512378692627,0.5512299537658691,0.44877004623413086
survset:UnempDur,RDSurv,10,51,1628,1.7320507764816284,0,1.4142135381698608,0.9547906517982483,0.04520934820175171,1.7320507764816284,0.9049646854400635,0.09503531455993652,2.6457512378692627,0.7060032486915588,0.29399675130844116
survset:UnempDur,RDSurv,10,51,2470,1.7320507764816284,0,1.4142135381698608,0.7377246618270874,0.2622753381729126,1.7320507764816284,0.6000680923461914,0.3999319076538086,2.6457512378692627,0.3032412528991699,0.6967587471008301
survset:UnempDur,RDSurv,10,51,3055,1.7320507764816284,0,1.4142135381698608,0.9073569178581238,0.09264308214187622,1.7320507764816284,0.826860249042511,0.173139750957489,2.6457512378692627,0.5687552690505981,0.43124473094940186
survset:UnempDur,RDSurv,10,51,2949,1.7320507764816284,0,1.4142135381698608,0.9325212240219116,0.06747877597808838,1.7320507764816284,0.8669334650039673,0.13306653499603271,2.6457512378692627,0.634346604347229,0.365653395652771
survset:UnempDur,RDSurv,10,51,949,2.4494898319244385,0,1.4142135381698608,0.927405595779419,0.07259440422058105,1.7320507764816284,0.8585695028305054,0.14143049716949463,2.6457512378692627,0.6199274659156799,0.38007253408432007
survset:UnempDur,RDSurv,10,51,975,1.7320507764816284,1,1.4142135381698608,0.6933228373527527,0.3066771626472473,1.7320507764816284,0.5487358570098877,0.4512641429901123,2.6457512378692627,0.2590891718864441,0.7409108281135559
survset:UnempDur,RDSurv,10,51,1,3.605551242828369,1,1.4142135381698608,0.9173324108123779,0.08266758918762207,1.7320507764816284,0.8424375057220459,0.1575624942779541,2.6457512378692627,0.5932456851005554,0.4067543148994446
survset:UnempDur,RDSurv,10,51,1332,1.0,1,1.4142135381698608,0.6448503732681274,0.35514962673187256,1.7320507764816284,0.495464563369751,0.504535436630249,2.6457512378692627,0.21769747138023376,0.7823025286197662
survset:UnempDur,RDSurv,10,51,208,2.0,0,1.4142135381698608,0.7077120542526245,0.2922879457473755,1.7320507764816284,0.5650911331176758,0.4349088668823242,2.6457512378692627,0.27267780900001526,0.7273221909999847
survset:UnempDur,RDSurv,10,51,852,1.0,1,1.4142135381698608,0.607531726360321,0.39246827363967896,1.7320507764816284,0.45623189210891724,0.5437681078910828,2.6457512378692627,0.18982112407684326,0.8101788759231567
survset:UnempDur,RDSurv,10,51,474,1.0,1,1.4142135381698608,0.6216285228729248,0.3783714771270752,1.7320507764816284,0.4708782732486725,0.5291217267513275,2.6457512378692627,0.19998174905776978,0.8000182509422302
survset:UnempDur,RDSurv,10,51,1564,2.2360680103302,1,1.4142135381698608,0.9509586691856384,0.04904133081436157,1.7320507764816284,0.8982064723968506,0.10179352760314941,2.6457512378692627,0.6924382448196411,0.3075617551803589
survset:UnempDur,RDSurv,10,51,748,3.0,1,1.4142135381698608,0.95924311876297,0.04075688123703003,1.7320507764816284,0.9129499197006226,0.08705008029937744,2.6457512378692627,0.7225797176361084,0.2774202823638916
survset:UnempDur,RDSurv,10,51,3151,1.4142135381698608,1,1.4142135381698608,0.5799692869186401,0.42003071308135986,1.7320507764816284,0.42818060517311096,0.571819394826889,2.6457512378692627,0.1711495816707611,0.8288504183292389
survset:UnempDur,RDSurv,10,51,1593,2.2360680103302,0,1.4142135381698608,0.7102739214897156,0.2897260785102844,1.7320507764816284,0.5680304765701294,0.4319695234298706,2.6457512378692627,0.27516621351242065,0.7248337864875793
survset:UnempDur,RDSurv,10,51,2034,1.0,1,1.4142135381698608,0.6378947496414185,0.36210525035858154,1.7320507764816284,0.48803916573524475,0.5119608342647552,2.6457512378692627,0.21225827932357788,0.7877417206764221
survset:UnempDur,RDSurv,10,51,12,1.7320507764816284,0,1.4142135381698608,0.9377589225769043,0.0622410774230957,1.7320507764816284,0.8756281137466431,0.12437188625335693,2.6457512378692627,0.6498005390167236,0.35019946098327637
survset:UnempDur,RDSurv,10,51,1226,2.6457512378692627,1,1.4142135381698608,0.6136143207550049,0.3863856792449951,1.7320507764816284,0.46252626180648804,0.537473738193512,2.6457512378692627,0.19415244460105896,0.805847555398941
survset:UnempDur,RDSurv,10,51,896,1.7320507764816284,1,1.4142135381698608,0.9473023414611816,0.05269765853881836,1.7320507764816284,0.8918483853340149,0.10815161466598511,2.6457512378692627,0.6800340414047241,0.3199659585952759
survset:UnempDur,RDSurv,10,51,1742,3.0,0,1.4142135381698608,0.7169430255889893,0.28305697441101074,1.7320507764816284,0.5757219195365906,0.4242780804634094,2.6457512378692627,0.2817457318305969,0.7182542681694031
survset:UnempDur,RDSurv,10,51,2560,1.4142135381698608,1,1.4142135381698608,0.6417414546012878,0.35825854539871216,1.7320507764816284,0.49213913083076477,0.5078608691692352,2.6457512378692627,0.21525192260742188,0.7847480773925781
survset:UnempDur,RDSurv,10,51,400,2.0,1,1.4142135381698608,0.9594008922576904,0.04059910774230957,1.7320507764816284,0.9132356643676758,0.08676433563232422,2.6457512378692627,0.7231847643852234,0.2768152356147766
survset:UnempDur,RDSurv,10,51,1366,1.0,1,1.4142135381698608,0.9033612012863159,0.09663879871368408,1.7320507764816284,0.820722222328186,0.17927777767181396,2.6457512378692627,0.5594190955162048,0.44058090448379517
survset:UnempDur,RDSurv,10,51,2692,2.8284270763397217,0,1.4142135381698608,0.9078819155693054,0.09211808443069458,1.7320507764816284,0.8276709318161011,0.17232906818389893,2.6457512378692627,0.5700011253356934,0.42999887466430664
survset:UnempDur,RDSurv,10,51,1112,2.4494898319244385,0,1.4142135381698608,0.9501463174819946,0.04985368251800537,1.7320507764816284,0.8967863321304321,0.10321366786956787,2.6457512378692627,0.689638614654541,0.310361385345459
survset:UnempDur,RDSurv,10,51,323,1.0,1,1.4142135381698608,0.6252543330192566,0.3747456669807434,1.7320507764816284,0.4746790826320648,0.5253209173679352,2.6457512378692627,0.202665776014328,0.797334223985672
survset:UnempDur,RDSurv,10,51,1850,2.4494898319244385,1,1.4142135381698608,0.69463050365448,0.30536949634552,1.7320507764816284,0.5502115488052368,0.4497884511947632,2.6457512378692627,0.260297566652298,0.739702433347702
survset:UnempDur,RDSurv,10,51,445,4.0,0,1.4142135381698608,0.9238154292106628,0.07618457078933716,1.7320507764816284,0.8527705073356628,0.14722949266433716,2.6457512378692627,0.610171377658844,0.389828622341156
survset:UnempDur,RDSurv,10,51,1803,2.4494898319244385,0,1.4142135381698608,0.9830796718597412,0.01692032814025879,1.7320507764816284,0.9589951038360596,0.04100489616394043,2.6457512378692627,0.8341057300567627,0.1658942699432373
survset:UnempDur,RDSurv,10,51,38,1.4142135381698608,0,1.4142135381698608,0.5754289627075195,0.42457103729248047,1.7320507764816284,0.42363226413726807,0.5763677358627319,2.6457512378692627,0.1682172417640686,0.8317827582359314
survset:UnempDur,RDSurv,10,51,584,2.8284270763397217,0,1.4142135381698608,0.9129112958908081,0.0870887041091919,1.7320507764816284,0.8354875445365906,0.16451245546340942,2.6457512378692627,0.5821729898452759,0.4178270101547241
survset:UnempDur,RDSurv,10,51,1825,3.1622776985168457,1,1.4142135381698608,0.9185414910316467,0.08145850896835327,1.7320507764816284,0.8443516492843628,0.1556483507156372,2.6457512378692627,0.5963383316993713,0.40366166830062866
survset:UnempDur,RDSurv,10,51,235,1.7320507764816284,0,1.4142135381698608,0.6117168068885803,0.3882831931114197,1.7320507764816284,0.46055856347084045,0.5394414365291595,2.6457512378692627,0.19279277324676514,0.8072072267532349
survset:UnempDur,RDSurv,10,51,3155,1.0,1,1.4142135381698608,0.7047834396362305,0.29521656036376953,1.7320507764816284,0.561741292476654,0.43825870752334595,2.6457512378692627,0.26985928416252136,0.7301407158374786
survset:UnempDur,RDSurv,10,51,2240,1.0,1,1.4142135381698608,0.6891275644302368,0.3108724355697632,1.7320507764816284,0.5440157651901245,0.4559842348098755,2.6457512378692627,0.2552471160888672,0.7447528839111328
survset:UnempDur,RDSurv,10,51,709,3.7416574954986572,1,1.4142135381698608,0.7011611461639404,0.29883885383605957,1.7320507764816284,0.5576130151748657,0.4423869848251343,2.6457512378692627,0.2664109468460083,0.7335890531539917
survset:UnempDur,RDSurv,10,51,124,2.6457512378692627,1,1.4142135381698608,0.9252482652664185,0.07475173473358154,1.7320507764816284,0.8550781011581421,0.1449218988418579,2.6457512378692627,0.6140307784080505,0.38596922159194946
survset:UnempDur,RDSurv,10,51,2063,3.872983455657959,0,1.4142135381698608,0.5631695985794067,0.43683040142059326,1.7320507764816284,0.411451518535614,0.588548481464386,2.6457512378692627,0.1604922115802765,0.8395077884197235
survset:UnempDur,RDSurv,10,51,2866,1.0,1,1.4142135381698608,0.69161057472229,0.30838942527770996,1.7320507764816284,0.546806812286377,0.45319318771362305,2.6457512378692627,0.25751471519470215,0.7424852848052979
survset:UnempDur,RDSurv,10,51,1663,1.4142135381698608,1,1.4142135381698608,0.9358111023902893,0.0641888976097107,1.7320507764816284,0.8723785877227783,0.12762141227722168,2.6457512378692627,0.6439670324325562,0.35603296756744385
survset:UnempDur,RDSurv,10,51,2414,2.0,1,1.4142135381698608,0.6865350008010864,0.3134649991989136,1.7320507764816284,0.541109561920166,0.458890438079834,2.6457512378692627,0.2528989911079407,0.7471010088920593
survset:UnempDur,RDSurv,10,51,3206,2.6457512378692627,0,1.4142135381698608,0.9480892419815063,0.05191075801849365,1.7320507764816284,0.89320969581604,0.10679030418395996,2.6457512378692627,0.6826620101928711,0.3173379898071289
survset:UnempDur,RDSurv,10,51,1829,2.6457512378692627,0,1.4142135381698608,0.7625020146369934,0.2374979853630066,1.7320507764816284,0.6298857927322388,0.37011420726776123,2.6457512378692627,0.33102911710739136,0.6689708828926086
survset:UnempDur,RDSurv,10,51,174,3.0,0,1.4142135381698608,0.6225602626800537,0.3774397373199463,1.7320507764816284,0.471853643655777,0.528146356344223,2.6457512378692627,0.20066863298416138,0.7993313670158386
survset:UnempDur,RDSurv,10,51,3139,1.0,1,1.4142135381698608,0.9091774821281433,0.09082251787185669,1.7320507764816284,0.829675555229187,0.170324444770813,2.6457512378692627,0.5730952024459839,0.4269047975540161
survset:UnempDur,RDSurv,10,51,840,3.0,1,1.4142135381698608,0.906470537185669,0.09352946281433105,1.7320507764816284,0.8254938125610352,0.17450618743896484,2.6457512378692627,0.5666621923446655,0.4333378076553345
survset:UnempDur,RDSurv,10,51,643,2.4494898319244385,1,1.4142135381698608,0.7625952959060669,0.2374047040939331,1.7320507764816284,0.6299997568130493,0.3700002431869507,2.6457512378692627,0.331138551235199,0.668861448764801
survset:UnempDur,RDSurv,10,51,1749,1.7320507764816284,1,1.4142135381698608,0.7152402400970459,0.2847597599029541,1.7320507764816284,0.5737526416778564,0.42624735832214355,2.6457512378692627,0.28005170822143555,0.7199482917785645
survset:UnempDur,RDSurv,10,51,1766,1.4142135381698608,1,1.4142135381698608,0.930425763130188,0.06957423686981201,1.7320507764816284,0.8634926676750183,0.1365073323249817,2.6457512378692627,0.6283635497093201,0.37163645029067993
survset:UnempDur,RDSurv,10,51,1639,1.7320507764816284,1,1.4142135381698608,0.6335484981536865,0.3664515018463135,1.7320507764816284,0.4834260940551758,0.5165739059448242,2.6457512378692627,0.20891815423965454,0.7910818457603455
survset:UnempDur,RDSurv,10,51,2263,1.0,1,1.4142135381698608,0.5207334756851196,0.47926652431488037,1.7320507764816284,0.3703870177268982,0.6296129822731018,2.6457512378692627,0.13578534126281738,0.8642146587371826
survset:UnempDur,RDSurv,10,51,672,1.4142135381698608,1,1.4142135381698608,0.7283514738082886,0.2716485261917114,1.7320507764816284,0.5890149474143982,0.4109850525856018,2.6457512378692627,0.2933540940284729,0.7066459059715271
survset:UnempDur,RDSurv,10,51,2895,2.2360680103302,1,1.4142135381698608,0.9458640813827515,0.054135918617248535,1.7320507764816284,0.889370322227478,0.11062967777252197,2.6457512378692627,0.6752878427505493,0.3247121572494507
survset:UnempDur,RDSurv,10,51,2274,1.4142135381698608,1,1.4142135381698608,0.6390218734741211,0.3609781265258789,1.7320507764816284,0.4892388582229614,0.5107611417770386,2.6457512378692627,0.21313178539276123,0.7868682146072388
survset:UnempDur,RDSurv,10,51,81,3.1622776985168457,0,1.4142135381698608,0.9390961527824402,0.060903847217559814,1.7320507764816284,0.8778705596923828,0.12212944030761719,2.6457512378692627,0.6538675427436829,0.34613245725631714
survset:UnempDur,RDSurv,10,51,1716,2.6457512378692627,1,1.4142135381698608,0.6017978191375732,0.39820218086242676,1.7320507764816284,0.4503331184387207,0.5496668815612793,2.6457512378692627,0.18580976128578186,0.8141902387142181
survset:UnempDur,RDSurv,10,51,2043,1.4142135381698608,1,1.4142135381698608,0.5922539234161377,0.4077460765838623,1.7320507764816284,0.44058892130851746,0.5594110786914825,2.6457512378692627,0.17928314208984375,0.8207168579101562
survset:UnempDur,RDSurv,10,51,170,1.0,1,1.4142135381698608,0.9236652851104736,0.07633471488952637,1.7320507764816284,0.8525292873382568,0.14747071266174316,2.6457512378692627,0.6097696423530579,0.39023035764694214
survset:UnempDur,RDSurv,10,51,3027,1.0,1,1.4142135381698608,0.6589274406433105,0.34107255935668945,1.7320507764816284,0.5106563568115234,0.48934364318847656,2.6457512378692627,0.22907111048698425,0.7709288895130157
survset:UnempDur,RDSurv,10,51,3100,1.0,1,1.4142135381698608,0.43732696771621704,0.562673032283783,1.7320507764816284,0.29440101981163025,0.7055989801883698,2.6457512378692627,0.09523382782936096,0.904766172170639
survset:UnempDur,RDSurv,10,51,153,2.6457512378692627,0,1.4142135381698608,0.9087120294570923,0.09128797054290771,1.7320507764816284,0.8289545774459839,0.1710454225540161,2.6457512378692627,0.5719802379608154,0.42801976203918457
survset:UnempDur,RDSurv,10,51,2237,1.7320507764816284,1,1.4142135381698608,0.7192963361740112,0.28070366382598877,1.7320507764816284,0.5784499049186707,0.42155009508132935,2.6457512378692627,0.28410330414772034,0.7158966958522797
survset:UnempDur,RDSurv,10,51,1942,2.2360680103302,0,1.4142135381698608,0.9526702761650085,0.047329723834991455,1.7320507764816284,0.9012126922607422,0.09878730773925781,2.6457512378692627,0.6984221935272217,0.3015778064727783
survset:UnempDur,RDSurv,10,51,3106,1.0,0,1.4142135381698608,0.9093728065490723,0.09062719345092773,1.7320507764816284,0.829978346824646,0.170021653175354,2.6457512378692627,0.5735640525817871,0.4264359474182129
survset:UnempDur,RDSurv,10,51,2105,2.0,1,1.4142135381698608,0.7176474332809448,0.2823525667190552,1.7320507764816284,0.5765376687049866,0.4234623312950134,2.6457512378692627,0.2824494242668152,0.7175505757331848
survset:UnempDur,RDSurv,10,51,1970,3.0,0,1.4142135381698608,0.897061824798584,0.10293817520141602,1.7320507764816284,0.8111556768417358,0.18884432315826416,2.6457512378692627,0.5451983213424683,0.45480167865753174
survset:UnempDur,RDSurv,10,51,1762,3.316624879837036,0,1.4142135381698608,0.9016313552856445,0.09836864471435547,1.7320507764816284,0.8180819749832153,0.18191802501678467,2.6457512378692627,0.5554549694061279,0.44454503059387207
survset:UnempDur,RDSurv,10,51,3033,2.0,0,1.4142135381698608,0.7192702293395996,0.2807297706604004,1.7320507764816284,0.57841956615448,0.42158043384552,2.6457512378692627,0.284076988697052,0.715923011302948
survset:UnempDur,RDSurv,10,51,2059,2.2360680103302,1,1.4142135381698608,0.7094129920005798,0.29058700799942017,1.7320507764816284,0.5670416951179504,0.43295830488204956,2.6457512378692627,0.2743275761604309,0.7256724238395691
survset:UnempDur,RDSurv,10,51,285,4.690415859222412,1,1.4142135381698608,0.9430155754089355,0.05698442459106445,1.7320507764816284,0.8844985961914062,0.11550140380859375,2.6457512378692627,0.6660950779914856,0.3339049220085144
survset:UnempDur,RDSurv,10,51,1369,1.4142135381698608,1,1.4142135381698608,0.6560179591178894,0.3439820408821106,1.7320507764816284,0.5074982643127441,0.49250173568725586,2.6457512378692627,0.2266792356967926,0.7733207643032074
survset:UnempDur,RDSurv,10,51,2556,2.2360680103302,1,1.4142135381698608,0.6429450511932373,0.3570549488067627,1.7320507764816284,0.49342530965805054,0.5065746903419495,2.6457512378692627,0.2161959409713745,0.7838040590286255
survset:UnempDur,RDSurv,10,51,2533,1.4142135381698608,1,1.4142135381698608,0.6491473913192749,0.3508526086807251,1.7320507764816284,0.5000784397125244,0.4999215602874756,2.6457512378692627,0.2211165726184845,0.7788834273815155
survset:UnempDur,RDSurv,10,51,2510,2.8284270763397217,1,1.4142135381698608,0.7370815277099609,0.26291847229003906,1.7320507764816284,0.5993058085441589,0.40069419145584106,2.6457512378692627,0.30255240201950073,0.6974475979804993
survset:UnempDur,RDSurv,10,51,1490,1.0,1,1.4142135381698608,0.9509423971176147,0.049057602882385254,1.7320507764816284,0.8981778621673584,0.1018221378326416,2.6457512378692627,0.6923817992210388,0.3076182007789612
survset:UnempDur,RDSurv,10,51,3180,1.4142135381698608,1,1.4142135381698608,0.6713389158248901,0.32866108417510986,1.7320507764816284,0.5242369174957275,0.47576308250427246,2.6457512378692627,0.239524245262146,0.760475754737854
survset:UnempDur,RDSurv,10,51,2321,2.8284270763397217,0,1.4142135381698608,0.6916676163673401,0.3083323836326599,1.7320507764816284,0.5468710064888,0.45312899351119995,2.6457512378692627,0.25756701827049255,0.7424329817295074
survset:UnempDur,RDSurv,10,51,816,3.7416574954986572,0,1.4142135381698608,0.9501438140869141,0.04985618591308594,1.7320507764816284,0.8967820405960083,0.1032179594039917,2.6457512378692627,0.6896301507949829,0.3103698492050171
survset:UnempDur,RDSurv,10,51,1024,2.2360680103302,0,1.4142135381698608,0.9379167556762695,0.06208324432373047,1.7320507764816284,0.8758924007415771,0.12410759925842285,2.6457512378692627,0.6502779722213745,0.3497220277786255
survset:UnempDur,RDSurv,10,51,986,2.0,0,1.4142135381698608,0.7540807723999023,0.24591922760009766,1.7320507764816284,0.6196510791778564,0.38034892082214355,2.6457512378692627,0.32130250334739685,0.6786974966526031
survset:UnempDur,RDSurv,10,51,2814,1.7320507764816284,0,1.4142135381698608,0.9521186947822571,0.04788130521774292,1.7320507764816284,0.9002417325973511,0.09975826740264893,2.6457512378692627,0.6964809894561768,0.30351901054382324
survset:UnempDur,RDSurv,10,51,361,4.0,0,1.4142135381698608,0.9488797187805176,0.05112028121948242,1.7320507764816284,0.8945808410644531,0.10541915893554688,2.6457512378692627,0.6853241920471191,0.31467580795288086
survset:UnempDur,RDSurv,10,51,1735,3.0,0,1.4142135381698608,0.7682478427886963,0.2317521572113037,1.7320507764816284,0.6369303464889526,0.36306965351104736,2.6457512378692627,0.33784249424934387,0.6621575057506561
survset:UnempDur,RDSurv,10,51,1139,2.2360680103302,0,1.4142135381698608,0.7053450345993042,0.2946549654006958,1.7320507764816284,0.5623828172683716,0.4376171827316284,2.6457512378692627,0.2703975737094879,0.7296024262905121
survset:UnempDur,RDSurv,10,51,1394,1.0,1,1.4142135381698608,0.5586757659912109,0.44132423400878906,1.7320507764816284,0.40702271461486816,0.5929772853851318,2.6457512378692627,0.15772917866706848,0.8422708213329315
survset:UnempDur,RDSurv,10,51,3152,2.6457512378692627,0,1.4142135381698608,0.901103138923645,0.09889686107635498,1.7320507764816284,0.8172779083251953,0.1827220916748047,2.6457512378692627,0.5542536973953247,0.4457463026046753
survset:UnempDur,RDSurv,10,51,1022,2.6457512378692627,0,1.4142135381698608,0.9698375463485718,0.030162453651428223,1.7320507764816284,0.9326194524765015,0.06738054752349854,2.6457512378692627,0.7663760185241699,0.23362398147583008
survset:UnempDur,RDSurv,10,51,29,1.0,1,1.4142135381698608,0.6583375930786133,0.3416624069213867,1.7320507764816284,0.5100153088569641,0.4899846911430359,2.6457512378692627,0.22858434915542603,0.771415650844574
survset:UnempDur,RDSurv,10,51,1329,1.0,1,1.4142135381698608,0.6747846603393555,0.32521533966064453,1.7320507764816284,0.5280388593673706,0.4719611406326294,2.6457512378692627,0.24250003695487976,0.7574999630451202
survset:UnempDur,RDSurv,10,51,2119,1.0,1,1.4142135381698608,0.6016237735748291,0.3983762264251709,1.7320507764816284,0.4501546025276184,0.5498453974723816,2.6457512378692627,0.1856890618801117,0.8143109381198883
survset:UnempDur,RDSurv,10,51,347,1.4142135381698608,0,1.4142135381698608,0.6347178816795349,0.3652821183204651,1.7320507764816284,0.48466527462005615,0.5153347253799438,2.6457512378692627,0.2098124623298645,0.7901875376701355
survset:UnempDur,RDSurv,10,51,2430,1.7320507764816284,0,1.4142135381698608,0.9008342027664185,0.09916579723358154,1.7320507764816284,0.816868782043457,0.18313121795654297,2.6457512378692627,0.5536436438560486,0.4463563561439514
survset:UnempDur,RDSurv,10,51,1854,2.0,0,1.4142135381698608,0.69020676612854,0.30979323387145996,1.7320507764816284,0.5452278852462769,0.45477211475372314,2.6457512378692627,0.2562304437160492,0.7437695562839508
survset:UnempDur,RDSurv,10,51,180,3.1622776985168457,1,1.4142135381698608,0.9621175527572632,0.037882447242736816,1.7320507764816284,0.9181874990463257,0.08181250095367432,2.6457512378692627,0.7338038682937622,0.2661961317062378
survset:UnempDur,RDSurv,10,51,2467,2.2360680103302,0,1.4142135381698608,0.9295227527618408,0.07047724723815918,1.7320507764816284,0.8620162010192871,0.1379837989807129,2.6457512378692627,0.6258184313774109,0.3741815686225891
survset:UnempDur,RDSurv,10,51,1128,5.099019527435303,0,1.4142135381698608,0.6611340045928955,0.3388659954071045,1.7320507764816284,0.5130578279495239,0.4869421720504761,2.6457512378692627,0.23089969158172607,0.7691003084182739
survset:UnempDur,RDSurv,10,51,2792,2.0,0,1.4142135381698608,0.9284390211105347,0.07156097888946533,1.7320507764816284,0.860249400138855,0.13975059986114502,2.6457512378692627,0.6227899193763733,0.3772100806236267
survset:UnempDur,RDSurv,10,51,1805,2.4494898319244385,1,1.4142135381698608,0.9510095715522766,0.04899042844772339,1.7320507764816284,0.898295521736145,0.10170447826385498,2.6457512378692627,0.6926145553588867,0.3073854446411133
survset:UnempDur,RDSurv,10,51,189,3.316624879837036,0,1.4142135381698608,0.9025998711585999,0.09740012884140015,1.7320507764816284,0.8195589780807495,0.1804410219192505,2.6457512378692627,0.5576688647270203,0.44233113527297974
survset:UnempDur,RDSurv,10,51,1261,3.605551242828369,0,1.4142135381698608,0.9357444047927856,0.06425559520721436,1.7320507764816284,0.8722677230834961,0.1277322769165039,2.6457512378692627,0.6437692046165466,0.35623079538345337
survset:UnempDur,RDSurv,10,51,804,2.6457512378692627,1,1.4142135381698608,0.7559312582015991,0.24406874179840088,1.7320507764816284,0.6218910813331604,0.3781089186668396,2.6457512378692627,0.32341405749320984,0.6765859425067902
survset:UnempDur,RDSurv,10,51,2072,1.4142135381698608,1,1.4142135381698608,0.7082545757293701,0.2917454242706299,1.7320507764816284,0.5657128691673279,0.4342871308326721,2.6457512378692627,0.27320295572280884,0.7267970442771912
survset:UnempDur,RDSurv,10,51,531,3.464101552963257,0,1.4142135381698608,0.9755936861038208,0.0244063138961792,1.7320507764816284,0.9437891244888306,0.056210875511169434,2.6457512378692627,0.7935433387756348,0.20645666122436523
survset:UnempDur,RDSurv,10,51,388,4.358899116516113,1,1.4142135381698608,0.554513692855835,0.44548630714416504,1.7320507764816284,0.4029381275177002,0.5970618724822998,2.6457512378692627,0.15520226955413818,0.8447977304458618
survset:UnempDur,RDSurv,10,51,2273,2.2360680103302,1,1.4142135381698608,0.8823800086975098,0.11761999130249023,1.7320507764816284,0.7893435955047607,0.21065640449523926,2.6457512378692627,0.5141680240631104,0.48583197593688965
survset:UnempDur,RDSurv,10,51,2337,3.0,1,1.4142135381698608,0.9264147281646729,0.07358527183532715,1.7320507764816284,0.8569633960723877,0.1430366039276123,2.6457512378692627,0.6172060370445251,0.38279396295547485
survset:UnempDur,RDSurv,10,51,1876,1.7320507764816284,0,1.4142135381698608,0.9111708402633667,0.0888291597366333,1.7320507764816284,0.8327720165252686,0.16722798347473145,2.6457512378692627,0.577911376953125,0.422088623046875
survset:UnempDur,RDSurv,10,51,2220,1.4142135381698608,1,1.4142135381698608,0.6316834688186646,0.36831653118133545,1.7320507764816284,0.4814528524875641,0.5185471475124359,2.6457512378692627,0.2074984312057495,0.7925015687942505
survset:UnempDur,RDSurv,10,51,693,2.8284270763397217,1,1.4142135381698608,0.6834231615066528,0.31657683849334717,1.7320507764816284,0.5376319885253906,0.4623680114746094,2.6457512378692627,0.2501065731048584,0.7498934268951416
survset:UnempDur,RDSurv,10,51,3209,2.4494898319244385,1,1.4142135381698608,0.9310461282730103,0.06895387172698975,1.7320507764816284,0.864509105682373,0.13549089431762695,2.6457512378692627,0.6301233768463135,0.3698766231536865
survset:UnempDur,RDSurv,10,51,2271,1.4142135381698608,1,1.4142135381698608,0.7194982171058655,0.2805017828941345,1.7320507764816284,0.5786842107772827,0.4213157892227173,2.6457512378692627,0.2843064069747925,0.7156935930252075
survset:UnempDur,RDSurv,10,51,397,2.6457512378692627,0,1.4142135381698608,0.9356215000152588,0.06437849998474121,1.7320507764816284,0.872063398361206,0.12793660163879395,2.6457512378692627,0.6434048414230347,0.35659515857696533
survset:UnempDur,RDSurv,10,51,449,3.316624879837036,0,1.4142135381698608,0.9306656122207642,0.06933438777923584,1.7320507764816284,0.8638854026794434,0.13611459732055664,2.6457512378692627,0.6290427446365356,0.37095725536346436
survset:UnempDur,RDSurv,10,51,1781,3.0,0,1.4142135381698608,0.9270421266555786,0.07295787334442139,1.7320507764816284,0.8579798340797424,0.14202016592025757,2.6457512378692627,0.6189267039299011,0.3810732960700989
survset:UnempDur,RDSurv,10,51,923,1.4142135381698608,1,1.4142135381698608,0.9140615463256836,0.0859384536743164,1.7320507764816284,0.837288498878479,0.162711501121521,2.6457512378692627,0.5850191116333008,0.4149808883666992
survset:UnempDur,RDSurv,10,51,292,1.4142135381698608,1,1.4142135381698608,0.6393200755119324,0.3606799244880676,1.7320507764816284,0.4895564913749695,0.5104435086250305,2.6457512378692627,0.2133634090423584,0.7866365909576416
survset:UnempDur,RDSurv,10,51,6,1.7320507764816284,1,1.4142135381698608,0.5816528797149658,0.4183471202850342,1.7320507764816284,0.4298723340034485,0.5701276659965515,2.6457512378692627,0.17224690318107605,0.827753096818924
survset:UnempDur,RDSurv,10,51,566,1.0,1,1.4142135381698608,0.598353922367096,0.40164607763290405,1.7320507764816284,0.4468063414096832,0.5531936585903168,2.6457512378692627,0.18343323469161987,0.8165667653083801
survset:UnempDur,RDSurv,10,51,2884,1.4142135381698608,0,1.4142135381698608,0.8728173971176147,0.12718260288238525,1.7320507764816284,0.7754713296890259,0.22452867031097412,2.6457512378692627,0.49535778164863586,0.5046422183513641
survset:UnempDur,RDSurv,10,51,3002,1.0,1,1.4142135381698608,0.7567064762115479,0.24329352378845215,1.7320507764816284,0.622830867767334,0.377169132232666,2.6457512378692627,0.32430288195610046,0.6756971180438995
survset:UnempDur,RDSurv,10,51,3003,2.6457512378692627,1,1.4142135381698608,0.9101939797401428,0.08980602025985718,1.7320507764816284,0.8312526941299438,0.16874730587005615,2.6457512378692627,0.5755425691604614,0.4244574308395386
survset:UnempDur,RDSurv,10,51,2541,1.4142135381698608,1,1.4142135381698608,0.4689892530441284,0.5310107469558716,1.7320507764816284,0.3225306272506714,0.6774693727493286,2.6457512378692627,0.10948753356933594,0.8905124664306641
survset:UnempDur,RDSurv,10,51,2827,1.0,1,1.4142135381698608,0.6882582902908325,0.3117417097091675,1.7320507764816284,0.54304039478302,0.45695960521698,2.6457512378692627,0.25445762276649475,0.7455423772335052
survset:UnempDur,RDSurv,10,51,1745,5.0,0,1.4142135381698608,0.9052867889404297,0.09471321105957031,1.7320507764816284,0.8236733675003052,0.17632663249969482,2.6457512378692627,0.5638866424560547,0.4361133575439453
survset:UnempDur,RDSurv,10,51,1937,1.0,1,1.4142135381698608,0.587296724319458,0.412703275680542,1.7320507764816284,0.4355638027191162,0.5644361972808838,2.6457512378692627,0.17596542835235596,0.824034571647644
survset:UnempDur,RDSurv,10,51,56,2.4494898319244385,1,1.4142135381698608,0.9073270559310913,0.09267294406890869,1.7320507764816284,0.8268141746520996,0.1731858253479004,2.6457512378692627,0.5686845779418945,0.43131542205810547
survset:UnempDur,RDSurv,10,51,1238,1.0,1,1.4142135381698608,0.618812620639801,0.381187379360199,1.7320507764816284,0.46793603897094727,0.5320639610290527,2.6457512378692627,0.19791743159294128,0.8020825684070587
survset:UnempDur,RDSurv,10,51,2726,1.7320507764816284,0,1.4142135381698608,0.7312592267990112,0.26874077320098877,1.7320507764816284,0.5924310088157654,0.4075689911842346,2.6457512378692627,0.29638671875,0.70361328125
survset:UnempDur,RDSurv,10,51,1042,1.4142135381698608,0,1.4142135381698608,0.9413565993309021,0.0586434006690979,1.7320507764816284,0.8816828727722168,0.1183171272277832,2.6457512378692627,0.6608620882034302,0.3391379117965698
survset:UnempDur,RDSurv,10,51,1754,1.7320507764816284,0,1.4142135381698608,0.9447925686836243,0.05520743131637573,1.7320507764816284,0.887532114982605,0.11246788501739502,2.6457512378692627,0.6717981100082397,0.32820188999176025
survset:UnempDur,RDSurv,10,51,49,2.0,1,1.4142135381698608,0.8967280387878418,0.1032719612121582,1.7320507764816284,0.8106523752212524,0.18934762477874756,2.6457512378692627,0.5444608926773071,0.45553910732269287
survset:UnempDur,RDSurv,10,51,1073,2.4494898319244385,0,1.4142135381698608,0.9298486709594727,0.07015132904052734,1.7320507764816284,0.8625487089157104,0.13745129108428955,2.6457512378692627,0.6267348527908325,0.3732651472091675
survset:UnempDur,RDSurv,10,51,1274,1.4142135381698608,0,1.4142135381698608,0.8922024965286255,0.10779750347137451,1.7320507764816284,0.8038637638092041,0.1961362361907959,2.6457512378692627,0.534616231918335,0.46538376808166504
survset:UnempDur,RDSurv,10,51,3196,3.605551242828369,0,1.4142135381698608,0.917070209980011,0.08292979001998901,1.7320507764816284,0.8420232534408569,0.15797674655914307,2.6457512378692627,0.5925788283348083,0.40742117166519165
survset:UnempDur,RDSurv,10,51,1733,2.0,1,1.4142135381698608,0.992058277130127,0.007941722869873047,1.7320507764816284,0.978758692741394,0.021241307258605957,2.6457512378692627,0.8961899876594543,0.10381001234054565
survset:UnempDur,RDSurv,10,51,1943,3.7416574954986572,0,1.4142135381698608,0.953052818775177,0.046947181224823,1.7320507764816284,0.9018872380256653,0.09811276197433472,2.6457512378692627,0.6997758746147156,0.3002241253852844
survset:UnempDur,RDSurv,10,51,1442,1.4142135381698608,1,1.4142135381698608,0.7464940547943115,0.2535059452056885,1.7320507764816284,0.6105200052261353,0.38947999477386475,2.6457512378692627,0.3127927780151367,0.6872072219848633
survset:UnempDur,RDSurv,10,51,1078,3.605551242828369,1,1.4142135381698608,0.9641366004943848,0.035863399505615234,1.7320507764816284,0.9219082593917847,0.07809174060821533,2.6457512378692627,0.741960346698761,0.258039653301239
survset:UnempDur,RDSurv,10,51,1404,1.7320507764816284,1,1.4142135381698608,0.7203096747398376,0.27969032526016235,1.7320507764816284,0.579626739025116,0.42037326097488403,2.6457512378692627,0.2851243019104004,0.7148756980895996
survset:UnempDur,RDSurv,10,51,1645,2.2360680103302,1,1.4142135381698608,0.9096750020980835,0.0903249979019165,1.7320507764816284,0.8304470181465149,0.1695529818534851,2.6457512378692627,0.5742908716201782,0.4257091283798218
survset:UnempDur,RDSurv,10,51,2802,1.4142135381698608,1,1.4142135381698608,0.7137210369110107,0.28627896308898926,1.7320507764816284,0.5719988942146301,0.4280011057853699,2.6457512378692627,0.27854853868484497,0.721451461315155
survset:UnempDur,RDSurv,10,51,2097,2.4494898319244385,0,1.4142135381698608,0.9026971459388733,0.09730285406112671,1.7320507764816284,0.8197075128555298,0.18029248714447021,2.6457512378692627,0.5578920245170593,0.4421079754829407
survset:UnempDur,RDSurv,10,51,1967,3.0,0,1.4142135381698608,0.9239828586578369,0.07601714134216309,1.7320507764816284,0.8530396819114685,0.1469603180885315,2.6457512378692627,0.6106200218200684,0.38937997817993164
survset:UnempDur,RDSurv,10,51,2055,1.7320507764816284,1,1.4142135381698608,0.9113810062408447,0.08861899375915527,1.7320507764816284,0.8330992460250854,0.16690075397491455,2.6457512378692627,0.578423023223877,0.42157697677612305
survset:UnempDur,RDSurv,10,51,2252,1.0,1,1.4142135381698608,0.5258821249008179,0.47411787509918213,1.7320507764816284,0.37528014183044434,0.6247198581695557,2.6457512378692627,0.1386234164237976,0.8613765835762024
survset:UnempDur,RDSurv,10,51,2047,2.4494898319244385,1,1.4142135381698608,0.9525401592254639,0.04745984077453613,1.7320507764816284,0.9009833335876465,0.09901666641235352,2.6457512378692627,0.6979629993438721,0.30203700065612793
survset:UnempDur,RDSurv,10,51,2175,3.872983455657959,0,1.4142135381698608,0.9315847158432007,0.06841528415679932,1.7320507764816284,0.8653931617736816,0.13460683822631836,2.6457512378692627,0.631659209728241,0.36834079027175903
survset:UnempDur,RDSurv,10,51,956,2.2360680103302,1,1.4142135381698608,0.9197351932525635,0.08026480674743652,1.7320507764816284,0.8462470769882202,0.15375292301177979,2.6457512378692627,0.5994197130203247,0.4005802869796753
survset:UnempDur,RDSurv,10,51,2595,1.4142135381698608,1,1.4142135381698608,0.6532043814659119,0.34679561853408813,1.7320507764816284,0.5044533610343933,0.4955466389656067,2.6457512378692627,0.22438687086105347,0.7756131291389465
survset:UnempDur,RDSurv,10,51,2229,1.0,1,1.4142135381698608,0.6239629983901978,0.37603700160980225,1.7320507764816284,0.4733238220214844,0.5266761779785156,2.6457512378692627,0.20170646905899048,0.7982935309410095
survset:UnempDur,RDSurv,10,51,2899,1.4142135381698608,1,1.4142135381698608,0.5704455375671387,0.42955446243286133,1.7320507764816284,0.41866326332092285,0.5813367366790771,2.6457512378692627,0.16504353284835815,0.8349564671516418
survset:UnempDur,RDSurv,10,51,33,2.0,0,1.4142135381698608,0.6946322917938232,0.30536770820617676,1.7320507764816284,0.5502135157585144,0.4497864842414856,2.6457512378692627,0.2602992057800293,0.7397007942199707
survset:UnempDur,RDSurv,10,51,1053,1.0,1,1.4142135381698608,0.9276378154754639,0.07236218452453613,1.7320507764816284,0.8589465618133545,0.1410534381866455,2.6457512378692627,0.620568573474884,0.37943142652511597
survset:UnempDur,RDSurv,10,51,8,2.2360680103302,0,1.4142135381698608,0.9240478277206421,0.07595217227935791,1.7320507764816284,0.8531442284584045,0.14685577154159546,2.6457512378692627,0.6107944250106812,0.38920557498931885
survset:UnempDur,RDSurv,10,51,1285,1.7320507764816284,0,1.4142135381698608,0.8886228799819946,0.11137712001800537,1.7320507764816284,0.7985390424728394,0.20146095752716064,2.6457512378692627,0.5270235538482666,0.4729764461517334
survset:UnempDur,RDSurv,10,51,2111,3.1622776985168457,1,1.4142135381698608,0.9005844593048096,0.09941554069519043,1.7320507764816284,0.8164891004562378,0.1835108995437622,2.6457512378692627,0.5530780553817749,0.4469219446182251
survset:UnempDur,RDSurv,10,51,1129,1.0,1,1.4142135381698608,0.7011940479278564,0.29880595207214355,1.7320507764816284,0.5576503872871399,0.4423496127128601,2.6457512378692627,0.26644206047058105,0.733557939529419
survset:UnempDur,RDSurv,10,51,2667,2.8284270763397217,1,1.4142135381698608,0.9092435836791992,0.09075641632080078,1.7320507764816284,0.8297780752182007,0.17022192478179932,2.6457512378692627,0.573253870010376,0.426746129989624
survset:UnempDur,RDSurv,10,51,164,3.0,0,1.4142135381698608,0.9429045915603638,0.05709540843963623,1.7320507764816284,0.8843098282814026,0.11569017171859741,2.6457512378692627,0.6657423377037048,0.33425766229629517
survset:UnempDur,RDSurv,10,51,1187,2.0,1,1.4142135381698608,0.9286524057388306,0.07134759426116943,1.7320507764816284,0.8605968356132507,0.13940316438674927,2.6457512378692627,0.6233839392662048,0.37661606073379517
survset:UnempDur,RDSurv,10,51,2126,2.2360680103302,1,1.4142135381698608,0.9362493753433228,0.06375062465667725,1.7320507764816284,0.8731080293655396,0.12689197063446045,2.6457512378692627,0.6452703475952148,0.35472965240478516
survset:UnempDur,RDSurv,10,51,1223,2.8284270763397217,0,1.4142135381698608,0.9509340524673462,0.04906594753265381,1.7320507764816284,0.8981633186340332,0.1018366813659668,2.6457512378692627,0.6923530101776123,0.3076469898223877
survset:UnempDur,RDSurv,10,51,1718,1.7320507764816284,0,1.4142135381698608,0.9877121448516846,0.01228785514831543,1.7320507764816284,0.9689222574234009,0.03107774257659912,2.6457512378692627,0.8635832071304321,0.13641679286956787
survset:UnempDur,RDSurv,10,51,742,4.4721360206604,0,1.4142135381698608,0.9592781066894531,0.040721893310546875,1.7320507764816284,0.9130132794380188,0.0869867205619812,2.6457512378692627,0.722713828086853,0.277286171913147
survset:UnempDur,RDSurv,10,51,1955,2.0,1,1.4142135381698608,0.9745165705680847,0.025483429431915283,1.7320507764816284,0.9416685104370117,0.05833148956298828,2.6457512378692627,0.7882348895072937,0.2117651104927063
survset:UnempDur,RDSurv,10,51,1690,3.7416574954986572,1,1.4142135381698608,0.9750718474388123,0.024928152561187744,1.7320507764816284,0.9427598714828491,0.05724012851715088,2.6457512378692627,0.7909573316574097,0.20904266834259033
survset:UnempDur,RDSurv,10,51,1499,1.4142135381698608,1,1.4142135381698608,0.9106006622314453,0.08939933776855469,1.7320507764816284,0.8318847417831421,0.1681152582168579,2.6457512378692627,0.5765266418457031,0.4234733581542969
survset:UnempDur,RDSurv,10,51,334,1.4142135381698608,0,1.4142135381698608,0.9212056994438171,0.07879430055618286,1.7320507764816284,0.8485901355743408,0.15140986442565918,2.6457512378692627,0.6032548546791077,0.39674514532089233
survset:UnempDur,RDSurv,10,51,799,4.358899116516113,0,1.4142135381698608,0.6822085380554199,0.3177914619445801,1.7320507764816284,0.536277711391449,0.463722288608551,2.6457512378692627,0.2490241527557373,0.7509758472442627
survset:UnempDur,RDSurv,10,51,2923,1.4142135381698608,1,1.4142135381698608,0.5866179466247559,0.41338205337524414,1.7320507764816284,0.43487757444381714,0.5651224255561829,2.6457512378692627,0.17551487684249878,0.8244851231575012
survset:UnempDur,RDSurv,10,51,1350,1.0,1,1.4142135381698608,0.9161033034324646,0.0838966965675354,1.7320507764816284,0.8404977321624756,0.15950226783752441,2.6457512378692627,0.5901308059692383,0.4098691940307617
survset:UnempDur,RDSurv,10,51,1489,1.7320507764816284,1,1.4142135381698608,0.9079117178916931,0.09208828210830688,1.7320507764816284,0.8277169466018677,0.17228305339813232,2.6457512378692627,0.5700719952583313,0.4299280047416687
survset:UnempDur,RDSurv,10,51,2672,1.7320507764816284,0,1.4142135381698608,0.6855563521385193,0.3144436478614807,1.7320507764816284,0.5400146245956421,0.4599853754043579,2.6457512378692627,0.2520177662372589,0.7479822337627411
survset:UnempDur,RDSurv,10,51,2428,2.8284270763397217,1,1.4142135381698608,0.910006046295166,0.08999395370483398,1.7320507764816284,0.8309608697891235,0.16903913021087646,2.6457512378692627,0.5750888586044312,0.42491114139556885
survset:UnempDur,RDSurv,10,51,3239,1.0,1,1.4142135381698608,0.710420548915863,0.28957945108413696,1.7320507764816284,0.5681989192962646,0.43180108070373535,2.6457512378692627,0.2753092348575592,0.7246907651424408
survset:UnempDur,RDSurv,10,51,1808,5.196152210235596,0,1.4142135381698608,0.7421218752861023,0.2578781247138977,1.7320507764816284,0.6052954196929932,0.39470458030700684,2.6457512378692627,0.3079933524131775,0.6920066475868225
survset:UnempDur,RDSurv,10,51,1200,3.0,1,1.4142135381698608,0.9478167295455933,0.05218327045440674,1.7320507764816284,0.8927378058433533,0.10726219415664673,2.6457512378692627,0.6817492842674255,0.31825071573257446
survset:UnempDur,RDSurv,10,51,3043,1.0,1,1.4142135381698608,0.6407302618026733,0.35926973819732666,1.7320507764816284,0.491059809923172,0.508940190076828,2.6457512378692627,0.2144615352153778,0.7855384647846222
survset:UnempDur,RDSurv,10,51,1322,4.0,1,1.4142135381698608,0.8676639795303345,0.13233602046966553,1.7320507764816284,0.7680968046188354,0.23190319538116455,2.6457512378692627,0.4856289029121399,0.5143710970878601
survset:UnempDur,RDSurv,10,51,955,1.0,1,1.4142135381698608,0.7011897563934326,0.2988102436065674,1.7320507764816284,0.5576454997062683,0.4423545002937317,2.6457512378692627,0.26643797755241394,0.7335620224475861
survset:UnempDur,RDSurv,10,51,2745,3.316624879837036,1,1.4142135381698608,0.8947054147720337,0.10529458522796631,1.7320507764816284,0.8076103925704956,0.1923896074295044,2.6457512378692627,0.5400263071060181,0.45997369289398193
survset:UnempDur,RDSurv,10,51,1616,1.0,1,1.4142135381698608,0.6498239636421204,0.35017603635787964,1.7320507764816284,0.5008067488670349,0.4991932511329651,2.6457512378692627,0.2216590940952301,0.7783409059047699
survset:UnempDur,RDSurv,10,51,968,4.795831680297852,0,1.4142135381698608,0.9610394239425659,0.03896057605743408,1.7320507764816284,0.9162150621414185,0.08378493785858154,2.6457512378692627,0.7295424938201904,0.27045750617980957
survset:UnempDur,RDSurv,10,51,895,2.2360680103302,0,1.4142135381698608,0.9506089091300964,0.049391090869903564,1.7320507764816284,0.8975945711135864,0.10240542888641357,2.6457512378692627,0.6912298202514648,0.30877017974853516
survset:UnempDur,RDSurv,10,51,2764,1.4142135381698608,1,1.4142135381698608,0.7770950794219971,0.22290492057800293,1.7320507764816284,0.6478774547576904,0.35212254524230957,2.6457512378692627,0.3486277461051941,0.6513722538948059
survset:UnempDur,RDSurv,10,51,2601,3.464101552963257,0,1.4142135381698608,0.9054887294769287,0.09451127052307129,1.7320507764816284,0.8239835500717163,0.1760164499282837,2.6457512378692627,0.5643585324287415,0.43564146757125854
survset:UnempDur,RDSurv,10,51,1171,1.0,1,1.4142135381698608,0.5914794206619263,0.40852057933807373,1.7320507764816284,0.4398021697998047,0.5601978302001953,2.6457512378692627,0.1787615418434143,0.8212384581565857
survset:UnempDur,RDSurv,10,51,2612,1.7320507764816284,0,1.4142135381698608,0.9744666218757629,0.02553337812423706,1.7320507764816284,0.9415705800056458,0.05842941999435425,2.6457512378692627,0.7879914045333862,0.21200859546661377
survset:UnempDur,RDSurv,10,51,826,1.7320507764816284,0,1.4142135381698608,0.897840142250061,0.10215985774993896,1.7320507764816284,0.8123305439949036,0.18766945600509644,2.6457512378692627,0.5469237565994263,0.45307624340057373
survset:UnempDur,RDSurv,10,51,1935,1.7320507764816284,1,1.4142135381698608,0.9067355394363403,0.09326446056365967,1.7320507764816284,0.8259021043777466,0.17409789562225342,2.6457512378692627,0.5672866106033325,0.4327133893966675
survset:UnempDur,RDSurv,10,51,769,1.7320507764816284,0,1.4142135381698608,0.95949387550354,0.04050612449645996,1.7320507764816284,0.913404107093811,0.08659589290618896,2.6457512378692627,0.7235416173934937,0.27645838260650635
survset:UnempDur,RDSurv,10,51,205,1.7320507764816284,1,1.4142135381698608,0.9147603511810303,0.08523964881896973,1.7320507764816284,0.8383851051330566,0.16161489486694336,2.6457512378692627,0.5867599844932556,0.4132400155067444
survset:UnempDur,RDSurv,10,51,1518,2.2360680103302,1,1.4142135381698608,0.6535694599151611,0.34643054008483887,1.7320507764816284,0.5048480033874512,0.49515199661254883,2.6457512378692627,0.22468316555023193,0.7753168344497681
survset:UnempDur,RDSurv,10,51,597,3.464101552963257,1,1.4142135381698608,0.9056835770606995,0.09431642293930054,1.7320507764816284,0.8242829442024231,0.1757170557975769,2.6457512378692627,0.5648143887519836,0.43518561124801636
survset:UnempDur,RDSurv,10,51,1604,1.7320507764816284,0,1.4142135381698608,0.924676775932312,0.07532322406768799,1.7320507764816284,0.8541566133499146,0.14584338665008545,2.6457512378692627,0.6124860048294067,0.38751399517059326
survset:UnempDur,RDSurv,10,51,1076,2.4494898319244385,0,1.4142135381698608,0.9152238368988037,0.08477616310119629,1.7320507764816284,0.8391134738922119,0.16088652610778809,2.6457512378692627,0.5879195928573608,0.41208040714263916
survset:UnempDur,RDSurv,10,51,1965,4.582575798034668,1,1.4142135381698608,0.7583606839179993,0.24163931608200073,1.7320507764816284,0.6248394846916199,0.3751605153083801,2.6457512378692627,0.32620808482170105,0.673791915178299
survset:UnempDur,RDSurv,10,51,2336,2.6457512378692627,1,1.4142135381698608,0.6352479457855225,0.36475205421447754,1.7320507764816284,0.48522746562957764,0.5147725343704224,2.6457512378692627,0.2102189064025879,0.7897810935974121
survset:UnempDur,RDSurv,10,51,2438,2.4494898319244385,0,1.4142135381698608,0.6850462555885315,0.3149537444114685,1.7320507764816284,0.5394443869590759,0.4605556130409241,2.6457512378692627,0.2515595555305481,0.7484404444694519
survset:UnempDur,RDSurv,10,51,2992,4.242640495300293,1,1.4142135381698608,0.6284570097923279,0.3715429902076721,1.7320507764816284,0.4780478775501251,0.5219521224498749,2.6457512378692627,0.20506134629249573,0.7949386537075043
survset:UnempDur,RDSurv,10,51,2766,1.4142135381698608,0,1.4142135381698608,0.8086451292037964,0.1913548707962036,1.7320507764816284,0.687965452671051,0.312034547328949,2.6457512378692627,0.39030173420906067,0.6096982657909393
survset:UnempDur,RDSurv,10,51,732,1.7320507764816284,1,1.4142135381698608,0.5996478199958801,0.4003521800041199,1.7320507764816284,0.4481299817562103,0.5518700182437897,2.6457512378692627,0.1843232810497284,0.8156767189502716
survset:UnempDur,RDSurv,10,51,2610,1.7320507764816284,0,1.4142135381698608,0.7442640066146851,0.25573599338531494,1.7320507764816284,0.6078517436981201,0.3921482563018799,2.6457512378692627,0.3103353977203369,0.6896646022796631
survset:UnempDur,RDSurv,10,51,2355,1.7320507764816284,1,1.4142135381698608,0.908543586730957,0.09145641326904297,1.7320507764816284,0.8286939859390259,0.17130601406097412,2.6457512378692627,0.5715779066085815,0.42842209339141846
survset:UnempDur,RDSurv,10,51,1010,1.0,1,1.4142135381698608,0.6735541224479675,0.32644587755203247,1.7320507764816284,0.526679515838623,0.47332048416137695,2.6457512378692627,0.24143356084823608,0.7585664391517639
survset:UnempDur,RDSurv,10,51,421,3.316624879837036,1,1.4142135381698608,0.9121878147125244,0.08781218528747559,1.7320507764816284,0.8343573808670044,0.1656426191329956,2.6457512378692627,0.580394983291626,0.419605016708374
survset:UnempDur,RDSurv,10,51,2332,3.464101552963257,0,1.4142135381698608,0.9101466536521912,0.08985334634780884,1.7320507764816284,0.8311792016029358,0.1688207983970642,2.6457512378692627,0.5754282474517822,0.4245717525482178
survset:UnempDur,RDSurv,10,51,2653,4.123105525970459,0,1.4142135381698608,0.9703243970870972,0.029675602912902832,1.7320507764816284,0.9335495233535767,0.06645047664642334,2.6457512378692627,0.7685669660568237,0.23143303394317627
survset:UnempDur,RDSurv,10,51,3144,1.4142135381698608,0,1.4142135381698608,0.957202672958374,0.04279732704162598,1.7320507764816284,0.9092719554901123,0.0907280445098877,2.6457512378692627,0.714867353439331,0.28513264656066895
survset:UnempDur,RDSurv,10,51,1205,1.4142135381698608,0,1.4142135381698608,0.7011818885803223,0.29881811141967773,1.7320507764816284,0.5576366186141968,0.4423633813858032,2.6457512378692627,0.2664305567741394,0.7335694432258606
survset:UnempDur,RDSurv,10,51,281,2.6457512378692627,1,1.4142135381698608,0.9588508605957031,0.041149139404296875,1.7320507764816284,0.9122403860092163,0.08775961399078369,2.6457512378692627,0.7210813760757446,0.27891862392425537
survset:UnempDur,RDSurv,10,51,3060,1.4142135381698608,1,1.4142135381698608,0.8784067630767822,0.12159323692321777,1.7320507764816284,0.7835493087768555,0.21645069122314453,2.6457512378692627,0.5062280893325806,0.49377191066741943
survset:UnempDur,RDSurv,10,51,266,1.4142135381698608,1,1.4142135381698608,0.9643774032592773,0.035622596740722656,1.7320507764816284,0.9223544597625732,0.07764554023742676,2.6457512378692627,0.7429490089416504,0.2570509910583496
survset:UnempDur,RDSurv,10,51,537,3.872983455657959,1,1.4142135381698608,0.9468864798545837,0.05311352014541626,1.7320507764816284,0.8911306858062744,0.10886931419372559,2.6457512378692627,0.6786543726921082,0.32134562730789185
survset:UnempDur,RDSurv,10,51,190,2.2360680103302,1,1.4142135381698608,0.9536552429199219,0.046344757080078125,1.7320507764816284,0.902951717376709,0.09704828262329102,2.6457512378692627,0.7019201517105103,0.29807984828948975
survset:UnempDur,RDSurv,10,51,1374,2.6457512378692627,0,1.4142135381698608,0.5794084668159485,0.4205915331840515,1.7320507764816284,0.42761772871017456,0.5723822712898254,2.6457512378692627,0.17078527808189392,0.8292147219181061
survset:UnempDur,RDSurv,10,51,2343,1.7320507764816284,1,1.4142135381698608,0.8997049331665039,0.1002950668334961,1.7320507764816284,0.8151536583900452,0.18484634160995483,2.6457512378692627,0.5510936379432678,0.4489063620567322
survset:UnempDur,RDSurv,10,51,1114,1.7320507764816284,0,1.4142135381698608,0.902525782585144,0.09747421741485596,1.7320507764816284,0.8194459080696106,0.1805540919303894,2.6457512378692627,0.5574989914894104,0.4425010085105896
survset:UnempDur,RDSurv,10,51,2644,1.4142135381698608,0,1.4142135381698608,0.6856752634048462,0.3143247365951538,1.7320507764816284,0.540147602558136,0.459852397441864,2.6457512378692627,0.2521246671676636,0.7478753328323364
survset:UnempDur,RDSurv,10,51,369,2.4494898319244385,0,1.4142135381698608,0.9494850635528564,0.050514936447143555,1.7320507764816284,0.8956335783004761,0.10436642169952393,2.6457512378692627,0.6873786449432373,0.3126213550567627
survset:UnempDur,RDSurv,10,51,3102,2.4494898319244385,0,1.4142135381698608,0.9249962568283081,0.0750037431716919,1.7320507764816284,0.8546715974807739,0.14532840251922607,2.6457512378692627,0.6133487224578857,0.38665127754211426
survset:UnempDur,RDSurv,10,51,859,1.4142135381698608,1,1.4142135381698608,0.685073733329773,0.31492626667022705,1.7320507764816284,0.53947514295578,0.46052485704421997,2.6457512378692627,0.2515842318534851,0.7484157681465149
survset:UnempDur,RDSurv,10,51,1846,3.7416574954986572,0,1.4142135381698608,0.9035529494285583,0.09644705057144165,1.7320507764816284,0.8210155963897705,0.1789844036102295,2.6457512378692627,0.5598614811897278,0.4401385188102722
survset:UnempDur,RDSurv,10,51,3090,1.4142135381698608,1,1.4142135381698608,0.6251875162124634,0.3748124837875366,1.7320507764816284,0.4746088981628418,0.5253911018371582,2.6457512378692627,0.20261606574058533,0.7973839342594147
survset:UnempDur,RDSurv,10,51,2574,5.0,1,1.4142135381698608,0.7733674049377441,0.22663259506225586,1.7320507764816284,0.643250048160553,0.356749951839447,2.6457512378692627,0.34403908252716064,0.6559609174728394
survset:UnempDur,RDSurv,10,51,594,3.316624879837036,0,1.4142135381698608,0.924871563911438,0.07512843608856201,1.7320507764816284,0.8544706106185913,0.1455293893814087,2.6457512378692627,0.6130118370056152,0.38698816299438477
survset:UnempDur,RDSurv,10,51,2970,3.605551242828369,0,1.4142135381698608,0.9153109192848206,0.08468908071517944,1.7320507764816284,0.8392503261566162,0.1607496738433838,2.6457512378692627,0.5881378054618835,0.41186219453811646
survset:UnempDur,RDSurv,10,51,2292,2.2360680103302,1,1.4142135381698608,0.6897273063659668,0.3102726936340332,1.7320507764816284,0.5446891784667969,0.4553108215332031,2.6457512378692627,0.25579312443733215,0.7442068755626678
survset:UnempDur,RDSurv,10,51,1765,3.605551242828369,1,1.4142135381698608,0.7283496856689453,0.2716503143310547,1.7320507764816284,0.589012861251831,0.41098713874816895,2.6457512378692627,0.29335227608680725,0.7066477239131927
survset:UnempDur,RDSurv,10,51,500,1.7320507764816284,1,1.4142135381698608,0.9608361721038818,0.039163827896118164,1.7320507764816284,0.915844202041626,0.08415579795837402,2.6457512378692627,0.7287461757659912,0.2712538242340088
survset:UnempDur,RDSurv,10,51,411,3.0,0,1.4142135381698608,0.9350355863571167,0.0649644136428833,1.7320507764816284,0.8710901737213135,0.12890982627868652,2.6457512378692627,0.6416734457015991,0.3583265542984009
survset:UnempDur,RDSurv,10,51,973,1.4142135381698608,1,1.4142135381698608,0.5771257877349854,0.42287421226501465,1.7320507764816284,0.4253297448158264,0.5746702551841736,2.6457512378692627,0.16930854320526123,0.8306914567947388
survset:UnempDur,RDSurv,10,51,2613,4.242640495300293,1,1.4142135381698608,0.9170678853988647,0.08293211460113525,1.7320507764816284,0.8420195579528809,0.15798044204711914,2.6457512378692627,0.5925729274749756,0.4074270725250244
survset:UnempDur,RDSurv,10,51,1107,3.316624879837036,1,1.4142135381698608,0.9374033212661743,0.06259667873382568,1.7320507764816284,0.875033438205719,0.124966561794281,2.6457512378692627,0.6487276554107666,0.3512723445892334
survset:UnempDur,RDSurv,10,51,713,1.7320507764816284,0,1.4142135381698608,0.9179098606109619,0.08209013938903809,1.7320507764816284,0.8433510065078735,0.15664899349212646,2.6457512378692627,0.5947192311286926,0.4052807688713074
survset:UnempDur,RDSurv,10,51,1682,1.4142135381698608,0,1.4142135381698608,0.9077825546264648,0.09221744537353516,1.7320507764816284,0.8275172710418701,0.17248272895812988,2.6457512378692627,0.5697649121284485,0.4302350878715515
survset:UnempDur,RDSurv,10,51,3192,1.0,1,1.4142135381698608,0.658179759979248,0.34182024002075195,1.7320507764816284,0.5098438858985901,0.4901561141014099,2.6457512378692627,0.2284543216228485,0.7715456783771515
survset:UnempDur,RDSurv,10,51,2718,1.7320507764816284,1,1.4142135381698608,0.949540913105011,0.050459086894989014,1.7320507764816284,0.8957309126853943,0.10426908731460571,2.6457512378692627,0.6875689029693604,0.31243109703063965
survset:UnempDur,RDSurv,10,51,2857,1.7320507764816284,1,1.4142135381698608,0.9414032697677612,0.05859673023223877,1.7320507764816284,0.8817617893218994,0.11823821067810059,2.6457512378692627,0.6610081195831299,0.3389918804168701
survset:UnempDur,RDSurv,10,51,304,1.7320507764816284,1,1.4142135381698608,0.6840353012084961,0.3159646987915039,1.7320507764816284,0.5383151173591614,0.4616848826408386,2.6457512378692627,0.2506536543369293,0.7493463456630707
survset:UnempDur,RDSurv,10,51,1265,3.605551242828369,0,1.4142135381698608,0.5892349481582642,0.41076505184173584,1.7320507764816284,0.43752560019493103,0.562474399805069,2.6457512378692627,0.17725682258605957,0.8227431774139404
survset:UnempDur,RDSurv,10,51,321,1.7320507764816284,1,1.4142135381698608,0.6080176830291748,0.3919823169708252,1.7320507764816284,0.4567333459854126,0.5432666540145874,2.6457512378692627,0.19016429781913757,0.8098357021808624
survset:UnempDur,RDSurv,10,51,1546,2.2360680103302,0,1.4142135381698608,0.9546278715133667,0.0453721284866333,1.7320507764816284,0.9046754837036133,0.09532451629638672,2.6457512378692627,0.7054142951965332,0.2945857048034668
survset:UnempDur,RDSurv,10,51,1447,1.0,1,1.4142135381698608,0.6145435571670532,0.3854564428329468,1.7320507764816284,0.4634912610054016,0.5365087389945984,2.6457512378692627,0.19482120871543884,0.8051787912845612
survset:UnempDur,RDSurv,10,51,2264,1.7320507764816284,1,1.4142135381698608,0.7361788749694824,0.2638211250305176,1.7320507764816284,0.5982369780540466,0.40176302194595337,2.6457512378692627,0.3015882968902588,0.6984117031097412
survset:UnempDur,RDSurv,10,51,2747,2.4494898319244385,1,1.4142135381698608,0.7054165005683899,0.2945834994316101,1.7320507764816284,0.5624644756317139,0.43753552436828613,2.6457512378692627,0.2704662084579468,0.7295337915420532
survset:UnempDur,RDSurv,10,51,2184,2.6457512378692627,1,1.4142135381698608,0.9654311537742615,0.034568846225738525,1.7320507764816284,0.9243130683898926,0.07568693161010742,2.6457512378692627,0.7473173141479492,0.2526826858520508
survset:UnempDur,RDSurv,10,51,309,1.0,1,1.4142135381698608,0.7001489400863647,0.29985105991363525,1.7320507764816284,0.556462287902832,0.44353771209716797,2.6457512378692627,0.2654547095298767,0.7345452904701233
survset:UnempDur,RDSurv,10,51,2537,1.0,1,1.4142135381698608,0.5789313316345215,0.4210686683654785,1.7320507764816284,0.4271390438079834,0.5728609561920166,2.6457512378692627,0.17047575116157532,0.8295242488384247
survset:UnempDur,RDSurv,10,51,862,2.0,1,1.4142135381698608,0.7262629270553589,0.2737370729446411,1.7320507764816284,0.5865683555603027,0.41343164443969727,2.6457512378692627,0.29119470715522766,0.7088052928447723
survset:UnempDur,RDSurv,10,51,1243,1.4142135381698608,1,1.4142135381698608,0.6745138168334961,0.3254861831665039,1.7320507764816284,0.5277395248413086,0.4722604751586914,2.6457512378692627,0.24226495623588562,0.7577350437641144
survset:UnempDur,RDSurv,10,51,1714,5.0,0,1.4142135381698608,0.7389294505119324,0.2610705494880676,1.7320507764816284,0.6014976501464844,0.3985023498535156,2.6457512378692627,0.3045359253883362,0.6954640746116638
survset:UnempDur,RDSurv,10,51,1277,3.316624879837036,1,1.4142135381698608,0.7107534408569336,0.2892465591430664,1.7320507764816284,0.5685815811157227,0.43141841888427734,2.6457512378692627,0.27563437819480896,0.724365621805191
survset:UnempDur,RDSurv,10,51,1117,4.4721360206604,0,1.4142135381698608,0.9182848930358887,0.08171510696411133,1.7320507764816284,0.8439449667930603,0.1560550332069397,2.6457512378692627,0.5956797003746033,0.40432029962539673
survset:UnempDur,RDSurv,10,51,2885,2.2360680103302,0,1.4142135381698608,0.9136870503425598,0.08631294965744019,1.7320507764816284,0.836701512336731,0.16329848766326904,2.6457512378692627,0.5840897560119629,0.4159102439880371
survset:UnempDur,RDSurv,10,51,1534,2.2360680103302,0,1.4142135381698608,0.9234156608581543,0.0765843391418457,1.7320507764816284,0.852128267288208,0.147871732711792,2.6457512378692627,0.6091026067733765,0.39089739322662354
survset:UnempDur,RDSurv,10,51,2760,1.0,1,1.4142135381698608,0.9613179564476013,0.03868204355239868,1.7320507764816284,0.9167236685752869,0.08327633142471313,2.6457512378692627,0.7306374311447144,0.26936256885528564
survset:UnempDur,RDSurv,10,51,1006,2.6457512378692627,0,1.4142135381698608,0.6277579665184021,0.3722420334815979,1.7320507764816284,0.4773116409778595,0.5226883590221405,2.6457512378692627,0.20453649759292603,0.795463502407074
survset:UnempDur,RDSurv,10,51,1419,2.2360680103302,1,1.4142135381698608,0.6588048934936523,0.34119510650634766,1.7320507764816284,0.5105230808258057,0.48947691917419434,2.6457512378692627,0.22896984219551086,0.7710301578044891
survset:UnempDur,RDSurv,10,51,2001,2.6457512378692627,0,1.4142135381698608,0.7214521765708923,0.27854782342910767,1.7320507764816284,0.5809552073478699,0.4190447926521301,2.6457512378692627,0.2862796187400818,0.7137203812599182
survset:UnempDur,RDSurv,10,51,1098,2.2360680103302,0,1.4142135381698608,0.9026505947113037,0.09734940528869629,1.7320507764816284,0.8196365237236023,0.1803634762763977,2.6457512378692627,0.5577852725982666,0.4422147274017334
survset:UnempDur,RDSurv,10,51,2198,1.0,0,1.4142135381698608,0.7335146069526672,0.26648539304733276,1.7320507764816284,0.595088541507721,0.40491145849227905,2.6457512378692627,0.29876017570495605,0.701239824295044
survset:UnempDur,RDSurv,10,51,222,1.0,1,1.4142135381698608,0.5749324560165405,0.4250675439834595,1.7320507764816284,0.4231360852718353,0.5768639147281647,2.6457512378692627,0.16789895296096802,0.832101047039032
survset:UnempDur,RDSurv,10,51,3061,5.099019527435303,1,1.4142135381698608,0.7210431694984436,0.2789568305015564,1.7320507764816284,0.5804794430732727,0.4195205569267273,2.6457512378692627,0.28586551547050476,0.7141344845294952
survset:UnempDur,RDSurv,10,51,1401,2.4494898319244385,1,1.4142135381698608,0.9439500570297241,0.05604994297027588,1.7320507764816284,0.8860917091369629,0.11390829086303711,2.6457512378692627,0.6690813302993774,0.33091866970062256
survset:UnempDur,RDSurv,10,51,606,1.7320507764816284,1,1.4142135381698608,0.7308080792427063,0.2691919207572937,1.7320507764816284,0.5919001698493958,0.40809983015060425,2.6457512378692627,0.2959141135215759,0.7040858864784241
survset:UnempDur,RDSurv,10,51,2382,2.6457512378692627,1,1.4142135381698608,0.7210543751716614,0.2789456248283386,1.7320507764816284,0.5804924964904785,0.4195075035095215,2.6457512378692627,0.2858768403530121,0.7141231596469879
survset:UnempDur,RDSurv,10,51,2402,2.6457512378692627,1,1.4142135381698608,0.9512494802474976,0.04875051975250244,1.7320507764816284,0.8987158536911011,0.10128414630889893,2.6457512378692627,0.6934467554092407,0.3065532445907593
survset:UnempDur,RDSurv,10,51,2099,1.7320507764816284,1,1.4142135381698608,0.6435231566429138,0.3564768433570862,1.7320507764816284,0.49404364824295044,0.5059563517570496,2.6457512378692627,0.2166505753993988,0.7833494246006012
survset:UnempDur,RDSurv,10,51,3118,3.316624879837036,1,1.4142135381698608,0.9716609716415405,0.028339028358459473,1.7320507764816284,0.9361158609390259,0.06388413906097412,2.6457512378692627,0.7746768593788147,0.2253231406211853
survset:UnempDur,RDSurv,10,51,1828,1.4142135381698608,1,1.4142135381698608,0.9009441137313843,0.09905588626861572,1.7320507764816284,0.8170359134674072,0.18296408653259277,2.6457512378692627,0.5538926720619202,0.44610732793807983
survset:UnempDur,RDSurv,10,51,1019,2.2360680103302,1,1.4142135381698608,0.6903777122497559,0.30962228775024414,1.7320507764816284,0.5454200506210327,0.4545799493789673,2.6457512378692627,0.25638651847839355,0.7436134815216064
survset:UnempDur,RDSurv,10,51,1799,4.690415859222412,0,1.4142135381698608,0.9470007419586182,0.052999258041381836,1.7320507764816284,0.8913277387619019,0.10867226123809814,2.6457512378692627,0.6790327429771423,0.32096725702285767
survset:UnempDur,RDSurv,10,51,1458,1.0,1,1.4142135381698608,0.7305026054382324,0.2694973945617676,1.7320507764816284,0.5915409326553345,0.4084590673446655,2.6457512378692627,0.29559460282325745,0.7044053971767426
survset:UnempDur,RDSurv,10,51,1480,3.464101552963257,0,1.4142135381698608,0.9391279220581055,0.06087207794189453,1.7320507764816284,0.8779239654541016,0.12207603454589844,2.6457512378692627,0.6539648175239563,0.3460351824760437
survset:UnempDur,RDSurv,10,51,815,1.7320507764816284,1,1.4142135381698608,0.9194141626358032,0.08058583736419678,1.7320507764816284,0.8457368016242981,0.1542631983757019,2.6457512378692627,0.5985883474349976,0.40141165256500244
survset:UnempDur,RDSurv,10,51,611,1.0,1,1.4142135381698608,0.7186276316642761,0.2813723683357239,1.7320507764816284,0.5776739716529846,0.4223260283470154,2.6457512378692627,0.2834314703941345,0.7165685296058655
survset:UnempDur,RDSurv,10,51,1421,1.7320507764816284,1,1.4142135381698608,0.7142583131790161,0.2857416868209839,1.7320507764816284,0.5726187229156494,0.4273812770843506,2.6457512378692627,0.27907922863960266,0.7209207713603973
survset:UnempDur,RDSurv,10,51,1861,4.242640495300293,0,1.4142135381698608,0.7202990055084229,0.27970099449157715,1.7320507764816284,0.5796143412590027,0.4203856587409973,2.6457512378692627,0.28511351346969604,0.714886486530304
survset:UnempDur,RDSurv,10,51,1691,2.2360680103302,1,1.4142135381698608,0.7319451570510864,0.2680548429489136,1.7320507764816284,0.5932384729385376,0.4067615270614624,2.6457512378692627,0.2971065044403076,0.7028934955596924
survset:UnempDur,RDSurv,10,51,1081,2.6457512378692627,0,1.4142135381698608,0.9032678604125977,0.09673213958740234,1.7320507764816284,0.820579469203949,0.17942053079605103,2.6457512378692627,0.5592040419578552,0.4407959580421448
survset:UnempDur,RDSurv,10,51,3197,1.4142135381698608,0,1.4142135381698608,0.9650794267654419,0.034920573234558105,1.7320507764816284,0.9236581325531006,0.07634186744689941,2.6457512378692627,0.7458515167236328,0.2541484832763672
survset:UnempDur,RDSurv,10,51,2565,3.7416574954986572,1,1.4142135381698608,0.9221600294113159,0.07783997058868408,1.7320507764816284,0.8501155376434326,0.14988446235656738,2.6457512378692627,0.6057676076889038,0.3942323923110962
survset:UnempDur,RDSurv,10,51,513,1.4142135381698608,0,1.4142135381698608,0.9606374502182007,0.039362549781799316,1.7320507764816284,0.9154821038246155,0.08451789617538452,2.6457512378692627,0.7279698252677917,0.27203017473220825
survset:UnempDur,RDSurv,10,51,1210,1.0,1,1.4142135381698608,0.6173883080482483,0.3826116919517517,1.7320507764816284,0.46645092964172363,0.5335490703582764,2.6457512378692627,0.19687992334365845,0.8031200766563416
survset:UnempDur,RDSurv,10,51,2977,4.582575798034668,0,1.4142135381698608,0.6357370615005493,0.3642629384994507,1.7320507764816284,0.48574650287628174,0.5142534971237183,2.6457512378692627,0.2105945348739624,0.7894054651260376
survset:UnempDur,RDSurv,10,51,1998,3.316624879837036,0,1.4142135381698608,0.8878884315490723,0.11211156845092773,1.7320507764816284,0.7974512577056885,0.20254874229431152,2.6457512378692627,0.5254861116409302,0.4745138883590698
survset:UnempDur,RDSurv,10,51,2018,1.0,1,1.4142135381698608,0.5220001339912415,0.47799986600875854,1.7320507764816284,0.3715885877609253,0.6284114122390747,2.6457512378692627,0.13647964596748352,0.8635203540325165
survset:UnempDur,RDSurv,10,51,1436,1.0,1,1.4142135381698608,0.880042552947998,0.11995744705200195,1.7320507764816284,0.7859293818473816,0.2140706181526184,2.6457512378692627,0.5094748735427856,0.49052512645721436
survset:UnempDur,RDSurv,10,51,307,1.4142135381698608,0,1.4142135381698608,0.6219341158866882,0.37806588411331177,1.7320507764816284,0.47119808197021484,0.5288019180297852,2.6457512378692627,0.20020681619644165,0.7997931838035583
survset:UnempDur,RDSurv,10,51,1351,3.1622776985168457,0,1.4142135381698608,0.9620612859725952,0.037938714027404785,1.7320507764816284,0.9180843830108643,0.08191561698913574,2.6457512378692627,0.7335801124572754,0.2664198875427246
survset:UnempDur,RDSurv,10,51,2758,1.4142135381698608,1,1.4142135381698608,0.7320914268493652,0.26790857315063477,1.7320507764816284,0.5934107899665833,0.40658921003341675,2.6457512378692627,0.2972603142261505,0.7027396857738495
survset:UnempDur,RDSurv,10,51,2648,2.6457512378692627,0,1.4142135381698608,0.7036151885986328,0.2963848114013672,1.7320507764816284,0.5604080557823181,0.4395919442176819,2.6457512378692627,0.26874256134033203,0.731257438659668
survset:UnempDur,RDSurv,10,51,580,4.795831680297852,1,1.4142135381698608,0.8811740875244141,0.11882591247558594,1.7320507764816284,0.7875801920890808,0.2124198079109192,2.6457512378692627,0.5117387771606445,0.48826122283935547
survset:UnempDur,RDSurv,10,51,2604,3.872983455657959,0,1.4142135381698608,0.9517062902450562,0.04829370975494385,1.7320507764816284,0.8995171785354614,0.10048282146453857,2.6457512378692627,0.6950377225875854,0.30496227741241455
survset:UnempDur,RDSurv,10,51,835,2.2360680103302,1,1.4142135381698608,0.8975735902786255,0.10242640972137451,1.7320507764816284,0.8119279146194458,0.1880720853805542,2.6457512378692627,0.5463318228721619,0.45366817712783813
survset:UnempDur,RDSurv,10,51,27,2.2360680103302,0,1.4142135381698608,0.9590939283370972,0.04090607166290283,1.7320507764816284,0.9126800298690796,0.08731997013092041,2.6457512378692627,0.7220090627670288,0.2779909372329712
survset:UnempDur,RDSurv,10,51,3083,1.4142135381698608,1,1.4142135381698608,0.5916923880577087,0.40830761194229126,1.7320507764816284,0.4400184452533722,0.5599815547466278,2.6457512378692627,0.17890486121177673,0.8210951387882233
survset:UnempDur,RDSurv,10,51,694,2.2360680103302,1,1.4142135381698608,0.9092431664466858,0.09075683355331421,1.7320507764816284,0.8297773599624634,0.17022264003753662,2.6457512378692627,0.57325279712677,0.42674720287323
survset:UnempDur,RDSurv,10,51,242,2.6457512378692627,1,1.4142135381698608,0.9012596011161804,0.09874039888381958,1.7320507764816284,0.8175159692764282,0.18248403072357178,2.6457512378692627,0.5546090602874756,0.4453909397125244
survset:UnempDur,RDSurv,10,51,2689,5.196152210235596,0,1.4142135381698608,0.7520978450775146,0.24790215492248535,1.7320507764816284,0.6172565221786499,0.3827434778213501,2.6457512378692627,0.3190557360649109,0.6809442639350891
survset:UnempDur,RDSurv,10,51,1986,3.0,1,1.4142135381698608,0.9047284126281738,0.09527158737182617,1.7320507764816284,0.8228162527084351,0.17718374729156494,2.6457512378692627,0.562585175037384,0.43741482496261597
survset:UnempDur,RDSurv,10,51,2930,2.6457512378692627,0,1.4142135381698608,0.9351949095726013,0.06480509042739868,1.7320507764816284,0.8713545799255371,0.1286454200744629,2.6457512378692627,0.6421432495117188,0.35785675048828125
survset:UnempDur,RDSurv,10,51,2812,2.0,1,1.4142135381698608,0.9130434989929199,0.08695650100708008,1.7320507764816284,0.8356943130493164,0.1643056869506836,2.6457512378692627,0.5824988484382629,0.41750115156173706
survset:UnempDur,RDSurv,10,51,723,2.0,1,1.4142135381698608,0.9443543553352356,0.055645644664764404,1.7320507764816284,0.8867824077606201,0.11321759223937988,2.6457512378692627,0.6703822016716003,0.32961779832839966
survset:UnempDur,RDSurv,10,51,491,3.605551242828369,1,1.4142135381698608,0.9593377113342285,0.040662288665771484,1.7320507764816284,0.913121223449707,0.08687877655029297,2.6457512378692627,0.7229423522949219,0.2770576477050781
survset:UnempDur,RDSurv,10,51,19,2.6457512378692627,0,1.4142135381698608,0.9657681584358215,0.03423184156417847,1.7320507764816284,0.9249416589736938,0.07505834102630615,2.6457512378692627,0.7487289905548096,0.25127100944519043
survset:UnempDur,RDSurv,10,51,2182,4.795831680297852,0,1.4142135381698608,0.9463887214660645,0.05361127853393555,1.7320507764816284,0.890272855758667,0.10972714424133301,2.6457512378692627,0.6770108938217163,0.3229891061782837
survset:UnempDur,RDSurv,10,51,2133,4.582575798034668,0,1.4142135381698608,0.8799383640289307,0.12006163597106934,1.7320507764816284,0.7857775688171387,0.21422243118286133,2.6457512378692627,0.5092671513557434,0.4907328486442566
survset:UnempDur,RDSurv,10,51,2729,1.4142135381698608,1,1.4142135381698608,0.8907628655433655,0.10923713445663452,1.7320507764816284,0.8017176389694214,0.1982823610305786,2.6457512378692627,0.5315425992012024,0.4684574007987976
survset:UnempDur,RDSurv,10,51,227,2.2360680103302,1,1.4142135381698608,0.7012979984283447,0.2987020015716553,1.7320507764816284,0.557768702507019,0.44223129749298096,2.6457512378692627,0.2665404677391052,0.7334595322608948
survset:UnempDur,RDSurv,10,51,42,2.2360680103302,1,1.4142135381698608,0.8965648412704468,0.10343515872955322,1.7320507764816284,0.8104064464569092,0.18959355354309082,2.6457512378692627,0.5441009402275085,0.45589905977249146
survset:UnempDur,RDSurv,10,51,2539,2.8284270763397217,0,1.4142135381698608,0.9225408434867859,0.07745915651321411,1.7320507764816284,0.8507252335548401,0.1492747664451599,2.6457512378692627,0.6067755222320557,0.39322447776794434
survset:UnempDur,RDSurv,10,51,645,1.0,1,1.4142135381698608,0.6918082237243652,0.30819177627563477,1.7320507764816284,0.5470293164253235,0.4529706835746765,2.6457512378692627,0.2576960325241089,0.7423039674758911
survset:UnempDur,RDSurv,10,51,1674,1.4142135381698608,1,1.4142135381698608,0.6982929706573486,0.30170702934265137,1.7320507764816284,0.554355800151825,0.44564419984817505,2.6457512378692627,0.26370978355407715,0.7362902164459229
survset:UnempDur,RDSurv,10,51,1427,2.2360680103302,1,1.4142135381698608,0.9037715196609497,0.09622848033905029,1.7320507764816284,0.82135009765625,0.17864990234375,2.6457512378692627,0.5603663325309753,0.43963366746902466
survset:UnempDur,RDSurv,10,51,982,1.4142135381698608,1,1.4142135381698608,0.9287045001983643,0.07129549980163574,1.7320507764816284,0.8606817126274109,0.1393182873725891,2.6457512378692627,0.6235291957855225,0.37647080421447754
survset:UnempDur,RDSurv,10,51,1903,1.0,1,1.4142135381698608,0.6121514439582825,0.38784855604171753,1.7320507764816284,0.4610089659690857,0.5389910340309143,2.6457512378692627,0.19310352206230164,0.8068964779376984
survset:UnempDur,RDSurv,10,51,1952,1.4142135381698608,0,1.4142135381698608,0.9288525581359863,0.07114744186401367,1.7320507764816284,0.8609230518341064,0.13907694816589355,2.6457512378692627,0.6239423751831055,0.37605762481689453
survset:UnempDur,RDSurv,10,51,1694,2.4494898319244385,1,1.4142135381698608,0.6553398966789246,0.34466010332107544,1.7320507764816284,0.5067636370658875,0.49323636293411255,2.6457512378692627,0.22612494230270386,0.7738750576972961
survset:UnempDur,RDSurv,10,51,2685,2.4494898319244385,0,1.4142135381698608,0.9202935099601746,0.07970649003982544,1.7320507764816284,0.847135603427887,0.15286439657211304,2.6457512378692627,0.600870668888092,0.39912933111190796
survset:UnempDur,RDSurv,10,51,395,1.7320507764816284,0,1.4142135381698608,0.9198289513587952,0.08017104864120483,1.7320507764816284,0.8463962078094482,0.15360379219055176,2.6457512378692627,0.5996628999710083,0.4003371000289917
survset:UnempDur,RDSurv,10,51,2768,1.0,1,1.4142135381698608,0.702508807182312,0.297491192817688,1.7320507764816284,0.5591469407081604,0.4408530592918396,2.6457512378692627,0.2676889896392822,0.7323110103607178
survset:UnempDur,RDSurv,10,51,1247,1.7320507764816284,0,1.4142135381698608,0.9274837970733643,0.07251620292663574,1.7320507764816284,0.858696460723877,0.14130353927612305,2.6457512378692627,0.6201431751251221,0.37985682487487793
survset:UnempDur,RDSurv,10,51,3014,2.2360680103302,0,1.4142135381698608,0.7808593511581421,0.2191406488418579,1.7320507764816284,0.652572751045227,0.34742724895477295,2.6457512378692627,0.3533289134502411,0.6466710865497589
survset:UnempDur,RDSurv,10,51,2545,2.0,1,1.4142135381698608,0.9679406881332397,0.032059311866760254,1.7320507764816284,0.9290199279785156,0.07098007202148438,2.6457512378692627,0.7580072283744812,0.2419927716255188
survset:UnempDur,RDSurv,10,51,1752,2.2360680103302,0,1.4142135381698608,0.9686883091926575,0.03131169080734253,1.7320507764816284,0.9304342269897461,0.0695657730102539,2.6457512378692627,0.7612745761871338,0.2387254238128662
survset:UnempDur,RDSurv,10,51,1342,1.0,1,1.4142135381698608,0.5712787508964539,0.42872124910354614,1.7320507764816284,0.41949236392974854,0.5805076360702515,2.6457512378692627,0.1655709147453308,0.8344290852546692
survset:UnempDur,RDSurv,10,51,900,2.2360680103302,0,1.4142135381698608,0.9137587547302246,0.08624124526977539,1.7320507764816284,0.8368138074874878,0.1631861925125122,2.6457512378692627,0.5842674374580383,0.41573256254196167
survset:UnempDur,RDSurv,10,51,589,4.0,0,1.4142135381698608,0.9192723631858826,0.08072763681411743,1.7320507764816284,0.8455114960670471,0.15448850393295288,2.6457512378692627,0.5982216596603394,0.40177834033966064
survset:UnempDur,RDSurv,10,51,3121,1.7320507764816284,1,1.4142135381698608,0.5057811737060547,0.4942188262939453,1.7320507764816284,0.3563131093978882,0.6436868906021118,2.6457512378692627,0.12777844071388245,0.8722215592861176
survset:UnempDur,RDSurv,10,51,1901,1.4142135381698608,1,1.4142135381698608,0.6612817049026489,0.3387182950973511,1.7320507764816284,0.5132188200950623,0.48678117990493774,2.6457512378692627,0.23102250695228577,0.7689774930477142
survset:UnempDur,RDSurv,10,51,134,2.0,0,1.4142135381698608,0.9868194460868835,0.013180553913116455,1.7320507764816284,0.9669708013534546,0.03302919864654541,2.6457512378692627,0.8575558662414551,0.14244413375854492
survset:UnempDur,RDSurv,10,51,1802,3.316624879837036,0,1.4142135381698608,0.901351809501648,0.09864819049835205,1.7320507764816284,0.8176563382148743,0.18234366178512573,2.6457512378692627,0.5548187494277954,0.4451812505722046
survset:UnempDur,RDSurv,10,51,2239,1.0,1,1.4142135381698608,0.9110169410705566,0.08898305892944336,1.7320507764816284,0.8325324058532715,0.16746759414672852,2.6457512378692627,0.5775370597839355,0.42246294021606445
survset:UnempDur,RDSurv,10,51,1750,1.7320507764816284,1,1.4142135381698608,0.7362833619117737,0.2637166380882263,1.7320507764816284,0.598360538482666,0.401639461517334,2.6457512378692627,0.3016996681690216,0.6983003318309784
survset:UnempDur,RDSurv,10,51,2123,2.4494898319244385,1,1.4142135381698608,0.9477648138999939,0.052235186100006104,1.7320507764816284,0.8926479816436768,0.10735201835632324,2.6457512378692627,0.6815757155418396,0.3184242844581604
survset:UnempDur,RDSurv,10,51,1648,2.0,1,1.4142135381698608,0.6589037179946899,0.34109628200531006,1.7320507764816284,0.5106305480003357,0.4893694519996643,2.6457512378692627,0.22905150055885315,0.7709484994411469
survset:UnempDur,RDSurv,10,51,2966,2.2360680103302,1,1.4142135381698608,0.6937305331230164,0.30626946687698364,1.7320507764816284,0.5491957664489746,0.4508042335510254,2.6457512378692627,0.25946536660194397,0.740534633398056
survset:UnempDur,RDSurv,10,51,2627,1.0,1,1.4142135381698608,0.7430468797683716,0.2569531202316284,1.7320507764816284,0.6063985228538513,0.3936014771461487,2.6457512378692627,0.30900251865386963,0.6909974813461304
survset:UnempDur,RDSurv,10,51,1356,1.0,1,1.4142135381698608,0.6213330626487732,0.3786669373512268,1.7320507764816284,0.4705691337585449,0.5294308662414551,2.6457512378692627,0.19976431131362915,0.8002356886863708
survset:UnempDur,RDSurv,10,51,1084,2.2360680103302,0,1.4142135381698608,0.9266826510429382,0.07331734895706177,1.7320507764816284,0.857397198677063,0.142602801322937,2.6457512378692627,0.6179397702217102,0.3820602297782898
survset:UnempDur,RDSurv,10,51,2462,1.0,1,1.4142135381698608,0.73545902967453,0.26454097032546997,1.7320507764816284,0.5973852872848511,0.4026147127151489,2.6457512378692627,0.30082154273986816,0.6991784572601318
survset:UnempDur,RDSurv,10,51,2655,3.1622776985168457,0,1.4142135381698608,0.9153555631637573,0.08464443683624268,1.7320507764816284,0.8393205404281616,0.16067945957183838,2.6457512378692627,0.5882498025894165,0.4117501974105835
survset:UnempDur,RDSurv,10,51,2300,1.7320507764816284,1,1.4142135381698608,0.9558055996894836,0.04419440031051636,1.7320507764816284,0.9067719578742981,0.0932280421257019,2.6457512378692627,0.7097010612487793,0.2902989387512207
survset:UnempDur,RDSurv,10,51,1843,2.2360680103302,0,1.4142135381698608,0.8990097641944885,0.10099023580551147,1.7320507764816284,0.814099907875061,0.18590009212493896,2.6457512378692627,0.5495331883430481,0.4504668116569519
survset:UnempDur,RDSurv,10,51,1305,4.582575798034668,0,1.4142135381698608,0.9290096163749695,0.07099038362503052,1.7320507764816284,0.861178994178772,0.13882100582122803,2.6457512378692627,0.6243810653686523,0.37561893463134766
survset:UnempDur,RDSurv,10,51,1649,1.4142135381698608,1,1.4142135381698608,0.571968674659729,0.428031325340271,1.7320507764816284,0.42017942667007446,0.5798205733299255,2.6457512378692627,0.16600865125656128,0.8339913487434387
survset:UnempDur,RDSurv,10,51,2954,1.7320507764816284,1,1.4142135381698608,0.9287066459655762,0.07129335403442383,1.7320507764816284,0.8606851696968079,0.13931483030319214,2.6457512378692627,0.6235350966453552,0.3764649033546448
survset:UnempDur,RDSurv,10,51,1307,4.123105525970459,0,1.4142135381698608,0.9480960369110107,0.05190396308898926,1.7320507764816284,0.8932214379310608,0.10677856206893921,2.6457512378692627,0.6826847195625305,0.3173152804374695
survset:UnempDur,RDSurv,10,51,126,2.6457512378692627,0,1.4142135381698608,0.9826616048812866,0.01733839511871338,1.7320507764816284,0.9581212997436523,0.041878700256347656,2.6457512378692627,0.8316395282745361,0.16836047172546387
survset:UnempDur,RDSurv,10,51,1362,3.872983455657959,1,1.4142135381698608,0.7099185585975647,0.2900814414024353,1.7320507764816284,0.5676222443580627,0.43237775564193726,2.6457512378692627,0.2748197615146637,0.7251802384853363
survset:UnempDur,RDSurv,10,51,657,3.316624879837036,1,1.4142135381698608,0.9378069639205933,0.06219303607940674,1.7320507764816284,0.8757085800170898,0.12429141998291016,2.6457512378692627,0.649945855140686,0.35005414485931396
survset:UnempDur,RDSurv,10,51,1267,2.6457512378692627,1,1.4142135381698608,0.761055588722229,0.238944411277771,1.7320507764816284,0.6281203031539917,0.3718796968460083,2.6457512378692627,0.32933682203292847,0.6706631779670715
survset:UnempDur,RDSurv,10,51,1667,1.7320507764816284,1,1.4142135381698608,0.47830507159233093,0.5216949284076691,1.7320507764816284,0.330971896648407,0.669028103351593,2.6457512378692627,0.1139366626739502,0.8860633373260498
survset:UnempDur,RDSurv,10,51,546,3.0,0,1.4142135381698608,0.9123639464378357,0.0876360535621643,1.7320507764816284,0.8346322774887085,0.1653677225112915,2.6457512378692627,0.5808269381523132,0.41917306184768677
survset:UnempDur,RDSurv,10,51,402,3.872983455657959,0,1.4142135381698608,0.9134478569030762,0.08655214309692383,1.7320507764816284,0.8363269567489624,0.1636730432510376,2.6457512378692627,0.5834975838661194,0.4165024161338806
survset:UnempDur,RDSurv,10,51,906,5.099019527435303,0,1.4142135381698608,0.9672020077705383,0.03279799222946167,1.7320507764816284,0.9276281595230103,0.07237184047698975,2.6457512378692627,0.7548171281814575,0.24518287181854248
survset:UnempDur,RDSurv,10,51,1868,1.0,1,1.4142135381698608,0.6006441712379456,0.39935582876205444,1.7320507764816284,0.44915035367012024,0.5508496463298798,2.6457512378692627,0.1850109100341797,0.8149890899658203
survset:UnempDur,RDSurv,10,51,2671,1.7320507764816284,0,1.4142135381698608,0.626690149307251,0.373309850692749,1.7320507764816284,0.4761880040168762,0.5238119959831238,2.6457512378692627,0.20373687148094177,0.7962631285190582
survset:UnempDur,RDSurv,10,51,979,2.8284270763397217,1,1.4142135381698608,0.6773451566696167,0.3226548433303833,1.7320507764816284,0.5308731198310852,0.4691268801689148,2.6457512378692627,0.24473267793655396,0.755267322063446
survset:UnempDur,RDSurv,10,51,792,1.4142135381698608,1,1.4142135381698608,0.6909233331680298,0.3090766668319702,1.7320507764816284,0.5460335612297058,0.4539664387702942,2.6457512378692627,0.256885290145874,0.743114709854126
survset:UnempDur,RDSurv,10,51,2179,2.6457512378692627,1,1.4142135381698608,0.9187416434288025,0.08125835657119751,1.7320507764816284,0.8446690440177917,0.15533095598220825,2.6457512378692627,0.5968530178070068,0.40314698219299316
survset:UnempDur,RDSurv,10,51,782,3.0,0,1.4142135381698608,0.923685610294342,0.07631438970565796,1.7320507764816284,0.852561891078949,0.14743810892105103,2.6457512378692627,0.6098239421844482,0.39017605781555176
survset:UnempDur,RDSurv,10,51,761,2.2360680103302,1,1.4142135381698608,0.9521527290344238,0.04784727096557617,1.7320507764816284,0.9003015756607056,0.09969842433929443,2.6457512378692627,0.6966003775596619,0.30339962244033813
survset:UnempDur,RDSurv,10,51,2317,1.4142135381698608,1,1.4142135381698608,0.8962926864624023,0.10370731353759766,1.7320507764816284,0.809996485710144,0.19000351428985596,2.6457512378692627,0.5435014963150024,0.45649850368499756
survset:UnempDur,RDSurv,10,51,2901,1.4142135381698608,1,1.4142135381698608,0.5076326727867126,0.49236732721328735,1.7320507764816284,0.35804489254951477,0.6419551074504852,2.6457512378692627,0.12875127792358398,0.871248722076416
survset:UnempDur,RDSurv,10,51,2424,1.4142135381698608,1,1.4142135381698608,0.9153691530227661,0.08463084697723389,1.7320507764816284,0.8393418788909912,0.1606581211090088,2.6457512378692627,0.5882838368415833,0.41171616315841675
survset:UnempDur,RDSurv,10,51,348,4.582575798034668,0,1.4142135381698608,0.7329815626144409,0.2670184373855591,1.7320507764816284,0.5944597721099854,0.40554022789001465,2.6457512378692627,0.29819750785827637,0.7018024921417236
survset:UnempDur,RDSurv,10,51,1845,2.4494898319244385,1,1.4142135381698608,0.91654372215271,0.08345627784729004,1.7320507764816284,0.8411922454833984,0.15880775451660156,2.6457512378692627,0.5912438035011292,0.40875619649887085
survset:UnempDur,RDSurv,10,51,1278,1.0,1,1.4142135381698608,0.9625576734542847,0.03744232654571533,1.7320507764816284,0.9189956188201904,0.08100438117980957,2.6457512378692627,0.7355620861053467,0.2644379138946533
survset:UnempDur,RDSurv,10,51,1909,3.605551242828369,1,1.4142135381698608,0.7251874208450317,0.27481257915496826,1.7320507764816284,0.5853107571601868,0.41468924283981323,2.6457512378692627,0.2900887727737427,0.7099112272262573
survset:UnempDur,RDSurv,10,51,2735,1.0,1,1.4142135381698608,0.6249474883079529,0.3750525116920471,1.7320507764816284,0.47435688972473145,0.5256431102752686,2.6457512378692627,0.20243749022483826,0.7975625097751617
survset:UnempDur,RDSurv,10,51,2830,2.4494898319244385,1,1.4142135381698608,0.6813133955001831,0.3186866044998169,1.7320507764816284,0.5352808833122253,0.46471911668777466,2.6457512378692627,0.24822929501533508,0.7517707049846649
survset:UnempDur,RDSurv,10,51,176,2.0,0,1.4142135381698608,0.6833654642105103,0.31663453578948975,1.7320507764816284,0.5375676155090332,0.4624323844909668,2.6457512378692627,0.2500550150871277,0.7499449849128723
survset:UnempDur,RDSurv,10,51,1118,2.0,0,1.4142135381698608,0.9355515241622925,0.06444847583770752,1.7320507764816284,0.8719470500946045,0.1280529499053955,2.6457512378692627,0.6431975960731506,0.35680240392684937
survset:UnempDur,RDSurv,10,51,2014,1.0,1,1.4142135381698608,0.6785158514976501,0.32148414850234985,1.7320507764816284,0.5321714878082275,0.46782851219177246,2.6457512378692627,0.24575957655906677,0.7542404234409332
survset:UnempDur,RDSurv,10,51,2835,2.2360680103302,1,1.4142135381698608,0.9252528548240662,0.07474714517593384,1.7320507764816284,0.8550854921340942,0.14491450786590576,2.6457512378692627,0.6140432357788086,0.3859567642211914
survset:UnempDur,RDSurv,10,51,1971,1.4142135381698608,0,1.4142135381698608,0.9361512064933777,0.06384879350662231,1.7320507764816284,0.8729445934295654,0.12705540657043457,2.6457512378692627,0.6449780464172363,0.35502195358276367
survset:UnempDur,RDSurv,10,51,2991,1.7320507764816284,0,1.4142135381698608,0.7343547940254211,0.26564520597457886,1.7320507764816284,0.5960803031921387,0.40391969680786133,2.6457512378692627,0.299649178981781,0.700350821018219
survset:UnempDur,RDSurv,10,51,2156,2.6457512378692627,0,1.4142135381698608,0.904050886631012,0.09594911336898804,1.7320507764816284,0.8217778205871582,0.1782221794128418,2.6457512378692627,0.5610126256942749,0.4389873743057251
survset:UnempDur,RDSurv,10,51,1235,4.690415859222412,0,1.4142135381698608,0.965802788734436,0.034197211265563965,1.7320507764816284,0.9250062704086304,0.07499372959136963,2.6457512378692627,0.7488744258880615,0.2511255741119385
survset:UnempDur,RDSurv,10,51,1126,2.6457512378692627,1,1.4142135381698608,0.9068984389305115,0.09310156106948853,1.7320507764816284,0.8261530995368958,0.17384690046310425,2.6457512378692627,0.5676709413528442,0.43232905864715576
survset:UnempDur,RDSurv,10,51,2669,4.0,1,1.4142135381698608,0.6994966864585876,0.30050331354141235,1.7320507764816284,0.5557215213775635,0.4442784786224365,2.6457512378692627,0.2648402452468872,0.7351597547531128
survset:UnempDur,RDSurv,10,51,1932,4.0,0,1.4142135381698608,0.9296134114265442,0.07038658857345581,1.7320507764816284,0.862164318561554,0.13783568143844604,2.6457512378692627,0.6260731220245361,0.37392687797546387
survset:UnempDur,RDSurv,10,51,3133,3.605551242828369,1,1.4142135381698608,0.9596019983291626,0.0403980016708374,1.7320507764816284,0.9136002063751221,0.08639979362487793,2.6457512378692627,0.7239576578140259,0.2760423421859741
survset:UnempDur,RDSurv,10,51,1771,3.464101552963257,0,1.4142135381698608,0.9844052195549011,0.015594780445098877,1.7320507764816284,0.9617879986763,0.03821200132369995,2.6457512378692627,0.842117428779602,0.15788257122039795
survset:UnempDur,RDSurv,10,51,2207,2.2360680103302,1,1.4142135381698608,0.915949821472168,0.08405017852783203,1.7320507764816284,0.8402559757232666,0.1597440242767334,2.6457512378692627,0.589743971824646,0.410256028175354
survset:UnempDur,RDSurv,10,51,2968,1.4142135381698608,1,1.4142135381698608,0.7268857955932617,0.2731142044067383,1.7320507764816284,0.5872974395751953,0.4127025604248047,2.6457512378692627,0.29183709621429443,0.7081629037857056
survset:UnempDur,RDSurv,10,51,2027,2.2360680103302,1,1.4142135381698608,0.8911701440811157,0.10882985591888428,1.7320507764816284,0.8023241758346558,0.19767582416534424,2.6457512378692627,0.5324093699455261,0.4675906300544739
survset:UnempDur,RDSurv,10,51,1474,1.7320507764816284,1,1.4142135381698608,0.9042778015136719,0.09572219848632812,1.7320507764816284,0.8221254348754883,0.17787456512451172,2.6457512378692627,0.5615385174751282,0.4384614825248718
survset:UnempDur,RDSurv,10,51,1577,1.4142135381698608,0,1.4142135381698608,0.880108118057251,0.11989188194274902,1.7320507764816284,0.7860249876976013,0.21397501230239868,2.6457512378692627,0.5096056461334229,0.49039435386657715
survset:UnempDur,RDSurv,10,51,1330,2.0,0,1.4142135381698608,0.9636683464050293,0.0363316535949707,1.7320507764816284,0.9210421442985535,0.07895785570144653,2.6457512378692627,0.7400476336479187,0.2599523663520813
survset:UnempDur,RDSurv,10,51,270,4.4721360206604,1,1.4142135381698608,0.9538389444351196,0.04616105556488037,1.7320507764816284,0.9032766819000244,0.09672331809997559,2.6457512378692627,0.7025768756866455,0.2974231243133545
survset:UnempDur,RDSurv,10,51,3213,2.6457512378692627,0,1.4142135381698608,0.8982728719711304,0.10172712802886963,1.7320507764816284,0.8129846453666687,0.1870153546333313,2.6457512378692627,0.5478869080543518,0.4521130919456482
survset:UnempDur,RDSurv,10,51,2555,2.2360680103302,0,1.4142135381698608,0.9286457896232605,0.0713542103767395,1.7320507764816284,0.8605861663818359,0.13941383361816406,2.6457512378692627,0.6233656406402588,0.3766343593597412
survset:UnempDur,RDSurv,10,51,1059,3.464101552963257,0,1.4142135381698608,0.9502134919166565,0.049786508083343506,1.7320507764816284,0.8969036936759949,0.10309630632400513,2.6457512378692627,0.6898693442344666,0.31013065576553345
survset:UnempDur,RDSurv,10,51,1056,1.4142135381698608,1,1.4142135381698608,0.905807375907898,0.09419262409210205,1.7320507764816284,0.8244733214378357,0.1755266785621643,2.6457512378692627,0.5651044845581055,0.43489551544189453
survset:UnempDur,RDSurv,10,51,1624,2.6457512378692627,1,1.4142135381698608,0.7316634654998779,0.26833653450012207,1.7320507764816284,0.5929067730903625,0.40709322690963745,2.6457512378692627,0.29681071639060974,0.7031892836093903
survset:UnempDur,RDSurv,10,51,630,1.0,1,1.4142135381698608,0.7522487640380859,0.24775123596191406,1.7320507764816284,0.617438554763794,0.38256144523620605,2.6457512378692627,0.31922614574432373,0.6807738542556763
survset:UnempDur,RDSurv,10,51,69,1.0,1,1.4142135381698608,0.9195851683616638,0.08041483163833618,1.7320507764816284,0.8460085988044739,0.15399140119552612,2.6457512378692627,0.5990309119224548,0.40096908807754517
survset:UnempDur,RDSurv,10,51,1360,3.0,1,1.4142135381698608,0.936590313911438,0.06340968608856201,1.7320507764816284,0.8736762404441833,0.12632375955581665,2.6457512378692627,0.6462880969047546,0.35371190309524536
survset:UnempDur,RDSurv,10,51,1806,3.605551242828369,0,1.4142135381698608,0.8022223114967346,0.19777768850326538,1.7320507764816284,0.6796652674674988,0.3203347325325012,2.6457512378692627,0.3813788890838623,0.6186211109161377
survset:UnempDur,RDSurv,10,51,1204,4.123105525970459,0,1.4142135381698608,0.9410381317138672,0.05896186828613281,1.7320507764816284,0.8811440467834473,0.11885595321655273,2.6457512378692627,0.6598672270774841,0.34013277292251587
survset:UnempDur,RDSurv,10,51,335,2.6457512378692627,0,1.4142135381698608,0.6304225921630859,0.36957740783691406,1.7320507764816284,0.4801208972930908,0.5198791027069092,2.6457512378692627,0.2065432071685791,0.7934567928314209
survset:UnempDur,RDSurv,10,51,2341,1.7320507764816284,0,1.4142135381698608,0.6569055914878845,0.3430944085121155,1.7320507764816284,0.5084607005119324,0.4915392994880676,2.6457512378692627,0.22740662097930908,0.7725933790206909
survset:UnempDur,RDSurv,10,51,1983,2.2360680103302,1,1.4142135381698608,0.9058982133865356,0.09410178661346436,1.7320507764816284,0.8246129155158997,0.17538708448410034,2.6457512378692627,0.5653172731399536,0.4346827268600464
survset:UnempDur,RDSurv,10,51,2583,1.7320507764816284,1,1.4142135381698608,0.9105924367904663,0.08940756320953369,1.7320507764816284,0.8318721055984497,0.1681278944015503,2.6457512378692627,0.5765069127082825,0.42349308729171753
