time,S_low,S_high
0.0,1.0,1.0
0.5,1.0,
1.8484227657318115,,1.0
1.8596594333648682,,1.0
2.0816659927368164,,0.9998116406102859
2.282177448272705,0.9998065015479876,
2.4748737812042236,,0.9996232812205689
2.5166115760803223,,0.9994349218308534
2.821051836013794,0.999613003095976,
2.92973256111145,0.999613003095976,
3.0550503730773926,,0.9994349218308534
3.214550256729126,0.999613003095976,
3.221024751663208,,0.9990581320393992
3.3541018962860107,,0.9990581320393992
3.360307455062866,0.999613003095976,
3.5118844509124756,0.999613003095976,
3.5178117752075195,0.999613003095976,
3.5648748874664307,0.999613003095976,
3.570714235305786,0.999613003095976,
3.5765440464019775,0.999613003095976,
3.640054941177368,0.999613003095976,0.9988697016108737
3.6514837741851807,0.999613003095976,
3.758324146270752,,0.9986812711823484
3.889087200164795,0.999613003095976,
4.031128883361816,,0.9986812711823484
4.163331985473633,,0.9984928051942025
4.296316146850586,0.999613003095976,
4.3011627197265625,0.999613003095976,
4.3108391761779785,0.999613003095976,
4.315669059753418,0.999613003095976,
4.3827314376831055,,0.9984928051942025
4.387482166290283,,0.9984928051942025
4.392228126525879,,0.9983040541913308
4.41588020324707,,0.9981153031884593
4.509249687194824,0.999613003095976,
4.5230889320373535,,0.9979265521855862
4.536885738372803,,0.9979265521855862
4.56435489654541,0.9994179947067647,
4.605250835418701,,0.9977377654749953
4.636809349060059,,0.9977377654749953
4.645786762237549,0.9994179947067647,
4.663689613342285,,0.9975489430364118
4.685972213745117,,0.9973601205978289
4.932882785797119,0.9992229482597101,0.9971712981592463
4.949747562408447,,0.9971712981592463
4.9749369621276855,,0.9971712981592463
5.024937629699707,0.9992229482597101,
5.127540111541748,0.9990278637325207,0.9971712981592463
5.212165355682373,,0.9971712981592463
5.220153331756592,,0.9971712981592463
5.224142551422119,,0.9971712981592463
5.228128910064697,0.9990278637325207,
5.236092567443848,0.9990278637325207,0.9971712981592463
5.24006986618042,0.9990278637325207,
5.244044303894043,,0.9971712981592463
5.248015403747559,,0.9971712981592463
5.315073013305664,0.9990278637325207,
5.435224533081055,,0.9971712981592463
5.590169906616211,0.9990278637325207,
5.593895435333252,0.9990278637325207,0.9971712981592463
5.597618579864502,0.9990278637325207,
5.601339340209961,0.9990278637325207,0.9971712981592463
5.612485885620117,0.9990278637325207,
5.616196632385254,0.9990278637325207,
5.682575702667236,0.9990278637325207,0.9971712981592463
5.6862406730651855,,0.9971712981592463
5.689903259277344,,0.9971712981592463
5.780714988708496,,0.9971712981592463
5.784317970275879,0.9990278637325207,
5.852349758148193,,0.9969811434494539
5.916079998016357,,0.9967909887396594
5.923118591308594,0.9990278637325207,
5.95119047164917,,0.9966008340298651
5.954689979553223,,0.9966008340298651
6.075908660888672,,0.9964106430310053
6.079336643218994,,0.9964106430310053
6.254998207092285,,0.9964106430310053
6.258327960968018,,0.9964106430310053
6.261655807495117,0.9990278637325207,0.9964106430310053
6.264982223510742,0.9990278637325207,0.9964106430310053
6.268306732177734,0.9990278637325207,
6.278269290924072,,0.9962200153969826
6.422616481781006,0.9990278637325207,
6.585969924926758,,0.9960293877629615
6.63638973236084,0.9990278637325207,
6.78233003616333,,0.9958387601289399
6.785400867462158,,0.9956481324949182
6.797670841217041,,0.9954575048608961
6.803798198699951,0.9990278637325207,0.9954575048608961
6.8708319664001465,0.9988302321076473,
7.005949974060059,,0.9954575048608961
7.008923053741455,,0.9954575048608961
7.011894702911377,,0.9954575048608961
7.088723659515381,,0.9954575048608961
7.153088092803955,,0.9954575048608961
7.155999660491943,,0.9954575048608961
7.173446178436279,,0.9954575048608961
7.176350116729736,,0.9954575048608961
7.219764709472656,,0.9954575048608961
7.222649574279785,,0.9954575048608961
7.225533485412598,0.9988302321076473,0.9954575048608961
7.2284159660339355,0.9988302321076473,0.9954575048608961
7.231297969818115,0.9988302321076473,0.9954575048608961
7.234178066253662,,0.9954575048608961
7.237057209014893,,0.9954575048608961
7.239935398101807,,0.9954575048608961
7.242812633514404,,0.9954575048608961
7.245688438415527,,0.9954575048608961
7.2629194259643555,,0.9952580543490036
7.29725980758667,0.9988302321076473,
7.300114154815674,,0.9952580543490036
7.302967548370361,,0.9952580543490036
7.36545991897583,0.9988302321076473,
7.368288040161133,0.9988302321076473,
7.371114730834961,0.9988302321076473,
7.5,0.9986318152955476,
7.502777576446533,,0.9950585238649725
7.563619136810303,0.9986318152955476,
7.585622310638428,,0.9948589933809403
7.626707553863525,,0.9948589933809403
7.629438400268555,,0.9948589933809403
7.694694995880127,,0.9946593828284964
7.702813148498535,,0.9944597722760516
7.762087345123291,,0.9944597722760516
7.764770984649658,,0.9944597722760516
7.836878776550293,0.9986318152955476,
7.892507076263428,0.9986318152955476,
7.958224296569824,,0.9944597722760516
8.059673309326172,,0.9942598004738656
8.082903861999512,,0.9942598004738656
8.085480690002441,0.9984332801434005,
8.090632438659668,,0.9942598004738656
8.093207359313965,,0.9942598004738656
8.095780372619629,,0.9942598004738656
8.14452838897705,,0.9942598004738656
8.147085189819336,,0.9942598004738656
8.15219783782959,,0.9942598004738656
8.164965629577637,,0.9942598004738656
8.195527076721191,,0.9942598004738656
8.200610160827637,,0.9940585740418735
8.208227157592773,0.998234744991255,
8.25631046295166,,0.9940585740418735
8.258833885192871,,0.9940585740418735
8.26135540008545,,0.9940585740418735
8.263876914978027,,0.9938563240776727
8.273955345153809,,0.9938563240776727
8.276473045349121,,0.9938563240776727
8.278989791870117,,0.9938563240776727
8.319154739379883,,0.9938563240776727
8.32165813446045,,0.9938563240776727
8.339164733886719,,0.9938563240776727
8.359127044677734,0.998234744991255,
8.381526947021484,,0.9938563240776727
8.443439483642578,,0.9938563240776727
8.445906639099121,,0.9938563240776727
8.480369567871094,,0.9938563240776727
8.482826232910156,,0.9938563240776727
8.490190505981445,,0.9936515741139138
8.502450942993164,,0.9936515741139138
8.504900932312012,,0.9936515741139138
8.507349967956543,,0.9936515741139138
8.509798049926758,,0.9936515741139138
8.512246131896973,,0.9936515741139138
8.563488960266113,0.998234744991255,0.9936515741139138
8.56592082977295,,0.9936515741139138
8.585355758666992,,0.9936515741139138
8.60716724395752,0.998234744991255,
8.609587669372559,0.998234744991255,
8.616844177246094,,0.9936515741139138
8.619260787963867,,0.9936515741139138
8.667468070983887,0.998234744991255,
8.66987133026123,0.998234744991255,0.9936515741139138
8.674675941467285,,0.9936515741139138
8.732124328613281,0.998234744991255,0.9936515741139138
8.73451042175293,0.998234744991255,0.9936515741139138
8.748808860778809,,0.9936515741139138
8.76070785522461,,0.9936515741139138
8.76308536529541,,0.9936515741139138
8.777338027954102,,0.9936515741139138
8.784456253051758,,0.9936515741139138
8.786827087402344,,0.9936515741139138
8.796305656433105,,0.9936515741139138
8.798673629760742,,0.9934438276004041
8.801041603088379,,0.9934438276004041
8.876466751098633,0.998035416967097,
8.878813743591309,,0.9932360376343722
8.904586791992188,,0.9932360376343722
8.906926155090332,,0.9932360376343722
8.965210914611816,,0.9930278556939748
9.006941795349121,0.998035416967097,
9.009254455566406,,0.9930278556939748
9.011567115783691,0.998035416967097,
9.016188621520996,0.998035416967097,
9.020809173583984,,0.9930278556939748
9.023118019104004,,0.9930278556939748
9.115006446838379,,0.992819017028214
9.183318138122559,0.998035416967097,
9.2240629196167,,0.992819017028214
9.284844398498535,0.998035416967097,
9.385272026062012,,0.992819017028214
9.55684757232666,0.998035416967097,
9.596006393432617,0.998035416967097,
9.602517127990723,,0.992819017028214
9.604686737060547,,0.992819017028214
9.723254203796387,0.9978358098837031,
9.848857879638672,,0.992819017028214
9.850973129272461,,0.992819017028214
9.855201721191406,,0.992819017028214
9.857315063476562,,0.992819017028214
9.859428405761719,0.9978358098837031,0.992819017028214
9.861541748046875,0.9978358098837031,0.992819017028214
9.886859893798828,,0.992819017028214
9.912114143371582,,0.9926084509588542
9.922616958618164,0.9976359629359984,
9.956153869628906,0.9976359629359984,
9.958246231079102,0.9976359629359984,
9.974968910217285,,0.992397884889495
10.066446304321289,0.9976359629359984,
10.070584297180176,,0.9919767527507766
10.1118745803833,0.9976359629359984,
10.163250923156738,,0.9917661866814184
10.208248138427734,,0.9915556206120592
10.257111549377441,,0.9913450545427007
10.25914192199707,0.9976359629359984,
10.267261505126953,,0.9913450545427007
10.440306663513184,,0.991134354212298
10.458250045776367,,0.991134354212298
10.46024227142334,,0.991134354212298
10.52180290222168,,0.991134354212298
10.537631034851074,,0.991134354212298
10.543560028076172,,0.991134354212298
10.545536041259766,,0.991134354212298
10.547511100769043,,0.991134354212298
10.54948616027832,,0.991134354212298
10.551461219787598,,0.991134354212298
10.55540943145752,0.9976359629359984,
10.63994026184082,,0.991134354212298
10.641898155212402,,0.991134354212298
10.643856048583984,,0.991134354212298
10.647769927978516,,0.991134354212298
10.649725914001465,,0.991134354212298
10.68097972869873,0.9976359629359984,
10.72186279296875,0.9976359629359984,
10.72380542755127,0.9976359629359984,0.991134354212298
10.725748062133789,0.9976359629359984,
10.727689743041992,0.9976359629359984,0.991134354212298
10.729631423950195,0.9976359629359984,0.991134354212298
10.731573104858398,0.9976359629359984,
10.733514785766602,,0.9909190774194632
10.739336013793945,,0.9907038006266288
10.778063774108887,,0.9907038006266288
10.779996871948242,,0.9907038006266288
10.78579330444336,0.9976359629359984,
10.787724494934082,,0.9907038006266288
10.832051277160645,,0.9907038006266288
10.839741706848145,,0.9907038006266288
10.866615295410156,0.9976359629359984,
10.87811279296875,0.9976359629359984,
10.922072410583496,,0.9907038006266288
10.933510780334473,,0.9907038006266288
10.939226150512695,,0.990488008032286
11.009466171264648,,0.990488008032286
11.013249397277832,,0.990488008032286
11.03592586517334,,0.9902721213696796
11.092414855957031,,0.9902721213696796
11.267579078674316,,0.9902721213696796
11.332107543945312,0.9974343388529481,
11.337621688842773,,0.9902721213696796
11.398099899291992,,0.9900560934199928
11.403581619262695,,0.9900560934199928
11.405407905578613,,0.9900560934199928
11.407234191894531,,0.9900560934199928
11.418187141418457,,0.9898395930715526
11.423659324645996,,0.9898395930715526
11.436418533325195,,0.9898395930715526
11.454620361328125,0.9972327147698965,
11.472793579101562,,0.9898395930715526
11.501811981201172,,0.9898395930715526
11.545201301574707,,0.9898395930715526
11.663690567016602,,0.9896228556962349
11.710038185119629,0.9972327147698965,0.9896228556962349
11.711817741394043,0.9972327147698965,0.9896228556962349
11.71359634399414,,0.9896228556962349
11.715374946594238,,0.9896228556962349
11.749114036560059,0.9972327147698965,
11.750885963439941,,0.9894049730771922
11.75443172454834,,0.9894049730771922
11.757975578308105,0.9972327147698965,
11.761519432067871,,0.9891870424663819
11.76860237121582,0.9970306003161536,
11.968708992004395,,0.9891870424663819
11.982625961303711,,0.9889686788808485
12.00867748260498,,0.9889686788808485
12.010412216186523,,0.9889686788808485
12.012146949768066,0.9970306003161536,0.9889686788808485
12.013880729675293,0.9970306003161536,0.9889686788808485
12.04332447052002,0.9970306003161536,
12.048513412475586,,0.9889686788808485
12.050241470336914,,0.9889686788808485
12.053699493408203,,0.9889686788808485
12.083045959472656,,0.9889686788808485
12.086493492126465,,0.9889686788808485
12.189476013183594,,0.9887459883429344
12.259350776672363,,0.9885232978050191
12.2949857711792,0.9968281575546684,
12.29837417602539,,0.9885232978050191
12.300067901611328,,0.9885232978050191
12.32713794708252,0.9968281575546684,
12.340651512145996,,0.9885232978050191
12.342338562011719,,0.9885232978050191
12.382783889770508,0.9968281575546684,0.9885232978050191
12.384466171264648,0.9968281575546684,0.9885232978050191
12.423096656799316,0.9966255090168441,
12.428126335144043,,0.9885232978050191
12.48666000366211,0.9966255090168441,0.9885232978050191
12.539936065673828,0.9966255090168441,0.9885232978050191
12.543258666992188,,0.9885232978050191
12.54491901397705,,0.9885232978050191
12.54658031463623,,0.9885232978050191
12.568147659301758,,0.9885232978050191
12.569805145263672,,0.9885232978050191
12.576433181762695,,0.9885232978050191
12.578088760375977,0.9966255090168441,0.9885232978050191
12.581401824951172,,0.9885232978050191
12.583057403564453,,0.9885232978050191
12.584712982177734,,0.9885232978050191
12.58802318572998,,0.9885232978050191
12.602909088134766,,0.9885232978050191
12.604562759399414,0.9966255090168441,
12.606215476989746,0.9966255090168441,
12.616127014160156,,0.9885232978050191
12.617777824401855,,0.9885232978050191
12.62108039855957,0.9966255090168441,
12.642520904541016,0.9966255090168441,
12.680365562438965,,0.9882949486948781
12.84036636352539,,0.9880665468116583
12.884099006652832,,0.9880665468116583
12.88571548461914,,0.9880665468116583
12.892180442810059,,0.9880665468116583
12.893796920776367,,0.987837084074359
12.89541244506836,,0.987837084074359
12.897027969360352,,0.987837084074359
12.919623374938965,,0.987837084074359
12.922847747802734,0.9966255090168441,0.9876055235764523
12.924460411071777,0.9966255090168441,0.9876055235764523
12.92768383026123,,0.9876055235764523
12.929295539855957,,0.9876055235764523
12.930906295776367,,0.9876055235764523
12.932517051696777,,0.9876055235764523
12.934127807617188,,0.9876055235764523
12.945398330688477,,0.9876055235764523
12.96790885925293,,0.9876055235764523
12.969515800476074,,0.9876055235764523
12.971121788024902,,0.9876055235764523
13.065539360046387,,0.9876055235764523
13.078289985656738,,0.9876055235764523
13.083067893981934,,0.9873682324847716
13.201956748962402,0.9966255090168441,
13.206690788269043,0.9964219914532307,
13.241349220275879,,0.9873682324847716
13.277487754821777,0.9964219914532307,
13.280625343322754,,0.9871305415284691
13.344786643981934,0.9964219914532307,
13.34634780883789,0.9964219914532307,
13.37441635131836,,0.9868928505721639
13.380645751953125,0.9964219914532307,
13.3822021484375,0.9964219914532307,
13.393095016479492,,0.9868928505721639
13.39465045928955,,0.9868928505721639
13.397761344909668,,0.9866548730340462
13.413302421569824,,0.9866548730340462
13.42261791229248,0.9964219914532307,0.9866548730340462
13.424169540405273,0.9964219914532307,0.9866548730340462
13.427273750305176,0.9964219914532307,
13.428824424743652,0.9964219914532307,0.9866548730340462
13.456720352172852,0.9964219914532307,
13.458269119262695,0.9964219914532307,
13.459816932678223,0.9964219914532307,
13.46136474609375,0.9964219914532307,0.9866548730340462
13.462911605834961,0.9964219914532307,
13.4660062789917,,0.9866548730340462
13.470646858215332,0.9964219914532307,
13.476832389831543,,0.9866548730340462
13.492281913757324,,0.9866548730340462
13.495369911193848,,0.9864163201150357
13.510798454284668,,0.9864163201150357
13.527749061584473,,0.9864163201150357
13.538525581359863,,0.9861776517578813
13.540063858032227,,0.9861776517578813
13.57233715057373,,0.9861776517578813
13.601470947265625,,0.9861776517578813
13.610657691955566,0.9964219914532307,
13.612188339233398,0.9964219914532307,
13.615248680114746,0.9964219914532307,
13.618309020996094,0.9964219914532307,
13.61983871459961,0.9964219914532307,
13.635126113891602,0.9964219914532307,
13.644290924072266,,0.9861776517578813
13.648870468139648,0.9964219914532307,
13.650396347045898,0.9964219914532307,
13.651923179626465,0.9964219914532307,
13.658025741577148,,0.9861776517578813
13.686976432800293,,0.9861776517578813
13.691542625427246,0.9964219914532307,
13.693063735961914,0.9964219914532307,
13.723459243774414,,0.9861776517578813
13.752272605895996,,0.9859385783877569
13.788581848144531,,0.9859385783877569
13.805191993713379,0.9964219914532307,
13.830822944641113,,0.9856994470323384
13.87143325805664,0.9964219914532307,
13.883443832397461,,0.9854603156769196
13.907432556152344,0.9964219914532307,
13.938855171203613,,0.9854603156769196
13.947819709777832,0.9964219914532307,
13.96125602722168,,0.9852211262799113
13.974679946899414,0.9964219914532307,
13.97616958618164,0.9964219914532307,
13.997023582458496,0.9964219914532307,
13.99851131439209,0.9964219914532307,
14.038637161254883,,0.9852211262799113
14.046055793762207,,0.9852211262799113
14.060879707336426,,0.9852211262799113
14.146553993225098,0.9964219914532307,
14.148027420043945,0.9964219914532307,
14.14949893951416,0.9964219914532307,
14.156859397888184,,0.9852211262799113
14.252192497253418,,0.9852211262799113
14.271183013916016,,0.9852211262799113
14.288690567016602,0.9964219914532307,0.9852211262799113
14.29306411743164,,0.9852211262799113
14.365757942199707,0.9964219914532307,
14.367208480834961,0.9964219914532307,
14.368658065795898,0.9964219914532307,
14.370107650756836,0.9964219914532307,
14.436643600463867,,0.9852211262799113
14.475554466247559,,0.9852211262799113
14.494251251220703,,0.9852211262799113
14.511489868164062,,0.9852211262799113
14.56737232208252,0.9964219914532307,
14.573091506958008,,0.9849812380095732
14.604508399963379,0.9964219914532307,
14.605935096740723,0.9964219914532307,
14.624465942382812,,0.9849812380095732
14.631587028503418,0.9964219914532307,
14.634434700012207,,0.9849812380095732
14.635857582092285,,0.9849812380095732
14.63728141784668,0.9964219914532307,
14.638704299926758,0.9964219914532307,
14.64439582824707,0.9964219914532307,
14.645818710327148,0.9964219914532307,
14.661457061767578,,0.9847411743395733
14.667140007019043,0.9964219914532307,
14.668560981750488,0.9964219914532307,
14.6699800491333,0.9964219914532307,
14.671401023864746,0.9964219914532307,0.9847411743395733
14.677080154418945,,0.9845009935653446
14.691267013549805,0.9964219914532307,
14.699772834777832,0.9964219914532307,
14.704024314880371,0.9964219914532307,0.9845009935653446
14.70544147491455,0.9964219914532307,
14.706857681274414,0.9964219914532307,
14.71110725402832,0.9964219914532307,
14.743642807006836,,0.9845009935653446
14.787382125854492,0.9964219914532307,
14.788790702819824,0.9964219914532307,
14.809906005859375,0.9964219914532307,
14.838014602661133,,0.9842606955439701
14.853450775146484,0.9964219914532307,
14.866068840026855,,0.9840203975225973
14.875875473022461,0.9964219914532307,0.9840203975225973
14.877275466918945,0.9964219914532307,0.9840203975225973
14.878676414489746,0.9964219914532307,
14.88007640838623,,0.9840203975225973
14.8828763961792,0.9964219914532307,
14.884276390075684,0.9964219914532307,
14.90665340423584,0.9964219914532307,
14.908051490783691,0.9964219914532307,
14.910845756530762,0.9964219914532307,
14.912242889404297,0.9964219914532307,
14.913640022277832,0.9964219914532307,
14.916434288024902,,0.9840203975225973
14.937369346618652,,0.9840203975225973
14.938763618469238,0.9964219914532307,
14.941553115844727,0.9964219914532307,
14.942947387695312,0.9964219914532307,
14.944340705871582,,0.9840203975225973
14.974979400634766,0.9964219914532307,
14.976370811462402,0.9964219914532307,
15.005555152893066,0.9964219914532307,
15.02220630645752,0.9964219914532307,
15.054069519042969,0.9964219914532307,
15.066518783569336,,0.9840203975225973
15.085865020751953,,0.9837795112563735
15.088626861572266,,0.9835386249901504
15.091388702392578,0.9964219914532307,
15.10380744934082,0.9964219914532307,
15.10932445526123,0.9964219914532307,
15.110702514648438,0.9964219914532307,
15.127238273620605,,0.9832977387239261
15.142379760742188,0.9964219914532307,
15.143754959106445,0.9964219914532307,
15.14925765991211,0.9964219914532307,
15.150632858276367,0.9964219914532307,
15.16712474822998,0.9964219914532307,
15.168498039245605,0.9964219914532307,
15.17261791229248,0.9964219914532307,
15.173991203308105,0.9964219914532307,
15.175363540649414,0.9964219914532307,
15.176736831665039,0.9964219914532307,
15.178109169006348,0.9964219914532307,
15.179481506347656,0.9964219914532307,
15.180853843688965,0.9964219914532307,
15.182226181030273,0.9964219914532307,
15.183598518371582,0.9964219914532307,
15.18497085571289,0.9964219914532307,
15.200055122375488,,0.9832977387239261
15.205535888671875,,0.9832977387239261
15.20690631866455,0.9964219914532307,
15.208276748657227,0.9964219914532307,
15.237016677856445,,0.9832977387239261
15.239750862121582,,0.9832977387239261
15.250682830810547,,0.9832977387239261
15.299781799316406,,0.9832977387239261
15.305228233337402,0.9964219914532307,
15.306589126586914,0.9964219914532307,
15.312031745910645,,0.9832977387239261
15.332427024841309,0.9964219914532307,
15.341936111450195,0.9964219914532307,0.9832977387239261
15.343294143676758,0.9964219914532307,
15.346009254455566,0.9964219914532307,
15.347367286682129,0.9964219914532307,
15.359579086303711,0.9964219914532307,0.9832977387239261
15.36093521118164,,0.9832977387239261
15.36500358581543,0.9964219914532307,
15.370426177978516,0.9964219914532307,
15.371781349182129,,0.9832977387239261
15.374491691589355,,0.9832977387239261
15.397510528564453,0.9964219914532307,
15.429948806762695,0.9964219914532307,
15.463666915893555,,0.9830556664101094
15.465014457702637,,0.9830556664101094
15.475787162780762,,0.9828135344725698
15.533565521240234,0.9964219914532307,
15.564382553100586,0.9964219914532307,
15.56572151184082,0.9964219914532307,0.9828135344725698
15.567059516906738,0.9964219914532307,
15.568397521972656,,0.9828135344725698
15.592466354370117,0.9964219914532307,
15.597809791564941,0.9964219914532307,
15.59914493560791,0.9964219914532307,
15.625833511352539,0.9964219914532307,
15.627166748046875,0.9964219914532307,
15.628499984741211,,0.9828135344725698
15.635163307189941,0.9964219914532307,
15.647150993347168,0.9964219914532307,
15.648482322692871,0.9964219914532307,
15.655137062072754,0.9964219914532307,
15.66312026977539,,0.9828135344725698
15.668439865112305,,0.9825711636872512
15.69102668762207,,0.9825711636872512
15.692355155944824,,0.9825711636872512
15.697664260864258,,0.9825711636872512
15.71225643157959,,0.9825711636872512
15.726834297180176,,0.9823284936048399
15.754629135131836,0.9964219914532307,
15.75859546661377,0.9964219914532307,
15.759917259216309,0.9964219914532307,
15.765204429626465,,0.9823284936048399
15.767847061157227,0.9964219914532307,
15.790291786193848,0.9964219914532307,
15.792930603027344,0.9964219914532307,
15.794249534606934,0.9964219914532307,
15.821925163269043,0.9964219914532307,
15.8232421875,0.9964219914532307,0.9823284936048399
15.824559211730957,0.9964219914532307,
15.852182388305664,0.9964219914532307,
15.854809761047363,,0.9820857035668754
15.857438087463379,0.9964219914532307,0.9820857035668754
15.85875129699707,0.9964219914532307,
15.871883392333984,,0.9820857035668754
15.883691787719727,0.9964219914532307,
15.885003089904785,0.9964219914532307,0.9820857035668754
15.980456352233887,0.9964219914532307,0.9820857035668754
15.98176097869873,0.9964219914532307,0.9820857035668754
15.983063697814941,0.9964219914532307,0.9820857035668754
16.00260353088379,0.9964219914532307,
16.019519805908203,0.9964219914532307,
16.022119522094727,0.9964219914532307,
16.03251838684082,0.9964219914532307,
16.044208526611328,,0.9818417071187834
16.045509338378906,0.9964219914532307,
16.04680633544922,0.9964219914532307,
16.063674926757812,0.9961716970569846,
16.11029624938965,,0.9818417071187834
16.121931076049805,,0.98159765002032
16.173538208007812,0.9961716970569846,
16.191560745239258,0.9961716970569846,
16.194135665893555,0.9961716970569846,
16.19542121887207,0.9961716970569846,
16.19670867919922,0.9961716970569846,
16.197994232177734,0.9961716970569846,
16.200565338134766,0.9961716970569846,
16.20185089111328,0.9961716970569846,0.98159765002032
16.2249813079834,0.9961716970569846,0.98159765002032
16.22626495361328,0.9961716970569846,
16.227548599243164,0.9961716970569846,0.98159765002032
16.228832244873047,0.9961716970569846,
16.23011589050293,0.9961716970569846,
16.24166488647461,0.9961716970569846,
16.254486083984375,0.9961716970569846,
16.255767822265625,0.9961716970569846,0.98159765002032
16.257049560546875,0.9961716970569846,
16.258331298828125,,0.98159765002032
16.280099868774414,0.9961716970569846,
16.28137969970703,0.9961716970569846,
16.28265953063965,0.9961716970569846,
16.2890567779541,0.9961716970569846,
16.29161262512207,0.9961716970569846,
16.294170379638672,,0.98159765002032
16.31078338623047,0.9961716970569846,
16.350332260131836,,0.98159765002032
16.388511657714844,,0.9813529236054556
16.430408477783203,0.9961716970569846,
16.431676864624023,0.9961716970569846,
16.43294334411621,0.9961716970569846,
16.43421173095703,0.9961716970569846,
16.43801498413086,0.9961716970569846,
16.439281463623047,0.9961716970569846,
16.460811614990234,0.9961716970569846,
16.474727630615234,0.9961716970569846,0.9813529236054556
16.47599220275879,0.9961716970569846,0.9813529236054556
16.48610496520996,,0.9813529236054556
16.492422103881836,,0.9813529236054556
16.497474670410156,0.9961716970569846,
16.506311416625977,0.9961716970569846,
16.508834838867188,,0.9813529236054556
16.57809829711914,0.9961716970569846,
16.69705581665039,0.9961716970569846,
16.704540252685547,0.9961716970569846,0.9813529236054556
16.712020874023438,0.9961716970569846,
16.713268280029297,0.9961716970569846,
16.71700668334961,0.9961716970569846,
16.744401931762695,0.9961716970569846,
16.770509719848633,,0.9813529236054556
16.77547836303711,0.9961716970569846,0.9813529236054556
16.828794479370117,0.9961716970569846,
16.830032348632812,0.9959113280823219,
16.860950469970703,0.9959113280823219,
16.87824058532715,0.9959113280823219,
16.881942749023438,,0.9813529236054556
16.883176803588867,0.9959113280823219,
16.889345169067383,0.9959113280823219,
16.890579223632812,0.9959113280823219,
16.891813278198242,0.9959113280823219,
16.89304542541504,0.9959113280823219,
16.904142379760742,0.9959113280823219,
16.906606674194336,0.9959113280823219,
16.907838821411133,0.9959113280823219,
16.913997650146484,0.9959113280823219,
16.91522979736328,,0.9811076466937817
16.916461944580078,,0.9811076466937817
16.917694091796875,,0.9811076466937817
16.920154571533203,0.9959113280823219,0.9808619397950352
16.92138671875,0.9959113280823219,0.9808619397950352
16.922618865966797,0.9959113280823219,0.9808619397950352
16.92384910583496,0.9959113280823219,
16.927541732788086,,0.9808619397950352
16.94353485107422,,0.9808619397950352
16.950910568237305,0.9959113280823219,
16.968107223510742,,0.9808619397950352
16.986513137817383,0.9959113280823219,
17.0,,0.9808619397950352
17.01347541809082,0.9959113280823219,
17.014699935913086,0.9959113280823219,
17.03183364868164,0.9959113280823219,
17.033056259155273,0.9959113280823219,
17.03917121887207,0.9959113280823219,
17.04283905029297,0.9959113280823219,0.9808619397950352
17.04405975341797,0.9959113280823219,
17.0452823638916,0.9959113280823219,
17.0575008392334,0.9956368967436392,
17.0587215423584,0.9956368967436392,
17.06116485595703,,0.9808619397950352
17.06482696533203,,0.9808619397950352
17.06604766845703,0.9956368967436392,0.9808619397950352
17.06726837158203,0.9956368967436392,0.9808619397950352
17.06848907470703,,0.9808619397950352
17.06970977783203,0.9956368967436392,
17.07093048095703,0.9956368967436392,
17.0831298828125,,0.9808619397950352
17.091665267944336,0.9956368967436392,
17.092884063720703,0.9956368967436392,
17.11237335205078,,0.9808619397950352
17.118459701538086,0.9956368967436392,
17.11967658996582,0.9956368967436392,0.9808619397950352
17.120893478393555,0.9956368967436392,0.9808619397950352
17.12211036682129,0.9956368967436392,0.9808619397950352
17.123327255249023,0.9956368967436392,
17.124544143676758,0.9956368967436392,0.9808619397950352
17.12575912475586,0.9956368967436392,0.9808619397950352
17.126977920532227,0.9956368967436392,0.9808619397950352
17.143997192382812,,0.9808619397950352
17.16343116760254,,0.9808619397950352
17.169498443603516,,0.9808619397950352
17.17435073852539,,0.9808619397950352
17.21433448791504,0.9956368967436392,
17.216754913330078,,0.9808619397950352
17.232479095458984,,0.9808619397950352
17.234895706176758,,0.9808619397950352
17.24214744567871,0.9956368967436392,
17.243356704711914,0.9956368967436392,
17.244564056396484,0.9956368967436392,
17.245771408081055,0.9956368967436392,
17.269916534423828,0.9956368967436392,0.9808619397950352
17.271121978759766,0.9956368967436392,
17.278358459472656,0.9953447497668937,
17.291616439819336,,0.9808619397950352
17.322914123535156,0.9953447497668937,
17.326520919799805,0.9953447497668937,0.9808619397950352
17.327722549438477,0.9953447497668937,
17.345748901367188,0.9953447497668937,0.9808619397950352
17.39971351623535,,0.9808619397950352
17.400909423828125,,0.9808619397950352
17.423643112182617,,0.9808619397950352
17.42483901977539,,0.9808619397950352
17.476173400878906,,0.9808619397950352
17.478557586669922,,0.9808619397950352
17.485708236694336,,0.9808619397950352
17.492855072021484,0.9953447497668937,
17.501190185546875,0.9953447497668937,
17.50238037109375,0.9953447497668937,
17.503570556640625,0.9953447497668937,
17.505950927734375,0.9953447497668937,
17.50714111328125,0.9953447497668937,0.9808619397950352
17.508331298828125,0.9953447497668937,
17.529735565185547,0.9953447497668937,0.9808619397950352
17.530925750732422,0.9953447497668937,
17.532114028930664,0.9953447497668937,
17.63637351989746,,0.9808619397950352
17.639917373657227,,0.9808619397950352
17.64227867126465,0.9953447497668937,
17.64345932006836,0.9953447497668937,
17.64463996887207,0.9953447497668937,
17.649362564086914,,0.9808619397950352
17.66705894470215,,0.9808619397950352
17.668237686157227,0.9953447497668937,0.9808619397950352
17.670597076416016,0.9953447497668937,
17.671775817871094,0.9953447497668937,
17.756454467773438,,0.9806100492095713
17.789276123046875,,0.9806100492095713
17.816190719604492,0.9953447497668937,
17.822036743164062,,0.9803580939040193
17.854738235473633,0.9953447497668937,
17.862903594970703,0.9953447497668937,
17.895530700683594,,0.9803580939040193
17.901350021362305,,0.9803580939040193
17.942035675048828,,0.9803580939040193
17.953643798828125,,0.9803580939040193
17.954803466796875,,0.9803580939040193
17.955965042114258,,0.9803580939040193
17.957124710083008,,0.9803580939040193
17.98610496520996,,0.9801056195043539
18.033533096313477,0.9953447497668937,
18.040464401245117,0.9953447497668937,
18.04161834716797,0.9953447497668937,
18.04277229309082,0.9953447497668937,
18.071617126464844,,0.9801056195043539
18.072769165039062,,0.9801056195043539
18.083141326904297,0.9953447497668937,
18.093507766723633,,0.9801056195043539
18.09465789794922,,0.9801056195043539
18.11307144165039,0.9953447497668937,
18.125717163085938,,0.9801056195043539
18.202564239501953,,0.9801056195043539
18.20370864868164,,0.9801056195043539
18.225439071655273,0.9953447497668937,
18.22658348083496,0.9953447497668937,
18.22886848449707,0.9953447497668937,
18.230012893676758,0.9953447497668937,
18.231155395507812,0.9953447497668937,
18.234582901000977,0.9953447497668937,
18.23572540283203,0.9953447497668937,
18.251712799072266,0.9953447497668937,
18.256277084350586,0.995030066001555,
18.272247314453125,0.995030066001555,
18.273386001586914,0.995030066001555,
18.275667190551758,0.995030066001555,
18.2813663482666,0.995030066001555,
18.28250503540039,0.995030066001555,
18.28364372253418,0.995030066001555,
18.2847843170166,0.995030066001555,
18.28592300415039,0.995030066001555,
18.323482513427734,,0.9801056195043539
18.326892852783203,,0.9801056195043539
18.329166412353516,,0.9801056195043539
18.330303192138672,,0.9801056195043539
18.331439971923828,,0.9801056195043539
18.3382568359375,,0.9798510466161698
18.376842498779297,0.995030066001555,
18.38817596435547,,0.9798510466161698
18.42778778076172,0.995030066001555,
18.461671829223633,,0.9795964075707916
18.466184616088867,,0.9795964075707916
18.467313766479492,,0.9795964075707916
18.46957015991211,,0.9795964075707916
18.4706974029541,,0.9795964075707916
18.476335525512695,0.995030066001555,
18.485355377197266,,0.979340638273775
18.5,,0.9790848689767603
18.52363395690918,,0.9788290996797434
18.527008056640625,0.995030066001555,
18.57866096496582,0.995030066001555,
18.59995460510254,0.995030066001555,
18.601076126098633,0.995030066001555,
18.6077938079834,0.995030066001555,
18.60891342163086,0.995030066001555,
18.61003303527832,0.995030066001555,0.9788290996797434
18.61115264892578,0.995030066001555,0.9788290996797434
18.631290435791016,,0.9788290996797434
18.643587112426758,,0.9785730627716387
18.659223556518555,,0.9785730627716387
18.669269561767578,,0.9785730627716387
18.68265724182129,,0.9785730627716387
18.71385383605957,0.995030066001555,
18.727209091186523,,0.978316690473297
18.747222900390625,,0.9780603181749543
18.772764205932617,0.995030066001555,
18.79827117919922,,0.9780603181749543
18.802703857421875,0.995030066001555,0.9780603181749543
18.80381202697754,,0.9780603181749543
18.808242797851562,,0.9778022547664651
18.819316864013672,,0.9778022547664651
18.820423126220703,,0.9778022547664651
18.83148956298828,,0.9778022547664651
18.832595825195312,,0.9778022547664651
18.833702087402344,,0.9778022547664651
18.837020874023438,,0.9778022547664651
18.858022689819336,,0.9775429595517299
18.866857528686523,0.995030066001555,
18.878999710083008,,0.9775429595517299
18.881208419799805,,0.9775429595517299
18.897750854492188,,0.9775429595517299
18.898853302001953,,0.9775429595517299
18.91648292541504,0.995030066001555,
18.927494049072266,0.995030066001555,
18.98244857788086,0.995030066001555,
18.985740661621094,0.995030066001555,
18.98683738708496,0.995030066001555,
19.00986671447754,,0.9775429595517299
19.024106979370117,,0.9775429595517299
19.029582977294922,0.995030066001555,
19.030675888061523,0.995030066001555,
19.03177261352539,0.995030066001555,
19.032865524291992,0.995030066001555,
19.033960342407227,,0.9775429595517299
19.03505516052246,,0.9775429595517299
19.03724479675293,,0.9775429595517299
19.050371170043945,0.995030066001555,
19.05255889892578,0.995030066001555,
19.054746627807617,,0.9775429595517299
19.059118270874023,0.995030066001555,
19.060211181640625,0.995030066001555,
19.061304092407227,0.995030066001555,0.9775429595517299
19.062397003173828,0.995030066001555,
19.06458282470703,0.995030066001555,
19.065675735473633,0.995030066001555,
19.08533477783203,0.995030066001555,
19.08642578125,0.995030066001555,
19.108243942260742,,0.9772822814291836
19.146366119384766,0.995030066001555,
19.14745330810547,0.995030066001555,
19.151805877685547,,0.9772822814291836
19.162681579589844,0.995030066001555,
19.181154251098633,0.995030066001555,
19.182239532470703,0.995030066001555,
19.183326721191406,0.995030066001555,
19.184412002563477,0.995030066001555,
19.18984031677246,,0.9772822814291836
19.192012786865234,0.995030066001555,
19.193098068237305,0.995030066001555,
19.194183349609375,0.995030066001555,
19.195268630981445,0.995030066001555,
19.205034255981445,0.995030066001555,
19.206119537353516,,0.9772822814291836
19.207202911376953,0.995030066001555,0.9772822814291836
19.208288192749023,0.995030066001555,0.9772822814291836
19.21045684814453,0.995030066001555,0.9772822814291836
19.2115421295166,,0.9772822814291836
19.21371078491211,,0.9772822814291836
19.214794158935547,0.995030066001555,0.9772822814291836
19.215879440307617,,0.9772822814291836
19.216962814331055,,0.9772822814291836
19.22021484375,,0.9772822814291836
19.23430061340332,,0.9770180796769722
19.235383987426758,,0.9770180796769722
19.275415420532227,,0.9770180796769722
19.287302017211914,0.995030066001555,
19.316444396972656,,0.9770180796769722
19.348772048950195,,0.9770180796769722
19.349849700927734,,0.9770180796769722
19.35200309753418,,0.9770180796769722
19.36491584777832,0.995030066001555,
19.372446060180664,,0.9770180796769722
19.37352180480957,,0.9770180796769722
19.422924041748047,0.995030066001555,
19.427213668823242,,0.9770180796769722
19.463642120361328,,0.9767511348464603
19.5,,0.9764841900159471
19.514951705932617,,0.9762172451854338
19.516019821166992,,0.9762172451854338
19.517086029052734,0.995030066001555,
19.51922035217285,,0.9759496417739242
19.520288467407227,,0.9759496417739242
19.525623321533203,,0.9759496417739242
19.526691436767578,,0.9759496417739242
19.553346633911133,,0.9756813763418817
19.58102798461914,,0.9756813763418817
19.58209228515625,,0.9756813763418817
19.58953857421875,,0.9754122228587534
19.595918655395508,0.995030066001555,
19.605484008789062,,0.9754122228587534
19.60654640197754,,0.9754122228587534
19.607608795166016,,0.9754122228587534
19.616107940673828,0.995030066001555,
19.65430450439453,,0.975141500620935
19.658544540405273,,0.975141500620935
19.67972755432129,0.995030066001555,
19.698772430419922,,0.975141500620935
19.699831008911133,,0.975141500620935
19.70088768005371,,0.975141500620935
19.701946258544922,,0.975141500620935
19.71146011352539,0.995030066001555,
19.714630126953125,,0.975141500620935
19.715686798095703,0.995030066001555,0.975141500620935
19.71674346923828,,0.975141500620935
19.720970153808594,0.995030066001555,
19.724138259887695,,0.9748685810853582
19.725194931030273,,0.9748685810853582
19.72625160217285,,0.9748685810853582
19.728363037109375,,0.9748685810853582
19.729419708251953,,0.9748685810853582
19.7304744720459,,0.9748685810853582
19.731531143188477,,0.9748685810853582
19.732587814331055,,0.9748685810853582
19.733642578125,,0.9748685810853582
19.735754013061523,0.995030066001555,
19.74208641052246,,0.9745906031608963
19.76950454711914,0.995030066001555,0.9745906031608963
19.770559310913086,,0.9745906031608963
19.780040740966797,,0.9745906031608963
19.78109359741211,,0.9745906031608963
19.797937393188477,,0.9745906031608963
19.816869735717773,,0.9745906031608963
19.84943389892578,0.995030066001555,
19.873558044433594,,0.9745906031608963
19.87775230407715,,0.9745906031608963
19.890323638916016,,0.9745906031608963
19.902889251708984,,0.9743111907173292
19.9185848236084,,0.9743111907173292
19.91963005065918,0.995030066001555,0.9743111907173292
19.920677185058594,0.995030066001555,
19.930086135864258,,0.9743111907173292
19.93113136291504,,0.9743111907173292
19.93217658996582,,0.9743111907173292
19.9332218170166,,0.9743111907173292
19.94471549987793,,0.9743111907173292
19.94576072692871,0.995030066001555,0.9743111907173292
19.94993782043457,0.995030066001555,0.9743111907173292
19.95098114013672,0.995030066001555,0.9743111907173292
19.955158233642578,,0.9743111907173292
19.956201553344727,,0.9743111907173292
19.957244873046875,,0.9743111907173292
19.969768524169922,0.995030066001555,
19.97602653503418,,0.9743111907173292
20.012496948242188,,0.9743111907173292
20.04785919189453,,0.9740248812284314
20.059288024902344,,0.9740248812284314
20.062402725219727,0.995030066001555,
20.06447982788086,,0.9740248812284314
20.06551742553711,,0.9740248812284314
20.06655502319336,,0.9740248812284314
20.10493278503418,,0.9740248812284314
20.107006072998047,,0.9737374734735691
20.169076919555664,,0.9734500657187063
20.174240112304688,0.995030066001555,
20.1825008392334,0.995030066001555,0.9734500657187063
20.1845645904541,,0.9734500657187063
20.185598373413086,,0.9734500657187063
20.186628341674805,,0.9734500657187063
20.19694709777832,,0.9734500657187063
20.197978973388672,,0.9734500657187063
20.19900894165039,,0.9734500657187063
20.200040817260742,,0.9734500657187063
20.203134536743164,,0.9731612081324404
20.207260131835938,,0.9728723505461737
20.25051498413086,,0.9728723505461737
20.251543045043945,,0.9728723505461737
20.25257110595703,,0.9728723505461737
20.271080017089844,,0.9728723505461737
20.27210807800293,,0.9728723505461737
20.273134231567383,,0.9728723505461737
20.29265022277832,0.9946768426909398,
20.29470443725586,,0.9728723505461737
20.295730590820312,,0.9728723505461737
20.302915573120117,0.9946768426909398,
20.379728317260742,0.9946768426909398,
20.415475845336914,,0.9725808095361205
20.419557571411133,,0.9725808095361205
20.4664363861084,,0.9725808095361205
20.47254180908203,,0.9725808095361205
20.473560333251953,,0.9725808095361205
20.474578857421875,,0.9725808095361205
20.475595474243164,,0.9725808095361205
20.476612091064453,,0.9725808095361205
20.514223098754883,,0.9725808095361205
20.520315170288086,,0.9725808095361205
20.523361206054688,,0.9725808095361205
20.539596557617188,0.9946768426909398,
20.567975997924805,,0.9725808095361205
20.56899070739746,,0.9722776359670621
20.599353790283203,,0.9722776359670621
20.600364685058594,,0.9722776359670621
20.601375579833984,,0.9722776359670621
20.602386474609375,,0.9722776359670621
20.61249542236328,,0.9722776359670621
20.613506317138672,,0.9722776359670621
20.614517211914062,,0.9722776359670621
20.615528106689453,,0.9722776359670621
20.617549896240234,,0.9722776359670621
20.618558883666992,,0.9722776359670621
20.619569778442383,,0.9722776359670621
20.622600555419922,,0.9722776359670621
20.628660202026367,,0.9722776359670621
20.634719848632812,,0.9722776359670621
20.64279556274414,,0.9722776359670621
20.656919479370117,,0.9722776359670621
20.6629695892334,,0.971971503210145
20.684133529663086,,0.971971503210145
20.685138702392578,,0.971971503210145
20.689167022705078,0.9946768426909398,
20.701248168945312,0.9946768426909398,
20.70326042175293,0.9946768426909398,
20.710302352905273,,0.971971503210145
20.7113094329834,,0.971971503210145
20.714326858520508,,0.971971503210145
20.71533203125,,0.9716642090263924
20.751506805419922,,0.9713569148426402
20.7635498046875,0.9946768426909398,
20.767562866210938,,0.9713569148426402
20.778594970703125,0.9946768426909398,
20.78059959411621,0.9946768426909398,
20.783607482910156,0.9946768426909398,
20.79062271118164,,0.9713569148426402
20.791624069213867,0.9946768426909398,
20.792627334594727,0.9946768426909398,0.9713569148426402
20.793628692626953,,0.9713569148426402
20.79863739013672,,0.9713569148426402
20.799638748168945,,0.9713569148426402
20.815658569335938,,0.9713569148426402
20.816659927368164,,0.9710478607812847
20.843664169311523,,0.9710478607812847
20.870634078979492,,0.9707386098702063
20.871631622314453,,0.9707386098702063
20.872629165649414,,0.9707386098702063
20.873628616333008,,0.9707386098702063
20.87562370300293,,0.9707386098702063
20.880613327026367,0.9946768426909398,
20.88360595703125,,0.9707386098702063
20.901554107666016,,0.9704278740795953
20.908531188964844,,0.9704278740795953
20.909526824951172,,0.9704278740795953
20.910524368286133,,0.9704278740795953
20.91251564025879,,0.9704278740795953
20.916500091552734,,0.9704278740795953
20.921480178833008,,0.9704278740795953
20.922475814819336,,0.9704278740795953
20.929445266723633,,0.9701160399298256
20.937406539916992,,0.9701160399298256
20.959285736083984,,0.9698041055118417
20.965248107910156,,0.9698041055118417
20.987098693847656,,0.9698041055118417
20.995038986206055,0.9946768426909398,
20.998016357421875,,0.9698041055118417
20.999008178710938,,0.9698041055118417
21.0,,0.9698041055118417
21.000991821289062,,0.9694915679335276
21.008926391601562,,0.9691790303552124
21.032712936401367,,0.9691790303552124
21.068340301513672,0.9946768426909398,
21.07427406311035,0.9946768426909398,
21.080204010009766,,0.9691790303552124
21.08218002319336,0.9943214740440327,
21.1019344329834,0.9943214740440327,
21.10785675048828,,0.9691790303552124
21.115753173828125,0.9943214740440327,
21.121671676635742,,0.9691790303552124
21.122657775878906,,0.9691790303552124
21.12364387512207,,0.9691790303552124
21.127588272094727,,0.9691790303552124
21.12857437133789,,0.9691790303552124
21.14631462097168,,0.9691790303552124
21.147300720214844,,0.9691790303552124
21.148286819458008,,0.9691790303552124
21.14927101135254,,0.9691790303552124
21.159120559692383,,0.9691790303552124
21.160104751586914,,0.9691790303552124
21.161088943481445,,0.9691790303552124
21.162073135375977,,0.9691790303552124
21.177818298339844,,0.9688632339947195
21.24460792541504,,0.9685474376342255
21.260292053222656,,0.9685474376342255
21.26127052307129,,0.9685474376342255
21.262250900268555,,0.9685474376342255
21.271068572998047,,0.9685474376342255
21.2886905670166,,0.9682300891946339
21.296518325805664,,0.9682300891946339
21.297496795654297,,0.9682300891946339
21.308252334594727,0.9943214740440327,
21.33365821838379,,0.9682300891946339
21.33463478088379,,0.9682300891946339
21.33561134338379,,0.9682300891946339
21.33658790588379,,0.9682300891946339
21.33756446838379,,0.9682300891946339
21.354156494140625,,0.9682300891946339
21.355131149291992,,0.9682300891946339
21.36781120300293,,0.9682300891946339
21.368785858154297,,0.9682300891946339
21.369760513305664,0.9943214740440327,
21.37073516845703,,0.9682300891946339
21.3717098236084,,0.9682300891946339
21.372684478759766,,0.9682300891946339
21.399961471557617,,0.9679041955261071
21.406774520874023,,0.9679041955261071
21.407747268676758,,0.9679041955261071
21.408721923828125,,0.9679041955261071
21.411640167236328,,0.967577311299317
21.412612915039062,,0.9672504270725268
21.41650390625,,0.9672504270725268
21.440811157226562,0.9943214740440327,
21.48740005493164,,0.9672504270725268
21.576414108276367,,0.9669233217539358
21.58220672607422,,0.9669233217539358
21.59185791015625,,0.9669233217539358
21.592823028564453,,0.9669233217539358
21.593788146972656,,0.9669233217539358
21.59475326538086,,0.9669233217539358
21.59571647644043,0.9943214740440327,0.9669233217539358
21.596681594848633,,0.9669233217539358
21.605361938476562,0.9943214740440327,
21.618858337402344,,0.966595328768266
21.63523292541504,,0.9662672244475706
21.63812255859375,0.9943214740440327,
21.641010284423828,,0.9662672244475706
21.6419734954834,,0.9662672244475706
21.642934799194336,,0.9662672244475706
21.653522491455078,,0.9659386738782239
21.676599502563477,,0.9659386738782239
21.681406021118164,,0.9659386738782239
21.68236541748047,,0.9659386738782239
21.683326721191406,,0.9659386738782239
21.684288024902344,,0.9659386738782239
21.68524932861328,,0.9659386738782239
21.69293212890625,,0.9659386738782239
21.693893432617188,,0.9659386738782239
21.694852828979492,,0.9656074191889649
21.69965362548828,,0.9656074191889649
21.70061492919922,,0.9656074191889649
21.701574325561523,,0.9656074191889649
21.711172103881836,,0.9656074191889649
21.71405029296875,,0.9656074191889649
21.715009689331055,,0.9656074191889649
21.71596908569336,,0.9656074191889649
21.71788787841797,,0.9656074191889649
21.718847274780273,,0.9656074191889649
21.719806671142578,,0.9656074191889649
21.720766067504883,,0.9656074191889649
21.721725463867188,,0.9656074191889649
21.722684860229492,,0.9656074191889649
21.72460174560547,,0.9656074191889649
21.725561141967773,,0.9656074191889649
21.726520538330078,,0.9656074191889649
21.74089813232422,,0.9652689658348852
21.742815017700195,,0.9652689658348852
21.743772506713867,,0.9652689658348852
21.745689392089844,,0.9652689658348852
21.746646881103516,,0.9652689658348852
21.74760627746582,,0.9652689658348852
21.748563766479492,,0.9652689658348852
21.749521255493164,,0.9652689658348852
21.750478744506836,,0.9652689658348852
21.751436233520508,,0.9652689658348852
21.760055541992188,,0.964927640175114
21.76771354675293,,0.964927640175114
21.76962661743164,,0.964927640175114
21.789714813232422,,0.964927640175114
21.810739517211914,,0.964927640175114
21.8136043548584,,0.964927640175114
21.814559936523438,,0.964927640175114
21.83365249633789,,0.964927640175114
21.877500534057617,0.9943214740440327,
21.885116577148438,,0.964927640175114
21.88606834411621,,0.964927640175114
21.889875411987305,,0.964927640175114
21.890827178955078,,0.964927640175114
21.89177894592285,,0.964927640175114
21.894634246826172,,0.964927640175114
21.89748764038086,,0.9645827768298049
21.90129280090332,,0.9645827768298049
21.904146194458008,0.9943214740440327,
21.908903121948242,,0.9645827768298049
21.932661056518555,,0.9645827768298049
21.933612823486328,0.9943214740440327,0.9645827768298049
21.93456268310547,,0.9645827768298049
21.937410354614258,,0.9645827768298049
21.949752807617188,,0.9645827768298049
21.958293914794922,0.9943214740440327,
21.96019172668457,,0.9645827768298049
21.961139678955078,,0.9645827768298049
21.96683120727539,,0.9645827768298049
21.970624923706055,,0.9642356797528607
21.990528106689453,,0.9642356797528607
22.01136016845703,,0.9638884576859714
22.057689666748047,0.9943214740440327,
22.08600616455078,,0.9638884576859714
22.086950302124023,,0.9638884576859714
22.088834762573242,,0.9638884576859714
22.090721130371094,,0.9638884576859714
22.091665267944336,,0.9638884576859714
22.110517501831055,,0.9638884576859714
22.112401962280273,,0.9638884576859714
22.114286422729492,,0.9638884576859714
22.17167854309082,,0.9635398542654695
22.211109161376953,,0.9635398542654695
22.253276824951172,0.9943214740440327,0.9631911246765209
22.267314910888672,,0.9631911246765209
22.28227996826172,0.9943214740440327,
22.296300888061523,,0.9628422687820347
22.354156494140625,,0.9624934128875485
22.35508918762207,,0.9624934128875485
22.35974884033203,,0.9621444305043405
22.360679626464844,,0.9621444305043405
22.361610412597656,,0.9621444305043405
22.3625431060791,,0.9621444305043405
22.373720169067383,,0.9621444305043405
22.374650955200195,,0.9621444305043405
22.375581741333008,,0.9621444305043405
22.37651252746582,,0.9621444305043405
22.377443313598633,,0.9621444305043405
22.401636123657227,0.9943214740440327,
22.409074783325195,,0.9621444305043405
22.411863327026367,,0.9621444305043405
22.446231842041016,,0.9621444305043405
22.46014976501465,,0.9617923835118398
22.49536895751953,,0.9614403365193392
22.49814796447754,,0.9614403365193392
22.51758575439453,,0.9614403365193392
22.518510818481445,,0.9614403365193392
22.51943588256836,,0.9614403365193392
22.53423309326172,,0.9614403365193392
22.542552947998047,,0.9614403365193392
22.543476104736328,,0.9614403365193392
22.544401168823242,,0.9614403365193392
22.557334899902344,,0.9610859537930146
22.558258056640625,,0.9610859537930146
22.559181213378906,,0.9610859537930146
22.560104370117188,0.9943214740440327,
22.56195068359375,,0.9610859537930146
22.562875747680664,,0.9610859537930146
22.56749153137207,0.9943214740440327,0.9610859537930146
22.57579803466797,,0.9610859537930146
22.57948875427246,,0.9610859537930146
22.580411911010742,,0.9610859537930146
22.581335067749023,,0.9610859537930146
22.583179473876953,,0.960727874078486
22.597013473510742,,0.960727874078486
22.622812271118164,,0.960727874078486
22.623733520507812,,0.960727874078486
22.62465476989746,,0.960727874078486
22.63662338256836,,0.960727874078486
22.637542724609375,0.9943214740440327,
22.643983840942383,,0.960727874078486
22.64490509033203,,0.960727874078486
22.645822525024414,,0.960727874078486
22.653182983398438,,0.960727874078486
22.654102325439453,,0.960727874078486
22.65502166748047,,0.960727874078486
22.655941009521484,,0.960727874078486
22.6568603515625,,0.960727874078486
22.657779693603516,,0.960727874078486
22.658700942993164,,0.960727874078486
22.67799949645996,,0.960727874078486
22.678916931152344,,0.960727874078486
22.680755615234375,,0.960727874078486
22.681673049926758,,0.960727874078486
22.689022064208984,,0.960727874078486
22.689939498901367,,0.960727874078486
22.7147159576416,0.9943214740440327,
22.748626708984375,0.9943214740440327,
22.777912139892578,,0.960727874078486
22.780656814575195,,0.960727874078486
22.809904098510742,,0.960727874078486
22.811729431152344,,0.960727874078486
22.81264305114746,,0.960727874078486
22.813554763793945,,0.960727874078486
22.828163146972656,,0.960727874078486
22.82907485961914,,0.960727874078486
22.829986572265625,,0.960727874078486
22.836374282836914,,0.960727874078486
22.83728790283203,,0.960727874078486
22.838197708129883,,0.960727874078486
22.840023040771484,,0.960727874078486
22.84093475341797,,0.960727874078486
22.850053787231445,0.9943214740440327,
22.85552406311035,,0.960727874078486
22.856435775756836,,0.960727874078486
22.85734748840332,,0.960727874078486
22.867372512817383,,0.9603490381659942
22.86919403076172,,0.9603490381659942
22.89923667907715,,0.9599700527523537
22.90742301940918,,0.9599700527523537
22.91924285888672,,0.9599700527523537
22.920150756835938,,0.9599700527523537
22.92197036743164,,0.9599700527523537
22.931055068969727,,0.9599700527523537
22.931964874267578,,0.9599700527523537
22.932872772216797,,0.9599700527523537
22.933780670166016,,0.9599700527523537
22.934690475463867,,0.9599700527523537
22.935598373413086,,0.9599700527523537
22.936506271362305,,0.9599700527523537
22.937414169311523,,0.9599700527523537
22.938323974609375,,0.9599700527523537
22.93922996520996,,0.9599700527523537
22.940139770507812,,0.9599700527523537
22.961925506591797,0.9943214740440327,0.9599700527523537
22.9827823638916,,0.9599700527523537
22.98369026184082,,0.9599700527523537
22.990034103393555,,0.9599700527523537
22.99094009399414,,0.9599700527523537
22.991846084594727,,0.9599700527523537
22.994564056396484,0.9943214740440327,
22.996376037597656,,0.9599700527523537
23.007244110107422,0.9943214740440327,
23.02353858947754,,0.9599700527523537
23.024442672729492,,0.9599700527523537
23.042531967163086,0.9943214740440327,
23.13096809387207,,0.9599700527523537
23.131868362426758,,0.9599700527523537
23.133670806884766,,0.9599700527523537
23.136371612548828,,0.9599700527523537
23.137271881103516,,0.9599700527523537
23.138172149658203,,0.9599700527523537
23.150774002075195,,0.9599700527523537
23.151674270629883,,0.9599700527523537
23.15257453918457,,0.9599700527523537
23.1624698638916,,0.9595723849591666
23.17416000366211,,0.9595723849591666
23.176856994628906,,0.959174552295419
23.1921329498291,,0.959174552295419
23.202011108398438,,0.959174552295419
23.248655319213867,,0.9587762239929709
23.31487274169922,,0.9587762239929709
23.315767288208008,,0.9587762239929709
23.316661834716797,,0.9587762239929709
23.317554473876953,0.9943214740440327,
23.31844711303711,0.9943214740440327,0.9587762239929709
23.329166412353516,0.9943214740440327,
23.350589752197266,0.9943214740440327,
23.361291885375977,,0.9587762239929709
23.362184524536133,,0.9587762239929709
23.402278900146484,,0.9583762339120392
23.42630386352539,,0.9579762438311074
23.45563316345215,,0.9575762537501757
23.484037399291992,,0.9575762537501757
23.491132736206055,,0.9575762537501757
23.492019653320312,,0.9575762537501757
23.49290657043457,,0.9575762537501757
23.50265884399414,,0.9575762537501757
23.512407302856445,,0.9575762537501757
23.513294219970703,,0.9575762537501757
23.561975479125977,,0.9571747542727124
23.566394805908203,,0.9567732547952482
23.607908248901367,,0.9563717553177851
23.61055564880371,,0.9559702558403216
23.6352481842041,,0.9555687563628581
23.646705627441406,0.9943214740440327,
23.65815544128418,,0.9555687563628581
23.661678314208984,,0.9555687563628581
23.668720245361328,,0.9551669192071129
23.70302391052246,,0.9547650820513676
23.733766555786133,,0.9543632448956217
23.749561309814453,,0.9543632448956217
23.770605087280273,,0.9543632448956217
23.774986267089844,,0.9539610690654927
23.779367446899414,,0.9539610690654927
23.780244827270508,,0.9539610690654927
23.789878845214844,,0.9535582138842995
23.81088638305664,0.9943214740440327,
23.81613540649414,,0.9535582138842995
23.8170108795166,,0.9535582138842995
23.817886352539062,,0.9535582138842995
23.81875991821289,,0.9535582138842995
23.81963539123535,,0.9535582138842995
23.82050895690918,,0.9535582138842995
23.82138442993164,,0.9535582138842995
23.82225799560547,,0.9535582138842995
23.82313346862793,,0.9535582138842995
23.829254150390625,,0.9535582138842995
23.831003189086914,,0.9535582138842995
23.831876754760742,0.9943214740440327,0.9535582138842995
23.83275032043457,,0.9535582138842995
23.83362579345703,,0.9535582138842995
23.834497451782227,,0.9535582138842995
23.835372924804688,,0.9535582138842995
23.836246490478516,,0.9535582138842995
23.837120056152344,,0.9535582138842995
23.837995529174805,,0.9535582138842995
23.838869094848633,,0.9535582138842995
23.83974266052246,,0.9535582138842995
23.84061622619629,,0.9535582138842995
23.84149169921875,,0.9535582138842995
23.842363357543945,,0.9535582138842995
23.843238830566406,,0.9535582138842995
23.844112396240234,,0.9535582138842995
23.844985961914062,,0.9535582138842995
23.84585952758789,,0.9535582138842995
23.849353790283203,0.9943214740440327,
23.854595184326172,,0.9535582138842995
23.856340408325195,,0.9535582138842995
23.857213973999023,0.9943214740440327,0.9535582138842995
23.865943908691406,,0.9535582138842995
23.895606994628906,,0.9535582138842995
23.913036346435547,,0.9535582138842995
23.916521072387695,,0.9535582138842995
23.920005798339844,,0.9535582138842995
23.929584503173828,,0.9531302254579594
23.935678482055664,,0.9531302254579594
23.936548233032227,,0.9531302254579594
23.962644577026367,,0.9531302254579594
23.96351432800293,,0.9531302254579594
23.964384078979492,,0.9531302254579594
23.97394371032715,,0.9531302254579594
23.991317749023438,0.9943214740440327,
24.005207061767578,,0.9526993347592893
24.01909065246582,0.9943214740440327,
24.033830642700195,,0.9526993347592893
24.052026748657227,,0.9526993347592893
24.055492401123047,,0.9526993347592893
24.06501579284668,,0.9526993347592893
24.106534957885742,,0.9522674674271233
24.110855102539062,,0.9518356000949563
24.117767333984375,,0.9518356000949563
24.159194946289062,,0.9518356000949563
24.160057067871094,,0.9518356000949563
24.160919189453125,,0.9518356000949563
24.17212677001953,0.9943214740440327,
24.19280242919922,,0.9518356000949563
24.19452476501465,,0.9518356000949563
24.201412200927734,,0.9514019620083523
24.208297729492188,,0.9509683239217487
24.215181350708008,0.9943214740440327,
24.2186222076416,,0.9509683239217487
24.219482421875,,0.9509683239217487
24.221202850341797,,0.9509683239217487
24.224641799926758,,0.950533694888878
24.22808265686035,0.9943214740440327,
24.23324203491211,,0.950099065856007
24.235820770263672,,0.950099065856007
24.307920455932617,,0.950099065856007
24.355012893676758,,0.950099065856007
24.35672378540039,,0.950099065856007
24.360145568847656,,0.950099065856007
24.361000061035156,,0.950099065856007
24.369550704956055,,0.950099065856007
24.370405197143555,,0.950099065856007
24.371259689331055,,0.950099065856007
24.375534057617188,0.9943214740440327,
24.377243041992188,0.9943214740440327,
24.381515502929688,,0.9496596120790151
24.382369995117188,,0.9496596120790151
24.384078979492188,,0.9496596120790151
24.384933471679688,,0.9496596120790151
24.385787963867188,,0.9496596120790151
24.388351440429688,,0.9496596120790151
24.389204025268555,,0.9492152229297036
24.390058517456055,,0.9492152229297036
24.39774513244629,,0.9492152229297036
24.39859962463379,,0.9492152229297036
24.399452209472656,,0.9492152229297036
24.401161193847656,,0.9492152229297036
24.402013778686523,,0.9492152229297036
24.40542984008789,,0.9492152229297036
24.40628433227539,,0.9492152229297036
24.407136917114258,,0.9492152229297036
24.407991409301758,,0.9492152229297036
24.408843994140625,,0.9492152229297036
24.419937133789062,0.9939592439988434,
24.422496795654297,,0.9492152229297036
24.423349380493164,,0.9492152229297036
24.42420196533203,,0.9492152229297036
24.44892692565918,,0.9492152229297036
24.458297729492188,,0.9487604001108589
24.467666625976562,,0.9483055772920137
24.472774505615234,0.9939592439988434,
24.47362518310547,0.9939592439988434,
24.481285095214844,,0.9483055772920137
24.484689712524414,0.9939592439988434,
24.517850875854492,0.9939592439988434,
24.518701553344727,,0.9483055772920137
24.551816940307617,,0.9483055772920137
24.562843322753906,,0.9483055772920137
24.573867797851562,,0.9483055772920137
24.579801559448242,,0.9483055772920137
24.58488655090332,,0.9483055772920137
24.600135803222656,,0.9483055772920137
24.601829528808594,,0.9478485625559699
24.612834930419922,,0.9473915478199251
24.619606018066406,,0.9473915478199251
24.62299156188965,,0.9469343125169237
24.641597747802734,,0.9469343125169237
24.653430938720703,,0.9464768563273018
24.664413452148438,,0.9460194001376805
24.671171188354492,,0.9460194001376805
24.689741134643555,0.9939592439988434,0.9460194001376805
24.69058609008789,,0.9460194001376805
24.691429138183594,,0.9460194001376805
24.715885162353516,,0.9460194001376805
24.718414306640625,,0.9460194001376805
24.719257354736328,,0.9460194001376805
24.74452781677246,0.9939592439988434,
24.747055053710938,,0.9455583770381979
24.75041961669922,,0.9450973539387155
24.76136016845703,0.9939592439988434,
24.766408920288086,,0.9450973539387155
24.767250061035156,,0.9450973539387155
24.780704498291016,,0.9450973539387155
24.781545639038086,,0.9450973539387155
24.78995132446289,,0.9446345246762581
24.793312072753906,,0.9446345246762581
24.794153213500977,,0.9446345246762581
24.794992446899414,,0.9446345246762581
24.800033569335938,,0.9441703308066386
24.86714744567871,,0.943706136937019
24.877199172973633,,0.9432419430673992
24.888919830322266,,0.9432419430673992
24.916526794433594,,0.9427775206434367
24.92154312133789,,0.9427775206434367
24.94577407836914,,0.9423128693272
24.946609497070312,,0.9418482180109639
24.966644287109375,0.9939592439988434,
24.979158401489258,,0.9418482180109639
24.979991912841797,,0.9418482180109639
24.98082733154297,,0.9418482180109639
24.981658935546875,,0.9418482180109639
24.982494354248047,,0.9418482180109639
24.983327865600586,,0.9418482180109639
24.984161376953125,,0.9418482180109639
24.984994888305664,,0.9418482180109639
24.986661911010742,,0.9418482180109639
24.987497329711914,,0.9418482180109639
24.988330841064453,,0.9418482180109639
25.00083351135254,,0.9418482180109639
25.001667022705078,,0.9418482180109639
25.002500534057617,,0.9418482180109639
25.0049991607666,,0.9418482180109639
25.00583267211914,,0.9418482180109639
25.00666618347168,,0.9418482180109639
25.014162063598633,,0.9418482180109639
25.01582908630371,,0.9418482180109639
25.018327713012695,,0.9418482180109639
25.0191593170166,,0.9418482180109639
25.01999282836914,,0.9418482180109639
25.020824432373047,0.9939592439988434,0.9418482180109639
25.021656036376953,0.9939592439988434,
25.02332305908203,0.9939592439988434,0.9418482180109639
25.024154663085938,,0.9418482180109639
25.024988174438477,,0.9418482180109639
25.02665138244629,,0.941346434197426
25.03331184387207,,0.940844650383888
25.040800094604492,0.9939592439988434,0.940844650383888
25.0416316986084,,0.940844650383888
25.042463302612305,,0.940844650383888
25.05992889404297,,0.9403415249023991
25.071563720703125,,0.9403415249023991
25.07904052734375,,0.939838130081787
25.08734703063965,,0.939838130081787
25.11888313293457,,0.939334465489031
25.126346588134766,,0.9388308008962757
25.13132095336914,,0.9383271363035206
25.154521942138672,,0.937823471710765
25.158662796020508,,0.937823471710765
25.160320281982422,,0.9373195364761001
25.19011116027832,,0.9373195364761001
25.193418502807617,,0.9368153301627721
25.19920539855957,,0.9368153301627721
25.207473754882812,,0.9368153301627721
25.210777282714844,,0.9368153301627721
25.211605072021484,,0.9368153301627721
25.212430953979492,,0.9363089434978193
25.264434814453125,,0.9358025568328665
25.2751522064209,,0.9358025568328665
25.28009796142578,,0.9352958960007965
25.28504180908203,,0.9352958960007965
25.285865783691406,,0.9352958960007965
25.287513732910156,,0.9352958960007965
25.289161682128906,,0.9352958960007965
25.28998374938965,,0.9352958960007965
25.290807723999023,,0.9352958960007965
25.315509796142578,,0.9347861979648291
25.317977905273438,,0.9342764999288612
25.33278465270996,,0.9337668018928934
25.355802536010742,0.9939592439988434,0.9332571038569258
25.36237335205078,,0.9332571038569258
25.363195419311523,,0.9332571038569258
25.364015579223633,,0.9332571038569258
25.365659713745117,,0.9332571038569258
25.366479873657227,,0.9332571038569258
25.36730194091797,,0.9332571038569258
25.36812400817871,,0.9332571038569258
25.36894416809082,,0.9332571038569258
25.374692916870117,,0.9327414921973364
25.382902145385742,,0.9322258805377469
25.385364532470703,,0.9322258805377469
25.38618278503418,,0.9322258805377469
25.38782501220703,,0.9322258805377469
25.39356803894043,,0.9322258805377469
25.412431716918945,,0.9317091256150548
25.42144775390625,,0.9311923706923617
25.428821563720703,,0.9311923706923617
25.439470291137695,,0.9311923706923617
25.440288543701172,,0.9311923706923617
25.44110870361328,,0.9306706942942152
25.441926956176758,,0.9306706942942152
25.442745208740234,,0.9306706942942152
25.443565368652344,,0.9306706942942152
25.44438362121582,0.9939592439988434,0.9306706942942152
25.445201873779297,,0.9306706942942152
25.44765853881836,,0.9306706942942152
25.448476791381836,,0.9306706942942152
25.453388214111328,,0.9306706942942152
25.454208374023438,,0.9306706942942152
25.459936141967773,,0.9306706942942152
25.46075439453125,,0.9306706942942152
25.461572647094727,,0.9306706942942152
25.46320915222168,,0.9306706942942152
25.46484375,,0.9306706942942152
25.46566390991211,,0.9306706942942152
25.466482162475586,,0.9306706942942152
25.46729850769043,0.9939592439988434,0.9306706942942152
25.468116760253906,,0.9306706942942152
25.470571517944336,0.9939592439988434,
25.478750228881836,,0.9306706942942152
25.47956657409668,,0.9306706942942152
25.480384826660156,,0.9306706942942152
25.481203079223633,,0.9306706942942152
25.482019424438477,,0.9306706942942152
25.482837677001953,,0.9306706942942152
25.48365592956543,,0.9306706942942152
25.484472274780273,,0.9306706942942152
25.5,,0.9301219497810698
25.50408363342285,,0.9295732052679244
25.522048950195312,0.9939592439988434,
25.565275192260742,,0.9295732052679244
25.566091537475586,,0.9295732052679244
25.566905975341797,,0.9295732052679244
25.572608947753906,,0.9290215297751837
25.586454391479492,,0.9284698542824431
25.588083267211914,,0.9284698542824431
25.593782424926758,,0.9284698542824431
25.595409393310547,,0.9284698542824431
25.596223831176758,,0.9284698542824431
25.59947967529297,,0.9284698542824431
25.600292205810547,,0.9284698542824431
25.602733612060547,,0.9284698542824431
25.603548049926758,,0.9284698542824431
25.609243392944336,,0.9284698542824431
25.610870361328125,,0.9284698542824431
25.613309860229492,,0.9284698542824431
25.61737632751465,,0.9284698542824431
25.61819076538086,,0.9284698542824431
25.619003295898438,,0.9284698542824431
25.62550926208496,,0.9279105350931162
25.6612548828125,,0.9273512159037901
25.764963150024414,0.9939592439988434,
25.806976318359375,,0.9267918967144627
25.812625885009766,,0.9262325775251362
25.84650230407715,,0.9256732583358096
25.856172561645508,0.9939592439988434,
25.856977462768555,,0.9256732583358096
25.857784271240234,,0.9256732583358096
25.880334854125977,,0.9251132624142513
25.887577056884766,,0.9245532664926936
25.888381958007812,,0.9245532664926936
25.9189453125,,0.9239929311796679
25.92376708984375,,0.9239929311796679
25.925373077392578,0.9939592439988434,
25.947864532470703,,0.9234322558573499
25.997596740722656,,0.922871580535032
26.02402687072754,,0.922871580535032
26.03763198852539,,0.9223105643766517
26.038433074951172,0.9939592439988434,
26.044832229614258,,0.9217495482182717
26.050432205200195,,0.9211885320598917
26.094379425048828,,0.9206275159015123
26.099170684814453,,0.9200664997431318
26.09996795654297,,0.9195054835847524
26.132675170898438,,0.9189444674263726
26.151002883911133,,0.9189444674263726
26.16056251525879,0.9939592439988434,
26.165340423583984,0.9939592439988434,
26.166135787963867,0.9939592439988434,
26.16693115234375,0.9939592439988434,0.9189444674263726
26.167728424072266,0.9939592439988434,
26.16852378845215,0.9939592439988434,
26.16931915283203,,0.9189444674263726
26.170913696289062,0.9939592439988434,
26.174097061157227,,0.9189444674263726
26.17728042602539,0.9939592439988434,
26.178075790405273,0.9939592439988434,
26.179668426513672,0.9939592439988434,
26.180463790893555,0.9939592439988434,
26.18205451965332,0.9939592439988434,
26.182851791381836,0.9939592439988434,
26.183645248413086,0.9939592439988434,0.9183817335210287
26.1844425201416,0.9939592439988434,
26.18682861328125,0.9939592439988434,
26.1892147064209,0.9939592439988434,
26.190011978149414,0.9939592439988434,
26.190805435180664,0.9939592439988434,
26.191600799560547,0.9939592439988434,
26.192398071289062,0.9939592439988434,
26.193191528320312,0.9939592439988434,
26.193988800048828,0.9939592439988434,
26.19478416442871,0.9939592439988434,
26.19557762145996,0.9939592439988434,
26.19717025756836,0.9939592439988434,
26.19796371459961,0.9939592439988434,
26.198759078979492,0.9939592439988434,
26.199554443359375,0.9939592439988434,0.9178189996156848
26.200349807739258,0.9939592439988434,
26.20114517211914,0.9939592439988434,
26.209095001220703,,0.9172562657103415
26.209890365600586,,0.9172562657103415
26.21147918701172,,0.9166931863575417
26.236902236938477,0.9939592439988434,0.9166931863575417
26.247222900390625,0.9939592439988434,
26.248016357421875,0.9939592439988434,
26.248809814453125,0.9939592439988434,
26.283708572387695,0.9939592439988434,
26.284502029418945,0.9939592439988434,
26.288463592529297,0.9939592439988434,
26.33359718322754,,0.9161294144102127
26.363643646240234,,0.9155656424628834
26.373125076293945,,0.9150018705155538
26.37786293029785,0.9939592439988434,
26.378652572631836,0.9939592439988434,
26.37944221496582,0.9939592439988434,
26.38812828063965,0.9939592439988434,
26.399179458618164,,0.9150018705155538
26.399967193603516,0.9939592439988434,
26.40233612060547,,0.9150018705155538
26.40470314025879,,0.9150018705155538
26.405492782592773,,0.9150018705155538
26.406280517578125,,0.9150018705155538
26.40707015991211,,0.9150018705155538
26.40785789489746,,0.9150018705155538
26.408647537231445,,0.9150018705155538
26.434667587280273,0.9939592439988434,
26.435455322265625,0.9939592439988434,0.9150018705155538
26.43624496459961,0.9939592439988434,
26.43703269958496,0.9939592439988434,0.914433899149623
26.44727325439453,,0.9138659277836916
26.448850631713867,,0.9138659277836916
26.466960906982422,,0.9138659277836916
26.467748641967773,,0.9138659277836916
26.468534469604492,,0.9138659277836916
26.474830627441406,0.9939592439988434,
26.475616455078125,0.9939592439988434,
26.476404190063477,0.9939592439988434,
26.493709564208984,,0.9138659277836916
26.53299903869629,0.9939592439988434,
26.548696517944336,,0.91329547464525
26.570659637451172,0.9939592439988434,
26.606704711914062,,0.9127250215068083
26.616880416870117,,0.9121545683683666
26.61766242980957,,0.911583400823991
26.618446350097656,,0.911583400823991
26.61922836303711,,0.911583400823991
26.6215763092041,,0.9110107981852823
26.635658264160156,,0.9110107981852823
26.648170471191406,0.9939592439988434,
26.650516510009766,,0.9110107981852823
26.6544246673584,,0.910437474838406
26.656768798828125,,0.909864151491531
26.664583206176758,0.9939592439988434,0.909864151491531
26.66536521911621,0.9939592439988434,0.909864151491531
26.66614532470703,0.9939592439988434,0.909864151491531
26.698158264160156,,0.909864151491531
26.70050048828125,,0.909864151491531
26.701278686523438,,0.9092868265223104
26.70206069946289,,0.9092868265223104
26.70284080505371,,0.9092868265223104
26.706741333007812,,0.9092868265223104
26.719219207763672,,0.9087069242094775
26.72467613220215,,0.9087069242094775
26.795522689819336,,0.9087069242094775
26.79629898071289,,0.9087069242094775
26.797077178955078,,0.9087069242094775
26.79863166809082,,0.9087069242094775
26.799407958984375,,0.9087069242094775
26.833593368530273,,0.9081240461310878
26.851442337036133,0.9939592439988434,
26.86075210571289,,0.9075411680526981
26.861528396606445,0.9939592439988434,0.9075411680526981
26.862302780151367,0.9939592439988434,0.9075411680526981
26.863855361938477,,0.9075411680526981
26.8646297454834,0.9939592439988434,0.9069537627659333
26.869281768798828,0.9939592439988434,0.9069537627659333
26.870058059692383,0.9939592439988434,0.906365976788768
26.870832443237305,0.9939592439988434,
26.876258850097656,0.9939592439988434,
26.880908966064453,,0.9057781908116026
26.88245964050293,0.9939592439988434,
26.88323402404785,0.9939592439988434,0.9057781908116026
26.884010314941406,0.9939592439988434,
26.88555908203125,0.9939592439988434,
26.890209197998047,0.9939592439988434,0.9057781908116026
26.89098358154297,0.9939592439988434,0.9057781908116026
26.89175796508789,,0.9057781908116026
26.892532348632812,0.9939592439988434,0.9057781908116026
26.893308639526367,0.9939592439988434,0.9057781908116026
26.904924392700195,,0.9057781908116026
26.914215087890625,,0.9057781908116026
26.914989471435547,,0.9057781908116026
26.91576385498047,,0.9057781908116026
26.91653823852539,,0.9057781908116026
26.917312622070312,,0.9051838481667129
26.918859481811523,,0.9045891150207422
26.919633865356445,,0.9039943818747724
26.921955108642578,,0.9033996487288023
26.925823211669922,,0.9033996487288023
26.940521240234375,,0.9028045237955158
26.943613052368164,,0.9028045237955158
26.945159912109375,,0.9028045237955158
26.946706771850586,,0.9028045237955158
26.947479248046875,,0.9028045237955158
26.949026107788086,,0.9028045237955158
26.949798583984375,,0.9028045237955158
26.952117919921875,,0.9028045237955158
26.953664779663086,,0.9028045237955158
26.956756591796875,,0.9028045237955158
26.958301544189453,,0.9028045237955158
26.975297927856445,,0.902204254830226
26.97684097290039,,0.902204254830226
26.977615356445312,0.9939592439988434,
26.97838592529297,0.9939592439988434,0.902204254830226
26.979930877685547,0.9939592439988434,0.902204254830226
26.980703353881836,0.9939592439988434,0.902204254830226
26.990739822387695,,0.9015995602894551
26.99305534362793,0.9939592439988434,
27.003856658935547,,0.9015995602894551
27.005401611328125,,0.9015995602894551
27.015426635742188,,0.9015995602894551
27.02467918395996,,0.9009932391325692
27.02776336669922,,0.9009932391325692
27.02930450439453,,0.9009932391325692
27.030075073242188,,0.9009932391325692
27.030847549438477,,0.9009932391325692
27.0316162109375,,0.9009932391325692
27.03238868713379,,0.9009932391325692
27.0439453125,,0.9003828101087663
27.050107955932617,,0.8997723810849639
27.05318832397461,,0.8991619520611616
27.061656951904297,,0.8985515230373586
27.062427520751953,,0.8979410940135568
27.06319808959961,,0.8973306649897538
27.070125579833984,0.9939592439988434,
27.075511932373047,,0.8967202359659512
27.08628273010254,,0.8961098069421485
27.087051391601562,,0.8961098069421485
27.087820053100586,,0.8961098069421485
27.08858871459961,,0.8961098069421485
27.10550308227539,,0.8961098069421485
27.12548065185547,,0.895496453207075
27.13239097595215,,0.8948830994720013
27.14006805419922,,0.8942697457369284
27.163854598999023,,0.8936563920018548
27.168455123901367,,0.8930430382667817
27.171524047851562,,0.8924296845317087
27.181488037109375,,0.8918163307966349
27.182254791259766,,0.8918163307966349
27.192983627319336,,0.8912025549323567
27.193748474121094,,0.8905887790680783
27.194515228271484,,0.8905887790680783
27.195281982421875,,0.8899737315687222
27.196046829223633,,0.8893586840693659
27.198345184326172,0.9939592439988434,
27.204471588134766,,0.8887436365700095
27.213661193847656,,0.8881285890706527
27.226673126220703,,0.8881285890706527
27.257261276245117,,0.8875131153429531
27.276363372802734,,0.8868972144995512
27.277128219604492,,0.8868972144995512
27.28476333618164,,0.8868972144995512
27.30994987487793,,0.8868972144995512
27.320627212524414,,0.88628002785063
27.32139015197754,,0.8856628412017093
27.358728408813477,0.9939592439988434,
27.35948944091797,0.9939592439988434,
27.36025047302246,0.9939592439988434,0.8856628412017093
27.361011505126953,0.9939592439988434,
27.361774444580078,0.9939592439988434,
27.36253547668457,,0.8856628412017093
27.363296508789062,,0.8856628412017093
27.364057540893555,,0.8850417592653831
27.364818572998047,,0.8850417592653831
27.365581512451172,,0.8850417592653831
27.367103576660156,,0.8850417592653831
27.36786460876465,,0.8850417592653831
27.369386672973633,,0.8850417592653831
27.383085250854492,,0.8850417592653831
27.385366439819336,,0.8850417592653831
27.38688850402832,0.9939592439988434,
27.389171600341797,0.9939592439988434,
27.39145278930664,0.9939592439988434,
27.393733978271484,0.9939592439988434,
27.394495010375977,0.9939592439988434,
27.396015167236328,0.9939592439988434,0.8850417592653831
27.39677619934082,0.9939592439988434,
27.398296356201172,0.9939592439988434,
27.399818420410156,0.9939592439988434,
27.401338577270508,,0.8844149591525893
27.405139923095703,,0.8844149591525893
27.406660079956055,,0.8844149591525893
27.408939361572266,,0.8844149591525893
27.4119815826416,,0.8837868235281914
27.414260864257812,0.9939592439988434,
27.415019989013672,0.9939592439988434,
27.415781021118164,0.9939592439988434,
27.416540145874023,0.9939592439988434,0.8837868235281914
27.418819427490234,0.9939592439988434,
27.419578552246094,0.9939592439988434,0.8837868235281914
27.420339584350586,0.9939592439988434,0.8837868235281914
27.421098709106445,0.9939592439988434,0.8837868235281914
27.421857833862305,,0.8837868235281914
27.422618865966797,0.9939592439988434,0.8837868235281914
27.423377990722656,0.9939592439988434,0.8837868235281914
27.424137115478516,0.9939592439988434,0.8837868235281914
27.424898147583008,0.9939592439988434,0.8837868235281914
27.427175521850586,,0.8831487102982067
27.431734085083008,,0.8831487102982067
27.432493209838867,0.9939592439988434,
27.434770584106445,,0.8825096736047926
27.437808990478516,,0.881870636911378
27.44388198852539,,0.881870636911378
27.447677612304688,0.9939592439988434,
27.479537963867188,,0.8812306727336479
27.490907669067383,0.9939592439988434,
27.492422103881836,,0.8805902434656726
27.553735733032227,,0.8799498141976977
27.55449104309082,,0.8793093849297228
27.55600357055664,,0.8793093849297228
27.556758880615234,,0.8793093849297228
27.558271408081055,,0.8793093849297228
27.559783935546875,0.9939592439988434,
27.571874618530273,,0.8786661447066583
27.5726318359375,,0.8780229044835934
27.57489776611328,,0.8780229044835934
27.587738037109375,,0.8780229044835934
27.58849334716797,,0.8780229044835934
27.59528923034668,,0.8780229044835934
27.596044540405273,,0.8780229044835934
27.60811996459961,,0.8773768243478444
27.618682861328125,,0.8773768243478444
27.630748748779297,,0.8767302681029304
27.633010864257812,,0.876083711858017
27.64130401611328,,0.876083711858017
27.645071029663086,0.9939592439988434,
27.656373977661133,,0.876083711858017
27.658634185791016,,0.876083711858017
27.659387588500977,,0.8754352413088995
27.660139083862305,,0.8754352413088995
27.67896270751953,0.9939592439988434,
27.679716110229492,0.9939592439988434,0.8754352413088995
27.687240600585938,,0.8754352413088995
27.689498901367188,,0.8747819314273254
27.712060928344727,,0.8747819314273254
27.713565826416016,,0.8747819314273254
27.732351303100586,,0.874127154532545
27.73760986328125,0.9939592439988434,
27.74061393737793,,0.874127154532545
27.741365432739258,,0.874127154532545
27.74286651611328,,0.8728156359210932
27.759382247924805,,0.8728156359210932
27.772138595581055,,0.8728156359210932
27.773637771606445,,0.8728156359210932
27.774389266967773,,0.8721574039181361
27.783388137817383,0.9939592439988434,
27.784137725830078,0.9939592439988434,0.8714991719151792
27.784887313842773,0.9939592439988434,
27.79088592529297,,0.8708409399122222
27.793134689331055,,0.8701827079092646
27.799131393432617,0.9939592439988434,
27.806623458862305,,0.8701827079092646
27.823101043701172,,0.8695239776231865
27.823850631713867,,0.8695239776231865
27.82459831237793,,0.8695239776231865
27.827594757080078,,0.868859203939988
27.832834243774414,,0.86819443025679
27.834331512451172,,0.8675296565735922
27.835081100463867,,0.8668648828903939
27.836576461791992,,0.8662001092071955
27.83807373046875,,0.8655353355239971
27.839570999145508,,0.8648700508694824
27.84031867980957,,0.8648700508694824
27.84406089782715,,0.8642042540635778
27.84480857849121,,0.8642042540635778
27.85677719116211,0.9939592439988434,
27.863506317138672,,0.8635379439216627
27.864253997802734,,0.8635379439216627
27.865001678466797,,0.8635379439216627
27.866497039794922,,0.8635379439216627
27.901613235473633,,0.8635379439216627
27.90907859802246,,0.8628685346628083
27.918781280517578,,0.8621991254039549
27.92251205444336,0.9939592439988434,
27.92848014831543,0.9939592439988434,
27.92922592163086,,0.8621991254039549
27.93146324157715,,0.8621991254039549
27.932954788208008,,0.8621991254039549
27.93370246887207,,0.8621991254039549
27.934446334838867,,0.8621991254039549
27.935192108154297,,0.8621991254039549
27.940412521362305,,0.8615244782009787
27.942649841308594,,0.8615244782009787
27.943395614624023,,0.8601741263542686
27.944141387939453,,0.8594984200491984
27.95383071899414,,0.8594984200491984
27.96202850341797,0.9939592439988434,
27.967987060546875,0.9939592439988434,
27.968732833862305,0.9939592439988434,0.8588221821105287
27.969478607177734,,0.8588221821105287
27.97022247314453,,0.8588221821105287
27.970966339111328,,0.8588221821105287
27.973947525024414,0.9939592439988434,
27.97469139099121,0.9939592439988434,
27.975435256958008,0.9939592439988434,
27.976181030273438,,0.858142196218121
27.985858917236328,0.9939592439988434,
27.986604690551758,0.9939592439988434,
27.987348556518555,0.9939592439988434,
27.98809242248535,0.9939592439988434,
27.98883628845215,0.9939592439988434,
27.993303298950195,0.9939592439988434,
27.994047164916992,,0.858142196218121
27.99479103088379,0.9939592439988434,0.858142196218121
27.995534896850586,0.9939592439988434,
27.996280670166016,0.9939592439988434,0.858142196218121
27.99702262878418,0.9939592439988434,
27.99776840209961,0.9939592439988434,0.858142196218121
27.999256134033203,0.9939592439988434,0.858142196218121
28.01190185546875,0.9939592439988434,
28.012645721435547,0.9939592439988434,
28.013389587402344,0.9939592439988434,
28.023799896240234,0.9939592439988434,0.858142196218121
28.02454376220703,0.9939592439988434,0.858142196218121
28.027517318725586,0.9939592439988434,
28.02825927734375,0.9939592439988434,0.858142196218121
28.029003143310547,0.9939592439988434,0.858142196218121
28.029747009277344,,0.858142196218121
28.030488967895508,0.9939592439988434,0.858142196218121
28.031232833862305,0.9939592439988434,0.858142196218121
28.0319766998291,0.9939592439988434,0.858142196218121
28.039405822753906,,0.8574445196358297
28.040149688720703,,0.8574445196358297
28.072080612182617,0.9939592439988434,
28.07282066345215,0.9939592439988434,
28.083209991455078,,0.8574445196358297
28.08543586730957,,0.8574445196358297
28.096559524536133,,0.8574445196358297
28.098783493041992,,0.8574445196358297
28.103973388671875,0.9939592439988434,0.8574445196358297
28.106197357177734,,0.8567434202739037
28.127685546875,,0.8560423209119771
28.140274047851562,0.9939592439988434,0.8560423209119771
28.141014099121094,0.9939592439988434,0.8560423209119771
28.144716262817383,0.9939592439988434,
28.146936416625977,0.9939592439988434,
28.150636672973633,,0.8553383387401741
28.15433692932129,,0.8546343565683717
28.15507698059082,,0.853930374396569
28.15581703186035,,0.853930374396569
28.156557083129883,,0.8532252295787354
28.15729522705078,,0.8518149399430686
28.166173934936523,,0.8518149399430686
28.169872283935547,0.9939592439988434,
28.170610427856445,,0.8518149399430686
28.172828674316406,,0.8518149399430686
28.183181762695312,,0.8518149399430686
28.195743560791016,,0.8518149399430686
28.198699951171875,0.9939592439988434,
28.204608917236328,0.9939592439988434,
28.20534896850586,0.9939592439988434,
28.206087112426758,0.9939592439988434,0.8518149399430686
28.225284576416016,,0.8518149399430686
28.233402252197266,0.9939592439988434,
28.234878540039062,,0.8518149399430686
28.237091064453125,,0.8518149399430686
28.240041732788086,,0.8518149399430686
28.249631881713867,0.9939592439988434,
28.250368118286133,,0.8518149399430686
28.25110626220703,0.9939592439988434,
28.25184440612793,0.9939592439988434,0.8518149399430686
28.282798767089844,0.9939592439988434,
28.28500747680664,,0.8518149399430686
28.285743713378906,,0.8518149399430686
28.286479949951172,,0.8518149399430686
28.28721809387207,,0.8518149399430686
28.287954330444336,,0.8518149399430686
28.298263549804688,,0.8518149399430686
28.301206588745117,,0.8510961087701211
28.301942825317383,0.9939592439988434,
28.312246322631836,,0.8510961087701211
28.313718795776367,,0.8510961087701211
28.314455032348633,,0.8510961087701211
28.315189361572266,,0.8510961087701211
28.318134307861328,,0.8510961087701211
28.31886863708496,,0.8510961087701211
28.321075439453125,,0.8510961087701211
28.329166412353516,,0.8510961087701211
28.33137321472168,,0.8510961087701211
28.33357810974121,,0.8510961087701211
28.3460750579834,,0.8510961087701211
28.347545623779297,,0.8510961087701211
28.34827995300293,,0.8510961087701211
28.349016189575195,,0.8510961087701211
28.35048484802246,,0.8510961087701211
28.351953506469727,,0.8510961087701211
28.352689743041992,,0.8510961087701211
28.354158401489258,,0.8510961087701211
28.354894638061523,,0.8510961087701211
28.35636329650879,,0.8496274355884647
28.358566284179688,,0.8496274355884647
28.36591339111328,,0.8488924637583704
28.366647720336914,,0.8488924637583704
28.36811637878418,,0.8481568550376088
28.37105369567871,,0.8481568550376088
28.378395080566406,,0.8466830811800281
28.37912940979004,,0.8459461942512375
28.38206672668457,,0.8459461942512375
28.383533477783203,0.9939592439988434,
28.384267807006836,0.9939592439988434,
28.387203216552734,,0.8459461942512375
28.390138626098633,,0.8459461942512375
28.390872955322266,,0.8459461942512375
28.3916072845459,,0.8459461942512375
28.394540786743164,,0.8459461942512375
28.39600944519043,,0.8459461942512375
28.39674186706543,,0.8459461942512375
28.40114402770996,0.9939592439988434,
28.401878356933594,,0.8452008672078437
28.407745361328125,0.9939592439988434,
28.409212112426758,0.9939592439988434,
28.409944534301758,0.9939592439988434,
28.41067886352539,0.9939592439988434,
28.41581153869629,0.9939592439988434,
28.41654396057129,0.9939592439988434,
28.420209884643555,0.9939592439988434,
28.420942306518555,,0.8452008672078437
28.42534065246582,,0.8452008672078437
28.428272247314453,,0.8452008672078437
28.429004669189453,,0.8452008672078437
28.429737091064453,,0.8452008672078437
28.430471420288086,,0.8452008672078437
28.431203842163086,,0.8452008672078437
28.44219207763672,,0.8452008672078437
28.44292449951172,,0.8452008672078437
28.44365882873535,,0.8452008672078437
28.44512176513672,,0.8452008672078437
28.45464324951172,,0.8452008672078437
28.456106185913086,,0.8452008672078437
28.456838607788086,,0.8452008672078437
28.460498809814453,,0.8444407944855349
28.461231231689453,,0.8444407944855349
28.470014572143555,0.9939592439988434,
28.472209930419922,,0.8444407944855349
28.474403381347656,,0.8444407944855349
28.475135803222656,,0.8444407944855349
28.475866317749023,,0.8444407944855349
28.483182907104492,,0.8444407944855349
28.48464584350586,,0.8444407944855349
28.485376358032227,,0.8444407944855349
28.486839294433594,,0.8444407944855349
28.48756980895996,,0.8444407944855349
28.490495681762695,,0.8436710216555577
28.49561309814453,0.9939592439988434,0.8436710216555577
28.49634552001953,0.9939592439988434,
28.500730514526367,,0.8436710216555577
28.501461029052734,,0.8436710216555577
28.505117416381836,,0.8436710216555577
28.50657844543457,,0.8436710216555577
28.526304244995117,,0.8428977209940954
28.53214454650879,0.9939592439988434,
28.532875061035156,0.9939592439988434,
28.54674530029297,,0.8428977209940954
28.549663543701172,,0.8428977209940954
28.552583694458008,,0.8428977209940954
28.553312301635742,,0.8428977209940954
28.55404281616211,,0.8428977209940954
28.556230545043945,,0.8428977209940954
28.55914878845215,,0.8428977209940954
28.56060791015625,,0.8428977209940954
28.561338424682617,,0.8428977209940954
28.563526153564453,,0.8428977209940954
28.564254760742188,,0.8428977209940954
28.564983367919922,,0.8428977209940954
28.56571388244629,,0.8428977209940954
28.566442489624023,,0.8428977209940954
28.567171096801758,,0.8428977209940954
28.567901611328125,,0.8428977209940954
28.578838348388672,,0.8428977209940954
28.582483291625977,0.9939592439988434,
28.58321189880371,0.9939592439988434,
28.583940505981445,0.9939592439988434,
28.585397720336914,0.9939592439988434,
28.58612823486328,0.9939592439988434,
28.591957092285156,,0.8428977209940954
28.59268569946289,,0.8428977209940954
28.59414291381836,,0.8428977209940954
28.597057342529297,,0.8428977209940954
28.617446899414062,0.9939592439988434,
28.623271942138672,,0.8428977209940954
28.623998641967773,,0.8428977209940954
28.624727249145508,,0.8428977209940954
28.626182556152344,,0.8428977209940954
28.626911163330078,0.9939592439988434,
28.62763786315918,,0.8428977209940954
28.636369705200195,,0.8428977209940954
28.637096405029297,,0.8428977209940954
28.639278411865234,,0.8428977209940954
28.643644332885742,,0.8428977209940954
28.64582633972168,,0.8428977209940954
28.64946174621582,,0.8420964874190059
28.65309715270996,,0.8412952538439161
28.669815063476562,,0.8412952538439161
28.674901962280273,,0.8412952538439161
28.675628662109375,,0.8412952538439161
28.676355361938477,,0.8412952538439161
28.677082061767578,,0.840487868763452
28.67780876159668,,0.840487868763452
28.67853355407715,,0.840487868763452
28.690881729125977,,0.840487868763452
28.693784713745117,,0.840487868763452
28.69451141357422,,0.840487868763452
28.72063636779785,0.9939592439988434,
28.731515884399414,,0.840487868763452
28.732240676879883,,0.840487868763452
28.73296546936035,,0.840487868763452
28.73369026184082,,0.840487868763452
28.735139846801758,,0.8396678805988044
28.738040924072266,,0.8388470908816994
28.74311637878418,0.9939592439988434,
28.748912811279297,,0.8380263011645938
28.766300201416016,,0.8372055114474884
28.767024993896484,,0.8372055114474884
28.76774787902832,,0.835562321042292
28.76847267150879,,0.835562321042292
28.769920349121094,,0.8347399171829982
28.788742065429688,0.9939592439988434,
28.789464950561523,0.9939592439988434,
28.794530868530273,,0.833917513323705
28.79525375366211,0.9939592439988434,
28.795976638793945,0.9939592439988434,
28.798871994018555,0.9939592439988434,
28.825626373291016,0.9939592439988434,
28.82634735107422,0.9939592439988434,
28.827070236206055,0.9939592439988434,
28.82779312133789,0.9939592439988434,
28.837186813354492,,0.833095109464411
28.868234634399414,0.9939592439988434,
28.873287200927734,0.9939592439988434,
28.874008178710938,0.9939592439988434,
28.87472915649414,0.9939592439988434,
28.876171112060547,0.9939592439988434,
28.877614974975586,0.9939592439988434,
28.87833595275879,0.9939592439988434,
28.879058837890625,0.9939592439988434,0.833095109464411
28.879779815673828,0.9939592439988434,
28.893482208251953,0.9939592439988434,
28.894203186035156,0.9939592439988434,
28.89492416381836,0.9939592439988434,
28.900691986083984,0.9939592439988434,
28.906457901000977,0.9939592439988434,0.833095109464411
28.90717887878418,0.9939592439988434,
28.908620834350586,0.9939592439988434,0.833095109464411
28.90934181213379,,0.833095109464411
28.910062789916992,,0.833095109464411
28.910781860351562,0.9939592439988434,0.833095109464411
28.911502838134766,0.9939592439988434,
28.91294288635254,,0.833095109464411
28.913663864135742,,0.833095109464411
28.914384841918945,,0.833095109464411
28.91510581970215,,0.833095109464411
28.92591094970703,,0.832259507549201
28.938871383666992,,0.832259507549201
28.94103240966797,,0.832259507549201
28.944631576538086,0.9939592439988434,
28.956865310668945,,0.832259507549201
28.977720260620117,0.9939592439988434,
29.00071907043457,0.9939592439988434,
29.016517639160156,,0.832259507549201
29.0186710357666,,0.832259507549201
29.02872085571289,0.9939592439988434,
29.029438018798828,0.9939592439988434,0.832259507549201
29.0301570892334,0.9939592439988434,
29.030874252319336,,0.832259507549201
29.031591415405273,,0.832259507549201
29.038766860961914,,0.832259507549201
29.04092025756836,,0.832259507549201
29.041637420654297,,0.832259507549201
29.043071746826172,,0.832259507549201
29.06028175354004,0.9939592439988434,
29.060998916625977,0.9939592439988434,
29.061716079711914,0.9939592439988434,
29.06243324279785,0.9939592439988434,
29.06960105895996,0.9939592439988434,
29.0760498046875,,0.832259507549201
29.076765060424805,,0.832259507549201
29.077482223510742,,0.832259507549201
29.088943481445312,,0.832259507549201
29.090375900268555,0.9939592439988434,
29.101116180419922,,0.8313997353306587
29.15404510498047,,0.8313997353306587
29.154760360717773,,0.830539073078764
29.155473709106445,,0.8296775180237033
29.15618896484375,,0.8296775180237033
29.157617568969727,,0.8296775180237033
29.172618865966797,,0.8288105613695507
29.182615280151367,0.9939592439988434,
29.207590103149414,0.9939592439988434,
29.236106872558594,,0.8279436047153989
29.23895835876465,,0.8270766480612468
29.244657516479492,0.9939592439988434,
29.245370864868164,0.9939592439988434,
29.246793746948242,0.9939592439988434,
29.251068115234375,,0.8262096914070939
29.252492904663086,0.9939592439988434,
29.253917694091797,0.9939592439988434,
29.254629135131836,0.9939592439988434,
29.255340576171875,0.9939592439988434,
29.256053924560547,0.9939592439988434,
29.256765365600586,0.9939592439988434,
29.268869400024414,0.9939592439988434,
29.284523010253906,,0.8262096914070939
29.285234451293945,,0.8253409115002517
29.286657333374023,0.9939592439988434,0.8236033516865665
29.287368774414062,0.9939592439988434,
29.28950309753418,,0.8236033516865665
29.29021453857422,,0.8236033516865665
29.292348861694336,,0.8236033516865665
29.293058395385742,,0.8236033516865665
29.29376983642578,,0.8227290381497439
29.32504653930664,0.9939592439988434,
29.33357048034668,,0.8227290381497439
29.339252471923828,,0.8227290381497439
29.34564208984375,0.9939592439988434,
29.34777069091797,,0.8227290381497439
29.348480224609375,0.9939592439988434,
29.355579376220703,,0.8227290381497439
29.356998443603516,,0.8227290381497439
29.358417510986328,,0.8227290381497439
29.37473487854004,0.9939592439988434,0.8218462816710427
29.376861572265625,0.9939592439988434,
29.37757110595703,0.9939592439988434,
29.40450668334961,,0.8218462816710427
29.43708038330078,0.9939592439988434,0.8218462816710427
29.437788009643555,0.9939592439988434,0.8218462816710427
29.438495635986328,0.9939592439988434,
29.4392032623291,,0.8209606714537245
29.44486427307129,,0.8200750612364068
29.457595825195312,0.993462760859983,
29.468910217285156,0.993462760859983,
29.485872268676758,0.993462760859983,0.8200750612364068
29.4865779876709,0.993462760859983,0.8200750612364068
29.4901123046875,0.993462760859983,
29.49081802368164,0.993462760859983,
29.49152374267578,0.993462760859983,
29.49576187133789,0.993462760859983,
29.496469497680664,0.993462760859983,
29.524002075195312,0.993462760859983,
29.52470588684082,0.993462760859983,
29.525413513183594,0.993462760859983,
29.538110733032227,,0.8200750612364068
29.543752670288086,0.993462760859983,
29.580398559570312,,0.8200750612364068
29.583919525146484,,0.8200750612364068
29.6036319732666,,0.8200750612364068
29.60433578491211,,0.8200750612364068
29.605037689208984,,0.8200750612364068
29.605743408203125,,0.8200750612364068
29.628252029418945,0.993462760859983,
29.628955841064453,0.993462760859983,
29.62965965270996,,0.8200750612364068
29.630361557006836,,0.8200750612364068
29.63176727294922,,0.8200750612364068
29.635282516479492,0.993462760859983,0.8200750612364068
29.635986328125,,0.8200750612364068
29.650745391845703,,0.8200750612364068
29.651447296142578,,0.8200750612364068
29.652149200439453,,0.8200750612364068
29.65285301208496,,0.8200750612364068
29.655662536621094,,0.8191628531593924
29.65636444091797,,0.8182486089036344
29.657068252563477,,0.8173333420032948
29.65777015686035,,0.8173333420032948
29.661983489990234,0.993462760859983,
29.662687301635742,0.993462760859983,
29.664091110229492,0.993462760859983,
29.673219680786133,,0.8173333420032948
29.67392349243164,,0.8164160206317987
29.674623489379883,,0.8164160206317987
29.67532730102539,,0.8164160206317987
29.68375015258789,,0.8164160206317987
29.68515396118164,,0.8164160206317987
29.68655776977539,,0.8164160206317987
29.698484420776367,0.993462760859983,
29.699186325073242,0.993462760859983,
29.70549964904785,0.993462760859983,
29.70690155029297,,0.8164160206317987
29.71251106262207,0.993462760859983,
29.71391487121582,0.993462760859983,
29.747549057006836,,0.8164160206317987
29.749650955200195,,0.8164160206317987
29.750349044799805,0.993462760859983,
29.75105094909668,,0.8164160206317987
29.751750946044922,,0.8164160206317987
29.75945281982422,,0.8164160206317987
29.76295280456543,,0.8154840388730861
29.767850875854492,,0.8154840388730861
29.7790470123291,0.993462760859983,
29.78814125061035,0.993462760859983,
29.789539337158203,0.993462760859983,
29.790239334106445,0.993462760859983,
29.79233741760254,,0.8154840388730861
29.79373550415039,0.993462760859983,0.8154840388730861
29.798629760742188,0.993462760859983,
29.79932975769043,,0.8154840388730861
29.80002784729004,,0.8154840388730861
29.80142593383789,,0.8145302563714807
29.802125930786133,,0.8145302563714807
29.802824020385742,,0.8145302563714807
29.815404891967773,0.993462760859983,
29.816102981567383,0.993462760859983,0.8145302563714807
29.816802978515625,0.993462760859983,
29.8174991607666,0.993462760859983,
29.827978134155273,0.993462760859983,0.8145302563714807
29.828678131103516,0.993462760859983,
29.829376220703125,0.993462760859983,
29.83705711364746,0.993462760859983,
29.83775520324707,0.993462760859983,
29.83845329284668,0.993462760859983,
29.83915138244629,0.993462760859983,
29.83985137939453,0.993462760859983,
29.840547561645508,0.993462760859983,
29.84892463684082,0.993462760859983,
29.84962272644043,0.993462760859983,
29.85101890563965,0.993462760859983,
29.851716995239258,0.993462760859983,
29.85660171508789,0.993462760859983,
29.8572998046875,0.993462760859983,
29.864276885986328,,0.8145302563714807
29.92281723022461,,0.8145302563714807
29.923513412475586,,0.8145302563714807
29.924209594726562,,0.8145302563714807
29.940914154052734,,0.8145302563714807
29.947175979614258,,0.8145302563714807
29.947872161865234,,0.8145302563714807
29.948566436767578,,0.8145302563714807
29.94995880126953,,0.8145302563714807
29.95134925842285,,0.8145302563714807
29.958303451538086,,0.8145302563714807
29.958999633789062,,0.8145302563714807
29.959693908691406,,0.8145302563714807
29.960390090942383,,0.8145302563714807
29.981245040893555,0.993462760859983,
29.993749618530273,0.993462760859983,
29.999305725097656,0.993462760859983,
30.021520614624023,,0.8135429469698187
30.022907257080078,,0.8135429469698187
30.024295806884766,,0.8135429469698187
30.025684356689453,,0.8135429469698187
30.027070999145508,,0.812552029860233
30.02984619140625,,0.8115586899704288
30.032621383666992,,0.8105653500806239
30.034008026123047,,0.8105653500806239
30.04787826538086,,0.8095707913688681
30.056198120117188,0.993462760859983,
30.06174087524414,,0.8085762326571126
30.063819885253906,,0.8075816739453576
30.06451416015625,,0.8075816739453576
30.065898895263672,,0.8075816739453576
30.066593170166016,,0.8075816739453576
30.067285537719727,,0.8075816739453576
30.09014320373535,,0.8075816739453576
30.09083366394043,,0.8065797115707362
30.092910766601562,,0.8065797115707362
30.094297409057617,,0.8065797115707362
30.095680236816406,,0.8065797115707362
30.096372604370117,,0.8065797115707362
30.09844970703125,,0.8065797115707362
30.09914207458496,,0.8065797115707362
30.100526809692383,0.993462760859983,
30.10121726989746,,0.8065797115707362
30.11298179626465,,0.8065797115707362
30.113672256469727,,0.8055638681052811
30.11505699157715,,0.8055638681052811
30.116439819335938,,0.8055638681052811
30.11713218688965,,0.8055638681052811
30.126123428344727,,0.8055638681052811
30.130964279174805,,0.8055638681052811
30.133037567138672,,0.8055638681052811
30.141334533691406,,0.8045350509046362
30.143407821655273,,0.8045350509046362
30.14478874206543,,0.8045350509046362
30.160680770874023,,0.8045350509046362
30.163442611694336,,0.8035022716351821
30.188987731933594,,0.8024694923657283
30.189678192138672,0.9929248817257867,
30.191059112548828,,0.8024694923657283
30.20071792602539,0.9929248817257867,
30.215200424194336,0.9929248817257867,
30.24070167541504,,0.8024694923657283
30.241390228271484,,0.8024694923657283
30.24207878112793,,0.8024694923657283
30.242767333984375,,0.8024694923657283
30.243457794189453,,0.8024694923657283
30.24552345275879,,0.8014273241938253
30.259296417236328,,0.8014273241938253
30.261362075805664,,0.8014273241938253
30.26205062866211,,0.8014273241938253
30.270309448242188,,0.8014273241938253
30.270998001098633,,0.8014273241938253
30.273061752319336,,0.8014273241938253
30.28131866455078,,0.8014273241938253
30.308826446533203,,0.8014273241938253
30.310888290405273,,0.8014273241938253
30.31226348876953,,0.8014273241938253
30.31363868713379,,0.8014273241938253
30.338369369506836,0.9929248817257867,
30.33974266052246,,0.8014273241938253
30.340429306030273,,0.8014273241938253
30.341115951538086,,0.8014273241938253
30.343175888061523,,0.8014273241938253
30.38434410095215,0.9929248817257867,
30.385028839111328,0.9929248817257867,0.8003558972898227
30.403535842895508,,0.8003558972898227
30.404905319213867,,0.8003558972898227
30.411758422851562,,0.7992815940719836
30.441200256347656,,0.7992815940719836
30.44598960876465,,0.7992815940719836
30.450096130371094,,0.7992815940719836
30.487703323364258,,0.7992815940719836
30.57708740234375,,0.7982014838097241
30.580495834350586,,0.7982014838097241
30.602968215942383,,0.7971199099834235
30.62202262878418,,0.7971199099834235
30.622703552246094,,0.7971199099834235
30.623384475708008,,0.7971199099834235
30.624744415283203,,0.7971199099834235
30.625425338745117,,0.7971199099834235
30.627466201782227,,0.7971199099834235
30.633586883544922,,0.7971199099834235
30.634267807006836,,0.7971199099834235
30.634946823120117,,0.7971199099834235
30.656021118164062,,0.7971199099834235
30.67368507385254,0.9923855417574396,
30.682514190673828,,0.7971199099834235
30.685230255126953,,0.7971199099834235
30.686588287353516,,0.7971199099834235
30.68862533569336,,0.7971199099834235
30.735429763793945,,0.7971199099834235
30.736106872558594,,0.7971199099834235
30.736785888671875,,0.7971199099834235
30.738819122314453,,0.7971199099834235
30.743562698364258,,0.7960050569624676
30.784194946289062,,0.7960050569624676
30.78487205505371,,0.7960050569624676
30.803138732910156,,0.7960050569624676
30.803813934326172,,0.7960050569624676
30.80449104309082,,0.7960050569624676
30.805166244506836,,0.7960050569624676
30.805843353271484,0.9923855417574396,
30.806520462036133,0.9923855417574396,
30.80719566345215,,0.7960050569624676
30.833559036254883,,0.7948775710460906
30.8342342376709,,0.7948775710460906
30.83558464050293,,0.7948775710460906
30.92531394958496,,0.7948775710460906
30.925987243652344,,0.7948775710460906
30.926660537719727,,0.7948775710460906
30.928009033203125,,0.7948775710460906
30.949556350708008,0.9923855417574396,
30.952247619628906,,0.7937387779643629
30.957632064819336,0.9923855417574396,
30.970417022705078,,0.7937387779643629
31.012765884399414,,0.7937387779643629
31.014110565185547,,0.7937387779643629
31.026199340820312,,0.7937387779643629
31.027542114257812,,0.7937387779643629
31.028213500976562,,0.7937387779643629
31.028884887695312,,0.7937387779643629
31.032913208007812,,0.7937387779643629
31.03358268737793,,0.7937387779643629
31.034255981445312,0.9923855417574396,
31.03559684753418,,0.7937387779643629
31.063108444213867,,0.7925766421254694
31.063777923583984,0.9923855417574396,
31.112028121948242,,0.7925766421254694
31.11336898803711,,0.7925766421254694
31.12407875061035,,0.7925766421254694
31.147499084472656,,0.7925766421254694
31.154855728149414,,0.7925766421254694
31.159536361694336,,0.7925766421254694
31.16956329345703,,0.7925766421254694
31.196287155151367,,0.7925766421254694
31.214981079101562,,0.7925766421254694
31.223655700683594,,0.7925766421254694
31.240331649780273,,0.7925766421254694
31.244333267211914,,0.7925766421254694
31.244998931884766,,0.7925766421254694
31.246999740600586,,0.7925766421254694
31.249666213989258,,0.7925766421254694
31.334218978881836,,0.7925766421254694
31.334884643554688,,0.7925766421254694
31.33555030822754,,0.7925766421254694
31.33687973022461,,0.7925766421254694
31.337543487548828,,0.7925766421254694
31.33820915222168,,0.7925766421254694
31.39798355102539,0.9923855417574396,
31.44373321533203,,0.7925766421254694
31.445720672607422,,0.7925766421254694
31.446382522583008,,0.7925766421254694
31.447708129882812,,0.7925766421254694
31.449033737182617,,0.7925766421254694
31.453006744384766,,0.7913554146337501
31.45433235168457,,0.7901341871420319
31.468900680541992,0.9923855417574396,
31.543621063232422,,0.7901341871420319
31.596412658691406,,0.7901341871420319
31.599050521850586,0.9923855417574396,
31.660306930541992,0.9923855417574396,
31.695819854736328,0.9923855417574396,
31.79819107055664,0.9923855417574396,
31.813257217407227,0.9923855417574396,
31.857757568359375,0.9923855417574396,
31.878023147583008,0.9923855417574396,
31.87867546081543,0.9923855417574396,
31.879329681396484,0.9923855417574396,0.7901341871420319
31.90219497680664,,0.7901341871420319
31.938091278076172,0.9923855417574396,
31.938743591308594,0.9923855417574396,
32.047489166259766,,0.7901341871420319
32.07283401489258,,0.7889015285037447
32.07413101196289,0.9923855417574396,
32.088417053222656,,0.7876688698654576
32.10789108276367,,0.7876688698654576
32.10853958129883,,0.7876688698654576
32.10983657836914,,0.7876688698654576
32.124107360839844,,0.7876688698654576
32.1837158203125,0.9923855417574396,
32.18824768066406,0.9923855417574396,
32.2354621887207,,0.7864245272590356
32.30131530761719,,0.7864245272590356
32.47691345214844,,0.7864245272590356
32.54035949707031,,0.7851762343586247
32.60112380981445,,0.7851762343586247
32.627315521240234,,0.7839259537306654
32.64008331298828,0.9923855417574396,
32.70894241333008,,0.7839259537306654
32.710853576660156,,0.7839259537306654
32.713401794433594,0.9923855417574396,
32.71403884887695,0.9923855417574396,
32.71467590332031,0.9923855417574396,
32.71595001220703,0.9923855417574396,
32.725502014160156,0.9923855417574396,
32.72677230834961,0.9923855417574396,
32.72740936279297,0.9923855417574396,
32.72804641723633,0.9923855417574396,0.7839259537306654
32.72868347167969,0.9923855417574396,0.7839259537306654
32.74077606201172,,0.7839259537306654
32.74140930175781,0.9923855417574396,0.7839259537306654
32.74650192260742,0.9918236020395703,
32.792274475097656,,0.7826595143869968
32.85955047607422,0.9918236020395703,
32.895668029785156,0.9918236020395703,
32.89630126953125,0.9918236020395703,0.7826595143869968
32.896934509277344,0.9918236020395703,
32.90833282470703,0.9918236020395703,0.7826595143869968
32.908966064453125,0.9918236020395703,
32.90959930419922,0.9918236020395703,
32.91023254394531,0.9918236020395703,
32.910865783691406,0.9918236020395703,
32.912132263183594,0.9918236020395703,0.7826595143869968
32.91276168823242,0.9918236020395703,0.7826595143869968
32.913394927978516,0.9918236020395703,
32.91402816772461,,0.7813848246241518
32.92478561401367,0.9918236020395703,0.7813848246241518
32.92542266845703,0.9918236020395703,0.7813848246241518
32.92605209350586,0.9918236020395703,0.7813848246241518
32.92668533325195,0.9918236020395703,
32.92731857299805,0.9918236020395703,
32.92795181274414,0.9918236020395703,
32.93743896484375,0.9918236020395703,
32.962730407714844,0.9918236020395703,
32.96336364746094,0.9918236020395703,0.7813848246241518
32.96399688720703,0.9918236020395703,0.7813848246241518
32.96525955200195,0.9918236020395703,0.7813848246241518
32.96589279174805,0.9918236020395703,
32.98674011230469,,0.7800715728180607
32.99494934082031,0.9918236020395703,
32.995582580566406,0.9918236020395703,
32.996212005615234,0.9918236020395703,
33.01451873779297,,0.7800715728180607
33.017669677734375,,0.7800715728180607
33.01830291748047,,0.7800715728180607
33.0189323425293,0.9918236020395703,0.7800715728180607
33.126651763916016,0.9918236020395703,
33.13105392456055,0.9918236020395703,
33.13671112060547,0.9912264776554401,
33.14990997314453,0.9912264776554401,
33.152427673339844,0.9912264776554401,
33.2202262878418,,0.7787426604282509
33.30039978027344,0.9912264776554401,
33.31791305541992,0.9912264776554401,
33.43090057373047,0.9912264776554401,
33.50559616088867,,0.7774137480384421
33.52238082885742,,0.7760848356486326
33.53667068481445,,0.7747559232588231
33.53791427612305,,0.7747559232588231
33.538536071777344,,0.7747559232588231
33.53915786743164,,0.7747559232588231
33.55467987060547,0.9912264776554401,
33.57454299926758,,0.7734038186807096
33.6086540222168,,0.7734038186807096
33.62042999267578,0.9912264776554401,
33.62724685668945,0.9912264776554401,
33.63034439086914,0.9912264776554401,
33.63282012939453,0.9912264776554401,
33.63529968261719,0.9912264776554401,
33.643348693847656,0.9912264776554401,
33.716339111328125,,0.7720493461436156
33.726844787597656,0.9912264776554401,0.7720493461436156
33.74290084838867,,0.7706901043370242
33.746604919433594,,0.7693308625304338
33.80582046508789,0.9912264776554401,
33.81998825073242,0.9906231748692834,
33.83353805541992,0.9906231748692834,
33.83415603637695,0.9906231748692834,
33.83477020263672,0.9906231748692834,0.7693308625304338
33.83538818359375,0.9906231748692834,
33.84831237792969,0.9906231748692834,
33.868003845214844,0.9906231748692834,
33.92516326904297,,0.7693308625304338
33.93805694580078,,0.7693308625304338
33.966896057128906,0.9906231748692834,
33.96812438964844,0.9906231748692834,
34.05449295043945,,0.7679643778722977
34.076507568359375,,0.7665978932141618
34.09423065185547,0.9906231748692834,
34.13148498535156,0.9906231748692834,
34.1491813659668,,0.7652314085560261
34.1504020690918,0.9906231748692834,
34.190643310546875,0.9906231748692834,0.7652314085560261
34.19124984741211,0.9906231748692834,0.7652314085560261
34.19186019897461,0.9906231748692834,
34.194908142089844,,0.7638600261034171
34.19856262207031,0.9906231748692834,
34.20221710205078,0.9906231748692834,
34.20282745361328,0.9906231748692834,
34.203433990478516,0.9906231748692834,
34.204654693603516,0.9906231748692834,
34.20526123046875,0.9906231748692834,
34.216224670410156,,0.7638600261034171
34.22352981567383,0.9906231748692834,
34.22840118408203,0.9906231748692834,
34.23387908935547,0.9906231748692834,
34.23631286621094,0.9906231748692834,
34.23691940307617,0.9906231748692834,0.7638600261034171
34.243614196777344,0.9906231748692834,
34.24848175048828,0.9906231748692834,
34.26307678222656,0.9906231748692834,
34.27766418457031,0.9906231748692834,
34.27827453613281,0.9906231748692834,
34.27888107299805,0.9906231748692834,
34.27948760986328,0.9906231748692834,
34.28009796142578,0.9906231748692834,
34.31229019165039,0.9906231748692834,
34.3383903503418,,0.7638600261034171
34.3402099609375,0.9906231748692834,
34.3614387512207,0.9906231748692834,
34.363861083984375,0.9906231748692834,
34.36871337890625,,0.7638600261034171
34.380226135253906,,0.7624787240670633
34.38931655883789,,0.7624787240670633
34.390525817871094,0.9906231748692834,
34.40324783325195,0.9906231748692834,
34.40385055541992,0.9906231748692834,
34.404457092285156,0.9906231748692834,
34.40808868408203,0.9906231748692834,
34.408695220947266,0.9906231748692834,
34.412933349609375,,0.7610949151304619
34.414146423339844,0.9906231748692834,
34.41474914550781,0.9906231748692834,
34.41596221923828,0.9906231748692834,
34.41656494140625,0.9906231748692834,0.7597111061938613
34.41898727416992,0.9906231748692834,0.7597111061938613
34.419593811035156,0.9906231748692834,0.7597111061938613
34.420196533203125,0.9906231748692834,
34.42564392089844,0.9906231748692834,
34.42625045776367,0.9906231748692834,
34.496978759765625,,0.7583222376267794
34.516902923583984,0.9906231748692834,
34.5338020324707,,0.7583222376267794
34.53500747680664,,0.7583222376267794
34.53561019897461,,0.7583222376267794
34.53621292114258,,0.7583222376267794
34.5428466796875,0.9906231748692834,
34.55189514160156,,0.7583222376267794
34.56756591796875,,0.7569153318055791
34.569976806640625,,0.7555084259843793
34.60070037841797,,0.7555084259843793
34.60190200805664,,0.7555084259843793
34.610931396484375,0.9906231748692834,
34.611534118652344,0.9906231748692834,0.7555084259843793
34.61213684082031,,0.7555084259843793
34.61273956298828,0.9906231748692834,0.7555084259843793
34.61334228515625,0.9906231748692834,
34.61394119262695,,0.7555084259843793
34.65484619140625,,0.7555084259843793
34.65544509887695,,0.7555084259843793
34.65604782104492,,0.7555084259843793
34.65665054321289,,0.7555084259843793
34.68429183959961,,0.7555084259843793
34.739505767822266,0.98996231884869,
34.755096435546875,,0.7540442623681307
34.77127456665039,0.98996231884869,
34.7802619934082,,0.752580098751882
34.81079864501953,0.9893010213745084,
34.8407096862793,,0.752580098751882
34.841304779052734,,0.752580098751882
34.84190368652344,,0.752580098751882
34.84250259399414,,0.752580098751882
34.85087203979492,0.9893010213745084,
34.851470947265625,0.9893010213745084,
34.85206604003906,0.9893010213745084,
34.85505676269531,0.9893010213745084,
34.855655670166016,0.9893010213745084,0.752580098751882
34.912986755371094,,0.752580098751882
34.930885314941406,0.9893010213745084,
34.98511505126953,0.9893010213745084,
34.986305236816406,0.9893010213745084,
34.99583435058594,,0.752580098751882
35.02201461791992,0.9893010213745084,
35.0232048034668,0.9893010213745084,
35.02677536010742,0.9893010213745084,
35.02737045288086,0.9893010213745084,
35.03272247314453,0.9893010213745084,
35.03331756591797,0.9893010213745084,
35.03510284423828,0.9893010213745084,
35.03569793701172,0.9893010213745084,
35.03628921508789,0.9893010213745084,
35.03688430786133,0.9893010213745084,
35.037479400634766,0.9893010213745084,
35.0380744934082,0.9893010213745084,
35.03866958618164,0.9893010213745084,0.752580098751882
35.03926467895508,0.9893010213745084,0.752580098751882
35.041046142578125,0.9893010213745084,
35.04164123535156,0.9893010213745084,0.752580098751882
35.042236328125,0.9893010213745084,0.752580098751882
35.04283142089844,0.9893010213745084,0.752580098751882
35.050559997558594,0.9893010213745084,0.752580098751882
35.05115509033203,0.9893010213745084,0.752580098751882
35.099266052246094,0.9893010213745084,
35.1170654296875,0.9893010213745084,
35.11766052246094,0.9893010213745084,
35.11825180053711,0.9893010213745084,0.752580098751882
35.11884689331055,0.9893010213745084,
35.11943817138672,0.9893010213745084,
35.18404006958008,0.9886101687059503,
35.185813903808594,,0.752580098751882
35.18640899658203,,0.752580098751882
35.20475769042969,0.9886101687059503,
35.208309173583984,0.9886101687059503,
35.213043212890625,0.9886101687059503,
35.2136344909668,0.9886101687059503,
35.224281311035156,,0.752580098751882
35.2254638671875,0.9886101687059503,
35.226646423339844,,0.752580098751882
35.227237701416016,,0.752580098751882
35.22782897949219,0.9886101687059503,0.752580098751882
35.234336853027344,0.9879149435521488,0.7509788644992182
35.23847198486328,,0.7509788644992182
35.23906326293945,,0.7509788644992182
35.239654541015625,,0.7509788644992182
35.245567321777344,0.9879149435521488,
35.26979446411133,,0.7493498431011724
35.290462493896484,0.9879149435521488,
35.34885787963867,0.9879149435521488,
35.34944534301758,0.9879149435521488,0.7493498431011724
35.35003662109375,0.9879149435521488,0.7493498431011724
35.35121536254883,,0.7493498431011724
35.361820220947266,,0.7477065320417395
35.378902435302734,,0.7477065320417395
35.3824348449707,,0.7477065320417395
35.41304016113281,,0.7477065320417395
35.444793701171875,0.9879149435521488,
35.4471435546875,,0.7460523140504967
35.449493408203125,,0.7460523140504967
35.451847076416016,,0.7443944200192735
35.458309173583984,0.9879149435521488,
35.46535873413086,0.9879149435521488,
35.467708587646484,,0.7443944200192735
35.480628967285156,,0.7427328253317309
35.546329498291016,0.9879149435521488,
35.54691696166992,0.9879149435521488,
35.55219268798828,0.9879149435521488,
35.55277633666992,0.9879149435521488,
35.55336380004883,0.9879149435521488,
35.553951263427734,0.9879149435521488,0.7427328253317309
35.554534912109375,0.9879149435521488,0.7427328253317309
35.557464599609375,0.9879149435521488,
35.55805206298828,0.9879149435521488,
35.55863571166992,0.9879149435521488,
35.55922317504883,,0.7427328253317309
35.62653350830078,,0.7410524343241932
35.65108871459961,0.9879149435521488,
35.65225601196289,0.9879149435521488,
35.70188903808594,,0.7410524343241932
35.70597457885742,,0.7410524343241932
35.730472564697266,,0.7393643877767577
35.735137939453125,0.9879149435521488,0.7393643877767577
35.7357177734375,0.9879149435521488,0.7393643877767577
35.73630142211914,0.9879149435521488,0.7393643877767577
35.73688507080078,0.9879149435521488,0.7393643877767577
35.73746871948242,0.9879149435521488,0.7393643877767577
35.752620697021484,,0.7393643877767577
35.754371643066406,,0.7376328552526905
35.76951599121094,0.9879149435521488,0.7376328552526905
35.77009963989258,0.9879149435521488,0.7376328552526905
35.77592086791992,,0.7358931551223773
35.7770881652832,0.9879149435521488,
35.77766799926758,0.9879149435521488,
35.77883529663086,,0.7358931551223773
35.80561065673828,0.9879149435521488,0.7358931551223773
35.806190490722656,0.9879149435521488,
35.85154724121094,,0.7341326451818933
35.85212707519531,,0.7341326451818933
35.860843658447266,,0.7341326451818933
35.86142349243164,0.9879149435521488,
35.864906311035156,,0.7341326451818933
35.89800262451172,,0.7323593779230002
35.922950744628906,,0.7323593779230002
35.92700958251953,0.9879149435521488,
35.927589416503906,0.9879149435521488,
35.92816925048828,0.9879149435521488,
35.928749084472656,0.9879149435521488,
35.929908752441406,0.9879149435521488,
35.93048858642578,0.9879149435521488,
35.931068420410156,0.9879149435521488,
35.93164825439453,0.9879149435521488,
35.946720123291016,0.9879149435521488,
35.94845962524414,0.9879149435521488,
35.949039459228516,0.9879149435521488,
35.95367431640625,0.9879149435521488,
35.954254150390625,0.9879149435521488,
35.954833984375,0.9879149435521488,
35.95599365234375,0.9879149435521488,
36.010414123535156,,0.7323593779230002
36.01099395751953,0.9879149435521488,
36.01272964477539,0.9879149435521488,
36.013309478759766,0.9879149435521488,
36.02140426635742,0.9879149435521488,
36.0219841003418,0.9879149435521488,
36.023719787597656,0.9879149435521488,0.7323593779230002
36.03065872192383,0.9879149435521488,
36.03123474121094,0.9879149435521488,
36.03239440917969,0.9879149435521488,
36.0329704284668,0.9879149435521488,
36.03412628173828,0.9879149435521488,
36.034706115722656,0.9879149435521488,
36.03643798828125,0.9879149435521488,
36.03817367553711,0.9879149435521488,0.7323593779230002
36.05146789550781,0.9879149435521488,
36.05320358276367,0.9879149435521488,
36.05377960205078,0.9879149435521488,
36.05435562133789,0.9879149435521488,
36.054935455322266,0.9879149435521488,
36.055511474609375,0.9879149435521488,
36.05666732788086,,0.7323593779230002
36.071685791015625,0.9879149435521488,
36.09651565551758,,0.7305555370906773
36.10517120361328,0.9879149435521488,
36.13285827636719,0.9879149435521488,
36.139774322509766,0.9879149435521488,
36.204280853271484,,0.7305555370906773
36.208309173583984,0.9879149435521488,
36.208885192871094,0.9879149435521488,
36.21003341674805,0.9879149435521488,
36.211185455322266,0.9879149435521488,
36.214637756347656,0.9879149435521488,
36.215213775634766,0.9879149435521488,
36.240516662597656,,0.7305555370906773
36.27901077270508,,0.7305555370906773
36.346710205078125,0.9879149435521488,
36.3713493347168,,0.728738234759606
36.443450927734375,0.9879149435521488,
36.44401931762695,0.9879149435521488,0.728738234759606
36.45487976074219,0.9879149435521488,
36.45545196533203,0.9879149435521488,
36.45659637451172,0.9879149435521488,
36.4571647644043,0.9879149435521488,0.728738234759606
36.45773696899414,0.9879149435521488,
36.45945358276367,0.9879149435521488,
36.460025787353516,0.9879149435521488,0.728738234759606
36.46116638183594,0.9879149435521488,
36.46173858642578,0.9879149435521488,0.728738234759606
36.462310791015625,0.9879149435521488,0.728738234759606
36.4628791809082,0.9879149435521488,0.728738234759606
36.46630859375,,0.728738234759606
36.466880798339844,0.9870978096038016,
36.489723205566406,,0.728738234759606
36.501712799072266,,0.726874454108047
36.541072845458984,0.9870978096038016,
36.553043365478516,,0.7250106734564875
36.56216049194336,0.9870978096038016,
36.56557846069336,0.9870978096038016,
36.587223052978516,0.9870978096038016,0.7250106734564875
36.58779525756836,0.9870978096038016,0.7250106734564875
36.58836364746094,0.9870978096038016,
36.588932037353516,0.9870978096038016,0.7250106734564875
36.589500427246094,0.9870978096038016,0.7250106734564875
36.60601043701172,0.9870978096038016,
36.6929817199707,0.9862662191997549,
36.797306060791016,0.9862662191997549,
36.82051086425781,,0.7250106734564875
36.885520935058594,,0.7231077583030583
36.925601959228516,0.9862662191997549,
36.9588737487793,,0.7231077583030583
36.96902084350586,,0.7211998222653196
36.99605941772461,0.9862662191997549,
36.99774932861328,0.9862662191997549,0.7211998222653196
36.99831008911133,0.9862662191997549,
36.99887466430664,0.9862662191997549,
36.99943923950195,0.9862662191997549,0.7211998222653196
37.0,0.9862662191997549,0.7211998222653196
37.00168991088867,0.9862662191997549,
37.00225067138672,0.9862662191997549,
37.00281524658203,0.9862662191997549,
37.008445739746094,0.9862662191997549,0.7211998222653196
37.00900650024414,0.9862662191997549,
37.00957107543945,0.9862662191997549,
37.010135650634766,0.9862662191997549,0.7211998222653196
37.01069641113281,0.9862662191997549,
37.02138900756836,,0.7211998222653196
37.03826904296875,,0.7192185040722828
37.039955139160156,0.9862662191997549,
37.06132125854492,0.9862662191997549,
37.082115173339844,,0.7192185040722828
37.09054183959961,,0.7192185040722828
37.1640510559082,,0.7192185040722828
37.18758773803711,0.9862662191997549,
37.188148498535156,0.9862662191997549,0.7192185040722828
37.1887092590332,0.9862662191997549,
37.1898307800293,0.9862662191997549,
37.19038772583008,0.9862662191997549,
37.19150924682617,0.9862662191997549,
37.23237991333008,,0.7192185040722828
37.31509780883789,0.9862662191997549,
37.33686828613281,,0.7172095138374438
37.390953063964844,0.9862662191997549,
37.39318084716797,,0.7172095138374438
37.39373779296875,,0.7151948803716084
37.40543746948242,0.9862662191997549,
37.422698974609375,0.9862662191997549,
37.466094970703125,,0.7151948803716084
37.468875885009766,0.9862662191997549,
37.46998977661133,0.9862662191997549,
37.470542907714844,0.9862662191997549,
37.47943878173828,,0.7151948803716084
37.49611282348633,,0.7151948803716084
37.496665954589844,0.9862662191997549,0.7151948803716084
37.53276443481445,,0.7131514664276897
37.53387451171875,0.9862662191997549,
37.534427642822266,0.9862662191997549,0.7131514664276897
37.53720474243164,,0.7110962748817888
37.55551528930664,,0.7090410833358877
37.56050491333008,,0.7069858917899862
37.61870193481445,,0.7049307002440849
37.649147033691406,,0.7049307002440849
37.64970016479492,,0.7049307002440849
37.65025329589844,,0.7049307002440849
37.68399429321289,,0.702838917750779
37.684547424316406,0.9862662191997549,
37.685096740722656,0.9862662191997549,0.702838917750779
37.6867561340332,0.9862662191997549,0.702838917750779
37.68730926513672,0.9862662191997549,
37.68952178955078,0.9862662191997549,
37.6900749206543,,0.702838917750779
37.69062805175781,0.9862662191997549,
37.69118118286133,0.9862662191997549,0.702838917750779
37.69173049926758,0.9862662191997549,0.702838917750779
37.693389892578125,0.9862662191997549,
37.69394302368164,0.9862662191997549,0.702838917750779
37.694496154785156,0.9862662191997549,0.702838917750779
37.69504928588867,0.9862662191997549,0.702838917750779
37.725433349609375,,0.7006696618317952
37.77565383911133,,0.7006696618317952
37.781166076660156,0.9862662191997549,
37.78171920776367,0.9862662191997549,
37.78227233886719,,0.7006696618317952
37.78502655029297,0.9862662191997549,
37.81534194946289,,0.7006696618317952
37.83076477050781,0.9862662191997549,
37.83131408691406,0.9862662191997549,0.7006696618317952
37.83186340332031,0.9862662191997549,0.7006696618317952
37.86599349975586,0.9853366563164377,
37.870391845703125,,0.7006696618317952
37.874794006347656,,0.7006696618317952
37.88029479980469,0.9853366563164377,
37.89788818359375,0.9853366563164377,
37.8984375,0.9853366563164377,
37.898990631103516,0.9853366563164377,
37.91162872314453,0.9853366563164377,0.7006696618317952
37.91217803955078,0.9853366563164377,0.7006696618317952
37.91272735595703,0.9853366563164377,0.7006696618317952
37.91547775268555,0.9853366563164377,0.7006696618317952
37.9160270690918,0.9853366563164377,0.7006696618317952
37.91657638549805,0.9853366563164377,0.7006696618317952
37.9171257019043,0.9853366563164377,0.7006696618317952
37.9248161315918,0.9853366563164377,
37.9259147644043,0.9853366563164377,
37.92646408081055,0.9853366563164377,0.7006696618317952
37.9270133972168,0.9853366563164377,0.7006696618317952
37.9281120300293,,0.6983105047212502
37.9292106628418,,0.6959513476107059
37.94239044189453,0.9853366563164377,
38.02192306518555,0.9853366563164377,
38.027950286865234,0.9853366563164377,
38.03178405761719,0.9853366563164377,0.6959513476107059
38.03233337402344,0.9853366563164377,
38.03342819213867,0.9853366563164377,
38.03397750854492,0.9853366563164377,0.6959513476107059
38.035072326660156,0.9853366563164377,
38.05259704589844,,0.6935679525846421
38.065185546875,0.9853366563164377,
38.08488464355469,,0.6911845575585777
38.12370300292969,0.9853366563164377,
38.12424850463867,0.9853366563164377,
38.124794006347656,0.9853366563164377,
38.12533950805664,0.9853366563164377,
38.12588882446289,0.9853366563164377,
38.13845443725586,0.9853366563164377,0.6911845575585777
38.138999938964844,0.9853366563164377,
38.13954544067383,0.9853366563164377,
38.15592956542969,0.9853366563164377,
38.15647506713867,0.9853366563164377,
38.169578552246094,,0.6887929154909009
38.17066955566406,,0.6887929154909009
38.172306060791016,0.9853366563164377,
38.1728515625,0.9853366563164377,
38.17558288574219,0.9853366563164377,0.6887929154909009
38.176124572753906,0.9853366563164377,0.6887929154909009
38.176673889160156,0.9853366563164377,
38.17721939086914,0.9853366563164377,
38.17940139770508,0.9853366563164377,
38.17994689941406,0.9853366563164377,0.6887929154909009
38.20613098144531,0.9853366563164377,
38.2066764831543,0.9853366563164377,
38.22248458862305,0.9853366563164377,
38.23392868041992,,0.6887929154909009
38.24536895751953,0.9853366563164377,
38.245914459228516,0.9853366563164377,
38.2464599609375,0.9853366563164377,0.6887929154909009
38.247005462646484,0.9853366563164377,0.6887929154909009
38.25136184692383,0.9853366563164377,
38.25190734863281,0.9853366563164377,
38.26606369018555,0.9853366563164377,
38.29164505004883,,0.6887929154909009
38.3057861328125,0.9853366563164377,
38.306331634521484,0.9853366563164377,
38.3068733215332,0.9853366563164377,0.6887929154909009
38.30741882324219,0.9853366563164377,0.6887929154909009
38.30796432495117,0.9853366563164377,0.6887929154909009
38.3106803894043,0.9853366563164377,
38.31122589111328,,0.6887929154909009
38.311767578125,0.9853366563164377,
38.33949279785156,,0.6887929154909009
38.34492492675781,,0.6862418306187122
38.37425231933594,0.9853366563164377,
38.37479782104492,0.9853366563164377,
38.37533950805664,0.9853366563164377,
38.37588119506836,,0.6862418306187122
38.39107894897461,,0.6862418306187122
38.39759063720703,,0.6862418306187122
38.39813232421875,,0.6862418306187122
38.398677825927734,0.9853366563164377,0.6862418306187122
38.39921951293945,0.9853366563164377,0.6862418306187122
38.39976119995117,0.9853366563164377,0.6862418306187122
38.40030288696289,0.9853366563164377,
38.42470932006836,,0.6862418306187122
38.42525100708008,,0.6862418306187122
38.4257926940918,,0.6862418306187122
38.42633819580078,,0.6862418306187122
38.429588317871094,,0.6862418306187122
38.43067169189453,,0.6862418306187122
38.43230056762695,0.9853366563164377,
38.457767486572266,0.9853366563164377,0.6862418306187122
38.458309173583984,0.9853366563164377,0.6862418306187122
38.46210479736328,0.9853366563164377,
38.462642669677734,0.9853366563164377,
38.46480941772461,0.9853366563164377,0.6862418306187122
38.519474029541016,0.9853366563164377,0.6862418306187122
38.520015716552734,0.9853366563164377,
38.52055740356445,0.9853366563164377,
38.56001663208008,,0.6834858393310872
38.56488037109375,0.9853366563164377,
38.56650161743164,,0.6834858393310872
38.567039489746094,0.9853366563164377,0.6834858393310872
38.56758117675781,0.9853366563164377,
38.57352066040039,,0.6834858393310872
38.586483001708984,0.9853366563164377,
38.610233306884766,0.9853366563164377,
38.61562728881836,0.9853366563164377,
38.61940383911133,0.9853366563164377,
38.61994171142578,0.9853366563164377,
38.6204833984375,,0.6834858393310872
38.63180923461914,0.9853366563164377,
38.632347106933594,0.9853366563164377,0.6834858393310872
38.633968353271484,0.9853366563164377,0.6834858393310872
38.63450622558594,0.9853366563164377,
38.63558578491211,0.9853366563164377,
38.63612365722656,0.9853366563164377,
38.636661529541016,0.9853366563164377,0.6834858393310872
38.637203216552734,0.9853366563164377,0.6834858393310872
38.63774108886719,0.9853366563164377,
38.63882064819336,0.9853366563164377,
38.64529037475586,0.9853366563164377,
38.646907806396484,0.9853366563164377,
38.651756286621094,0.9853366563164377,
38.65229797363281,0.9853366563164377,
38.669002532958984,0.9853366563164377,
38.66954040527344,0.9853366563164377,
38.67007827758789,0.9853366563164377,
38.670616149902344,0.9853366563164377,
38.67115783691406,0.9853366563164377,
38.671695709228516,0.9853366563164377,
38.67223358154297,0.9853366563164377,
38.67277145385742,0.9853366563164377,
38.688392639160156,,0.6834858393310872
38.69539260864258,0.9853366563164377,
38.69593048095703,0.9853366563164377,
38.696468353271484,0.9853366563164377,
38.699161529541016,,0.6834858393310872
38.70023727416992,,0.6834858393310872
38.700775146484375,,0.6834858393310872
38.70131301879883,,0.6834858393310872
38.71315383911133,,0.6805011850108641
38.73413848876953,,0.677516530690641
38.741127014160156,0.9853366563164377,
38.74166488647461,0.9853366563164377,
38.74381637573242,0.9853366563164377,
38.744354248046875,0.9853366563164377,
38.74489212036133,0.9853366563164377,0.677516530690641
38.761558532714844,0.9853366563164377,
38.7620964050293,0.9853366563164377,
38.762630462646484,0.9853366563164377,
38.77015686035156,0.9853366563164377,
38.87104797363281,,0.6745186699353725
38.876407623291016,,0.6715208091801039
38.88337326049805,,0.668522948424836
38.89515686035156,0.9853366563164377,0.668522948424836
38.895694732666016,0.9853366563164377,0.668522948424836
38.8962287902832,0.9853366563164377,
38.896766662597656,0.9853366563164377,0.668522948424836
38.91604232788086,,0.6654703322219826
38.9267463684082,0.9853366563164377,
38.927284240722656,0.9853366563164377,
38.933170318603516,0.9853366563164377,
38.9337043762207,0.9853366563164377,
38.95029067993164,,0.6624177160191297
38.99305725097656,,0.6593650998162767
39.00640869140625,0.9853366563164377,
39.00694274902344,0.9853366563164377,
39.007476806640625,0.9853366563164377,
39.00801086425781,0.9853366563164377,
39.008544921875,0.9853366563164377,
39.00907897949219,0.9853366563164377,0.6593650998162767
39.009613037109375,0.9853366563164377,0.6593650998162767
39.01121520996094,0.9853366563164377,
39.06245040893555,0.9853366563164377,
39.22743606567383,0.9853366563164377,
39.22796630859375,0.9853366563164377,
39.22849655151367,0.9853366563164377,
39.230621337890625,0.9853366563164377,
39.23115158081055,0.9853366563164377,0.6593650998162767
39.2332763671875,,0.6562694890190168
39.2407112121582,,0.6531738782217574
39.25185775756836,0.9853366563164377,
39.25238800048828,0.9853366563164377,
39.2529182434082,0.9853366563164377,
39.25345230102539,0.9853366563164377,
39.25398254394531,0.9853366563164377,
39.26671600341797,,0.6500782674244977
39.29482650756836,0.9853366563164377,0.6500782674244977
39.29535675048828,0.9853366563164377,
39.29800796508789,0.9853366563164377,
39.29853820800781,0.9853366563164377,
39.39543151855469,,0.6500782674244977
39.469398498535156,0.9853366563164377,
39.47045135498047,0.9853366563164377,
39.475730895996094,0.9853366563164377,
39.47625732421875,0.9853366563164377,0.6500782674244977
39.47889709472656,0.9853366563164377,0.6500782674244977
39.47942352294922,0.9853366563164377,0.6500782674244977
39.47995376586914,0.9853366563164377,
39.48100662231445,0.9853366563164377,
39.486812591552734,0.9853366563164377,0.6500782674244977
39.48733901977539,0.9853366563164377,
39.48786544799805,0.9853366563164377,
39.48839569091797,0.9853366563164377,
39.488922119140625,0.9853366563164377,
39.4899787902832,,0.6500782674244977
39.511600494384766,,0.6500782674244977
39.55007553100586,0.9853366563164377,0.6500782674244977
39.550601959228516,0.9853366563164377,
39.55112838745117,0.9853366563164377,
39.57166290283203,,0.6468440471885547
39.60271453857422,,0.6436098269526122
39.64687728881836,0.9853366563164377,
39.647403717041016,0.9853366563164377,
39.66579055786133,,0.6403756067166694
39.70883560180664,0.9853366563164377,
39.71250915527344,0.9853366563164377,
39.72090148925781,0.9853366563164377,0.6403756067166694
39.7214241027832,0.9853366563164377,0.6403756067166694
39.72562026977539,0.9853366563164377,
39.72614669799805,0.9853366563164377,
39.72824478149414,,0.6403756067166694
39.73296356201172,0.9853366563164377,
39.73348617553711,0.9853366563164377,0.6403756067166694
39.734012603759766,0.9853366563164377,
39.748165130615234,0.9853366563164377,
39.775936126708984,0.9853366563164377,
39.78116989135742,,0.6403756067166694
39.84082794189453,0.9853366563164377,
39.848670959472656,0.9853366563164377,
39.851806640625,0.9853366563164377,
39.86330795288086,0.9853366563164377,
39.87428283691406,0.9853366563164377,
39.87480545043945,0.9853366563164377,
39.87532424926758,0.9853366563164377,0.6403756067166694
39.876373291015625,0.9853366563164377,0.6403756067166694
39.87793731689453,0.9853366563164377,
39.912925720214844,0.9853366563164377,
39.913448333740234,0.9853366563164377,0.6403756067166694
39.913970947265625,0.9853366563164377,
39.923885345458984,,0.6403756067166694
39.924407958984375,0.9853366563164377,0.6403756067166694
39.924930572509766,0.9853366563164377,0.6403756067166694
39.92858123779297,,0.6403756067166694
39.94788360595703,0.9853366563164377,
39.96039581298828,0.9853366563164377,
39.96300506591797,,0.636837619939229
39.985416412353516,,0.636837619939229
40.02238845825195,,0.636837619939229
40.07596969604492,0.9853366563164377,
40.07648849487305,0.9853366563164377,
40.08064651489258,0.9853366563164377,
40.08116912841797,0.9853366563164377,
40.081687927246094,0.9853366563164377,0.636837619939229
40.0853271484375,0.9853366563164377,
40.085845947265625,0.9853366563164377,
40.08636474609375,0.9853366563164377,0.636837619939229
40.107666015625,0.9853366563164377,
40.108184814453125,0.9853366563164377,0.633219224371393
40.108707427978516,0.9853366563164377,0.633219224371393
40.11286163330078,0.9853366563164377,
40.113380432128906,0.9853366563164377,0.633219224371393
40.11389923095703,0.9853366563164377,
40.18498992919922,,0.6294723650555859
40.20572280883789,,0.6294723650555859
40.20882797241211,,0.6294723650555859
40.25025939941406,0.9853366563164377,
40.25129318237305,0.9853366563164377,0.6294723650555859
40.25181198120117,0.9853366563164377,
40.26526641845703,0.9853366563164377,
40.275611877441406,0.9853366563164377,
40.27613067626953,0.9853366563164377,
40.277164459228516,0.9853366563164377,0.6294723650555859
40.27768325805664,0.9853366563164377,
40.2781982421875,0.9853366563164377,
40.3355712890625,,0.6256105714049378
40.37532043457031,0.9853366563164377,0.6256105714049378
40.376869201660156,0.9853366563164377,
40.37738800048828,0.9853366563164377,0.6256105714049378
40.37841796875,0.9853366563164377,
40.37893295288086,,0.6256105714049378
40.382545471191406,0.9853366563164377,
40.39492416381836,0.9853366563164377,
40.43461990356445,0.9853366563164377,
40.435646057128906,0.9853366563164377,0.6256105714049378
40.43616485595703,0.9853366563164377,
40.44389343261719,0.9853366563164377,0.6256105714049378
40.44440460205078,0.9853366563164377,
40.44852828979492,0.9853366563164377,
40.44904327392578,0.9853366563164377,
40.4526481628418,,0.6256105714049378
40.45728302001953,,0.6256105714049378
40.47581481933594,0.9853366563164377,
40.53702163696289,0.9830610520293334,
40.54164505004883,0.9830610520293334,
40.594539642333984,0.9830610520293334,
40.595054626464844,0.9830610520293334,0.6215743741700673
40.59556579589844,0.9830610520293334,
40.60018539428711,,0.6175381769351965
40.60429000854492,,0.613501979700326
40.64223861694336,0.9830610520293334,
40.64326477050781,0.9830610520293334,
40.676055908203125,,0.6094657824654555
40.79317855834961,0.9830610520293334,
40.812068939208984,,0.6094657824654555
40.8651237487793,0.9830610520293334,
40.874298095703125,,0.6054026772490192
40.89468002319336,0.9830610520293334,
40.89570236206055,0.9830610520293334,
40.896209716796875,0.9830610520293334,
40.92167282104492,0.9830610520293334,
40.92981719970703,0.9830610520293334,
40.930328369140625,0.9830610520293334,0.6054026772490192
40.93898010253906,,0.6013121186189584
40.94966506958008,0.9830610520293334,
40.950172424316406,0.9830610520293334,
40.95068359375,0.9830610520293334,
40.95119094848633,0.9830610520293334,
40.973060607910156,0.9830610520293334,
40.97712707519531,0.9830610520293334,
40.97865295410156,0.9830610520293334,
40.98221206665039,0.9830610520293334,
40.98271942138672,0.9830610520293334,
41.01117706298828,0.9830610520293334,
41.01219177246094,0.9830610520293334,
41.014732360839844,0.9830610520293334,0.5972215599888975
41.016258239746094,0.9830610520293334,
41.022857666015625,0.9830610520293334,
41.03403091430664,0.9830610520293334,
41.03453826904297,0.9830610520293334,0.5972215599888975
41.1065673828125,,0.5972215599888975
41.1334228515625,0.9830610520293334,0.5972215599888975
41.13392639160156,0.9830610520293334,
41.13443374633789,0.9830610520293334,
41.218421936035156,0.9830610520293334,
41.23560333251953,0.9830610520293334,
41.27701187133789,,0.5972215599888975
41.298709869384766,0.9803896904749059,
41.31283187866211,,0.5930157743551729
41.35718536376953,0.9803896904749059,0.5930157743551729
41.357688903808594,0.9803896904749059,
41.36322784423828,0.9803896904749059,0.5930157743551729
41.363731384277344,0.9803896904749059,
41.364234924316406,0.9803896904749059,
41.36473846435547,0.9803896904749059,
41.48493576049805,0.9803896904749059,0.5930157743551729
41.48543930053711,0.9803896904749059,0.5930157743551729
41.48644256591797,0.9803896904749059,
41.48694610595703,0.9803896904749059,0.5930157743551729
41.491966247558594,0.9803896904749059,
41.55418014526367,0.9803896904749059,
41.562705993652344,0.9803896904749059,
41.565208435058594,0.9803896904749059,
41.61229705810547,0.9803896904749059,
41.612796783447266,0.9803896904749059,
41.613800048828125,0.9803896904749059,
41.61429977416992,0.9803896904749059,0.5930157743551729
41.61479949951172,0.9803896904749059,0.5930157743551729
41.61530303955078,0.9803896904749059,
41.641326904296875,0.9803896904749059,
41.65733337402344,0.9803896904749059,
41.657833099365234,0.9803896904749059,0.5930157743551729
41.65833282470703,0.9803896904749059,
41.65883255004883,0.9803896904749059,
41.659332275390625,,0.5930157743551729
41.65983200073242,0.9803896904749059,0.5930157743551729
41.67683410644531,,0.5930157743551729
41.690826416015625,,0.5930157743551729
41.69182586669922,0.9803896904749059,
41.77918243408203,0.9803896904749059,
41.77967834472656,0.9803896904749059,
41.78017807006836,0.9803896904749059,
41.780677795410156,0.9803896904749059,0.5930157743551729
41.78815460205078,,0.5930157743551729
41.80061721801758,0.9803896904749059,
41.822540283203125,,0.5930157743551729
41.84694290161133,,0.58811481754232
41.86784744262695,0.9803896904749059,
41.941925048828125,0.9803896904749059,
41.96725082397461,,0.58811481754232
41.97568893432617,0.9803896904749059,
41.988094329833984,,0.58811481754232
42.01487731933594,0.9803896904749059,
42.017356872558594,0.9803896904749059,
42.01934051513672,0.9803896904749059,
42.02082824707031,0.9803896904749059,
42.021324157714844,0.9803896904749059,
42.02479553222656,,0.58811481754232
42.04511260986328,0.9803896904749059,
42.18313217163086,0.9803896904749059,
42.21275329589844,,0.58811481754232
42.22311782836914,,0.5830448622186795
42.24383544921875,,0.5779749068950388
42.33940124511719,,0.5729049515713981
42.4047966003418,0.9770997921847216,
42.48970413208008,,0.5678349962477571
42.52989196777344,0.9770997921847216,
42.54703140258789,0.9770997921847216,
42.583251953125,0.9770997921847216,
42.61112976074219,0.9770997921847216,
42.69465255737305,,0.5627650409241165
42.69562911987305,0.973764980607299,
42.726844787597656,0.973764980607299,
42.731719970703125,0.973764980607299,
42.749755859375,0.973764980607299,
42.76242446899414,0.973764980607299,
42.808197021484375,0.973764980607299,
42.82084655761719,0.973764980607299,0.5576950856004761
42.854888916015625,0.973764980607299,
42.88599395751953,,0.5576950856004761
42.886478424072266,0.973764980607299,
42.89619445800781,,0.5576950856004761
42.89862060546875,0.973764980607299,
42.90687561035156,,0.5525312422152862
42.95588684082031,0.973764980607299,
42.95637512207031,,0.5525312422152862
42.988853454589844,,0.5525312422152862
43.00339126586914,,0.5472184418093701
43.0150146484375,0.973764980607299,
43.07551574707031,,0.5472184418093701
43.11660385131836,0.973764980607299,
43.12385177612305,0.973764980607299,
43.12626647949219,,0.5472184418093701
43.13737869262695,,0.5472184418093701
43.15910720825195,,0.5472184418093701
43.160552978515625,,0.5472184418093701
43.17406463623047,0.973764980607299,
43.18709182739258,0.973764980607299,
43.19577407836914,,0.5472184418093701
43.196739196777344,,0.5472184418093701
43.19722366333008,,0.5472184418093701
43.19770431518555,,0.5472184418093701
43.20879364013672,0.973764980607299,
43.248313903808594,0.973764980607299,
43.258426666259766,,0.5472184418093701
43.27479934692383,,0.5472184418093701
43.282981872558594,,0.5412050523389376
43.28972244262695,0.973764980607299,
43.30030822753906,,0.5412050523389376
43.33830261230469,0.973764980607299,
43.338783264160156,0.973764980607299,
43.35752487182617,0.973764980607299,
43.36137008666992,0.973764980607299,
43.42906188964844,,0.5351240966946802
43.43050003051758,,0.5351240966946802
43.43769454956055,,0.5351240966946802
43.440093994140625,,0.5351240966946802
43.444889068603516,0.9701584436420865,
43.48994064331055,,0.5288285190865073
43.51197052001953,0.9701584436420865,
43.5426025390625,,0.5225329414783348
43.554561614990234,,0.5225329414783348
43.555999755859375,0.9701584436420865,0.5225329414783348
43.55839157104492,0.9701584436420865,
43.57321548461914,0.9701584436420865,
43.574649810791016,0.9701584436420865,
43.594722747802734,,0.5160819175094661
43.5952033996582,0.9701584436420865,
43.60380172729492,,0.509630893540598
43.62386703491211,0.9701584436420865,
43.626731872558594,,0.509630893540598
43.634849548339844,,0.5030971641362315
43.63580322265625,,0.5030971641362315
43.64726257324219,0.9701584436420865,
43.64773941040039,0.9701584436420865,
43.69639587402344,0.9701584436420865,
43.699256896972656,0.9701584436420865,
43.72737503051758,,0.4964774646081231
43.72928237915039,,0.4964774646081231
43.75404739379883,,0.48976830968098595
43.849647521972656,0.9701584436420865,
43.85012435913086,0.9701584436420865,
43.85249710083008,0.9701584436420865,
43.85297393798828,0.9701584436420865,
43.853450775146484,0.9701584436420865,
43.85392379760742,0.9701584436420865,
43.854400634765625,,0.48976830968098595
43.85487365722656,0.9701584436420865,
43.86247253417969,0.9701584436420865,
43.87434768676758,,0.48976830968098595
43.98011016845703,0.9701584436420865,
43.98058319091797,0.9701584436420865,
43.981056213378906,0.9701584436420865,
43.984371185302734,0.9701584436420865,
43.99763107299805,0.9701584436420865,
44.00141906738281,0.9701584436420865,
44.02272033691406,,0.48976830968098595
44.04779815673828,0.9701584436420865,
44.049686431884766,,0.48277161954268616
44.06623840332031,0.9701584436420865,
44.06671142578125,0.9701584436420865,
44.06813049316406,0.9701584436420865,
44.077110290527344,0.9701584436420865,
44.07758331298828,0.9701584436420865,
44.078529357910156,0.9701584436420865,
44.08089065551758,0.9701584436420865,0.48277161954268616
44.157859802246094,0.9701584436420865,
44.17720031738281,0.9701584436420865,
44.180030822753906,,0.48277161954268616
44.18050003051758,0.9701584436420865,
44.18144226074219,0.9701584436420865,
44.181915283203125,0.9701584436420865,
44.18474578857422,0.9701584436420865,
44.204071044921875,,0.48277161954268616
44.21019744873047,,0.48277161954268616
44.21208572387695,,0.48277161954268616
44.213497161865234,,0.48277161954268616
44.21397018432617,,0.48277161954268616
44.229515075683594,0.9701584436420865,
44.259178161621094,,0.48277161954268616
44.32221221923828,0.9701584436420865,
44.32455825805664,0.9701584436420865,
44.32503128051758,0.9701584436420865,
44.32878875732422,0.9701584436420865,
44.329261779785156,0.9701584436420865,
44.32973098754883,0.9701584436420865,
44.3302001953125,,0.48277161954268616
44.33208084106445,0.9701584436420865,
44.337249755859375,,0.48277161954268616
44.339599609375,,0.48277161954268616
44.366371154785156,0.9701584436420865,
44.37529373168945,0.9701584436420865,
44.4681510925293,,0.48277161954268616
44.46908950805664,0.9701584436420865,0.4741506977651381
44.46955871582031,0.9701584436420865,
44.470027923583984,0.9701584436420865,
44.470497131347656,0.9701584436420865,
44.471900939941406,0.9701584436420865,
44.47283935546875,0.9701584436420865,
44.47377395629883,0.9701584436420865,0.4741506977651381
44.4742431640625,0.9701584436420865,
44.475181579589844,0.9701584436420865,
44.475650787353516,0.9701584436420865,
44.47611618041992,0.9701584436420865,
44.476585388183594,0.9701584436420865,
44.61548614501953,0.9701584436420865,
44.6182861328125,0.9701584436420865,
44.61922073364258,0.9701584436420865,
44.61968994140625,0.9701584436420865,
44.620155334472656,0.9701584436420865,
44.621089935302734,0.9701584436420865,
44.621559143066406,0.9701584436420865,
44.62202453613281,0.9701584436420865,
44.62295913696289,0.9701584436420865,
44.6234245300293,0.9701584436420865,
44.6313591003418,,0.4741506977651381
44.638362884521484,0.9701584436420865,
44.6392936706543,0.9701584436420865,
44.640228271484375,0.9701584436420865,
44.64256286621094,0.9701584436420865,
44.64629364013672,0.9701584436420865,
44.64862823486328,0.9701584436420865,
44.64956283569336,0.9701584436420865,
44.650028228759766,0.9701584436420865,
44.65049362182617,0.9701584436420865,
44.65329360961914,0.9701584436420865,
44.65376281738281,0.9701584436420865,
44.65422821044922,0.9701584436420865,
44.6556282043457,0.9701584436420865,
44.65609359741211,,0.4741506977651381
44.68407440185547,0.9701584436420865,
44.69340133666992,0.9701584436420865,
44.70598220825195,0.9701584436420865,
44.70831298828125,0.9701584436420865,
44.732540130615234,0.9701584436420865,
44.73300552368164,0.9701584436420865,
44.73347091674805,0.9701584436420865,
44.740455627441406,0.9701584436420865,
44.74092102050781,0.9701584436420865,
44.74231719970703,0.9701584436420865,
44.74278259277344,0.9701584436420865,0.4741506977651381
44.743247985839844,0.9701584436420865,
44.74371337890625,0.9701584436420865,0.4741506977651381
44.744178771972656,0.9701584436420865,
44.74464797973633,0.9701584436420865,
44.76280212402344,0.9701584436420865,
44.788856506347656,0.9634676957549,
44.815826416015625,,0.4741506977651381
44.84649658203125,,0.4741506977651381
44.8669319152832,0.9634676957549,
44.867862701416016,0.9634676957549,
44.868324279785156,0.9634676957549,
44.86878967285156,0.9634676957549,
44.87064743041992,0.9634676957549,
44.87111282348633,0.9634676957549,
44.879005432128906,0.9634676957549,
44.87946701049805,0.9634676957549,
44.87993240356445,0.9634676957549,
44.88039779663086,0.9634676957549,
44.881324768066406,0.9634676957549,
44.88179016113281,0.9634676957549,
44.88225173950195,0.9634676957549,
44.88271713256836,0.9634676957549,
44.88642883300781,0.9634676957549,
44.88828659057617,0.9634676957549,
44.88875198364258,0.9634676957549,
44.889678955078125,,0.4741506977651381
44.89014434814453,0.9634676957549,0.4741506977651381
44.89060592651367,0.9634676957549,0.4741506977651381
44.89107131958008,0.9634676957549,
44.89664077758789,0.9634676957549,
44.93189239501953,0.9634676957549,
44.935604095458984,0.9634676957549,0.4741506977651381
44.936065673828125,0.9634676957549,
44.936527252197266,0.9634676957549,
44.93977355957031,0.9634676957549,0.4741506977651381
44.94023895263672,0.9634676957549,
44.94209289550781,0.9634676957549,
44.96989822387695,0.9634676957549,
44.973140716552734,0.9634676957549,
44.97499465942383,0.9634676957549,
44.975921630859375,0.9634676957549,
44.98194122314453,0.9634676957549,
44.98379135131836,0.9634676957549,
44.98749923706055,,0.4741506977651381
44.98796081542969,0.9634676957549,
44.988887786865234,0.9634676957549,
44.989349365234375,0.9634676957549,
45.01527404785156,,0.46167304782395024
45.03841018676758,0.9634676957549,
45.03933334350586,0.9634676957549,
45.041648864746094,0.9634676957549,
45.042110443115234,0.9634676957549,
45.042572021484375,0.9634676957549,0.46167304782395024
45.043033599853516,0.9634676957549,
45.108665466308594,,0.46167304782395024
45.110511779785156,0.9634676957549,
45.11189651489258,0.9634676957549,0.46167304782395024
45.11235809326172,0.9634676957549,0.46167304782395024
45.11281967163086,0.9634676957549,
45.113285064697266,0.9634676957549,
45.113746643066406,0.9634676957549,
45.3564567565918,0.9634676957549,
45.371612548828125,0.9634676957549,
45.38033676147461,0.9634676957549,0.46167304782395024
45.40007400512695,,0.46167304782395024
45.40053176879883,,0.46167304782395024
45.4009895324707,,0.46167304782395024
45.402366638183594,0.9634676957549,
45.404659271240234,,0.46167304782395024
45.406036376953125,0.9634676957549,
45.42622375488281,0.9634676957549,
45.44502258300781,,0.44457404605269285
45.455108642578125,0.9634676957549,
45.46289825439453,0.9634676957549,
45.492218017578125,0.9634676957549,
45.58554458618164,,0.44457404605269285
45.58599853515625,,0.44457404605269285
45.589656829833984,,0.44457404605269285
45.590110778808594,,0.44457404605269285
45.591026306152344,,0.44457404605269285
45.62345886230469,0.9634676957549,
45.64582824707031,,0.44457404605269285
45.66362762451172,,0.44457404605269285
45.6645393371582,0.9634676957549,
45.668643951416016,,0.44457404605269285
45.67274856567383,0.9634676957549,
45.71332550048828,0.9634676957549,
45.72699737548828,,0.41842263157900494
45.73246383666992,0.9634676957549,
45.733829498291016,0.9634676957549,
45.74885940551758,,0.41842263157900494
45.752506256103516,0.9634676957549,
45.75432586669922,0.9634676957549,
45.76844024658203,0.9634676957549,
45.77117156982422,0.9634676957549,
45.78482437133789,0.9634676957549,
45.86211013793945,,0.41842263157900494
45.865745544433594,,0.41842263157900494
45.86892318725586,0.9468561837591262,
45.87255859375,,0.41842263157900494
46.040740966796875,,0.41842263157900494
46.30694580078125,,0.41842263157900494
46.31099319458008,,0.41842263157900494
46.380672454833984,,0.41842263157900494
46.38381576538086,,0.41842263157900494
46.3842658996582,,0.41842263157900494
46.44710159301758,0.9302446717633522,
46.455623626708984,0.9302446717633522,
46.45697021484375,,0.41842263157900494
46.494625091552734,0.9302446717633522,
46.5161247253418,0.9302446717633522,
46.523738861083984,0.9302446717633522,
46.52956008911133,0.9302446717633522,
46.53314208984375,0.9302446717633522,
46.54209518432617,0.9302446717633522,
46.54925537109375,0.9302446717633522,
46.551048278808594,0.9302446717633522,
46.555076599121094,0.9302446717633522,
46.55775833129883,0.9302446717633522,
46.55910110473633,0.9302446717633522,
46.56223678588867,0.9302446717633522,
46.566707611083984,0.9302446717633522,
46.567604064941406,,0.41842263157900494
46.568050384521484,0.9302446717633522,
46.568946838378906,0.9302446717633522,
46.569393157958984,0.9302446717633522,
46.57341766357422,0.9302446717633522,
46.57386779785156,0.9302446717633522,
46.5899658203125,0.9302446717633522,
46.60337829589844,0.9302446717633522,
46.63689422607422,0.9302446717633522,
46.64627456665039,0.9302446717633522,
46.64850616455078,0.9302446717633522,
46.651634216308594,0.9302446717633522,
46.65654754638672,0.9302446717633522,
46.65788650512695,0.9302446717633522,
46.673065185546875,0.9302446717633522,
46.67842102050781,0.9302446717633522,
46.682437896728516,0.9302446717633522,
46.68824005126953,0.9302446717633522,
46.750221252441406,0.9302446717633522,
46.76537322998047,0.9302446717633522,
46.767154693603516,0.9302446717633522,
46.78096008300781,0.9302446717633522,
46.93967819213867,0.9302446717633522,
46.96718978881836,0.9302446717633522,
46.984039306640625,0.9302446717633522,
47.05537414550781,0.9302446717633522,
47.18315505981445,0.9302446717633522,
47.193748474121094,0.9302446717633522,
47.197723388671875,0.9302446717633522,
47.19816589355469,0.9302446717633522,
47.254188537597656,0.9302446717633522,
47.256832122802734,0.9302446717633522,
47.26168441772461,0.9302446717633522,
47.262123107910156,0.9302446717633522,
47.263885498046875,0.9302446717633522,
47.267852783203125,0.9302446717633522,
56.43617248535156,0.9302446717633522,
57.208683013916016,0.9302446717633522,
58.47292709350586,0.9302446717633522,
68.33678436279297,0.9302446717633522,
82.59590148925781,0.9302446717633522,
