time,S_low,S_high
0.0,1.0,1.0
1.1902379989624023,,0.9998094512195119
1.2247449159622192,,0.9996189024390251
1.8484227657318115,,0.9996189024390251
1.8596594333648682,,0.9996189024390251
1.9685019254684448,,0.9994278802906514
2.051422357559204,,0.9992368581422789
2.0816659927368164,,0.9990458359939052
2.0916500091552734,1.0,
2.1408722400665283,1.0,
2.282177448272705,,0.9988548138455304
2.4748737812042236,,0.9986637916971575
2.533113956451416,,0.9986637916971575
2.7156951427459717,,0.9984727330035085
2.7462093830108643,1.0,0.9984727330035085
2.7537853717803955,,0.9984727330035085
2.886751174926758,0.9998089415361089,
2.9083213806152344,0.9998089415361089,
2.9930474758148193,,0.9984727330035085
3.0276503562927246,,0.9982814913385023
3.109126329421997,,0.998090249673495
3.214550256729126,,0.9978990080084864
3.360307455062866,,0.9978990080084864
3.366501569747925,,0.9977077296860771
3.4701104164123535,0.9998089415361089,
3.5118844509124756,0.9996178100236759,0.9977077296860771
3.5178117752075195,,0.9977077296860771
3.5648748874664307,,0.9977077296860771
3.570714235305786,,0.9977077296860771
3.5765440464019775,,0.9977077296860771
3.640054941177368,0.9996178100236759,
3.8078866004943848,,0.9977077296860771
3.8837265968322754,,0.9977077296860771
3.889087200164795,,0.9977077296860771
3.9210968017578125,,0.9977077296860771
4.051748752593994,,0.9977077296860771
4.062019348144531,,0.9975154931292983
4.163331985473633,,0.9973232565725174
4.178317070007324,,0.9971310200157392
4.286607265472412,,0.9971310200157392
4.296316146850586,,0.9971310200157392
4.3011627197265625,,0.9971310200157392
4.3108391761779785,,0.9971310200157392
4.315669059753418,,0.9969384121308601
4.3827314376831055,,0.9969384121308601
4.392228126525879,,0.9967455434111596
4.41588020324707,0.9996178100236759,
4.43001127243042,0.9996178100236759,
4.467474937438965,,0.9965526746914594
4.504627227783203,,0.9965526746914594
4.509249687194824,,0.9965526746914594
4.5230889320373535,0.9994265688126505,
4.663689613342285,,0.9963593944985398
4.817502975463867,,0.9961661143056202
4.949747562408447,0.9994265688126505,0.9961661143056202
5.212165355682373,,0.9961661143056202
5.224142551422119,,0.9961661143056202
5.228128910064697,,0.9961661143056202
5.236092567443848,0.9994265688126505,0.9961661143056202
5.24006986618042,,0.9961661143056202
5.244044303894043,,0.9961661143056202
5.299371242523193,,0.9961661143056202
5.342440128326416,,0.9961661143056202
5.4006171226501465,,0.9961661143056202
5.435224533081055,,0.9961661143056202
5.560275554656982,,0.9959712842421925
5.590169906616211,,0.9959712842421925
5.593895435333252,0.9994265688126505,0.9959712842421925
5.597618579864502,,0.9959712842421925
5.601339340209961,0.9994265688126505,
5.612485885620117,0.9994265688126505,
5.616196632385254,0.9994265688126505,0.9957756505191044
5.671566486358643,,0.9957756505191044
5.678908348083496,,0.9957756505191044
5.682575702667236,0.9994265688126505,0.9957756505191044
5.6862406730651855,,0.9957756505191044
5.689903259277344,,0.9957756505191044
5.697221279144287,0.9992341864124932,
5.769893169403076,,0.9957756505191044
5.852349758148193,,0.995579322512298
5.954689979553223,,0.995579322512298
6.075908660888672,,0.9953829557820202
6.106690406799316,,0.995186589051741
6.171169281005859,,0.9949902223214634
6.191391944885254,0.9992341864124932,
6.254998207092285,0.9992341864124932,
6.258327960968018,0.9992341864124932,
6.261655807495117,,0.9949902223214634
6.264982223510742,0.9992341864124932,0.9949902223214634
6.432340145111084,,0.9949902223214634
6.585969924926758,0.9990413212925541,
6.6206746101379395,,0.9947937004525472
6.623820781707764,,0.9945971785836313
6.695769786834717,,0.9944006567147156
6.77618408203125,,0.9944006567147156
6.797670841217041,,0.9942040959998091
6.803798198699951,,0.9942040959998091
7.008923053741455,,0.9942040959998091
7.011894702911377,,0.9942040959998091
7.014864921569824,,0.9942040959998091
7.088723659515381,0.9990413212925541,0.9942040959998091
7.150174617767334,,0.9942040959998091
7.153088092803955,,0.9942040959998091
7.155999660491943,0.9990413212925541,0.9942040959998091
7.173446178436279,0.9990413212925541,0.9942040959998091
7.176350116729736,0.9990413212925541,
7.219764709472656,0.9990413212925541,0.9942040959998091
7.222649574279785,0.9990413212925541,0.9942040959998091
7.225533485412598,0.9990413212925541,0.9942040959998091
7.2284159660339355,0.9988479335029118,0.9942040959998091
7.231297969818115,0.9988479335029118,0.9942040959998091
7.234178066253662,0.9988479335029118,0.9942040959998091
7.237057209014893,0.9988479335029118,0.9942040959998091
7.239935398101807,,0.9942040959998091
7.242812633514404,0.9988479335029118,0.9942040959998091
7.245688438415527,,0.9942040959998091
7.29725980758667,,0.9942040959998091
7.300114154815674,0.9988479335029118,0.9942040959998091
7.302967548370361,,0.9942040959998091
7.36545991897583,0.9988479335029118,
7.368288040161133,0.9988479335029118,0.9942040959998091
7.371114730834961,0.9988479335029118,0.9942040959998091
7.505553245544434,,0.9942040959998091
7.602083206176758,,0.9940004491141057
7.762087345123291,0.9988479335029118,0.9940004491141057
7.764770984649658,,0.9937965097523666
7.823575496673584,,0.9937965097523666
7.834219932556152,,0.9935924866544905
8.077747344970703,,0.993388463556615
8.082903861999512,,0.993388463556615
8.085480690002441,,0.993388463556615
8.088056564331055,,0.993184104687338
8.090632438659668,,0.993184104687338
8.093207359313965,,0.993184104687338
8.095780372619629,,0.993184104687338
8.14452838897705,,0.993184104687338
8.147085189819336,,0.993184104687338
8.25378704071045,,0.993184104687338
8.25631046295166,,0.993184104687338
8.258833885192871,0.9988479335029118,0.993184104687338
8.26135540008545,,0.993184104687338
8.273955345153809,,0.993184104687338
8.276473045349121,,0.993184104687338
8.294074058532715,,0.993184104687338
8.306623458862305,,0.9929770187605895
8.319154739379883,,0.9929770187605895
8.32165813446045,,0.9929770187605895
8.326663970947266,,0.9927692395141444
8.334166526794434,0.9988479335029118,
8.359127044677734,,0.9927692395141444
8.381526947021484,0.9988479335029118,
8.386497497558594,,0.9925614167719381
8.388980865478516,,0.9925614167719381
8.440971374511719,,0.9925614167719381
8.443439483642578,,0.9925614167719381
8.445906639099121,,0.9925614167719381
8.480369567871094,,0.9925614167719381
8.482826232910156,,0.9925614167719381
8.502450942993164,,0.9925614167719381
8.509798049926758,,0.9925614167719381
8.512246131896973,,0.9925614167719381
8.563488960266113,0.9988479335029118,0.9925614167719381
8.609587669372559,0.9988479335029118,
8.614425659179688,,0.9923514841541767
8.616844177246094,,0.9923514841541767
8.619260787963867,,0.9923514841541767
8.667468070983887,0.9988479335029118,
8.66987133026123,0.9988479335029118,
8.674675941467285,0.9986518502807865,0.9923514841541767
8.677077293395996,,0.9923514841541767
8.729738235473633,0.9986518502807865,
8.732124328613281,0.9986518502807865,0.9923514841541767
8.73451042175293,,0.9923514841541767
8.748808860778809,,0.9923514841541767
8.76070785522461,,0.9923514841541767
8.772589683532715,,0.992140255656059
8.774964332580566,,0.991929027157943
8.777338027954102,,0.991929027157943
8.784456253051758,,0.991929027157943
8.796305656433105,,0.991929027157943
8.843547821044922,,0.991929027157943
8.857670783996582,,0.991929027157943
8.881159782409668,,0.991929027157943
8.904586791992188,,0.991929027157943
8.906926155090332,0.9986518502807865,0.991929027157943
8.9139404296875,,0.9917169858951903
9.006941795349121,0.9986518502807865,
9.020809173583984,0.9986518502807865,0.9917169858951903
9.023118019104004,0.9986518502807865,0.9917169858951903
9.06688117980957,,0.9917169858951903
9.169696807861328,,0.9915045358125222
9.183318138122559,0.9986518502807865,
9.203713417053223,,0.9915045358125222
9.354143142700195,,0.9915045358125222
9.385272026062012,,0.9915045358125222
9.52627944946289,,0.9915045358125222
9.545941352844238,,0.9915045358125222
9.548123359680176,,0.9912918578769124
9.55684757232666,0.9986518502807865,
9.559026718139648,0.9984552652708897,
9.602517127990723,,0.9912918578769124
9.604686737060547,,0.9912918578769124
9.706097602844238,0.9982586802609923,
9.755340576171875,,0.9912918578769124
9.848857879638672,,0.9912918578769124
9.850973129272461,0.9982586802609923,0.9912918578769124
9.855201721191406,,0.9912918578769124
9.857315063476562,0.9982586802609923,0.9912918578769124
9.859428405761719,0.9982586802609923,0.9908638389400048
9.861541748046875,0.9982586802609923,0.9908638389400048
9.899495124816895,,0.9908638389400048
9.914215087890625,,0.9908638389400048
9.916316986083984,,0.9906496444222925
9.956153869628906,0.9982586802609923,
9.958246231079102,0.9982586802609923,
9.960338592529297,0.9982586802609923,
9.974968910217285,,0.9904354499045794
10.138622283935547,,0.9902212553868659
10.163250923156738,,0.9900070608691532
10.18372917175293,0.9980613959368303,
10.208248138427734,,0.9897928663514398
10.255080223083496,,0.9897928663514398
10.267261505126953,,0.9897928663514398
10.269290924072266,0.9980613959368303,0.9897928663514398
10.307764053344727,0.9980613959368303,
10.378262519836426,,0.9895784862634269
10.458250045776367,,0.9895784862634269
10.46024227142334,,0.9895784862634269
10.5,,0.9895784862634269
10.50396728515625,0.9980613959368303,
10.505950927734375,0.9980613959368303,
10.543560028076172,,0.9895784862634269
10.545536041259766,0.9980613959368303,0.9895784862634269
10.547511100769043,,0.9895784862634269
10.54948616027832,0.9980613959368303,0.9895784862634269
10.551461219787598,0.9980613959368303,0.9895784862634269
10.581036567687988,0.9980613959368303,
10.598742485046387,,0.9895784862634269
10.63994026184082,,0.9895784862634269
10.641898155212402,,0.9895784862634269
10.643856048583984,,0.9895784862634269
10.647769927978516,0.9980613959368303,0.9895784862634269
10.649725914001465,,0.9895784862634269
10.67902946472168,,0.9895784862634269
10.692676544189453,0.9980613959368303,
10.719919204711914,0.9980613959368303,
10.72186279296875,0.9980613959368303,
10.72380542755127,0.9980613959368303,0.9895784862634269
10.725748062133789,0.9980613959368303,0.9895784862634269
10.727689743041992,0.9980613959368303,0.9895784862634269
10.729631423950195,0.9980613959368303,0.9895784862634269
10.731573104858398,,0.9895784862634269
10.739336013793945,,0.9893595529700067
10.74321460723877,,0.9891406196765853
10.74515438079834,,0.9891406196765853
10.778063774108887,,0.9891406196765853
10.779996871948242,,0.9891406196765853
10.87044906616211,0.9980613959368303,
10.87619686126709,,0.9889212007281201
10.923979759216309,,0.9889212007281201
11.00378704071045,,0.9889212007281201
11.013249397277832,,0.9889212007281201
11.092414855957031,0.9980613959368303,
11.15048599243164,,0.9889212007281201
11.18220329284668,,0.9889212007281201
11.217545509338379,,0.9889212007281201
11.236102104187012,,0.9889212007281201
11.341296195983887,0.9980613959368303,
11.403581619262695,,0.9889212007281201
11.405407905578613,,0.9889212007281201
11.407234191894531,,0.9887012938567104
11.418187141418457,,0.9884810440697088
11.423659324645996,,0.9884810440697088
11.432774543762207,,0.9884810440697088
11.472793579101562,,0.9884810440697088
11.548809051513672,,0.9882606469584329
11.550613403320312,0.9980613959368303,
11.676186561584473,0.9980613959368303,
11.699358940124512,,0.988040249847158
11.710038185119629,0.9980613959368303,
11.711817741394043,0.9980613959368303,0.988040249847158
11.71359634399414,0.9980613959368303,0.988040249847158
11.715374946594238,0.9980613959368303,0.988040249847158
11.71715259552002,,0.988040249847158
11.727816581726074,,0.988040249847158
11.749114036560059,0.9980613959368303,
11.928606986999512,,0.988040249847158
11.968708992004395,,0.988040249847158
11.986103057861328,,0.988040249847158
12.00867748260498,,0.988040249847158
12.010412216186523,,0.988040249847158
12.012146949768066,0.9980613959368303,
12.013880729675293,0.9980613959368303,0.988040249847158
12.03813362121582,0.9980613959368303,
12.048513412475586,,0.988040249847158
12.050241470336914,0.9980613959368303,0.988040249847158
12.051970481872559,,0.988040249847158
12.053699493408203,,0.988040249847158
12.0606107711792,0.9980613959368303,
12.083045959472656,,0.988040249847158
12.084770202636719,0.9980613959368303,
12.086493492126465,0.9980613959368303,0.988040249847158
12.088217735290527,,0.988040249847158
12.129509925842285,0.9980613959368303,
12.136378288269043,0.9980613959368303,
12.29837417602539,,0.988040249847158
12.300067901611328,,0.988040249847158
12.340651512145996,,0.988040249847158
12.342338562011719,,0.988040249847158
12.382783889770508,0.9980613959368303,
12.384466171264648,0.9980613959368303,0.988040249847158
12.411352157592773,0.9980613959368303,
12.451573371887207,,0.9878139465375266
12.48666000366211,0.9980613959368303,
12.538274765014648,0.9980613959368303,
12.539936065673828,0.9980613959368303,0.9878139465375266
12.543258666992188,,0.9878139465375266
12.54491901397705,0.9980613959368303,0.9878139465375266
12.54658031463623,0.9980613959368303,0.9878139465375266
12.556538581848145,,0.98758712358769
12.568147659301758,,0.98758712358769
12.569805145263672,,0.98758712358769
12.576433181762695,0.9980613959368303,
12.578088760375977,0.9980613959368303,0.98758712358769
12.579745292663574,,0.98758712358769
12.581401824951172,0.9980613959368303,0.98758712358769
12.583057403564453,0.9980613959368303,0.98758712358769
12.584712982177734,0.9980613959368303,0.98758712358769
12.589678764343262,0.9980613959368303,
12.602909088134766,0.9980613959368303,
12.604562759399414,,0.98758712358769
12.606215476989746,0.9980613959368303,0.98758712358769
12.614476203918457,0.9980613959368303,
12.616127014160156,,0.98758712358769
12.617777824401855,,0.98758712358769
12.650757789611816,,0.98758712358769
12.736103057861328,,0.9873578786657792
12.737739562988281,,0.9873578786657792
12.775301933288574,,0.9873578786657792
12.778562545776367,,0.9871285272421629
12.84036636352539,,0.9868991758185474
12.884099006652832,,0.9868991758185474
12.88571548461914,,0.9868991758185474
12.892180442810059,,0.9868991758185474
12.893796920776367,,0.9868991758185474
12.89541244506836,,0.9868991758185474
12.897027969360352,,0.9868991758185474
12.921235084533691,,0.9868991758185474
12.922847747802734,,0.9868991758185474
12.924460411071777,,0.9868991758185474
12.92768383026123,,0.9868991758185474
12.930906295776367,,0.9868991758185474
12.932517051696777,,0.9868991758185474
12.934127807617188,,0.9868991758185474
12.945398330688477,,0.9868991758185474
12.96790885925293,,0.9868991758185474
12.969515800476074,,0.9868991758185474
12.971121788024902,,0.9868991758185474
12.97272777557373,,0.9868991758185474
13.017616271972656,,0.9866618263294131
13.065539360046387,,0.9866618263294131
13.075103759765625,,0.9866618263294131
13.103752136230469,0.9980613959368303,
13.171939849853516,,0.9864243625926313
13.20511245727539,,0.9864243625926313
13.206690788269043,,0.9861868416770041
13.227181434631348,,0.9861868416770041
13.241349220275879,0.9980613959368303,0.9861868416770041
13.271209716796875,0.9980613959368303,
13.280625343322754,0.9978577930408814,
13.31352710723877,,0.9861868416770041
13.344786643981934,0.9978577930408814,0.9861868416770041
13.34634780883789,0.9978577930408814,0.9861868416770041
13.37441635131836,,0.9859484595542868
13.393095016479492,,0.9859484595542868
13.39465045928955,,0.9859484595542868
13.39620590209961,,0.9857092097460963
13.413302421569824,,0.9857092097460963
13.417961120605469,,0.9854699018534652
13.42261791229248,0.9978577930408814,0.9854699018534652
13.424169540405273,0.9978577930408814,0.9854699018534652
13.425721168518066,0.9978577930408814,0.9854699018534652
13.427273750305176,,0.9854699018534652
13.428824424743652,,0.9854699018534652
13.456720352172852,,0.9854699018534652
13.458269119262695,0.9978577930408814,0.9854699018534652
13.459816932678223,0.9978577930408814,
13.46136474609375,0.9978577930408814,0.9854699018534652
13.462911605834961,0.9978577930408814,0.9854699018534652
13.469100952148438,,0.9854699018534652
13.470646858215332,0.9978577930408814,0.9854699018534652
13.472193717956543,,0.9854699018534652
13.489192962646484,,0.9854699018534652
13.498456954956055,0.9978577930408814,
13.538525581359863,0.9976514535468687,
13.55390453338623,,0.9854699018534652
13.610657691955566,0.9976514535468687,0.9854699018534652
13.612188339233398,0.9976514535468687,
13.615248680114746,0.9976514535468687,0.9854699018534652
13.616779327392578,,0.9854699018534652
13.618309020996094,0.9976514535468687,0.9854699018534652
13.61983871459961,0.9976514535468687,0.9854699018534652
13.621368408203125,0.9976514535468687,0.9854699018534652
13.638181686401367,0.9976514535468687,
13.648870468139648,0.9976514535468687,0.9854699018534652
13.650396347045898,0.9976514535468687,0.9854699018534652
13.651923179626465,0.9976514535468687,0.9854699018534652
13.658025741577148,,0.9854699018534652
13.688498497009277,,0.9854699018534652
13.691542625427246,0.9976514535468687,0.9854699018534652
13.693063735961914,0.9976514535468687,
13.723459243774414,0.9976514535468687,
13.729530334472656,,0.9854699018534652
13.794624328613281,,0.9852221095723859
13.851895332336426,,0.9852221095723859
13.87143325805664,0.9976514535468687,0.9852221095723859
13.907432556152344,0.9976514535468687,0.9852221095723859
13.938855171203613,,0.9852221095723859
13.974679946899414,0.9976514535468687,0.9852221095723859
13.97616958618164,0.9976514535468687,0.9852221095723859
13.997023582458496,0.9976514535468687,
13.99851131439209,0.9976514535468687,
14.068285942077637,,0.9849735044475885
14.143609046936035,0.9976514535468687,
14.146553993225098,0.9976514535468687,
14.148027420043945,0.9976514535468687,0.9849735044475885
14.14949893951416,0.9976514535468687,0.9849735044475885
14.168627738952637,0.9976514535468687,
14.288690567016602,,0.9849735044475885
14.295978546142578,0.9976514535468687,0.9849735044475885
14.365757942199707,0.9976514535468687,0.984724585189451
14.367208480834961,0.9976514535468687,
14.368658065795898,0.9976514535468687,0.984724585189451
14.370107650756836,,0.984724585189451
14.390390396118164,,0.984724585189451
14.399073600769043,0.9976514535468687,
14.412089347839355,,0.984724585189451
14.436643600463867,0.9976514535468687,
14.46259593963623,0.9976514535468687,
14.512925148010254,,0.984724585189451
14.56594181060791,,0.984724585189451
14.573091506958008,,0.9844745916415483
14.58023738861084,0.9976514535468687,0.984224598093646
14.597373962402344,0.9976514535468687,
14.601655006408691,,0.9839746045457415
14.604508399963379,0.9976514535468687,
14.605935096740723,0.9976514535468687,
14.628738403320312,0.9976514535468687,
14.63728141784668,0.9976514535468687,
14.638704299926758,0.9976514535468687,
14.64439582824707,0.9976514535468687,
14.645818710327148,0.9976514535468687,
14.648662567138672,0.9976514535468687,
14.661457061767578,0.9976514535468687,
14.667140007019043,0.9976514535468687,0.9839746045457415
14.668560981750488,0.9976514535468687,
14.6699800491333,0.9976514535468687,0.9839746045457415
14.671401023864746,0.9976514535468687,0.9839746045457415
14.672821044921875,0.9976514535468687,
14.677080154418945,,0.9837244203086332
14.704024314880371,0.9976514535468687,0.9834742360715252
14.70544147491455,0.9976514535468687,0.9834742360715252
14.706857681274414,,0.9834742360715252
14.7280912399292,0.9976514535468687,
14.73091983795166,,0.9834742360715252
14.736576080322266,0.9976514535468687,
14.742229461669922,,0.983223221718265
14.743642807006836,,0.983223221718265
14.764822959899902,0.9976514535468687,
14.787382125854492,0.9976514535468687,
14.788790702819824,0.9976514535468687,0.983223221718265
14.838014602661133,,0.9829720791328965
14.846436500549316,,0.9827209365475271
14.853450775146484,0.9976514535468687,
14.871673583984375,,0.9827209365475271
14.875875473022461,0.9976514535468687,
14.877275466918945,0.9976514535468687,0.9824697297641561
14.878676414489746,0.9976514535468687,0.9822178790259445
14.8828763961792,0.9976514535468687,0.9822178790259445
14.902460098266602,0.9976514535468687,
14.90665340423584,0.9976514535468687,
14.908051490783691,0.9976514535468687,0.9822178790259445
14.909448623657227,,0.9822178790259445
14.910845756530762,0.9976514535468687,
14.912242889404297,0.9976514535468687,0.9822178790259445
14.920623779296875,0.9976514535468687,
14.93597412109375,0.9976514535468687,
14.941553115844727,0.9976514535468687,0.9822178790259445
14.942947387695312,0.9976514535468687,0.9822178790259445
14.945734977722168,,0.9822178790259445
14.954096794128418,,0.9819641415216754
14.961060523986816,0.9976514535468687,
14.968021392822266,,0.9819641415216754
14.969412803649902,,0.9819641415216754
15.0,,0.9819641415216754
15.006942749023438,,0.9819641415216754
15.012495040893555,,0.9819641415216754
15.048532485961914,,0.9819641415216754
15.058219909667969,0.9976514535468687,
15.066518783569336,,0.9819641415216754
15.074813842773438,,0.9819641415216754
15.085865020751953,,0.9817098784089048
15.088626861572266,,0.9814556152961335
15.10380744934082,0.9976514535468687,0.9814556152961335
15.10932445526123,0.9976514535468687,0.9814556152961335
15.110702514648438,0.9976514535468687,0.9814556152961335
15.114837646484375,,0.9812010223998182
15.139627456665039,0.9976514535468687,
15.142379760742188,0.9976514535468687,
15.143754959106445,0.9976514535468687,0.9812010223998182
15.14925765991211,,0.9812010223998182
15.16712474822998,0.9976514535468687,
15.168498039245605,0.9976514535468687,
15.17261791229248,,0.9812010223998182
15.173991203308105,0.9976514535468687,0.9812010223998182
15.175363540649414,0.9976514535468687,0.9812010223998182
15.176736831665039,0.9976514535468687,0.9812010223998182
15.178109169006348,0.9976514535468687,
15.179481506347656,0.9976514535468687,
15.180853843688965,0.9976514535468687,0.9812010223998182
15.182226181030273,0.9976514535468687,0.9812010223998182
15.183598518371582,,0.9812010223998182
15.18497085571289,,0.9809428795367818
15.201425552368164,0.9976514535468687,
15.213754653930664,,0.9809428795367818
15.219231605529785,0.9976514535468687,
15.220600128173828,0.9976514535468687,
15.237016677856445,,0.9809428795367818
15.272523880004883,,0.980683850521852
15.295696258544922,0.9976514535468687,
15.299781799316406,,0.980683850521852
15.305228233337402,,0.980683850521852
15.306589126586914,,0.980683850521852
15.307950019836426,,0.980683850521852
15.331068992614746,,0.980683850521852
15.332427024841309,0.9976514535468687,0.980683850521852
15.333786010742188,,0.980683850521852
15.341936111450195,0.9976514535468687,0.980683850521852
15.343294143676758,0.9976514535468687,
15.346009254455566,0.9976514535468687,0.980683850521852
15.347367286682129,0.9976514535468687,0.980683850521852
15.348724365234375,,0.980683850521852
15.359579086303711,0.9976514535468687,
15.36093521118164,0.9976514535468687,
15.36500358581543,0.9976514535468687,
15.370426177978516,0.9976514535468687,
15.42724895477295,0.9976514535468687,
15.473094940185547,,0.980683850521852
15.512091636657715,,0.9804228220814687
15.533565521240234,,0.9804228220814687
15.55768871307373,,0.9804228220814687
15.564382553100586,0.9976514535468687,0.9804228220814687
15.56572151184082,0.9976514535468687,0.9804228220814687
15.567059516906738,0.9976514535468687,0.9804228220814687
15.568397521972656,0.9976514535468687,
15.596473693847656,0.9976514535468687,
15.597809791564941,0.9976514535468687,
15.600481033325195,,0.9804228220814687
15.60582160949707,,0.9804228220814687
15.625833511352539,0.9976514535468687,
15.627166748046875,0.9976514535468687,
15.635163307189941,0.9976514535468687,
15.647150993347168,0.9976514535468687,
15.648482322692871,0.9976514535468687,0.9804228220814687
15.668439865112305,0.9976514535468687,
15.717559814453125,,0.9801595506469677
15.754629135131836,0.9976514535468687,0.9801595506469677
15.75859546661377,,0.9801595506469677
15.759917259216309,,0.9801595506469677
15.762560844421387,0.9976514535468687,
15.777092933654785,,0.9801595506469677
15.790291786193848,0.9976514535468687,0.9801595506469677
15.792930603027344,0.9976514535468687,0.9801595506469677
15.794249534606934,0.9976514535468687,0.9801595506469677
15.79556941986084,0.9976514535468687,
15.810070037841797,,0.9801595506469677
15.8232421875,0.9976514535468687,0.9801595506469677
15.852182388305664,0.9976514535468687,
15.857438087463379,0.9976514535468687,0.9801595506469677
15.85875129699707,0.9976514535468687,
15.883691787719727,0.9976514535468687,0.9801595506469677
15.885003089904785,0.9976514535468687,0.9801595506469677
15.886314392089844,,0.9798942841921243
15.96088981628418,0.9976514535468687,
15.968719482421875,0.9976514535468687,
15.980456352233887,0.9976514535468687,0.9798942841921243
15.98176097869873,0.9976514535468687,0.9798942841921243
15.983063697814941,0.9976514535468687,0.9798942841921243
15.984367370605469,0.9976514535468687,0.9798942841921243
16.009111404418945,0.9976514535468687,
16.022119522094727,,0.9798942841921243
16.045509338378906,,0.9798942841921243
16.04680633544922,,0.9798942841921243
16.08182144165039,,0.9796275011035885
16.13097381591797,,0.979360718015053
16.173538208007812,0.9976514535468687,
16.191560745239258,0.9976514535468687,
16.194135665893555,0.9976514535468687,
16.19542121887207,0.9976514535468687,0.979360718015053
16.19670867919922,0.9976514535468687,0.979360718015053
16.197994232177734,0.9976514535468687,0.979360718015053
16.200565338134766,0.9976514535468687,0.979360718015053
16.20185089111328,0.9976514535468687,0.979360718015053
16.2249813079834,0.9974143690759693,0.979360718015053
16.22626495361328,0.9974143690759693,
16.227548599243164,0.9974143690759693,0.979360718015053
16.228832244873047,0.9974143690759693,
16.23011589050293,0.9974143690759693,0.979360718015053
16.24166488647461,0.9974143690759693,
16.253204345703125,,0.979360718015053
16.254486083984375,0.9974143690759693,
16.255767822265625,0.9974143690759693,0.979360718015053
16.257049560546875,,0.979360718015053
16.258331298828125,,0.979360718015053
16.28137969970703,0.9974143690759693,
16.2890567779541,0.9974143690759693,
16.29161262512207,0.9974143690759693,0.979360718015053
16.309507369995117,,0.979360718015053
16.315893173217773,0.9974143690759693,
16.31972312927246,0.9974143690759693,
16.34013557434082,0.9974143690759693,
16.349056243896484,0.9974143690759693,
16.350332260131836,,0.979360718015053
16.430408477783203,0.9974143690759693,
16.431676864624023,0.9974143690759693,0.9790915889361803
16.43294334411621,0.9974143690759693,0.9790915889361803
16.43421173095703,,0.9790915889361803
16.43801498413086,,0.9790915889361803
16.439281463623047,,0.9790915889361803
16.440549850463867,0.9974143690759693,
16.460811614990234,0.9974143690759693,
16.47093391418457,0.9974143690759693,
16.474727630615234,0.9974143690759693,0.9790915889361803
16.47599220275879,0.9974143690759693,
16.497474670410156,0.9974143690759693,
16.712020874023438,,0.9790915889361803
16.713268280029297,0.9974143690759693,0.9790915889361803
16.75932502746582,,0.9790915889361803
16.770509719848633,,0.9790915889361803
16.77547836303711,0.9974143690759693,
16.816410064697266,0.9974143690759693,
16.828794479370117,0.9974143690759693,
16.85848045349121,,0.9790915889361803
16.860950469970703,0.9974143690759693,
16.883176803588867,0.9974143690759693,
16.890579223632812,0.9974143690759693,0.9790915889361803
16.891813278198242,0.9974143690759693,0.9790915889361803
16.89304542541504,0.9974143690759693,
16.904142379760742,0.9974143690759693,0.9790915889361803
16.906606674194336,0.9974143690759693,
16.907838821411133,0.9974143690759693,0.9790915889361803
16.911535263061523,0.9974143690759693,
16.912765502929688,0.9974143690759693,
16.91522979736328,,0.9788195434821824
16.916461944580078,,0.9788195434821824
16.917694091796875,,0.9788195434821824
16.92138671875,0.9974143690759693,0.9788195434821824
16.922618865966797,0.9974143690759693,0.9788195434821824
16.92384910583496,0.9974143690759693,0.9785460538081169
16.927541732788086,,0.9785460538081169
16.947221755981445,,0.9785460538081169
16.968107223510742,,0.9785460538081169
16.969335556030273,0.9974143690759693,
16.97792625427246,,0.9785460538081169
16.998775482177734,,0.9785460538081169
17.01102638244629,0.9974143690759693,
17.01347541809082,0.9974143690759693,
17.014699935913086,0.9974143690759693,
17.02326774597168,,0.9785460538081169
17.026939392089844,,0.9785460538081169
17.02816390991211,0.9974143690759693,
17.03183364868164,0.9974143690759693,
17.033056259155273,0.9974143690759693,
17.04405975341797,0.9974143690759693,0.9785460538081169
17.0575008392334,0.9971652023587382,
17.06482696533203,0.9971652023587382,0.9785460538081169
17.06604766845703,,0.9785460538081169
17.06726837158203,0.9971652023587382,0.9785460538081169
17.06848907470703,0.9971652023587382,0.9785460538081169
17.06970977783203,0.9971652023587382,
17.07093048095703,0.9971652023587382,
17.091665267944336,0.9971652023587382,
17.092884063720703,0.9971652023587382,
17.111156463623047,,0.9785460538081169
17.118459701538086,0.9971652023587382,
17.11967658996582,0.9971652023587382,0.9785460538081169
17.120893478393555,0.9971652023587382,0.9785460538081169
17.12211036682129,0.9971652023587382,0.9785460538081169
17.123327255249023,0.9971652023587382,0.9785460538081169
17.124544143676758,0.9971652023587382,0.9785460538081169
17.12575912475586,0.9971652023587382,0.9785460538081169
17.126977920532227,0.9971652023587382,0.9785460538081169
17.128192901611328,,0.9785460538081169
17.13670539855957,,0.9782675831041309
17.139137268066406,0.9971652023587382,
17.169498443603516,,0.9782675831041309
17.185264587402344,,0.9782675831041309
17.19132423400879,,0.9782675831041309
17.21433448791504,0.9971652023587382,
17.216754913330078,,0.9782675831041309
17.24214744567871,0.9971652023587382,0.9782675831041309
17.243356704711914,0.9971652023587382,0.9782675831041309
17.244564056396484,0.9971652023587382,0.9782675831041309
17.245771408081055,0.9971652023587382,0.9782675831041309
17.259056091308594,,0.9782675831041309
17.261470794677734,,0.9782675831041309
17.268709182739258,0.9971652023587382,0.9782675831041309
17.269916534423828,0.9971652023587382,0.9782675831041309
17.271121978759766,0.9971652023587382,
17.298843383789062,,0.9782675831041309
17.30727195739746,,0.9782675831041309
17.326520919799805,0.9971652023587382,0.9782675831041309
17.327722549438477,0.9971652023587382,0.9782675831041309
17.330127716064453,,0.9782675831041309
17.345748901367188,0.9971652023587382,
17.39731788635254,0.9969025139492663,
17.39971351623535,0.9969025139492663,
17.400909423828125,0.9969025139492663,
17.423643112182617,0.9969025139492663,0.9782675831041309
17.42483901977539,0.9969025139492663,0.9782675831041309
17.492855072021484,0.9969025139492663,
17.501190185546875,0.9969025139492663,
17.50238037109375,0.9969025139492663,0.9782675831041309
17.503570556640625,0.9969025139492663,0.9782675831041309
17.505950927734375,0.9969025139492663,0.9782675831041309
17.50714111328125,0.9969025139492663,0.9782675831041309
17.508331298828125,0.9969025139492663,
17.52141571044922,0.9969025139492663,
17.528547286987305,0.9969025139492663,
17.529735565185547,0.9969025139492663,0.9782675831041309
17.530925750732422,0.9969025139492663,0.9782675831041309
17.532114028930664,0.9969025139492663,0.9782675831041309
17.533302307128906,0.9969025139492663,
17.572467803955078,,0.9782675831041309
17.61273193359375,,0.9782675831041309
17.63519287109375,0.9969025139492663,
17.63637351989746,,0.9782675831041309
17.64227867126465,0.9969025139492663,0.9782675831041309
17.64345932006836,0.9969025139492663,0.9782675831041309
17.64463996887207,0.9969025139492663,0.9782675831041309
17.668237686157227,,0.9782675831041309
17.670597076416016,0.9969025139492663,0.9782675831041309
17.705930709838867,0.9969025139492663,
17.751760482788086,,0.9779827890479147
17.756454467773438,,0.9774132009354805
17.796300888061523,,0.9774132009354805
17.845401763916016,0.9969025139492663,
17.871065139770508,0.9969025139492663,
17.874563217163086,,0.9774132009354805
17.895530700683594,0.9969025139492663,
17.899023056030273,0.9969025139492663,
17.901350021362305,,0.9774132009354805
17.94900131225586,0.9969025139492663,
17.953643798828125,,0.9774132009354805
17.957124710083008,,0.9774132009354805
17.959444046020508,,0.9774132009354805
17.98610496520996,,0.9771277414725916
18.002315521240234,,0.9768422820097012
18.01156997680664,0.9969025139492663,
18.03122329711914,0.9969025139492663,
18.040464401245117,0.9969025139492663,0.9768422820097012
18.04161834716797,0.9969025139492663,0.9768422820097012
18.04277229309082,0.9969025139492663,
18.064699172973633,,0.9765564048420079
18.071617126464844,,0.9765564048420079
18.072769165039062,,0.9765564048420079
18.07968521118164,0.9969025139492663,
18.122268676757812,,0.9765564048420079
18.125717163085938,,0.9765564048420079
18.145246505737305,,0.976269856601149
18.15098762512207,,0.976269856601149
18.202564239501953,0.9969025139492663,0.976269856601149
18.20370864868164,0.9969025139492663,0.976269856601149
18.225439071655273,0.9969025139492663,
18.22658348083496,0.9969025139492663,
18.230012893676758,0.9969025139492663,0.976269856601149
18.231155395507812,0.9969025139492663,0.976269856601149
18.233440399169922,,0.9759822107977909
18.234582901000977,0.9969025139492663,0.9759822107977909
18.23572540283203,0.9969025139492663,
18.239151000976562,,0.9756944801931926
18.242578506469727,,0.9754067495885955
18.252853393554688,,0.9754067495885955
18.253995895385742,0.9969025139492663,
18.272247314453125,0.9969025139492663,0.9754067495885955
18.273386001586914,0.9969025139492663,
18.2813663482666,0.9969025139492663,0.9754067495885955
18.28250503540039,0.9969025139492663,
18.28364372253418,0.9969025139492663,0.9754067495885955
18.2847843170166,0.9969025139492663,0.9754067495885955
18.28592300415039,0.9969025139492663,
18.326892852783203,,0.9754067495885955
18.329166412353516,0.9969025139492663,
18.330303192138672,0.9969025139492663,0.9754067495885955
18.331439971923828,0.9969025139492663,0.9754067495885955
18.354154586791992,0.9969025139492663,
18.387042999267578,,0.9754067495885955
18.423263549804688,,0.9754067495885955
18.4481258392334,,0.9751173113839707
18.46392822265625,0.9969025139492663,
18.466184616088867,,0.9751173113839707
18.467313766479492,0.9969025139492663,0.9751173113839707
18.46957015991211,,0.9751173113839707
18.4706974029541,,0.9751173113839707
18.475208282470703,,0.9748267519944042
18.477462768554688,0.9969025139492663,
18.49662208557129,,0.9748267519944042
18.50225257873535,0.9966201053050866,
18.513507843017578,,0.9745361059741311
18.571931838989258,,0.9745361059741311
18.58538818359375,0.9966201053050866,
18.6077938079834,0.9966201053050866,
18.60891342163086,0.9966201053050866,0.9745361059741311
18.61003303527832,0.9966201053050866,0.9745361059741311
18.61115264892578,0.9966201053050866,0.9745361059741311
18.64246940612793,,0.9742445033092684
18.656991958618164,,0.9742445033092684
18.65810775756836,,0.9742445033092684
18.659223556518555,0.9966201053050866,0.9742445033092684
18.660341262817383,0.9966201053050866,0.9742445033092684
18.669269561767578,,0.9742445033092684
18.670387268066406,,0.9742445033092684
18.68265724182129,,0.9742445033092684
18.692689895629883,,0.9742445033092684
18.70271873474121,,0.9742445033092684
18.70828628540039,0.9966201053050866,
18.71385383605957,0.9966201053050866,
18.74388885498047,,0.9742445033092684
18.772764205932617,0.9966201053050866,
18.773874282836914,,0.9742445033092684
18.802703857421875,,0.9742445033092684
18.80381202697754,,0.9742445033092684
18.8071346282959,0.9966201053050866,0.9739501696224694
18.81045913696289,0.9966201053050866,
18.818208694458008,,0.9739501696224694
18.819316864013672,,0.9739501696224694
18.820423126220703,,0.9739501696224694
18.83148956298828,,0.9739501696224694
18.832595825195312,,0.9739501696224694
18.833702087402344,,0.9739501696224694
18.85139274597168,0.9966201053050866,
18.858022689819336,,0.9736544956183337
18.876792907714844,,0.9733588216141991
18.878999710083008,,0.9733588216141991
18.896648406982422,,0.9733588216141991
18.897750854492188,,0.9733588216141991
18.898853302001953,,0.9733588216141991
18.903263092041016,0.9966201053050866,
18.950593948364258,0.9966201053050866,
18.98244857788086,0.9966201053050866,0.9733588216141991
18.985740661621094,0.9966201053050866,
18.98683738708496,0.9966201053050866,0.9733588216141991
19.00986671447754,,0.9733588216141991
19.024106979370117,0.9966201053050866,
19.028488159179688,0.9966201053050866,
19.029582977294922,0.9966201053050866,
19.030675888061523,0.9966201053050866,0.9733588216141991
19.03177261352539,0.9966201053050866,
19.032865524291992,0.9966201053050866,
19.033960342407227,0.9966201053050866,0.9733588216141991
19.03505516052246,0.9966201053050866,0.9733588216141991
19.05255889892578,0.9966201053050866,0.9733588216141991
19.054746627807617,0.9966201053050866,
19.059118270874023,0.9966201053050866,0.9733588216141991
19.060211181640625,0.9966201053050866,0.9733588216141991
19.061304092407227,0.9966201053050866,0.9733588216141991
19.062397003173828,0.9966201053050866,
19.06458282470703,0.9966201053050866,
19.065675735473633,0.9966201053050866,0.9733588216141991
19.08533477783203,0.9966201053050866,
19.08642578125,0.9966201053050866,0.9733588216141991
19.108243942260742,,0.9730607025264152
19.143102645874023,0.9966201053050866,
19.146366119384766,0.9966201053050866,
19.14745330810547,0.9966201053050866,0.9730607025264152
19.161592483520508,,0.9727624006556213
19.162681579589844,0.9966201053050866,0.9727624006556213
19.163768768310547,,0.9727624006556213
19.181154251098633,0.9966201053050866,
19.182239532470703,0.9966201053050866,0.9727624006556213
19.192012786865234,0.9966201053050866,0.9727624006556213
19.193098068237305,0.9966201053050866,0.9727624006556213
19.194183349609375,0.9966201053050866,0.9727624006556213
19.195268630981445,0.9966201053050866,
19.197439193725586,,0.9727624006556213
19.198524475097656,0.9966201053050866,
19.206119537353516,0.9966201053050866,0.9727624006556213
19.207202911376953,0.9966201053050866,0.9727624006556213
19.208288192749023,0.9966201053050866,0.9727624006556213
19.209373474121094,0.9966201053050866,0.9727624006556213
19.21045684814453,0.9966201053050866,0.9727624006556213
19.2115421295166,0.9966201053050866,
19.21371078491211,0.9966201053050866,0.9727624006556213
19.214794158935547,0.9966201053050866,0.9727624006556213
19.215879440307617,,0.9727624006556213
19.218048095703125,0.9966201053050866,0.9727624006556213
19.219131469726562,,0.9727624006556213
19.22021484375,0.9966201053050866,0.9727624006556213
19.22130012512207,0.9966201053050866,
19.233217239379883,0.9966201053050866,
19.236467361450195,0.9966201053050866,
19.237550735473633,0.9966201053050866,
19.247295379638672,,0.9727624006556213
19.260278701782227,0.9966201053050866,
19.275415420532227,,0.9727624006556213
19.313207626342773,,0.9727624006556213
19.316444396972656,,0.9727624006556213
19.335847854614258,0.9966201053050866,
19.339078903198242,0.9966201053050866,
19.348772048950195,0.9966201053050866,0.9727624006556213
19.349849700927734,,0.9727624006556213
19.35200309753418,,0.9727624006556213
19.362764358520508,0.9966201053050866,
19.36491584777832,,0.9727624006556213
19.36814308166504,,0.9724581271490043
19.372446060180664,0.9966201053050866,0.9724581271490043
19.385347366333008,,0.9724581271490043
19.39394187927246,0.9966201053050866,
19.415414810180664,0.9966201053050866,
19.422924041748047,,0.9724581271490043
19.423995971679688,,0.9721527068829389
19.427213668823242,,0.9721527068829389
19.44972038269043,0.9966201053050866,
19.46150016784668,,0.9721527068829389
19.49038314819336,,0.971847094589043
19.495725631713867,0.9966201053050866,
19.514951705932617,,0.9715414822951479
19.516019821166992,,0.9715414822951479
19.520288467407227,,0.9715414822951479
19.525623321533203,,0.9715414822951479
19.526691436767578,,0.9715414822951479
19.548017501831055,0.9966201053050866,
19.58209228515625,,0.9715414822951479
19.58315658569336,0.9966201053050866,0.9715414822951479
19.58953857421875,,0.9712332521294449
19.595918655395508,0.9966201053050866,
19.596981048583984,0.9966201053050866,
19.605484008789062,0.9966201053050866,0.9712332521294449
19.60654640197754,0.9966201053050866,0.9712332521294449
19.607608795166016,,0.9712332521294449
19.617170333862305,,0.9709235476485358
19.698772430419922,0.9966201053050866,0.9709235476485358
19.699831008911133,,0.9709235476485358
19.70088768005371,,0.9709235476485358
19.701946258544922,0.9966201053050866,0.9709235476485358
19.715686798095703,,0.9709235476485358
19.71674346923828,,0.9709235476485358
19.720970153808594,0.9966201053050866,
19.722026824951172,0.9966201053050866,
19.724138259887695,,0.970611654443381
19.725194931030273,,0.970611654443381
19.72625160217285,,0.970611654443381
19.72730827331543,,0.970611654443381
19.728363037109375,0.9966201053050866,0.970611654443381
19.729419708251953,,0.970611654443381
19.7304744720459,,0.970611654443381
19.731531143188477,0.9966201053050866,0.9702978453084162
19.732587814331055,,0.9702978453084162
19.733642578125,,0.9702978453084162
19.73680877685547,0.9966201053050866,
19.760019302368164,,0.9702978453084162
19.767396926879883,,0.9702978453084162
19.768451690673828,,0.9702978453084162
19.76950454711914,,0.9702978453084162
19.770559310913086,0.9966201053050866,0.9702978453084162
19.780040740966797,,0.9702978453084162
19.78109359741211,,0.9702978453084162
19.790569305419922,,0.9702978453084162
19.792675018310547,,0.9699778262301489
19.805301666259766,,0.9696578071518809
19.82737922668457,,0.9696578071518809
19.82843017578125,,0.9696578071518809
19.833683013916016,,0.9693375767003785
19.835784912109375,0.9966201053050866,
19.846284866333008,,0.9690173462488754
19.867267608642578,,0.9686971157973717
19.87984848022461,,0.9683768853458685
19.908123016357422,0.9966201053050866,
19.91126251220703,,0.9683768853458685
19.9185848236084,0.9966201053050866,
19.91963005065918,0.9966201053050866,0.9683768853458685
19.921722412109375,,0.9683768853458685
19.930086135864258,,0.9683768853458685
19.93113136291504,,0.9683768853458685
19.93217658996582,,0.9683768853458685
19.9332218170166,,0.9683768853458685
19.940536499023438,0.9966201053050866,
19.94367027282715,,0.9683768853458685
19.94471549987793,,0.9683768853458685
19.94576072692871,,0.9683768853458685
19.94993782043457,0.9966201053050866,
19.95098114013672,0.9966201053050866,0.9683768853458685
19.9520263671875,0.9966201053050866,
19.954113006591797,,0.9683768853458685
19.955158233642578,,0.9683768853458685
19.956201553344727,,0.9683768853458685
19.957244873046875,,0.9683768853458685
19.958290100097656,,0.9683768853458685
19.960376739501953,,0.9683768853458685
19.969768524169922,,0.9683768853458685
20.06551742553711,0.9966201053050866,0.9680497309927113
20.06655502319336,,0.9680497309927113
20.152544021606445,,0.9680497309927113
20.16804313659668,,0.9680497309927113
20.180435180664062,0.9966201053050866,
20.1825008392334,0.9966201053050866,0.9680497309927113
20.185598373413086,,0.9680497309927113
20.19694709777832,,0.9680497309927113
20.197978973388672,,0.9680497309927113
20.19900894165039,,0.9680497309927113
20.217567443847656,,0.9677210214066354
20.226839065551758,0.9966201053050866,
20.25051498413086,,0.9677210214066354
20.251543045043945,,0.9677210214066354
20.25257110595703,,0.9677210214066354
20.2597713470459,0.9966201053050866,
20.271080017089844,,0.9677210214066354
20.27210807800293,,0.9677210214066354
20.273134231567383,0.9966201053050866,
20.27416229248047,,0.9677210214066354
20.277244567871094,,0.9677210214066354
20.284435272216797,,0.9677210214066354
20.285463333129883,,0.9677210214066354
20.29265022277832,0.9963109799622489,
20.29470443725586,,0.9677210214066354
20.295730590820312,,0.9677210214066354
20.303939819335938,,0.9673888137096202
20.379728317260742,,0.9673888137096202
20.385860443115234,0.9963109799622489,
20.39403533935547,,0.9673888137096202
20.419557571411133,0.9963109799622489,
20.422618865966797,,0.9673888137096202
20.42363739013672,,0.9673888137096202
20.427717208862305,,0.9673888137096202
20.4542179107666,,0.9670560346199368
20.463382720947266,0.9963109799622489,
20.47254180908203,,0.9670560346199368
20.473560333251953,,0.9670560346199368
20.474578857421875,0.9963109799622489,0.9670560346199368
20.475595474243164,0.9963109799622489,0.9670560346199368
20.476612091064453,,0.9670560346199368
20.508129119873047,0.9963109799622489,
20.51117515563965,,0.9670560346199368
20.523361206054688,,0.9670560346199368
20.524375915527344,0.9963109799622489,
20.53655242919922,,0.9670560346199368
20.567975997924805,,0.9670560346199368
20.56899070739746,0.9963109799622489,
20.576078414916992,0.9963109799622489,
20.599353790283203,,0.9670560346199368
20.600364685058594,,0.9670560346199368
20.601375579833984,,0.9670560346199368
20.61249542236328,,0.9670560346199368
20.613506317138672,0.9963109799622489,0.9667059057152946
20.614517211914062,0.9963109799622489,0.9667059057152946
20.615528106689453,0.9963109799622489,0.9667059057152946
20.616539001464844,,0.9667059057152946
20.617549896240234,,0.9667059057152946
20.618558883666992,0.9963109799622489,0.9667059057152946
20.62563133239746,,0.9667059057152946
20.628660202026367,,0.9663534792093833
20.64279556274414,,0.9663534792093833
20.656919479370117,,0.9663534792093833
20.684133529663086,,0.9663534792093833
20.685138702392578,,0.9663534792093833
20.686145782470703,,0.9663534792093833
20.689167022705078,0.9963109799622489,
20.70326042175293,0.9963109799622489,
20.705272674560547,,0.9663534792093833
20.710302352905273,,0.9663534792093833
20.7113094329834,,0.9663534792093833
20.71231460571289,,0.9663534792093833
20.75853157043457,,0.9663534792093833
20.783607482910156,0.9963109799622489,
20.785612106323242,0.9963109799622489,0.9663534792093833
20.7866153717041,0.9963109799622489,
20.791624069213867,0.9963109799622489,
20.792627334594727,0.9963109799622489,0.9663534792093833
20.793628692626953,0.9963109799622489,0.9663534792093833
20.79463005065918,0.9963109799622489,0.9663534792093833
20.796634674072266,,0.9659953051992983
20.80464744567871,0.9963109799622489,
20.815658569335938,,0.9659953051992983
20.816659927368164,,0.9656369983353515
20.81766128540039,,0.9656369983353515
20.827665328979492,,0.9656369983353515
20.834667205810547,,0.9652784253690188
20.836666107177734,0.9963109799622489,
20.838666915893555,,0.9652784253690188
20.866640090942383,,0.9652784253690188
20.871631622314453,,0.9652784253690188
20.872629165649414,,0.9652784253690188
20.873628616333008,,0.9652784253690188
20.908531188964844,,0.9652784253690188
20.909526824951172,0.9963109799622489,0.9652784253690188
20.91948890686035,0.9963109799622489,
20.922475814819336,,0.9652784253690188
20.923471450805664,0.9963109799622489,
20.948348999023438,,0.9649177084686568
20.95332145690918,,0.9649177084686568
20.959285736083984,,0.9645568566704259
20.968229293823242,,0.9645568566704259
20.987098693847656,,0.9645568566704259
20.997024536132812,,0.9645568566704259
20.999008178710938,,0.9645568566704259
21.0,,0.9645568566704259
21.032712936401367,,0.9645568566704259
21.038654327392578,,0.9645568566704259
21.049545288085938,,0.9645568566704259
21.050535202026367,,0.9645568566704259
21.053503036499023,,0.9641946498147479
21.068340301513672,0.9963109799622489,
21.07427406311035,0.9963109799622489,
21.080204010009766,,0.9641946498147479
21.085145950317383,,0.9641946498147479
21.087120056152344,,0.963832034301467
21.120685577392578,,0.963832034301467
21.121671676635742,,0.963832034301467
21.122657775878906,,0.963832034301467
21.12364387512207,,0.963832034301467
21.127588272094727,,0.963832034301467
21.12857437133789,0.9963109799622489,0.963832034301467
21.129560470581055,0.9963109799622489,
21.14631462097168,0.9963109799622489,
21.147300720214844,0.9963109799622489,0.963832034301467
21.148286819458008,0.9963109799622489,0.963832034301467
21.159120559692383,,0.963832034301467
21.160104751586914,,0.963832034301467
21.161088943481445,,0.963832034301467
21.162073135375977,,0.963832034301467
21.17388343811035,,0.963832034301467
21.24656867980957,0.9963109799622489,
21.260292053222656,,0.963832034301467
21.26127052307129,,0.963832034301467
21.262250900268555,,0.963832034301467
21.278902053833008,,0.9634650000157468
21.29553985595703,,0.9634650000157468
21.296518325805664,,0.9634650000157468
21.297496795654297,,0.9634650000157468
21.306297302246094,,0.9634650000157468
21.323890686035156,,0.9634650000157468
21.33365821838379,,0.9634650000157468
21.33463478088379,0.9963109799622489,0.9634650000157468
21.33561134338379,,0.9634650000157468
21.33658790588379,,0.9634650000157468
21.33756446838379,,0.9634650000157468
21.33854103088379,0.9963109799622489,
21.34927749633789,,0.9634650000157468
21.354156494140625,,0.9634650000157468
21.355131149291992,,0.9634650000157468
21.36293601989746,0.9963109799622489,
21.36781120300293,,0.9634650000157468
21.368785858154297,,0.9634650000157468
21.37073516845703,,0.9634650000157468
21.3717098236084,,0.9634650000157468
21.399961471557617,,0.9630874667085302
21.407747268676758,0.9963109799622489,0.9630874667085302
21.411640167236328,,0.9627097853490367
21.412612915039062,,0.9623321039895433
21.445667266845703,,0.9623321039895433
21.48740005493164,,0.9623321039895433
21.55129623413086,,0.9623321039895433
21.556127548217773,,0.96195397742609
21.5657901763916,0.9963109799622489,
21.58896255493164,,0.96195397742609
21.589927673339844,,0.96195397742609
21.590892791748047,,0.96195397742609
21.59185791015625,,0.96195397742609
21.592823028564453,,0.96195397742609
21.593788146972656,,0.96195397742609
21.59571647644043,,0.96195397742609
21.596681594848633,,0.96195397742609
21.59957504272461,,0.96195397742609
21.60439682006836,,0.96195397742609
21.610183715820312,0.9963109799622489,
21.63138198852539,,0.9615739086874786
21.63908576965332,0.9963109799622489,0.9615739086874786
21.640047073364258,,0.9615739086874786
21.65736961364746,0.9963109799622489,
21.675640106201172,,0.9615739086874786
21.676599502563477,,0.9615739086874786
21.677560806274414,,0.9615739086874786
21.681406021118164,,0.9615739086874786
21.68236541748047,,0.9615739086874786
21.683326721191406,0.9963109799622489,0.9615739086874786
21.684288024902344,,0.9615739086874786
21.68524932861328,0.9963109799622489,
21.69293212890625,,0.9615739086874786
21.693893432617188,,0.9615739086874786
21.694852828979492,,0.9611888170139955
21.69965362548828,,0.9611888170139955
21.701574325561523,0.9963109799622489,0.9611888170139955
21.709253311157227,,0.9608029523744872
21.711172103881836,,0.9608029523744872
21.71405029296875,,0.9608029523744872
21.715009689331055,,0.9608029523744872
21.71596908569336,,0.9608029523744872
21.718847274780273,0.9963109799622489,0.9608029523744872
21.719806671142578,,0.9608029523744872
21.720766067504883,,0.9608029523744872
21.721725463867188,,0.9608029523744872
21.722684860229492,,0.9608029523744872
21.72460174560547,,0.9608029523744872
21.725561141967773,0.9963109799622489,0.9608029523744872
21.726520538330078,,0.9608029523744872
21.736106872558594,,0.960409019224682
21.742815017700195,,0.960409019224682
21.743772506713867,,0.960409019224682
21.745689392089844,,0.960409019224682
21.746646881103516,,0.960409019224682
21.74760627746582,0.9963109799622489,0.960409019224682
21.748563766479492,0.9963109799622489,0.960409019224682
21.749521255493164,,0.960409019224682
21.750478744506836,,0.960409019224682
21.751436233520508,,0.960409019224682
21.764841079711914,0.9963109799622489,
21.76771354675293,0.9963109799622489,
21.77919578552246,0.9963109799622489,
21.785890579223633,,0.9600116634037368
21.79067039489746,,0.9600116634037368
21.8136043548584,,0.9600116634037368
21.814559936523438,,0.9600116634037368
21.851774215698242,0.9963109799622489,
21.8603515625,,0.9600116634037368
21.884164810180664,0.9963109799622489,
21.885116577148438,,0.9600116634037368
21.88606834411621,,0.9600116634037368
21.887020111083984,,0.9600116634037368
21.889875411987305,,0.9600116634037368
21.890827178955078,,0.9600116634037368
21.89177894592285,,0.9600116634037368
21.90509796142578,0.9963109799622489,
21.911754608154297,,0.9600116634037368
21.92601203918457,0.9963109799622489,
21.932661056518555,,0.9600116634037368
21.933612823486328,0.9963109799622489,0.9600116634037368
21.93456268310547,,0.9600116634037368
21.9383602142334,0.9963109799622489,
21.94595718383789,,0.9596093114911625
21.950702667236328,,0.9596093114911625
21.957345962524414,0.9963109799622489,
21.970624923706055,,0.9592066218933905
21.99715805053711,,0.9592066218933905
22.02555274963379,0.9963109799622489,
22.056745529174805,0.9963109799622489,
22.057689666748047,0.9963109799622489,
22.070907592773438,0.9963109799622489,
22.08600616455078,,0.9592066218933905
22.086950302124023,,0.9592066218933905
22.090721130371094,,0.9588032549371699
22.108633041381836,,0.9588032549371699
22.109575271606445,,0.9588032549371699
22.110517501831055,,0.9588032549371699
22.121822357177734,,0.9583992080535046
22.14347267150879,,0.9579951611698404
22.227985382080078,,0.9579951611698404
22.22892189025879,0.9963109799622489,
22.237356185913086,,0.9579951611698404
22.25234031677246,0.9963109799622489,
22.253276824951172,0.9963109799622489,0.9579951611698404
22.267314910888672,0.9959930760120377,
22.352293014526367,,0.9579951611698404
22.356952667236328,,0.9579951611698404
22.360679626464844,,0.9579951611698404
22.361610412597656,0.9959930760120377,0.9579951611698404
22.3625431060791,0.9959930760120377,0.9579951611698404
22.366270065307617,0.9959930760120377,
22.373720169067383,,0.9579951611698404
22.374650955200195,,0.9579951611698404
22.375581741333008,,0.9579951611698404
22.37651252746582,,0.9579951611698404
22.377443313598633,,0.9579951611698404
22.409074783325195,,0.9579951611698404
22.426733016967773,0.9959930760120377,
22.435091018676758,,0.9579951611698404
22.46014976501465,,0.9575861111437214
22.472204208374023,0.9959930760120377,
22.480546951293945,,0.9575861111437214
22.497222900390625,,0.9575861111437214
22.49814796447754,,0.9575861111437214
22.51758575439453,,0.9575861111437214
22.518510818481445,,0.9575861111437214
22.51943588256836,,0.9575861111437214
22.520360946655273,0.9959930760120377,
22.523136138916016,,0.9575861111437214
22.542552947998047,,0.9575861111437214
22.543476104736328,,0.9575861111437214
22.544401168823242,,0.9575861111437214
22.557334899902344,,0.9571737140243664
22.558258056640625,,0.9571737140243664
22.559181213378906,,0.9571737140243664
22.56195068359375,,0.9571737140243664
22.562875747680664,,0.9571737140243664
22.570261001586914,,0.9571737140243664
22.57948875427246,,0.9571737140243664
22.580411911010742,,0.9571737140243664
22.581335067749023,,0.9571737140243664
22.583179473876953,,0.9567566448679281
22.596092224121094,,0.9567566448679281
22.597013473510742,,0.9567566448679281
22.59793472290039,,0.9567566448679281
22.622812271118164,,0.9567566448679281
22.623733520507812,,0.9567566448679281
22.62465476989746,,0.9567566448679281
22.62557601928711,,0.9567566448679281
22.63662338256836,,0.9567566448679281
22.637542724609375,,0.9567566448679281
22.643983840942383,,0.9567566448679281
22.64490509033203,,0.9567566448679281
22.645822525024414,,0.9567566448679281
22.653182983398438,,0.9567566448679281
22.654102325439453,,0.9567566448679281
22.65502166748047,,0.9567566448679281
22.655941009521484,,0.9567566448679281
22.6568603515625,,0.9567566448679281
22.657779693603516,,0.9567566448679281
22.658700942993164,,0.9567566448679281
22.677080154418945,,0.9567566448679281
22.67799949645996,,0.9567566448679281
22.678916931152344,,0.9567566448679281
22.680755615234375,,0.9567566448679281
22.681673049926758,,0.9567566448679281
22.682592391967773,,0.9567566448679281
22.689022064208984,,0.9567566448679281
22.689939498901367,,0.9567566448679281
22.69085693359375,,0.9567566448679281
22.716550827026367,0.9959930760120377,
22.723886489868164,,0.9563185694810833
22.735801696777344,,0.9563185694810833
22.744047164916992,,0.9563185694810833
22.760528564453125,,0.9563185694810833
22.77699851989746,,0.9563185694810833
22.777912139892578,,0.9563185694810833
22.778827667236328,,0.9563185694810833
22.810815811157227,,0.9563185694810833
22.811729431152344,0.9959930760120377,0.9563185694810833
22.81264305114746,0.9959930760120377,0.9563185694810833
22.813554763793945,0.9959930760120377,0.9563185694810833
22.828163146972656,,0.9563185694810833
22.82907485961914,0.9959930760120377,0.9563185694810833
22.829986572265625,,0.9563185694810833
22.83181381225586,,0.9563185694810833
22.836374282836914,,0.9563185694810833
22.838197708129883,,0.9563185694810833
22.84093475341797,,0.9563185694810833
22.85552406311035,0.9959930760120377,0.9563185694810833
22.856435775756836,,0.9563185694810833
22.85734748840332,0.9959930760120377,0.9563185694810833
22.881032943725586,,0.9563185694810833
22.91924285888672,,0.9563185694810833
22.92197036743164,,0.9563185694810833
22.931055068969727,,0.9563185694810833
22.931964874267578,,0.9563185694810833
22.932872772216797,0.9959930760120377,0.9563185694810833
22.933780670166016,,0.9563185694810833
22.934690475463867,,0.9563185694810833
22.935598373413086,,0.9563185694810833
22.936506271362305,,0.9563185694810833
22.937414169311523,,0.9563185694810833
22.938323974609375,,0.9563185694810833
22.93922996520996,,0.9563185694810833
22.940139770507812,,0.9563185694810833
22.94831085205078,0.9959930760120377,
22.970996856689453,0.9959930760120377,
22.98187828063965,0.9959930760120377,0.9563185694810833
22.9827823638916,,0.9563185694810833
22.98369026184082,,0.9563185694810833
22.990034103393555,,0.9563185694810833
22.99094009399414,,0.9563185694810833
22.991846084594727,,0.9563185694810833
22.9936580657959,,0.9558574708458459
22.994564056396484,0.9959930760120377,
22.999094009399414,,0.9553963722106092
23.02353858947754,,0.9553963722106092
23.024442672729492,0.9959930760120377,0.9553963722106092
23.025348663330078,,0.9549346049934949
23.047956466674805,,0.9549346049934949
23.06422233581543,,0.9544726143766625
23.081377029418945,,0.9544726143766625
23.13096809387207,,0.9544726143766625
23.132768630981445,0.9959930760120377,
23.133670806884766,,0.9544726143766625
23.13547134399414,,0.9544726143766625
23.136371612548828,,0.9544726143766625
23.137271881103516,0.9959930760120377,0.9544726143766625
23.138172149658203,,0.9544726143766625
23.141773223876953,,0.9544726143766625
23.150774002075195,,0.9544726143766625
23.151674270629883,,0.9544726143766625
23.15257453918457,,0.9544726143766625
23.153472900390625,,0.9540072449888631
23.15797233581543,0.9959930760120377,
23.172361373901367,,0.9540072449888631
23.1921329498291,,0.9540072449888631
23.22355079650879,,0.9535414211387706
23.274627685546875,,0.9535414211387706
23.291629791259766,0.9959930760120377,
23.297889709472656,,0.9530753696132873
23.304147720336914,0.9959930760120377,
23.31487274169922,,0.9526093180878046
23.315767288208008,0.9959930760120377,
23.316661834716797,0.9959930760120377,
23.317554473876953,0.9959930760120377,
23.31844711303711,0.9959930760120377,
23.329166412353516,0.9959930760120377,
23.330059051513672,,0.9526093180878046
23.350589752197266,0.9959930760120377,
23.360401153564453,,0.9526093180878046
23.361291885375977,,0.9526093180878046
23.362184524536133,,0.9526093180878046
23.3737735748291,0.9959930760120377,
23.380905151367188,,0.9526093180878046
23.400497436523438,0.9959930760120377,
23.41651725769043,,0.9521402834654075
23.424524307250977,,0.9516712488430107
23.428081512451172,,0.9512022142206136
23.45563316345215,,0.950733179598217
23.484037399291992,,0.950733179598217
23.48847198486328,,0.950733179598217
23.491132736206055,,0.950733179598217
23.492019653320312,,0.950733179598217
23.49290657043457,,0.950733179598217
23.5,,0.950733179598217
23.510635375976562,0.9959930760120377,
23.512407302856445,,0.950733179598217
23.513294219970703,0.9959930760120377,
23.531007766723633,,0.950733179598217
23.538089752197266,,0.950261117443501
23.539859771728516,,0.950261117443501
23.561975479125977,,0.9497888206654475
23.566394805908203,,0.9493165238873941
23.586719512939453,,0.9488442271093409
23.592018127441406,,0.948371930331287
23.61055564880371,,0.9478996335532335
23.646705627441406,0.9959930760120377,0.9478996335532335
23.661678314208984,0.9959930760120377,
23.66343879699707,0.9959930760120377,
23.754823684692383,0.9959930760120377,
23.772357940673828,0.9959930760120377,
23.778491973876953,0.9959930760120377,0.9478996335532335
23.779367446899414,0.9959930760120377,
23.780244827270508,0.9959930760120377,
23.78112030029297,0.9959930760120377,
23.792505264282227,,0.9478996335532335
23.81613540649414,,0.9478996335532335
23.8170108795166,,0.9478996335532335
23.817886352539062,,0.9478996335532335
23.81875991821289,,0.9478996335532335
23.81963539123535,,0.9478996335532335
23.82050895690918,,0.9478996335532335
23.82138442993164,,0.9478996335532335
23.82225799560547,,0.9478996335532335
23.82313346862793,0.9959930760120377,0.9478996335532335
23.824007034301758,0.9959930760120377,0.9474145262689179
23.830127716064453,,0.9474145262689179
23.831003189086914,0.9959930760120377,0.9474145262689179
23.831876754760742,0.9959930760120377,
23.83275032043457,,0.9474145262689179
23.83362579345703,,0.9474145262689179
23.834497451782227,,0.9474145262689179
23.835372924804688,,0.9474145262689179
23.836246490478516,,0.9474145262689179
23.837120056152344,,0.9474145262689179
23.837995529174805,,0.9474145262689179
23.838869094848633,,0.9474145262689179
23.83974266052246,,0.9474145262689179
23.84061622619629,,0.9474145262689179
23.84149169921875,,0.9474145262689179
23.842363357543945,,0.9474145262689179
23.843238830566406,,0.9474145262689179
23.844112396240234,,0.9474145262689179
23.844985961914062,,0.9474145262689179
23.84585952758789,,0.9474145262689179
23.855466842651367,,0.9474145262689179
23.856340408325195,,0.9474145262689179
23.857213973999023,,0.9474145262689179
23.86507225036621,,0.9474145262689179
23.865943908691406,,0.9474145262689179
23.88426971435547,,0.9469062566732804
23.895606994628906,,0.9469062566732804
23.912166595458984,,0.9469062566732804
23.913036346435547,,0.9469062566732804
23.918262481689453,0.9959930760120377,
23.935678482055664,0.9959930760120377,0.9469062566732804
23.93741798400879,,0.9469062566732804
23.962644577026367,,0.9469062566732804
23.96351432800293,,0.9469062566732804
23.97046661376953,,0.9469062566732804
23.97481346130371,,0.9469062566732804
23.98176383972168,,0.9469062566732804
23.982633590698242,,0.9469062566732804
23.986974716186523,,0.9469062566732804
24.00086784362793,0.9959930760120377,
24.01909065246582,0.9959930760120377,
24.027761459350586,,0.9469062566732804
24.039897918701172,,0.9469062566732804
24.052026748657227,0.9959930760120377,
24.066747665405273,,0.9469062566732804
24.06934356689453,,0.9463916337076972
24.073671340942383,,0.9463916337076972
24.12899398803711,,0.9458767307513815
24.150569915771484,,0.9453618277950668
24.159194946289062,,0.9453618277950668
24.160057067871094,,0.9453618277950668
24.174711227416992,,0.9448460821170552
24.20399284362793,,0.9448460821170552
24.208297729492188,,0.9443300547647248
24.210880279541016,,0.9438140274123948
24.215181350708008,0.9959930760120377,
24.216041564941406,,0.9432980000600638
24.2186222076416,,0.9432980000600638
24.219482421875,,0.9432980000600638
24.2203426361084,,0.9432980000600638
24.224641799926758,,0.9427808410688031
24.252147674560547,0.9959930760120377,
24.268463134765625,,0.9427808410688031
24.27361297607422,,0.9422633982361642
24.349023818969727,,0.9417459554035246
24.355012893676758,,0.9417459554035246
24.355867385864258,,0.9417459554035246
24.35672378540039,0.9959930760120377,0.9417459554035246
24.359289169311523,,0.9417459554035246
24.360145568847656,0.9959930760120377,0.9417459554035246
24.361000061035156,,0.9417459554035246
24.361854553222656,,0.9417459554035246
24.369550704956055,,0.9417459554035246
24.370405197143555,,0.9417459554035246
24.371259689331055,,0.9417459554035246
24.377243041992188,0.9959930760120377,0.9417459554035246
24.381515502929688,,0.9412213058461968
24.382369995117188,,0.9412213058461968
24.38322639465332,,0.9412213058461968
24.384078979492188,,0.9412213058461968
24.384933471679688,,0.9412213058461968
24.388351440429688,,0.9412213058461968
24.390058517456055,,0.9412213058461968
24.390914916992188,,0.9412213058461968
24.39774513244629,,0.9406889408542025
24.39859962463379,,0.9406889408542025
24.399452209472656,0.9959930760120377,0.9406889408542025
24.401161193847656,,0.9406889408542025
24.402013778686523,,0.9406889408542025
24.40628433227539,0.9959930760120377,0.9406889408542025
24.407136917114258,0.9959930760120377,0.9406889408542025
24.407991409301758,,0.9406889408542025
24.408843994140625,,0.9406889408542025
24.409696578979492,,0.9406889408542025
24.418230056762695,,0.9401498640972661
24.423349380493164,,0.9401498640972661
24.42420196533203,,0.9401498640972661
24.4250545501709,,0.9401498640972661
24.458297729492188,,0.939608303115643
24.466814041137695,,0.939608303115643
24.471071243286133,,0.9390664298151151
24.472774505615234,0.9959930760120377,
24.47362518310547,0.9959930760120377,
24.500850677490234,0.9959930760120377,
24.5237979888916,,0.9390664298151151
24.600135803222656,0.9959930760120377,0.9390664298151151
24.601829528808594,,0.9390664298151151
24.619606018066406,,0.9390664298151151
24.62299156188965,,0.9385229885941574
24.639060974121094,,0.9379795473731997
24.64497947692871,,0.9374361061522416
24.664413452148438,,0.936892664931284
24.689741134643555,,0.936892664931284
24.69058609008789,,0.936892664931284
24.691429138183594,0.9959930760120377,0.936892664931284
24.714200973510742,,0.9363466901848201
24.718414306640625,,0.9363466901848201
24.719257354736328,0.9959930760120377,0.9363466901848201
24.75041961669922,,0.935799439050872
24.767250061035156,,0.935799439050872
24.779865264892578,,0.935799439050872
24.780704498291016,0.9959930760120377,0.935799439050872
24.781545639038086,,0.935799439050872
24.793312072753906,0.9959930760120377,0.9352502609763119
24.794153213500977,0.9959930760120377,
24.85960578918457,,0.9352502609763119
24.86882209777832,,0.9347004371897295
24.877199172973633,,0.9341506134031481
24.878036499023438,,0.9341506134031481
24.906492233276367,,0.9336004658098607
24.911510467529297,,0.9330503182165724
24.92488670349121,,0.9330503182165724
24.976655960083008,,0.9324998460524326
24.979158401489258,,0.9324998460524326
24.979991912841797,,0.9324998460524326
24.98082733154297,0.9959930760120377,0.9324998460524326
24.981658935546875,,0.9324998460524326
24.982494354248047,0.9959930760120377,0.9324998460524326
24.983327865600586,0.9959930760120377,0.9324998460524326
24.984161376953125,,0.9324998460524326
24.984994888305664,,0.9324998460524326
24.985830307006836,,0.9324998460524326
24.986661911010742,,0.9324998460524326
24.987497329711914,,0.9324998460524326
24.988330841064453,,0.9324998460524326
24.995832443237305,0.995664690560005,
25.00083351135254,,0.9324998460524326
25.001667022705078,,0.9324998460524326
25.002500534057617,,0.9324998460524326
25.0049991607666,,0.9324998460524326
25.00583267211914,,0.9324998460524326
25.00666618347168,,0.9324998460524326
25.008333206176758,,0.9319111466546721
25.012496948242188,,0.9313224472569113
25.01582908630371,,0.9313224472569113
25.018327713012695,,0.9313224472569113
25.0191593170166,,0.9313224472569113
25.01999282836914,,0.9313224472569113
25.020824432373047,,0.9313224472569113
25.021656036376953,0.995664690560005,0.9313224472569113
25.022489547729492,0.995664690560005,
25.02332305908203,0.995664690560005,0.9313224472569113
25.024154663085938,,0.9313224472569113
25.024988174438477,,0.9313224472569113
25.02665138244629,,0.9307281125745519
25.040800094604492,,0.9307281125745519
25.05743408203125,,0.9301333981256228
25.05992889404297,,0.9295386836766935
25.093990325927734,0.995664690560005,
25.154521942138672,,0.9289439692277639
25.15949058532715,,0.9289439692277639
25.16942596435547,,0.9289439692277639
25.19011116027832,,0.9289439692277639
25.19259262084961,,0.9283481103636024
25.198379516601562,,0.927752251499441
25.202512741088867,,0.927752251499441
25.207473754882812,,0.927752251499441
25.209125518798828,,0.927752251499441
25.209951400756836,,0.927752251499441
25.211605072021484,,0.927752251499441
25.21821403503418,0.995664690560005,
25.27845001220703,,0.927752251499441
25.279273986816406,,0.927752251499441
25.28339385986328,,0.927752251499441
25.28504180908203,,0.927752251499441
25.285865783691406,,0.927752251499441
25.28668975830078,,0.927752251499441
25.289161682128906,,0.927752251499441
25.28998374938965,,0.927752251499441
25.290807723999023,,0.927752251499441
25.29327964782715,,0.927752251499441
25.303985595703125,,0.927150205911187
25.314685821533203,,0.9265481603229334
25.318801879882812,0.995664690560005,
25.321269989013672,,0.9265481603229334
25.33278465270996,,0.9259457232876135
25.343473434448242,,0.925343286252293
25.344295501708984,,0.9247408492169721
25.354158401489258,0.995664690560005,
25.355802536010742,0.995664690560005,0.9241384121816517
25.36155128479004,,0.9235359751463316
25.363195419311523,,0.9235359751463316
25.364015579223633,,0.9235359751463316
25.36730194091797,,0.9235359751463316
25.36812400817871,,0.9235359751463316
25.36894416809082,,0.9235359751463316
25.374692916870117,,0.9229279856959383
25.39438819885254,,0.9229279856959383
25.42144775390625,,0.9223195954614655
25.428821563720703,,0.9223195954614655
25.43783187866211,,0.9217108036492797
25.439470291137695,,0.9217108036492797
25.440288543701172,,0.9217108036492797
25.44110870361328,,0.9217108036492797
25.441926956176758,,0.9217108036492797
25.442745208740234,,0.9217108036492797
25.443565368652344,,0.9217108036492797
25.44438362121582,,0.9217108036492797
25.445201873779297,,0.9217108036492797
25.446022033691406,,0.9210850665117034
25.44765853881836,,0.9210850665117034
25.448476791381836,,0.9210850665117034
25.449296951293945,,0.9210850665117034
25.454208374023438,,0.9210850665117034
25.45502471923828,,0.9210850665117034
25.46075439453125,,0.9210850665117034
25.461572647094727,,0.9210850665117034
25.462390899658203,,0.9210850665117034
25.46320915222168,,0.9210850665117034
25.464027404785156,,0.9210850665117034
25.46484375,,0.9210850665117034
25.46566390991211,,0.9210850665117034
25.466482162475586,0.995664690560005,0.9210850665117034
25.46729850769043,0.995664690560005,0.9210850665117034
25.468116760253906,0.995664690560005,
25.472206115722656,0.995664690560005,
25.474660873413086,,0.920442299542749
25.478750228881836,,0.920442299542749
25.47956657409668,,0.920442299542749
25.480384826660156,,0.920442299542749
25.481203079223633,0.995664690560005,
25.482019424438477,0.995664690560005,
25.482837677001953,0.995664690560005,0.920442299542749
25.48365592956543,0.995664690560005,0.920442299542749
25.484472274780273,,0.920442299542749
25.507352828979492,,0.9197899662333636
25.52123260498047,0.995664690560005,
25.537553787231445,,0.9197899662333636
25.56446075439453,,0.9191371699478895
25.565275192260742,,0.9191371699478895
25.566091537475586,,0.9191371699478895
25.566905975341797,,0.9191371699478895
25.586454391479492,,0.9184782902561709
25.589710235595703,0.995664690560005,
25.593782424926758,,0.9184782902561709
25.598665237426758,,0.9184782902561709
25.600292205810547,,0.9178184638982281
25.602733612060547,,0.9178184638982281
25.605989456176758,,0.9178184638982281
25.606801986694336,,0.9178184638982281
25.607616424560547,,0.9178184638982281
25.609243392944336,,0.9178184638982281
25.610055923461914,,0.9178184638982281
25.610870361328125,,0.9178184638982281
25.613309860229492,,0.9178184638982281
25.61737632751465,,0.9178184638982281
25.61819076538086,0.995664690560005,0.9178184638982281
25.619003295898438,0.995664690560005,
25.623882293701172,,0.9171538596521027
25.627134323120117,0.995664690560005,
25.640949249267578,,0.9164892554059785
25.662878036499023,,0.9158246511598538
25.710731506347656,0.995664690560005,
25.80213165283203,0.995664690560005,
25.815853118896484,,0.9151595642672181
25.842470169067383,,0.9144944773745818
25.84569549560547,,0.9138293904819459
25.856172561645508,,0.9138293904819459
25.858591079711914,,0.9138293904819459
25.85939598083496,,0.9138293904819459
25.860200881958008,,0.9138293904819459
25.861007690429688,,0.9138293904819459
25.888381958007812,,0.9138293904819459
25.897233963012695,0.995664690560005,
25.89803695678711,,0.9131613865415349
25.901254653930664,,0.9124933826011246
25.91170883178711,,0.9118253786607138
25.927783966064453,0.995332359221366,
25.935014724731445,0.995332359221366,
25.997596740722656,,0.9111573747203032
26.036832809448242,,0.9104893707798924
26.059226989746094,,0.9098213668394811
26.06801986694336,,0.9091533628990704
26.068819046020508,,0.9084853589586595
26.07281494140625,0.995332359221366,
26.088790893554688,,0.9078173550182488
26.094379425048828,,0.9071493510778385
26.09996795654297,,0.9064813471374277
26.132675170898438,,0.9058133431970166
26.149410247802734,,0.9051453392566061
26.151002883911133,,0.9051453392566061
26.16454315185547,0.995332359221366,
26.166135787963867,0.995332359221366,0.9051453392566061
26.16693115234375,0.995332359221366,0.9051453392566061
26.167728424072266,,0.9051453392566061
26.16852378845215,,0.9051453392566061
26.16931915283203,0.995332359221366,
26.178075790405273,0.995332359221366,
26.179668426513672,0.995332359221366,
26.180463790893555,0.995332359221366,
26.182851791381836,0.995332359221366,
26.1844425201416,0.995332359221366,
26.187623977661133,,0.904471366554256
26.1892147064209,0.995332359221366,
26.190805435180664,0.995332359221366,
26.191600799560547,0.995332359221366,
26.192398071289062,0.995332359221366,
26.193191528320312,0.995332359221366,
26.19478416442871,0.995332359221366,
26.19717025756836,0.995332359221366,
26.19796371459961,0.995332359221366,
26.198759078979492,0.995332359221366,
26.199554443359375,0.995332359221366,0.904471366554256
26.200349807739258,0.995332359221366,0.904471366554256
26.209890365600586,,0.9037938599126418
26.21147918701172,,0.9031158450139825
26.22101593017578,,0.9024378301153234
26.236902236938477,0.995332359221366,0.9024378301153234
26.242460250854492,0.995332359221366,
26.247222900390625,0.995332359221366,
26.248016357421875,0.995332359221366,
26.248809814453125,0.995332359221366,
26.284502029418945,0.995332359221366,
26.288463592529297,0.995332359221366,
26.303516387939453,0.995332359221366,0.9017593054310263
26.34229850769043,,0.9010807807467287
26.34625244140625,,0.9004022560624313
26.36759376525879,,0.9004022560624313
26.373125076293945,,0.8997232196702273
26.37786293029785,0.995332359221366,
26.378652572631836,0.995332359221366,
26.37944221496582,0.995332359221366,
26.38812828063965,0.995332359221366,
26.392864227294922,,0.8997232196702273
26.399967193603516,0.995332359221366,0.8997232196702273
26.403125762939453,0.995332359221366,
26.403913497924805,,0.8997232196702273
26.405492782592773,,0.8997232196702273
26.406280517578125,,0.8997232196702273
26.40707015991211,,0.8997232196702273
26.408647537231445,,0.8997232196702273
26.411014556884766,,0.8997232196702273
26.41495704650879,,0.8997232196702273
26.41732406616211,,0.8997232196702273
26.42047882080078,0.995332359221366,
26.434667587280273,,0.8997232196702273
26.435455322265625,0.995332359221366,0.8997232196702273
26.43624496459961,,0.8997232196702273
26.43703269958496,0.995332359221366,
26.438608169555664,,0.8997232196702273
26.44727325439453,,0.89903377659002
26.448850631713867,,0.89903377659002
26.452787399291992,0.9949869975422471,
26.46381187438965,,0.89903377659002
26.466960906982422,0.9949869975422471,0.89903377659002
26.467748641967773,,0.89903377659002
26.468534469604492,,0.89903377659002
26.469322204589844,,0.89903377659002
26.475616455078125,0.9949869975422471,0.89903377659002
26.476404190063477,0.9949869975422471,
26.525930404663086,,0.8983395420135025
26.53299903869629,0.9949869975422471,
26.5361385345459,0.9949869975422471,
26.551836013793945,,0.8976453074369855
26.580068588256836,,0.8969510728604682
26.58477020263672,0.9949869975422471,
26.596521377563477,,0.8962568382839506
26.616098403930664,,0.8962568382839506
26.61766242980957,,0.8962568382839506
26.632530212402344,,0.895560986701432
26.664583206176758,0.9949869975422471,
26.66536521911621,0.9949869975422471,
26.66614532470703,0.9949869975422471,
26.666927337646484,0.9949869975422471,
26.675518035888672,,0.894865135118913
26.681766510009766,,0.8941692835363949
26.685670852661133,,0.8941692835363949
26.695037841796875,,0.8934728900133914
26.699718475341797,,0.8934728900133914
26.70050048828125,,0.8934728900133914
26.701278686523438,,0.8927737719460885
26.70284080505371,,0.8927737719460885
26.719219207763672,,0.8920724571213074
26.74727439880371,,0.8913711422965265
26.755840301513672,,0.8906698274717456
26.769073486328125,,0.8899685126469644
26.795522689819336,,0.8899685126469644
26.79629898071289,,0.8899685126469644
26.797077178955078,,0.8899685126469644
26.797853469848633,,0.8899685126469644
26.79863166809082,,0.8892638661603078
26.80329704284668,,0.8885592196736521
26.80484962463379,,0.8878545731869956
26.81961441040039,,0.8871499267003391
26.828933715820312,,0.8864452802136824
26.83514404296875,,0.8857406337270264
26.861528396606445,0.9949869975422471,
26.862302780151367,0.9949869975422471,
26.863079071044922,0.9949869975422471,
26.863855361938477,0.9949869975422471,
26.8646297454834,0.9949869975422471,
26.869281768798828,0.9949869975422471,
26.870058059692383,0.9949869975422471,
26.870832443237305,0.9949869975422471,
26.876258850097656,0.9949869975422471,
26.87936019897461,,0.8857406337270264
26.88245964050293,0.9949869975422471,
26.88323402404785,0.9949869975422471,
26.884010314941406,0.9949869975422471,
26.890209197998047,0.9949869975422471,
26.89098358154297,0.9949869975422471,
26.89175796508789,0.9949869975422471,
26.892532348632812,0.9949869975422471,
26.893308639526367,0.9949869975422471,
26.895631790161133,,0.8857406337270264
26.904150009155273,,0.8857406337270264
26.904924392700195,,0.8857406337270264
26.914989471435547,,0.8857406337270264
26.91576385498047,,0.8857406337270264
26.921955108642578,,0.8850309056551295
26.92350196838379,,0.8843211775832328
26.946706771850586,,0.8843211775832328
26.949026107788086,,0.8843211775832328
26.955209732055664,,0.8843211775832328
26.95984649658203,,0.8843211775832328
26.967573165893555,,0.8836085900106441
26.97684097290039,0.9949869975422471,
26.977615356445312,0.9949869975422471,
26.97838592529297,0.9949869975422471,
26.979930877685547,0.9949869975422471,
26.980703353881836,0.9949869975422471,
26.99305534362793,0.9949869975422471,
27.002315521240234,,0.8828960024380543
27.003856658935547,,0.8821834148654654
27.005401611328125,,0.8814708272928756
27.015426635742188,,0.8807582397202864
27.016969680786133,,0.8800450751537113
27.01774024963379,,0.8800450751537113
27.019283294677734,,0.8800450751537113
27.02776336669922,,0.8800450751537113
27.030847549438477,,0.8800450751537113
27.0316162109375,,0.8800450751537113
27.04933738708496,,0.8786129432169276
27.055498123168945,,0.877896877248536
27.06319808959961,,0.8771808112801436
27.067047119140625,,0.876464745311752
27.074743270874023,0.9949869975422471,
27.08320426940918,,0.875748093843795
27.08474349975586,,0.8750314423758373
27.087051391601562,,0.8750314423758373
27.087820053100586,,0.8743130257564806
27.118566513061523,,0.8735934265583274
27.163854598999023,,0.8728738273601738
27.16922378540039,,0.8728738273601738
27.17305564880371,,0.8728738273601738
27.181488037109375,,0.8728738273601738
27.191450119018555,,0.8721524440317773
27.193748474121094,,0.8721524440317773
27.194515228271484,,0.8721524440317773
27.195281982421875,,0.8707048881080728
27.204471588134766,,0.8699799048540278
27.207534790039062,,0.8699799048540278
27.214426040649414,0.9949869975422471,
27.240442276000977,,0.8692543169433906
27.276363372802734,,0.8685287290327531
27.277891159057617,,0.867803141122116
27.28476333618164,,0.867803141122116
27.293161392211914,,0.8670769460249432
27.317577362060547,,0.8670769460249432
27.32139015197754,,0.8663501422143612
27.325963973999023,,0.8656233384037783
27.34044647216797,,0.8656233384037783
27.348066329956055,,0.8656233384037783
27.34958839416504,,0.8648953120468369
27.358728408813477,0.9949869975422471,
27.35948944091797,0.9949869975422471,
27.36025047302246,0.9949869975422471,
27.361011505126953,0.9949869975422471,
27.36253547668457,,0.8648953120468369
27.363296508789062,,0.8648953120468369
27.364818572998047,,0.8648953120468369
27.367103576660156,,0.8641611055001077
27.36786460876465,,0.8641611055001077
27.369386672973633,,0.8641611055001077
27.380041122436523,0.9949869975422471,
27.389171600341797,0.9949869975422471,
27.39145278930664,0.9949869975422471,0.8641611055001077
27.394495010375977,0.9949869975422471,
27.396015167236328,0.9949869975422471,
27.39677619934082,0.9949869975422471,
27.398296356201172,0.9949869975422471,0.8641611055001077
27.399057388305664,0.9949869975422471,
27.406660079956055,,0.8641611055001077
27.4119815826416,0.9949869975422471,
27.41274070739746,0.9949869975422471,
27.41349983215332,0.9949869975422471,
27.414260864257812,0.9949869975422471,
27.415019989013672,0.9949869975422471,
27.415781021118164,0.9949869975422471,
27.418819427490234,0.9949869975422471,
27.419578552246094,0.9949869975422471,
27.420339584350586,0.9949869975422471,
27.421098709106445,0.9949869975422471,
27.422618865966797,0.9949869975422471,
27.423377990722656,0.9949869975422471,
27.424137115478516,0.9949869975422471,
27.424898147583008,0.9949869975422471,
27.428695678710938,0.9949869975422471,
27.431734085083008,,0.8641611055001077
27.434770584106445,,0.8634206075519499
27.441604614257812,,0.8634206075519499
27.44540023803711,,0.8634206075519499
27.44615936279297,,0.8634206075519499
27.446918487548828,,0.8634206075519499
27.473472595214844,,0.8634206075519499
27.479537963867188,0.9949869975422471,
27.492422103881836,,0.862675637226193
27.54541778564453,,0.861930666900437
27.549198150634766,,0.861930666900437
27.553735733032227,,0.861930666900437
27.55449104309082,,0.861930666900437
27.555248260498047,,0.861930666900437
27.556758880615234,,0.861930666900437
27.558271408081055,,0.861930666900437
27.56053924560547,,0.8611798562149843
27.571874618530273,,0.8604290455295309
27.5726318359375,,0.8604290455295309
27.584718704223633,,0.8604290455295309
27.58622932434082,,0.8604290455295309
27.58849334716797,,0.8604290455295309
27.589248657226562,,0.8604290455295309
27.59302520751953,,0.8604290455295309
27.593780517578125,,0.8604290455295309
27.594533920288086,,0.8596722917515808
27.596044540405273,,0.8589155379736304
27.600574493408203,,0.8581581168643067
27.621700286865234,,0.8581581168643067
27.630748748779297,,0.8574000266550627
27.64130401611328,,0.8574000266550627
27.642810821533203,,0.8566412655695274
27.650346755981445,,0.8558825044839925
27.65411376953125,,0.855123743398457
27.658634185791016,,0.855123743398457
27.659387588500977,,0.8536021709013065
27.660139083862305,,0.8536021709013065
27.664657592773438,,0.852840026105859
27.679716110229492,0.9949869975422471,0.852840026105859
27.68046760559082,0.9949869975422471,
27.68498420715332,,0.8520771996066588
27.68573570251465,,0.8513143731074584
27.70379066467285,,0.8513143731074584
27.712060928344727,,0.8513143731074584
27.733102798461914,,0.8505501770813295
27.74061393737793,,0.8490217850290721
27.741365432739258,,0.8490217850290721
27.74286651611328,,0.8482569005380552
27.74361801147461,,0.8474906341419053
27.744369506835938,0.9949869975422471,
27.752626419067383,0.9949869975422471,
27.77138900756836,,0.8474906341419053
27.772138595581055,,0.8474906341419053
27.773637771606445,,0.8474906341419053
27.774389266967773,,0.8467222836123108
27.78038787841797,0.9949869975422471,
27.783388137817383,0.9949869975422471,0.8459539330827173
27.784137725830078,,0.8451848840526421
27.784887313842773,0.9949869975422471,0.8451848840526421
27.79088592529297,,0.8444123201732525
27.793134689331055,,0.8436397562938623
27.794633865356445,,0.8436397562938623
27.806623458862305,,0.8436397562938623
27.823850631713867,,0.8436397562938623
27.82459831237793,,0.8436397562938623
27.833581924438477,,0.8428614908360264
27.834331512451172,,0.8420832253781905
27.836576461791992,,0.8420832253781905
27.837326049804688,,0.8420832253781905
27.83807373046875,,0.841302796068294
27.838821411132812,,0.8405209161462971
27.839570999145508,,0.8389571563023042
27.8522891998291,0.9949869975422471,
27.857524871826172,0.9949869975422471,
27.863506317138672,,0.8389571563023042
27.864253997802734,,0.8389571563023042
27.865001678466797,,0.8389571563023042
27.86574935913086,,0.8389571563023042
27.866497039794922,,0.8389571563023042
27.88443374633789,0.9949869975422471,
27.901613235473633,,0.8389571563023042
27.90683937072754,0.9949869975422471,
27.92922592163086,,0.8389571563023042
27.93146324157715,,0.8389571563023042
27.932954788208008,,0.8389571563023042
27.93370246887207,,0.8389571563023042
27.934446334838867,,0.8389571563023042
27.935192108154297,,0.8389571563023042
27.942649841308594,,0.8389571563023042
27.943395614624023,,0.8381558600689688
27.944141387939453,,0.837354563835633
27.964262008666992,,0.8365532676022971
27.968732833862305,,0.8365532676022971
27.969478607177734,,0.8365532676022971
27.97022247314453,,0.8365532676022971
27.973947525024414,0.9949869975422471,0.8365532676022971
27.97469139099121,0.9949869975422471,
27.975435256958008,0.9949869975422471,
27.985858917236328,0.9949869975422471,
27.986604690551758,0.9949869975422471,
27.987348556518555,0.9949869975422471,
27.98809242248535,0.9949869975422471,
27.98883628845215,0.9949869975422471,
27.993303298950195,0.9949869975422471,
27.994047164916992,0.9949869975422471,
27.99479103088379,0.9949869975422471,
27.995534896850586,0.9949869975422471,
27.996280670166016,0.9949869975422471,
27.99702262878418,0.9949869975422471,
27.99776840209961,0.9949869975422471,
27.999256134033203,0.9949869975422471,
28.01190185546875,0.9949869975422471,
28.013389587402344,0.9949869975422471,
28.023056030273438,0.9949869975422471,
28.023799896240234,0.9949869975422471,
28.02454376220703,0.9949869975422471,
28.027517318725586,0.9949869975422471,0.8365532676022971
28.02825927734375,0.9949869975422471,
28.029003143310547,0.9949869975422471,0.8365532676022971
28.029747009277344,0.9949869975422471,0.8357418677307139
28.030488967895508,0.9949869975422471,0.8357418677307139
28.031232833862305,0.9949869975422471,0.8357418677307139
28.0319766998291,0.9949869975422471,
28.032718658447266,0.9949869975422471,
28.04683494567871,,0.8357418677307139
28.060945510864258,,0.8349265098109763
28.07282066345215,0.9949869975422471,
28.083209991455078,,0.8349265098109763
28.083951950073242,,0.8349265098109763
28.10471534729004,,0.8341095562788713
28.109161376953125,,0.8332926027467668
28.120277404785156,,0.8332926027467668
28.127685546875,,0.8324748474938255
28.138051986694336,,0.8324748474938255
28.1387939453125,,0.8316562881550904
28.1395320892334,0.9949869975422471,0.8308377288163549
28.140274047851562,0.9949869975422471,0.8300191694776199
28.141014099121094,0.9949869975422471,0.8300191694776199
28.141754150390625,,0.8283804346908923
28.144716262817383,,0.8283804346908923
28.150636672973633,,0.8267368227172992
28.151376724243164,,0.8267368227172992
28.15581703186035,,0.8267368227172992
28.156557083129883,,0.8259133796667845
28.158777236938477,0.9949869975422471,
28.167654037475586,,0.8259133796667845
28.169872283935547,0.9949869975422471,
28.18687629699707,,0.8259133796667845
28.195743560791016,,0.8259133796667845
28.198699951171875,0.9949869975422471,
28.200178146362305,,0.8259133796667845
28.200916290283203,0.9949869975422471,
28.20313262939453,,0.8250858111500841
28.20387077331543,,0.8242582426333839
28.204608917236328,0.9949869975422471,
28.20534896850586,0.9949869975422471,
28.206087112426758,0.9949869975422471,
28.21199607849121,,0.8242582426333839
28.22307014465332,,0.8242582426333839
28.232664108276367,0.9949869975422471,
28.243730545043945,,0.823428173909684
28.249631881713867,0.9949869975422471,
28.250368118286133,0.9949869975422471,
28.25110626220703,0.9949869975422471,
28.25184440612793,0.9949869975422471,
28.282060623168945,,0.823428173909684
28.282798767089844,0.9949869975422471,
28.284271240234375,,0.823428173909684
28.286479949951172,,0.823428173909684
28.28721809387207,,0.823428173909684
28.299734115600586,0.9949869975422471,
28.301206588745117,,0.8225922062204354
28.313718795776367,,0.821756238531187
28.314455032348633,,0.821756238531187
28.31886863708496,,0.821756238531187
28.319604873657227,,0.821756238531187
28.320341110229492,,0.8209168552436172
28.321075439453125,,0.8209168552436172
28.330636978149414,,0.8209168552436172
28.33137321472168,,0.8209168552436172
28.332843780517578,,0.8209168552436172
28.341665267944336,,0.8200696758264406
28.343870162963867,,0.8200696758264406
28.3460750579834,,0.8200696758264406
28.346811294555664,,0.8200696758264406
28.347545623779297,,0.8200696758264406
28.34827995300293,,0.8192189811419736
28.349016189575195,,0.8192189811419736
28.35048484802246,,0.8192189811419736
28.351221084594727,,0.8192189811419736
28.351953506469727,,0.8192189811419736
28.352689743041992,,0.8192189811419736
28.353424072265625,,0.8192189811419736
28.354158401489258,,0.8192189811419736
28.355628967285156,,0.8192189811419736
28.357831954956055,,0.8192189811419736
28.367382049560547,,0.8183548260985752
28.368850708007812,,0.8183548260985752
28.369585037231445,,0.8174888421556132
28.37105369567871,,0.8166228582126521
28.371788024902344,,0.8166228582126521
28.37912940979004,,0.8157559549661415
28.379863739013672,,0.8157559549661415
28.381332397460938,,0.8157559549661415
28.38206672668457,,0.8157559549661415
28.383533477783203,0.9949869975422471,
28.384267807006836,0.9949869975422471,
28.38500213623047,,0.8157559549661415
28.3857364654541,,0.8157559549661415
28.386470794677734,,0.8157559549661415
28.3916072845459,,0.8157559549661415
28.3923397064209,0.9949869975422471,0.8157559549661415
28.39600944519043,,0.8157559549661415
28.398210525512695,0.9949869975422471,0.8157559549661415
28.401878356933594,,0.8148759593297166
28.407745361328125,0.9949869975422471,
28.409212112426758,0.9949869975422471,
28.41067886352539,0.9949869975422471,
28.41141128540039,0.9949869975422471,
28.41581153869629,0.9949869975422471,
28.41654396057129,0.9949869975422471,
28.418743133544922,,0.8148759593297166
28.419477462768555,0.9949869975422471,
28.420209884643555,0.9949869975422471,0.8148759593297166
28.427539825439453,,0.8148759593297166
28.428272247314453,,0.8148759593297166
28.429737091064453,,0.8148759593297166
28.430471420288086,,0.8148759593297166
28.431203842163086,,0.8148759593297166
28.43633270263672,0.9949869975422471,
28.44219207763672,0.9949869975422471,0.8148759593297166
28.44292449951172,,0.8148759593297166
28.44365882873535,,0.8148759593297166
28.44438934326172,,0.8148759593297166
28.44512176513672,,0.8148759593297166
28.44731903076172,,0.8139785188458726
28.45317840576172,,0.8139785188458726
28.45391082763672,,0.8139785188458726
28.45464324951172,,0.8139785188458726
28.456106185913086,,0.8139785188458726
28.456838607788086,,0.8139785188458726
28.458303451538086,,0.8139785188458726
28.460498809814453,,0.8130720839696518
28.468549728393555,0.9949869975422471,
28.470014572143555,,0.8130720839696518
28.470745086669922,,0.8130720839696518
28.472209930419922,,0.8130720839696518
28.474403381347656,,0.8121595451548714
28.48464584350586,,0.8121595451548714
28.485376358032227,,0.8121595451548714
28.486106872558594,,0.8121595451548714
28.48756980895996,,0.8121595451548714
28.489032745361328,,0.8112376841501548
28.49561309814453,0.9949869975422471,0.8112376841501548
28.49634552001953,0.9949869975422471,
28.4970760345459,,0.8112376841501548
28.498538970947266,,0.8112376841501548
28.500730514526367,,0.8112376841501548
28.501461029052734,,0.8112376841501548
28.53214454650879,0.9949869975422471,
28.532875061035156,0.9949869975422471,
28.533605575561523,0.9949869975422471,
28.545286178588867,0.9949869975422471,
28.547473907470703,,0.8112376841501548
28.548934936523438,,0.8112376841501548
28.549663543701172,,0.8112376841501548
28.553312301635742,,0.8112376841501548
28.55404281616211,,0.8112376841501548
28.556230545043945,,0.8112376841501548
28.557689666748047,,0.8112376841501548
28.56060791015625,,0.8112376841501548
28.561338424682617,,0.8102987516453516
28.564254760742188,,0.8102987516453516
28.57154655456543,,0.8102987516453516
28.576650619506836,,0.8102987516453516
28.578838348388672,,0.8102987516453516
28.582483291625977,0.9949869975422471,
28.58321189880371,0.9949869975422471,
28.583940505981445,0.9949869975422471,
28.585397720336914,0.9949869975422471,
28.58612823486328,0.9949869975422471,
28.58758544921875,,0.8102987516453516
28.591957092285156,,0.8102987516453516
28.597057342529297,,0.8102987516453516
28.60288429260254,,0.8093488117254856
28.619630813598633,,0.8093488117254856
28.621814727783203,,0.8093488117254856
28.623271942138672,,0.8093488117254856
28.623998641967773,,0.8093488117254856
28.631277084350586,,0.8093488117254856
28.636369705200195,,0.8093488117254856
28.641462326049805,0.9949869975422471,
28.642189025878906,,0.8093488117254856
28.644371032714844,,0.8093488117254856
28.654550552368164,,0.8083898676357631
28.666181564331055,,0.8074309235460408
28.674175262451172,,0.8074309235460408
28.675628662109375,,0.8074309235460408
28.677082061767578,,0.8064685505739956
28.67780876159668,,0.8064685505739956
28.67853355407715,,0.8064685505739956
28.67926025390625,,0.8064685505739956
28.693784713745117,,0.8064685505739956
28.69451141357422,,0.8064685505739956
28.697416305541992,0.9949869975422471,
28.700319290161133,0.9945748239724279,
28.702497482299805,,0.8054933769940994
28.706127166748047,,0.8045182034142035
28.72063636779785,,0.8045182034142035
28.731515884399414,,0.8045182034142035
28.732240676879883,,0.8045182034142035
28.73296546936035,,0.8045182034142035
28.734416961669922,,0.8045182034142035
28.74311637878418,0.9945748239724279,
28.767024993896484,,0.8045182034142035
28.76774787902832,,0.8015604159016511
28.76847267150879,,0.8015604159016511
28.769197463989258,,0.8015604159016511
28.789464950561523,0.9945748239724279,
28.79525375366211,0.9945748239724279,
28.795976638793945,0.9945748239724279,
28.798147201538086,0.9945748239724279,
28.825626373291016,0.9945748239724279,
28.82634735107422,0.9945748239724279,
28.827070236206055,0.9945748239724279,
28.82779312133789,0.9945748239724279,
28.84079933166504,,0.8005708351412786
28.86751365661621,,0.8005708351412786
28.873287200927734,0.9945748239724279,
28.874008178710938,0.9945748239724279,
28.87472915649414,0.9945748239724279,
28.876171112060547,0.9945748239724279,
28.87833595275879,0.9945748239724279,
28.879058837890625,0.9945748239724279,
28.89276123046875,0.9945748239724279,
28.893482208251953,0.9945748239724279,
28.894203186035156,0.9945748239724279,
28.89492416381836,0.9945748239724279,
28.900691986083984,,0.8005708351412786
28.906457901000977,0.9945748239724279,
28.90717887878418,0.9945748239724279,
28.908620834350586,0.9945748239724279,0.8005708351412786
28.90934181213379,0.9945748239724279,0.8005708351412786
28.910062789916992,0.9945748239724279,0.8005708351412786
28.910781860351562,0.9945748239724279,0.8005708351412786
28.911502838134766,0.9945748239724279,
28.91294288635254,,0.8005708351412786
28.914384841918945,,0.8005708351412786
28.938871383666992,,0.8005708351412786
28.939592361450195,,0.8005708351412786
28.9403133392334,,0.8005708351412786
28.94103240966797,,0.8005708351412786
28.94175148010254,,0.8005708351412786
28.942472457885742,,0.8005708351412786
28.957584381103516,0.9945748239724279,
28.98778533935547,,0.8005708351412786
29.012928009033203,,0.7995548823048046
29.028003692626953,,0.798538929468331
29.02872085571289,0.9945748239724279,
29.029438018798828,0.9945748239724279,0.798538929468331
29.0301570892334,0.9945748239724279,0.798538929468331
29.030874252319336,,0.798538929468331
29.031591415405273,,0.798538929468331
29.038766860961914,,0.798538929468331
29.03948402404785,,0.798538929468331
29.04092025756836,,0.798538929468331
29.042354583740234,,0.798538929468331
29.0595645904541,0.9945748239724279,
29.061716079711914,0.9945748239724279,
29.06243324279785,0.9945748239724279,0.798538929468331
29.06960105895996,0.9945748239724279,
29.075332641601562,0.9941477845460759,
29.0760498046875,0.9941477845460759,0.798538929468331
29.076765060424805,,0.798538929468331
29.077482223510742,,0.798538929468331
29.07819938659668,,0.798538929468331
29.09467315673828,,0.7974991652372523
29.153329849243164,,0.7964594010061736
29.154760360717773,,0.7964594010061736
29.156902313232422,,0.7964594010061736
29.157617568969727,,0.7954155485802157
29.17047691345215,,0.7943703244690722
29.175474166870117,,0.7933251003579288
29.192607879638672,,0.792279876246785
29.212583541870117,,0.792279876246785
29.244657516479492,0.9941477845460759,
29.245370864868164,0.9941477845460759,
29.246793746948242,0.9941477845460759,
29.247507095336914,0.9941477845460759,
29.252492904663086,0.9941477845460759,
29.254629135131836,0.9941477845460759,
29.255340576171875,0.9941477845460759,
29.256053924560547,0.9941477845460759,
29.256765365600586,0.9941477845460759,
29.268869400024414,0.9941477845460759,
29.269580841064453,0.9941477845460759,
29.284523010253906,,0.792279876246785
29.285234451293945,,0.7891359084839006
29.286657333374023,0.9941477845460759,0.7859919407210165
29.287368774414062,0.9941477845460759,
29.28950309753418,,0.7859919407210165
29.29021453857422,,0.7859919407210165
29.290925979614258,,0.7859919407210165
29.291637420654297,,0.7859919407210165
29.339252471923828,,0.7859919407210165
29.34564208984375,0.9941477845460759,
29.346351623535156,0.9941477845460759,
29.34777069091797,0.9941477845460759,
29.348480224609375,0.9941477845460759,
29.355579376220703,,0.7859919407210165
29.35628890991211,,0.7859919407210165
29.37473487854004,0.9941477845460759,0.7849211070143123
29.375444412231445,0.9941477845460759,
29.376861572265625,0.9941477845460759,
29.37757110595703,0.9941477845460759,
29.396711349487305,0.9941477845460759,
29.417964935302734,0.9941477845460759,
29.42787742614746,,0.7849211070143123
29.43708038330078,,0.7849211070143123
29.437788009643555,0.9941477845460759,0.7849211070143123
29.438495635986328,0.9941477845460759,
29.44486427307129,,0.783844397676844
29.485872268676758,0.9941477845460759,
29.4865779876709,0.9941477845460759,
29.4901123046875,0.9941477845460759,
29.49081802368164,0.9941477845460759,
29.49152374267578,0.9941477845460759,
29.492231369018555,0.9941477845460759,
29.49576187133789,0.9941477845460759,
29.496469497680664,0.9941477845460759,
29.524002075195312,0.9941477845460759,
29.52470588684082,0.9941477845460759,
29.525413513183594,0.9941477845460759,
29.534584045410156,,0.783844397676844
29.543048858642578,0.9941477845460759,
29.543752670288086,0.9941477845460759,
29.544458389282227,0.9941477845460759,
29.56631088256836,,0.783844397676844
29.578990936279297,,0.783844397676844
29.581104278564453,,0.783844397676844
29.581806182861328,,0.783844397676844
29.583215713500977,,0.783844397676844
29.584625244140625,,0.783844397676844
29.602224349975586,,0.783844397676844
29.602928161621094,,0.783844397676844
29.6036319732666,,0.783844397676844
29.60433578491211,,0.783844397676844
29.605037689208984,,0.783844397676844
29.605743408203125,,0.783844397676844
29.62755012512207,0.9941477845460759,
29.628252029418945,0.9941477845460759,
29.628955841064453,0.9941477845460759,0.783844397676844
29.630361557006836,,0.783844397676844
29.63176727294922,,0.783844397676844
29.63387680053711,,0.783844397676844
29.634580612182617,,0.783844397676844
29.635986328125,,0.783844397676844
29.636688232421875,,0.783844397676844
29.650041580200195,,0.783844397676844
29.650745391845703,,0.783844397676844
29.651447296142578,,0.783844397676844
29.65496063232422,,0.783844397676844
29.655662536621094,,0.783844397676844
29.657068252563477,,0.7827116745588144
29.661983489990234,0.9941477845460759,
29.662687301635742,0.9941477845460759,
29.663389205932617,0.9941477845460759,
29.664091110229492,0.9941477845460759,
29.670412063598633,,0.7827116745588144
29.672517776489258,,0.7827116745588144
29.673219680786133,,0.7827116745588144
29.67392349243164,,0.7827116745588144
29.674623489379883,,0.7827116745588144
29.67532730102539,,0.7827116745588144
29.68094253540039,0.9941477845460759,
29.681644439697266,,0.7827116745588144
29.68234634399414,,0.7827116745588144
29.683048248291016,,0.7827116745588144
29.68375015258789,,0.7827116745588144
29.68655776977539,0.9941477845460759,
29.691469192504883,0.9941477845460759,
29.697782516479492,0.9941477845460759,
29.698484420776367,0.9941477845460759,
29.699186325073242,0.9941477845460759,
29.70690155029297,,0.7827116745588144
29.744747161865234,,0.7827116745588144
29.74614715576172,,0.7827116745588144
29.746849060058594,,0.7827116745588144
29.748249053955078,,0.7827116745588144
29.74894905090332,,0.7827116745588144
29.749650955200195,,0.7827116745588144
29.75105094909668,,0.7827116745588144
29.752450942993164,,0.7827116745588144
29.75945281982422,,0.7827116745588144
29.767850875854492,,0.7827116745588144
29.78254508972168,0.9941477845460759,
29.78394317626953,,0.7827116745588144
29.78814125061035,0.9941477845460759,
29.789539337158203,0.9941477845460759,
29.790239334106445,0.9941477845460759,0.7827116745588144
29.79233741760254,0.9941477845460759,
29.79373550415039,0.9941477845460759,
29.798629760742188,0.9941477845460759,
29.80002784729004,,0.7827116745588144
29.80142593383789,,0.7815328919164067
29.802125930786133,,0.7815328919164067
29.802824020385742,,0.780350542609423
29.815404891967773,0.9941477845460759,
29.816102981567383,0.9941477845460759,
29.816802978515625,0.9941477845460759,
29.8174991607666,0.9941477845460759,0.780350542609423
29.827978134155273,0.9941477845460759,
29.829376220703125,0.9941477845460759,
29.83705711364746,0.9941477845460759,
29.83775520324707,0.9941477845460759,
29.83845329284668,0.9941477845460759,
29.83915138244629,0.9941477845460759,
29.83985137939453,0.9941477845460759,
29.840547561645508,0.9941477845460759,
29.84892463684082,0.9941477845460759,
29.84962272644043,0.9941477845460759,
29.85101890563965,0.9941477845460759,
29.851716995239258,0.9941477845460759,
29.85660171508789,0.9941477845460759,
29.8572998046875,0.9941477845460759,
29.864276885986328,,0.780350542609423
29.887985229492188,,0.780350542609423
29.905406951904297,0.9941477845460759,
29.910282135009766,,0.780350542609423
29.923513412475586,,0.780350542609423
29.924209594726562,,0.780350542609423
29.93047523498535,0.9941477845460759,
29.94300079345703,,0.780350542609423
29.94647979736328,,0.780350542609423
29.947175979614258,,0.780350542609423
29.95134925842285,,0.780350542609423
29.957609176635742,,0.780350542609423
29.958999633789062,,0.780350542609423
29.959693908691406,,0.780350542609423
30.01319122314453,,0.780350542609423
30.022907257080078,,0.780350542609423
30.02499008178711,,0.780350542609423
30.026376724243164,,0.780350542609423
30.027070999145508,,0.780350542609423
30.02776527404785,,0.7791274226366809
30.028457641601562,,0.7791274226366809
30.032621383666992,,0.7779023795193276
30.03470230102539,,0.7779023795193276
30.05065155029297,,0.7779023795193276
30.056198120117188,,0.7779023795193276
30.063819885253906,,0.7754406631284435
30.06451416015625,,0.7742078480837237
30.06520652770996,,0.7729710943327911
30.065898895263672,,0.770493622876596
30.066593170166016,,0.770493622876596
30.09014320373535,,0.770493622876596
30.092910766601562,,0.770493622876596
30.093603134155273,,0.770493622876596
30.094297409057617,,0.770493622876596
30.096372604370117,0.9941477845460759,0.770493622876596
30.09775733947754,,0.7692367001639098
30.09844970703125,,0.7692367001639098
30.09914207458496,,0.7692367001639098
30.099834442138672,,0.7692367001639098
30.100526809692383,0.9941477845460759,
30.103986740112305,,0.7692367001639098
30.104679107666016,,0.7692367001639098
30.106061935424805,0.9941477845460759,
30.112289428710938,,0.7679652345438039
30.11298179626465,,0.7679652345438039
30.113672256469727,,0.7666895447854256
30.114364624023438,0.9941477845460759,
30.11574935913086,,0.7666895447854256
30.116439819335938,,0.7666895447854256
30.11713218688965,,0.7666895447854256
30.11782455444336,,0.7666895447854256
30.118515014648438,,0.7666895447854256
30.11989974975586,,0.7666895447854256
30.126815795898438,,0.7666895447854256
30.131656646728516,,0.7666895447854256
30.13442039489746,0.9941477845460759,
30.140642166137695,,0.7653789643669888
30.143407821655273,,0.7653789643669888
30.14409828186035,,0.7653789643669888
30.14478874206543,,0.7653789643669888
30.148244857788086,,0.7653789643669888
30.191059112548828,,0.7653789643669888
30.19243812561035,0.9941477845460759,
30.20071792602539,0.9941477845460759,
30.241390228271484,,0.7653789643669888
30.24207878112793,,0.7653789643669888
30.242767333984375,,0.7653789643669888
30.243457794189453,,0.7653789643669888
30.250343322753906,0.9941477845460759,
30.259296417236328,,0.7653789643669888
30.259984970092773,,0.7653789643669888
30.26067352294922,,0.7653789643669888
30.261362075805664,,0.7653789643669888
30.26205062866211,,0.7653789643669888
30.270309448242188,,0.7653789643669888
30.270998001098633,,0.7653789643669888
30.271686553955078,,0.7653789643669888
30.292325973510742,0.9941477845460759,
30.31157684326172,,0.7653789643669888
30.31226348876953,,0.7653789643669888
30.31363868713379,,0.7653789643669888
30.33974266052246,,0.7653789643669888
30.340429306030273,,0.7653789643669888
30.341115951538086,,0.7653789643669888
30.34248924255371,,0.7653789643669888
30.343175888061523,,0.7653789643669888
30.373371124267578,,0.7653789643669888
30.382972717285156,,0.7639720177413143
30.411758422851562,,0.7625650711156401
30.428878784179688,,0.761158124489965
30.479501724243164,0.9941477845460759,
30.59071159362793,,0.7597511778642909
30.622703552246094,,0.7597511778642909
30.62406349182129,,0.7597511778642909
30.625425338745117,,0.7597511778642909
30.633586883544922,,0.7597511778642909
30.634267807006836,,0.7597511778642909
30.63562774658203,,0.7597511778642909
30.639026641845703,0.9941477845460759,
30.656700134277344,,0.7597511778642909
30.681156158447266,,0.7597511778642909
30.685909271240234,,0.7597511778642909
30.686588287353516,,0.7597511778642909
30.68998146057129,,0.7597511778642909
30.69066047668457,,0.7597511778642909
30.69133949279785,,0.7597511778642909
30.704235076904297,,0.7597511778642909
30.72322654724121,0.9941477845460759,
30.737462997436523,,0.7597511778642909
30.784194946289062,,0.7597511778642909
30.78554916381836,,0.7597511778642909
30.786901473999023,,0.7597511778642909
30.787578582763672,,0.7597511778642909
30.803813934326172,,0.7597511778642909
30.80449104309082,,0.7597511778642909
30.805166244506836,,0.7597511778642909
30.806520462036133,,0.7597511778642909
30.80922508239746,0.9941477845460759,
30.828153610229492,,0.7597511778642909
30.834909439086914,,0.7582614696724002
30.83558464050293,,0.7582614696724002
30.836936950683594,,0.7582614696724002
30.90509605407715,,0.7567658849195946
30.923965454101562,,0.7567658849195946
30.924638748168945,,0.7567658849195946
30.926660537719727,,0.7567658849195946
30.92733383178711,,0.7567658849195946
30.92935562133789,,0.7567658849195946
30.94753646850586,0.9941477845460759,
30.953594207763672,,0.7567658849195946
30.961669921875,,0.7567658849195946
30.967052459716797,,0.7552493200199559
30.98924446105957,,0.7552493200199559
31.00604820251465,0.9941477845460759,
31.012094497680664,,0.7552493200199559
31.026199340820312,,0.7552493200199559
31.026870727539062,,0.7537235638178956
31.027542114257812,,0.7537235638178956
31.028213500976562,,0.7537235638178956
31.028884887695312,,0.7537235638178956
31.030227661132812,,0.7537235638178956
31.03358268737793,,0.7537235638178956
31.034255981445312,0.9941477845460759,
31.063108444213867,,0.7521533063932748
31.063777923583984,0.9941477845460759,
31.07182502746582,,0.7505830489686548
31.073837280273438,,0.7505830489686548
31.08523178100586,0.9941477845460759,
31.110689163208008,,0.7505830489686548
31.112028121948242,,0.7490061938237623
31.11269760131836,,0.7490061938237623
31.12407875061035,,0.7490061938237623
31.12474822998047,,0.747419316294475
31.127426147460938,,0.747419316294475
31.136125564575195,,0.747419316294475
31.13746452331543,,0.747419316294475
31.154855728149414,,0.747419316294475
31.1555233001709,,0.747419316294475
31.16221046447754,0.9941477845460759,
31.16956329345703,,0.747419316294475
31.230327606201172,,0.745808498802461
31.23366355895996,,0.745808498802461
31.243000030517578,,0.745808498802461
31.24366569519043,,0.745808498802461
31.244333267211914,,0.745808498802461
31.249666213989258,,0.745808498802461
31.334218978881836,,0.745808498802461
31.334884643554688,,0.745808498802461
31.33555030822754,,0.745808498802461
31.337543487548828,,0.745808498802461
31.386037826538086,0.9941477845460759,
31.399972915649414,0.9941477845460759,
31.443071365356445,,0.745808498802461
31.44373321533203,,0.745808498802461
31.446382522583008,,0.745808498802461
31.449033737182617,,0.745808498802461
31.453006744384766,,0.7441474553752837
31.45433235168457,,0.7441474553752837
31.45631980895996,,0.7441474553752837
31.5079345703125,0.9941477845460759,
31.695819854736328,0.9941477845460759,
31.77853012084961,0.9941477845460759,
31.79360580444336,,0.7441474553752837
31.858409881591797,0.9941477845460759,
31.878023147583008,0.9941477845460759,
31.87867546081543,0.9941477845460759,
31.879329681396484,0.9941477845460759,
31.9309139251709,,0.742471447592907
31.944612503051758,,0.74079543981053
31.95374298095703,0.9941477845460759,
32.00716018676758,0.9936585385891143,
32.047489166259766,,0.74079543981053
32.06958770751953,,0.7391156315569911
32.088417053222656,,0.7374358233034529
32.1059455871582,,0.7374358233034529
32.10789108276367,,0.7374358233034529
32.18307113647461,0.9936585385891143,
32.2354621887207,,0.7357444567362432
32.26840591430664,,0.7357444567362432
32.3863410949707,0.9936585385891143,
32.40241622924805,,0.7340491930110442
32.54548263549805,,0.732353929285846
32.60432052612305,0.9936585385891143,
32.655399322509766,0.9936585385891143,
32.713401794433594,0.9936585385891143,
32.71403884887695,0.9936585385891143,
32.71595001220703,0.9936585385891143,
32.71658706665039,0.9936585385891143,
32.72422790527344,0.9936585385891143,
32.72486114501953,0.9936585385891143,
32.72677230834961,0.9936585385891143,
32.72740936279297,0.9936585385891143,
32.72804641723633,0.9936585385891143,
32.72868347167969,0.9936585385891143,
32.74077606201172,0.9936585385891143,
32.74140930175781,0.9936585385891143,0.732353929285846
32.74204635620117,0.9936585385891143,
32.792274475097656,0.9931543993001298,
32.867156982421875,0.9931543993001298,
32.88046646118164,0.9931543993001298,
32.88743591308594,0.9931543993001298,
32.895668029785156,0.9931543993001298,
32.89630126953125,0.9931543993001298,0.732353929285846
32.90833282470703,0.9931543993001298,
32.908966064453125,0.9931543993001298,
32.90959930419922,0.9931543993001298,
32.91023254394531,0.9931543993001298,0.732353929285846
32.910865783691406,0.9931543993001298,
32.912132263183594,0.9931543993001298,
32.91276168823242,0.9931543993001298,
32.913394927978516,,0.732353929285846
32.920989990234375,0.9931543993001298,
32.92478561401367,0.9931543993001298,
32.92542266845703,0.9931543993001298,
32.92605209350586,0.9931543993001298,
32.92668533325195,0.9931543993001298,
32.92731857299805,0.9931543993001298,
32.92795181274414,0.9931543993001298,
32.962100982666016,0.9931543993001298,
32.962730407714844,0.9931543993001298,
32.96336364746094,0.9931543993001298,
32.96399688720703,0.9931543993001298,0.732353929285846
32.96525955200195,0.9931543993001298,
32.96589279174805,0.9931543993001298,
32.966522216796875,0.9931543993001298,
32.96841812133789,0.9931543993001298,
32.971580505371094,,0.732353929285846
32.984214782714844,0.9931543993001298,
32.99368667602539,0.9931543993001298,
32.99494934082031,0.9931543993001298,
32.995582580566406,0.9931543993001298,0.732353929285846
32.996212005615234,0.9931543993001298,
33.013885498046875,0.9931543993001298,
33.01451873779297,,0.732353929285846
33.017669677734375,,0.732353929285846
33.0189323425293,,0.732353929285846
33.039119720458984,0.9931543993001298,
33.132938385009766,0.9931543993001298,
33.13545608520508,0.9931543993001298,
33.162479400634766,,0.732353929285846
33.26847839355469,,0.732353929285846
33.46141815185547,,0.7305976848511077
33.47947311401367,,0.7288414404163691
33.50559616088867,0.9926158123156933,
33.52238082885742,,0.727085195981631
33.53791427612305,,0.727085195981631
33.538536071777344,,0.727085195981631
33.53915786743164,,0.727085195981631
33.55467987060547,0.9926158123156933,0.727085195981631
33.57454299926758,,0.7252987458686543
33.610511779785156,0.9926158123156933,
33.627864837646484,0.9926158123156933,
33.62972640991211,0.9926158123156933,
33.63096237182617,0.9926158123156933,
33.64397048950195,0.9926158123156933,
33.67182159423828,0.9926158123156933,
33.726226806640625,,0.7252987458686543
33.726844787597656,,0.7252987458686543
33.74290084838867,,0.7234763872106931
33.74536895751953,,0.7216540285527314
33.74907302856445,,0.7198316698947701
33.75463104248047,0.9926158123156933,
33.77684020996094,,0.7180093112368086
33.83353805541992,0.9926158123156933,
33.83415603637695,0.9926158123156933,
33.83477020263672,0.9926158123156933,
33.849544525146484,0.9926158123156933,
33.868003845214844,,0.7180093112368086
33.8716926574707,,0.7161823155339158
33.89628982543945,,0.7161823155339158
33.92516326904297,,0.7161823155339158
33.927005767822266,,0.7161823155339158
33.96873474121094,0.9926158123156933,
34.035518646240234,0.992071017687639,
34.04898452758789,0.992071017687639,
34.13026428222656,0.992071017687639,
34.13331604003906,0.9915256240550459,
34.1491813659668,0.9915256240550459,
34.1504020690918,0.9915256240550459,
34.1534538269043,,0.7161823155339158
34.17357635498047,0.9915256240550459,
34.190643310546875,0.9915256240550459,
34.19124984741211,0.9915256240550459,0.7161823155339158
34.19186019897461,0.9915256240550459,
34.19856262207031,0.9915256240550459,
34.20221710205078,0.9915256240550459,
34.20282745361328,0.9915256240550459,
34.203433990478516,0.9915256240550459,
34.204654693603516,0.9915256240550459,0.7161823155339158
34.20526123046875,0.9915256240550459,0.7161823155339158
34.216224670410156,,0.7161823155339158
34.23631286621094,0.9915256240550459,
34.23691940307617,0.9915256240550459,0.7161823155339158
34.249088287353516,0.9915256240550459,
34.27037048339844,0.9915256240550459,
34.27098083496094,0.9915256240550459,
34.276451110839844,0.9915256240550459,
34.27766418457031,0.9915256240550459,
34.27827453613281,0.9915256240550459,
34.27888107299805,0.9915256240550459,
34.27948760986328,0.9915256240550459,0.7161823155339158
34.286170959472656,,0.7161823155339158
34.29346466064453,,0.7161823155339158
34.33899688720703,,0.7161823155339158
34.3402099609375,0.9915256240550459,
34.355979919433594,0.9909641712667928,
34.38083267211914,,0.7142926524322434
34.390525817871094,0.9909641712667928,
34.40324783325195,0.9909641712667928,
34.40385055541992,0.9909641712667928,
34.404457092285156,0.9909641712667928,
34.40748596191406,0.9909641712667928,
34.40808868408203,0.9909641712667928,
34.408695220947266,0.9909641712667928,0.7142926524322434
34.414146423339844,0.9909641712667928,
34.41474914550781,0.9909641712667928,
34.41596221923828,0.9909641712667928,
34.41656494140625,0.9909641712667928,0.7123979769616008
34.419593811035156,0.9909641712667928,
34.420196533203125,0.9909641712667928,
34.42504119873047,,0.7123979769616008
34.42564392089844,,0.7123979769616008
34.42625045776367,,0.7123979769616008
34.47462844848633,,0.7123979769616008
34.48429489135742,0.9909641712667928,
34.5338020324707,,0.7123979769616008
34.53440475463867,,0.7123979769616008
34.53500747680664,,0.7123979769616008
34.53561019897461,,0.7123979769616008
34.53681564331055,,0.7123979769616008
34.56756591796875,,0.7104135814825994
34.60070037841797,,0.7104135814825994
34.604312896728516,,0.7104135814825994
34.609127044677734,,0.7104135814825994
34.610931396484375,0.9909641712667928,
34.611534118652344,0.9909641712667928,
34.61213684082031,0.9909641712667928,
34.61334228515625,0.9909641712667928,0.7104135814825994
34.647029876708984,,0.7104135814825994
34.65484619140625,,0.7104135814825994
34.65544509887695,,0.7104135814825994
34.65604782104492,,0.7104135814825994
34.65665054321289,,0.7104135814825994
34.657249450683594,,0.7104135814825994
34.69449996948242,0.9909641712667928,
34.69750213623047,,0.7104135814825994
34.69810485839844,,0.7083179661979903
34.75629425048828,0.9909641712667928,
34.76887893676758,,0.7062223509133806
34.7802619934082,,0.7041267356287713
34.80121994018555,0.9909641712667928,
34.80780792236328,,0.7041267356287713
34.828147888183594,0.9909641712667928,
34.8407096862793,,0.7041267356287713
34.841304779052734,,0.7041267356287713
34.84190368652344,,0.7041267356287713
34.84250259399414,,0.7041267356287713
34.85087203979492,0.9909641712667928,
34.851470947265625,0.9909641712667928,
34.85206604003906,0.9909641712667928,
34.852664947509766,,0.7041267356287713
34.855655670166016,0.9909641712667928,
34.85625457763672,0.9909641712667928,
34.868202209472656,,0.7041267356287713
34.88373565673828,0.9909641712667928,
34.885528564453125,0.9909641712667928,
35.022613525390625,0.9909641712667928,
35.02499008178711,0.9909641712667928,
35.02558517456055,0.9909641712667928,
35.02677536010742,0.9909641712667928,
35.03034210205078,0.9909641712667928,
35.032127380371094,0.9909641712667928,
35.03272247314453,0.9909641712667928,
35.03331756591797,0.9909641712667928,
35.03510284423828,0.9909641712667928,
35.03569793701172,0.9909641712667928,
35.03628921508789,0.9909641712667928,
35.03688430786133,0.9909641712667928,
35.037479400634766,0.9909641712667928,
35.0380744934082,0.9909641712667928,
35.03866958618164,,0.7041267356287713
35.041046142578125,,0.7041267356287713
35.04164123535156,,0.7041267356287713
35.042236328125,,0.7041267356287713
35.04283142089844,,0.7041267356287713
35.050559997558594,0.9909641712667928,
35.05115509033203,0.9909641712667928,
35.098670959472656,,0.7041267356287713
35.109352111816406,0.9909641712667928,
35.1170654296875,0.9909641712667928,
35.11766052246094,0.9909641712667928,
35.11825180053711,0.9909641712667928,
35.11884689331055,0.9909641712667928,
35.11943817138672,0.9909641712667928,
35.18522262573242,0.9909641712667928,0.7041267356287713
35.185813903808594,0.9909641712667928,
35.18640899658203,0.9909641712667928,
35.20534896850586,0.9909641712667928,
35.20771789550781,0.9909641712667928,
35.208309173583984,0.9909641712667928,
35.21244812011719,0.9909641712667928,
35.2136344909668,0.9909641712667928,
35.2177734375,,0.7041267356287713
35.226646423339844,0.9909641712667928,
35.227237701416016,0.9909641712667928,
35.22782897949219,0.9909641712667928,
35.22842025756836,,0.7041267356287713
35.234336853027344,0.9903509508637814,
35.23847198486328,0.9903509508637814,
35.23906326293945,0.9903509508637814,
35.245567321777344,0.9903509508637814,
35.2845573425293,0.9903509508637814,
35.290462493896484,0.9903509508637814,
35.33235168457031,0.9903509508637814,
35.337066650390625,0.9903509508637814,
35.3376579284668,0.9903509508637814,
35.34944534301758,0.9903509508637814,
35.35003662109375,0.9903509508637814,
35.35121536254883,0.9903509508637814,
35.35239028930664,0.9903509508637814,
35.35475158691406,0.9903509508637814,
35.37183380126953,0.9903509508637814,
35.531089782714844,,0.7041267356287713
35.54691696166992,0.9903509508637814,
35.55219268798828,0.9903509508637814,
35.55277633666992,0.9903509508637814,
35.55336380004883,0.9903509508637814,
35.553951263427734,0.9903509508637814,
35.554534912109375,0.9903509508637814,
35.557464599609375,,0.7041267356287713
35.55805206298828,0.9903509508637814,
35.55922317504883,0.9903509508637814,
35.598453521728516,0.9903509508637814,
35.62653350830078,,0.7018480083290012
35.6750373840332,,0.6995692810292318
35.68788146972656,,0.6995692810292318
35.70480728149414,,0.6995692810292318
35.735137939453125,0.9903509508637814,
35.7357177734375,0.9903509508637814,
35.73630142211914,0.9903509508637814,0.6995692810292318
35.73688507080078,0.9903509508637814,0.6995692810292318
35.73746871948242,0.9903509508637814,
35.76951599121094,0.9903509508637814,
35.77009963989258,0.9903509508637814,0.6995692810292318
35.7770881652832,0.9903509508637814,
35.77766799926758,0.9903509508637814,
35.77825164794922,0.9903509508637814,
35.80561065673828,0.9903509508637814,0.6995692810292318
35.806190490722656,0.9903509508637814,0.6995692810292318
35.845733642578125,0.9903509508637814,
35.85968017578125,,0.6995692810292318
35.8846549987793,,0.6972295844371605
35.896263122558594,,0.6948898878450895
35.918888092041016,0.9903509508637814,
35.92700958251953,0.9903509508637814,
35.927589416503906,0.9903509508637814,
35.92816925048828,0.9903509508637814,
35.928749084472656,0.9903509508637814,0.6948898878450895
35.929908752441406,0.9903509508637814,
35.93048858642578,0.9903509508637814,
35.931068420410156,0.9903509508637814,
35.93164825439453,0.9903509508637814,
35.946720123291016,0.9903509508637814,
35.94961929321289,0.9903509508637814,
35.954254150390625,0.9903509508637814,
35.95599365234375,0.9903509508637814,
36.01099395751953,0.9903509508637814,
36.011573791503906,0.9903509508637814,0.6948898878450895
36.01272964477539,0.9903509508637814,
36.02140426635742,0.9903509508637814,
36.0219841003418,0.9903509508637814,
36.023719787597656,0.9903509508637814,0.6948898878450895
36.03065872192383,0.9903509508637814,
36.03181457519531,0.9903509508637814,
36.03239440917969,0.9903509508637814,
36.0329704284668,0.9903509508637814,
36.03412628173828,0.9903509508637814,0.6948898878450895
36.03643798828125,0.9903509508637814,
36.037017822265625,,0.6948898878450895
36.03817367553711,0.9903509508637814,
36.0526237487793,0.9903509508637814,0.6948898878450895
36.05320358276367,0.9903509508637814,
36.05435562133789,0.9903509508637814,
36.054935455322266,0.9903509508637814,
36.055511474609375,0.9903509508637814,
36.071685791015625,0.9903509508637814,
36.07688522338867,,0.6925019500861714
36.08496856689453,0.9903509508637814,
36.08554458618164,,0.6925019500861714
36.107479095458984,0.9903509508637814,
36.207733154296875,,0.6925019500861714
36.208309173583984,0.9903509508637814,
36.208885192871094,0.9903509508637814,
36.211185455322266,0.9903509508637814,
36.214637756347656,0.9903509508637814,
36.215789794921875,,0.6925019500861714
36.21636199951172,0.9903509508637814,
36.21693801879883,0.9903509508637814,
36.28820037841797,,0.690089051305383
36.28877258300781,,0.6876761525245952
36.33237838745117,0.9903509508637814,
36.35816955566406,0.9903509508637814,
36.37306594848633,,0.6876761525245952
36.38566589355469,,0.6852547576213396
36.44230651855469,0.9903509508637814,
36.44287872314453,0.9903509508637814,
36.443450927734375,0.9903509508637814,
36.44401931762695,0.9903509508637814,
36.45545196533203,0.9903509508637814,
36.45659637451172,0.9903509508637814,
36.4571647644043,0.9903509508637814,
36.45773696899414,0.9903509508637814,
36.45945358276367,0.9903509508637814,
36.460025787353516,0.9903509508637814,
36.460594177246094,0.9903509508637814,
36.46116638183594,0.9903509508637814,0.6852547576213396
36.46173858642578,0.9903509508637814,0.6852547576213396
36.462310791015625,0.9903509508637814,
36.4628791809082,0.9903509508637814,
36.49029541015625,,0.6852547576213396
36.49258041381836,,0.6852547576213396
36.4948616027832,0.989628066958041,
36.509700775146484,0.989628066958041,
36.51027297973633,0.989628066958041,
36.513126373291016,0.989628066958041,
36.517120361328125,,0.6852547576213396
36.526817321777344,0.9889035954595358,
36.55076599121094,0.9889035954595358,
36.56216049194336,0.9889035954595358,
36.587223052978516,0.9889035954595358,
36.58779525756836,0.9889035954595358,
36.58836364746094,0.9889035954595358,0.6852547576213396
36.588932037353516,0.9889035954595358,
36.589500427246094,0.9889035954595358,
36.60771942138672,0.9889035954595358,
36.6799201965332,0.9889035954595358,
36.69014358520508,0.9889035954595358,
36.6929817199707,0.9881617322971503,
36.746315002441406,,0.6852547576213396
36.749717712402344,,0.6827629221390801
36.83522033691406,0.9881617322971503,
36.863487243652344,,0.6827629221390801
36.911495208740234,,0.6802619590543219
36.91374969482422,0.9881617322971503,
36.9250373840332,,0.6777609959695631
36.9588737487793,,0.6777609959695631
36.95943832397461,,0.6752507700585645
36.99605941772461,0.9881617322971503,
36.996620178222656,0.9881617322971503,
36.99718475341797,0.9881617322971503,
36.99774932861328,0.9881617322971503,
36.99831008911133,,0.672740544147566
36.99887466430664,0.9881617322971503,
36.99943923950195,0.9881617322971503,
37.0,0.9881617322971503,
37.00225067138672,0.9881617322971503,
37.00281524658203,0.9881617322971503,
37.007320404052734,0.9881617322971503,
37.00788116455078,0.9881617322971503,
37.00900650024414,0.9881617322971503,
37.010135650634766,0.9881617322971503,
37.01069641113281,0.9881617322971503,
37.03826904296875,,0.6702303182365679
37.06132125854492,0.9881617322971503,
37.08099365234375,0.9881617322971503,
37.0860481262207,,0.6702303182365679
37.09615707397461,,0.6677106553860542
37.18758773803711,0.9881617322971503,
37.188148498535156,0.9881617322971503,
37.1887092590332,0.9881617322971503,
37.1898307800293,0.9881617322971503,0.6677106553860542
37.19038772583008,0.9881617322971503,
37.190948486328125,0.9881617322971503,
37.19150924682617,,0.6677106553860542
37.22510528564453,0.9881617322971503,
37.22846221923828,,0.6651718316013161
37.230140686035156,,0.6626330078165786
37.23237991333008,,0.6626330078165786
37.260345458984375,,0.6600844193249763
37.281028747558594,,0.6575358308333742
37.303932189941406,,0.6575358308333742
37.30448913574219,,0.654977325655034
37.31007385253906,0.9881617322971503,
37.324031829833984,0.9881617322971503,
37.33463668823242,,0.654977325655034
37.40376663208008,,0.6524087871230537
37.42158508300781,0.9881617322971503,
37.422142028808594,0.9881617322971503,
37.468875885009766,0.9881617322971503,
37.46998977661133,0.9881617322971503,
37.470542907714844,0.9881617322971503,0.6524087871230537
37.496665954589844,0.9881617322971503,0.6524087871230537
37.497222900390625,0.9881617322971503,
37.53220748901367,0.9881617322971503,
37.53276443481445,,0.6497991519745616
37.53331756591797,,0.6497991519745616
37.53387451171875,0.9881617322971503,
37.534427642822266,0.9881617322971503,
37.54330825805664,0.9881617322971503,
37.587677001953125,,0.6471789941036964
37.61870193481445,,0.6445588362328308
37.649147033691406,,0.6445588362328308
37.64970016479492,,0.6445588362328308
37.65025329589844,,0.6445588362328308
37.65081024169922,,0.6445588362328308
37.674041748046875,,0.6418619373364591
37.684547424316406,0.9881617322971503,
37.685096740722656,0.9881617322971503,0.6418619373364591
37.6867561340332,0.9881617322971503,
37.68730926513672,0.9881617322971503,0.6418619373364591
37.68952178955078,0.9881617322971503,
37.6900749206543,0.9881617322971503,
37.69062805175781,0.9881617322971503,0.6418619373364591
37.69118118286133,0.9881617322971503,0.6418619373364591
37.69173049926758,,0.6418619373364591
37.693389892578125,0.9881617322971503,
37.69394302368164,0.9881617322971503,
37.694496154785156,0.9881617322971503,0.6418619373364591
37.69504928588867,0.9881617322971503,
37.757999420166016,0.9873504336663639,
37.77565383911133,,0.6418619373364591
37.780616760253906,0.9873504336663639,
37.781166076660156,0.9873504336663639,
37.78171920776367,0.9873504336663639,0.6418619373364591
37.78227233886719,0.9873504336663639,
37.797157287597656,0.9873504336663639,
37.81809616088867,0.9873504336663639,
37.83076477050781,0.9873504336663639,
37.83131408691406,0.9873504336663639,0.6418619373364591
37.83186340332031,0.9873504336663639,
37.837371826171875,,0.6418619373364591
37.86159133911133,,0.6418619373364591
37.870391845703125,0.9873504336663639,0.6418619373364591
37.87149429321289,,0.6418619373364591
37.87204360961914,,0.6418619373364591
37.89788818359375,0.9873504336663639,
37.8984375,0.9873504336663639,
37.898990631103516,0.9873504336663639,
37.900089263916016,,0.6418619373364591
37.91162872314453,0.9873504336663639,0.6418619373364591
37.91217803955078,0.9873504336663639,0.6418619373364591
37.91272735595703,0.9873504336663639,0.6418619373364591
37.91327667236328,0.9873504336663639,
37.91492462158203,0.9873504336663639,0.6418619373364591
37.91547775268555,0.9873504336663639,
37.9160270690918,0.9873504336663639,
37.91657638549805,0.9873504336663639,
37.9171257019043,0.9873504336663639,
37.9248161315918,0.9873504336663639,
37.92536544799805,0.9873504336663639,
37.9259147644043,0.9873504336663639,0.6418619373364591
37.92646408081055,0.9873504336663639,
37.9270133972168,0.9873504336663639,0.6418619373364591
37.94019317626953,0.9873504336663639,
37.958858489990234,0.9873504336663639,0.6418619373364591
37.960506439208984,0.9873504336663639,
38.02192306518555,0.9873504336663639,
38.02740478515625,0.9873504336663639,
38.0312385559082,0.9873504336663639,
38.03178405761719,0.9873504336663639,
38.03233337402344,0.9873504336663639,
38.03342819213867,0.9873504336663639,
38.03397750854492,0.9873504336663639,
38.035072326660156,,0.6418619373364591
38.0619010925293,,0.6418619373364591
38.06354522705078,,0.6418619373364591
38.06463623046875,,0.6418619373364591
38.09965133666992,,0.6387155552906922
38.12424850463867,0.9873504336663639,
38.124794006347656,0.9873504336663639,
38.12533950805664,0.9873504336663639,
38.13845443725586,0.9873504336663639,0.6387155552906922
38.138999938964844,0.9873504336663639,
38.13954544067383,0.9873504336663639,
38.14064025878906,,0.6387155552906922
38.15592956542969,0.9873504336663639,
38.15647506713867,0.9873504336663639,
38.15702438354492,0.9873504336663639,0.6387155552906922
38.16521072387695,0.9873504336663639,
38.172306060791016,0.9873504336663639,0.6387155552906922
38.1728515625,0.9873504336663639,
38.17558288574219,0.9873504336663639,
38.176124572753906,0.9873504336663639,
38.17940139770508,0.9873504336663639,
38.17994689941406,0.9873504336663639,
38.20558547973633,0.9873504336663639,
38.20613098144531,0.9873504336663639,
38.2066764831543,0.9873504336663639,
38.22139358520508,0.9873504336663639,
38.24428176879883,0.9873504336663639,
38.24536895751953,0.9873504336663639,
38.245914459228516,0.9873504336663639,
38.2464599609375,0.9873504336663639,
38.247005462646484,0.9873504336663639,
38.25190734863281,0.9873504336663639,
38.28783416748047,,0.635505929384709
38.306331634521484,0.9873504336663639,0.635505929384709
38.3068733215332,0.9873504336663639,0.635505929384709
38.30741882324219,0.9873504336663639,0.635505929384709
38.30796432495117,0.9873504336663639,0.635505929384709
38.3106803894043,0.9873504336663639,
38.31122589111328,0.9873504336663639,
38.311767578125,0.9873504336663639,
38.31938171386719,0.9863640695967671,
38.37425231933594,0.9863640695967671,0.635505929384709
38.37479782104492,0.9863640695967671,
38.37533950805664,0.9863640695967671,
38.37588119506836,0.9863640695967671,0.635505929384709
38.383480072021484,0.9853677422537404,
38.39759063720703,0.9853677422537404,
38.39813232421875,0.9853677422537404,
38.398677825927734,0.9853677422537404,
38.39921951293945,0.9853677422537404,0.635505929384709
38.39976119995117,0.9853677422537404,
38.40030288696289,0.9853677422537404,0.635505929384709
38.4257926940918,,0.635505929384709
38.429588317871094,,0.635505929384709
38.431217193603516,,0.635505929384709
38.43230056762695,0.9853677422537404,
38.457767486572266,0.9853677422537404,0.635505929384709
38.4615592956543,0.9853677422537404,
38.46210479736328,0.9853677422537404,0.635505929384709
38.462642669677734,0.9853677422537404,
38.46480941772461,0.9853677422537404,
38.46535110473633,0.9853677422537404,
38.5086555480957,0.9843194786981512,
38.519474029541016,0.9843194786981512,
38.520015716552734,0.9843194786981512,
38.52055740356445,0.9843194786981512,
38.5654182434082,0.9843194786981512,
38.56650161743164,0.9843194786981512,
38.567039489746094,0.9843194786981512,0.635505929384709
38.56758117675781,0.9843194786981512,
38.57352066040039,,0.635505929384709
38.57406234741211,,0.635505929384709
38.57460403442383,,0.635505929384709
38.585941314697266,0.9843194786981512,
38.59943771362305,0.9843194786981512,
38.599979400634766,,0.6318951002404781
38.60591506958008,0.9843194786981512,
38.61454772949219,0.9843194786981512,
38.61562728881836,0.9843194786981512,
38.61616897583008,0.9843194786981512,
38.618324279785156,0.9843194786981512,
38.61994171142578,0.9843194786981512,
38.63180923461914,0.9843194786981512,
38.632347106933594,0.9843194786981512,0.6318951002404781
38.63288879394531,0.9843194786981512,
38.633426666259766,,0.6318951002404781
38.63450622558594,0.9843194786981512,
38.63612365722656,,0.6318951002404781
38.636661529541016,0.9843194786981512,0.6318951002404781
38.637203216552734,0.9843194786981512,0.6318951002404781
38.63774108886719,0.9843194786981512,
38.63827896118164,0.9843194786981512,
38.639896392822266,0.9843194786981512,
38.64529037475586,0.9843194786981512,
38.646907806396484,0.9843194786981512,
38.65013885498047,0.9843194786981512,
38.65121841430664,0.9843194786981512,
38.651756286621094,0.9843194786981512,
38.65229797363281,0.9843194786981512,
38.669002532958984,0.9843194786981512,
38.66954040527344,0.9843194786981512,
38.67007827758789,0.9843194786981512,
38.670616149902344,0.9843194786981512,
38.67115783691406,0.9843194786981512,
38.671695709228516,0.9843194786981512,
38.67223358154297,0.9843194786981512,
38.67277145385742,0.9843194786981512,
38.69539260864258,0.9843194786981512,
38.69593048095703,0.9843194786981512,
38.696468353271484,0.9843194786981512,
38.69862365722656,,0.6318951002404781
38.699161529541016,,0.6318951002404781
38.70023727416992,,0.6318951002404781
38.70131301879883,,0.6318951002404781
38.741127014160156,0.9843194786981512,
38.74166488647461,0.9843194786981512,
38.74220275878906,0.9843194786981512,
38.74327850341797,0.9843194786981512,
38.74489212036133,0.9843194786981512,
38.75457000732422,,0.6318951002404781
38.761558532714844,0.9843194786981512,
38.7620964050293,0.9843194786981512,
38.812583923339844,,0.6280654329662938
38.88444519042969,0.9843194786981512,
38.89515686035156,0.9843194786981512,0.6280654329662938
38.895694732666016,0.9843194786981512,0.6280654329662938
38.8962287902832,0.9843194786981512,
38.896766662597656,0.9843194786981512,
38.9197883605957,0.9843194786981512,
38.9267463684082,0.9843194786981512,
38.927284240722656,0.9843194786981512,
38.933170318603516,0.9843194786981512,
38.9337043762207,0.9843194786981512,
38.943336486816406,0.9843194786981512,
38.947078704833984,0.9843194786981512,
38.94921875,0.9843194786981512,
38.95349884033203,0.9830607581371561,
39.00480651855469,,0.6280654329662938
39.00640869140625,0.9830607581371561,
39.00694274902344,0.9830607581371561,
39.00801086425781,0.9830607581371561,
39.008544921875,0.9830607581371561,
39.00907897949219,0.9830607581371561,
39.009613037109375,0.9830607581371561,0.6280654329662938
39.01655578613281,,0.6241153359036128
39.02349853515625,,0.6201652388409314
39.05924987792969,,0.6162151417782505
39.06245040893555,0.9830607581371561,
39.14023971557617,,0.6122650447155695
39.22743606567383,0.9830607581371561,
39.22796630859375,0.9830607581371561,
39.22849655151367,0.9830607581371561,0.6122650447155695
39.230621337890625,0.9830607581371561,
39.23115158081055,0.9830607581371561,0.6122650447155695
39.25185775756836,0.9830607581371561,
39.25238800048828,0.9830607581371561,
39.2529182434082,0.9830607581371561,0.6122650447155695
39.25345230102539,0.9830607581371561,
39.25398254394531,0.9830607581371561,
39.26671600341797,,0.6082369852108618
39.29482650756836,0.9830607581371561,0.6082369852108618
39.29535675048828,0.9830607581371561,
39.29800796508789,0.9830607581371561,0.6082369852108618
39.29853820800781,0.9830607581371561,
39.331390380859375,0.9830607581371561,
39.33880615234375,0.9830607581371561,
39.409706115722656,,0.604154857793339
39.44827651977539,0.9830607581371561,
39.469398498535156,0.9830607581371561,
39.475730895996094,0.9830607581371561,
39.47625732421875,0.9830607581371561,0.604154857793339
39.47889709472656,0.9830607581371561,
39.47942352294922,0.9830607581371561,
39.47995376586914,0.9830607581371561,
39.48311996459961,0.9830607581371561,
39.486812591552734,0.9830607581371561,0.6000449608015477
39.48733901977539,0.9830607581371561,
39.48786544799805,0.9830607581371561,
39.48839569091797,0.9830607581371561,0.6000449608015477
39.488922119140625,0.9830607581371561,
39.496307373046875,0.9830607581371561,
39.52952575683594,0.9830607581371561,
39.54901885986328,,0.6000449608015477
39.54954528808594,0.9830607581371561,
39.55007553100586,0.9830607581371561,
39.550601959228516,0.9830607581371561,0.6000449608015477
39.55902862548828,,0.5958488421945441
39.59903335571289,,0.5958488421945441
39.64687728881836,0.9830607581371561,
39.647403717041016,0.9830607581371561,
39.69414138793945,,0.5916229638811072
39.72037887573242,0.9830607581371561,
39.72090148925781,0.9830607581371561,
39.7214241027832,0.9830607581371561,0.5916229638811072
39.72562026977539,0.9830607581371561,
39.72614669799805,0.9830607581371561,0.5916229638811072
39.73296356201172,0.9830607581371561,
39.73348617553711,0.9830607581371561,0.5916229638811072
39.734012603759766,0.9830607581371561,
39.75654983520508,0.9830607581371561,
39.775936126708984,0.9830607581371561,
39.825660705566406,0.9830607581371561,
39.827232360839844,0.9814903735394928,
39.83037185668945,0.9814903735394928,
39.83507537841797,0.9814903735394928,
39.84030532836914,0.9814903735394928,
39.84082794189453,0.9814903735394928,
39.84292221069336,,0.5873045480863548
39.851806640625,0.9814903735394928,
39.87428283691406,,0.5873045480863548
39.87480545043945,0.9814903735394928,
39.87532424926758,0.9814903735394928,0.5873045480863548
39.876373291015625,0.9814903735394928,
39.87689208984375,0.9814903735394928,0.5873045480863548
39.87793731689453,,0.5873045480863548
39.8967399597168,,0.5828213072612681
39.90248489379883,,0.5828213072612681
39.912925720214844,0.9814903735394928,
39.913970947265625,0.9814903735394928,
39.924407958984375,0.9814903735394928,0.5828213072612681
39.924930572509766,0.9814903735394928,
39.94318771362305,0.9814903735394928,
39.95622634887695,0.9814903735394928,
39.96039581298828,0.9814903735394928,0.5828213072612681
39.96091842651367,0.9814903735394928,
39.96144104003906,0.9814903735394928,
39.96195983886719,0.9814903735394928,
40.07284927368164,0.9814903735394928,
40.07596969604492,,0.5828213072612681
40.08116912841797,0.9814903735394928,0.5828213072612681
40.081687927246094,0.9814903735394928,0.578158736803178
40.0853271484375,0.9814903735394928,
40.085845947265625,0.9814903735394928,
40.08636474609375,0.9814903735394928,
40.107666015625,0.9814903735394928,
40.108184814453125,0.9814903735394928,
40.108707427978516,0.9814903735394928,
40.11286163330078,0.9814903735394928,
40.113380432128906,0.9814903735394928,0.578158736803178
40.11389923095703,0.9814903735394928,
40.20572280883789,,0.578158736803178
40.209346771240234,,0.578158736803178
40.20986557006836,,0.578158736803178
40.21349334716797,0.9814903735394928,
40.224369049072266,0.9814903735394928,
40.25025939941406,0.9814903735394928,
40.25129318237305,0.9814903735394928,
40.25181198120117,0.9814903735394928,
40.275611877441406,0.9814903735394928,
40.27613067626953,0.9814903735394928,
40.277164459228516,0.9814903735394928,0.578158736803178
40.2781982421875,0.9814903735394928,
40.278717041015625,0.9814903735394928,
40.3355712890625,,0.5731746097617714
40.37532043457031,0.9814903735394928,
40.37738800048828,0.9814903735394928,0.5731746097617714
40.37790298461914,0.9814903735394928,
40.37893295288086,0.9814903735394928,
40.388736724853516,,0.5731746097617714
40.40936279296875,,0.5681022680824633
40.435646057128906,0.9814903735394928,
40.43616485595703,0.9814903735394928,
40.44389343261719,0.9814903735394928,
40.44440460205078,0.9814903735394928,
40.44491958618164,0.9814903735394928,
40.44852828979492,0.9814903735394928,
40.44904327392578,0.9814903735394928,
40.453163146972656,,0.5681022680824633
40.45625305175781,,0.5681022680824633
40.45779800415039,,0.5681022680824633
40.47529983520508,,0.5681022680824633
40.477359771728516,,0.5628420618965142
40.49228286743164,,0.5628420618965142
40.49845504760742,0.9814903735394928,
40.529823303222656,0.9814903735394928,
40.594539642333984,0.9814903735394928,
40.595054626464844,0.9814903735394928,
40.59556579589844,0.9814903735394928,0.5628420618965142
40.60942077636719,,0.5628420618965142
40.64326477050781,0.9814903735394928,
40.699100494384766,0.9814903735394928,
40.81155776977539,0.9814903735394928,
40.8646125793457,0.9814903735394928,
40.8651237487793,0.9814903735394928,
40.89417266845703,0.9814903735394928,
40.89570236206055,0.9814903735394928,
40.896209716796875,0.9814903735394928,
40.89875793457031,0.9814903735394928,
40.92167282104492,0.9814903735394928,
40.94966506958008,0.9814903735394928,
40.950172424316406,0.9814903735394928,
40.95068359375,0.9814903735394928,
40.95119094848633,0.9814903735394928,
40.97865295410156,0.9814903735394928,
40.98271942138672,0.9814903735394928,
40.98322677612305,0.9814903735394928,
40.98881912231445,0.9814903735394928,
40.99491882324219,0.9792847771944602,
41.01117706298828,0.9792847771944602,
41.01219177246094,0.9792847771944602,
41.012699127197266,0.9792847771944602,
41.014732360839844,0.9792847771944602,
41.03403091430664,0.9792847771944602,
41.03453826904297,0.9792847771944602,
41.13291549682617,0.9792847771944602,
41.1334228515625,0.9792847771944602,
41.13392639160156,0.9792847771944602,
41.13443374633789,0.9792847771944602,
41.150638580322266,,0.5574301189936632
41.15114212036133,0.9769751432859823,
41.19820022583008,,0.5520181760908119
41.23408889770508,0.9769751432859823,
41.23560333251953,0.9769751432859823,
41.27701187133789,,0.5520181760908119
41.316864013671875,0.9769751432859823,
41.35718536376953,0.9769751432859823,
41.357688903808594,0.9769751432859823,
41.36322784423828,0.9769751432859823,
41.363731384277344,0.9769751432859823,
41.364234924316406,0.9769751432859823,
41.37934112548828,,0.5520181760908119
41.3929328918457,,0.5520181760908119
41.395450592041016,,0.5464422349181777
41.4779052734375,0.9769751432859823,
41.48493576049805,0.9769751432859823,
41.48543930053711,0.9769751432859823,
41.48644256591797,0.9769751432859823,
41.48694610595703,0.9769751432859823,0.5464422349181777
41.50150680541992,0.9769751432859823,
41.55418014526367,0.9769751432859823,
41.559696197509766,0.9769751432859823,
41.5647087097168,0.9769751432859823,
41.576236724853516,0.9769751432859823,
41.60578918457031,0.9769751432859823,
41.613800048828125,0.9769751432859823,
41.61429977416992,0.9769751432859823,
41.61479949951172,0.9769751432859823,
41.61530303955078,0.9769751432859823,0.5464422349181777
41.62831497192383,,0.5407501283044467
41.63582229614258,0.9769751432859823,
41.641326904296875,0.9769751432859823,
41.657833099365234,0.9769751432859823,
41.65833282470703,0.9769751432859823,
41.659332275390625,0.9769751432859823,0.5407501283044467
41.65983200073242,0.9769751432859823,
41.685829162597656,,0.5407501283044467
41.69032669067383,0.9769751432859823,
41.775691986083984,,0.5407501283044467
41.77918243408203,0.9769751432859823,
41.77967834472656,0.9769751432859823,
41.78017807006836,0.9769751432859823,
41.780677795410156,0.9769751432859823,
41.810585021972656,,0.5407501283044467
41.834991455078125,0.9769751432859823,
41.859886169433594,0.9769751432859823,
41.86187744140625,0.9769751432859823,
41.86983871459961,0.9769751432859823,
41.88127899169922,0.9769751432859823,0.5407501283044467
41.8917236328125,0.9769751432859823,
41.89421081542969,0.9769751432859823,
41.896202087402344,0.9769751432859823,
41.92503356933594,0.9769751432859823,
41.9394416809082,0.9769751432859823,
41.939937591552734,0.9769751432859823,
41.9409294128418,,0.5347417935455083
41.941429138183594,0.9769751432859823,
41.941925048828125,0.9769751432859823,
41.945899963378906,,0.5287334587865704
41.9627799987793,0.9769751432859823,
41.96526336669922,,0.5287334587865704
41.97419738769531,0.9769751432859823,
42.01686096191406,0.9769751432859823,
42.017356872558594,0.9769751432859823,
42.01934051513672,0.9769751432859823,
42.01983642578125,,0.5287334587865704
42.02082824707031,,0.5287334587865704
42.021820068359375,,0.5225130651537869
42.03371810913086,,0.5162177270194039
42.04511260986328,0.9769751432859823,
42.0579948425293,0.9769751432859823,
42.083744049072266,0.9769751432859823,
42.086219787597656,0.9769751432859823,
42.17473602294922,,0.5162177270194039
42.175228118896484,0.9769751432859823,
42.17770004272461,0.9769751432859823,
42.18757629394531,,0.5162177270194039
42.24186325073242,0.9769751432859823,
42.282779693603516,0.9769751432859823,
42.29262924194336,,0.5097650054316616
42.29410934448242,0.9769751432859823,
42.31922149658203,0.9769751432859823,
42.322669982910156,0.9769751432859823,
42.32365417480469,0.9769751432859823,
42.4047966003418,0.9739874517163004,
42.41019821166992,0.9709997601466183,
42.430335998535156,0.9709997601466183,
42.4440803527832,0.9709997601466183,
42.583251953125,0.9709997601466183,
42.58716583251953,0.9679842329411937,
42.63410186767578,0.9679842329411937,
42.67415237426758,,0.5097650054316616
42.68098831176758,,0.5032295566440763
42.72294616699219,0.9679842329411937,
42.731719970703125,0.9679842329411937,
42.73513412475586,,0.49669410785649076
42.81695556640625,0.9679842329411937,
42.82084655761719,,0.4901586590689052
42.82182312011719,0.9649209916977087,
42.849544525146484,0.9649209916977087,
42.854888916015625,0.9649209916977087,
42.89522171020508,0.9649209916977087,
42.89570617675781,0.9649209916977087,
42.89619445800781,,0.4901586590689052
42.903961181640625,,0.4835348934058116
42.90590286254883,0.9649209916977087,
42.95540237426758,0.9649209916977087,
42.97285842895508,,0.4769111277427184
42.98061752319336,,0.4702873620796251
42.988853454589844,,0.4702873620796251
43.111289978027344,0.9649209916977087,
43.11515426635742,0.9649209916977087,
43.12385177612305,0.9649209916977087,
43.12626647949219,0.9649209916977087,
43.12820053100586,0.9649209916977087,
43.13737869262695,,0.4702873620796251
43.19529342651367,,0.4702873620796251
43.196739196777344,,0.4702873620796251
43.19915008544922,0.9649209916977087,
43.2025260925293,,0.4702873620796251
43.21120834350586,0.9649209916977087,
43.2218132019043,0.9649209916977087,
43.224220275878906,,0.4702873620796251
43.27479934692383,,0.4702873620796251
43.28972244262695,0.9649209916977087,
43.3022346496582,0.9649209916977087,
43.33830261230469,0.9649209916977087,
43.338783264160156,0.9649209916977087,
43.35752487182617,0.9649209916977087,
43.429542541503906,,0.46293912204713106
43.43769454956055,,0.46293912204713106
43.441532135009766,,0.46293912204713106
43.45159912109375,0.9649209916977087,
43.48994064331055,,0.455349956111932
43.52681350708008,,0.4477607901767334
43.55791091918945,,0.4477607901767334
43.558868408203125,0.9649209916977087,
43.56126022338867,0.9649209916977087,
43.571781158447266,0.9649209916977087,
43.57273483276367,0.9649209916977087,
43.573692321777344,0.9649209916977087,
43.57416915893555,0.9649209916977087,
43.59138107299805,,0.4477607901767334
43.594722747802734,,0.4399053377174926
43.59711456298828,,0.4320498852582516
43.63102722167969,0.9615705715876474,
43.64726257324219,0.9615705715876474,
43.64773941040039,0.9615705715876474,
43.6486930847168,0.9615705715876474,
43.649169921875,0.9615705715876474,
43.688289642333984,0.9615705715876474,
43.71879959106445,,0.4320498852582516
43.73166275024414,,0.4320498852582516
43.757381439208984,0.9615705715876474,
43.803062438964844,,0.4237412336186697
43.85107421875,0.9615705715876474,
43.8515510559082,0.9615705715876474,
43.85202407836914,0.9615705715876474,0.4237412336186697
43.85249710083008,0.9615705715876474,
43.85297393798828,0.9615705715876474,
43.853450775146484,0.9615705715876474,
43.85392379760742,0.9615705715876474,
43.854400634765625,,0.4237412336186697
43.85487365722656,0.9615705715876474,
43.86674880981445,,0.4237412336186697
43.93887710571289,0.9615705715876474,
43.947410583496094,,0.4237412336186697
43.98200225830078,0.9615705715876474,0.4237412336186697
43.982479095458984,0.9615705715876474,0.4237412336186697
43.9838981628418,,0.4237412336186697
43.984371185302734,0.9615705715876474,
44.02130126953125,0.9615705715876474,
44.049686431884766,0.9579691836790794,
44.06623840332031,,0.4237412336186697
44.077110290527344,0.9579691836790794,
44.07758331298828,0.9579691836790794,
44.07805633544922,,0.4237412336186697
44.07947540283203,0.9579691836790794,
44.0799446105957,0.9579691836790794,
44.08183670043945,0.9579691836790794,
44.08278274536133,0.9579691836790794,
44.1512565612793,,0.41365215662774907
44.17720031738281,0.9579691836790794,
44.17908477783203,0.9579691836790794,
44.17955780029297,0.9579691836790794,
44.180973052978516,0.9579691836790794,
44.18144226074219,0.9579691836790794,
44.18238830566406,0.9579691836790794,
44.182857513427734,0.9579691836790794,
44.18333053588867,0.9579691836790794,
44.204071044921875,,0.41365215662774907
44.21208572387695,0.9579691836790794,
44.213497161865234,0.9579691836790794,
44.280357360839844,0.9579691836790794,
44.32221221923828,0.9579691836790794,
44.3236198425293,0.9579691836790794,
44.32503128051758,0.9579691836790794,
44.32691192626953,0.9579691836790794,
44.3273811340332,0.9579691836790794,
44.32878875732422,,0.41365215662774907
44.33208084106445,0.9579691836790794,
44.365901947021484,,0.4030456910731914
44.38374328613281,0.9579691836790794,
44.40392303466797,0.9579691836790794,
44.41143035888672,0.9579691836790794,
44.41377639770508,0.9579691836790794,
44.41846466064453,0.9579691836790794,
44.428314208984375,0.9538577279551351,
44.44190979003906,0.9538577279551351,
44.46908950805664,,0.3924392255186337
44.470497131347656,0.9538577279551351,
44.471431732177734,,0.3924392255186337
44.473304748535156,0.9538577279551351,0.3924392255186337
44.47377395629883,,0.3924392255186337
44.4742431640625,,0.3924392255186337
44.47611618041992,0.9538577279551351,
44.476585388183594,0.9538577279551351,
44.48829650878906,,0.3924392255186337
44.494850158691406,,0.3924392255186337
44.5589485168457,0.9538577279551351,
44.586524963378906,0.9538577279551351,
44.60614776611328,0.9538577279551351,
44.61922073364258,0.9538577279551351,
44.61968994140625,0.9538577279551351,
44.620155334472656,0.9538577279551351,0.3924392255186337
44.621089935302734,0.9538577279551351,
44.62202453613281,0.9538577279551351,
44.6234245300293,0.9538577279551351,
44.624359130859375,0.9538577279551351,
44.62575912475586,0.9538577279551351,
44.637428283691406,0.9538577279551351,
44.63976287841797,0.9538577279551351,
44.642093658447266,0.9538577279551351,
44.64862823486328,0.9538577279551351,
44.64909362792969,0.9538577279551351,
44.65049362182617,0.9538577279551351,
44.65142822265625,,0.3924392255186337
44.652828216552734,0.9538577279551351,
44.65329360961914,0.9538577279551351,
44.65422821044922,0.9538577279551351,
44.672420501708984,0.9538577279551351,
44.69340133666992,0.9538577279551351,
44.70598220825195,0.9538577279551351,
44.731605529785156,0.9538577279551351,
44.732540130615234,0.9538577279551351,
44.73300552368164,0.9538577279551351,
44.739990234375,0.9538577279551351,
44.74092102050781,0.9538577279551351,
44.74138641357422,0.9538577279551351,
44.74278259277344,0.9538577279551351,0.3924392255186337
44.743247985839844,0.9538577279551351,0.3924392255186337
44.74371337890625,0.9538577279551351,
44.744178771972656,0.9538577279551351,
44.74464797973633,0.9538577279551351,
44.763267517089844,0.9487017402364594,
44.815826416015625,,0.3924392255186337
44.86228942871094,0.9487017402364594,
44.8669319152832,,0.3924392255186337
44.867862701416016,0.9487017402364594,
44.868324279785156,0.9487017402364594,
44.86925506591797,0.9487017402364594,
44.86971664428711,0.9487017402364594,
44.870182037353516,0.9487017402364594,
44.87064743041992,0.9487017402364594,
44.871578216552734,0.9487017402364594,
44.879005432128906,0.9487017402364594,
44.87946701049805,0.9487017402364594,
44.87993240356445,0.9487017402364594,
44.881324768066406,0.9487017402364594,
44.88179016113281,0.9487017402364594,
44.88642883300781,0.9487017402364594,
44.887359619140625,0.9487017402364594,
44.887821197509766,0.9487017402364594,
44.88921356201172,0.9487017402364594,
44.889678955078125,0.9487017402364594,
44.89014434814453,0.9487017402364594,
44.89060592651367,0.9487017402364594,
44.92401123046875,0.9422915933429699,
44.93143081665039,0.9422915933429699,
44.93189239501953,0.9422915933429699,
44.93235778808594,0.9422915933429699,
44.93281936645508,0.9422915933429699,
44.935604095458984,0.9422915933429699,
44.936065673828125,0.9422915933429699,0.3924392255186337
44.936527252197266,0.9422915933429699,
44.93791961669922,0.9422915933429699,
44.938846588134766,0.9422915933429699,
44.93977355957031,0.9422915933429699,
44.94023895263672,0.9422915933429699,
44.94070053100586,0.9422915933429699,0.3924392255186337
44.941627502441406,0.9422915933429699,
44.94209289550781,0.9422915933429699,
44.973140716552734,0.9422915933429699,
44.97869873046875,0.9422915933429699,
44.97916030883789,0.9422915933429699,
44.98332977294922,0.9422915933429699,
44.984256744384766,0.9422915933429699,
44.98749923706055,0.9422915933429699,
44.98796081542969,0.9422915933429699,
45.018978118896484,0.9422915933429699,
45.03887176513672,0.9422915933429699,0.3924392255186337
45.03933334350586,0.9422915933429699,
45.040260314941406,0.9422915933429699,
45.04072189331055,0.9422915933429699,
45.041648864746094,0.9422915933429699,
45.042110443115234,0.9422915933429699,
45.042572021484375,0.9422915933429699,0.3924392255186337
45.043033599853516,0.9422915933429699,
45.04396057128906,0.9422915933429699,
45.108665466308594,,0.3924392255186337
45.11189651489258,0.9422915933429699,
45.11281967163086,0.9422915933429699,
45.113285064697266,0.9422915933429699,
45.113746643066406,0.9422915933429699,
45.12805938720703,,0.37178452943870566
45.137752532958984,,0.3511298333587776
45.2193717956543,0.9422915933429699,
45.227203369140625,0.9422915933429699,
45.25069046020508,,0.3511298333587776
45.361968994140625,0.9422915933429699,
45.36793899536133,0.9422915933429699,
45.37482833862305,0.9422915933429699,
45.37712097167969,0.9422915933429699,
45.379878997802734,,0.3511298333587776
45.38033676147461,0.9422915933429699,
45.38079833984375,0.9422915933429699,
45.38584518432617,0.9422915933429699,
45.40053176879883,0.9422915933429699,
45.404205322265625,0.9422915933429699,
45.44272994995117,0.9422915933429699,
45.46289825439453,0.9422915933429699,
45.46885299682617,0.9422915933429699,
45.492218017578125,0.9422915933429699,
45.589656829833984,0.9422915933429699,
45.590110778808594,0.9422915933429699,
45.59056854248047,0.9422915933429699,0.3511298333587776
45.59559631347656,0.9422915933429699,
45.61478042602539,0.9422915933429699,
45.66362762451172,0.9422915933429699,
45.66408157348633,0.9422915933429699,
45.68415069580078,0.9422915933429699,
45.693729400634766,0.9422915933429699,
45.71332550048828,0.9422915933429699,
45.72699737548828,,0.32604913097600785
45.733829498291016,0.9422915933429699,
45.73656463623047,0.9422915933429699,
45.739295959472656,0.9422915933429699,
45.75204849243164,0.9422915933429699,
45.758880615234375,,0.32604913097600785
45.770259857177734,0.9422915933429699,
45.79801559448242,0.9422915933429699,
45.86211013793945,0.9422915933429699,
46.03938674926758,0.9422915933429699,
46.04029083251953,0.9422915933429699,
46.040740966796875,,0.32604913097600785
46.14695739746094,0.9422915933429699,
46.30784606933594,0.9422915933429699,
46.310546875,0.9422915933429699,
46.31099319458008,,0.32604913097600785
46.380672454833984,0.9422915933429699,
46.38246536254883,,0.32604913097600785
46.3842658996582,,0.32604913097600785
46.455623626708984,0.9422915933429699,
46.45607376098633,0.9422915933429699,
46.456520080566406,0.9422915933429699,
46.45697021484375,0.9422915933429699,
46.50672149658203,0.9422915933429699,
46.51164627075195,0.9422915933429699,
46.52687454223633,0.9422915933429699,
46.52956008911133,0.9422915933429699,
46.53001022338867,0.9422915933429699,
46.536277770996094,0.9422915933429699,
46.540306091308594,0.9422915933429699,
46.54209518432617,0.9422915933429699,
46.54656982421875,0.9422915933429699,0.32604913097600785
46.551048278808594,0.9422915933429699,
46.555076599121094,0.9422915933429699,
46.56134033203125,0.9422915933429699,
46.566707611083984,0.9422915933429699,
46.567604064941406,,0.32604913097600785
46.569393157958984,0.9422915933429699,
46.5765495300293,0.9422915933429699,
46.5899658203125,0.9422915933429699,
46.59130859375,0.9422915933429699,
46.59801483154297,0.9422915933429699,
46.60114669799805,,0.32604913097600785
46.60337829589844,0.9422915933429699,
46.61410903930664,0.9422915933429699,
46.61991882324219,0.9422915933429699,
46.62349319458008,0.9422915933429699,
46.62572479248047,0.9422915933429699,
46.62974548339844,0.9422915933429699,
46.65788650512695,0.9422915933429699,
46.670833587646484,0.9422915933429699,
46.69359588623047,0.9422915933429699,
46.69626998901367,0.9422915933429699,
46.73016357421875,0.9422915933429699,
46.74888610839844,0.9422915933429699,
46.9112663269043,0.9422915933429699,
46.915260314941406,0.9422915933429699,
46.9210319519043,0.9422915933429699,
46.92502975463867,0.9422915933429699,
46.93168640136719,0.9422915933429699,
46.93967819213867,0.9422915933429699,
47.20301818847656,0.9422915933429699,
47.259037017822266,0.9422915933429699,
47.2612419128418,0.9422915933429699,
47.263885498046875,0.9422915933429699,
47.27314376831055,0.9422915933429699,
47.42054748535156,,0.32604913097600785
48.78609848022461,,0.32604913097600785
49.896141052246094,0.9422915933429699,
52.16600036621094,0.9422915933429699,
53.96333694458008,,0.32604913097600785
54.57067108154297,,0.32604913097600785
55.093101501464844,0.9422915933429699,
55.557403564453125,0.9422915933429699,
56.66825866699219,0.9422915933429699,
57.39555740356445,0.9422915933429699,
57.93423080444336,0.9422915933429699,
75.8010025024414,,0.0
